hdok,plok,none,nums,totalNums,average_rssi,snr,sf,tp,serial_size,rssi_0,rssi_1,rssi_2,rssi_3,rssi_4,rssi_5,rssi_6,rssi_7,rssi_8,rssi_9,rssi_10,rssi_11,rssi_12,rssi_13,rssi_14,rssi_15,rssi_16,rssi_17,rssi_18,rssi_19,rssi_20,rssi_21,rssi_22,rssi_23,rssi_24,rssi_25,rssi_26,rssi_27,rssi_28,rssi_29,rssi_30,rssi_31,rssi_32,location_id,realtime_average_rssi,median_rssi,mode_rssi,rssi_variance,rssi_skewness,rssi_kurtosis
HDOK,PLOK,17472,1,1,-86,10,11,2,33,-83.0,-83.99009910792962,-85.98608674168915,-85.32514901779669,-85.49403274849382,-86.59963841412078,-86.66686542217079,-86.4259928060332,-87.76914124868318,-87.34136737407806,-87.10083495740457,-86.99737559144098,-87.08434674681948,-86.99687724344338,-86.9216131347568,-86.92718358175401,-86.99929771629546,-86.999342566079,-86.99938261160143,-86.94111634871864,-86.8324480421159,-86.73365997631996,-86.59136690004564,-86.91423049553715,-86.7229473985447,-86.54610784475024,-86.38207749299136,-86.27458851976093,-86.26248179738947,-86.12172204812023,-85.9897400013108,-85.90719908929078,-85.78872494794437,22,-86.41312236161913,-86.66686542217079,-87.76914124868318,0.8362767251197105,2.1174140247221045,5.722604488524706
HDOK,PLOK,17472,2,2,-86,10,11,2,33,-91.0,-83.079207136563,-84.53307509816823,-84.02289236310915,-83.76691010489347,-85.21932433162743,-85.35041205655708,-85.0107626202355,-86.02558430020507,-85.68219947229623,-85.4066528288201,-85.2744518945913,-85.2506449753056,-85.06909530141824,-84.9128788618585,-84.77694294607697,-84.72471726497113,-84.74229758329304,-84.69708285740701,-84.6564413527928,-84.56370982904176,-84.53331998856535,-84.45350727594716,-84.88407512508014,-84.79200294759784,-84.70688302305219,-84.62792867791093,-84.73496613223007,-84.79074200312563,-84.71348045470333,-84.68331549788824,-84.65496933991989,-84.5875260498391,22,-84.96751514227549,-84.73496613223007,-91.0,1.4038538355496937,-4.035768547453113,20.832106626321565
HDOK,PLOK,17472,3,3,-85,8,11,2,33,-81.0,-81.99009910792962,-83.48832191221254,-82.99303231764004,-82.99477600361264,-84.60223580145245,-84.33319520684668,-83.85152737758375,-83.99741050267797,-83.77071694742688,-83.5888083621597,-83.53347060293126,-83.40045198804678,-83.28748365918351,-83.11477892560077,-83.03555880499248,-82.96594910689436,-82.96812369128985,-83.2746246325719,-83.20031113836438,-83.13311486809003,-83.07202815590475,-83.01622670822005,-83.31768608800634,-83.2044239351322,-83.09971406326697,-83.00258874969236,-83.0927200258772,-83.04454154414552,-82.99947480814936,-82.99949701252706,-83.24841746888748,-83.2790459509039,22,-83.20910168085517,-83.13311486809003,-84.60223580145245,0.35777284768251494,1.1154768702888374,5.588123620949171
HDOK,PLOK,17472,4,4,-84,7,11,2,33,-91.0,-81.09900892070375,-83.04078508007944,-82.36164462892562,-82.02088847552139,-83.02070079909562,-83.35305626976437,-83.15753106470308,-83.39156809869404,-83.1201401302363,-82.90233474230013,-82.72354831753678,-83.26798973532121,-83.16570655629212,-83.07769585534926,-82.93004746294767,-82.93474963433758,-82.87505393231248,-82.76084091117491,-82.71648216805903,-82.62038941677191,-82.53303352310397,-82.50528794376461,-82.8324881522105,-82.79180559349406,-82.70669504324461,-82.62774939338148,-82.64454684670008,-82.66021892449419,-82.67487877609334,-82.60406724142786,-82.53752529476061,-82.47486808295625,22,-83.00404021259874,-82.76084091117491,-91.0,2.1681556812893987,-4.998302186009487,27.634739460254213
HDOK,PLOK,17472,5,5,-84,8,11,2,33,-81.0,-81.0,-81.99552965895323,-81.6642334003133,-81.49800675523633,-82.80361578647647,-82.83659178509643,-82.57119263398988,-83.6418500753346,-83.34201667342998,-83.10141755319516,-82.99790343334617,-82.99808529688615,-82.83690850621993,-82.77372201742489,-82.7187386031083,-82.67042538619332,-82.69147293434752,-82.71026589153324,-82.6688557862619,-82.57542927302019,-82.54440763225466,-82.51607000525944,-82.79234754025178,-82.70475796452877,-82.62378216618882,-82.54867177147986,-82.52391348148703,-82.63308516890301,-82.60577071470064,-82.53788097231937,-82.59853444360058,-82.53339098771693,22,-82.55329922118358,-82.63308516890301,-81.0,0.30344668201899944,1.3913494561859907,2.6986634521704773
HDOK,PLOK,17472,6,6,-84,8,11,2,33,-89.0,-81.079207136563,-81.537545439215,-81.35865896279586,-81.51915671692015,-83.0213201588073,-83.01774016877249,-82.7261639283192,-82.63392397315943,-82.44848385757533,-82.29967879322172,-82.36549682301518,-82.24704884254562,-82.1464548736301,-82.05989767234912,-82.05564113258264,-82.05190096599601,-82.17631196887561,-82.71377921194703,-82.67216427216242,-82.5785525420168,-82.60127295659439,-82.56997536310598,-82.84353717426468,-82.75344603105886,-82.67015755541283,-82.63915844755688,-82.65544107819552,-82.67063282477885,-82.59855338582994,-82.57324738492122,-82.5079839465328,-82.44653060338621,22,-82.58300194521539,-82.57324738492122,-89.0,1.4904948543694763,-4.472147987935695,23.91825670152494
HDOK,PLOK,17472,7,7,-84,8,11,2,33,-81.0,-81.0,-82.99105931790645,-82.32846680062659,-81.99601351047266,-83.00082076064814,-83.33651440248985,-83.14337960207264,-83.63326140244855,-83.44789648448149,-83.19642016184301,-82.98999481551346,-83.33783672021015,-83.22991929079163,-83.06156065990872,-82.9861224168816,-82.98705526045026,-82.92401917619236,-82.80682359101336,-82.75978395383305,-82.66126706566406,-82.57170744028011,-82.54194879761384,-82.8673020513499,-82.82491818494262,-82.73823479058072,-82.70408667166244,-82.89793566024848,-82.90243571956077,-82.9066451296066,-82.91059204309992,-82.83133444681509,-82.75670392807844,22,-82.79612303809962,-82.90243571956077,-81.0,0.3021220022829509,2.0664893853854633,5.323425161281234
HDOK,PLOK,17472,8,8,-84,8,11,2,33,-89.0,-81.079207136563,-82.03531026869162,-81.69077566295252,-81.51790672727532,-82.81951981723445,-82.84982527891604,-82.58251380409422,-83.65173318967487,-83.35077811632428,-83.10927891904207,-82.91104333600885,-82.83201624385332,-82.68423551642749,-82.55707594307385,-82.51748816258679,-82.4827028905256,-82.51573891746933,-82.54523616034969,-82.51344766104687,-82.4287212640092,-82.40560871540555,-82.38449588045948,-82.66740205128477,-82.58591839091653,-82.51058745803424,-82.44071304841336,-82.42082629275465,-82.44636230308959,-82.38395901388249,-82.36772576320803,-82.43543782814257,-82.41769287115322,22,-82.70125104948073,-82.51344766104687,-89.0,1.4502143411236792,-4.430321692044661,23.41894367804587
HDOK,PLOK,17472,9,9,-84,8,11,2,33,-81.0,-81.0,-81.99552965895323,-81.6642334003133,-81.49800675523633,-82.80361578647647,-82.83659178509643,-82.57119263398988,-84.40399166537419,-84.13115370007512,-83.80948527042437,-83.54544245201002,-83.41138535697534,-83.21686946043053,-83.04949609012719,-82.9038516724606,-82.84309525598078,-82.85311562774797,-82.86206262795085,-82.81180243018622,-82.71037342408,-82.6181664536938,-82.53393729402707,-82.96045312076811,-82.86464845497834,-82.77607787756679,-82.69392282426244,-82.66261021915174,-82.63339545820418,-82.56292262511793,-82.53912304299206,-82.47527519372738,-82.41515479727076,22,-82.71687825501968,-82.77607787756679,-81.0,0.5171177957219091,0.29896142454409796,1.3913048987900711
HDOK,PLOK,17472,10,10,-84,8,11,2,33,-89.0,-81.079207136563,-82.03531026869162,-81.69077566295252,-81.51790672727532,-82.81951981723445,-82.84982527891604,-82.58251380409422,-83.39768599299501,-83.12556368193324,-83.00993272391585,-82.91501658904986,-82.83564484299937,-82.76823703306187,-82.63473535558317,-82.5896288234548,-82.54999429551417,-82.57873290685752,-82.60439306872514,-82.56915558808652,-82.53729290556794,-82.50832721285141,-82.48186765186097,-82.81024776240665,-82.72178342728085,-82.63999892150727,-82.61039484492072,-82.71822349671788,-82.68655672316524,-82.61379024775653,-82.5455614507218,-82.48144651528224,-82.4210746252059,22,-82.75546501161058,-82.61039484492072,-89.0,1.4039156071097614,-4.497061268996059,24.262677115935276
HDOK,PLOK,17472,11,11,-85,9,11,2,33,-84.0,-84.99009910792962,-84.9950274237827,-84.33111438468929,-83.49749179318255,-84.60240287796097,-84.16541849834861,-83.4189827929859,-82.98469129595853,-82.4189601204215,-81.96499327663764,-81.68633540660555,-81.36656975289887,-81.09500331418285,-80.93683082286107,-80.79919279628801,-80.74547149238562,-80.82558915942873,-81.56715515852342,-81.53408873213353,-81.50418917555369,-81.58482898347592,-81.60643955744374,-81.97892327912606,-82.0288219035577,-82.07495274636706,-82.1177421461964,-82.20267723527539,-82.28192194566377,-82.26975842572723,-82.21607481347806,-82.16562805956904,-82.11812639929562,22,-82.36592432963438,-82.1177421461964,-84.9950274237827,1.4519338497151015,-0.8561234278748708,-0.20012631909868794
HDOK,PLOK,17472,12,12,-84,9,11,2,33,-93.0,-83.09900892070375,-85.04078508007944,-84.36164462892562,-84.02088847552139,-85.82390620524802,-85.85347512338323,-85.44112988608282,-85.63914317729716,-85.33961699132986,-85.09926439427683,-84.99595263396867,-84.822816706721,-84.67577806566803,-84.47375715238086,-84.36902677339918,-84.27700154033165,-84.25931145433997,-84.36534002996297,-84.22743536522981,-84.04675586292133,-83.99032480202251,-83.88672397334662,-84.24508711223582,-84.13537277212838,-84.03394282220331,-83.93985985259556,-83.85232552830094,-83.77065572312395,-83.69426079708069,-83.58035121475538,-83.47330982117754,-83.37251752992131,22,-84.64262940656555,-84.25931145433997,-93.0,2.662290164177594,-4.215641210570305,21.199143187801926
HDOK,PLOK,17472,13,13,-84,8,11,2,33,-82.0,-81.00990089207038,-83.99156155307698,-83.32880190001019,-82.74601138284415,-83.60021804659674,-83.83526345546892,-83.57005625641094,-84.00574005282516,-83.77810114591301,-83.49270237005754,-83.35241427351798,-83.75556214913541,-83.61394863871436,-83.49209571594206,-83.38606213398108,-83.3601112478856,-83.27325077445808,-83.13478284333357,-83.06862244120428,-82.95281604050373,-82.84753888390075,-82.80342260166485,-83.11560294142906,-83.06108494973344,-82.96318366243999,-82.87237376019912,-82.87813277245368,-82.97168678358048,-82.92976336560633,-82.84817566659773,-82.85447383567389,-82.77890034084851,22,-83.14158675388116,-83.11560294142906,-84.00574005282516,0.32122258380408425,1.5650607458316361,5.019391840622516
HDOK,PLOK,17472,14,14,-85,9,11,2,33,-89.0,-81.079207136563,-83.03083992764485,-82.35500906326581,-82.01591348251165,-83.01672479140613,-83.01391643584418,-82.5783864122047,-83.90217727063478,-83.34581091907042,-82.89935880978466,-82.62686943965375,-82.48574908231075,-82.28523458970488,-82.11269966058984,-82.03362729988368,-82.03136689112516,-82.02936371453404,-82.02757511608844,-82.0259674245553,-81.96853132973821,-81.91631738722603,-81.81656880894329,-82.12808684963642,-82.02409015252533,-81.92794611365112,-81.8850226228552,-82.02558300382117,-82.15672628985894,-82.19310932687688,-82.2695021401138,-82.29980557651452,-82.28758790336676,22,-82.50892954462132,-82.15672628985894,-89.0,1.582916510824877,-4.339295230532857,21.954409679534454
HDOK,PLOK,17472,15,15,-84,8,11,2,33,-81.0,-81.0,-81.99552965895323,-81.6642334003133,-81.74826012249935,-83.20441929090421,-83.17009407639839,-82.85650173085315,-83.1287765940356,-82.88717381193837,-82.69330142664164,-82.62814313425682,-82.48691229217968,-82.36696958921841,-82.33926343058226,-82.31515417513125,-82.29396968335784,-82.3390587359284,-82.74478905241659,-82.64306391089123,-82.55108128813166,-82.52137225775282,-82.44218145107266,-82.7725609317302,-82.68593830053467,-82.60585643397161,-82.53157521995591,-82.55271244105421,-82.52834311898306,-82.4624027681748,-82.4428530251633,-82.38299877057257,-82.32663882177158,22,-82.43370087713238,-82.52137225775282,-81.0,0.24092490156917823,1.4160208518411506,2.834740990338704
HDOK,PLOK,17472,16,16,-84,8,11,2,33,-89.0,-81.079207136563,-82.03531026869162,-81.69077566295252,-82.01841346180133,-83.42032547455183,-83.34974621555708,-83.01019299747931,-83.00889824626162,-82.78090090421694,-82.59794610477374,-82.635732187786,-82.49384304460625,-82.37334126819864,-82.2696541721662,-82.2504915960258,-82.23365368755415,-82.34645745796227,-83.1172082598001,-83.05207249557458,-82.99317497683857,-82.99354291678647,-82.88977457808609,-83.14722507146868,-83.04229311560184,-82.99278431793306,-82.900605194522,-82.85996624472713,-82.8661403914074,-82.785625780167,-82.75241061978616,-82.88713123108855,-82.81022688248896,22,-82.86924460495227,-82.85996624472713,-89.0,1.4057291667966794,-4.214709196143181,22.291865311844877
HDOK,PLOK,17472,17,17,-84,8,11,2,33,-81.0,-81.0,-81.99552965895323,-81.6642334003133,-81.49800675523633,-83.00441713801457,-83.00367543105932,-82.71413163433137,-83.25853805614987,-83.00220816255411,-82.79651811435646,-82.72165924606242,-82.6590599936566,-82.6058965101959,-82.48465152213167,-82.45021047632918,-82.4199475736463,-82.45699132903336,-82.49006699674949,-82.46149498425767,-82.37967702154126,-82.3052980371179,-82.28940659587856,-82.57710331530191,-82.50003243080188,-82.42878107069835,-82.40894718156316,-82.39049383032625,-82.37327679446604,-82.35717177035859,-82.38434964980691,-82.32692230624725,-82.2728475848272,22,-82.38428922945353,-82.42878107069835,-81.0,0.23764449198444107,1.3348307556765096,2.5608978506184186
HDOK,PLOK,17472,18,18,-84,8,11,2,33,-89.0,-82.06930624449262,-83.52810252195093,-82.68679066403885,-82.26466562049532,-83.6171298669609,-83.51350405470178,-83.1502867911629,-83.63929121552616,-83.45324195162108,-83.20121648059028,-83.08832299494017,-82.993918043807,-82.83307740719698,-82.69468028948403,-82.64531385901668,-82.60193621335512,-82.62735766988382,-82.65005600703182,-82.61215627398207,-82.52190393419406,-82.49376786757425,-82.46806615285801,-82.79714157573034,-82.70931772204274,-82.62812533576913,-82.55281404146399,-82.66324097205752,-82.63399840095124,-82.60664454535996,-82.53871785863925,-82.4748868177445,-82.41478224838113,22,-82.98102308009105,-82.65005600703182,-89.0,1.284347962028636,-4.7273721450256,24.948928831021064
HDOK,PLOK,17472,19,19,-85,8,11,2,33,-81.0,-81.0,-81.99552965895323,-81.6642334003133,-82.24876685702536,-83.60442359668347,-83.50293136707653,-83.14124192389676,-83.12330086648694,-82.88231954509793,-82.68894584640086,-82.71817953424411,-82.65588212423773,-82.5223093648955,-82.40737519597181,-82.37842567834407,-82.35298811063173,-82.39430808288482,-83.0403204957727,-82.97966746180414,-82.86884097226744,-82.82200138000513,-82.72716215947925,-83.04318446057496,-82.94333682723011,-82.85102856159787,-82.76540655590391,-82.77599236115444,-82.78586895138825,-82.70881765074152,-82.63657122787221,-82.56868090971741,-82.5047540446775,22,-82.61523621737366,-82.71817953424411,-81.0,0.30718573844383956,1.375486977570276,2.8742499631971765
HDOK,PLOK,17472,20,20,-84,8,11,2,33,-89.0,-82.06930624449262,-82.5325728629977,-82.02255726372555,-81.76665886525898,-83.018322189713,-83.35107706631317,-83.15583786869244,-84.40627876525282,-84.01968750500052,-83.81220177598532,-83.64188628456635,-83.75969382840663,-83.61774703351266,-83.42010745598178,-83.31918961356833,-83.29773386182403,-83.27871975232847,-83.20083055480464,-83.18912167998002,-83.12255182217972,-83.062034568364,-83.0067533091177,-83.40944891144315,-83.34057106862299,-83.22939422428689,-83.17252681475262,-83.16474170690996,-83.24565901056748,-83.19191506320117,-83.18380116245523,-83.1346932249684,-83.08845222069218,22,-83.37066889636262,-83.20083055480464,-89.0,1.2518986992808685,-3.8633308020102417,19.745781344196246
HDOK,PLOK,17472,21,21,-83,8,11,2,33,-81.0,-81.0,-81.49776482947661,-81.33211670015665,-82.2500168466702,-83.60542258671823,-83.5037626109701,-83.14195304778026,-82.99689806251597,-82.77026266600691,-82.58840074979689,-82.62708393038692,-82.57268847234752,-82.52649220126322,-82.41124222871068,-82.38201790610329,-82.3563388708001,-82.4613076254212,-83.10323897160693,-83.03891764842601,-82.9247741926238,-82.92882964840636,-82.88048200124051,-83.13840064980143,-83.03389993136621,-82.93728992917654,-82.84767777905195,-82.8094271283621,-82.77373914864779,-82.74035617969128,-82.709054954772,-82.6381577749564,-82.57139958956317,22,-82.60907317766113,-82.74035617969128,-81.0,0.36479466565485597,1.3522797172416436,1.9169012852862521
HDOK,PLOK,17472,22,22,-84,8,11,2,33,-89.0,-82.06930624449262,-82.5325728629977,-82.02255726372555,-81.76665886525898,-83.018322189713,-83.35107706631317,-83.01133153186778,-84.15310454497462,-83.90874069314087,-83.60992110756722,-83.36463385429856,-83.50649124570492,-83.38496919430507,-83.20490431486785,-83.11927956636102,-83.11126165896296,-83.1041561810935,-82.9759881160333,-82.91908580506738,-82.81165082065766,-82.71398394205752,-82.676819491319,-82.99537802979877,-82.94673526529238,-82.8542655742608,-82.76849383586016,-82.86918842159321,-82.87495595864874,-82.83720599128966,-82.75953148875445,-82.97692323342734,-82.8963596822585,22,-83.15502588005953,-82.9759881160333,-89.0,1.2870097188991196,-4.244747299067291,21.858507393373483
HDOK,PLOK,17472,23,23,-84,8,11,2,33,-81.0,-81.99009910792962,-82.49279225325931,-81.99601500108633,-81.99701226048302,-83.40322166338277,-83.33551440333022,-82.99801777230374,-83.2523167586783,-82.99669294329742,-82.79156948239871,-82.71717569955757,-82.65496536569033,-82.60213217793603,-82.48117139649223,-82.44697766068687,-82.41693206610836,-82.45416840016335,-82.79197531377912,-82.74580136468929,-82.64806725509263,-82.61312966932492,-82.58121490759191,-82.90458995517218,-82.86038387984502,-82.77201586923955,-82.73630515762589,-82.74820413569707,-82.7593059203822,-82.68340068148125,-82.612228852562,-82.58683160074912,-82.52216505897266,22,-82.62401194045421,-82.65496536569033,-83.40322166338277,0.18352811466679303,1.5416271122828293,5.394782080437038
HDOK,PLOK,17472,24,24,-84,8,11,2,33,-89.0,-81.079207136563,-83.03083992764485,-82.35500906326581,-82.01591348251165,-83.01672479140613,-83.34974789630948,-83.01019443535235,-83.77104109153044,-83.57003904363066,-83.30601482045505,-83.18327211106481,-83.34086145574884,-83.23270003416066,-83.06413145749703,-82.98851052452993,-82.98928284080489,-82.98996726829046,-82.86875466221035,-82.81810430373764,-82.71632250377252,-82.62379481592934,-82.5913249096164,-83.01494957819362,-82.9164817449784,-82.87294897228703,-82.83256945387961,-82.84012459746451,-82.84717357064885,-82.81062227418262,-82.73407169406636,-82.66213673822185,-82.59440136241406,22,-83.06173450188997,-82.9164817449784,-89.0,1.309639922863552,-4.242243715094931,22.75910941146933
HDOK,PLOK,17472,25,25,-84,8,11,2,33,-81.0,-81.0,-82.99105931790645,-82.32846680062659,-81.99601351047266,-83.00082076064814,-83.33651440248985,-83.14337960207264,-83.25219060742876,-83.11007483289495,-82.89330346905976,-82.71536582711985,-83.26051702280252,-83.158836634767,-82.9958447356296,-82.92507649786336,-82.93011281481517,-82.87071323293432,-82.75676461186615,-82.77094578422485,-82.67180403026249,-82.58167635256376,-82.55139880586107,-82.87627597310683,-82.78458492952684,-82.69981735994764,-82.62118984728166,-82.63828329385707,-82.83059320277174,-82.8379022575905,-82.76019831788885,-82.68717954438128,-82.61842362444648,22,-82.71500993954874,-82.78458492952684,-81.0,0.2599608030380725,2.309954444098545,6.158293675298291
HDOK,PLOK,17472,26,26,-85,8,11,2,33,-91.0,-82.08910802863338,-82.5425180154323,-82.02919282938535,-82.27214059279474,-83.62310385471987,-83.51847491594381,-83.15453933145598,-83.13490918948939,-83.0061041197716,-82.80001383365523,-82.72482642846307,-82.66195244355491,-82.52789001813717,-82.41253451058338,-82.38321835387018,-82.3574586251228,-82.39849309793182,-82.80060315692938,-82.75392618510205,-82.65573722874862,-82.62038615138674,-82.58809367363769,-82.91112217256968,-82.81772824282618,-82.77888624961321,-82.69660129099441,-82.80053995919467,-82.8093342355917,-82.77441551691317,-82.78395291369203,-82.75143198712159,-82.76156162770948,22,-82.96790299336291,-82.75392618510205,-91.0,2.1253499735750125,-5.285934777584779,29.381614654819103
HDOK,PLOK,17472,27,27,-84,7,11,2,33,-81.0,-81.0,-81.99552965895323,-81.6642334003133,-81.49800675523633,-82.80361578647647,-83.17242324556173,-82.85849432031286,-83.38456327429198,-83.22742403290994,-82.99859719799115,-82.81076377434309,-83.00066579778922,-82.91994647010664,-82.77499074887922,-82.71991717403259,-82.73874418884243,-82.69156593773656,-82.58852951149144,-82.55421691205979,-82.46720815545518,-82.38811032977819,-82.36790832468745,-82.70202964674223,-82.61885378308959,-82.54195842303913,-82.47063290401886,-82.6750162710433,-82.68934493920885,-82.65960315769739,-82.67399466061855,-82.85345148707869,-82.81867164262809,22,-82.55542460340644,-82.68934493920885,-81.0,0.29630406997477976,1.6019282332764988,2.608235098656128
HDOK,PLOK,17472,28,28,-84,7,11,2,33,-89.0,-81.079207136563,-83.03083992764485,-82.35500906326581,-82.01591348251165,-81.81191668217754,-82.34724602053221,-82.15256043330349,-82.26020525644091,-82.1171798695484,-82.00241019399192,-81.90820104628249,-82.87034256407902,-82.80013584093408,-82.66422580740307,-82.61702357979973,-82.64276704589777,-82.601718161112,-82.50415452998705,-82.53306344051805,-82.44723890552527,-82.36921763074119,-82.34999903261708,-82.6850226154723,-82.65154649608004,-82.57309823609341,-82.50033229994185,-82.70337551007269,-82.71645380756034,-82.68554241415552,-82.69883724155359,-82.62836392584448,-82.56200485926918,22,-82.63288342596726,-82.56200485926918,-89.0,1.4008982082288377,-4.840015441415873,26.51289563204581
HDOK,PLOK,17472,29,29,-84,8,11,2,33,-81.0,-81.0,-81.99552965895323,-81.6642334003133,-81.99851348976236,-81.79801063148905,-81.99984355403444,-81.85535982464317,-81.87373254018152,-81.77456938087764,-81.69499662902055,-81.72366164839157,-81.66088870058934,-81.60757770334885,-81.56170566183003,-81.59285240270786,-81.62022064214752,-81.70833717558175,-82.15248591495497,-82.08529338377625,-81.96855370408912,-81.91633855536601,-81.86864109734955,-82.17753576329208,-82.11999119919993,-82.06679175190243,-82.01744575511412,-82.06178257758809,-82.10314897508752,-82.05555362198419,-82.05320489246115,-82.50731369626332,-82.44588766714743,22,-81.87060610907419,-81.91633855536601,-81.0,0.09991800738896292,0.8665051021650032,1.9634185541556923
HDOK,PLOK,17472,30,30,-84,8,11,2,33,-89.0,-81.079207136563,-83.03083992764485,-82.35500906326581,-82.01591348251165,-81.81191668217754,-82.34724602053221,-82.29706677012815,-82.89445027173892,-82.79293577993869,-82.60874461845604,-82.55153319740188,-83.80484384946931,-83.65925500010212,-83.53398145264397,-83.35390779706293,-83.33011830795874,-83.24517326679133,-83.1084155888608,-83.10209471522559,-82.98441445707263,-82.87743381617798,-82.83176143628707,-83.09213460151791,-83.03876347553309,-82.89442257581739,-82.80679331717786,-82.81551158432866,-83.00000742399173,-83.08629708659292,-82.99809136055563,-82.99817053715175,-82.91674111612421,22,-83.0382786580849,-82.98441445707263,-89.0,1.381846924170202,-3.931181600418092,20.511983446508065
HDOK,PLOK,17472,31,31,-84,8,11,2,33,-81.0,-81.0,-81.99552965895323,-81.33144948407289,-81.24850313460607,-80.99780201777762,-81.16608682380017,-80.9975798884733,-81.50598169310753,-81.33506222327603,-81.1979091448957,-81.17930912269294,-81.16375522091538,-81.1505458043789,-81.13917961475263,-81.12928902065033,-81.18781773781352,-81.23968594779458,-81.28599809029848,-81.32762601386503,-81.30928473094852,-81.29261105745361,-81.27738000169774,-81.6664415722976,-81.63387348310128,-81.60376456886908,-81.57583656471722,-81.64010058040155,-81.70005911304715,-81.71300006005163,-81.72513401654253,-81.98543594580805,-81.94527747232698,22,-81.38325181240567,-81.29261105745361,-81.0,0.08330674823716569,-0.6409957994425948,-0.5751357001846413
HDOK,PLOK,17472,32,32,-84,9,11,2,33,-89.0,-81.079207136563,-82.03531026869162,-81.69077566295252,-82.01841346180133,-82.01471601378513,-82.34807642404958,-82.15327083825048,-82.51487261987512,-82.34294408565964,-82.20498129094517,-82.09173397851144,-81.99703314670786,-81.83594122838883,-81.6973278925298,-81.6477733140559,-81.60423034516793,-81.69336806327955,-81.89478116227083,-81.95921791611725,-81.96150099409874,-82.071397356392,-82.11973318745366,-82.66787535883662,-82.63523720245087,-82.55756363195064,-82.53177271901713,-82.64314911920259,-82.65888282338508,-82.58731033814591,-82.52020107469423,-82.6230712309891,-82.59767983988658,22,-82.36361665836685,-82.11973318745366,-89.0,1.525418218980506,-4.855616776253053,26.312568418179456
HDOK,PLOK,17472,33,33,-88,9,11,2,33,-86.0,-86.0,-87.49329448842984,-86.66356618422954,-86.24725314496122,-85.79600167620477,-85.99817193394372,-85.564917090599,-86.25530087902698,-85.77235093777234,-85.48754288999986,-85.2537570636364,-85.4052322964859,-85.21121274038462,-85.0442664517457,-84.8989936706196,-84.90578326099369,-84.91180020303986,-84.79534889823321,-84.8072805195726,-84.762087037444,-84.7749130280634,-84.83868152723684,-85.30022397715182,-85.38328970928349,-85.50758313346685,-85.62287348368912,-85.95575927643195,-86.17816195396642,-86.25676514089426,-86.28818807235734,-86.27623309014359,-86.264976042669,22,-85.63399423644475,-85.564917090599,-86.0,0.41820527102056226,-0.5701345490200902,0.28522487868695734
HDOK,PLOK,17472,34,34,-85,10,11,2,33,-91.0,-83.079207136563,-84.03531026869162,-83.69077566295252,-84.51892019632736,-84.2139189680263,-84.3459143385322,-84.15142118779112,-84.25921072199291,-84.11629820851802,-84.00161910740991,-84.0014669394351,-83.91459618698532,-83.84081971788083,-83.77733793308875,-83.79316108455897,-83.80706468364903,-83.94711161000912,-84.4376280138601,-84.41211331247904,-84.33305985311294,-84.36901488463272,-84.34980683989407,-84.78559906294828,-84.74720790996777,-84.71171562408642,-84.63253773998859,-84.60399507821502,-84.57736468328065,-84.50930929749967,-84.48777641196185,-84.75792470966951,-84.64553379599602,22,-84.45014367181834,-84.3459143385322,-91.0,1.4836640246855544,-4.858510571908519,26.416109115992747
HDOK,PLOK,17472,35,35,-91,10,11,2,33,-87.0,-87.0,-88.99105931790645,-88.66125071686699,-88.49577049836594,-88.39621911224134,-89.00135061160779,-89.00115543967188,-90.77933904832614,-90.69088895788444,-90.51718122971273,-90.46857517686672,-90.51467282865953,-90.39249080479242,-90.28735792111362,-90.19587372865662,-90.18270720344202,-90.17103901511238,-90.09970885149356,-90.09389560030685,-90.03265672476803,-90.03089618662402,-90.02928797145536,-90.48122776805185,-90.45771082444399,-90.38846973555383,-90.32424405796576,-90.35473689985581,-90.47136765332212,-90.45103049994755,-90.38968295765713,-90.37351763620684,-90.31754406247632,22,-89.84978512246532,-90.28735792111362,-87.0,0.9312745251896716,1.8032342501280578,2.675167523389358
HDOK,PLOK,17472,36,36,-86,10,11,2,33,-89.0,-82.06930624449262,-83.03033769247432,-82.3546739638822,-82.26591561014017,-82.21251939622894,-82.6805812373205,-82.58223293580372,-83.90553519496515,-83.80276263395358,-83.72029354409703,-83.74658109282447,-84.54925508189574,-84.50494907979711,-84.46682548667368,-84.43365122179657,-84.47172087779188,-84.50545824650213,-84.41375798574353,-84.38963496090066,-84.31183989307965,-84.29502846969011,-84.22761936014054,-84.66956732474243,-84.6368464842943,-84.5590964731,-84.48697820876485,-84.60037591847008,-84.70617634514578,-84.71885336422363,-84.64618264540928,-84.70234340967137,-84.63296953208574,22,-84.13029908836671,-84.43365122179657,-89.0,1.4560229053363458,-1.4650681541613406,7.206271612483835
HDOK,PLOK,17472,37,37,-87,9,11,2,33,-85.0,-85.0,-85.49776482947661,-85.33211670015665,-86.2500168466702,-85.99901177441343,-86.16709344326708,-85.99844104504847,-85.99863906911607,-85.88529980275743,-85.79435153748503,-85.90766155245845,-85.82892780806118,-85.84272745260684,-85.85460151049939,-85.86493403976594,-85.87401309995055,-85.94592174372032,-86.37559876532843,-86.35370050920007,-86.27791713738975,-86.31684493654268,-86.30035245352974,-86.63787720516433,-86.60670501756735,-86.53038672241846,-86.45959646916177,-86.5291057082094,-86.50577721683611,-86.44081047168315,-86.37989501790926,-86.32265246702569,-86.2687517500408,22,-86.07113618495337,-86.16709344326708,-85.0,0.17121730099308186,1.0186141138944096,0.8675072123395506
HDOK,PLOK,17472,38,38,-87,9,11,2,33,-94.0,-85.08910802863338,-86.04028284490892,-85.69409344578241,-85.77064759104319,-85.81670186474024,-86.18331196543795,-86.01231588799172,-87.02694026630171,-86.91038899169575,-86.81686327389944,-86.83407494531264,-86.84846786612047,-86.78002567906377,-86.72113383668948,-86.66988752389568,-86.69207750450254,-86.7117422883792,-86.72930060152586,-86.68678072968119,-86.59235073550511,-86.56041685138483,-86.53124590895955,-86.9075178474627,-86.86316869003916,-86.8221682810472,-86.78413769702398,-86.79387827740993,-86.80296627013554,-86.76832229727219,-86.82039590975586,-86.74487994358451,-86.71452460533216,22,-86.78000358940966,-86.72930060152586,-94.0,1.815469152750607,-4.769002288095049,26.05674151704533
HDOK,PLOK,17472,39,39,-89,8,11,2,33,-87.0,-87.0,-87.99552965895323,-87.33144948407289,-87.24850313460607,-87.19860336931572,-87.5010861999957,-87.28416973197626,-88.01021506012093,-87.78206826796823,-87.70172514344164,-87.63577516798632,-87.92759982146127,-87.85277440611054,-87.78839004383445,-87.73236426784906,-87.75035459580097,-87.70243487193198,-87.65964825790815,-87.67949153299331,-87.64145198204623,-87.60687102850709,-87.57528204293607,-87.89895598514558,-87.90389386811285,-87.81345913829617,-87.77583140827839,-87.78594680201581,-87.92765574814722,-87.97392203172983,-87.97502457179453,-87.93457736897163,-87.89649148358505,22,-87.681562014421,-87.75035459580097,-87.0,0.07534312342422525,1.1282172984905205,0.5582114210062947
HDOK,PLOK,17472,40,40,-95,10,11,2,33,-99.0,-90.08910802863338,-91.53804767438552,-91.35899406217946,-91.26915458929163,-91.21510798398918,-91.85065089070935,-91.87223278340096,-92.39655662836297,-92.46504366351458,-92.52000058392537,-92.56511219208782,-93.6437579445989,-93.67249443111395,-93.62172118467123,-93.64860301091113,-93.73944317949226,-93.81994583130239,-93.83091326547641,-93.95737591994148,-93.95976211724671,-94.01584179101809,-94.06706941270832,-94.41634684235585,-94.39600054095136,-94.42469044263302,-94.40504577142065,-94.657512740724,-94.76079398107386,-94.77111452271632,-94.82307008380926,-94.7889264492996,-94.75677612839087,22,-93.5247640809799,-93.81994583130239,-99.0,2.5516834327142472,-0.6445660920207107,3.0496993971967945
HDOK,PLOK,17472,41,41,-92,9,11,2,33,-89.0,-89.0,-89.99552965895323,-89.6642334003133,-89.49800675523633,-89.39800632570977,-89.83492199358894,-89.71427047476105,-90.63973005558839,-90.56712470956268,-90.50886308071425,-90.555021420735,-90.59362042234217,-90.54573566251928,-90.5045326874407,-90.53974234144206,-90.57068061023482,-90.66196090739223,-90.74346335621964,-90.75842002181703,-90.71596186647828,-90.73127448499623,-90.74526224519119,-91.161131631032,-91.10438871447333,-91.05193038332435,-91.00327182065317,-91.13849631943478,-91.26466121028922,-91.25324240463291,-91.28481427246348,-91.35596577675113,-91.34145946381761,22,-90.52865831751842,-90.63973005558839,-89.0,0.42538918816060983,0.9238656374633906,0.09383784965121356
HDOK,PLOK,17472,42,42,-94,8,11,2,33,-101.0,-94.06930624449262,-95.52810252195093,-95.01957458027925,-94.51416924112559,-94.21012201105015,-94.67858641082465,-94.43602003755272,-94.88872959679419,-94.67437064222217,-94.39962826698616,-94.26808751956248,-94.67855019338174,-94.54314890017216,-94.50214122533112,-94.3953937740575,-94.43603507482497,-94.40818866660713,-94.32241327680458,-94.30361585475109,-94.23063634093174,-94.16429220400414,-94.15574042970955,-94.50055065973457,-94.4272207989317,-94.35942798258733,-94.25028922570873,-94.2389951632942,-94.36072901820323,-94.38831035925004,-94.28733593399018,-94.23393303612528,-94.14289582465419,22,-94.63686487926958,-94.3953937740575,-101.0,1.3446035604774986,-5.241642184716746,28.865287579717446
HDOK,PLOK,17472,43,43,-91,10,11,2,33,-89.0,-89.99009910792962,-91.48832191221254,-90.66024840139963,-90.49501901571935,-90.39561852832584,-90.83293514494638,-90.71257073833766,-91.38419902912186,-91.22710112728043,-91.10103906503626,-90.99756051650037,-91.34474614577582,-91.23627136325543,-91.14293302810718,-91.06171217771744,-91.12478337340748,-91.11681436138225,-90.98787526302645,-90.98858216256991,-90.93323898357136,-90.88292766669171,-90.83696931967359,-91.24821855089834,-91.13835118166139,-91.03677975764163,-90.98882200909368,-91.03445045078608,-91.0329315160411,-90.98836569460829,-90.9043003710033,-90.82530377382018,-90.75091901699486,22,-90.90575784104661,-90.98882200909368,-91.48832191221254,0.19637603508367948,2.6831003851159285,9.79693052476304
HDOK,PLOK,17472,44,44,-95,8,11,2,33,-103.0,-94.08910802863338,-95.53804767438552,-94.69342622969864,-94.26964061350506,-94.01469506234558,-94.51597472091895,-94.44141310410483,-95.27450841164655,-95.0163659829403,-94.80922147920099,-94.63918608391599,-94.84397135760642,-94.69522626350928,-94.5672368901092,-94.52692703690336,-94.49150728885839,-94.46011827132789,-94.37117975275372,-94.34953913503668,-94.27398872684225,-94.25921787618097,-94.24572500971382,-94.58600186349685,-94.557364752979,-94.53088999422842,-94.50633290902091,-94.70910534739451,-94.89829268242772,-94.85953585232062,-94.82319587734953,-94.83053028964605,-94.79668452954986,22,-94.86315633631973,-94.5672368901092,-103.0,2.1659620759858242,-5.345793737448776,29.836190747156543
HDOK,PLOK,17472,45,45,-92,10,11,2,33,-90.0,-90.99009910792962,-92.48832191221254,-91.99303231764004,-91.99477600361264,-91.79502363760956,-92.16527385364607,-91.99688439765812,-93.39453973441783,-93.12277450395699,-92.90469848259333,-92.72568990729744,-92.66274102120869,-92.52861498468505,-92.33770486582578,-92.24264284197929,-92.15911306785449,-92.1489516664075,-92.07896688426332,-92.01606067858141,-91.90319681027468,-91.85450507993941,-91.75797396960499,-92.12282346658012,-92.0679526176845,-91.92222523722623,-91.78705347862038,-91.88691057818865,-91.8918967379677,-91.85341586082967,-91.77505602765726,-91.7014209078361,-91.63208462403385,22,-92.05764925047947,-91.99688439765812,-93.39453973441783,0.3392555964531311,0.8408303764913948,4.312575397470088
HDOK,PLOK,17472,46,46,-91,11,11,2,33,-101.0,-94.06930624449262,-95.03033769247432,-95.02024179636302,-96.26644305497878,-96.012139577893,-96.01010115180638,-95.57512246088714,-95.37504473807921,-94.99199834386987,-94.58189396655673,-94.33924077774907,-94.04958332870969,-93.72292117596074,-93.51734096367238,-93.33844983990373,-93.1812605170101,-93.16968471808507,-93.64664378011284,-93.49233847155631,-93.29682906376725,-93.2269164485481,-93.0589482768217,-93.25749640861792,-93.04943837539703,-92.80959065969552,-92.5871160812943,-92.42525089194963,-92.2742301513974,-92.08981852804025,-91.95918531748713,-91.7949453832513,-91.72179779118314,22,-93.9376259387155,-93.49233847155631,-101.0,3.111416659434357,-1.9899243804629787,6.446937694139891
HDOK,PLOK,17472,47,47,-89,8,11,2,33,-86.0,-86.0,-87.49329448842984,-86.99635010046994,-86.7470101328545,-86.59700948856467,-87.00050939503444,-87.00043578422402,-87.38145122436359,-87.33815890458759,-87.20068769918124,-87.18182654113541,-87.86000230951133,-87.87129531010986,-87.80551262187062,-87.7482700551243,-87.83241065934986,-87.84311337906702,-87.79175777562259,-87.86220102553952,-87.81393296295875,-87.77005348520537,-87.78202271226803,-88.14566064612164,-88.18741104321214,-88.13100916143043,-88.0786926954023,-88.12026580815463,-88.33541532408718,-88.32094383279569,-88.43421058461234,-88.41619811180733,-88.35848522386277,22,-87.6195635905139,-87.80551262187062,-86.0,0.40426342014277933,1.0135674468374463,0.5964898874262023
HDOK,PLOK,17472,48,48,-84,10,11,2,33,-91.0,-82.08910802863338,-83.53804767438552,-83.02621014593906,-83.01965096866135,-82.81490367605701,-83.18181572092057,-83.01103586028854,-84.27987002900323,-84.02111909037934,-83.81348629230754,-83.73703271000068,-83.75984341443073,-83.69855017377796,-83.64580972198407,-83.59991620633654,-83.55959016612914,-83.58771595858298,-83.55191708685786,-83.51973907445394,-83.43466046914111,-83.41122773542233,-83.38982241799827,-83.77321919826824,-83.68656439848627,-83.60645279234579,-83.5321439929102,-83.64350363971562,-83.61513129582504,-83.58859146132319,-83.60598523955599,-83.53936372806388,-83.43587960881081,22,-83.7187244841514,-83.58771595858298,-91.0,1.7975655126386958,-5.006342385593457,27.630351008574795
HDOK,PLOK,17472,49,49,-84,10,11,2,33,-82.0,-81.00990089207038,-82.99603189412375,-82.6645684996969,-82.74851136213384,-82.39740791743765,-82.66650833724616,-82.57019365896761,-83.13288360035459,-82.89081469881789,-82.69656827938638,-82.72508559092047,-82.74893263033397,-82.6078538941619,-82.56196100027084,-82.52202607039708,-82.55415521726736,-82.58262810061683,-82.66896285820133,-82.68826307105685,-82.59375009188751,-82.61565119998434,-82.58360518697738,-83.00761877115775,-82.90950918446757,-82.8663076075621,-82.82623529509418,-82.92432435259225,-82.97175134056774,-82.92982513728292,-82.89051342954541,-82.97802182024198,-82.89741349947685,22,-82.67962983303937,-82.69656827938638,-83.13288360035459,0.13331342258862486,3.0736821046009433,12.836792007530752
HDOK,PLOK,17472,50,50,-85,8,11,2,33,-89.0,-82.06930624449262,-82.5325728629977,-82.02255726372555,-81.76665886525898,-81.6127127289463,-81.84566008410773,-81.7234568431545,-82.52072594007288,-82.46162681422553,-82.41420315296833,-82.46925788208073,-82.60203981861198,-82.63414152365382,-82.66176379340543,-82.68580005069839,-82.70692039993195,-82.78950004657186,-82.8632338493097,-82.8129053666952,-82.71141461558189,-82.61915151411189,-82.53487107986149,-82.8605809053291,-82.72078822439406,-82.63905099063793,-82.56323431435068,-82.53781890351043,-82.55819666083768,-82.53411327067583,-82.51153170780597,-82.49031170234714,-82.51108251355205,22,-82.66627848284564,-82.53781890351043,-89.0,1.3585658758014354,-5.020592226408743,27.673463556707894
HDOK,PLOK,17472,51,51,-84,9,11,2,33,-82.0,-82.0,-82.49776482947661,-82.33211670015665,-82.7495101121442,-82.59900746863417,-82.83425615258895,-82.85820718882955,-83.13026541860302,-83.00198738773408,-82.89905162014958,-82.90853901451703,-82.91647266096689,-82.84254482492396,-82.77893279476329,-82.72357908423845,-82.67494049282179,-82.69569969375443,-82.95788262800924,-82.90203590787767,-82.7955554172347,-82.80657711303706,-82.76459298199637,-83.17948849539184,-83.12184850394965,-83.06856083489986,-83.01913300661656,-83.01826964795502,-83.01746413155612,-82.97356565029474,-82.89012605188607,-82.81171745174098,-82.73788636454506,22,-82.80325998882708,-82.84254482492396,-82.0,0.07268593750434589,1.6074364148998952,3.067924958115953
HDOK,PLOK,17472,1,1,-86,10,11,2,33,-81.97562172190942,-83.36336935472576,-85.2292776111831,-86.04541856888272,-85.45081372596582,-87.14241582104133,-88.9487542379274,-85.05123617585905,-87.08933065349842,-87.67853809158339,-89.47181966470059,-85.44990778773827,-86.64553987535339,-88.61042977176156,-86.80450253951338,-87.74632186487166,-88.24090079910097,-87.56525023214897,-89.27670579899389,-86.77459592297294,-87.89093684996224,-86.62322752709169,-88.0774267167058,-85.42336208532012,-86.34961690825669,-85.90409342347178,-85.55884402128329,-86.52730214364877,-84.8582511128933,-86.21592764675914,-85.45367228172735,-86.02976087498881,-84.31638361512582,22,-86.47847137657475,-86.52730214364877,-89.47181966470059,2.642055540840097,0.40543071236738165,0.6182026849206044
HDOK,PLOK,17472,1,1,-86,10,11,2,33,-82.94951394328095,-84.36538799078677,-85.47012295539542,-85.41540929036694,-86.23356546403312,-86.67013209538538,-85.9914106359697,-86.48006327959155,-88.28540442701022,-87.87201686229943,-88.33081165083502,-87.26288770880889,-87.83777996663565,-85.87056388677165,-86.77934861264677,-86.22368343146026,-85.56411488008749,-85.81772690061894,-87.0690489906063,-87.0830761086032,-87.27887775731718,-86.79198701028533,-85.12837620517755,-89.05294072793929,-87.43654153738642,-87.45963037192467,-85.55360941853935,-86.34826217127085,-87.15971134564032,-84.72631091002803,-85.34217736315779,-85.20918330865354,-86.12187890304918,22,-86.3994410942898,-86.34826217127085,-89.05294072793929,1.5549255390115133,0.3092918660250432,0.5807831248972408
HDOK,PLOK,17472,1,1,-86,10,11,2,33,-82.50977103990991,-85.35086143856373,-85.71488690231622,-86.72827797256738,-85.09937668654251,-85.320182995298,-86.25612391880546,-87.37444997604862,-86.50867843000587,-86.98322737331,-88.77272323967956,-85.9989705472,-85.67303330629187,-85.75404777078406,-87.20538602464585,-89.29707644153147,-86.9149180500491,-87.58375394315841,-86.43103095821135,-86.93326260702355,-87.64896544440401,-84.83196762329636,-86.95901268927136,-86.13409627676016,-85.95533023314005,-87.930020997197,-86.28468835940038,-87.3462971145039,-86.25302591037955,-86.1208963225224,-85.72043540997474,-85.24695004508821,-84.22999379937991,22,-86.33550666203823,-86.25612391880546,-89.29707644153147,1.607066459505145,0.35019931935430715,1.81428099012718
HDOK,PLOK,17472,1,1,-86,10,11,2,33,-82.58910961852118,-83.79318202267224,-84.59778630069047,-85.34955122550338,-85.17563914218147,-88.36706223340647,-86.77078650614555,-86.55839625209111,-87.5437445925009,-88.75966875082362,-87.340603718404,-85.63194986417912,-87.55496019856125,-86.41904888661202,-86.14572173313267,-85.11253145900834,-88.96203537466205,-87.81002791645761,-88.17571124607007,-85.8656655186109,-87.21407217177291,-86.15872097413816,-87.60865037712956,-85.96878038043286,-86.32148918066997,-86.80556351176061,-86.08900779201726,-86.12427602704244,-87.24211652866374,-85.95159870952182,-85.87507598275545,-86.49538047533744,-85.63464693659166,22,-86.42462307903237,-86.32148918066997,-88.96203537466205,1.790021623950789,0.4906722664482848,0.9960806613625954
HDOK,PLOK,17472,1,1,-86,10,11,2,33,-83.47737078243443,-84.00630243425881,-86.77096685310407,-84.69534548896644,-85.18540271697175,-86.2728111480073,-86.79994558429634,-86.09752442965632,-89.38550370471148,-88.47125812296007,-83.18095714643133,-86.40582551074982,-86.29647609258296,-88.35101878525606,-87.84215882585866,-84.93870563657626,-87.2564899153097,-87.29850400005027,-87.06673200351533,-88.06868177550565,-86.31925540186045,-86.10148049220334,-87.1273973834031,-86.35941901612598,-86.32006832999897,-87.55574827304899,-88.05849726120975,-85.62021386505874,-86.02077446455287,-87.14437393129589,-85.85337499327758,-86.80584802657123,-86.42981791866852,22,-86.47225000952965,-86.40582551074982,-89.38550370471148,1.8710018394541492,0.4560707434481505,0.47765698876577156
HDOK,PLOK,17472,1,1,-86,10,11,2,33,-82.69193232588769,-82.93212076591348,-86.96697602968132,-86.54555780510253,-86.18063832871513,-87.76554867058636,-86.52735356226178,-86.58505355371342,-88.50994776061216,-87.19107564727462,-89.24553868734277,-88.75755453830276,-86.79700731768034,-87.08814421105782,-87.68532230169568,-86.99053046164353,-88.1506256044068,-84.44805422153422,-87.23821336903607,-87.71363637729954,-87.23198334034741,-88.08870768062253,-86.08535186254593,-86.51754207160694,-85.53337316417847,-86.99951143007034,-87.51561796065198,-84.912118732451,-85.31677552868621,-86.60420898822271,-86.19233506328766,-85.48758561643109,-85.18935897614686,22,-86.59652430166656,-86.79700731768034,-89.24553868734277,2.098701099007578,0.859798260098554,1.1477183301769274
HDOK,PLOK,17472,1,1,-86,10,11,2,33,-85.65182939326091,-84.63884612839682,-85.42828757597157,-87.31840572853922,-86.15356718774379,-87.57939422478663,-86.95313807038428,-85.81286023526135,-90.39606534053732,-87.00403908843211,-86.44096129579079,-87.45442574515845,-88.4997855564839,-86.37143134917632,-86.67529270119667,-87.59570935883964,-86.43211727047168,-87.10933042000944,-88.0262402872765,-86.23627058466128,-87.74065506326417,-87.11590703902968,-86.82722775521955,-85.1307155016561,-86.22175981836403,-87.3889756317657,-85.58945577704505,-86.34616208519046,-87.35107010498517,-84.80902288555691,-84.88555236287729,-85.69918609386231,-85.55615397321627,22,-86.6193891404367,-86.44096129579079,-90.39606534053732,1.3699045021531921,-0.7917789375369964,1.8224429857241469
HDOK,PLOK,17472,1,1,-86,10,11,2,33,-81.773041621951,-83.139510276597,-86.66996306114467,-86.48103596920267,-84.90693337378399,-87.47155091586107,-86.40204630586452,-86.05595036202931,-88.51003873971347,-87.94295455346848,-87.53838204949129,-86.94542534469335,-88.22885349474868,-87.2969143901999,-85.66942951322076,-87.63834814569186,-86.46910328189095,-86.77177113484551,-86.90663713256083,-85.54708480013072,-85.89689688155023,-87.12858384346968,-88.28251614254293,-88.45512805505462,-85.86785031219173,-87.01027140455717,-87.02576051542007,-87.76671310269283,-87.36630291223642,-85.22358381337446,-86.6763912726413,-85.76473425103298,-86.73935048353225,22,-86.59300174113292,-86.77177113484551,-88.51003873971347,1.9555990412306095,1.547915491476417,3.6119228818162736
HDOK,PLOK,17472,1,1,-86,10,11,2,33,-81.7821254234812,-85.70098835533085,-85.40797295799891,-83.82616474123282,-84.415696322787,-84.76200829986745,-86.29195325454756,-87.46538353409295,-87.78777732323506,-86.70909871308068,-86.96480175191249,-87.1766891430163,-89.6356735491155,-89.81089832125217,-86.63463570420217,-88.36559153167805,-85.05195534403138,-86.82663250141121,-87.02527139941729,-87.60158792417889,-86.27564393356022,-86.31592544988996,-88.91218506120474,-87.88821812429191,-87.26986570921163,-87.3957451972632,-86.22406219283253,-86.76025785083611,-86.75250188425922,-86.1735008114521,-86.00328460847396,-86.70731937962654,-85.3542929250061,22,-86.58411240072056,-86.70909871308068,-89.81089832125217,2.4499715743543433,0.5706553680067489,1.8664492460951236
HDOK,PLOK,17472,1,1,-86,10,11,2,33,-84.20707645423222,-83.28298235314149,-87.15634859207816,-84.1351487244129,-85.57509398493532,-85.77077801584535,-86.63331178097529,-86.92227363102108,-88.8569643946716,-86.82409612438866,-86.79861987814277,-86.69504149799715,-86.94387257961503,-87.59658678747185,-87.52988249626259,-86.7223071492906,-87.1864215379123,-87.60902151016646,-86.3683915556158,-85.7878090642646,-86.17883460809269,-88.28662504078164,-87.27781581947184,-87.54299406501542,-87.6067560584413,-86.69170940649143,-86.68874432301058,-85.57385870820887,-86.55923644600178,-88.26113524145346,-85.9432720496268,-86.3436092178188,-85.9825932852017,22,-86.59209734491084,-86.69504149799715,-88.8569643946716,1.3426196284310896,0.850787150169861,1.409065173300125
HDOK,PLOK,17472,1,1,-86,10,11,2,33,-82.31616768456473,-85.03298041124847,-86.6056926813614,-86.1164947682686,-85.94101504431475,-86.6058037156538,-85.09474265707834,-85.12754461204968,-86.41504103464806,-88.26332749113493,-87.17565967890084,-88.11107463624857,-87.44308356315206,-86.47190517133434,-89.0602420966078,-87.02724681476624,-87.34691520856805,-88.32112068184293,-86.7285585221328,-87.07078310999067,-84.89491053119487,-87.39922279987483,-86.91148040782795,-86.99156619729659,-85.84829366900262,-86.61682624894381,-86.87563800997337,-86.50316420772053,-86.81811393539512,-87.18813359382828,-87.26525944857443,-87.55991231874523,-87.06323528828723,22,-86.67306534062219,-86.87563800997337,-89.0602420966078,1.4632803472160814,1.3263023958526794,4.025620304407665
HDOK,PLOK,17472,1,1,-86,10,11,2,33,-83.80875556779083,-83.64638480731193,-87.78519816325779,-85.26162034924903,-86.5678326282944,-86.80476324970009,-86.39296231559196,-87.1772751142979,-88.25444934215409,-88.16078090024072,-87.05407170283218,-85.91755928312588,-87.5457444783256,-87.03697005964361,-86.2389644342462,-89.05711808026038,-88.34031507408301,-88.37568746100114,-86.96485042549469,-86.93351711774604,-86.74673706968333,-85.31234054489488,-85.42880621913858,-85.188122796813,-87.50579732629491,-85.35075893113496,-89.00472739241216,-86.7183719732688,-86.21719063741878,-86.12617862394366,-86.01895353176165,-86.5866834032485,-86.24102021402963,22,-86.65971240056638,-86.7183719732688,-89.05711808026038,1.6241472600656466,0.2630453115539731,0.1982851508727701
HDOK,PLOK,17472,1,1,-86,10,11,2,33,-84.34397712429744,-83.58667301410517,-84.83751181461781,-86.92246821596197,-85.6649812523412,-85.20851017166555,-85.58226428687684,-83.86045661111665,-87.58264593660878,-87.22583969317527,-85.7809545054412,-85.61326717059517,-88.45420331067686,-87.95407153472941,-86.34256151128888,-87.34538301450986,-86.66627552786501,-85.69557031047034,-87.42490914140954,-86.9411680881816,-86.88687892999219,-86.92790082601906,-86.80863180934776,-85.40372185761703,-88.570278246986,-87.46620902069151,-86.29058099085496,-84.98202947822621,-86.36891876781982,-86.49581033705405,-85.36437921718543,-85.6215274748006,-85.81029317339761,22,-86.24335916260385,-86.34256151128888,-88.570278246986,1.4312417765482446,0.17663403596226504,-0.23839021843550556
HDOK,PLOK,17472,1,1,-86,10,11,2,33,-82.57019956181226,-84.53450325418389,-87.55113629206163,-86.29838423869667,-84.38068335741423,-86.50841720729782,-87.21850611264838,-86.53038470575692,-88.4759535475459,-86.66627460997213,-86.41812938572,-87.42851601822994,-88.89496593210689,-88.23388092483577,-87.08561450022947,-85.61547011200233,-87.83961891235133,-86.49720063294805,-88.2300277147616,-86.25375209938473,-86.14933506903988,-85.15615519582903,-86.21568467746758,-85.29531336064754,-85.62804356483223,-85.75202795808653,-85.54008389631619,-84.64735782876417,-85.67097785162241,-86.0818500690257,-84.52195541879101,-85.85834077544438,-85.74966423227434,22,-86.22722451570004,-86.21568467746758,-88.89496593210689,1.7395765858336594,0.2176448521054919,0.6584199748266002
HDOK,PLOK,17472,1,1,-86,10,11,2,33,-81.09583513205138,-84.16436157764231,-86.76826294671345,-84.43179041596268,-86.62526552873844,-85.67789682257593,-85.78614203874874,-85.00819212916896,-87.8278725900238,-88.71079992126475,-87.09571476436199,-85.99197853090953,-88.15090592609657,-86.60294269343173,-88.11752486343848,-86.3621776830886,-86.78471153328806,-87.23440836759704,-87.10415472295522,-87.47507460552464,-87.43702159657585,-87.18249412383484,-87.66086514186743,-86.17390552301693,-87.00384583223563,-84.83512759664231,-85.43586095735056,-85.13309404188365,-86.12166525514667,-85.54076250332498,-85.42684859339961,-84.62912641721711,-88.41592529994347,22,-86.30341077806126,-86.60294269343173,-88.71079992126475,2.2406828465487116,1.1697809548930942,2.8991951793215285
HDOK,PLOK,17472,1,1,-86,10,11,2,33,-83.24315436175289,-84.07553123048127,-86.74038692250237,-85.93900237937304,-84.89980407255769,-84.57920836006626,-86.60224114086772,-87.44646798368433,-89.60107686376139,-87.03878493276106,-88.32142204330744,-90.05186820741031,-88.64498955363807,-86.08191805414371,-86.70250768943197,-85.4615145547884,-85.9194007701252,-86.48870140676249,-88.58385366559045,-88.51369512863928,-86.96089738914475,-86.71248114743129,-86.42993257547894,-85.15962647830646,-86.12167258606469,-86.01717402389701,-86.9644223217244,-84.82375086857749,-86.49342978641998,-86.4614260437881,-84.60170420309527,-85.18470043945302,-86.6043848740772,22,-86.4688221836092,-86.48870140676249,-90.05186820741031,2.280570595911578,-0.3512923205135976,0.24272985929410718
HDOK,PLOK,17472,1,1,-86,10,11,2,33,-81.5541102645859,-83.27506406263825,-84.77414340667096,-85.07741347318162,-85.2836317668825,-86.91563959410922,-86.6830217523072,-86.56111104938864,-86.25569368666346,-88.08498060924565,-85.63523548743477,-86.2346872482508,-86.96884330812836,-86.36079296960831,-86.33787250870932,-88.40863259616519,-87.10285247211179,-85.47880835943216,-86.95807050657557,-85.94124723236355,-87.33507448513224,-87.68036485436478,-87.2143209942213,-86.53621546815629,-89.29451971454871,-86.20706025299668,-87.90346223609141,-86.17858660817463,-85.86397153038985,-86.31164569674917,-87.42412180753817,-85.6681911864218,-87.25610460045849,22,-86.38683308453625,-86.36079296960831,-89.29451971454871,1.9844227936840326,1.1937933633429967,3.538416991180004
HDOK,PLOK,17472,1,1,-86,10,11,2,33,-84.8405154363396,-84.33464917785207,-88.59171771910019,-84.54101071298912,-84.59752786960438,-85.52707730281595,-86.4787983501706,-86.4543030558952,-88.63158412001354,-86.77954983819382,-87.01861228891264,-86.04558320899949,-85.9408915232589,-84.81896219065959,-86.11901900964921,-86.94285766705187,-86.11896155003545,-88.72128661664006,-87.40884235559686,-87.19969261599604,-85.47635432754252,-86.64256888965019,-86.8100130812222,-87.62192694446887,-88.86247984378086,-86.00471789938788,-85.27819254986309,-87.11476456793531,-87.22895813557155,-84.80847348892341,-84.45132540871904,-84.94687260244656,-86.486436072792,22,-86.32862201279025,-86.4543030558952,-88.86247984378086,1.6469453307010014,-0.28732429138153665,-0.6459846364218325
HDOK,PLOK,17472,1,1,-86,10,11,2,33,-82.96778114868658,-85.67305743726776,-86.12268938796895,-84.11598997367452,-85.53481034339787,-87.41153344506111,-88.46423351022992,-87.64161066363384,-88.39539960014778,-87.06058523035838,-84.67818705133827,-85.6131419265174,-86.36675284238949,-88.15539915813137,-86.85998514536215,-87.19565332663713,-86.08079097309601,-85.60782703574948,-86.53081588182255,-87.02181980909832,-87.63382805957998,-88.2121790415009,-87.51093088558707,-88.28972394717917,-87.0789189671175,-87.45031119301791,-85.19777675691397,-85.90601142022606,-86.39087707607722,-86.16172115581716,-86.04598673112866,-86.40668100772804,-85.53738852423778,22,-86.52486056535395,-86.40668100772804,-88.46423351022992,1.5610788417056414,0.6154401457030552,0.6201329926046117
HDOK,PLOK,17472,1,1,-86,10,11,2,33,-81.75455128254028,-83.86964954756343,-86.43388805714335,-85.79778489016493,-85.47333378241075,-87.23258816733566,-86.71791857772843,-86.11598876875836,-88.16991616298517,-87.47747864276135,-85.65993612926046,-88.07096596834998,-86.16184186160186,-87.87258107986952,-87.65961437864497,-87.96098905268724,-87.126028142762,-85.70388853487306,-85.59355430018834,-87.10788030276053,-88.54120144915487,-86.6287569412528,-85.95057299391526,-85.67387971016251,-85.1733476017585,-85.60387620263423,-86.53064498377864,-85.12016921608374,-84.91080551156223,-86.85499952299013,-84.66517118632737,-84.8165216082496,-85.10579279171232,22,-86.16776113181731,-86.11598876875836,-88.54120144915487,1.9127906643619723,0.747239003408778,1.6687839877984376
HDOK,PLOK,17472,2,2,-86,10,11,2,33,-91.58589792307501,-84.07463359475227,-83.26332088715151,-82.80574543112354,-84.50174677301607,-86.8130027265903,-84.75464595147855,-85.5645111904911,-85.57909195656345,-85.07081848487348,-84.44098251905896,-86.2023377843991,-85.92786361948596,-82.4804353015642,-83.37314735222091,-85.85294558339616,-83.35760848501454,-84.94371676187922,-83.8830334589577,-84.69426300822303,-84.61443884697408,-84.34918499303294,-82.24632638472661,-84.31484131932669,-83.56976978026229,-84.6422874838526,-86.70837038065025,-84.36537516099818,-85.13673641682097,-85.26054760572916,-85.39470304729122,-85.64168049977148,-82.86081721022477,22,-84.79620690675688,-84.6422874838526,-91.58589792307501,2.7478065669859792,-1.9428341700997709,7.408492673251784
HDOK,PLOK,17472,2,2,-86,10,11,2,33,-92.60267635814229,-83.44710332811319,-82.84703249566796,-82.535423527929,-83.38664887780165,-85.98107866009418,-85.57815662600646,-84.67949571834099,-84.86482470293349,-86.07582449140921,-85.66435969500617,-83.8361520608963,-84.36875384858787,-84.21524616464184,-84.78962650672236,-85.54521420480263,-83.18612066254045,-83.55937016068202,-84.07109271870846,-84.35457134480889,-85.16671224788446,-84.02897171941787,-83.70488483031735,-85.11106037780685,-86.17398933758068,-84.22896900765814,-84.60953161272077,-84.29620667765691,-85.41794709377625,-85.15745529993728,-85.39501143366927,-82.42535974947458,-84.709501440933,22,-84.72770827220207,-84.60953161272077,-92.60267635814229,2.9030076390334805,-2.9326283156692505,13.261582466928141
HDOK,PLOK,17472,2,2,-86,10,11,2,33,-91.9920933079464,-82.18618921169575,-84.63094339072464,-85.28898379117645,-83.04371488192237,-83.37355583541739,-85.18937462334358,-82.82415454890095,-86.67161421797088,-85.40644427223233,-84.22525181505708,-84.61012197667075,-84.37992823931093,-85.97860474187945,-84.91592019181711,-85.2349124832186,-83.35556975835917,-84.26463290788544,-83.6876315494636,-85.45561520328569,-84.62142105255813,-85.66628926899756,-83.55231998094092,-85.01805078767285,-83.8343692904524,-84.55707559477794,-85.55097627680415,-84.89993000810044,-85.9260009275543,-84.2315686059134,-83.97613374784353,-84.7049813424836,-84.34250263274387,22,-84.77566292318552,-84.62142105255813,-91.9920933079464,2.5595984068035857,-2.693613068814036,11.9119006795293
HDOK,PLOK,17472,2,2,-86,10,11,2,33,-90.49454925622412,-83.21243814341071,-85.74854064392001,-83.22152853678516,-83.80756275860864,-84.84512962916622,-85.11926324984931,-83.3878346431067,-84.8299326037923,-86.26216039763354,-85.94217830683057,-86.10396737242202,-84.50216341580652,-84.51155277157771,-84.73230340922011,-85.07323567913181,-84.7302101936009,-84.115670277641,-82.67159603832339,-84.59648640295738,-85.35071895068037,-85.71669935357276,-83.29192558346635,-85.20180922072124,-84.44003279685744,-85.38506968765044,-85.24744762710311,-84.15051116509375,-86.85556907663577,-83.02404059416656,-84.20175664751267,-83.3039343790398,-86.20288944554504,22,-84.85699115933495,-84.73230340922011,-90.49454925622412,2.0718765971943798,-1.691250510941415,5.826232681850392
HDOK,PLOK,17472,2,2,-86,10,11,2,33,-90.34853424660949,-83.30210494086317,-85.27117807890636,-83.26938813301601,-84.90588930470635,-83.63899914018063,-85.9009091382828,-84.16457539354482,-87.12730732704587,-84.99195938020083,-85.4367472840847,-86.55043858061606,-85.33649293725854,-83.94904899097943,-85.1932969680053,-82.63154134199576,-84.4583082513978,-83.67612996496962,-83.99751561669339,-83.54487608027131,-85.3819101785192,-83.98075501501766,-85.73646274095287,-84.23554163451335,-85.02681222916901,-85.94114923356629,-85.62488675294028,-86.44885457917478,-84.58518400516519,-85.69542320856084,-84.91913581616738,-85.74094881476412,-84.0526111851943,22,-85.00196716646462,-84.99195938020083,-90.34853424660949,1.9660142826879687,-1.5619520119823118,5.0912793978066055
HDOK,PLOK,17472,2,2,-86,10,11,2,33,-92.5045433457226,-82.67598387276344,-84.18332220467154,-84.9704613851841,-82.58042143738335,-83.84248997558727,-85.1570340406949,-83.68648484685339,-86.23260722652617,-85.67334029446458,-87.28544743926463,-84.50187106323955,-83.5310083140707,-85.37051603144198,-86.6292641761821,-85.77620354306998,-83.45443783623679,-83.54997685751627,-85.89392237956734,-84.0984511463888,-85.19217846338469,-84.61373900162212,-83.65114401208096,-84.83787672293138,-84.3865797516606,-84.34972051122327,-87.18489637276362,-84.93740568214935,-85.76996278816142,-84.7746229653986,-83.4089800643988,-85.2212065926801,-83.8677897791929,22,-84.96345121589326,-84.7746229653986,-92.5045433457226,3.1060959152413994,-2.402953949003991,9.147336412568999
HDOK,PLOK,17472,2,2,-86,10,11,2,33,-90.85139016155392,-83.7417859779163,-84.13300658190344,-84.15474064742007,-85.1819197229036,-85.14259016986205,-84.3512333398361,-84.826623408362,-87.52227381074528,-83.96973049136636,-84.98303761625974,-85.74233289290348,-85.46127900871967,-85.47931363196723,-85.11310407622257,-85.32283694399112,-85.39355501721103,-82.97264374545776,-85.30439784456479,-84.00015648808034,-86.10752915220472,-83.10762450322929,-86.23861831532284,-85.46214005995562,-85.63136776840693,-84.63914861122335,-83.41761181218098,-85.72378040000727,-85.61717052092192,-84.1794235250874,-85.12643395977314,-85.12744979447827,-83.93356282028611,22,-85.0896912975856,-85.12744979447827,-90.85139016155392,1.931951458641917,-2.101930406068115,8.042384359225537
HDOK,PLOK,17472,2,2,-86,10,11,2,33,-90.27414281374374,-83.34744421705031,-84.19094060275813,-84.46252714424571,-84.00219405691048,-85.44663778710365,-84.29689494488194,-85.23021026128202,-86.63859893493128,-85.2787794431075,-83.20789854574332,-84.79693403559074,-83.36967873859943,-84.96618685223896,-84.05384780870756,-85.20569009354834,-84.4350388808795,-85.25814586964124,-84.54244264604174,-83.76471460234816,-83.54625486528832,-84.3216513674406,-83.37306845815571,-84.8617746794338,-83.2553995677227,-85.70795859696985,-87.64727172484764,-84.76452265922826,-84.79887718358675,-85.18441200362257,-83.59601660460312,-85.14596373197129,-85.97064563717635,22,-84.81644743513336,-84.76452265922826,-90.27414281374374,1.900359855340806,-2.066061011847842,6.49732235327628
HDOK,PLOK,17472,2,2,-86,10,11,2,33,-91.29294771634828,-81.6916443004396,-85.70811968657686,-83.97068235117067,-84.20116407824662,-86.46628286086798,-84.48909770893347,-85.40060904578377,-85.00963601676233,-86.34346135863811,-83.90035699627623,-85.29543461578838,-85.85858429649201,-86.6918321169911,-86.74445015417167,-84.47785267692576,-85.76139869942048,-83.95376946153826,-83.55081327158358,-86.8017451997937,-85.70994913046736,-86.02817116821875,-85.147131821453,-83.51239603683291,-85.24428888856225,-85.41493754710724,-82.7375516136407,-84.57918189406794,-84.92654423173813,-83.02955171042808,-85.2002189013734,-82.80682838504272,-85.5668925017488,22,-85.07616746798273,-85.2002189013734,-91.29294771634828,2.7438141286984776,-1.234088945050511,4.926733532660503
HDOK,PLOK,17472,2,2,-86,10,11,2,33,-91.61413018405575,-85.11413371141951,-84.83214482556313,-83.00834643405037,-85.9606086322791,-84.80390086972258,-84.62897378961812,-84.67493756273089,-86.44772037293787,-85.33124693604626,-85.08810630832573,-85.91262153348437,-84.41325718360686,-86.2006552400519,-84.22761736428512,-84.99810400258598,-85.19305621513604,-85.74337777381231,-83.69031941493368,-85.66550583489608,-85.74035451546615,-85.14996362510871,-84.29125081765955,-85.61239847662031,-84.20178954701028,-85.66200702327295,-83.35512178978956,-84.889347605971,-85.33678909821835,-85.79370344548315,-85.07618153284304,-84.04127335902375,-82.83352615111701,22,-85.13734761142804,-85.08810630832573,-91.61413018405575,2.0641377111140304,-2.5980754666874675,11.943528263579823
HDOK,PLOK,17472,2,2,-86,10,11,2,33,-90.67132437898299,-83.57000894393828,-85.12057503909676,-85.24815162850662,-82.32972129876254,-84.90717091131411,-83.57759634924297,-85.78163634765474,-87.8533202735772,-84.2579993033312,-86.44098879528649,-85.9873968424855,-86.19653241618161,-84.77726651028601,-85.28378956718704,-86.34531697387239,-83.92374547340309,-84.86836308137048,-85.9490642779559,-86.316867935766,-83.48732467415545,-85.60093194638597,-84.51584574592513,-86.90936055119043,-85.38831510732149,-84.64089017857377,-86.76462326339343,-83.28835600654162,-85.0428107553947,-84.95430334409586,-82.69181899257859,-85.55848762625051,-83.76419002028096,22,-85.21254832000878,-85.12057503909676,-90.67132437898299,2.4701938713908893,-1.0528526826259448,3.1610939238744717
HDOK,PLOK,17472,2,2,-86,10,11,2,33,-90.49928267185102,-82.5270117698645,-82.06431055361602,-84.95805633273112,-83.0873107402827,-83.32779993071271,-84.62257732565416,-86.94152414075343,-85.39660898439816,-86.280505265927,-84.30764970336541,-85.1806503971865,-85.8865516177949,-84.54439505727635,-85.79268379756147,-85.36576182047385,-82.14823683092715,-84.30497022014904,-86.79724719537278,-84.46502000356782,-84.36411242406733,-85.19591576970186,-84.76574496035583,-85.46583386088632,-84.42184572773373,-85.96320012412448,-83.57165160398127,-84.47310210524464,-85.42285319746665,-81.69491188851075,-85.94269652718252,-83.12845281880597,-84.88720805072599,22,-84.7816873763107,-84.76574496035583,-90.49928267185102,2.7202764162940953,-0.8599059320803685,3.2158532451778776
HDOK,PLOK,17472,2,2,-86,10,11,2,33,-90.04222522154538,-81.62086280249522,-84.39284830723149,-83.17173971404091,-84.06343163244283,-84.28913843785735,-86.3431137615289,-86.06519330903171,-84.99344236380263,-86.42682921776341,-85.87559727917628,-86.19500816666523,-85.55805976148203,-85.34206979240285,-83.88919538921971,-84.8698464278994,-85.18670469381105,-84.69999564223069,-84.41750099405148,-83.30696167077033,-84.0884363989113,-83.94702031141017,-83.7312187302004,-85.39533436154868,-85.78660870764294,-83.85843156922465,-84.08292100980289,-84.82259912876853,-86.03382299625524,-85.53305476771683,-84.6930283841899,-86.40633883662588,-84.0834637041605,22,-84.94581949975475,-84.82259912876853,-90.04222522154538,1.9631403865577792,-1.072496637256438,4.447148610004641
HDOK,PLOK,17472,2,2,-86,10,11,2,33,-91.6029188372815,-83.66668451812563,-84.91868435679474,-84.04053614424244,-84.38601580916388,-86.30146093106083,-84.92191985956359,-83.92304727419139,-83.92277640253899,-85.01227219676238,-84.07218165056355,-84.83072508554288,-86.91332599143315,-84.5204448088092,-84.13167441162288,-86.579993541857,-84.46937872154268,-84.92886792920181,-84.48601617695387,-84.95981845727735,-83.4563912918976,-84.15746482775944,-83.84194557374887,-84.62901066866503,-84.07061804937818,-86.01634588786675,-82.97318809070912,-85.88001246306204,-85.75497745584038,-83.40999412076022,-84.71536920814756,-82.06331310700412,-84.47589907306889,22,-84.78888705825568,-84.48601617695387,-91.6029188372815,2.461859668570839,-2.4884143338924423,9.997462140613166
HDOK,PLOK,17472,2,2,-86,10,11,2,33,-91.38212072898297,-81.86754143053487,-86.88870014074217,-83.94204065463639,-83.68884470242195,-84.8443452559486,-85.90655130215772,-86.51763131288321,-85.90125508694376,-85.70274931261142,-84.3009225128181,-85.29311789773115,-84.54180413824693,-86.12278047182711,-84.2411229683273,-84.97448145506357,-85.06164520592576,-85.9785223257926,-84.37405688143375,-86.10266099931607,-84.19990014358585,-87.04595500402122,-84.56927821921576,-85.92431560116299,-83.53462821572302,-84.5863411645042,-85.1335587082221,-84.62255154815401,-85.12677956896822,-84.97294430867291,-83.40912688601777,-85.36569835005773,-84.31853876858162,22,-85.16492458397676,-84.97448145506357,-91.38212072898297,2.3390416719161453,-1.8051779141474507,7.499589308960033
HDOK,PLOK,17472,2,2,-86,10,11,2,33,-91.96875567869705,-83.25887226585809,-85.63985925330822,-84.0143470854774,-84.26213090001941,-83.97716285340229,-84.24611836748969,-85.40430352210419,-86.44262164106749,-83.72804340290246,-84.21878917653817,-86.33486622701005,-85.32710096872891,-84.19426776226638,-85.66946507573891,-84.02412928145428,-85.2898122164371,-84.8668046028604,-84.93517735428975,-85.63892990783206,-85.48637638249443,-85.11081187482425,-84.85541657431708,-83.84659345732128,-85.42637550064309,-84.2362511571411,-83.42645478928635,-84.10553185906264,-85.06663936592831,-83.91508983589186,-84.71409136690211,-83.9640775374865,-83.94476577916463,22,-84.89515251587713,-84.71409136690211,-91.96875567869705,2.2057254085281532,-3.350992139064574,15.172511068809703
HDOK,PLOK,17472,2,2,-86,10,11,2,33,-90.77975215022421,-83.29435142399907,-84.52602031103119,-83.71323821044581,-83.44336712399391,-85.18311715525394,-83.24541663438188,-85.80308694762125,-85.52564996180251,-86.44702952891582,-87.72564307643131,-85.12059307826968,-87.32989255233731,-85.09185929505767,-85.42061842428207,-82.99368026026006,-85.43838957097354,-86.72355584903416,-83.93331674899733,-85.05232547688428,-84.34758509994414,-84.50287546264525,-84.52916772288403,-84.38721892806373,-83.27465770000975,-86.37500780516838,-84.99214709158375,-85.86917572253378,-85.69711888367786,-84.73665885924451,-84.21517154882359,-83.04801273964112,-82.99498627840491,22,-85.02305114008553,-84.99214709158375,-90.77975215022421,2.5457178009612784,-1.4484192414898955,3.73080161450982
HDOK,PLOK,17472,2,2,-86,10,11,2,33,-90.34093961010798,-83.14551001262113,-82.88944187887566,-84.69440800257811,-82.32402212164499,-87.09974637147505,-85.22117394210802,-86.00363845418379,-85.3095667596958,-83.19313004500657,-85.3870052971164,-85.62905990644526,-85.94028213434818,-85.98993115100525,-84.59007822840735,-84.5300101170029,-85.310820494923,-85.2910486728553,-85.08770639650619,-86.28131556345835,-84.27207541438108,-85.01736036461358,-83.36815962344676,-84.91134882108824,-83.37090313760082,-84.31886387227715,-86.47832811307042,-85.01601497018272,-83.47605194809363,-84.8948489155482,-83.65667430674279,-83.87009969590558,-83.75020558888795,22,-84.86847787673348,-84.91134882108824,-90.34093961010798,2.182996570611889,-1.3678572499950639,4.360700713613873
HDOK,PLOK,17472,2,2,-86,10,11,2,33,-91.88567165719026,-83.1011903115583,-85.92335696236455,-83.59347291215903,-84.11534449787334,-84.83387042781035,-82.94077010188735,-84.02052186050972,-84.61768323687284,-86.12055645909321,-86.74296980943139,-83.89620163281849,-85.19767028917029,-84.27607044192378,-83.10606305055146,-85.47345593753028,-85.64890888095191,-83.29696283609962,-85.77069079158154,-82.56741547632157,-84.11526877004269,-83.6991852546423,-84.66934992224581,-82.75880880153616,-84.75000024797892,-84.5532947521439,-85.85048957402444,-86.60540029379352,-85.86691569688611,-84.00032496889332,-84.00359531692177,-84.05572418687022,-84.77810696162649,22,-84.75258522185773,-84.5532947521439,-91.88567165719026,2.8048039222465784,-2.328762465482218,8.866331985451328
HDOK,PLOK,17472,2,2,-86,10,11,2,33,-92.00979846110499,-82.79784353859574,-86.07597202423896,-83.87567509419866,-85.08964794071885,-85.09793683481018,-85.52176157114587,-85.93363299842184,-87.04670936197712,-86.97009412607258,-84.43385178105224,-83.81674099607977,-84.53537846989192,-85.39408197940905,-85.33619304431679,-84.83439384481298,-86.1708442898168,-84.63350661236369,-84.4392555430556,-85.50697064977466,-84.70234000763399,-84.05782750875272,-86.84422867829998,-85.84738432892131,-83.98561742297522,-83.92840058328098,-84.47578651302197,-85.37504811052898,-84.67787184597995,-85.04013799174346,-85.39916757396823,-85.31038842989345,-85.07114089573815,22,-85.27986754704837,-85.08964794071885,-92.00979846110499,2.285423083323551,-2.667182272977947,11.178065121285254
HDOK,PLOK,17472,3,3,-85,8,11,2,33,-83.02512159147933,-82.27266432948682,-83.18891323041115,-84.61524869312346,-80.50566293223315,-84.20616933923803,-84.11286635035778,-84.49937482567098,-84.70818102382022,-84.62253163916495,-83.24792069111994,-83.49119644330153,-82.85360271409581,-82.70650452424331,-82.62393940971627,-81.74409840396567,-83.01778233908377,-82.94270746948655,-82.54102358241373,-86.2582039976785,-83.0296240918157,-81.78835545287941,-84.15258855856288,-85.18430206168871,-82.31062456967595,-84.2904785157482,-80.44832359134713,-82.92005038957868,-82.4356015091585,-81.59380275640298,-82.77778358080067,-84.43148989335214,-83.62289049645621,22,-83.2172614847745,-83.02512159147933,-86.2582039976785,1.5848057056288238,0.03504984456100215,0.26412055772692034
HDOK,PLOK,17472,3,3,-85,8,11,2,33,-80.829562943619,-82.37997216709982,-82.6965220825859,-84.87500420324224,-82.30803616597788,-84.54959908225115,-85.41601140013083,-82.6104310723476,-84.45877230767023,-84.68603502267652,-82.87844562376445,-82.62722595722055,-83.18383474207639,-83.64990524291119,-82.58789617075146,-84.62809372772931,-83.43080384714094,-81.62981166686225,-84.39798178408059,-83.9848508462483,-82.8900037596768,-84.01447401435271,-81.75266415017956,-83.48875662691006,-82.58843038763627,-83.25468071889443,-82.91234868663754,-82.64610702918868,-83.0032749437486,-83.23838699286982,-82.41139482247748,-84.38350466391398,-82.57119836166483,22,-83.24133397619812,-83.0032749437486,-85.41601140013083,1.0528118393614276,-0.08765247218105847,-0.25654690264246005
HDOK,PLOK,17472,3,3,-85,8,11,2,33,-81.32387718181366,-82.19213971806029,-82.65486423300946,-82.85081964457461,-82.06319531036743,-84.60080356730583,-84.84021990540936,-83.79792233768777,-82.54020933695604,-83.91594074477247,-83.74699962961488,-83.15834902927396,-83.65881080496801,-84.05734696537206,-84.37531941463047,-83.26005342089718,-83.7011930612164,-83.07975950444673,-82.63744877558523,-81.8869537303602,-83.36961236365428,-83.49441372664708,-85.08023636505878,-82.25013270949486,-83.62446831932488,-83.46966582603659,-80.91082315769702,-84.65627610059695,-82.61681575105364,-82.34616916970988,-81.992333887499,-84.4040815232237,-83.31595532050063,22,-83.20827910717635,-83.31595532050063,-85.08023636505878,1.009037511985993,0.1975232432726739,-0.4143081602629404
HDOK,PLOK,17472,3,3,-85,8,11,2,33,-81.9960348216346,-81.50970416930315,-83.8215232112928,-82.83743433459979,-83.94938514940905,-84.56708978627492,-84.44426483401622,-83.2572683597403,-85.83375062714168,-83.75595276464766,-82.72211689119104,-81.69262815577682,-82.6981278552943,-83.80649799200101,-82.12732054245393,-82.13904299524242,-84.64973769998095,-83.63081916954918,-81.86649075811575,-83.66557587116883,-81.56752597251024,-84.33928197033136,-85.06289291656685,-85.49159080294024,-83.07164377608882,-82.2857059262247,-84.09550496862269,-81.5905044996612,-81.93274716833645,-83.38384633637297,-82.82508086672321,-82.4245723235242,-83.06358355797664,22,-83.21531051741553,-83.07164377608882,-85.83375062714168,1.365240418009358,-0.3732104688025119,-0.6646627956314348
HDOK,PLOK,17472,3,3,-85,8,11,2,33,-81.94829089766766,-82.30529061907959,-83.35397027805863,-83.52333753835848,-83.36186272836031,-83.50161051054508,-83.51041944781008,-84.80075928072726,-83.87512585964919,-83.85677363137883,-83.08708026864002,-83.09288031692166,-82.46488331465834,-83.65018441976548,-84.59789051124825,-82.77850651224408,-82.18299226387167,-80.87289126797218,-81.79508101011724,-83.4246271524395,-81.56693828981393,-83.08264075404877,-83.4916945647442,-83.9602356127044,-84.76424695361737,-82.59928081405883,-83.8990887390693,-83.19651897399895,-82.94065145225504,-84.51448757885638,-81.66115553648467,-82.69709546656374,-83.73980607121314,22,-83.15449389808917,-83.35397027805863,-84.80075928072726,0.8730606873115041,0.36281084652276396,-0.09097589866748512
HDOK,PLOK,17472,3,3,-85,8,11,2,33,-81.83221354124753,-81.65081904834771,-83.37011662041942,-83.31352074458971,-84.23142429078663,-83.64626155706681,-84.40841301224197,-83.2542423914564,-84.55713830397971,-83.80913041680537,-82.95663035766752,-82.84524231408778,-83.39100963587477,-83.73895640125794,-82.29285556834165,-83.48721989978742,-83.09031535050639,-85.36974458362366,-82.9928169011306,-82.82606723399101,-83.42323242081228,-82.292934702019,-81.7570197863806,-82.59511923437255,-82.28905669594263,-82.76629510821122,-80.91957918086328,-83.94465537197384,-83.62301853775631,-82.84666210872685,-81.34583206706314,-82.94043199686445,-82.97495491697876,22,-83.05402819094468,-82.9928169011306,-85.36974458362366,0.8733854025797346,0.03706391786684541,0.41061796700926356
HDOK,PLOK,17472,3,3,-85,8,11,2,33,-79.44945832622511,-83.23378520206066,-82.76881952419394,-81.15583817636075,-83.04410139503969,-83.63481848332624,-84.37247138503804,-86.02619173418051,-86.36182693176814,-84.9348532793914,-84.14800984715694,-84.08685948741834,-83.56641144845922,-83.69787199559691,-83.83896175049226,-83.5769819922568,-82.40333285146538,-82.07894601594045,-83.57087937326283,-82.41991550925194,-81.86016875848335,-82.64712524437093,-83.03815545153952,-82.3775708544002,-81.81912225842379,-84.2707817468519,-83.45137918281405,-84.3825875939074,-84.35755469583384,-82.12516798926283,-83.66415939113742,-82.66823240516507,-82.69443934169168,22,-83.26444786735657,-83.45137918281405,-86.36182693176814,1.7181890304993421,0.2016636391246303,1.6254587898224817
HDOK,PLOK,17472,3,3,-85,8,11,2,33,-81.34471213787896,-82.1104140637679,-84.42844355983635,-85.08588312747936,-82.67287696733348,-85.01652354661543,-83.32252971484799,-82.98688614179366,-82.31117575976587,-84.7549516243639,-83.17109839070086,-82.4290220598698,-83.51615185545883,-82.71836287245728,-82.22642702404806,-80.57248062485182,-82.7835798506878,-82.56065426379728,-84.16807897506214,-82.76046550543732,-83.4531020914462,-81.53711279892437,-84.06692360872125,-83.56508904926133,-83.14490519838459,-82.21393626851348,-82.78509291628284,-83.73229534700751,-84.18422635164661,-83.9792243260317,-83.90934936801104,-83.28839554472454,-83.69982295283852,22,-83.166672542056,-83.17109839070086,-85.08588312747936,1.044765246825783,0.25991079640154735,0.11447443253000156
HDOK,PLOK,17472,3,3,-85,8,11,2,33,-81.15118040000215,-82.43532234645721,-84.01112943131338,-82.60205377336958,-83.40935680563352,-82.97068310142261,-83.21148269670323,-82.70144496194946,-83.16653608263677,-82.31796807048903,-85.07189027124903,-84.3433833843418,-82.09678272220495,-84.21241947030788,-82.89789059468929,-82.58013920728776,-81.7117223334424,-81.48113311312484,-82.73655036139402,-83.31644308412542,-81.61449650135192,-84.13882464220703,-84.11819336293382,-82.17243487317278,-84.84976436133562,-84.2957105758218,-83.67998036663079,-82.96567217558145,-82.4343114723006,-82.71552901257832,-83.90954107016236,-83.59632102144187,-82.91122346637599,22,-83.085682276183,-82.96567217558145,-85.07189027124903,0.9237631221817876,-0.08016867794828104,-0.5326123172486077
HDOK,PLOK,17472,3,3,-85,8,11,2,33,-81.79289684771413,-82.3896637645808,-81.92943201245986,-82.88677746345121,-82.03539730711557,-83.810276308931,-83.97026256835203,-84.11345898492671,-83.664200191347,-84.39260842172001,-82.82123738361842,-84.44718554392732,-82.48350003768522,-84.25972928616503,-81.83047447911372,-81.97615822087508,-82.9284586767603,-84.34754245313147,-84.98443656299146,-83.37493108249501,-83.47020497331026,-81.91728472350623,-83.57357254802297,-82.59160641428647,-83.30151482692216,-81.60101767316314,-82.52321224006516,-84.07961621995214,-80.23766954052084,-81.26781957149467,-83.70258421976727,-83.90455235008106,-83.1352233975348,22,-83.02256079684814,-83.1352233975348,-84.98443656299146,1.172945392450164,0.404499445105707,-0.3061067088188527
HDOK,PLOK,17472,3,3,-85,8,11,2,33,-79.68979226795147,-81.90495664801836,-81.98616171165874,-84.39919168445769,-81.54343545022593,-83.59818873147078,-84.93437466938747,-86.24412565992142,-82.18534281952115,-84.45353159870679,-83.46585071027714,-84.43548110543156,-83.34692911446191,-83.4430199525047,-81.69130026655351,-83.68838855631904,-80.83981157066133,-82.37492494417549,-83.4131250519741,-84.05000229771397,-82.77105855213695,-81.62123573728395,-83.84435911644091,-82.3479026372921,-84.3269935043537,-83.35913672989807,-84.67174252103791,-83.94574124657036,-84.99105550514844,-80.25702511899361,-82.86961048121185,-82.56488119832898,-83.23859813809712,22,-83.105978039339,-83.35913672989807,-86.24412565992142,1.9947508341940845,0.348039464952749,0.1573202637616431
HDOK,PLOK,17472,3,3,-85,8,11,2,33,-82.00753177139194,-82.90695436433832,-83.0787758848704,-82.8669047029212,-83.07992234524889,-84.16143118632233,-84.11144475298181,-83.36610883950515,-85.23052238137994,-82.41986958819896,-84.22544558184525,-83.10259049937625,-85.32598526589418,-83.52883485139736,-83.22892996347879,-83.09212573732334,-81.77047979082069,-83.92219206301263,-82.48863667532424,-84.20848804248514,-82.28184975001099,-82.63844322435749,-83.95620132630188,-83.4786104586344,-82.46132792498314,-83.09403096028555,-83.71631155265271,-83.38516133198988,-83.930202412164,-80.41766534836935,-82.511702187149,-84.79347479935258,-85.06682750633965,22,-83.32893888093051,-83.22892996347879,-85.32598526589418,1.055796694780876,0.25184329475317546,0.8228398286657099
HDOK,PLOK,17472,3,3,-85,8,11,2,33,-79.88904364910022,-81.60833016806005,-83.0607656964237,-82.23342309224023,-82.65736506870763,-84.3379867904306,-83.10093368808955,-85.28377979332663,-84.15321914737638,-84.60492710727826,-83.69506351726722,-84.17127128579162,-83.59901533914514,-83.86237460586858,-84.0771543419095,-82.71438949589216,-83.18879853252561,-81.37583274939098,-83.56235076035964,-83.70947024754483,-83.82008580873523,-83.12718158682843,-84.28982582594838,-84.73248574039187,-82.9950252039942,-82.6839521745713,-82.8138598846039,-84.79780614577038,-83.01258768347681,-83.42257787660662,-83.73407956863005,-84.01197497415144,-83.71478569361093,22,-83.39520373466814,-83.59901533914514,-85.28377979332663,1.113841785110796,1.1648524582705913,2.5621394892235654
HDOK,PLOK,17472,3,3,-85,8,11,2,33,-81.38217345615728,-82.42624313185371,-84.52853378050898,-81.91929338900555,-82.3654513885085,-85.39460703957035,-85.49684743599204,-85.25217028149471,-83.18911408129775,-83.15684887286508,-84.16803517498708,-84.81724174445034,-84.08897464777489,-83.98600537557448,-83.03728213991934,-83.42507785990195,-82.12410900408616,-82.51976577796931,-83.92118866278717,-83.21908255984236,-82.72339851347245,-83.0743586440501,-84.40512904022575,-82.8573335866281,-83.64026852783317,-80.53008032097692,-82.31283007651649,-83.56239499357984,-81.55383518112752,-81.96008759443878,-82.64245349860363,-82.03055186648001,-83.86533151441925,22,-83.19927573220906,-83.15684887286508,-85.49684743599204,1.391222466452407,-0.07599576761385626,-0.3280913610852214
HDOK,PLOK,17472,3,3,-85,8,11,2,33,-83.84316163237223,-82.43083526968675,-84.22120339154415,-84.71542322992363,-82.42588264793956,-85.06219649570733,-85.26146154928995,-83.67934523997201,-85.32421022962463,-84.92200440401608,-82.20935382187648,-82.90777030462807,-85.3736653057427,-83.24808286733848,-84.60605029850565,-82.40360125771898,-83.5931603515704,-81.8838495540215,-81.69010970541588,-82.54088673946418,-83.74816609140176,-84.70783857455395,-83.88055195664876,-84.73923938482075,-83.86769524332826,-83.04436760020181,-83.45320757780311,-82.07120402991661,-82.59341317963381,-81.77368621403879,-83.43046184125707,-83.81742584569758,-84.33565075906937,22,-83.56985341196152,-83.67934523997201,-85.3736653057427,1.2182372802293657,0.04133873728910558,-1.140844742714802
HDOK,PLOK,17472,3,3,-85,8,11,2,33,-79.39197339832975,-80.74913872349732,-81.59614194919433,-83.44539894165956,-84.03693986189573,-83.06463491726355,-82.49202790690208,-84.78833713631533,-84.78009991010175,-83.32986995883402,-83.0532169368461,-84.14654020346494,-84.8096963054556,-82.23974619742235,-84.38270215528702,-81.99725930061282,-81.59751187999797,-82.56601080861745,-82.98731329673595,-83.52755539850374,-83.29196157314816,-82.03306545320206,-84.61030111519742,-83.32743258875054,-83.93747723889325,-84.30267043094453,-82.0136707043781,-82.5510267255206,-82.66805789006409,-83.21490458938943,-82.90671720928057,-82.9776177567296,-83.33777781761532,22,-83.0349938266682,-83.06463491726355,-84.8096963054556,1.4029729408176508,0.8079895250853139,1.376987818091091
HDOK,PLOK,17472,3,3,-85,8,11,2,33,-80.65793364046736,-81.8917746458641,-83.40356411351466,-82.64930294460979,-84.16329321259248,-84.69737121753029,-86.12379036025979,-83.47411445982709,-84.64429197014174,-82.66882646174768,-82.61157154293622,-82.43120683140721,-82.00928685122645,-82.8147855413709,-83.35430771623611,-82.73149709288421,-84.51317504270605,-83.35412874116437,-84.07489481574054,-83.03964374197537,-81.7658334649179,-84.52099546151,-83.66259665901138,-81.80367741766773,-82.84809452464546,-83.3596620651683,-83.40759269249497,-82.42361062572492,-82.81811424286657,-83.19932821263815,-83.20513270850387,-83.67011873370339,-82.93020611631361,22,-83.17950678392026,-83.19932821263815,-86.12379036025979,1.065237488587221,-0.35129407722892403,1.2825542156567793
HDOK,PLOK,17472,3,3,-85,8,11,2,33,-80.66416134358207,-82.47656950336317,-83.3580807185719,-81.11859217908044,-80.37596632772046,-81.71957374353207,-84.19646224911607,-83.25035467860735,-83.10170797408708,-84.19725665324202,-84.5902264586003,-83.3278618637331,-81.24745456689864,-83.81130672231012,-82.762367063629,-81.8481791846358,-85.74636687458576,-82.30135786779685,-84.30034567849593,-83.01804366753586,-81.9317629510515,-83.48440171733951,-85.21814416476823,-83.12229988513651,-82.61004495545639,-82.70633307018959,-85.41422856724786,-83.10145568259719,-82.48489338948836,-81.34662457468436,-85.37539046918775,-82.37121789335087,-82.76711160914017,22,-83.01048921965946,-83.01804366753586,-85.74636687458576,1.8123468904579858,-0.18769761232093324,-0.3557787870636737
HDOK,PLOK,17472,3,3,-85,8,11,2,33,-81.71398354334579,-81.08241385369924,-81.94396608603837,-81.98663292525865,-82.43534938923524,-86.4346918698696,-83.6982277460199,-85.51976596415186,-86.33935186229681,-83.88268625201536,-83.22562856080772,-83.21115309651427,-82.16555149462037,-83.50146038882082,-82.31189398653414,-83.51711502275703,-82.0886340933408,-81.44774186627815,-82.49963870525066,-82.77766309025206,-83.56743932998546,-84.32187457188746,-84.42593162862065,-83.94255614025138,-84.5166004805212,-83.66729556122523,-84.390153369884,-85.47539064935475,-82.68460800644976,-81.73426627860795,-83.74755475690397,-83.96288934081302,-82.76998615918126,22,-83.36333624456948,-83.50146038882082,-86.4346918698696,1.768506833164984,-0.5384347327767659,-0.0772050499344501
HDOK,PLOK,17472,3,3,-85,8,11,2,33,-80.93289101792116,-81.98505766488127,-84.01150273392969,-82.28241722654798,-81.23244780235862,-85.93312607529651,-83.44466497399202,-84.7992662599562,-84.65241918952496,-83.23084836534352,-84.79671457782423,-84.06276148780684,-83.84099478463148,-81.52759391020774,-83.83580295147755,-82.48145552215519,-83.8102586862455,-82.22870540676598,-82.38635086756602,-84.92866600234215,-82.88857651832839,-83.70733167301367,-82.5295998556882,-82.50911040543554,-82.03360192138935,-83.8747512026197,-83.13598025862707,-83.32655448550747,-83.28472099349999,-82.32207206932779,-82.89462048939102,-82.69088112092577,-83.76702165826337,22,-83.19299297450885,-83.23084836534352,-85.93312607529651,1.2467049133447752,-0.2010268977051882,-0.08794560029285359
HDOK,PLOK,17472,4,4,-84,7,11,2,33,-91.70244145096972,-81.82447640191737,-83.37208128543723,-81.79954553704488,-82.58387696025858,-84.16918379679124,-84.09759162888822,-83.88327817096635,-82.58496322888331,-82.14223564119948,-81.07261096859395,-82.9976421217256,-84.66504315708394,-85.49649500862266,-84.02853509716024,-79.1619463239108,-82.71317330070022,-82.54469845620281,-82.37580381601066,-82.3968687891191,-82.74936498577195,-81.9852226387164,-84.11167057501619,-82.12590396272074,-82.8347594006125,-83.26994151568529,-80.50606031136266,-82.92293257369603,-81.65149387695148,-80.92715535734634,-82.12919919053209,-83.54843933844816,-83.18537956863555,22,-82.95636407384794,-82.71317330070022,-91.70244145096972,3.9164295708272325,-2.4787410700436543,11.006119785458079
HDOK,PLOK,17472,4,4,-84,7,11,2,33,-91.94947321332344,-82.23886563677559,-84.26970246753181,-81.50503210486661,-83.09797352762122,-80.92576170386076,-84.80441196785883,-85.41371203686366,-84.67917795262835,-83.48707128270583,-81.52724882323353,-84.58193566030248,-83.56407144604583,-83.608287581636,-83.44586501063839,-83.40226769982284,-81.85685260464498,-81.06084035916982,-83.76102439375671,-83.25587427542013,-82.45233706091364,-81.89840090378802,-83.97348320267466,-82.78340713513347,-83.23044994058628,-81.72835651000052,-83.93508590917308,-85.51893646954204,-83.90536471770939,-82.94284043073777,-81.95603388595771,-81.62470488073629,-81.62344128736365,22,-83.33358460857649,-83.25587427542013,-91.94947321332344,3.8129398690755743,-2.582605838365603,10.557716051818675
HDOK,PLOK,17472,4,4,-84,7,11,2,33,-90.13238205695694,-79.39745334424616,-81.09379492258658,-83.76926627638076,-79.25666862712986,-84.7644666657717,-83.41423122067303,-83.03492646224784,-83.34628335657172,-82.35916367963864,-83.9519741404761,-82.2731106614971,-85.21200977703577,-81.55630127429326,-83.222584943979,-81.24960486012033,-83.5045527323981,-83.5298052441801,-81.26718803679975,-82.17548310993517,-80.31549381925231,-81.57351797427637,-83.6713386447331,-82.59922712640085,-83.68215501484366,-81.75495558146187,-80.73903470031627,-80.28427015850805,-81.15409521491468,-81.76933265206746,-82.72709446833466,-83.41536668651904,-82.00266274396975,22,-82.55150897510654,-82.35916367963864,-90.13238205695694,3.8038818983635814,-1.5735891380738491,5.726121380186921
HDOK,PLOK,17472,4,4,-84,7,11,2,33,-92.63343782996496,-82.61482556493793,-81.8172478485291,-81.13252639711106,-83.92336549178009,-83.41133911179739,-83.47648341571045,-82.25792873850664,-81.85712165455728,-80.44781283998745,-83.45445349211599,-84.33608812692131,-82.42200748995359,-81.9019477999494,-82.91849281668193,-83.60080833383594,-82.31542194331391,-85.64283879780949,-81.50024754872098,-83.33139791694633,-83.74153075294001,-83.26266090578468,-83.31517154469168,-82.62788747427183,-83.83510882297759,-80.71846096986967,-82.4525078912587,-84.16867191565268,-82.13149032840076,-83.62247272101341,-82.05066912296225,-83.1018219868231,-81.3468015461154,22,-83.07184997399675,-82.91849281668193,-92.63343782996496,4.06696028454864,-3.25344145273525,14.966864873547886
HDOK,PLOK,17472,4,4,-84,7,11,2,33,-89.96837441463006,-81.05234758571522,-82.64427354925003,-82.67895339393463,-80.55559845844449,-83.45024205820735,-84.98643776915428,-84.89661115635599,-85.3109688774465,-80.7793601157335,-81.60514945623338,-82.6902716575229,-83.56445772712209,-82.25891192521847,-83.62705455092245,-84.35577960398075,-83.05781036211934,-81.84188431534618,-85.0507665157312,-82.35550706198134,-82.2242918283493,-82.78816174106647,-81.21503891366963,-84.29925801609056,-82.64803310984863,-82.02930274581529,-82.427230318688,-81.11162410742142,-82.07012079533946,-80.78637077707954,-82.21843409314003,-80.90326399798396,-81.27437986984347,22,-82.80988699604198,-82.427230318688,-89.96837441463006,3.3550951243304112,-1.8817634295509273,5.672487393071622
HDOK,PLOK,17472,4,4,-84,7,11,2,33,-92.5092184011468,-82.11859715939111,-82.57154512489097,-82.0796231517246,-82.44059062385651,-82.76498404238875,-82.79850352295271,-82.09603027186841,-84.48095792291495,-85.27594816463426,-83.29501210514769,-84.88256414272026,-83.22308521142611,-80.00373242393812,-83.88460704596048,-82.93867667355163,-83.6572040514403,-83.17491095801583,-83.7910573873377,-81.97646612817465,-82.07840008544409,-81.23848726804792,-84.97759492372106,-82.41683390004373,-84.59296112292243,-82.43965869020114,-84.44288066800863,-82.04267777829592,-83.74592700314561,-82.15986986433303,-80.86112455750933,-83.02121899847246,-83.39167707210254,22,-83.25371595290086,-82.93867667355163,-92.5092184011468,4.070674710861141,-2.890117212926987,12.859813703580704
HDOK,PLOK,17472,4,4,-84,7,11,2,33,-90.62286194673757,-80.3588221330966,-82.24798178272118,-82.93556048743143,-82.4013741190173,-82.12106917139778,-82.12341163444954,-81.98468111234806,-83.22231518343686,-84.02041993454918,-84.46389169063058,-82.57318366183922,-84.51397328190592,-83.80043222987955,-82.55120865292054,-83.27940722374885,-83.07564681166173,-81.20621348399006,-84.01506739246544,-83.16671206845757,-82.79262183590927,-82.2959546424405,-82.45380055823185,-82.83895023358625,-83.46258625881478,-82.05714939807046,-81.34484856189157,-81.57174698162673,-81.45624797829329,-82.71281067949427,-82.70490252345921,-82.58287252705148,-84.11701844212492,22,-82.94168923102062,-82.70490252345921,-90.62286194673757,2.7303315951075247,-3.0238272441104965,13.670265880721205
HDOK,PLOK,17472,4,4,-84,7,11,2,33,-92.58612683152805,-83.23349800112882,-82.69097706684445,-81.8391337569938,-83.59326987057663,-81.28207368107735,-84.12367998473867,-83.0864004521252,-82.45107445464056,-81.80206088902337,-84.41458189862348,-81.61979599715976,-83.17211481161085,-83.34826688111518,-83.39052897939376,-82.38818769707781,-81.89300337594723,-84.82598530444348,-83.30120172363357,-82.57302150443846,-83.7840002185163,-83.04725273641583,-81.57739048307835,-80.6086543636157,-82.0824329895569,-82.49217012487156,-82.99366918688551,-83.11692634419413,-81.76014570796153,-84.1208123193287,-82.97437977014711,-81.06115156913795,-82.21277645388659,22,-83.01353774029444,-82.97437977014711,-92.58612683152805,3.810828209303838,-3.6226764051371574,17.42130250417302
HDOK,PLOK,17472,4,4,-84,7,11,2,33,-91.2889276210558,-81.00101839914471,-84.2472103474246,-85.28661988566756,-81.92269918511722,-82.1244855953172,-83.62352868706851,-83.26016321480468,-80.51301888770881,-84.42855861675508,-83.82832010977431,-80.84340523179,-83.33893577091452,-83.68861265611018,-82.94521937793209,-82.12456822822163,-84.02401021436219,-83.36890834479084,-81.92729347534397,-82.08953615095221,-82.18203940104112,-83.70410066438082,-83.42725250589832,-81.9951064731089,-82.77250377624829,-81.38796381504966,-82.66638073441686,-82.93431629806253,-83.47667364974451,-84.48314488797288,-83.3412427450822,-84.81661186303012,-81.60068041178606,22,-83.17160779472965,-83.26016321480468,-91.2889276210558,3.39116895009182,-2.5136287150139354,10.587430734011349
HDOK,PLOK,17472,4,4,-84,7,11,2,33,-90.05724136975925,-81.50823483749939,-84.718370754262,-83.20687723237057,-81.30442796368278,-83.75217943434303,-85.43650325324501,-82.97049404156262,-84.03713868878815,-83.62227989793958,-82.82824240427641,-81.53035124761514,-82.34088209474962,-83.96666381734559,-82.30715535547853,-83.82676944817162,-82.02180804557166,-83.4492885361998,-83.1818961410319,-80.98755492554841,-81.04502505551592,-82.93271517254425,-84.03431255045014,-82.58715091605274,-83.19610908254,-82.09673984567603,-81.22356077199116,-83.57291287056375,-81.79127483975853,-82.46443025610347,-81.78792121814777,-81.75205414111095,-83.16035275895858,22,-82.99087633238952,-82.93271517254425,-90.05724136975925,2.728259180038271,-2.379324416826309,9.121377240754434
HDOK,PLOK,17472,4,4,-84,7,11,2,33,-88.75887628839502,-80.83938720396887,-84.48250680631796,-82.55699306804992,-83.20768240320407,-84.17256579932717,-85.57250275325488,-83.26917810845684,-84.56825698126822,-81.61038485389129,-83.38470331461957,-81.81587167973053,-84.3151705722946,-82.8767432388289,-83.70537059857146,-81.82012147981857,-81.58422898241774,-83.9684120225078,-83.998466290374,-83.18480395190377,-82.60028416079732,-82.85632353508993,-82.11096713940472,-82.74499883732413,-84.85046884017241,-82.46543438750773,-83.64838246356896,-81.61037131391757,-81.55521296225288,-80.93507377394509,-82.37555923581367,-78.55197375414782,-82.15219233330147,22,-82.97422633740743,-82.85632353508993,-88.75887628839502,2.915274227696401,-0.7154751809786983,3.52637492398572
HDOK,PLOK,17472,4,4,-84,7,11,2,33,-89.66611179415449,-80.66918315909248,-82.94124084501968,-83.2925633862508,-80.92663045587413,-82.98809972501782,-82.38425922613591,-83.80244180548955,-83.53606777725896,-83.66293388361781,-82.5790878976967,-83.26296250512098,-84.03881821707617,-83.13482267226837,-82.5789700634959,-83.15210075908895,-83.93812858236439,-83.12341160263635,-81.96126540210649,-84.42380835478984,-82.33637052180289,-82.90468450637135,-82.08460498378966,-82.81818023255158,-82.59942984031109,-82.10568267333169,-82.26471353123652,-81.9008703203157,-82.13354972747317,-80.84883895972345,-83.05509096483438,-83.92245512266173,-81.31835650400186,22,-82.91987078796849,-82.90468450637135,-89.66611179415449,2.255484036809431,-2.6140536097278546,11.688268177631155
HDOK,PLOK,17472,4,4,-84,7,11,2,33,-90.85465445709687,-81.58709575410577,-83.64873122445485,-83.6074815282245,-80.49928753389679,-80.6996060654531,-82.06212811176222,-83.5232444118039,-84.46828161236297,-83.13275127209594,-82.17822258554152,-84.28506468294098,-81.79308212851528,-83.31329833509344,-83.37316392266877,-82.35438372026539,-83.32213916313798,-82.42835425998676,-81.25640382517132,-83.72822890392055,-83.46048035326388,-82.54256384425396,-83.10720526089233,-84.23719128022137,-84.74112945835047,-82.42442638876092,-81.45440911991967,-82.76593288405859,-81.22780258192377,-82.55725309202968,-82.08572739885368,-81.75157611644023,-83.13155008250708,22,-82.95766216242346,-82.76593288405859,-90.85465445709687,3.0682364327558966,-2.714598914183447,11.780827984572081
HDOK,PLOK,17472,4,4,-84,7,11,2,33,-89.92415245891225,-81.44494910650486,-83.77523269990492,-81.48987950388636,-82.05189203376077,-83.0188381537829,-83.00591791019981,-84.29191795883901,-82.38583862246462,-82.61010421388856,-83.68393090042385,-81.28917234362892,-81.15818407587673,-82.67917030090463,-84.03107129211179,-82.55795591206748,-82.46257857742842,-84.88675141023745,-83.48296490220979,-85.3418528345601,-80.18323402834324,-81.01407695929015,-82.54203921745899,-84.08069499976267,-81.26024305097805,-81.76857116922878,-82.6160468726327,-83.77357400351707,-81.62167715415056,-83.51175517175278,-82.7884433722865,-83.24043968158354,-83.5536340669917,22,-82.95535711998696,-82.67917030090463,-89.92415245891225,2.8819806941543824,-2.0159075136811087,7.486839150163487
HDOK,PLOK,17472,4,4,-84,7,11,2,33,-92.10579531119515,-81.00836019447658,-81.3223560743769,-83.48874056507826,-80.69569357734981,-81.68745636624229,-83.07905697201053,-83.8704026222347,-82.88110667672424,-84.46163866632072,-82.40572535448375,-81.36058272849037,-83.95000409767864,-82.71326932191288,-83.37136224290441,-85.13754232665913,-81.91709664870666,-84.5035896495412,-82.4921548282117,-82.55333526917698,-83.88746661071197,-82.70620152012083,-80.37440984426688,-81.71137402476344,-82.55465663875711,-83.25955665678627,-82.38201613484765,-82.97120988451114,-82.24226256111402,-83.86668989447342,-82.1622395746232,-81.84077983387778,-82.55149364004353,22,-82.95501897917187,-82.55465663875711,-92.10579531119515,3.8208449705660077,-3.125516914219708,14.073325489376268
HDOK,PLOK,17472,4,4,-84,7,11,2,33,-90.6258820543083,-80.41104763546038,-82.93226563004451,-84.95180030629068,-82.09549184102582,-82.74390749900071,-82.77028715695401,-84.33461521239404,-81.42579316192655,-84.89952061696117,-83.04959721070315,-83.29390460701025,-84.31923760735208,-84.16598184272314,-85.70524805525669,-80.77588524402695,-81.91157478925017,-82.80586175104659,-83.00830048561818,-81.41999155099612,-81.81940066618057,-81.89525555549277,-82.85158281386067,-82.7111581565791,-80.44968723855051,-82.44731662590549,-81.96292580208322,-79.78830624386838,-83.02858765888607,-81.07921564639996,-83.81687406733546,-82.26024266797755,-80.73581817644617,22,-82.80280501751258,-82.74390749900071,-90.6258820543083,3.827737248036858,-1.9002324156869626,6.551329194296544
HDOK,PLOK,17472,4,4,-84,7,11,2,33,-92.47816004382258,-81.32370999105456,-82.83920028277201,-80.99647821148356,-81.86011113521049,-82.51486610608468,-83.14097747206,-84.56888593678188,-82.57060070435094,-84.2030079805952,-82.02441215998972,-82.92842213118658,-82.66062345761542,-83.63095053699863,-83.35322221054903,-83.51562752792246,-83.72371481216463,-83.27064323006388,-81.89026694307775,-82.02830040469584,-83.2715115856492,-83.19540417493276,-83.72454872575037,-82.42821034440632,-84.88828091542834,-80.9280176149078,-83.32379758167437,-82.07097283528725,-84.31782329247925,-83.39128286443116,-84.67281845302536,-83.25716961572864,-82.5559150424135,22,-83.25902831286646,-83.19540417493276,-92.47816004382258,3.6210387878021115,-3.4623747535491685,16.50167885912934
HDOK,PLOK,17472,4,4,-84,7,11,2,33,-92.6197562790374,-81.47494885163458,-83.34894911837254,-82.22553320587667,-81.85860430873501,-84.44171336991869,-82.34285147957785,-82.7073486289984,-84.23712208677019,-80.93098254287338,-80.51785480643163,-83.53381287567714,-83.7643473904458,-85.43732473269843,-80.82131251845037,-82.31059744383728,-82.33813645003127,-84.12175699142288,-83.10781556789728,-82.55858245551723,-83.29926651956049,-81.50397980195226,-82.63550880155228,-82.6080250336561,-84.17053478612432,-82.67538143412624,-84.45083348240213,-81.75845909053713,-83.20222003358886,-82.42559140194385,-81.73560032030983,-82.77241657156243,-82.13264422613676,22,-83.03241856386839,-82.63550880155228,-92.6197562790374,4.117204556399364,-3.246557309520773,14.682222239386034
HDOK,PLOK,17472,4,4,-84,7,11,2,33,-91.37002301529499,-81.85907141052013,-82.56972930027183,-81.22031675334084,-80.97715072909358,-84.0184674954207,-83.20607492148957,-83.43848908028444,-83.30947221075284,-85.18243038459534,-84.14553074320753,-82.62676645643491,-83.31564149269073,-83.37253304648388,-83.36398172023873,-82.43544124406556,-82.8946403776575,-82.04040518498026,-82.81322706214705,-83.54631409690037,-80.78326984643715,-81.97687375992821,-81.60048457222722,-84.0124881466613,-81.72438028111574,-81.20924838171914,-82.03518243121616,-83.38392881893587,-83.65406899767015,-83.76998795567167,-79.97959541227353,-83.60539539288763,-84.20771364137192,22,-83.01964619284807,-83.20607492148957,-91.37002301529499,3.4894892652068297,-2.5789015644681004,11.403296192813341
HDOK,PLOK,17472,4,4,-84,7,11,2,33,-91.06122481318691,-83.18907151541148,-81.71763241956543,-82.69464633100377,-82.6821385610866,-82.41422340730293,-83.20472389379665,-83.9541113442104,-84.54257805783637,-83.2333480216255,-81.78292355310637,-82.7517887547725,-84.71659181574381,-83.1809869404736,-83.69680549803363,-81.9041000010066,-82.97883055222938,-81.2676422760965,-84.1342621459809,-82.9513154198145,-82.47129075124957,-82.0656549895867,-82.98886476652385,-83.04904383381746,-81.6294987043086,-81.74363349719687,-82.8089823344602,-81.93565220477446,-83.69267562588516,-82.79039386882937,-82.42921639170052,-80.29191153050809,-82.7395345731244,22,-82.99076661800756,-82.79039386882937,-91.06122481318691,2.8823006806752463,-3.250513707591179,15.200271608473143
HDOK,PLOK,17472,5,5,-84,8,11,2,33,-81.61900822095805,-79.92215103454164,-81.3156299207815,-82.46269992923625,-81.84994638562901,-82.46228157312,-81.97003788038943,-82.58351496622903,-84.82463036288149,-82.97222633675734,-83.9717961774975,-82.89885032287293,-83.13435037987871,-82.27943572849408,-83.69916606886355,-84.40241635282688,-83.1554772880686,-83.05526098885774,-83.85909201418076,-83.10220161870637,-82.6001573203346,-82.98460611074736,-82.40088478635191,-83.1343277897456,-82.73237220482653,-81.48385798419619,-82.74567317936383,-82.55961862999034,-82.31243536906227,-84.16018653440743,-82.56509652677948,-82.87969857855882,-82.87893215478911,22,-82.7569097187856,-82.74567317936383,-84.82463036288149,0.8684359049263853,0.41469801250677996,1.7924839818481542
HDOK,PLOK,17472,5,5,-84,8,11,2,33,-81.31394476969982,-81.44255953757606,-81.78339679010169,-81.58590258429098,-81.5319204817621,-82.84323317957158,-80.76574910707915,-84.23715524146981,-83.45746196176762,-83.46763595749943,-83.26075187737537,-82.24916154512903,-83.61836552407625,-82.83918794916063,-81.95591138306303,-84.64229860376092,-82.33453101995464,-82.95010875725859,-82.24139483002048,-81.65674038801679,-82.77435076045367,-83.34685701259049,-82.48080755942212,-84.01154580608036,-81.64083980953082,-81.13560073088331,-80.8561931992568,-81.1524424513987,-84.58066015187626,-82.0597118310247,-84.63115258643496,-83.25486669199996,-81.26707742221174,22,-82.52634901520598,-82.33453101995464,-84.64229860376092,1.2737998968335549,-0.3494647564025536,-0.9190372021049242
HDOK,PLOK,17472,5,5,-84,8,11,2,33,-81.55214054433311,-80.2465617277268,-82.46294328378153,-81.52665306116346,-80.9715221760688,-83.95766742935245,-81.72761185898861,-81.5600601998848,-82.49467973792363,-83.16041126418027,-80.00567638125965,-84.24881700174096,-84.27446155582287,-82.64593007564561,-83.55186135027981,-83.52687175516076,-83.40709996343926,-83.79383655878112,-82.12226746228416,-84.26824553322724,-82.89526845004535,-81.270808663163,-83.08586615529252,-84.90020474489798,-82.76061086104559,-83.44384366979519,-83.6203974878214,-83.6752176737563,-83.63663010260093,-82.44619980198753,-82.01910842608193,-82.55648243979842,-83.51560316260499,22,-82.76762304727077,-82.89526845004535,-84.90020474489798,1.371010364481791,0.5356664248638733,-0.20203933951851827
HDOK,PLOK,17472,5,5,-84,8,11,2,33,-80.09897252662734,-80.66575224040801,-80.84467656924771,-80.21413072169946,-82.93443819083407,-81.66120465037577,-82.92695641791339,-83.80245782866065,-83.7834005620521,-84.6314951807159,-83.05131040782084,-84.59183094575648,-84.76434148953706,-83.32916330867188,-83.17784586790293,-83.64184754441695,-82.54802718560411,-83.08616998813571,-82.66934813816002,-83.3988404554094,-82.43275463544775,-83.13491048887445,-82.8230727501762,-83.26585679335513,-84.0067827154339,-81.96641234980771,-81.55370543974928,-82.67018679212235,-81.84189388126096,-82.93475717235776,-81.98225351329944,-82.38527176297191,-81.35974213984603,22,-82.67211547438342,-82.92695641791339,-84.76434148953706,1.3727382261946743,0.4128169513584372,-0.11075622666272755
HDOK,PLOK,17472,5,5,-84,8,11,2,33,-80.06819660024694,-80.45045418652546,-80.39583208342933,-82.69818081690067,-82.29108811860812,-82.47451907455094,-83.93290006591373,-82.42300737976646,-83.94822558726992,-83.57892012452164,-84.14033662559297,-81.42387677612778,-82.21768110068257,-82.03613376307754,-80.60928214336283,-82.38237257100003,-80.6948962601191,-82.02433711764466,-82.77705390724272,-82.03534113903028,-83.48249259055464,-82.01657586041583,-81.14910907774481,-82.22009350527371,-84.62855368125996,-81.22574532237049,-83.52655828708582,-81.51945902153149,-83.79110216872812,-79.61526656276311,-84.10611364735539,-83.72816320503443,-83.23584071828482,22,-82.32871845727323,-82.29108811860812,-84.62855368125996,1.7084086629946424,0.21507675628667125,-0.8157600224630488
HDOK,PLOK,17472,5,5,-84,8,11,2,33,-81.19691123134899,-80.10985248554019,-82.28201637222818,-81.3677979554934,-82.56315946445882,-81.79897761075291,-83.94495802665381,-81.9264421945893,-83.31244459757458,-81.26459314937756,-84.00235846971452,-82.34451507720563,-83.21051568933565,-82.73726185429727,-83.7754394686554,-83.04072498057036,-82.0095557916356,-81.56175952492931,-84.13506669821815,-82.87446506915626,-81.43789688442524,-82.2311608927171,-83.79801479067976,-82.62599437334873,-82.50198580033405,-82.73024733660787,-84.55606356029031,-82.8382729115123,-83.10553706245419,-80.93169255278124,-83.64884582627086,-81.60249330709445,-82.53249327252261,22,-82.54543982675074,-82.56315946445882,-84.55606356029031,1.0519784272998143,0.13499720574679294,-0.3654910963870077
HDOK,PLOK,17472,5,5,-84,8,11,2,33,-80.95646373917462,-82.83395947649952,-81.26114095564773,-80.16361418505338,-80.953780173496,-84.1222197769859,-82.92019263423592,-81.03955190438084,-82.60039944432297,-83.44579212887923,-83.62903802856036,-83.25824145133357,-82.5559898198484,-81.71234083486725,-84.26926516904587,-83.22352062678392,-83.70788354192806,-82.24853414197611,-84.28431488965869,-82.30570502062997,-82.21078846032016,-82.37162316274707,-82.89629836342739,-83.96689713850904,-80.1424667875682,-83.3035253692323,-82.36698612534666,-82.30897512487721,-82.39400286908989,-81.31253556835618,-81.51550107023762,-83.0306790578373,-83.30715092014661,22,-82.50361751396981,-82.5559898198484,-84.28431488965869,1.2298389853724618,0.39569162498646715,-0.4860413024139181
HDOK,PLOK,17472,5,5,-84,8,11,2,33,-79.66584067354515,-80.11524399162538,-81.24565668203068,-82.48321073323031,-81.45987028931411,-83.97593273939397,-83.2041217131545,-82.22015046395033,-83.7385284840148,-83.97225014577458,-84.63720668848305,-82.83253486329,-83.64405388087056,-84.08406834932413,-83.60166798810309,-83.03343047799949,-82.83544447842988,-83.15827945408272,-81.27373304509041,-83.65910980311705,-82.93457744579116,-84.81020638495201,-83.18391040375697,-81.80725348982432,-83.11944691416984,-82.34073201170419,-83.06965201012022,-82.9631544345128,-81.27868875449997,-81.40210251495222,-82.7247694720421,-83.30817036296644,-82.62270186716384,22,-82.73956669731152,-82.9631544345128,-84.81020638495201,1.3684878919576349,0.7261161176943777,0.4836374498742111
HDOK,PLOK,17472,5,5,-84,8,11,2,33,-80.78273556775301,-83.09504583798284,-83.93806482697245,-82.4747622951766,-81.14889282763825,-82.96463883267131,-83.90749062634507,-84.30534058727739,-82.88484551658931,-81.45384539364262,-83.7976833610303,-83.61074451884993,-83.01756202862678,-81.96154031009866,-82.74276171629523,-82.76256268414194,-82.89575415366353,-81.61288707534321,-83.62577064449711,-81.77351361393805,-82.21633977067158,-83.94575230460906,-81.7999528715373,-84.16006179165417,-84.26381792193577,-82.60999415287178,-82.52221141184278,-83.78166410215132,-82.17104688921005,-84.09975446701932,-81.81953705156288,-82.8230357474451,-83.37325477085847,22,-82.85887471733041,-82.88484551658931,-84.30534058727739,0.9141885352174544,0.26967953280741735,-0.8410908008578475
HDOK,PLOK,17472,5,5,-84,8,11,2,33,-80.48207493516288,-80.48551850490271,-79.9809685977092,-80.80423722557958,-81.81522804336169,-84.44370809757102,-82.85529272973656,-84.33196520117205,-83.93340800431511,-83.15487585902164,-82.0793981625297,-82.89413391421081,-84.40324155479152,-82.72486753417063,-82.0188822737518,-81.19438556704593,-78.9078499586114,-84.60223719496972,-82.97114485328997,-81.20914124378069,-83.39305319507555,-81.28760860790743,-82.28269953035256,-83.47958939412692,-82.13687854054534,-82.95053513167491,-84.13250895022222,-81.53234916252688,-83.62242498317849,-84.97173927207311,-81.85273040663682,-80.62435269593159,-84.2715802905275,22,-82.47971544292317,-82.72486753417063,-84.97173927207311,2.2532824254275092,0.30319904281057986,-0.6008541647864831
HDOK,PLOK,17472,5,5,-84,8,11,2,33,-80.44251990533182,-80.52137387646937,-81.51410073716218,-81.50724250880994,-81.09037818414329,-82.63573072582713,-82.19282135917403,-82.64279916625888,-84.00817311659029,-84.16646305575713,-80.65073465755705,-85.06967481589824,-82.36885639583332,-83.25337876190588,-81.94094034954311,-83.35678711557179,-81.51873767279108,-82.80637078970044,-84.26944106591364,-83.83152173367806,-81.65337790963612,-81.54369908635834,-84.00652647543086,-82.30890361208711,-81.75234894282116,-83.35220571626884,-83.69836151445979,-83.13084391437064,-83.21508952357388,-82.96141883203035,-82.07394128971706,-83.25303138390333,-82.85614982340786,22,-82.59375587933279,-82.64279916625888,-85.06967481589824,1.3108780428019104,0.039843648650599195,-0.6046007130156354
HDOK,PLOK,17472,5,5,-84,8,11,2,33,-81.02128597367863,-82.38110860054893,-82.5837318491653,-80.52914001718109,-81.09235933499905,-82.66927890752466,-83.09436166271585,-81.4061498232379,-85.37046231398475,-83.99964009359464,-82.68534486892769,-81.88460003595188,-83.78258471751504,-83.42113204832224,-81.99357499735152,-82.2410464492168,-82.86304159484814,-84.35401139868507,-81.7681285751854,-83.87886189522834,-83.93929463737888,-82.65354487162674,-82.13096184285267,-83.66797906632105,-83.15798930493443,-82.63585884139493,-82.13632317599277,-82.13139568564335,-84.38937246051911,-82.10306724807855,-81.86753228710131,-82.77378972080167,-82.5698599095878,22,-82.70232770333624,-82.63585884139493,-85.37046231398475,1.1075098023208472,-0.33056341112788007,0.11179934161920713
HDOK,PLOK,17472,5,5,-84,8,11,2,33,-81.6634210605266,-81.8619571364798,-80.5970567771129,-81.34861045685292,-80.55616551843265,-80.86084573322775,-81.06145099914703,-83.62543185886763,-82.60428383961661,-82.22917273434102,-82.50703677263917,-83.76267452124478,-83.48018014998118,-82.24812953255928,-81.65184739403549,-84.13150157793261,-82.58857265533472,-81.64000225014419,-81.90521389410138,-83.85328413922849,-85.3367019346531,-81.50605766978853,-82.31478122232362,-81.87190048706023,-81.59672396625969,-82.51790223293082,-82.11402938753953,-85.11611671173357,-82.33540618555723,-84.59198571284314,-82.98316354220067,-83.73158980933533,-81.59992397530614,22,-82.47857944967687,-82.24812953255928,-85.3367019346531,1.4876783976063148,-0.6649054765050959,-0.1522728378155036
HDOK,PLOK,17472,5,5,-84,8,11,2,33,-81.11265284787588,-81.69475121998055,-80.70908726220416,-82.35660828486586,-82.73226051829742,-81.20824095665053,-82.4333844574007,-82.71204618381218,-84.06710234221156,-83.15803675814011,-83.77802508019376,-84.13897558742318,-82.98933913018858,-85.70252883128843,-81.33561228552374,-84.76383779574641,-81.79657203047478,-83.17958255561848,-83.12641619954633,-81.47606107794076,-81.61088335223273,-83.50591865604885,-80.98330217767011,-82.97359672308703,-82.8925518251489,-83.08043293322639,-82.85018847095583,-82.81048157644824,-82.74221474421206,-82.79696861290643,-82.0319662520421,-81.99735832459275,-83.64357152553497,22,-82.67850171452999,-82.79696861290643,-85.70252883128843,1.2141612921554914,-0.44158733058531935,0.45737014871178383
HDOK,PLOK,17472,5,5,-84,8,11,2,33,-81.30154201822006,-81.32317703524006,-81.10224854665715,-81.42537286954753,-81.62297049717696,-83.42502653867409,-80.8857796212753,-82.58309413475678,-81.66183963626881,-84.87224517496189,-83.03646294485202,-82.12217644477653,-83.28232488899535,-83.66753747256124,-83.08267730154017,-82.17318045696378,-82.00803263566702,-81.48307676287268,-82.15881059067885,-82.38531204202437,-82.52456648987376,-85.03472062290109,-82.05887015246323,-81.88988356820045,-82.73629769218346,-82.1116943169377,-80.55486336568426,-82.85968862671838,-83.57455710039171,-82.22877258331518,-81.97466839486337,-82.73543867396772,-81.81574437365941,22,-82.35462586590516,-82.15881059067885,-85.03472062290109,1.0059782504626151,-0.8321855787996743,0.9568605399874426
HDOK,PLOK,17472,5,5,-84,8,11,2,33,-80.3918274153689,-81.30487466431795,-81.48222080005354,-83.24865039293958,-82.69772053772543,-82.10758624280268,-83.15500431517326,-83.18757817179313,-82.1583205367966,-82.41105278150506,-83.0644381730182,-81.1910285982944,-83.82175192537191,-81.58478753241447,-83.22406326022927,-83.21719664322812,-83.83233681265592,-81.8410354749831,-83.07452355710755,-82.37309542776829,-84.3703384441859,-83.23334165016615,-83.0820145368523,-83.93992916877038,-83.02950778793569,-83.49453869943216,-84.13715779371886,-83.98552040210528,-82.5188993910893,-82.72957893035402,-82.80784194705703,-83.60630183411817,-83.06909688902726,22,-82.82948971934422,-83.06909688902726,-84.3703384441859,0.8368806544948385,0.6922917765143854,0.22399368120463992
HDOK,PLOK,17472,5,5,-84,8,11,2,33,-81.00291275905556,-79.8507490788008,-79.96581005383412,-81.71134749677655,-81.13429041825,-83.78427102765689,-85.65924229311004,-83.18851278772313,-84.38338757996397,-85.14326313890096,-81.98480981724403,-82.26322943486487,-83.37405927815556,-83.59457719508077,-81.55738363779795,-80.56509200903824,-83.27618897921128,-83.78885044597654,-83.23542001670484,-83.02871266183921,-83.90513991230763,-81.18408567761585,-82.46649095216803,-81.98045265515529,-83.44597655225104,-83.09063794353516,-82.25094910232826,-82.40335763459193,-81.69874084289931,-82.62669877083313,-83.15465097290127,-82.62511540916474,-83.44379688524221,22,-82.62933949760543,-82.62669877083313,-85.65924229311004,1.743648006378031,0.07768476989946041,0.08014387662988831
HDOK,PLOK,17472,5,5,-84,8,11,2,33,-82.04446500699159,-82.83714884947395,-81.66491103695286,-80.732966781537,-83.95003990065533,-82.89785646299427,-83.49471596858842,-82.73394224584708,-81.42490067883034,-84.23980029852599,-84.00888608815109,-84.26459494033695,-83.87857108959342,-82.3605498926279,-83.87865619002537,-82.32060283978079,-82.41707177856803,-83.52667804695687,-82.9608117627275,-82.94269286003548,-82.44374856148066,-83.28341059720242,-83.20496119084558,-81.88852024599146,-84.59087076253078,-82.44019755693716,-81.3173041880277,-82.8265428396448,-81.80727012598652,-83.21011339218217,-81.34704196317529,-82.93920158507396,-81.49462627664425,22,-82.76889915166433,-82.83714884947395,-84.59087076253078,0.9345718834233576,0.08548961811192059,-0.7163220030584716
HDOK,PLOK,17472,5,5,-84,8,11,2,33,-80.66210884861513,-82.39722596219637,-80.94931821355468,-82.40760748249987,-81.37552691850772,-83.66891788579154,-81.55232568409609,-83.55943569293554,-83.36662979626101,-82.28601480307164,-83.53327811103918,-82.95329662793063,-83.0580002035084,-82.64482891431565,-83.65652359158052,-81.14151467504936,-82.11749059949838,-81.54182980404246,-84.10654825305589,-81.12877999207281,-83.91699082806096,-82.2736218750988,-82.13192626805518,-83.74788988875177,-81.70755016293477,-83.08618274457713,-81.46284705330206,-81.80067239980079,-82.52965883333259,-83.87338151256978,-84.36183247943634,-83.26983430574272,-82.15696898742182,22,-82.55838058783964,-82.40760748249987,-84.36183247943634,1.0243429187392845,0.03776181534605958,-1.1156576017784632
HDOK,PLOK,17472,5,5,-84,8,11,2,33,-81.7598231710409,-81.20343025582095,-80.7803919123012,-81.6495867504009,-80.45081688840911,-82.13958646983552,-83.29096581038495,-83.48572719799802,-83.049252250401,-83.33667027114895,-82.99499517241563,-82.73052220634433,-83.98328341424596,-83.57705238702125,-83.17067460295395,-83.80471877007128,-82.26859427642191,-83.2520306497391,-81.7987832726525,-81.91242247639249,-81.54751727569321,-82.76414864775694,-83.62822704836837,-83.42268860659037,-81.42916380320776,-82.32096799179621,-81.31352918710996,-82.8957272068239,-81.50287590234021,-81.29270532528487,-80.74750453973583,-81.70860363272713,-83.57884272409261,22,-82.38763121507661,-82.32096799179621,-83.98328341424596,0.9952910991448771,0.1733563579041903,-1.2328818126874133
HDOK,PLOK,17472,6,6,-84,8,11,2,33,-88.97202065078326,-83.38597378732062,-79.61097692601592,-80.82335787095566,-79.69374694102301,-81.45394528402217,-83.59617928412952,-82.12879886022836,-83.45528222921166,-82.74476942562734,-83.35127418424818,-81.68535464210669,-81.77889983391707,-81.69039126561664,-82.86389916861123,-82.43624407830546,-80.10940580986598,-84.17283047955696,-82.23913822931117,-83.5816067346659,-82.54303217962456,-83.23883587724008,-84.00197331562296,-83.1290349730751,-82.28100510418952,-81.92795414810259,-82.26402113373587,-81.48875864545582,-82.79615675069286,-84.09558278471725,-82.75299793003751,-82.27225927563643,-83.58513693934385,22,-82.6106316588787,-82.54303217962456,-88.97202065078326,2.5981255808311077,-1.464106193625844,6.489537863384065
HDOK,PLOK,17472,6,6,-84,8,11,2,33,-88.90945411577304,-80.65947590897348,-82.22651181428478,-81.52905706589459,-81.48988951548635,-82.5705206268552,-83.53953239208698,-81.35159902352325,-83.13563398640693,-83.86887646155365,-80.88443523158658,-82.73588503072584,-81.21198297904996,-81.51370337041212,-82.28082631274272,-83.2524613023744,-81.71660979827942,-83.33324208315697,-84.2421871331873,-81.7832457027049,-82.29880911216837,-82.64949301351635,-82.28912675323089,-81.3179222091926,-83.67212521942814,-83.34659903400801,-82.05365967155024,-84.77256754643426,-81.1993586265721,-82.2706638063548,-83.06751349775304,-82.96669826617838,-80.73259147342634,22,-82.57188660863248,-82.28912675323089,-88.90945411577304,2.3076888668184297,-2.210821634625359,8.01461652541288
HDOK,PLOK,17472,6,6,-84,8,11,2,33,-88.42255808930382,-82.31452702097275,-80.39991861729955,-82.75989797300304,-81.37240455179887,-81.90620652665771,-83.74823940219902,-83.44042548399402,-83.55499348811625,-82.5608664508331,-82.56970439521287,-81.5647346242577,-82.71752274652408,-83.03982066445272,-80.80187396357036,-80.93638574110227,-80.12189536288112,-82.42952297121126,-82.86945748085012,-82.13395451916679,-82.44278833007229,-82.31408217644021,-81.46217042824668,-83.99339420176283,-82.36229661994992,-83.04579292248613,-81.88757105009879,-82.68534895137543,-83.54168048403372,-83.0848521767039,-81.76725045702923,-81.7938306968828,-81.37525112118784,22,-82.46730968756597,-82.42952297121126,-88.42255808930382,1.97011807283702,-2.13278744521604,8.907135437983404
HDOK,PLOK,17472,6,6,-84,8,11,2,33,-87.55564382584689,-82.28034511609475,-82.49397664556219,-81.36595640595445,-81.80762691972505,-83.16649447807671,-82.48687405848489,-84.6558477898253,-81.58728619161738,-82.55678569354565,-82.35490222818079,-83.12001348926614,-82.10558949792313,-81.51950472245359,-80.30002185058758,-82.0476780957119,-82.30839058504468,-82.73991548834208,-85.95498957340445,-84.92874248793393,-83.08081003354907,-82.38102163305192,-82.64409965705389,-83.51585171693148,-82.99524552279439,-83.31368320266981,-84.74289562424194,-80.938600123031,-81.72762589293163,-82.00838085587513,-82.54943279108886,-81.31759533532477,-82.97164252487663,22,-82.77343848657583,-82.49397664556219,-87.55564382584689,2.047650949154855,-1.4330841927205549,2.95177087861333
HDOK,PLOK,17472,6,6,-84,8,11,2,33,-89.67539391579335,-80.75752585120445,-81.73464736510589,-81.7905656488193,-82.64790110909695,-82.16215521367752,-82.03902024244955,-82.7932888390707,-81.35159728833891,-81.78677012669054,-81.8228129774429,-82.12039719723141,-84.49069511724142,-82.03499463379325,-81.85496916458783,-81.19689645500075,-81.7289120809994,-82.83028590150302,-83.51601631944325,-82.64289757428462,-82.8071344501406,-82.97340153010855,-81.33460019899722,-82.75257060210808,-82.99590863121882,-82.58278181380949,-83.67487231018836,-81.92366196601327,-83.15997020648325,-82.96272580149241,-82.31076323936877,-84.36791264949193,-82.50236044110758,22,-82.64625475340313,-82.50236044110758,-89.67539391579335,2.2333416337742027,-3.250252356425412,14.396930288845391
HDOK,PLOK,17472,6,6,-84,8,11,2,33,-89.82505772261307,-80.82679672615117,-81.49469572272989,-79.78185908278607,-81.80296440666609,-82.22413271508668,-82.80929277520265,-83.29156144852496,-83.15492739281056,-82.40420560208564,-82.90487186023606,-82.1830825122449,-82.46511728449568,-82.2229180426898,-80.99785679964663,-80.7203469896888,-82.52026338570478,-82.46721895096621,-81.76137162600989,-81.6467765712217,-84.1931971631292,-81.54637673819792,-82.71096628709924,-82.47113079156975,-82.36962736018057,-81.47958482988426,-82.1866535819163,-84.03573257149405,-81.84990330107692,-83.16592554820608,-82.50609026971821,-81.43439372798115,-82.3784738688575,22,-82.41919314111732,-82.36962736018057,-89.82505772261307,2.50775101526932,-3.064165567018807,14.15646485649591
HDOK,PLOK,17472,6,6,-84,8,11,2,33,-88.46076954550274,-82.14717090349355,-82.7348562637036,-80.4842633089753,-80.37657677916049,-81.92687581920686,-82.69433678032253,-81.09098915507053,-83.10861019263527,-81.74252081808629,-82.63389739163254,-81.5358677837474,-82.0718570638307,-81.76740172149225,-81.23131496358428,-82.94472554943042,-81.43604662941436,-83.4178422847912,-82.56720495731668,-83.40430864282278,-83.78339151280154,-80.76886682654217,-84.23528983217197,-83.73081943124232,-82.2147723447113,-82.30526811893752,-81.3826177803312,-83.77826727220402,-82.8353432080083,-82.93293215466704,-82.9103145853585,-82.786974637703,-84.26545310536535,22,-82.59720446558377,-82.63389739163254,-88.46076954550274,2.1023419694105607,-1.854154820460985,6.9175389171536334
HDOK,PLOK,17472,6,6,-84,8,11,2,33,-89.12694331128192,-80.62900225152023,-81.90894711506722,-80.65529694463105,-81.2755509662099,-82.04176916960472,-81.52827541938737,-83.83009171793026,-81.36546665507112,-83.48087042830177,-82.96868133297109,-83.68340446663035,-80.98071284213157,-82.87001856560737,-80.34085113315437,-83.07974589444765,-83.59907972675057,-81.62095591992062,-82.55669845925118,-83.7640273239902,-83.02679581568381,-82.28155245306473,-83.28442793188724,-82.03720706781786,-82.4118672002439,-84.17949121003511,-82.70457703663074,-83.12150032513004,-82.58421536554005,-83.5163239185698,-82.57589721894153,-82.14312265848002,-83.34199389039912,22,-82.68228368897829,-82.58421536554005,-89.12694331128192,2.293425711771322,-2.136548496505176,8.964017964891429
HDOK,PLOK,17472,6,6,-84,8,11,2,33,-87.04445946832399,-80.46103539829089,-82.01281584820725,-81.32895204006427,-81.91844006116317,-80.48758721483877,-82.8799415463813,-82.49286564220338,-82.71858671072296,-81.49122534475443,-82.90306626841706,-81.40091135278232,-80.63603373228389,-83.02523525686702,-81.48446971767447,-82.13333702365179,-82.10041840566704,-83.53481058367059,-83.01571548868347,-82.0881776126417,-83.37721327234489,-83.26203031923639,-82.20026783115165,-82.71991367664099,-83.24234101417292,-82.10741506634628,-83.14721776777961,-82.58872575530137,-83.9155324685852,-81.40491309763408,-84.49299337086225,-81.99555736818618,-82.57402151644803,22,-82.49049173460547,-82.49286564220338,-87.04445946832399,1.5157818816923816,-1.3485897874709576,4.489015302624212
HDOK,PLOK,17472,6,6,-84,8,11,2,33,-88.16128943892225,-80.42413177491082,-81.23088510684832,-83.27290439080696,-80.57978972325675,-83.63011411412425,-83.4747346157857,-81.8247040597255,-84.29118239617819,-82.82895392966168,-81.99280039707496,-82.94144415568186,-83.04823499814256,-81.02125533252834,-81.97979631870194,-81.50717213295748,-82.7366851405391,-81.58208048152773,-83.06756747840399,-85.15633872200178,-80.3447958483463,-83.34921927115947,-83.48100392536965,-86.20055789056462,-84.15464741682358,-83.50040581084107,-81.2399983605074,-82.33382236831837,-82.71475432655622,-82.09260728276091,-83.013349753851,-83.0746851132957,-82.5111307587229,22,-82.81100129802722,-82.82895392966168,-88.16128943892225,2.5369002059424703,-1.1990928283570905,2.8394260874634836
HDOK,PLOK,17472,6,6,-84,8,11,2,33,-90.07336119808784,-79.55338215877126,-81.80726775555267,-81.01969845001987,-81.6740048036941,-82.79136819385394,-85.76516701660552,-81.56717919094525,-81.59121502485364,-80.3751600182098,-82.17518897694472,-82.92212437693296,-81.82433397966825,-82.6920530955413,-81.5451877934264,-82.85896854665097,-81.65646164015418,-80.27600612687837,-81.6863142671681,-82.57052836356162,-81.61032173329781,-83.22227247699644,-82.00247255985761,-84.32197619395541,-83.85572761487263,-82.11740046312109,-81.31799150123922,-84.51437100153987,-82.98680095697806,-83.90660122816558,-83.24598346467336,-82.06178527775431,-82.37457167063462,22,-82.54434082183657,-82.11740046312109,-90.07336119808784,3.325024603163305,-2.1915157259816103,7.904436434710808
HDOK,PLOK,17472,6,6,-84,8,11,2,33,-90.02757094167247,-81.26726549859119,-81.7871467801872,-80.70738077011632,-82.38831730487333,-84.28413286500833,-82.65826058530143,-82.56707667727507,-83.6670239066593,-82.46424770828517,-81.59360548307453,-82.6084422635145,-81.75519884993703,-80.96528535002682,-82.53152504513938,-80.89552695334659,-79.55143958707572,-80.545767582123,-83.42262520778932,-83.84356174842571,-82.13477212090265,-83.79294053239904,-81.83790512290902,-82.60045864828776,-82.57567161797816,-81.74655307760064,-83.81226088482147,-82.62173684927535,-83.6389811920344,-82.17897596836293,-83.82134018153052,-82.87714581445725,-82.14696070304586,22,-82.58536678248569,-82.53152504513938,-90.02757094167247,2.9005632282155713,-2.3786772482783745,10.280209010842013
HDOK,PLOK,17472,6,6,-84,8,11,2,33,-89.62278495555447,-82.64504967825404,-80.46452609546172,-82.85395263572147,-80.96726186849835,-82.64478969902343,-81.87763519950649,-82.37523207004087,-80.73072656971856,-83.44623164049311,-82.00004035793567,-83.7843622222712,-82.4483220026294,-83.96598765153773,-82.68380794298642,-81.21327812518508,-82.03223991943635,-82.39610221867287,-82.94092811551921,-83.71441942419878,-82.00146400858857,-82.64535370788882,-82.01230258086778,-81.97632123117394,-83.65135450398401,-82.81468880588446,-83.0135767863311,-83.19839422386845,-82.94823204566949,-81.88394527474982,-82.83827789552883,-81.56398378243097,-82.16008833329461,22,-82.65198974463351,-82.64478969902343,-89.62278495555447,2.2225485191517222,-3.0330489669830807,14.068342443543353
HDOK,PLOK,17472,6,6,-84,8,11,2,33,-89.28664884692023,-80.33159302438719,-83.33213787802283,-79.37591907780211,-80.08389329863519,-83.5193994180035,-83.17771811988824,-82.22239680847947,-82.77565989609377,-81.56320718878452,-83.1402410355995,-80.83607430614353,-83.1472871685553,-82.80157489862616,-82.11207202849783,-83.76563146390468,-81.57189933288495,-82.80641581385434,-82.95388196978713,-82.80978542569252,-81.94973668361257,-81.38459845260695,-83.55239880680526,-84.25293878735529,-81.16405946618397,-83.03737767366292,-83.167929266236,-84.63702559269949,-83.19690817822165,-83.70072082536241,-82.66307775406973,-81.4220162860924,-82.32836236407005,22,-82.66880567083462,-82.80641581385434,-89.28664884692023,2.766562935192003,-1.5424493348988189,6.704201351008519
HDOK,PLOK,17472,6,6,-84,8,11,2,33,-89.91874893444292,-81.75893606383978,-80.87437184030358,-80.17695486641242,-82.1588676642936,-85.40265754640875,-83.8149699305552,-81.51118074252312,-81.13411589435671,-84.42530778131245,-84.1551038758758,-82.90797982115586,-82.01733002175526,-81.85509952649879,-84.88189031320024,-81.83301240060112,-81.53858286016658,-81.18025205442561,-81.8263203681101,-83.4186644504108,-83.38374060700974,-82.33515391981283,-82.12691628502382,-82.77304082680571,-81.64745203547362,-83.6314645527593,-83.61684542167464,-83.7621272396987,-81.81196892924662,-82.68482772877653,-82.95288586353038,-83.02872225591841,-81.74410244617863,22,-82.79665439601688,-82.33515391981283,-89.91874893444292,2.9882697105868985,-2.163679842571005,7.576262460262846
HDOK,PLOK,17472,6,6,-84,8,11,2,33,-89.3108180042509,-81.39070852149192,-81.02757726725356,-82.25720999116297,-80.7759553685223,-83.84480255075286,-83.52929294225281,-82.08329440161486,-84.08886324085563,-83.27207834732874,-81.59949306993192,-80.2656057222912,-81.62078136902501,-83.0229426144871,-82.04586213135138,-83.43411798344188,-83.85350482878364,-82.27665539071108,-82.21158325829892,-82.8910310657848,-83.91016586405989,-82.8235643107635,-83.91824961688295,-84.7220630980983,-81.95428535950107,-83.5421887908808,-81.44740508640747,-82.12287813476266,-83.7954573700543,-81.85123811797642,-81.12229064443775,-82.48138431203924,-82.24194807196854,22,-82.749554449922,-82.27665539071108,-89.3108180042509,2.5064030947474447,-2.0670521043469425,7.764073922893397
HDOK,PLOK,17472,6,6,-84,8,11,2,33,-90.29330252962261,-80.3878017873571,-82.90294808537578,-80.48413745317319,-80.27588998288257,-83.07134691520999,-83.03463097873538,-82.16374618472246,-81.59511665888368,-82.30155824962624,-82.26380982840128,-83.88121119339424,-81.53546548116485,-83.46335961653443,-81.2734182968784,-79.48766735331135,-82.79112097918485,-80.57197354555342,-82.94795047644294,-83.35021536502724,-80.98660319980743,-82.02009085569169,-82.53262778693853,-83.49345509271714,-82.28023752309211,-82.28110681054083,-81.85162011203208,-81.12296273081485,-82.64608977748661,-82.60303543319347,-82.4248370101927,-82.57916059980195,-81.54323868086942,22,-82.31641625983818,-82.28110681054083,-90.29330252962261,3.055998359978941,-2.73936949886039,12.578186065999962
HDOK,PLOK,17472,6,6,-84,8,11,2,33,-89.02930738556714,-78.64946540235937,-81.38464516828934,-82.02820465053574,-82.04522118972773,-82.60287513057432,-83.74530499917378,-82.2142165076598,-81.86738129988917,-82.31129047218153,-82.2669412196764,-81.36400919624879,-82.19622744929879,-83.02460254549975,-81.19405778008557,-82.77687067480943,-83.49896737391265,-82.98947369625114,-83.04649103005211,-83.42998236932792,-82.33359246684365,-83.13651414376788,-84.02482159223909,-81.62043952860506,-82.96365155434863,-83.35776382313934,-83.15585583664165,-82.40249342266206,-81.92008519068882,-84.06268658917999,-81.461556960066,-81.80366942792209,-80.97289713498466,22,-82.57216858218817,-82.33359246684365,-89.02930738556714,2.379692575089951,-1.778742949148031,9.255636752236885
HDOK,PLOK,17472,6,6,-84,8,11,2,33,-90.34385491472484,-82.0721651095045,-82.37346015927982,-81.44060906506827,-82.58932949405418,-85.04100701093053,-82.0350503345469,-83.48127605993992,-82.86604876955748,-82.93870220219874,-82.77318269817538,-82.88647053316403,-81.14505132587541,-82.9380298221143,-81.32250926213041,-81.82125450822895,-83.07475211520702,-82.89067269685331,-81.27651639662898,-83.81622285926629,-81.43824375116952,-83.77546793628933,-85.49628592131144,-81.39583122778704,-80.3186885636748,-80.82251843010245,-84.32440598713117,-82.44253521028034,-83.2011621863165,-82.1971247834199,-82.68338164394656,-81.40010061263841,-81.74370865998195,22,-82.73835212883327,-82.58932949405418,-90.34385491472484,3.121446713060499,-2.517156059189737,9.497786783269222
HDOK,PLOK,17472,6,6,-84,8,11,2,33,-88.71810413198163,-81.63149254684323,-81.12511349672575,-80.07038695371155,-81.18011325143118,-83.60293948083167,-83.09248557551985,-82.57817097821331,-82.75257757556635,-83.25164244050022,-82.1571096698677,-82.36506204464156,-83.98301405149624,-82.66595756987921,-81.67897227589933,-82.82349752752349,-81.21582005668135,-81.72882512645873,-83.24690753645623,-80.85243049297941,-83.59146822505876,-79.28279943856371,-83.48917067887815,-82.55712589350512,-83.87329211011647,-80.13377517102789,-82.43011034617645,-83.50056276778642,-84.1357138422663,-80.72969306533905,-81.81695294616962,-83.3515387206002,-82.76171244459289,22,-82.49619813434212,-82.57817097821331,-88.71810413198163,2.6635794483569337,-1.3010565766364817,5.295596848657167
HDOK,PLOK,17472,7,7,-84,8,11,2,33,-81.5966614301799,-81.6513451322403,-84.29684991063183,-83.04069086765398,-80.88268529889878,-83.49606668367474,-82.95677184318679,-82.15759157704645,-83.62369965590781,-82.69686294962665,-84.7438027501032,-83.99172198517167,-82.78633839037526,-84.18852707479876,-82.8041457163531,-82.65391935609063,-83.68975853551619,-83.03347570395373,-82.70465837653853,-83.23664805409705,-83.92136329406111,-83.53424544022906,-82.18252243832876,-82.42524660570389,-80.15029936504602,-83.14505645779698,-81.67741523626573,-82.79936932512909,-80.88742816576995,-83.11922170748531,-84.89360157512303,-82.88292302290037,-84.09064277316868,22,-82.90731989997133,-82.95677184318679,-84.89360157512303,1.1727572073508055,0.5100110403188094,0.26166207061542845
HDOK,PLOK,17472,7,7,-84,8,11,2,33,-81.96521747761886,-81.13652065593868,-82.11856787675943,-83.04233254157708,-82.7052015132571,-81.60249259635421,-82.27112178921479,-83.47740712449024,-85.44261953893016,-85.41302153829811,-82.56193186592164,-84.21320707372465,-84.04808378806162,-82.97616840855017,-83.02786052112718,-83.68738670236604,-82.39543481852809,-80.96595910608833,-84.24748185804556,-83.1095886474451,-80.8980557895464,-83.14852027543829,-82.43487735718459,-83.03094938126058,-82.22916435135559,-82.14378273614787,-82.98370732741706,-82.77268487594544,-82.71770665795357,-83.16958879805306,-82.89982312486316,-82.50185178196872,-82.69574022795673,22,-82.84951691295116,-82.77268487594544,-85.44261953893016,1.062698986627315,-0.5515989910517592,1.0298775001667395
HDOK,PLOK,17472,7,7,-84,8,11,2,33,-81.15163961937218,-81.18858983564704,-82.24612066629834,-81.8834342475955,-83.91432780287333,-82.52499840787539,-83.04398493214754,-81.0488440667026,-84.75643529874344,-82.44450813130541,-83.66057527710345,-82.61012882195298,-84.06604515481335,-82.34789041043459,-82.48715390800295,-82.04253923209427,-82.63803303382225,-83.67156460171422,-83.11073906705704,-80.92800232878096,-81.62612861433344,-82.89258992976997,-82.75839993502952,-82.36130619691723,-83.0199711588574,-82.53596326463658,-82.12686731176262,-81.71237256284172,-82.28690622529925,-82.88010041472909,-83.63733288884016,-82.59983208299549,-83.33029488868034,22,-82.59192788845543,-82.53596326463658,-84.75643529874344,0.7787465540089719,-0.17147379271407673,0.05534804443661745
HDOK,PLOK,17472,7,7,-84,8,11,2,33,-82.33036891914116,-82.27111040436861,-82.49695700816683,-83.21166795539264,-81.67254786682305,-82.84440914219853,-80.4817640875713,-83.14249842840043,-83.92077692215452,-83.37057672972765,-82.74404965079928,-83.84219046475124,-83.37756353077593,-85.02313343276678,-83.2839680942155,-83.62739872486245,-84.31672103560236,-82.37554400049139,-84.30720399991462,-82.09261765599054,-83.15767843994844,-82.35024778316647,-82.76877592390701,-84.54477043786848,-83.26743162330766,-84.63716418469814,-83.02761148895652,-83.80451092686852,-83.45881713429662,-83.16877807554688,-83.18684079091786,-81.68144835446066,-83.21827975660594,22,-83.12137645377771,-83.18684079091786,-85.02313343276678,0.8609691112122373,0.3904420613665824,0.8867583471157077
HDOK,PLOK,17472,7,7,-84,8,11,2,33,-81.96846165561671,-81.9415517512639,-81.76260900226488,-82.16115902262035,-81.32675847260835,-82.45615360444108,-82.63116275992164,-83.90422843328977,-83.46438690432227,-83.45528035074362,-83.13455363660366,-82.40284201803108,-82.75237810459697,-83.44443778126616,-85.66963136799727,-82.19060787728144,-82.52475922773888,-83.01091336369394,-84.4051534925792,-83.48937354235251,-84.73808070475816,-83.80746614771385,-81.5320684248776,-83.50763078171974,-82.65654982240851,-82.01299659321701,-81.44524154892825,-81.84384059185034,-84.97987704901833,-83.22148226209751,-82.99108223820652,-83.94849137726001,-82.98381238529147,22,-82.96257643322974,-82.98381238529147,-85.66963136799727,1.075790034256818,-0.611044678798302,0.10534993657819225
HDOK,PLOK,17472,7,7,-84,8,11,2,33,-80.15553839006947,-81.38050648001276,-82.34179871215397,-83.35310484427576,-81.76177080824355,-81.91765302709557,-84.81936544726126,-83.27264366035152,-84.43839854947295,-83.95793702321363,-84.19233388572911,-80.96703604115652,-81.98600362396179,-82.0780791376656,-83.79900576943649,-82.44591862542198,-84.08006999803412,-82.81168969169686,-83.68150312885916,-82.74004495669888,-82.5757460573089,-83.42414979295017,-84.07398699215858,-83.2614962456891,-82.89467407036663,-83.07707190781396,-81.78656051342301,-83.45073951280163,-83.61534443850951,-82.42099204847717,-81.26652244277264,-83.46815890781649,-82.71933573982386,22,-82.85500546880976,-82.89467407036663,-84.81936544726126,1.1229373686057167,0.4463856945766822,-0.10156799867161626
HDOK,PLOK,17472,7,7,-84,8,11,2,33,-80.39960167106524,-79.54792462139451,-80.90158039581489,-83.03077426763956,-83.30891255775072,-82.89586268086364,-83.60328841921913,-83.75780941646006,-82.24974060783585,-84.23994191830415,-85.00962887043359,-83.52713031145777,-81.99717818606373,-84.87721309389642,-85.00826449390318,-82.9275635973477,-85.26794603256837,-83.25829288907092,-85.1226564011341,-82.57438481119458,-83.70977854987349,-83.5952637394471,-83.14337150573448,-80.31935291981053,-83.64892867931906,-81.47787908764717,-80.50307922528988,-83.55335683460036,-82.02429672254301,-82.73606777030803,-83.07436738449188,-81.55342839574911,-83.72591683859314,22,-82.92638736050986,-83.14337150573448,-85.26794603256837,2.1157822833857303,0.49707545469168485,-0.2241942948099016
HDOK,PLOK,17472,7,7,-84,8,11,2,33,-82.81627297204594,-81.3883436130119,-82.36761790224323,-81.40382064213944,-82.48499219580134,-80.77887145756179,-83.40408621316197,-83.41937584588972,-84.93648981572149,-83.06461580584741,-80.99603841600364,-83.27318213062922,-83.2759525092317,-84.24065974539215,-82.61514260641029,-82.53443574577909,-83.60860221407032,-83.1099265544502,-83.91204322866423,-82.41930155055421,-82.91751990191649,-85.78520100944459,-82.35177272654943,-81.61733133672529,-82.57633159351019,-81.96727895044992,-85.09972764693279,-83.74141072817628,-82.51769425750629,-82.0147936302445,-82.04298559965044,-84.6196582632857,-82.05245335328574,22,-82.8895130352208,-82.61514260641029,-85.78520100944459,1.334279168804742,-0.5276222858654938,0.1610939629629149
HDOK,PLOK,17472,7,7,-84,8,11,2,33,-81.15951099348888,-81.33955846026471,-84.11761174328853,-83.85122934909167,-81.45814122159031,-82.01630650984951,-85.08628618371567,-82.83670672209267,-84.17586320211304,-83.99832781324919,-83.25374434716058,-84.6302752034413,-83.98325860434647,-84.29604286601875,-84.79443979952909,-82.79000504219219,-83.81069806521022,-82.7253620915543,-82.36605280350923,-82.0721871844164,-81.37541381546012,-81.82287343356118,-82.64148787714507,-83.3211682082478,-82.49240357351758,-82.54001699934881,-82.40838252034771,-82.66753710780465,-83.36278171269684,-82.7026585750614,-81.40838543866593,-82.28285920547684,-82.93209893613749,22,-82.93089926089681,-82.7253620915543,-85.08628618371567,1.1257824995399437,-0.210449350063041,-0.810287334921914
HDOK,PLOK,17472,7,7,-84,8,11,2,33,-81.78282568417244,-80.83229912400073,-83.02193676911769,-80.40116235150526,-81.9327612278362,-81.57366343490246,-84.16698836008494,-83.11773624935269,-82.88770543772333,-83.25375053051586,-82.278462771929,-81.66518956489817,-83.40977928163865,-82.99504513249201,-83.32706395683302,-83.51524947604271,-81.37201588516247,-83.79737544678582,-83.95340667305176,-83.35259972578609,-82.6142412896347,-81.94765702785023,-83.58331037445541,-82.61073053732322,-83.18122232556527,-81.08187159242628,-80.7974421400051,-82.71395393942929,-82.88911938319976,-83.66656987380605,-81.94464676162411,-83.86759817814482,-80.74732782831734,22,-82.55402146471553,-82.88770543772333,-84.16698836008494,1.089406666018482,0.4732173506634328,-0.8893942259378744
HDOK,PLOK,17472,7,7,-84,8,11,2,33,-79.03531027766176,-79.36176251196333,-82.54184828552107,-82.60668853155015,-83.18611984664186,-83.28588027024843,-81.89048134296046,-83.16219958874855,-84.01108677067626,-83.6183072469764,-83.90513834424586,-84.2621434671427,-83.45458107618464,-83.36057331061505,-84.10541176402187,-83.64830939103456,-82.86216060128169,-82.9037313308407,-82.2353999982726,-81.06083708970377,-81.98437529554587,-81.69453911126799,-83.25175365135163,-82.53867425294854,-81.85786646648384,-82.56173071077554,-82.7859873324228,-81.72877937883683,-82.61077950727018,-84.01970137966593,-82.21521518753336,-82.21240974605493,-80.51799311889194,22,-82.559932611677,-82.61077950727018,-84.2621434671427,1.491824240036852,1.191929110327393,1.6968493036894974
HDOK,PLOK,17472,7,7,-84,8,11,2,33,-80.86281436559196,-81.02987587096965,-83.16427761397861,-80.963321934997,-83.17484280657544,-82.64271649120691,-82.86158043590002,-83.84967452924255,-83.02295416492126,-83.5663785998177,-83.07146119363712,-83.51080086561291,-82.18283861975445,-82.76394055147202,-84.49305292115753,-82.34167696221485,-82.62730501301371,-83.49691766837516,-84.64070967862247,-82.43409193411385,-84.92246463453648,-83.09354746647989,-83.56832914498311,-81.80596936349973,-82.87906801740922,-81.61886841501558,-82.30029124565357,-82.7999442942771,-82.66280358797752,-84.98706153242266,-82.80603638319657,-84.27537868731677,-82.49816559423058,22,-82.93694426024767,-82.86158043590002,-84.98706153242266,1.0499027578943947,-0.021701105240191233,0.048907844669325407
HDOK,PLOK,17472,7,7,-84,8,11,2,33,-82.12681073012963,-79.77061915063112,-83.33573104745025,-81.89619657435826,-80.66269606484559,-82.89779688551728,-84.18033010282925,-82.72974820180042,-83.26796454319408,-82.95042381726404,-83.95781300977296,-83.53886868014239,-82.61773678107735,-83.83482506653162,-82.80351272836928,-84.41918360070186,-82.89592069576156,-80.6842585711824,-82.75488907734723,-83.74400731032854,-81.65238790734176,-82.27633136484687,-81.7877336374157,-82.72152266436639,-83.08467887848701,-84.18696737728017,-82.50749121813307,-81.71551747305226,-83.60881067234934,-81.29637948672641,-81.68872318465009,-82.34863644289894,-82.54049882412065,22,-82.62075793245162,-82.72974820180042,-84.41918360070186,1.142547354266958,0.5782997002989448,0.2949504760405217
HDOK,PLOK,17472,7,7,-84,8,11,2,33,-80.86581904987275,-80.79396864775738,-82.41479095193476,-83.28684793317616,-82.80721618782282,-82.88288474716114,-83.81925147773414,-84.70120225958516,-84.88993201860447,-85.7828192458008,-83.24439060970873,-81.06995421812854,-84.73611330036658,-83.28889908042149,-83.81483911040489,-83.3531233641358,-81.97156998570787,-84.37919492150958,-83.18887202464322,-81.71329468926511,-81.71492394005598,-83.08543106792777,-82.76590147949948,-83.21424049619996,-82.0998573848944,-82.51731669543072,-81.92769617122515,-83.65430047971277,-84.54529942011814,-83.67605172939753,-80.87991884603626,-84.94044232506637,-82.9342200361356,22,-83.05941163319517,-83.18887202464322,-85.7828192458008,1.590114397450978,0.0046175250018113565,-0.4820201522575114
HDOK,PLOK,17472,7,7,-84,8,11,2,33,-81.60119852811343,-82.13317459968212,-84.39121212194695,-82.53838542545282,-82.19050937864274,-83.93098756114856,-81.48339326693635,-83.34620027441801,-82.50816852916616,-85.3467236096478,-82.85407334552453,-81.85436839615615,-83.19636950611276,-83.79660241588616,-85.41816094529572,-82.71368519611218,-81.20968232687596,-84.07360311746157,-84.35839307472791,-84.32736623372885,-82.54114559790128,-82.57834468431933,-82.20517311696734,-82.1611533232955,-81.782154384259,-82.71226032256091,-82.62414349825083,-82.84205702635376,-82.25940417921522,-84.15004805618037,-83.72851005817196,-82.13819759140968,-82.79458533908833,22,-82.96331621306092,-82.71226032256091,-85.41816094529572,1.1226412095408018,-0.6432772622338513,-0.24245119332782483
HDOK,PLOK,17472,7,7,-84,8,11,2,33,-81.69996087030238,-81.03836267686412,-83.05118915859391,-82.23840611397007,-83.96750698984796,-82.6866407816669,-83.3873270094986,-84.07529156425845,-82.34713937645806,-83.51723152648586,-82.70993022052002,-83.30347892764809,-84.98861566727821,-81.62582697718797,-82.4562752231424,-83.6548907323524,-81.0181652873324,-82.75770001438782,-83.05930797616837,-82.81245111339214,-82.99096208509164,-83.58620692613769,-83.75141391483416,-81.61154471541433,-82.4955134379513,-81.34227221889525,-84.31885872184277,-80.97224520383452,-83.47289852403935,-82.60532698981885,-81.84811539098776,-83.65288970118334,-84.37169846634002,22,-82.83077710617357,-82.81245111339214,-84.98861566727821,1.0509936347660065,0.12378525718311721,-0.6120223854929847
HDOK,PLOK,17472,7,7,-84,8,11,2,33,-80.22309014810142,-80.9507799416368,-83.60094424028097,-83.4259503345848,-81.05998394782802,-85.26007812453521,-83.51079502683487,-84.4759985246357,-83.48171411948307,-83.61851252668465,-84.38296385830904,-83.45383405999999,-84.00041936986393,-84.5766050754898,-83.69162418315086,-81.97410116805757,-82.67199023327598,-82.03980777336817,-82.94991386870697,-83.48414942884298,-82.89604519757926,-82.65816858147295,-80.86070779569111,-81.0457461391107,-81.80608710039253,-82.49062527539597,-82.49740413588687,-83.05584116841997,-83.1648222157595,-82.64277752610111,-82.63555686099843,-82.70764259584315,-82.1146802845014,22,-82.83058669184314,-82.89604519757926,-85.26007812453521,1.3168132150951628,0.2837976316197637,-0.08582243319716687
HDOK,PLOK,17472,7,7,-84,8,11,2,33,-81.0058712773363,-79.87831080396619,-83.27098223716972,-80.87427231378068,-81.60584631591964,-81.56157838340008,-83.36360787071335,-82.64769819357879,-84.11403713876291,-83.66683483568254,-81.92556164381914,-82.94964199136209,-85.14972473501341,-83.05713817219561,-84.14291602488969,-82.03595064980507,-81.07243271296426,-83.22464447743717,-83.34913450235223,-81.5012359818919,-80.62121934494253,-82.09885803888469,-82.02230446291033,-84.05819176438995,-82.3099012046466,-83.67938622012564,-82.0697505195359,-83.10781084642088,-82.64338613089143,-84.26754746557091,-84.90761604834015,-82.6678807573936,-83.40872764222024,22,-82.67454547600947,-82.6678807573936,-85.14972473501341,1.5435067177263802,0.13332894469653325,-0.4185860057522124
HDOK,PLOK,17472,7,7,-84,8,11,2,33,-80.48808526326741,-80.72461317670715,-81.0669920877431,-82.29382507931695,-82.77081673011583,-81.53574682958846,-82.02444564979842,-83.16627341328977,-81.75582289883239,-81.28770605979258,-82.75111570981048,-83.05751886311252,-84.54638910931781,-83.56804954345886,-82.22762003835544,-81.61408246240352,-82.67747793427576,-83.1111418786503,-82.83542032950224,-80.98261998899054,-82.26363551181127,-82.49768471882422,-80.44475256209661,-83.60034583637098,-83.56730179299169,-83.748936140435,-84.33450509653673,-82.65298401820797,-81.27713470823008,-82.47296893072681,-83.43252972060944,-81.19314371367304,-81.3930829105238,22,-82.3443869305263,-82.47296893072681,-84.54638910931781,1.1652126083373746,-0.04834513676588488,-0.7834567507604229
HDOK,PLOK,17472,7,7,-84,8,11,2,33,-83.05148716214266,-79.63945297965662,-84.61479970171905,-81.39119513312805,-82.56290445115022,-84.7478273259242,-82.88630682917861,-83.85565491239943,-84.22875990141348,-83.05439714200608,-83.78016064648145,-82.96341904634583,-83.10240558557233,-82.07010302989174,-83.07390641507722,-81.85397894403123,-83.76453655257198,-84.03689236907015,-83.09304888564688,-83.00903374931556,-82.40330175127774,-83.03039605176185,-81.66576697826629,-83.03785547341181,-81.92321709606499,-81.4516490933896,-83.35662827281463,-81.57536797643981,-83.34312427943816,-83.57150698755132,-82.5492056870389,-82.35749227560484,-81.83585777504078,22,-82.81459516547952,-83.03039605176185,-84.7478273259242,1.0788315233198482,0.6386298415443695,1.270751737826156
HDOK,PLOK,17472,8,8,-84,8,11,2,33,-89.23879090893016,-81.29997556748181,-81.96846830374602,-81.94936756561056,-83.52675170950377,-82.24670739778865,-82.61789183446605,-82.90392168697825,-84.02689223996902,-83.34854907081731,-82.45808363817729,-82.13539959017645,-84.39470215863408,-81.46271926302452,-81.94157875385825,-83.50437781350946,-82.01319330654641,-83.73613530890631,-81.60519342275347,-81.59332032217608,-82.22954162656883,-83.1784294510193,-82.70214921017488,-83.35409127227115,-82.46427641958833,-83.59536033780424,-81.8899159026504,-82.94897114318678,-82.55888980415315,-81.58281883858264,-82.29637251371557,-83.3479634016329,-81.19255558316337,22,-82.76707137477474,-82.46427641958833,-89.23879090893016,1.979766109248669,-2.996673509253089,12.869729266021233
HDOK,PLOK,17472,8,8,-84,8,11,2,33,-89.53408013543438,-80.77956867918118,-82.34959941459236,-80.81608075456121,-80.52629950088406,-83.09289129312361,-82.67471517353509,-83.3909240189081,-84.68465504683826,-84.09415587174287,-84.69627297648309,-83.48485048841754,-82.97124804355677,-81.39597213382535,-82.79562645926445,-83.34188447672979,-83.46945580283058,-83.33859839920736,-80.72474023663786,-81.44009868549288,-83.59786023543168,-83.7067943127664,-83.03707272629516,-81.58162128554856,-83.0257154848522,-82.00270937673942,-83.9237134104792,-81.63358202251416,-83.17376299563423,-81.97536557337796,-83.89554450014553,-82.61776079743481,-83.76847930329602,22,-82.9558090792655,-83.03707272629516,-89.53408013543438,2.611173829226106,-1.8083697973839288,7.189041574584756
HDOK,PLOK,17472,8,8,-84,8,11,2,33,-90.01661486366082,-81.38143087505851,-81.96752094113138,-80.64211208715595,-82.26158078671214,-83.56763358914226,-83.91692223936523,-81.81441342339077,-81.23128051190871,-83.51137362363276,-82.59313019414616,-82.612106028153,-84.24011096898761,-82.12823066012366,-83.0505393335962,-83.12241470049656,-81.77458675340586,-81.05633264467976,-82.21425224716629,-82.08372219870722,-81.87894863470758,-81.72706766621124,-80.91282972492566,-81.98257809808275,-81.44431723369175,-82.18522769501833,-81.70979907547735,-80.38731479245422,-81.94122105465581,-83.72088533456052,-82.6515628693346,-83.47791595626877,-83.71082977199714,22,-82.51263050236382,-82.12823066012366,-90.01661486366082,2.692438063445949,-2.9235486059829525,12.552662119976484
HDOK,PLOK,17472,8,8,-84,8,11,2,33,-87.43551991714858,-80.08562669227514,-82.85066092664157,-83.62441571776864,-81.1607482790534,-82.75624317550383,-82.63957205406255,-81.99021095978803,-83.94050900495886,-83.00100709977765,-83.49408034974779,-81.90918257737634,-81.22619858240088,-81.33092311711407,-84.51807203098654,-83.54517229392513,-83.93199751685971,-83.47772127414403,-81.29952747957215,-83.4115399933135,-81.51331694410777,-82.67500987207299,-82.39965319170459,-83.42805924200935,-82.96606265691152,-82.58322595931305,-84.18480265537437,-81.7170973965223,-82.48018309202068,-81.48143440278518,-82.70946533666232,-83.43999771871816,-83.01517954723002,22,-82.79461869872272,-82.75624317550383,-87.43551991714858,1.6887335795557459,-1.0371957817199526,3.7362506919895497
HDOK,PLOK,17472,8,8,-84,8,11,2,33,-90.34658939788835,-81.79296324088378,-82.61014958450765,-82.04267371596056,-83.38854340202144,-84.60167454418507,-83.68001935996341,-84.65215059620104,-82.704355289748,-84.493649831588,-82.81169542161219,-84.0038548521807,-84.05914607627379,-84.00957451348792,-82.29500856548209,-82.9097788092177,-81.36589887859297,-80.88482850890436,-84.13107565358419,-82.84910772152004,-84.0127025165903,-83.1488734671916,-83.02254442492638,-82.43493725556725,-82.61225536797788,-82.19936338967827,-82.8870290965119,-82.48502681581677,-83.60330708132715,-82.83078660756769,-82.99564681377392,-82.12291739863953,-80.58854912870866,22,-83.16899022206303,-82.8870290965119,-90.34658939788835,2.585808523837157,-2.5886483987275914,11.330812389117442
HDOK,PLOK,17472,8,8,-84,8,11,2,33,-89.49620841615564,-80.13277787390287,-82.35343296028121,-80.46809815017785,-80.01901512453865,-82.00695947739817,-82.4792648533903,-82.61920145555936,-83.95509985874664,-83.67954022319203,-81.75569662148423,-81.86123420295499,-83.88960126161979,-81.92193083523611,-81.54805672129025,-81.4079217949391,-82.07705861554155,-82.63112242422378,-83.59761857788081,-82.79630662100756,-82.54243933433348,-82.36568171067246,-82.72790251529153,-82.54422651267615,-82.9395982755001,-82.95361927290621,-81.20966206636321,-84.46640934949654,-82.98347723939442,-80.8177772121151,-83.44071295291864,-81.85847080596658,-83.84099301697258,22,-82.58748837376146,-82.54243933433348,-89.49620841615564,2.6468893054000704,-2.154488824743034,8.944758598997767
HDOK,PLOK,17472,8,8,-84,8,11,2,33,-89.63935902634167,-80.1719384249554,-83.20308954212119,-82.45423843999066,-81.12455829663944,-82.2958333122907,-82.92843109675202,-82.55574096239107,-82.0677434977019,-83.12655369871894,-83.39424843746943,-81.82147847337953,-83.27005942803177,-82.61639238122899,-83.13239914348537,-83.04812718068453,-83.0720632840939,-82.92145933372699,-84.47657687738727,-81.60537605045297,-81.04767411884089,-80.79194553890835,-83.32899411900115,-82.60498511586239,-81.72795681931365,-81.2871891130049,-83.31680942351615,-82.75162647161767,-81.30516224714796,-82.64977450246059,-82.89414612892207,-82.8174391416306,-79.3290204540643,22,-82.56904212370105,-82.64977450246059,-89.63935902634167,2.651267405341748,-2.185561170969247,10.233074200920024
HDOK,PLOK,17472,8,8,-84,8,11,2,33,-88.70028728770801,-79.21167544831837,-81.70137256258691,-80.9687517192478,-80.97865245363585,-83.40221708310388,-82.96925048581141,-81.59885866636529,-83.96893694730969,-80.77222663943176,-84.92017430389153,-82.7420399952781,-84.45343772103134,-82.49680821507418,-83.3069991450348,-81.8815730019547,-82.3661501935144,-82.73045752540817,-81.78059675206192,-80.96187620804184,-83.49949010804383,-82.44920582154893,-81.37798031714254,-84.21690715010139,-84.12821232581798,-84.79079379330926,-83.45510819652455,-82.0795157147448,-82.26564797140225,-82.3254603020128,-81.25028774181814,-82.88043121219594,-82.45765149862619,22,-82.69966771236663,-82.45765149862619,-88.70028728770801,2.7253611169211824,-1.2494127500928711,4.154957147077663
HDOK,PLOK,17472,8,8,-84,8,11,2,33,-89.61434900421374,-80.21437764437822,-81.13455439972459,-81.52925952397946,-82.6501424874345,-82.35594569601187,-83.16984316507394,-84.18787419676673,-83.49621180848223,-83.93354014378468,-82.7982306235998,-84.04887983262898,-81.6475268104738,-81.27263125106766,-81.78645866889201,-82.70407925042451,-82.83894896615801,-82.26479060742794,-83.34276004305073,-81.6170354301316,-82.51132970879671,-81.84962662465958,-84.12986808694137,-85.62056661827033,-83.09672852783117,-83.03811159581485,-81.54601906546073,-84.35938744358332,-83.38057928651378,-82.84289078571506,-83.21859058305228,-82.2912685322934,-80.3632616151165,22,-82.87441418265924,-82.7982306235998,-89.61434900421374,2.7632785800110113,-1.951023399245959,7.160840513476829
HDOK,PLOK,17472,8,8,-84,8,11,2,33,-88.82937911656065,-82.18578143718851,-82.57117131476775,-81.94399044025967,-81.24666685393085,-82.2959585759124,-81.51176884523458,-84.7744479952946,-84.92360124980947,-80.65559428120021,-82.42783693887685,-82.89865533646916,-83.09963675968744,-82.80359640990268,-83.13631027576837,-82.00703825185771,-85.36245770402341,-82.25444514664237,-83.09454277924284,-83.4069158825719,-80.3024212867252,-81.14155649547516,-80.78231472417386,-84.42368161652158,-83.77781322661016,-82.22431148506863,-83.3187837911022,-82.62661415204258,-84.08598167209585,-82.15723907025315,-83.65707219286622,-82.18338256494603,-83.14731748095141,22,-82.88661470769799,-82.62661415204258,-88.82937911656065,2.529845146433195,-1.527808932560988,4.646842148154777
HDOK,PLOK,17472,8,8,-84,8,11,2,33,-88.30945709854089,-80.08860386805587,-81.48158669968042,-79.08260957954747,-81.29144962743936,-83.44919124273261,-82.72095598176445,-80.96249247303837,-82.9223339095723,-85.26015964903442,-82.4883767668894,-82.63273700993739,-83.35269000618825,-82.52554443517974,-82.40030062020968,-81.55845912300035,-82.60542034823855,-84.58542159220407,-82.84569218979276,-84.1298353422273,-80.72844109164848,-82.61604964202456,-82.00629431828808,-83.37088631694748,-83.32312091148896,-81.86766709892235,-80.56754755857922,-82.99431592672497,-82.39858777329255,-82.43976384735643,-81.65375420358404,-81.03082575534629,-82.55586932820454,22,-82.49231640411156,-82.52554443517974,-88.30945709854089,2.5978561399623628,-1.1930794546714802,4.257408271144742
HDOK,PLOK,17472,8,8,-84,8,11,2,33,-89.58896332424895,-81.1653626201479,-82.27336301083264,-82.4804473603182,-81.97168490878659,-83.52259811571506,-81.32217566478255,-83.25960115462756,-83.4667524148021,-82.53287069379795,-83.72368307529597,-81.8974059154299,-84.12241559518552,-82.71202407148793,-82.46634478873543,-82.86770627924669,-82.37183423791842,-82.025315266407,-82.18554790779335,-83.06408770161957,-82.05524452009938,-84.20478269809196,-81.44237559068361,-83.29597443028146,-82.62406388797233,-83.50414874724763,-83.86571179037414,-81.70293383737268,-82.26271940650064,-80.45498469289917,-81.2103604589416,-82.72472268636137,-82.49253442859407,22,-82.75335579644239,-82.49253442859407,-89.58896332424895,2.2381320227046726,-2.849297485440241,12.583045957254665
HDOK,PLOK,17472,8,8,-84,8,11,2,33,-88.56237186077492,-80.71035848265032,-82.3879473244175,-81.53981486697536,-81.81963152610034,-83.60379249032594,-80.85396273158496,-82.32201467088879,-82.19945277703484,-83.46931518423956,-82.81053904869955,-82.67494314648035,-80.77116344132098,-81.47902745458633,-83.01872739147667,-82.05913149064533,-81.10177483543772,-81.65441199410266,-83.73110183129327,-84.00153019955748,-83.1645133582948,-83.50163138080376,-82.66763620436772,-81.73681694574046,-82.1862286177312,-82.89611680784384,-83.16709742062847,-82.64900394707816,-82.04701826476,-83.79010940629136,-82.60443606611678,-84.79224561611696,-83.37584288790802,22,-82.7075669597659,-82.64900394707816,-88.56237186077492,2.0200646501178623,-2.030917839793315,7.614639757645017
HDOK,PLOK,17472,8,8,-84,8,11,2,33,-87.8824614917208,-82.50679406501659,-82.00000757405694,-81.85377030173048,-81.39565565301284,-81.6247296250696,-82.70894889173822,-82.71219216334032,-84.94645248720155,-83.61940498737788,-82.7686111538819,-84.77726614069555,-83.20753534089603,-83.1397313159801,-83.17758601378128,-82.20996654831825,-83.10403711182718,-82.91233732180555,-83.02216783303514,-80.65325646606931,-84.52128210498466,-82.94183055850742,-81.72653338216955,-82.718814447202,-81.79994472896638,-82.41800445667431,-82.7588238079057,-81.20492241803689,-82.20323833234333,-82.01697346249559,-82.28897184855835,-84.3024201043313,-82.26984596793079,22,-82.8301369123231,-82.71219216334032,-87.8824614917208,1.730883805421776,-1.810385347161693,5.4539643095288
HDOK,PLOK,17472,8,8,-84,8,11,2,33,-88.77349470717034,-81.04156188257376,-82.26828282013209,-83.66584221096919,-81.45421280416296,-79.88791098110434,-83.52327372949878,-83.25241556402935,-84.65107188167501,-83.78081798261226,-82.77203697232117,-83.94476400345458,-82.6899394274723,-82.93334218753039,-81.69519202177139,-81.08871550376774,-82.15257180419194,-81.8986697540119,-82.8629014347991,-83.93795857229705,-82.37754964179075,-83.16606126945247,-81.53078579655312,-82.28931918300881,-81.85512673821852,-82.2046795199609,-82.84853092046342,-81.86195467291323,-85.27677013353698,-82.4271746988849,-82.13069549299271,-82.19803859222313,-84.429426492813,22,-82.81427543631385,-82.4271746988849,-88.77349470717034,2.3418549621378855,-1.737322221350047,5.902261992860524
HDOK,PLOK,17472,8,8,-84,8,11,2,33,-91.40469021315603,-81.24991293649052,-80.99434407448355,-81.35361783212336,-80.56569904321016,-83.5631925509152,-82.25642551427322,-83.09554469490705,-81.92830161333225,-82.48312966489978,-83.94278959434038,-82.72904302795583,-82.12703935931012,-82.52460535957805,-83.9631126864856,-83.98042767900856,-81.93656585252661,-83.46406369069648,-81.63947145841315,-82.51074211171755,-80.67535377580664,-82.99596569482053,-82.68101676380022,-83.07111173433597,-82.92679176263307,-82.7907369044711,-81.88922178814028,-82.15841413696366,-82.9727657926194,-84.42931582049938,-81.53406970899381,-83.64625069264905,-81.83874438361963,22,-82.76734781567201,-82.52460535957805,-91.40469021315603,3.260789241446296,-3.330438295804516,15.532029600340524
HDOK,PLOK,17472,8,8,-84,8,11,2,33,-87.70096684993912,-80.55012975363522,-83.03317818760269,-83.39684203277535,-81.46504781271865,-82.9164285073805,-82.59374481681223,-83.63732923127183,-82.82075708908698,-82.99623026921216,-83.57640422650145,-81.87290342399561,-82.97751840965782,-83.32444790114609,-82.49841782055866,-80.77358597769555,-83.71722853653802,-83.62863820849564,-82.11913556917953,-81.50347291158849,-82.8341848323671,-82.69012533037328,-83.01555134327342,-81.81526636058875,-82.64550919251535,-81.124656690527,-83.58414994973488,-84.3934956085323,-83.09732445680551,-83.88025139523536,-82.4909870357228,-82.32986945540935,-81.72106427620804,22,-82.8098437413056,-82.8341848323671,-87.70096684993912,1.5592680964413743,-1.5064176160986869,6.078140812644538
HDOK,PLOK,17472,8,8,-84,8,11,2,33,-87.80037331097859,-78.77698883383462,-82.9577194004498,-81.55127116408771,-82.3453859006175,-83.85477945076065,-83.33427095930418,-83.5483441785507,-83.05912644663474,-83.98377698927858,-82.53465020098066,-79.16621714476256,-82.12765830302301,-84.26033040184817,-83.64173741698795,-84.22150659361486,-81.46325524259807,-83.72656001684976,-81.53425248127184,-81.31569119877103,-81.7798764152613,-82.98249801388786,-81.9390760481952,-83.22544963879145,-81.14051910448673,-82.81053645416921,-84.89948319712998,-81.68550343778357,-84.13408602126466,-84.0494712391649,-81.06528054316239,-84.20576022786244,-83.93416237579511,22,-82.8198666167321,-82.98249801388786,-87.80037331097859,2.7710534853082995,-0.08444897593395208,1.94841741791295
HDOK,PLOK,17472,8,8,-84,8,11,2,33,-88.59950655379816,-79.78419480412195,-84.52368508048846,-82.23874593786132,-82.84287203628371,-81.24638311650034,-83.13741271096023,-83.83147337796524,-83.80933545447425,-81.48156874794157,-83.0633227811085,-82.41932422571239,-83.59902964139255,-82.50292043105118,-81.64135867932666,-83.44479319993947,-83.12824048273383,-82.11541091390042,-81.74024652188952,-80.81379319819595,-82.69623920487402,-81.75784581711001,-83.4718234624508,-83.04017046297058,-82.97256883412096,-82.94724501416773,-81.40050187491194,-81.62253062794723,-84.05613499230888,-82.13109007024956,-83.16639424730188,-82.2418513753663,-83.1308924258203,22,-82.74542140318928,-82.84287203628371,-88.59950655379816,2.0664889267690842,-1.7764869164846273,7.475899437978374
HDOK,PLOK,17472,8,8,-84,8,11,2,33,-88.66559284028145,-80.3136955208588,-83.02971346214892,-81.6430669194721,-82.44706041832818,-83.66862704424345,-82.96286405563255,-81.67885885344032,-83.14454169493861,-81.91844714176312,-84.03415854033192,-83.6473660112752,-82.74660881589438,-82.67228205845764,-81.18809389238307,-81.54097165064384,-82.89509694972541,-83.34263475225605,-82.48150618998847,-83.34931927467095,-81.89333634352603,-82.78462872891167,-82.23427688699955,-84.18748655203187,-83.22065252216902,-82.60905469494742,-82.17829484771562,-83.12229368902416,-84.50678433249786,-82.99254221132897,-81.02436418914714,-81.04820810142154,-83.25888695891405,22,-82.8009489741021,-82.78462872891167,-88.66559284028145,1.9800182524980579,-2.001834306011934,8.187173132714264
HDOK,PLOK,17472,9,9,-84,8,11,2,33,-79.49396523269628,-81.25465692984207,-83.4071274903382,-82.56648246247626,-82.68657458828238,-83.51322881446382,-82.07893753656161,-81.50357910779701,-83.551790423269,-84.6160750857943,-83.80854398363283,-82.56014588106643,-83.54263648802545,-83.26542832861269,-83.18389541099867,-81.99217232038103,-83.4475724544915,-83.63578037954,-82.03902247260532,-83.98975031761765,-84.0290604540378,-83.8253775840357,-82.99182201600775,-83.46920822309848,-83.75433550534278,-80.93555311471947,-83.18182089325796,-82.70112222447568,-83.50513559004412,-83.06750115521507,-83.09531540259484,-81.24724988526648,-83.14442241445272,22,-82.88137242942553,-83.18182089325796,-84.6160750857943,1.1102454529299732,1.2714977756499883,1.9049704550151607
HDOK,PLOK,17472,9,9,-84,8,11,2,33,-81.11199153914947,-81.23741490071089,-81.39730149053082,-81.54585949028207,-80.89547648235485,-82.44895922291647,-83.35012679486928,-83.12612442919622,-83.12341240014719,-82.67387741381785,-85.26265732352464,-82.5162235604218,-82.15439615132753,-84.30729459503054,-85.78985256025412,-82.18854132448419,-85.47765963624612,-83.99259826108805,-83.55651279404066,-81.71986011777255,-82.13475477709038,-82.75237175561664,-82.38781649992052,-83.83131212711093,-81.28738817137327,-83.74255285669248,-83.77947876731372,-81.87787931618844,-82.56614918372438,-81.45633451359771,-82.30416076212084,-82.95371675791914,-82.63251786645132,22,-82.77522951040258,-82.56614918372438,-85.78985256025412,1.5270135726656013,-0.7407977737314383,0.15596655948841143
HDOK,PLOK,17472,9,9,-84,8,11,2,33,-81.91801034012997,-79.92107578539942,-81.624147718103,-81.55553157096566,-81.27260493620582,-81.43394510951308,-82.69028268581569,-85.34860037840016,-84.22863095962427,-84.90568744692295,-86.40742281442635,-83.52902542760008,-83.72190398329603,-82.74940976338517,-82.52411809156835,-82.09840987121773,-81.50951824205261,-82.55420719967384,-82.42624646563293,-83.07596408584753,-82.46393989537722,-83.1338327736487,-84.25932528736399,-81.57145345573807,-82.47123759786768,-84.14377491963731,-84.48022282831423,-82.27220513564596,-83.20472403558777,-82.93665046998561,-82.00745367988426,-82.51605160674595,-80.54999963806453,22,-82.77289739998913,-82.52411809156835,-86.40742281442635,1.8452891155841735,-0.5258600615635601,0.5531265820301483
HDOK,PLOK,17472,9,9,-84,8,11,2,33,-80.93692748951332,-79.58831283457278,-80.46228694284079,-80.50855311993419,-80.79582548023858,-82.53948523826277,-83.06795090714151,-81.90793495813774,-84.96548155041074,-83.78622494128005,-84.5707074658299,-84.11806867979173,-83.36765612458267,-83.13909012778544,-84.53608791058392,-83.36538616833815,-82.73593087456781,-81.53978199634732,-81.64866769844396,-82.71353326415515,-83.81947100224146,-82.56683901532958,-82.92681109476631,-83.07653362124246,-84.27812040948079,-83.09528954260786,-83.57900253157504,-82.67808718819393,-82.80136977659242,-81.11980774837487,-82.76492490163753,-83.24595127044103,-84.5505619916802,22,-82.7514140565734,-82.92681109476631,-84.96548155041074,1.7204333346719967,0.5393226223708089,-0.22011316156033667
HDOK,PLOK,17472,9,9,-84,8,11,2,33,-81.77450762209487,-80.95391961882807,-84.68604114869824,-79.32360092996699,-83.7509713066151,-82.03747778932271,-83.75526310826372,-81.69986514318795,-82.81483066543173,-85.41216797430224,-84.04799785297794,-83.07458739657865,-82.67613203730167,-81.74474941421366,-83.50459182908382,-82.697952528208,-83.87691544829342,-82.81088374454545,-83.96854864315009,-83.17059681097788,-82.28840312645714,-84.01772670711433,-82.90166515771146,-83.34275615956959,-84.36830325651037,-83.41885351575193,-82.28484250968441,-82.86846407650896,-84.04585782705577,-82.3835586402611,-82.42937471725241,-83.16573170044059,-80.95493204226611,22,-82.91672940753413,-82.90166515771146,-85.41216797430224,1.4114922682100992,0.6792192564064767,1.3980143483048768
HDOK,PLOK,17472,9,9,-84,8,11,2,33,-81.98541371375153,-80.03161704172851,-82.31436576502804,-82.79760311252265,-81.85962333153186,-84.03634356603642,-83.91614288941867,-82.63934723014205,-82.85529499813101,-85.09987514087278,-82.73684336719923,-81.74378866019386,-84.08439811089664,-81.65677479151874,-80.71522059929532,-82.08996779918381,-82.86719069121848,-83.55264076289102,-80.26417110201257,-83.59454552449537,-83.07944647681191,-84.34273826483589,-82.52090623081972,-83.88039264730928,-82.39511990147615,-83.68063750376406,-83.65055063547437,-85.09268801639571,-84.1051598469746,-83.10309445611551,-82.3317170282724,-82.81057106531162,-84.35355496050548,22,-82.91478015854953,-82.85529499813101,-85.09987514087278,1.4762334226554574,0.448488218345649,0.13156628532430137
HDOK,PLOK,17472,9,9,-84,8,11,2,33,-80.30580464294248,-80.85748018628779,-82.57170108472036,-82.4086973543756,-82.01334671461375,-82.5341188004375,-83.52223419604724,-82.34699761659698,-84.84715912879426,-83.15337537749508,-83.33533428371197,-83.8134818145223,-84.81016851042128,-84.45741404450794,-81.9922657427736,-82.13997590537079,-81.39828926019895,-83.69995766392839,-83.83919567076158,-82.71331475128198,-83.88268324469355,-81.13545956413105,-82.79393037581112,-82.95462842752491,-81.44451095175658,-82.87389262932714,-83.39276816311043,-83.58989358119307,-82.3180419113387,-83.2685711216513,-82.02303740198847,-83.21084712532053,-81.79421940749445,22,-82.77099383803427,-82.79393037581112,-84.84715912879426,1.150805094085651,0.14443594968992388,-0.19346274736723545
HDOK,PLOK,17472,9,9,-84,8,11,2,33,-82.35002238802998,-81.45333845131009,-80.29781610942766,-81.3489160354164,-81.05415583416173,-82.49857101637024,-82.68219242039541,-83.32351866330387,-84.19449486031951,-87.33638511259417,-83.17337351838253,-84.3336958101674,-82.2075080796927,-82.76652624364196,-84.27328469307635,-81.44587691426736,-82.95839037611539,-83.49265980151768,-83.06664063140137,-82.05565931586973,-82.69918474329508,-83.11226048644812,-81.96474063405849,-82.42129510928886,-81.26499613598945,-82.23344744532575,-82.89312042069452,-82.5685641885542,-82.47110034210476,-84.56682142362799,-80.40614097556421,-82.75054505200107,-81.83667069124061,22,-82.65157314920167,-82.5685641885542,-87.33638511259417,1.7322056978969278,-1.1944261307280473,3.677671565594649
HDOK,PLOK,17472,9,9,-84,8,11,2,33,-82.32127944932107,-81.36681814422167,-83.51812348859546,-82.07501325330891,-81.28411054600814,-83.54278858565947,-82.06022069325944,-81.98206744395489,-84.60332528438632,-85.58880600093187,-82.75502449049964,-85.50527161923168,-84.43404355088579,-83.85319336116656,-80.70980805225402,-83.6335321992879,-82.270906924878,-82.36929036987466,-84.34019500646171,-82.69715104578647,-83.03290244646882,-81.34868193739139,-83.57130409805812,-83.54460564444179,-84.37080793308725,-81.44399591627476,-82.65727057226519,-83.09538602885233,-82.51763496215244,-82.7581078654954,-81.90235044888381,-81.58304593045531,-82.72766849326571,22,-82.89287066021411,-82.72766849326571,-85.58880600093187,1.4316413069116392,-0.44804000619516265,-0.2686144877258778
HDOK,PLOK,17472,9,9,-84,8,11,2,33,-79.77988735894465,-79.629141710237,-82.5060523270313,-81.06235341028535,-80.21729526812315,-80.90052138880621,-81.58325427560004,-81.54535953403224,-81.68865378849635,-83.84262716930247,-86.8735519487871,-83.26482204904367,-84.16152152402621,-83.43141111287756,-83.11086261931808,-84.00451486666577,-82.56225944005085,-83.69120626184002,-83.53138919412626,-84.2547442169051,-81.82568975362001,-82.19093332326244,-82.89630454505942,-82.64450521119427,-84.47234694857357,-82.99587314661768,-82.19278526959513,-81.55330311828081,-83.10097690144795,-82.94500669739085,-82.19485881449552,-84.33763812478071,-85.3056505505988,22,-82.73628187483084,-82.89630454505942,-86.8735519487871,2.337768892162754,-0.1681223577958729,0.6168141483486043
HDOK,PLOK,17472,9,9,-84,8,11,2,33,-81.15556145263346,-80.9272247080595,-81.49570958026662,-83.03068472495626,-80.46518486980638,-81.90664557394538,-83.16303755197144,-82.48837674324662,-84.43543651505296,-83.77310627577359,-82.9430209197391,-84.23659874489303,-84.27500805891066,-81.28183261035356,-83.26765370464615,-80.93736736244136,-82.45749572923205,-82.32225540522091,-80.46334954427584,-83.79106393901152,-82.7726658369228,-82.03636541211226,-84.3363891697715,-84.08597246020334,-83.85083693655801,-82.20650677200773,-81.4542015079419,-81.67873816840607,-82.7444883363878,-82.88338552233148,-83.496150419936,-84.26597026677327,-82.85029612267876,22,-82.6508660892869,-82.7726658369228,-84.43543651505296,1.3982315287140645,0.19811063590117545,-1.026546720156
HDOK,PLOK,17472,9,9,-84,8,11,2,33,-80.4022153988544,-82.30445295172508,-80.32765070135001,-81.67288227604361,-81.80975938546621,-82.18008583158982,-84.19510893380513,-82.30042536557218,-83.92076989429465,-83.35294119509298,-84.52566454207373,-82.87106209931149,-83.28971680210192,-84.16499260478544,-83.85121545714716,-81.73285421887562,-83.98642562341982,-81.5904406781364,-83.03072919451844,-82.51358859050929,-83.38659677111832,-82.83205654076666,-82.7752943700101,-82.41000845135527,-81.82893725350486,-84.88308601617776,-83.48003115929909,-81.7246002863481,-82.81636317247353,-81.92377676166842,-82.9059135010688,-83.25731795264898,-84.44771843492106,22,-82.80892977018287,-82.83205654076666,-84.88308601617776,1.2101801127439655,0.2312887723416212,-0.21659700316073138
HDOK,PLOK,17472,9,9,-84,8,11,2,33,-82.02798961718692,-80.18374098232755,-82.05687248840876,-82.72365376171396,-81.00482733324839,-83.46279890787139,-81.82569112738231,-82.21241170920484,-85.57225802293458,-85.51963767876335,-82.06759896029007,-82.00259516215863,-83.33331537327328,-83.95166159023307,-83.15817104549879,-82.71037934404978,-84.33534265500337,-83.14619265576897,-82.45611063775071,-83.25265820858267,-81.90766388382383,-81.80248392423668,-82.31968109857033,-84.48164968954846,-82.6664189450775,-83.73906147877248,-83.20319029196541,-82.77021903891793,-81.22598832006246,-80.97756493582283,-81.01913899079415,-81.07419706044115,-82.84520756229615,22,-82.63746583278729,-82.6664189450775,-85.57225802293458,1.537843198633265,-0.47534454293319617,0.2662799288652642
HDOK,PLOK,17472,9,9,-84,8,11,2,33,-81.30532785227278,-81.2529784506981,-82.85806661926938,-82.0146347829578,-82.36362313136769,-83.21865855455863,-83.9607551427941,-83.07231833404502,-83.74023491392036,-84.1803802004923,-83.23180646857558,-85.45203175327596,-82.92928390340525,-83.90248272022413,-80.3971959343629,-83.76082124292594,-83.9372486190386,-83.26131201741362,-81.2488713964308,-83.46715983242794,-82.03576370770415,-83.34403857845916,-83.06445983294653,-83.11216397558965,-83.64741284773835,-82.29156523644217,-84.09962764230856,-82.82561414143098,-83.51271539944068,-81.8805777758049,-82.92495172731175,-82.65238588247811,-83.35236445046327,22,-82.97875251722955,-83.11216397558965,-85.45203175327596,1.0207604533044052,0.4106079170641391,0.7202275923310446
HDOK,PLOK,17472,9,9,-84,8,11,2,33,-80.15029616695605,-80.14106577055493,-79.52796821254809,-83.10537742782728,-80.35892938519096,-81.70616428797659,-83.42642204571021,-82.86784193252161,-84.47145030680427,-84.69127795031085,-84.06568434026806,-83.22759088738376,-83.42639858921464,-81.99213562529877,-81.88991825131971,-82.75251413690584,-81.73258867955984,-82.22397293817127,-83.05851274783122,-83.79896047333054,-83.63354889017776,-83.31361714763254,-82.59453376787336,-82.97186506936058,-84.66960452575682,-82.86076619157345,-81.69744051143927,-81.36941924831889,-82.70437361643077,-81.45046879911517,-83.08855609763981,-80.25806313326778,-82.30644882219619,22,-82.47072048413536,-82.75251413690584,-84.69127795031085,1.7527837368687473,0.459746532486847,-0.3123281058310443
HDOK,PLOK,17472,9,9,-84,8,11,2,33,-80.18514766367174,-81.44346287338053,-82.71157850832836,-81.22200664496813,-82.33368173376994,-81.69982916447708,-79.60484889737675,-82.39255835783368,-82.87739843095765,-83.59814119887658,-85.20171844894423,-81.93674063647143,-81.57779664530318,-81.9769314522139,-83.44589329368796,-81.23496806420955,-84.58946622051235,-83.62179382234477,-83.2642102717237,-82.61345842314148,-81.82252550012083,-81.18318190610573,-82.4418967376657,-82.12219051564962,-83.76553396279857,-82.953343337127,-82.70096046704096,-81.71902505963502,-82.48125430716935,-84.02197350944574,-82.5229571099595,-82.61296963885626,-83.40724455175724,22,-82.46323295016741,-82.48125430716935,-85.20171844894423,1.3310423795000932,0.052266204916255644,0.5953506125449626
HDOK,PLOK,17472,9,9,-84,8,11,2,33,-82.65348395832595,-80.40707860800103,-82.9002289433078,-81.3746968434737,-80.7096105305092,-82.81183619492842,-83.51218184883186,-83.50568629649875,-84.08394607340107,-84.09056419913034,-83.17168712516217,-83.43054195687996,-82.80252716059755,-84.29619522941948,-81.25154810831012,-81.68208602255046,-82.99595597897805,-82.42671202847384,-82.71243144912236,-81.40148121534709,-83.98687063730921,-82.10137515079909,-82.76073195962402,-83.13125724829891,-84.0541670124226,-84.60097167519062,-82.78375375113619,-80.82012383134597,-82.7060842410104,-82.71525776682908,-83.58004608086905,-83.79521528907878,-82.70082669026041,22,-82.7865806395583,-82.80252716059755,-84.60097167519062,1.1334755468469861,0.5425177353339857,-0.2913351754559086
HDOK,PLOK,17472,9,9,-84,8,11,2,33,-82.49330215220294,-81.39497063185266,-82.52739460410136,-82.22261241191796,-80.45158287545577,-84.38638449854297,-84.04723508058872,-83.57567172807447,-84.49472472864151,-83.94461821436525,-83.55597222363147,-83.63399619480774,-85.13542089499151,-83.49372554468222,-82.85195623919527,-83.53108525399911,-82.15670621940009,-82.01660258791853,-83.38784757318265,-82.60479490446778,-85.89248316827026,-83.32747437202272,-83.63176735641062,-83.08401833253168,-81.42921436048093,-81.25509495719912,-81.74598472590525,-83.71907860128158,-81.94958919601861,-83.83324753038927,-83.709449494243,-82.18352435164317,-82.93998834429942,22,-83.04871270765804,-83.32747437202272,-85.89248316827026,1.3275688722727153,-0.04564303057394099,0.1641806982966778
HDOK,PLOK,17472,9,9,-84,8,11,2,33,-81.7140972236077,-81.66975890967149,-84.54796066838165,-79.94123691723114,-82.84527350608306,-83.03408541695806,-83.59052848479524,-84.36943314426901,-85.16348510655993,-82.09752550431362,-83.6223823305372,-83.81254856125358,-83.5634868266383,-83.78943836326697,-83.7887927241754,-80.64403604102624,-82.8448422726606,-82.64890578309222,-80.8222988175366,-82.6371958341809,-82.78454819150964,-84.61472730864652,-82.97320478247336,-80.21222177383365,-82.03198093268863,-82.14577432121087,-82.39414494101221,-83.60497553064785,-81.15060653573543,-82.9015594089872,-82.00360271056098,-82.65238215958209,-83.16320473513473,22,-82.72061350812916,-82.8448422726606,-85.16348510655993,1.543102996041244,0.3602072002878697,-0.12631181424452986
HDOK,PLOK,17472,9,9,-84,8,11,2,33,-80.5823223606088,-80.86978088364656,-82.84603170334717,-83.61082865234089,-82.30149948464529,-84.67625541276524,-83.97112905156474,-82.38648694273871,-84.0521779345958,-84.47037898156954,-84.04355603669414,-83.49642458168407,-82.38996546336048,-83.17947894272795,-83.39655029157572,-81.93540952810051,-82.06706412482109,-80.10752247737982,-81.92972389697007,-82.7154236978866,-83.0365416208231,-82.95647614922551,-83.69422295397317,-82.90694529639548,-82.51556750733042,-82.57401050175069,-83.5351825737645,-81.1290460087806,-82.97027570757018,-83.6526233190504,-82.06396491881631,-83.30489223712354,-80.60327657345806,22,-82.72639502476015,-82.90694529639548,-84.67625541276524,1.258379142655129,0.5921976727005771,-0.08605762662244176
HDOK,PLOK,17472,10,10,-84,8,11,2,33,-89.92336768699688,-80.03149780929488,-82.37525442068505,-82.61874067461518,-82.38597047131941,-82.80428590867773,-84.9291638027094,-83.11124935484358,-84.0751731084664,-82.80627192957385,-82.37534477268616,-83.26626878411489,-82.33185809831213,-82.53356368935431,-80.85753168104814,-83.99527748310152,-83.38896218109063,-82.61398241827551,-83.89941954995336,-83.34781727199503,-83.21942395327525,-83.03595808061802,-80.90383407042299,-82.86365951191824,-82.82400252703101,-83.57391119783674,-83.12472207431931,-84.35457243543608,-83.01771655766692,-84.20951153198548,-82.57659253943712,-82.90271756019438,-82.25722112418806,22,-83.10711649277103,-82.90271756019438,-89.92336768699688,2.3956793043189717,-2.3488316007521783,11.004081542824846
HDOK,PLOK,17472,10,10,-84,8,11,2,33,-87.7459140312683,-81.0760952603075,-81.19154100952557,-82.23127562364753,-82.03792882174668,-82.84544069535312,-83.15512141386485,-81.30348466854326,-83.48500733288567,-84.38405086564246,-83.31751321417404,-83.46863262092916,-80.77473525479617,-82.89591227166035,-84.47965632403212,-82.3127692262761,-82.4358589267342,-82.86957897582698,-82.76634451347843,-83.41265247469133,-81.81228689393011,-83.94069960629908,-83.48484029357421,-81.53500934562041,-83.14895391491517,-83.79108679296684,-81.65258437599452,-84.313491063525,-83.49679686380941,-82.05406024865808,-81.18640528591587,-81.16903441766138,-82.91259009554322,22,-82.80870765829688,-82.86957897582698,-87.7459140312683,1.8194807165448204,-1.3021757660093276,3.929778705455798
HDOK,PLOK,17472,10,10,-84,8,11,2,33,-90.28347994960522,-80.06925816385326,-82.11377988794773,-81.71332749700397,-80.5467512314273,-83.26347823135877,-82.14909144743498,-81.25268112050784,-82.62218943795953,-83.22924279985574,-83.62511503218622,-83.9345206268025,-82.89090460366005,-82.05635134464177,-83.01004704471366,-82.18509912664429,-81.55712119461931,-82.20288873405258,-81.53222837739912,-84.03541911404525,-83.03231978779174,-79.47220142465223,-84.89146666067231,-81.44703878620261,-83.3111595894642,-82.79724915167597,-82.49490716611129,-84.09230991545938,-82.70844370631882,-82.24693210734047,-81.71816943801099,-82.01024106258461,-81.85853900934225,22,-82.61678644761655,-82.24693210734047,-90.28347994960522,3.1111356271880415,-2.3556665633455873,10.114535598297577
HDOK,PLOK,17472,10,10,-84,8,11,2,33,-87.47786764487988,-82.75571156706168,-81.5268911637065,-82.80134943831973,-82.38858410867014,-82.77660645300361,-83.44683901271999,-83.03352578612416,-83.8029531800995,-84.75612662811986,-82.38003285227335,-81.79107098076013,-83.6900729090759,-82.23458239326675,-82.49449735518819,-82.21931791094279,-82.23496785309285,-83.03224270645481,-81.40764383641508,-81.98852474677022,-80.88328852408296,-83.01362044998979,-84.21489716445959,-84.50670217550133,-81.72753284004753,-82.32732106191642,-82.830824656107,-80.93579084778747,-83.23236347493956,-81.71973713262831,-82.76463885648677,-81.63462684977667,-82.96378562501013,22,-82.75741024805086,-82.75571156706168,-87.47786764487988,1.5409591421821207,-1.685537521620714,5.101667259437004
HDOK,PLOK,17472,10,10,-84,8,11,2,33,-88.60764589502706,-81.4200726726913,-82.83251050954385,-81.2843748781454,-83.85983212303498,-82.06936057498174,-82.45357018998777,-80.76072258899327,-83.92370641242323,-82.31764846695452,-83.85779243734001,-83.81254316847635,-82.4777425546992,-81.52765140852648,-82.357175066321,-82.83088064101496,-81.74710579550609,-83.36505239547868,-82.36960658713701,-82.56194472438332,-82.42230614687125,-82.72432801679379,-81.8051830777286,-81.62671819446028,-83.73700922817808,-81.31669892725053,-82.79622166717886,-83.58333922013595,-83.72058820143963,-83.93828257425605,-81.80036083704492,-82.93340888043245,-83.04143890004619,22,-82.78432796856009,-82.56194472438332,-88.60764589502706,1.8337221968109458,-2.3260069058725543,9.316432469441203
HDOK,PLOK,17472,10,10,-84,8,11,2,33,-89.4253933352567,-82.18841573764433,-81.66988556613266,-80.293435969272,-81.63603357392303,-82.36556298999857,-82.28440567040751,-83.0230432237679,-83.63053119042901,-83.31675976151728,-84.5046185477462,-84.13717573196801,-83.06548552458487,-82.77230315615714,-81.31761620633415,-82.1233485965905,-82.57862639568886,-82.60769104670814,-82.59688841990057,-82.9768689469454,-81.69666637964781,-83.54225023995382,-81.12471661285211,-83.14346612061084,-80.86912167125439,-81.29389166024896,-83.62951869463394,-81.94629931538051,-84.5116702920581,-83.37082187347424,-82.94061095444621,-83.35968078686489,-83.22870927636367,22,-82.82337919602308,-82.77230315615714,-89.4253933352567,2.36622782591194,-2.2675335103797765,9.368148997657746
HDOK,PLOK,17472,10,10,-84,8,11,2,33,-89.28617798731933,-81.96417051744785,-81.76268279997502,-79.95153674312522,-82.55933660604015,-83.19855705935828,-83.19020810223503,-83.11837116776877,-82.15725542974852,-82.81916439111534,-82.52380795741156,-82.1392503973073,-83.89290995622308,-81.5336969431018,-83.62456304287981,-81.71226603721244,-83.64206137907185,-82.2915289642784,-83.5535551561305,-82.54883458527632,-83.49174731228375,-80.96593400362718,-82.63507504003296,-80.91895822036753,-81.34103775923256,-81.87081820147601,-83.58003189286397,-81.42019144454252,-81.80947067034265,-83.88505558745162,-81.47855131209565,-82.35396995151963,-81.93057459827487,22,-82.5803439762769,-82.35396995151963,-89.28617798731933,2.2968083592811213,-2.519135864610636,10.83916631664735
HDOK,PLOK,17472,10,10,-84,8,11,2,33,-89.45545588808288,-80.2876693167578,-82.9282721742109,-83.04512705508385,-82.41918399503486,-83.99366820779892,-81.59972839925493,-82.97257691961484,-81.88947563009336,-83.29918161103156,-84.91282397293168,-83.17713089828854,-82.49319559632858,-82.69083870170203,-82.45880932538968,-82.12063718917508,-81.64495953238564,-82.71339092783826,-83.23381899369976,-81.68554076859958,-82.28639067232592,-81.16823439361289,-83.06031942943979,-84.0715164618145,-82.67166219792922,-82.40226542059278,-84.25831300206238,-82.5624519021845,-81.95237262971051,-84.46769667957793,-82.27647241556778,-80.39366354029275,-82.37478218958051,22,-82.81720078903012,-82.5624519021845,-89.45545588808288,2.411153545121243,-2.2983898008567247,9.305788993673122
HDOK,PLOK,17472,10,10,-84,8,11,2,33,-87.55377496150786,-82.11037464728263,-80.82391200501847,-80.2606991182173,-81.52187921522236,-82.5200670561475,-85.33711968574579,-80.61130704249796,-85.12182121673862,-84.57461201586699,-83.8603582391403,-84.0462810479394,-83.15558110883646,-82.62763912830155,-82.52055752404652,-82.49340882743377,-83.48113281498576,-81.36157560994032,-83.41780217527423,-83.27874059515673,-80.9325513291897,-84.0220907821452,-83.37327394634708,-81.28610990416982,-82.80863515079817,-82.81620337591485,-82.41682785026889,-83.18037813581435,-82.58949807889157,-83.52190814628467,-82.58117415309512,-81.71214678448935,-83.77887612618031,22,-82.89994902420878,-82.80863515079817,-87.55377496150786,2.162865399923658,-0.7615396141378673,1.7727256203787625
HDOK,PLOK,17472,10,10,-84,8,11,2,33,-89.84563166748569,-82.03268949768653,-81.69694329444862,-82.17806117939679,-80.43360439384176,-82.04876042093545,-84.00889537080212,-82.09447213123595,-84.16078047255913,-82.26091421802029,-83.07534900111474,-83.58409840638237,-81.8371554389852,-81.78834999453711,-83.96533951192299,-82.71890402814388,-81.71913308917733,-83.0249045842078,-83.72018624704164,-83.2887184263402,-83.27736719570144,-82.0047715342387,-82.6358225513665,-80.96854083575653,-83.09811490460159,-82.97414091109908,-83.0650730351668,-86.69986032812034,-80.99031126121876,-83.10837019090283,-81.47837707235294,-82.44844062116142,-82.1561227473075,22,-82.86024862312911,-82.6358225513665,-89.84563166748569,2.835881830537231,-2.427855764672891,8.497577485205912
HDOK,PLOK,17472,10,10,-84,8,11,2,33,-90.18016867433451,-82.24810047897809,-81.67727862008736,-84.16065036608416,-82.57065625619985,-82.47340937791851,-83.06073035829058,-81.8213924546493,-82.63078352045694,-82.73428192684081,-80.622968608795,-82.90181841794515,-83.9484451753053,-82.85682292129675,-81.41283095787237,-85.4009912173059,-82.39411084463461,-82.38476692569562,-82.71562392708215,-81.21147339563376,-82.77219970173104,-81.24739089153962,-81.23490360423436,-82.97516728661188,-82.59272626010572,-81.31170293475643,-82.73750975484585,-83.30556017738589,-81.78893590985973,-84.05698222677383,-82.52406757339236,-81.74822588209835,-82.74703109222116,22,-82.74090023396857,-82.59272626010572,-90.18016867433451,2.6609555899271125,-2.989544386433067,12.563559796743466
HDOK,PLOK,17472,10,10,-84,8,11,2,33,-87.83711611348565,-81.1790700946704,-82.03893183385581,-80.04552755810187,-82.02248829421056,-81.79505534019536,-82.21569730107704,-81.98933393181758,-83.42558644435329,-83.04159715127211,-83.04357253953964,-83.03860020742988,-82.5294906398471,-82.4855067246884,-82.07935027273295,-82.89678327658171,-83.78560388211845,-82.14432338255976,-83.78990711891977,-82.01947869875508,-81.74267972052353,-83.1263707011141,-81.21064476285505,-81.7249072083692,-82.25921395145606,-82.49836685427312,-82.71824995845043,-83.17004309873566,-82.25849553674388,-82.43203630832544,-81.37622175285473,-82.58569655230708,-82.63064016576574,22,-82.51929052660564,-82.43203630832544,-87.83711611348565,1.4666655945211293,-2.3760611593218632,10.751518416671013
HDOK,PLOK,17472,10,10,-84,8,11,2,33,-89.18353515455256,-80.69419142597044,-83.0597253019437,-80.92779172995576,-82.22057653375475,-82.83597312092805,-83.23489695033146,-82.77784813628026,-84.40338387138769,-84.87210452790693,-82.50849972279104,-83.82887792758372,-81.96748123400153,-82.85163329204957,-81.82902262337218,-81.52447851829828,-84.31804553663675,-82.48501529175492,-81.8306669229346,-83.20141747717255,-83.187765913266,-82.59695579422353,-81.5088731823008,-83.79137182970767,-81.47468908736113,-82.92346770605968,-81.99440537171573,-83.34795590494927,-82.49996410234418,-81.7350620640499,-82.88152680341942,-82.51718892094308,-82.26163165675253,22,-82.82654617080907,-82.59695579422353,-89.18353515455256,2.157601352900328,-2.4693903748272414,9.72916660080908
HDOK,PLOK,17472,10,10,-84,8,11,2,33,-89.4663977359582,-83.21018279510919,-83.37665598693908,-82.50516359433072,-81.74265555261161,-80.74052807335612,-83.27533533088479,-83.92231494261412,-82.62596714592225,-84.01427219842101,-82.1777271293662,-83.65563818336449,-85.73265001490948,-81.52454958307695,-83.9593440982793,-81.81873648097756,-82.46521741342534,-81.84550090660866,-84.47096392222645,-83.91146818350524,-83.87124498602864,-85.34857170325694,-84.81069399443896,-83.87651055003222,-82.37516305594124,-83.59161328001501,-82.79426465171467,-82.60761774468976,-83.68724010902082,-83.33403930660484,-83.4192410871571,-81.80144226512297,-80.47322117712412,22,-83.28582221766769,-83.33403930660484,-89.4663977359582,2.601491541813845,-1.5543913029695775,5.385708289427141
HDOK,PLOK,17472,10,10,-84,8,11,2,33,-89.92397207341186,-80.8231626041787,-81.7593870010633,-80.69324902741283,-80.70370799011405,-83.29586327159019,-82.82452298116993,-82.539331038325,-83.69111789502509,-83.4171654982697,-83.76428329759273,-83.30220953670792,-82.9685460132058,-83.17356734556206,-82.27829673249542,-82.28484150139309,-81.60981804078604,-82.7912823477562,-83.64672299951445,-81.35839776120498,-82.63451714213396,-84.01962185915643,-82.81347735004476,-82.72334068060796,-81.38314351486285,-83.41057672923323,-82.05998219569253,-82.68088512935371,-82.47030934415514,-80.08609148685625,-84.06066271729104,-80.63797644776872,-81.00120574816528,22,-82.63124955460913,-82.68088512935371,-89.92397207341186,2.807875806764401,-2.3211980942350934,9.970007886000394
HDOK,PLOK,17472,10,10,-84,8,11,2,33,-89.47329028907814,-81.55740547548538,-80.7785657258564,-80.512883303106,-81.83417774977161,-82.72057180187991,-82.65662272862741,-80.88224563125425,-83.79518026483356,-84.85368880649987,-82.09103074954064,-82.17881131885693,-82.5279617872582,-83.1507451931007,-83.33328247841837,-81.62292031415492,-80.82928852845028,-84.0103345959706,-81.77680391551672,-83.38345010328898,-82.68570885939977,-82.36827998202568,-80.32245868194532,-83.59002819824536,-84.27147206377978,-84.56968789868793,-84.03570932492444,-82.2855150342776,-82.98566659860329,-83.34205360818603,-83.19543432568142,-84.04806571436711,-81.26578280365838,22,-82.81621587438579,-82.68570885939977,-89.47329028907814,2.8232970633654566,-1.7251325307977983,6.169410844520856
HDOK,PLOK,17472,10,10,-84,8,11,2,33,-89.20969886483152,-81.95284891855601,-81.146692433693,-81.4169157429852,-84.1196523046253,-82.7378962722113,-82.79040955423422,-81.9191237936211,-81.65472786068754,-84.0923252675028,-81.24751979177697,-82.29214923326312,-80.25417541662101,-81.75971152370855,-81.997313143694,-82.21425546244981,-81.4080943141937,-83.45746440392752,-81.78009674264268,-84.35752802816026,-83.67587172860081,-82.66221566361726,-82.54087902193537,-84.83777924182537,-84.21071492207196,-84.30672788279522,-81.15359680189309,-83.46818505320898,-82.69141607883002,-85.6318724819236,-82.63807700822511,-81.91922349622668,-82.64520716714453,22,-82.85425350368737,-82.63807700822511,-89.20969886483152,2.7330139113600924,-1.7888293348061541,5.291255366897262
HDOK,PLOK,17472,10,10,-84,8,11,2,33,-89.62084890658839,-81.11060844835059,-80.15119899831842,-82.6543336368726,-80.94671988051141,-82.16750849155177,-84.08480187005398,-81.14642105011086,-82.72218342301632,-82.76555767446207,-81.48536263305795,-83.7628522005706,-80.79139835575818,-83.33309656120991,-82.78870085595123,-82.46843698976595,-80.19440105607724,-82.88888752508484,-81.3487764386759,-82.1669056207496,-82.19329906608982,-83.20473712894967,-83.10641362905861,-82.60839537110823,-82.70511484480234,-82.35982330888469,-83.54689267461963,-83.84334987122853,-82.85766497989256,-81.86858107358971,-82.78502370898053,-81.83043718651932,-81.72674840301818,22,-82.52228732919633,-82.60839537110823,-89.62084890658839,2.54424099771321,-2.5327184286599658,11.15501069813185
HDOK,PLOK,17472,10,10,-84,8,11,2,33,-90.34138131070911,-80.92550545746222,-83.53180342439862,-81.86738802097359,-80.24309860156988,-83.11099142985972,-83.36352555608532,-82.86672522106348,-83.59465138694733,-82.35842759123774,-82.17360537152557,-83.43400904919584,-82.16613958150013,-82.94395740997938,-82.74399028158727,-83.43926329592345,-82.01717263516431,-82.52069120374827,-82.50543592372792,-84.03693942457292,-82.18742610589752,-83.48660002991295,-81.8400621492897,-83.72579356561485,-83.02430390740028,-82.99583682792517,-82.40639716843681,-82.32738082535222,-83.19026129747638,-81.76420884211392,-83.38514340708188,-82.47212771852293,-82.70310257603961,22,-82.89979838176657,-82.74399028158727,-90.34138131070911,2.362382550640618,-3.3487103416638027,16.645500379634807
HDOK,PLOK,17472,10,10,-84,8,11,2,33,-88.20476329965781,-80.63536570758906,-85.35372790396642,-80.79747245206615,-81.86815872551723,-83.24785916079666,-83.85672561691513,-82.7358994988166,-83.51407076365996,-84.14429874435118,-81.72623664324234,-82.46624729013,-81.58711294991342,-81.20140974056339,-81.69251708604207,-84.24680886703375,-82.48492694850961,-81.54483392850227,-82.13420943819057,-82.73187631601846,-82.01906098512669,-83.2115931357881,-83.39966910357832,-82.73573341978945,-82.72995971230709,-81.79525433396985,-82.91762232243805,-82.5908424087545,-82.78160391681614,-83.00511005061459,-83.6332707280017,-82.99972244482346,-81.16312394170477,22,-82.76233598743015,-82.73187631601846,-88.20476329965781,1.9785762875449768,-1.760141909450699,5.661528530639092
HDOK,PLOK,17472,11,11,-85,9,11,2,33,-83.53988000723726,-85.47593682353937,-84.01665293519123,-83.82323758831431,-82.64818482128477,-85.36648451081624,-83.13974697114246,-84.66732607999835,-83.34154475585983,-81.48372307410968,-81.28210411501568,-79.9727461219447,-80.44185697569911,-80.28147149124366,-80.04817713425415,-81.09743371244711,-80.52365627474441,-80.17281032973908,-81.87863648506183,-81.36097690007654,-82.75418523374272,-79.4919089755349,-81.05796566562783,-83.5534308128151,-81.74589085565282,-81.7275148331603,-80.37684930181186,-84.78343808800466,-82.87042798211611,-81.81504981920061,-82.70099733261085,-81.77416566278283,-81.69966010123066,22,-82.14891126581851,-81.77416566278283,-85.47593682353937,2.6067610033032325,-0.3999849914103088,-0.7065839269366831
HDOK,PLOK,17472,11,11,-85,9,11,2,33,-83.64679131573438,-84.66887219988524,-85.23767277692555,-83.58537306178319,-83.73647015823536,-84.00063619471949,-82.28244354404936,-84.36359897731705,-82.10645834630935,-83.68955060612286,-81.76683919086304,-81.70563405169432,-81.57679507152554,-83.31378303618739,-83.24755387839528,-78.92143689810412,-79.57696200491864,-80.62145845762694,-79.90839678585967,-81.7098716893052,-82.36013558984853,-79.54659639359093,-79.73235184253396,-80.66565815688885,-81.84939250064996,-82.09576339100279,-82.15764421322801,-82.8496664025632,-82.03687672541142,-82.63768339515494,-80.97881541634877,-82.82228561577637,-80.34538386588387,22,-82.11348035619527,-82.10645834630935,-85.23767277692555,2.484285747445655,0.1564729688974883,-0.6076677957940064
HDOK,PLOK,17472,11,11,-85,9,11,2,33,-84.76830361497804,-83.42798075213379,-85.52022523243082,-84.99713660092658,-83.99144664208788,-85.18207704251998,-84.41967806254534,-83.67621441648983,-85.6675954132137,-82.25500909002025,-82.10661478811913,-81.96385415757547,-81.61067854852249,-81.3840362015963,-82.37234324250886,-82.27519582681235,-80.65811303871128,-80.00905339149456,-80.28841216881682,-80.25258263979994,-82.43598844433036,-80.49247173127547,-81.7025565255265,-80.33773838015715,-83.1563095486034,-81.81304748549609,-81.74385845149222,-83.41789274784362,-82.54634687334493,-82.12720768086258,-79.94349301691338,-82.15079074574838,-82.67539113088856,22,-82.46574677678139,-82.25500909002025,-85.6675954132137,2.620668881934887,-0.3456231722101772,-0.6586967413935212
HDOK,PLOK,17472,11,11,-85,9,11,2,33,-84.24687545579125,-85.52130154639336,-83.18589099130389,-84.98572423321573,-82.07630421478146,-84.66920142121303,-84.50553349355576,-83.19381866320339,-82.70799793230276,-80.99234489837514,-81.14937248527967,-82.04758263738424,-81.66484335210971,-81.30716881156107,-79.44429698491196,-81.01551414327042,-79.83315263079506,-81.20391112067144,-82.41287994839449,-83.38554499789474,-82.29685286720228,-82.81822767673664,-82.08624628675308,-83.54108089237303,-83.611502694478,-81.58546162842708,-82.97390192132052,-82.96433471676973,-83.05767911983702,-81.76630684518342,-80.83628137001355,-81.8692366707335,-81.8723453552719,22,-82.44935509113661,-82.29685286720228,-85.52130154639336,1.9406623110690957,-0.15182072455112794,-0.10032035579813225
HDOK,PLOK,17472,11,11,-85,9,11,2,33,-82.3161868140497,-85.2210937289629,-84.63786972208659,-84.04069619942248,-84.18005448387218,-84.29792232140868,-85.38576790025316,-81.93788564033323,-81.42023835057142,-82.57137022182404,-83.57912711179684,-83.22273492413854,-80.9668828111498,-81.21787388891478,-79.43010527675969,-79.18906032605962,-80.52538799773849,-80.61257258656939,-83.7285189988181,-81.19195582813963,-81.83335403956268,-81.40981612906444,-80.65035358946231,-81.1941819871671,-80.13763173368412,-82.72098282990667,-80.84775799161298,-81.61496399373752,-82.63355054736022,-82.80965586134549,-81.52789804107995,-83.12853072174698,-83.03470932538988,22,-82.21868763406029,-81.93788564033323,-85.38576790025316,2.485811243699791,-0.1909890586107723,-0.6271176372728395
HDOK,PLOK,17472,11,11,-85,9,11,2,33,-82.85261049050952,-84.13114706938443,-85.28838288973805,-84.31975769650498,-82.27411319517257,-85.61095464203682,-83.64833752068792,-81.78218207419658,-82.04376835439292,-82.44493395800727,-78.83944239679332,-81.27433880806701,-80.46244570820605,-78.49785569610194,-80.74924351807181,-79.86010750415775,-80.54267282754094,-80.36134318490701,-84.1549687513577,-79.81469200786331,-82.31679252919517,-81.3993011358093,-83.38910487871838,-81.1081946875375,-82.8032563469971,-82.30029749849392,-84.44829632256545,-82.09776295581382,-82.98103300556396,-82.77306768567624,-84.13462969228812,-82.24536873593708,-82.1104596019839,22,-82.21396555667508,-82.27411319517257,-85.61095464203682,2.9594636191042243,0.14397540049344204,-0.3248133312595711
HDOK,PLOK,17472,11,11,-85,9,11,2,33,-82.51062765616203,-84.10260130241652,-84.37140951963553,-83.751603841822,-83.82343807010477,-85.5111918381974,-84.1916346175439,-84.88871647170113,-82.71449335090071,-83.34533885726735,-82.41108568017668,-81.98305256200982,-81.05575698076466,-81.51232711219436,-80.01486432637869,-80.86905540206477,-81.26732810791152,-79.3399733439752,-80.63144993456534,-81.43243301857542,-81.47958890036122,-80.67410515717384,-80.72811020836984,-82.27140707698383,-80.46442400775824,-82.68350353367892,-82.20360080241868,-82.33990839619477,-82.66648145696729,-81.74874818412229,-81.43464248041509,-82.88830656008514,-82.71708358044908,22,-82.24328158604081,-82.27140707698383,-85.5111918381974,2.051537153111122,-0.2845480244067685,-0.3134504441127084
HDOK,PLOK,17472,11,11,-85,9,11,2,33,-85.70153780409304,-83.61787433678502,-86.1817792244871,-83.03844229653326,-84.45548279932453,-86.63671986289836,-83.96645580314306,-84.44990347776069,-82.61834058207486,-81.17485099766141,-83.00995379954001,-81.95970658434405,-81.40763521253665,-80.2336794696727,-78.94785052643033,-79.88405951014015,-79.65462773623959,-80.42936830173811,-81.26596260434808,-81.31880267536594,-78.97599346459171,-81.92703881015989,-82.35955577461903,-82.41184036520255,-82.91075642695364,-82.6066057620472,-85.98404630809064,-82.07916890097594,-80.68232166584147,-82.14910823400427,-82.54344199268937,-82.24301739434904,-82.21001972490434,22,-82.39502874028926,-82.24301739434904,-86.63671986289836,3.7616251737757587,-0.39633036972558094,-0.08386570909837099
HDOK,PLOK,17472,11,11,-85,9,11,2,33,-84.28436407284036,-85.18485346981336,-85.30717643460862,-83.80006751383962,-83.86037348712922,-81.93431447234703,-82.94531391770596,-83.16708850068662,-79.99520318990628,-81.83192185577228,-82.62775737360548,-81.55987275838828,-81.1102931635512,-80.47297701142108,-79.77301694753876,-80.8467418242219,-79.89609901049602,-79.65789072061457,-80.57763015914409,-81.90831434878204,-82.10471865895614,-81.20969302129888,-83.62888427686559,-82.04411875231517,-81.18648691326209,-82.07347772256612,-81.14291067626515,-81.57449217328355,-81.21152870444924,-82.67382912468992,-81.90874189669975,-81.80515688518005,-81.31874904153096,22,-81.95830479029624,-81.83192185577228,-85.30717643460862,2.050126453715272,-0.6045044694419076,0.03093441682806297
HDOK,PLOK,17472,11,11,-85,9,11,2,33,-82.63876731583058,-84.4576809252366,-84.79424912310644,-84.71572644490956,-83.03686669833331,-84.22138731602729,-84.59859449177152,-83.49228111632203,-81.99977915702759,-83.09616268600887,-81.79660972149249,-80.5698118858025,-81.3153537608616,-80.74997579280026,-79.9906052518451,-80.23301944213802,-80.83160456936338,-80.76670281339634,-79.18631264710389,-80.64236180094461,-82.4608979781468,-81.25477390367698,-80.94883688132792,-81.67806580442127,-80.77492459566136,-81.77006110206267,-81.64903847055986,-82.08736373745153,-83.180913367408,-83.05203464841321,-83.30689212801701,-80.80720690004429,-82.7842720718468,22,-82.08754953179877,-81.79660972149249,-84.79424912310644,2.163675184607544,-0.2572831954065933,-0.7838505636480018
HDOK,PLOK,17472,11,11,-85,9,11,2,33,-84.94131134972261,-84.79403976964291,-84.00942375344728,-85.1222397250483,-84.19919790925707,-83.51099583893466,-84.0593379287793,-82.8458333239651,-82.86495036486659,-82.33623603443229,-82.98618686718817,-80.5676397130971,-82.7509280906839,-80.849534466069,-78.70802789053292,-81.42341187167683,-81.63758323246007,-81.58249197723362,-81.81867055410876,-81.2789495861322,-82.37142993174,-82.156847117182,-83.07973237956344,-80.4112217392704,-81.73510325718647,-80.95489525958685,-82.99343180908403,-80.31210954996786,-84.0729149606726,-79.84427907778921,-82.83183449469534,-81.58531575609338,-82.29444661531284,22,-82.33122885440676,-82.33623603443229,-85.1222397250483,2.2801814383698957,0.1269891029945891,-0.2565811794358406
HDOK,PLOK,17472,11,11,-85,9,11,2,33,-84.57842869530576,-85.80109691372705,-85.43349019865654,-84.78774326322234,-84.77360071390092,-84.56108922241644,-84.30891485830026,-84.09381315178133,-82.73364235172062,-82.11259440857769,-82.46157206760014,-81.67818833159896,-81.32012307474479,-80.49253885589744,-80.33867440387142,-79.87416120395011,-81.53368345160719,-81.44564019452015,-82.8838292916595,-81.08237425400822,-81.7558688909025,-83.2461727682958,-81.71467814007488,-82.6450736722467,-81.11769338028911,-79.35950236733038,-79.49207617454258,-82.04862868078041,-81.70584486056649,-83.4060098604041,-83.06916713270451,-83.27676024583502,-83.1048568642758,22,-82.49204642258535,-82.46157206760014,-85.80109691372705,2.784062185341143,-0.07627012063227406,-0.6468239079001843
HDOK,PLOK,17472,11,11,-85,9,11,2,33,-84.26236203336349,-84.48959454107424,-84.06711142674921,-82.77361424908088,-83.23843093644265,-84.93510400736645,-83.25382756560475,-83.81187029181193,-84.11144132476375,-81.39785744177897,-82.99076257566976,-82.52161751621648,-79.96968614752966,-82.77162346025459,-81.61002533320027,-80.84683979370446,-82.17649622665056,-79.1471088593771,-80.61242477204841,-81.5618123058627,-82.07809207551627,-82.13890108007065,-81.34903782881311,-83.21017810044007,-81.7171877810455,-80.3959183679389,-82.15374924349209,-82.59224523170512,-81.29485349929313,-82.37380581594093,-80.82045392221548,-81.17602214432368,-83.8650197118022,22,-82.29439623064084,-82.17649622665056,-84.93510400736645,1.8793719878434667,0.09642607331431186,-0.455059956826926
HDOK,PLOK,17472,11,11,-85,9,11,2,33,-84.85034573023161,-85.46078224188092,-82.8305242080374,-83.42591110096686,-81.46286424133815,-84.21851628986634,-84.66190529219075,-83.61112802914312,-81.06766572148675,-84.51800073937544,-82.2608494721489,-82.21963572661029,-80.20755497000115,-82.62542960162017,-80.88587158571598,-81.54096151542716,-79.54331730787051,-79.20999247416528,-81.71838790358551,-80.40086550134156,-81.42695266143353,-82.53098995375044,-81.25308570879797,-81.30091286991276,-82.52386699512138,-83.41654061061527,-83.70045555371424,-82.0564551206276,-81.64830951675684,-81.21492874575887,-82.05102570630591,-83.0213340967735,-81.9355746890283,22,-82.26669520853333,-82.0564551206276,-85.46078224188092,2.20695620285133,-0.17602838328890658,-0.2756479957950422
HDOK,PLOK,17472,11,11,-85,9,11,2,33,-81.87946389661249,-85.17796353371224,-85.61225451021454,-85.03165445624376,-81.86923349116418,-84.09603918976046,-83.82241702870546,-84.37980916454319,-81.75778430412382,-83.26084803399546,-82.43477544654213,-81.56980774743887,-82.96085562199784,-81.40104611344567,-81.68195770079006,-79.76016050821875,-81.34156220412717,-80.71082470551525,-81.94463131075723,-81.4300933284184,-81.67293800198989,-81.79952696746449,-81.08255417522372,-82.20943486239752,-84.02071713841954,-80.15338964760377,-82.55929719707714,-83.4845801518393,-82.75965851274279,-82.49523276526995,-82.81094519240648,-82.66089596686206,-80.88726059545269,22,-82.44604889306292,-82.20943486239752,-85.61225451021454,1.9462553011447208,-0.47191799105758475,-0.14417434088879677
HDOK,PLOK,17472,11,11,-85,9,11,2,33,-84.09789553492875,-84.31885356504712,-85.12068504141568,-83.74747945276833,-83.85187749227244,-83.4009105985209,-84.36279794204275,-84.0011545812081,-83.92001441663274,-83.94798307561292,-83.05088029727757,-81.95209483609557,-78.46800197860482,-80.35567852827049,-81.22655928754443,-79.238846304868,-79.43677042943979,-80.1679391788173,-81.2183568977316,-80.9302077741037,-83.70403905153195,-82.80727038915104,-82.00878592219014,-81.55176919646519,-81.4406813462224,-82.61772983853325,-83.17692566343968,-82.55249254160564,-82.87752586604405,-83.17728805527297,-82.0247650853269,-81.37047223112991,-81.28022300072742,22,-82.34560470911649,-82.61772983853325,-85.12068504141568,2.6209539056345146,0.5499219782409545,-0.33478111724033566
HDOK,PLOK,17472,11,11,-85,9,11,2,33,-84.71886290093406,-85.18253897903625,-86.55631673894347,-84.40154012020025,-84.70404961637598,-83.4267958502855,-83.95631943559908,-82.9520312058033,-81.32092727359374,-83.12119591939704,-83.28786709741036,-82.30760530048597,-82.2648737464448,-82.71526767867856,-81.4761087221121,-82.01076525815314,-79.72891239712932,-80.12105281143911,-82.7513247549385,-82.3533175210848,-82.19432104522991,-82.1979961463662,-82.2754694891761,-81.0066333628884,-82.92107530059191,-79.87908488870538,-82.84312412929575,-81.42986652692123,-80.69198378481606,-84.977153742744,-82.90095843870395,-83.31231342166525,-80.66980261600308,22,-82.6259835218531,-82.71526767867856,-86.55631673894347,2.46373919437198,-0.2640204331075278,0.04293992788088197
HDOK,PLOK,17472,11,11,-85,9,11,2,33,-86.27187736817369,-83.92858361210232,-83.92857753567671,-83.75044231248398,-82.79336797039485,-83.83200353157157,-85.59598742500442,-83.96233825042947,-83.74883757784161,-82.87914412290968,-81.88469697757219,-81.61328171153632,-81.72011917649903,-81.85765056302121,-80.97941827825298,-82.35714910666984,-80.47137811753106,-80.14745780495066,-80.93314923896985,-80.68120168665125,-82.29524611071291,-81.29820607145396,-81.85161137676475,-81.02216597655497,-83.82565259402381,-80.8217656734422,-82.54124403131951,-82.56970986733262,-83.41765063829548,-80.76279564744505,-81.66795491338537,-80.97437469543759,-81.47543586233203,22,-82.35940835838618,-81.88469697757219,-86.27187736817369,2.1526942581605715,-0.7539255855784536,0.177677139726649
HDOK,PLOK,17472,11,11,-85,9,11,2,33,-83.42851526284528,-84.84603359990439,-85.88897135106247,-83.60118596920962,-83.34068381909209,-86.88119393793143,-84.089566734605,-84.45074931981682,-84.4222771646246,-83.30520689161783,-81.90587381738519,-81.3257962140023,-83.87086566858416,-80.64794530902046,-80.06382503500542,-80.35692574656606,-81.73923556553436,-82.39771058874912,-81.23426767521006,-81.96506557191071,-82.11630960551359,-81.73135269704078,-82.40729098527649,-80.82167713068921,-81.90683757692773,-81.31867562209266,-82.21632025843049,-80.45203838408796,-82.83082729859827,-81.55326046038118,-81.526738582921,-80.36960383512486,-80.23955969550235,22,-82.40158749622015,-81.96506557191071,-86.88119393793143,2.744068808115675,-0.7917787373335785,0.27795837077370633
HDOK,PLOK,17472,11,11,-85,9,11,2,33,-81.874318916966,-83.84883647193288,-86.0576200398521,-82.73524006568216,-83.2804809012212,-85.77458435281851,-83.33433614823458,-83.9043883572142,-83.50017863298726,-81.8106024083861,-82.1933202675945,-81.5952036995803,-79.3553320489348,-80.99971382003638,-80.42659088187182,-80.77088181741453,-80.71589062211451,-80.23477629398359,-80.78870158900814,-82.04965001164754,-81.79676653283454,-80.99550445786163,-81.50204562010305,-83.63361975345784,-82.641043863214,-82.89574669897661,-81.63151147091152,-82.38391199144897,-82.32560534459957,-81.8951053974195,-80.46399251941413,-80.78075247700397,-82.6844692877159,22,-82.14790068977096,-81.8951053974195,-86.0576200398521,2.1699880665420084,-0.7411917682792403,0.8118028347817074
HDOK,PLOK,17472,12,12,-84,9,11,2,33,-94.3395119466781,-83.34091155168204,-87.12169392869941,-86.2720363470274,-84.45693204660773,-87.29047221679966,-86.37180008732679,-84.67121604999821,-84.5806336749327,-85.21869897578816,-86.42794532678205,-86.04748274642786,-84.51669597410321,-84.61312097849508,-84.11244230748932,-83.35891745163848,-84.02088758989369,-82.52381655653977,-83.98746149898726,-84.0397612510209,-83.33973589349955,-84.68873084460502,-84.85038845080128,-84.93152675018226,-84.72211923129578,-82.74116369324321,-83.87096548800636,-84.36979621715304,-84.44309224164701,-84.46252740593384,-82.1471034505334,-84.19221868308394,-83.73305231885045,22,-84.84257149017434,-84.46252740593384,-94.3395119466781,4.236397272447751,-3.0563475417989157,13.163471353924349
HDOK,PLOK,17472,12,12,-84,9,11,2,33,-93.66772245739034,-82.79577684824996,-85.01159328713143,-84.07578100227198,-84.63528319714032,-87.1071583688218,-85.98255908858397,-85.49462373493553,-83.1275624538866,-86.89403023262645,-85.7337755997754,-86.72255096177241,-84.88524219223547,-85.81418025992899,-85.64715183225636,-85.15485332157024,-84.64148261021892,-84.27277572828282,-84.6399035883842,-84.3335341398339,-84.5117002064215,-85.51218293741725,-84.98630817358965,-84.88416209330349,-83.98904697132804,-85.75238162820048,-83.17573777134331,-84.67424489812036,-85.53023515370761,-85.19446864373302,-84.47683544029931,-83.75077314842054,-82.86406603840865,22,-85.14968739423001,-84.88524219223547,-93.66772245739034,3.3662777974278058,-3.0215208627557066,13.572203204456828
HDOK,PLOK,17472,12,12,-84,9,11,2,33,-91.94833132226236,-83.55341440114077,-85.74532026727485,-85.39062250557171,-84.70889972084365,-86.06195789749158,-85.76014107864371,-86.32531401045364,-85.68044153474969,-86.92298612977548,-84.1161643932103,-85.13556367000967,-85.7582316273746,-83.88282220270305,-84.55618734295183,-83.27992238096061,-82.16807025020381,-83.38817765362072,-85.13497534196723,-82.83679557773316,-84.6485010515992,-83.26463028053438,-83.36569418393893,-84.56830173496625,-84.99867208545128,-84.49304565592817,-86.07608041794835,-82.46603589418255,-84.77349885890186,-84.76402974702869,-83.36747962863048,-83.82235508844953,-82.17043661880332,22,-84.70100304713047,-84.6485010515992,-91.94833132226236,3.1189338049353523,-1.9613573409333118,7.417550028343914
HDOK,PLOK,17472,12,12,-84,9,11,2,33,-92.90043342700439,-83.36526207656176,-86.35499222205668,-84.38165503542926,-84.90059722249924,-85.59539848142637,-84.4439881100409,-85.57879866740366,-87.03159985683729,-85.26667926822516,-86.7932214482802,-84.45447211843063,-85.47445741773068,-86.31547455263313,-86.41636522448493,-83.16912250839218,-85.12604062517894,-82.81199689543918,-84.10554678290656,-84.45269330205325,-83.30919531403859,-84.05417771401436,-84.16836667342602,-82.25821425511089,-84.69959613091038,-83.98073100686116,-83.5295787772117,-82.95300462756073,-83.25182530639132,-84.72384627480795,-83.00277568839934,-83.85457690064399,-85.61337305219959,22,-84.79812293832092,-84.45269330205325,-92.90043342700439,3.519787280488593,-2.4498645605872356,9.503509513824833
HDOK,PLOK,17472,12,12,-84,9,11,2,33,-92.20043782392771,-82.99035576305506,-84.2695971570808,-82.65025964754217,-84.11301603132202,-86.71495415494242,-86.2826996438703,-85.87598618396484,-84.37963088184031,-87.24360235088768,-85.48141848408996,-84.29680691570731,-85.70352830633526,-84.96623290275996,-84.708355512397,-83.67104530363444,-84.60944876551169,-83.73754446629167,-83.01419164654502,-83.24485726962388,-83.9380635843184,-84.24000004507158,-84.0416091928019,-84.55402197352905,-85.1847478890475,-84.61040540161741,-83.72647925603145,-85.28962463222393,-86.18884648195262,-83.17542997228897,-82.73992764494548,-83.13720812443917,-82.68429031506088,22,-84.65650374923204,-84.29680691570731,-92.20043782392771,3.177157131380291,-2.3688163402108544,8.620469785400184
HDOK,PLOK,17472,12,12,-84,9,11,2,33,-93.01950391730574,-83.79599818652522,-84.15202133413204,-85.57496855992139,-83.853462822482,-85.56440241372049,-83.81261181343434,-84.33916747747683,-87.29558733119059,-85.66237059336606,-85.26042489499243,-84.03733527549214,-85.47327328801425,-84.13629176194836,-84.54371908420558,-82.80890591105032,-83.81541242212599,-85.16967123248354,-86.10333143559008,-83.92998977794447,-84.1560835241441,-84.74645318444036,-83.79218994367032,-84.05885232026935,-82.77791213620368,-85.40445960195913,-83.35866699762306,-82.03225599810581,-82.99391045917578,-81.71078947402486,-82.22716407285333,-82.66884411279212,-82.97596018842121,22,-84.4015755014268,-84.05885232026935,-93.01950391730574,3.840509409614965,-2.5876526575017054,10.499154741690136
HDOK,PLOK,17472,12,12,-84,9,11,2,33,-93.25273097950286,-84.33909146871964,-86.72179003531463,-84.47495729551781,-84.27384516917424,-87.50208754782719,-85.08341381271345,-84.1894797617496,-84.1122046656717,-85.58954471393237,-84.72844688283752,-86.11551607925038,-86.23186670391541,-84.52957582486562,-83.17467795231028,-82.31885078846057,-81.33631735748614,-82.93023428249155,-84.23622697463976,-84.71577187701998,-82.96751624307227,-83.31901856326681,-86.22336208217297,-84.21564408661862,-82.84352749074384,-83.80754730746033,-83.54150920969629,-82.29880680249416,-83.95252033453775,-81.80292979421358,-84.75196619898327,-83.13631083011036,-84.23712835425366,22,-84.45316416578862,-84.23622697463976,-93.25273097950286,4.316718251718823,-2.3101901153641875,8.776195968820616
HDOK,PLOK,17472,12,12,-84,9,11,2,33,-93.06058609050108,-83.08714026006956,-84.63233825401683,-83.13362810917221,-84.60786128664621,-86.05531298722767,-85.37437743002057,-85.47383004466107,-85.38255509863951,-85.97816209078704,-86.02964488437665,-83.24091429181736,-82.85419379050215,-84.90815522118578,-84.87379364836328,-83.60420620793764,-85.0520883846815,-85.58617085911246,-85.4644953870306,-84.07065114857055,-81.88297166632091,-82.68316072083628,-83.17428733675098,-82.32370554890863,-84.34133384100701,-83.98459059863211,-84.93062069227344,-85.04759890656462,-84.51156051756662,-83.4308532369585,-82.46808024331105,-84.48631445357191,-83.64089490400463,22,-84.52654782248564,-84.51156051756662,-93.06058609050108,3.5763609666434646,-2.6956720710712467,11.802777682092021
HDOK,PLOK,17472,12,12,-84,9,11,2,33,-93.93514139863609,-83.24317420833995,-83.61506048119413,-84.52629967867517,-83.64961453772248,-86.01010704990344,-85.68608238206649,-85.30294109852458,-85.10210760084588,-86.02707429368255,-87.19214790361413,-86.08896495562414,-85.56668702639661,-85.16029787975427,-84.60883301982959,-85.14640440877899,-84.75396075348716,-85.05457660176351,-84.53588547247962,-82.61484308014421,-83.08591083087987,-83.81837311854511,-83.89564285313055,-84.25249264647837,-82.53271771648393,-85.9153101598224,-85.12430420678028,-83.82692856527991,-85.49277697144838,-83.954861016788,-82.96930814374092,-83.6140787331393,-82.65427985584259,22,-84.81688450454007,-84.60883301982959,-93.93514139863609,3.907529817654477,-2.9742426295220197,13.095086569000566
HDOK,PLOK,17472,12,12,-84,9,11,2,33,-93.0175082341089,-82.90228729552379,-85.56169345463321,-84.011934325526,-83.42899127997565,-85.94425552368622,-85.36967636294145,-84.76681620410329,-86.8883490418756,-83.85639628268359,-84.79300251074493,-85.63662059810625,-84.46206959298529,-82.40995113567534,-84.26433065727956,-83.76841563488088,-84.54284026990354,-84.9742012768131,-84.15125369503609,-83.38928921049596,-83.8890410247526,-84.95997338008972,-82.82010083334626,-86.1576693185742,-84.38048251059115,-84.31853734549861,-84.0739496268215,-85.34151187241227,-84.42480356375482,-83.50304849373605,-82.40631473721724,-82.91600267808474,-82.28664922517622,22,-84.5338777938495,-84.31853734549861,-93.0175082341089,3.46697033976143,-2.878536358042527,12.38547790074677
HDOK,PLOK,17472,12,12,-84,9,11,2,33,-92.32645857107123,-83.71213905750369,-85.71909308997596,-83.73935899086648,-85.23863300157763,-85.1659309158737,-85.48212512892499,-86.2428958722267,-85.44370776616005,-83.58164508091005,-85.27684499711825,-84.95115314398254,-83.49064743050064,-83.76209709007023,-83.99459558988953,-82.94308493818805,-85.58317007479211,-84.79955193015539,-83.47391266391772,-86.12616035761522,-86.60552924129226,-85.52421423937524,-84.82200257121163,-84.7130125138373,-83.12905541768401,-83.64716305851901,-83.78572820847897,-82.35328662065969,-86.13002684193754,-83.8345720458675,-84.73132234490446,-84.81455615362282,-82.48938617878218,22,-84.77675942810585,-84.79955193015539,-92.32645857107123,2.9938798609871777,-2.43595937323957,10.020907901484234
HDOK,PLOK,17472,12,12,-84,9,11,2,33,-92.62194226944122,-83.24711651854112,-83.92870970879386,-83.94410199676076,-84.82074531771907,-85.87745910213144,-85.2776818540662,-83.90127964905906,-86.02522594921552,-86.58303021136102,-85.40435221152356,-85.09593774907135,-85.79282780885553,-83.56518446878577,-82.53060174036021,-83.44027706062768,-85.31496853059544,-83.7886117604779,-84.20089688821317,-84.25750695848431,-83.09621349444411,-84.85739068965566,-83.9442935558533,-86.00762564380662,-84.48412618996166,-83.32353906676327,-83.70196912684779,-84.46961930638003,-84.39525435878299,-84.07774181469154,-82.86458430953219,-83.28896050690436,-83.0426181292821,22,-84.58098163475726,-84.20089688821317,-92.62194226944122,3.0538923270736245,-3.0184503329763874,12.893736955677364
HDOK,PLOK,17472,12,12,-84,9,11,2,33,-93.73381210761498,-84.34341797487106,-83.91049814559668,-83.82901304586822,-84.68811175666396,-88.71853952680642,-86.65652320228772,-85.70015965357004,-86.20434499000274,-85.8291029474761,-83.48544059544973,-84.88128644443961,-84.0334676593137,-84.60084712441909,-83.15013704586508,-83.29865148792692,-84.62369615626916,-83.00574896532447,-85.25487858716747,-84.70674848207155,-82.8496683570281,-84.50000520242635,-85.16187451101837,-84.90692956942164,-84.04263187884206,-84.32346486207737,-82.35626830775477,-83.68926935039262,-83.7468357038563,-82.08705095283668,-82.201960834861,-82.89274977399644,-83.54195936640411,22,-84.57439680514912,-84.32346486207737,-93.73381210761498,4.424768173776788,-2.709423471672253,10.26216668293278
HDOK,PLOK,17472,12,12,-84,9,11,2,33,-92.1911274266144,-83.72444720082454,-82.82423548051068,-84.75707109964259,-83.93165336267673,-86.66689506909647,-83.505960919186,-85.19210153845309,-86.19524266250752,-85.04117339140042,-86.67067030561536,-85.61908951447782,-84.65848702952984,-83.56002013304568,-85.17248601442991,-83.49547892335261,-84.91742717761078,-83.88724879660413,-85.04227965852013,-84.31349745926116,-84.79473441124952,-83.25312884503872,-83.39627619475108,-83.83690274980849,-83.62153500152537,-84.3446924461286,-83.12014652699558,-84.50077083594783,-83.12686898538524,-83.05902975410258,-82.09366070031484,-84.59678362192354,-82.64756634009383,22,-84.47753604777652,-84.31349745926116,-92.1911274266144,3.05060753435467,-2.6727724459617566,10.664370658673016
HDOK,PLOK,17472,12,12,-84,9,11,2,33,-92.69133124684548,-82.55386496287814,-86.2489268899013,-84.05550177322654,-85.3805183593523,-86.2697211498881,-85.40983599126699,-84.24617197840055,-85.24149306184776,-84.37245410779691,-86.38444378668586,-85.07744123253265,-83.67440723569744,-85.52977064554243,-84.08202946711965,-84.42230589504251,-84.62858450884681,-85.42611866841938,-83.17519830011175,-84.28376608571122,-86.30311230063288,-83.5476133526668,-83.37386039452372,-83.48836517359359,-85.03382133866933,-84.3979563401839,-83.95404146479456,-84.02227993540023,-84.6218449753293,-84.8432552443367,-85.74020300655755,-82.15145224059765,-80.44290684291668,22,-84.6992302411308,-84.42230589504251,-92.69133124684548,3.563598190758672,-1.9584983750230032,9.300451592778243
HDOK,PLOK,17472,12,12,-84,9,11,2,33,-93.41301662824297,-81.96119367449967,-85.16267016978128,-84.55022030582157,-85.15643526494432,-84.39341794735674,-86.50090124189572,-84.81809161286067,-85.83838713761789,-86.26632747740692,-86.14601284465162,-85.68584642614609,-84.870836343422,-85.87682309503562,-83.4736680262011,-84.25692117071259,-85.16072274541077,-85.61383837753155,-84.00787732771872,-85.07177152541288,-84.26227581430476,-84.27655908261865,-82.06918652889651,-84.02489878224178,-85.22012327030019,-83.715079125808,-85.15728179031493,-82.54581761724829,-84.76454110475625,-83.8236792059201,-85.01421719304057,-83.72780433731423,-82.59065773693864,22,-84.83082124037496,-84.81809161286067,-93.41301662824297,3.5861641020683206,-2.6645263316036707,12.21706646530294
HDOK,PLOK,17472,12,12,-84,9,11,2,33,-92.28368965605668,-81.05046371327802,-85.47491253130801,-84.10938885775393,-83.16246089831785,-84.48485610752606,-86.76665382990878,-85.91339289762318,-84.00127202911759,-86.63431992162337,-85.01333589277853,-84.3275870789876,-84.32264366574434,-85.2627449438566,-84.34622305739806,-85.68940068423153,-84.11336550946007,-83.95155164784528,-83.80207783807963,-87.63979764998973,-81.89409610340938,-84.27957456199454,-82.46761897147442,-84.31059597807277,-83.86739259655069,-84.25694908583333,-81.54901721552612,-85.56914014849681,-84.36234975699946,-84.32422329602876,-82.97938637295701,-83.23104439342487,-82.43810048788959,22,-84.48120082968309,-84.31059597807277,-92.28368965605668,3.938965794550591,-1.7385368880705343,6.215466555323914
HDOK,PLOK,17472,12,12,-84,9,11,2,33,-90.58257071569844,-83.82247843236003,-85.7150183809001,-85.0601676585939,-85.13135890128352,-85.39178473402575,-85.85137100652722,-85.1073483952379,-85.66693742855557,-86.39615969181226,-86.33299953414114,-86.1506269997207,-83.49841249421766,-83.29728240370434,-85.30911991541568,-84.10699026577328,-84.43328903348508,-84.96102073515013,-83.66913459098164,-84.90371931399719,-82.43996015646267,-84.88474278203182,-86.12540758713152,-84.96254488627476,-85.33158237463498,-84.63505612355104,-83.94712543337369,-84.77104328304553,-83.15014701527225,-83.56142326303174,-83.95622985360505,-82.36997515030954,-83.4286745682735,22,-84.81671827601755,-84.90371931399719,-90.58257071569844,2.1732216167374525,-1.579830149538293,5.850959045486944
HDOK,PLOK,17472,12,12,-84,9,11,2,33,-93.79608126996787,-81.9396310579819,-84.9156772023834,-81.42153968420551,-84.56071144191596,-85.8084543096208,-86.06727136304148,-84.66053612785214,-86.9855822695953,-84.42838827608422,-85.32785195121524,-84.59523850876013,-85.38231823239254,-84.92787212257272,-84.81931104309291,-84.02796523552917,-86.59000354605449,-84.60003181991262,-83.45528364621934,-84.25609754549826,-84.10524288849443,-83.62471138126757,-83.96930574002343,-84.7881687885696,-85.06811818799447,-83.94710942037675,-83.05924069273254,-84.74687181869547,-86.04945328822342,-85.70372328208532,-83.17733759829308,-83.69365378506201,-83.93045867867022,22,-84.80088612740559,-84.60003181991262,-93.79608126996787,3.883370245374402,-2.7818835194709353,12.70448524178026
HDOK,PLOK,17472,12,12,-84,9,11,2,33,-93.30799092580122,-82.27007076253595,-84.0857454864175,-82.88177114969052,-85.79245153699657,-86.12693040554194,-85.22020647622689,-86.46346722639696,-85.753308203539,-84.66399134589604,-84.93708439716507,-84.49883026004872,-85.66481748651482,-84.8435120286801,-83.21007192682148,-84.0362672286328,-85.09337283590267,-80.9543193631267,-84.18820204080966,-86.48198093907284,-84.36354851991264,-84.42192126662275,-84.78943851268289,-82.51479600218192,-85.1907897981008,-85.46439540307202,-84.34801634789953,-83.70243228595274,-85.21170464056254,-81.31429227204654,-83.91536201728634,-83.1419848865497,-83.0275641835702,22,-84.6024435806745,-84.49883026004872,-93.30799092580122,4.148656923118359,-2.105513849363496,9.3570345447142
HDOK,PLOK,17472,13,13,-84,8,11,2,33,-81.61249774490302,-80.574861846277,-83.58738752544262,-84.51795030938656,-81.60017927114848,-82.93540685046311,-83.37824664051666,-83.14574428657419,-84.87206095656894,-81.19284160239147,-84.36821552414656,-82.71820025903108,-84.21527068911519,-82.37615547142755,-82.97494831756153,-83.54958838438661,-84.72002285172547,-82.80774136153681,-84.3254606799429,-83.32490906210089,-84.65990057134846,-81.43728827635493,-83.45602924965631,-82.74120475246825,-84.22155671036961,-82.04325015141795,-82.40984263112965,-84.4602417303257,-82.99427297412184,-84.35182045771427,-83.48321438066911,-86.27886260962232,-82.58546238803929,22,-83.27032231872377,-83.32490906210089,-86.27886260962232,1.4928730093027638,0.02979243228537337,0.017095080646477356
HDOK,PLOK,17472,13,13,-84,8,11,2,33,-81.81086875520462,-81.2266118784808,-83.83723097923742,-81.16017119613154,-82.8508545985201,-83.02692297280957,-83.53049559543278,-83.49970987795236,-83.54985803884209,-84.4205091606027,-82.7374123981308,-81.14489437092102,-83.7779426310011,-85.24408997319856,-82.91574330143877,-83.75715218966049,-83.29545481919725,-85.36054260059416,-83.76577911162043,-84.55180409466224,-82.5604438472012,-83.19725101003633,-82.72079722949762,-83.251834859201,-83.90575338480399,-82.52505318809318,-81.32904570784952,-82.66620075959956,-82.77132205328886,-81.45479087564189,-83.08106714028281,-83.65723645961216,-82.76238931200784,22,-83.0711283142653,-83.08106714028281,-85.36054260059416,1.1210902090860526,0.051229844896920895,0.0009803245660529036
HDOK,PLOK,17472,13,13,-84,8,11,2,33,-81.03525392510679,-80.60050161961921,-84.11665511800945,-84.12381392922532,-84.83382911760103,-82.25237674506305,-82.80061471392987,-84.17554129243959,-83.01795142084352,-81.56372230267363,-83.08422512889004,-82.80116662596626,-83.21385973300774,-83.55865358119073,-82.97029162118947,-84.27302727391563,-83.09536202399812,-84.03493488335738,-83.16539887764296,-82.9979872982901,-80.89177495569807,-81.39977094529866,-83.56003158076994,-82.73224088521049,-82.86318841781689,-80.7497206832414,-82.97102817551516,-81.44650333048318,-83.54329432702512,-82.91881888594024,-83.62574698672694,-84.38823517584446,-82.19252613258585,22,-82.87872871860958,-82.9979872982901,-84.83382911760103,1.2224990057022787,0.517012260214733,-0.4356344275172708
HDOK,PLOK,17472,13,13,-84,8,11,2,33,-82.03328780059304,-82.4681066321926,-84.0496300214838,-82.21132603237666,-81.52194395426775,-84.27845040104187,-83.54946487786788,-84.60504141801557,-83.73194409213237,-83.85868328690923,-85.23554005198888,-83.3703972266761,-82.13564702151653,-82.96892670702165,-84.39542885182865,-83.55206352222548,-82.64613961420437,-85.07375121064364,-83.83701990994405,-83.74433667628125,-84.36046904111237,-83.10823316030582,-83.29552295347766,-82.83514213286705,-82.92380993230297,-83.8078909270532,-82.82517038810344,-83.54652443453048,-85.43863589261332,-82.86687804829988,-85.05735695376427,-82.57394545272312,-83.13399967706943,22,-83.48608206980104,-83.54652443453048,-85.43863589261332,0.9179157399536451,-0.19976687505250548,-0.44085471231899476
HDOK,PLOK,17472,13,13,-84,8,11,2,33,-82.3013583402498,-80.74248612444038,-81.44339928981793,-82.87390965270231,-82.996777664433,-83.34671224216302,-84.97564622573455,-81.89607344944473,-82.90551587847776,-83.27006332983741,-83.8677018588685,-81.74775640650594,-83.52301076555217,-84.90340828007092,-84.05427127911139,-82.85543818239297,-83.66782288381813,-83.43380841112561,-84.7253858857047,-84.70606732774962,-83.08102841163486,-81.98103686307073,-83.30057451689326,-83.59175041394906,-81.9972941873191,-83.25941893272099,-83.86372078922528,-83.40257628866298,-81.81573385475055,-83.48345841451462,-84.21836006421286,-83.19293209946075,-82.50779603264056,22,-83.14946346506841,-83.27006332983741,-84.97564622573455,1.010547536563881,0.24493008258025808,-0.13922426217924988
HDOK,PLOK,17472,13,13,-84,8,11,2,33,-83.2219278228403,-81.81268817515604,-84.67229541374033,-82.18854354581445,-83.42782875634042,-83.541314162016,-82.9656971461171,-84.37743453122079,-84.78507401301252,-84.26156840882717,-82.84227145819963,-83.47250805701049,-82.42763919245256,-84.0568690382492,-82.18046997856766,-81.6613950816086,-83.23601515122618,-83.58578086051408,-82.47076600365548,-82.77200593744107,-86.22342379082237,-82.95934425800387,-83.61401486617802,-83.81767067250497,-82.61903103714576,-83.75970136879236,-83.92910324359778,-83.3657212445112,-84.2135997493759,-83.72440386590733,-82.26791703821094,-83.14593651971175,-82.794801495049,22,-83.34529581466123,-83.3657212445112,-86.22342379082237,0.8719111799403833,-0.6763879242091912,1.328517964998904
HDOK,PLOK,17472,13,13,-84,8,11,2,33,-82.07942526552274,-81.28818277781528,-85.31832768355417,-84.75965715417654,-82.0344027506543,-83.30686930684654,-85.03263211763107,-83.74082028821577,-86.41710119493294,-83.63895403966022,-83.86779260419986,-83.96093028814798,-82.55687785681468,-83.5462302958348,-84.42652871534119,-83.76272349696895,-82.74230680780832,-83.33830038969617,-82.45184473870987,-83.90948887297459,-83.30277974896202,-84.14719527825481,-83.83514311376295,-83.20079501516642,-83.64583731036062,-82.5239695616995,-81.43935933512424,-82.58811251268943,-83.93585830519818,-83.74104079083658,-82.76109873607393,-83.71851789214439,-81.75689640663502,22,-83.41745456522467,-83.63895403966022,-86.41710119493294,1.1916441615178928,-0.29820567661238,0.6659416093594879
HDOK,PLOK,17472,13,13,-84,8,11,2,33,-82.00530502735633,-81.77390313937074,-82.49240058079398,-82.39095490285403,-83.19426581903302,-82.87295909084224,-83.36637711177417,-84.07522827548013,-81.95052996836651,-84.30063193283665,-82.2772902727797,-84.84219541313715,-83.33870525626163,-81.15896446383643,-82.24290796983547,-82.83508824080783,-82.85335300648471,-83.51608060124161,-83.85050426687506,-82.16005607609598,-85.05513425545378,-81.32915347904557,-83.02840491167026,-84.4036851718367,-83.2274181355957,-84.82197222812397,-82.84722919202558,-81.40820486215931,-84.13273265986417,-82.76191961807284,-83.14546231152313,-82.57636379551026,-83.7691491965041,22,-83.03044034040754,-82.87295909084224,-85.05513425545378,1.0306697432351164,-0.18423762832621726,-0.578387180542141
HDOK,PLOK,17472,13,13,-84,8,11,2,33,-83.15005379409718,-81.0899589046229,-84.21422338122443,-84.6137132945862,-81.00752342385158,-82.64187999235546,-83.51904488232414,-82.83916334314556,-84.84732644571605,-85.02808143262145,-82.28923195612357,-82.57152358477897,-85.40995577949278,-85.7276797081595,-81.78915351976697,-84.20028952714961,-85.03948192088752,-83.15151892718772,-83.37345495396717,-80.92698904872184,-83.12015609588718,-83.17162949993647,-81.03532062268634,-84.26968269783792,-79.97306198454838,-82.42322787686545,-83.04786925497172,-83.9011845207431,-82.28178867806275,-82.80471846517423,-82.34581827772202,-82.9083097463416,-82.5730327316563,22,-83.06927419009742,-83.04786925497172,-85.7276797081595,1.8779120298065253,0.08713692266316239,-0.2980419269953565
HDOK,PLOK,17472,13,13,-84,8,11,2,33,-82.40639100191002,-82.40974252949422,-82.74747897210652,-82.60222005265688,-83.94684857376448,-82.59266355211749,-80.69193647386905,-82.76708545611443,-84.58833000332207,-81.91072721183511,-82.28512009776313,-83.39127394992163,-83.75579189538165,-83.05908167913957,-84.08175825408199,-83.86542639917978,-84.2476963902505,-81.96588011769171,-83.65341456303338,-83.48421425898856,-82.02855190286037,-83.11666643439452,-82.33926125502755,-83.40736584037623,-82.14277049719745,-83.86884876313111,-81.80856416500392,-83.76343849158818,-84.7978000772426,-84.46895850331815,-83.98662792626396,-81.15132520741605,-83.3985801653287,22,-83.05248002005366,-83.11666643439452,-84.7978000772426,0.9824969326463486,0.32018477326076605,-0.4584969890202295
HDOK,PLOK,17472,13,13,-84,8,11,2,33,-81.64759482673388,-81.21084579191623,-83.04978233957682,-83.57249986443769,-83.46822928594815,-82.65578441255938,-80.88736884881432,-83.70023415144689,-84.23203743963136,-83.44037609851043,-83.29428336724074,-83.70146779791018,-82.6693925123125,-82.1646942791376,-82.88475315914212,-83.38707490605682,-84.04140671301992,-84.55917964047596,-82.42449154257936,-85.25036395607393,-83.56783724450818,-82.79991541257561,-83.0140534885496,-84.39526489985346,-84.48176145310451,-82.16202889132293,-83.23174586972128,-81.84339829502403,-82.02977745802892,-82.75215518821668,-81.97500379177521,-82.64370959782494,-82.30545810911352,22,-83.0134536555498,-83.0140534885496,-85.25036395607393,0.9720773723153947,-0.039548797522768936,-0.18849295842122737
HDOK,PLOK,17472,13,13,-84,8,11,2,33,-82.58546046381468,-80.62319884880151,-83.13676250089893,-83.6544266373373,-82.69965573733572,-84.02550396042864,-81.19447419318927,-82.70962947256817,-81.02576991795104,-83.93581636073883,-84.2636504402577,-83.14894813008887,-83.60895876870876,-85.1959819253765,-81.79999238542916,-81.20239355623988,-83.1531864888414,-86.29776393174345,-81.45804422571025,-83.26888030177885,-81.68366922144845,-83.42745528659617,-82.14231361613766,-83.01284632036099,-83.82297191753678,-82.78420376490004,-83.4230233822021,-82.78219622454894,-82.25931120122866,-83.45093964878569,-83.15319004021079,-82.24391139209685,-81.64280432300426,22,-82.8732525632211,-83.01284632036099,-86.29776393174345,1.4127294058125708,-0.47107127585011954,0.9328401063192682
HDOK,PLOK,17472,13,13,-84,8,11,2,33,-82.09252587291468,-79.50076922277624,-83.38923914460499,-82.98678228017592,-80.95948467291848,-83.8119642501473,-83.66071708218257,-82.80825172645437,-83.6616973439267,-83.76522104710065,-82.79451741867246,-81.25121383218224,-85.92926863076178,-84.8854340066493,-83.02625455134338,-82.60228970226348,-81.6981762850404,-83.11012678416083,-82.23194193529571,-83.03567972544892,-83.57088525185762,-80.60203907027578,-82.54588166583645,-81.58822523171243,-83.17111138363917,-83.9648850296636,-81.79349195311465,-81.57907586445998,-83.38554185757376,-85.26682463664258,-82.42441277887721,-84.11184190199772,-84.20085871336508,22,-82.89111002587988,-83.02625455134338,-85.92926863076178,1.7529765994172455,0.18323972922281093,0.5319582384241972
HDOK,PLOK,17472,13,13,-84,8,11,2,33,-82.32187244648294,-81.04935270680353,-85.37767448415447,-83.50085719319102,-82.96270719767527,-84.44858003517531,-84.16112212497575,-83.83917864127994,-84.78937801831674,-82.6974010162525,-83.61569844394694,-82.59069819623122,-83.20395123744109,-83.49562426405102,-83.2972623298497,-85.04278514035249,-83.47111713820325,-83.11444913373865,-82.00950230628825,-83.63361113738283,-83.20817660754098,-81.89121646561537,-83.10442226229962,-83.18982606807664,-85.31843971476289,-82.10075283123415,-83.55345615710489,-83.7136025662801,-82.52164247210472,-82.17025952949815,-84.05833955830848,-83.69312756898238,-83.40903760897251,22,-83.35015523038102,-83.40903760897251,-85.37767448415447,0.9480472203568163,-0.08644599914484319,0.2049509246161878
HDOK,PLOK,17472,13,13,-84,8,11,2,33,-83.79833116188733,-82.03049370782212,-84.00735715568531,-83.12566546874226,-82.73638872070518,-83.48271272083961,-83.72990505796038,-82.81370727909933,-83.45728346500773,-83.62097423891646,-81.44777258502349,-84.05126884820358,-83.72257610527922,-83.68782196956032,-82.8709784436421,-82.7739862369172,-82.2882360657662,-84.51509918579863,-82.87023360882382,-83.39353264699031,-81.56712125734344,-82.6476042615059,-82.28889652468375,-82.57809373330349,-83.81978340798737,-83.30185339469318,-82.4576032289078,-81.52368896104741,-81.82623500104339,-82.62123362356206,-82.34869299789503,-81.84358396477688,-82.84694346531748,22,-82.91198965135567,-82.84694346531748,-84.51509918579863,0.6294615066163597,0.094744317129361,-0.7851504800319504
HDOK,PLOK,17472,13,13,-84,8,11,2,33,-80.42768579636177,-81.07612449890995,-85.26870904404419,-83.05819495797085,-82.76017561765985,-83.8879241234008,-84.12928561965572,-83.24561520799014,-84.15745436114746,-83.9232828162953,-82.8000502422885,-85.19089398528007,-83.3689115617998,-85.10271263909253,-84.41853063352164,-82.34348805940677,-85.77621031212433,-84.12458241706796,-83.23306763984493,-82.59493271084472,-81.52194379925679,-83.22384440673905,-83.02446200353383,-83.0267426685208,-82.81900222424221,-82.34608932224823,-81.63448083858368,-83.00791585173846,-83.79679380680274,-82.49698781861323,-83.31594969526931,-82.29042750754094,-82.5589820794634,22,-83.21065012931092,-83.05819495797085,-85.77621031212433,1.3835120874076112,-0.03834426073907501,0.2519899122888556
HDOK,PLOK,17472,13,13,-84,8,11,2,33,-81.30561487597167,-81.68190979410618,-82.87779937521053,-83.41479679244334,-82.77603186910402,-85.55942405056079,-84.79295657737062,-83.74789112270611,-85.12039721001388,-83.21601434849666,-82.54008708474328,-83.26254959144974,-84.37244253656873,-85.17397061796854,-82.87216389869012,-83.571619120661,-83.04867966566651,-82.40231978475137,-82.67619994816816,-85.05087876337917,-82.73785992412265,-80.44968165871857,-83.38040508189849,-84.35494965086335,-84.39883799476718,-84.07353813856034,-83.06272046735938,-82.32635048513059,-82.21164775438248,-83.59319942788169,-82.67045536685917,-82.86100923885465,-83.55147378528778,22,-83.30714775765807,-83.21601434849666,-85.55942405056079,1.273616330856191,0.07714065013853569,0.21154982687021917
HDOK,PLOK,17472,13,13,-84,8,11,2,33,-81.4906797668935,-81.18253340088327,-83.18311058130904,-84.41128218675097,-83.08926206550903,-82.84407135200453,-82.6132958557904,-84.03131422746237,-83.55690200692075,-84.08980627627803,-85.46406702507619,-82.67589950194659,-83.33145214884635,-84.23492670330027,-83.98286658144124,-82.88129953150508,-85.7627296207538,-83.49578387674903,-82.13702855569025,-84.0481386126883,-83.1589407676372,-83.5615848744198,-84.04710690101717,-81.61758050741228,-83.32777354982517,-83.03545221133525,-84.43430114412055,-81.65383783398687,-82.68557095349179,-81.16573061675126,-83.69892295022456,-82.0105230385111,-83.54994789888545,22,-83.22587039773993,-83.32777354982517,-85.7627296207538,1.2042200838312536,-0.01568644374780108,0.0023854806956227215
HDOK,PLOK,17472,13,13,-84,8,11,2,33,-81.62589634816122,-82.38871521065849,-84.73174224651741,-83.95637111607353,-81.93779308719743,-84.07668771115156,-84.64738604633688,-83.57207724674434,-86.10685500256137,-84.59109260833014,-83.69396854422281,-81.33115678396572,-83.11275198261364,-83.13590330625584,-83.3073259687552,-83.95545165065342,-84.49723021596498,-82.72153859586973,-82.53512418531832,-84.29473280895732,-82.44821445769821,-84.26635616431624,-81.59419847703644,-84.49782355970594,-82.47574097668505,-82.45814861828298,-83.56450147746052,-83.98206675027063,-82.76827421376497,-82.38362392046886,-83.47619266031869,-83.89998244463898,-82.92008791522824,22,-83.3622731000662,-83.47619266031869,-86.10685500256137,1.1312197549953855,-0.15008292978322868,-0.10694449733583733
HDOK,PLOK,17472,13,13,-84,8,11,2,33,-82.24624981195355,-79.86139118694949,-83.89565275849715,-83.02700125363529,-82.18044011265158,-83.84983172412694,-82.62538844299584,-83.66320383135283,-82.77135372149901,-83.0578050988067,-83.30136373862481,-83.75622180427867,-83.30266178566825,-82.32998277449232,-83.78867444221677,-83.68452436693383,-81.42027706102867,-83.1715064225846,-81.82624294153564,-85.26839594976354,-82.98050720445634,-81.8610308313451,-82.28991153759341,-83.01264621479216,-84.57491747866868,-83.66546830591655,-82.49353263486898,-82.82700000093968,-82.86539455212552,-81.03044887304975,-81.38398531073786,-83.38952467614503,-82.17931643088373,22,-82.83581373579146,-82.98050720445634,-85.26839594976354,1.0924171295480782,0.4296783713070254,1.1423604496472453
HDOK,PLOK,17472,14,14,-85,9,11,2,33,-88.47325169433108,-82.03816517848512,-83.60867002851339,-82.03527439259156,-82.23559968439491,-83.36235679963801,-82.73619313211454,-82.52107197612787,-85.01245333492372,-82.7598042285591,-82.98806214448624,-83.2935883531321,-81.64329907679134,-81.8903842096396,-82.47019193899325,-82.73431611847731,-80.83730643467096,-81.94411029530218,-82.34951281077288,-82.47598883595347,-82.08656431614473,-82.1728341708698,-79.08564433038686,-82.64552474183235,-82.02000280800681,-82.9649083317369,-81.90445213705242,-82.3826009944935,-84.04742784620797,-82.55702632732749,-84.05984922420438,-82.58819836463745,-81.87264203988725,22,-82.66052352426324,-82.47598883595347,-88.47325169433108,2.026299927693759,-1.7685563437166092,8.425859958259792
HDOK,PLOK,17472,14,14,-85,9,11,2,33,-89.74743623820177,-80.84272729033722,-82.13283591877628,-81.34025205364136,-83.43931411619788,-84.14297897898118,-81.92860347894573,-85.03073036738905,-83.09516319984513,-83.05640662332691,-81.56473911910295,-82.76010182297034,-82.47094677538949,-81.560729666587,-82.69270205049735,-80.80039922342378,-81.66886993927872,-80.88889209068084,-82.15797402511052,-82.45199765724925,-82.22711591295881,-81.07337234975657,-83.78758059616204,-82.14098079572982,-81.19098468312534,-80.39865055874027,-82.25517508050407,-81.72506078662802,-82.68673469641915,-82.63356926651473,-82.8636293229115,-83.07978604945481,-82.28144103934319,22,-82.48842065982366,-82.25517508050407,-89.74743623820177,2.64047967304617,-2.778388223319147,11.350777117267835
HDOK,PLOK,17472,14,14,-85,9,11,2,33,-89.03788104868028,-80.70309145926713,-83.00856732065289,-82.46424973323586,-81.6215493539777,-82.15854276108409,-84.05473207970225,-83.33349787380781,-82.81386442034797,-81.34407258667221,-84.3182579397374,-82.77470535978557,-82.76022122456489,-81.76125039501443,-83.25026521177564,-83.59433708619856,-83.42591081365876,-82.20993998875068,-82.49564308746798,-82.77705277784342,-81.78480944580001,-81.74973411222744,-82.21806555051567,-81.9076030766877,-81.69921307573948,-79.51237639308683,-81.73320494785017,-82.2299617754378,-82.58957503013343,-80.83900609688565,-81.56012917092008,-83.60857061385555,-82.10275151579619,22,-82.5285646462776,-82.2299617754378,-89.03788104868028,2.278308773430852,-2.261566303917396,9.828571644073458
HDOK,PLOK,17472,14,14,-85,9,11,2,33,-88.36186322692724,-80.96994905962453,-82.65492707120949,-82.2647441798531,-80.8775264767987,-82.79949546554083,-81.75324516837757,-83.3012980675496,-84.17202576782303,-82.84836411913231,-82.51433391236418,-82.52712247928089,-83.41011457293924,-82.23026253586414,-82.26619579154628,-82.17794451062346,-81.30315386749325,-81.59794365927566,-82.34089908323334,-82.17420321330253,-81.5720239714488,-80.72405170485183,-80.62495154135965,-82.28662931716298,-81.05808805618484,-82.32256547962966,-82.6384278001204,-81.01083964803969,-80.37500494527251,-83.40198504515496,-83.03464978661604,-81.56539660108216,-83.34906237321302,22,-82.31846328784535,-82.26619579154628,-88.36186322692724,1.972861009644429,-2.3389539770281704,9.403615329922575
HDOK,PLOK,17472,14,14,-85,9,11,2,33,-90.93503437079326,-80.35743636991518,-84.29636137631282,-82.9753392383718,-82.32059464088535,-83.98314465090493,-79.97898674433317,-81.38927171402538,-83.42922136546257,-83.40473678223472,-84.01972437018624,-82.3941958231615,-82.69061605587191,-81.16949311745142,-81.83184634478606,-82.59127455698516,-82.34519387773801,-82.62264095320606,-81.1313344890404,-82.45575046626594,-84.18914633464834,-80.77169743509879,-83.09620173570994,-82.7913713858946,-82.42528544696233,-80.6477322067736,-80.57503469977978,-82.31323343983324,-81.19755259966429,-82.56493014052143,-82.34613177181629,-83.9382442818115,-81.19038065777009,22,-82.55664058921867,-82.42528544696233,-90.93503437079326,3.5167326088907416,-2.635264004354126,11.260903436157616
HDOK,PLOK,17472,14,14,-85,9,11,2,33,-88.43070611607443,-80.52696433450222,-83.38319389136538,-81.84434881224931,-80.73696655155439,-82.21312119800328,-83.87375220812635,-84.07770220357533,-83.88446121044507,-81.6879699447606,-83.19105630289546,-82.96619594350956,-83.77342903442008,-84.71646345583389,-81.38800590254363,-79.90108518357647,-81.27855382026672,-82.54612956375304,-83.02644700489927,-82.3744755928419,-82.51453590726277,-81.20930266827865,-81.73881356416547,-81.70355684896654,-81.23000782496085,-82.57513735679443,-80.83876386053971,-83.69536778669574,-82.06475942840605,-83.94576275476574,-83.8520795965913,-81.82498825253796,-82.0864031798954,22,-82.57880325166842,-82.3744755928419,-88.43070611607443,2.443718698322133,-1.456613975151649,4.525030213831432
HDOK,PLOK,17472,14,14,-85,9,11,2,33,-87.37346130537865,-80.6635097515498,-81.53444618326662,-82.9625660756964,-83.26608693892082,-82.37765436557055,-82.64257430666336,-82.17251262731583,-84.01003423427169,-84.13150180078388,-84.3359409944905,-82.38184842918122,-82.38053740621574,-81.80743571889985,-80.08693808096096,-81.28173209041775,-81.5940037238477,-81.89463461730118,-82.00032177117802,-81.12359514223822,-82.2269125282385,-79.83788948522736,-83.47774560172867,-83.57393487500562,-82.47291013554293,-83.80065619190022,-84.62813939457492,-83.1708793402089,-81.83970136006963,-81.01203641234044,-82.04343584782717,-81.7266429274564,-81.58927274917119,22,-82.46731795192247,-82.2269125282385,-87.37346130537865,2.0803348416175838,-1.0641047797764724,2.726676279554083
HDOK,PLOK,17472,14,14,-85,9,11,2,33,-88.14014985905088,-81.01502902230753,-82.51306466689991,-80.8478156646725,-82.92344648539529,-83.55924744125164,-83.29415816709104,-82.61610066449254,-82.44764801157116,-82.90217076770736,-83.71045991959565,-83.35711195281837,-82.80014703019621,-81.18431465595634,-81.11077241629074,-81.40381400983568,-83.0249253137348,-81.94641909290213,-81.32948500080772,-81.6571145099046,-82.69292998757105,-80.7988399624807,-82.87839185994731,-81.48899973439295,-81.77738400350266,-82.77899099495214,-82.87673254450218,-81.97977131152096,-81.38347987636989,-80.0376833168115,-82.0356873427624,-84.00068732064814,-82.35490614549053,22,-82.38993572889196,-82.44764801157116,-88.14014985905088,1.9145145462063833,-2.025548034555353,7.939613235667055
HDOK,PLOK,17472,14,14,-85,9,11,2,33,-89.0617764895612,-82.13497026325722,-82.23833842396307,-81.42430607456232,-82.07801515287665,-82.67110763302841,-83.99839573690704,-83.9439794251529,-86.68116700954712,-83.04325631621357,-83.44566057293392,-83.26708091172424,-81.6267307082762,-82.42137757979474,-83.4783446148635,-81.95542091757216,-82.40472590543051,-81.37270075273841,-82.0270939449333,-81.23434764150308,-81.71517116788645,-80.22543250124485,-82.5460315754616,-81.50571476984273,-80.91219703976722,-84.54400417244393,-79.8860703920271,-83.36603798207774,-83.27757316491484,-83.88663363088189,-82.71342777235928,-82.73542701480692,-83.16458328796328,22,-82.757184865046,-82.5460315754616,-89.0617764895612,2.8875925790223484,-1.6966266659579048,5.086294746869818
HDOK,PLOK,17472,14,14,-85,9,11,2,33,-92.06312051648472,-80.20495725684479,-81.49675170734217,-82.62853143159552,-82.87671584813528,-84.4319586599691,-83.44647677324564,-82.22270234691922,-83.25794357798753,-83.28373424738876,-82.5996677295092,-82.29351100497882,-82.25013554308416,-83.92875919401685,-81.56311666513956,-81.80313636922132,-83.9377665789336,-82.34960436068233,-82.44882190494631,-80.38067593722727,-80.72218216553385,-81.34350378798614,-82.76949227010049,-82.09197138719006,-83.02023785900865,-80.98875166408219,-82.67972884481715,-81.50672668179625,-84.54528148721943,-84.16073082210684,-81.89563801382353,-80.94200803465533,-81.5636343499285,22,-82.65751439460306,-82.34960436068233,-92.06312051648472,3.99955968801144,-3.1770318733037732,14.346139774134668
HDOK,PLOK,17472,14,14,-85,9,11,2,33,-89.74591854792371,-79.9207001484358,-81.45362929851956,-82.79135168978222,-83.50258900576182,-83.95304331417277,-83.3034128230911,-81.14242885811315,-84.35663528401638,-83.28527761570386,-82.55657035772882,-82.1218497561472,-81.60676071881626,-82.05149903751213,-82.3705896726806,-81.61495715420878,-81.75729152788625,-82.6938982558638,-81.13648815263896,-82.1141120910917,-81.34598224788718,-80.6077710662612,-82.44492640547047,-83.49093443835291,-81.41255407381475,-81.52158300576949,-82.58786600186909,-81.04762281977173,-81.25686933793558,-81.9361834675221,-81.66003088598276,-82.47287060657045,-83.18855814710157,22,-82.37735623680011,-82.1141120910917,-89.74591854792371,2.643900880181553,-2.8355844574536864,12.087030162392608
HDOK,PLOK,17472,14,14,-85,9,11,2,33,-89.6771774422548,-81.7745556545215,-82.72525369659604,-82.8224332322916,-82.30896275725961,-81.21067001966614,-83.27681159121273,-80.78527160666401,-81.5321143517601,-82.81879453071944,-80.3779326171475,-83.90812141573862,-81.07231906241236,-81.9801452110607,-81.13120627300711,-79.31438360033168,-81.43766437210944,-80.78844640567887,-82.30627753597331,-80.64769927935136,-80.81788075543881,-82.05949234787626,-80.02044171241637,-81.65852332410734,-83.92277526836418,-82.47120709815788,-82.8567056042864,-80.71708824313366,-82.39726850281907,-82.26813898627502,-84.13716814222343,-81.60052288123161,-82.36670759210917,22,-82.09667154891504,-81.9801452110607,-89.6771774422548,3.0372988004659285,-2.4493320107561822,9.959206943322194
HDOK,PLOK,17472,14,14,-85,9,11,2,33,-88.88295602960837,-78.50890517620209,-83.23007124225727,-83.44744267310465,-80.61987171231577,-83.07923032621913,-82.17152132030921,-81.01613846584635,-84.29312585322191,-84.8875731005836,-83.70014668015956,-83.70536137920459,-83.03613363279037,-80.4955468232797,-82.21450392511504,-81.98751974471949,-82.93070294990534,-82.80130657299418,-82.11846786790205,-82.70423088905434,-80.57152523197585,-81.64250462207906,-81.93655986127885,-83.28165492912265,-83.40039594497738,-79.89621275851911,-82.69010995021353,-81.14152955896402,-83.27093598394912,-81.65566781908393,-81.55862243876656,-81.10410028088957,-81.59714392155512,22,-82.41144605048994,-82.21450392511504,-88.88295602960837,3.053239135991699,-1.180427032680401,4.804691021227759
HDOK,PLOK,17472,14,14,-85,9,11,2,33,-89.12841153086755,-83.11991254550823,-83.3519893162973,-82.94345908758834,-82.67343512512348,-83.95740890722601,-82.74098468551469,-81.72493414655247,-83.69325001658893,-83.2321879564889,-84.40220049339693,-83.44477317196487,-82.92797372674687,-82.6386628230971,-82.5941635025202,-82.37994879145755,-80.49690362895372,-83.2426531228584,-83.5394613020729,-82.17851110492246,-81.54833403979632,-81.94578770409862,-82.64737403463656,-82.1303959817691,-82.40052222611992,-82.83176227952667,-81.69384646369853,-80.75059547841471,-81.36519472221059,-81.74215859462996,-81.5991384340714,-83.1839068474795,-81.85411294859621,22,-82.73043499214532,-82.64737403463656,-89.12841153086755,2.045684488452596,-2.6230570559073727,11.430572732597584
HDOK,PLOK,17472,14,14,-85,9,11,2,33,-89.30029217675026,-81.34474585495026,-82.96451966760891,-81.29418726296113,-83.25604653136548,-86.01530100860498,-81.87789540671749,-82.63861651028022,-82.81615271574633,-84.06171771707753,-82.448488429986,-82.36961216455647,-83.81336856918628,-79.43497383832845,-81.70064056579292,-81.39015607714886,-81.33071750862739,-82.60413174432747,-83.422920319367,-82.58282242178412,-80.76803106362736,-83.87295499502588,-81.66068523671171,-81.82236454959559,-82.87838689924061,-80.92513662451628,-80.63599253637764,-81.81196178839215,-81.35772861651267,-81.22477419094947,-81.26162408498247,-80.51727235262189,-83.22060569699613,22,-82.38257045838539,-81.87789540671749,-89.30029217675026,3.0741965366549318,-1.9935730032735939,6.457295714710467
HDOK,PLOK,17472,14,14,-85,9,11,2,33,-89.9967415541563,-82.0151331314101,-83.50363330490525,-81.25559977791622,-81.79210475365976,-81.72797679844005,-80.28916878705789,-81.08530930472885,-83.01018170196691,-82.55443540113194,-81.85592082483933,-82.48339985753853,-80.59501590550585,-82.43547751038251,-80.89687062040034,-83.1715736862228,-81.14203192855868,-80.52030089799337,-83.65955983233131,-81.33374030124648,-80.17370554761017,-82.18912674209035,-80.54325157175761,-83.38655733135185,-81.31925099167191,-82.09068204096356,-82.07735674097455,-82.76074563758513,-82.11155110912314,-81.74111334386562,-82.95298830911419,-83.5754831879511,-83.39663310456687,22,-82.23159459209145,-82.07735674097455,-89.9967415541563,2.8856230516309687,-2.866757386035269,12.516516066668983
HDOK,PLOK,17472,14,14,-85,9,11,2,33,-88.29509739075677,-82.12881684175497,-80.62811662454517,-82.25789600043959,-83.75942555018501,-82.79011051029022,-81.29636041284353,-82.44456379134972,-84.03879432106483,-84.32799320857913,-83.11306240565806,-81.88608141099306,-82.63329012434319,-82.01755404970386,-83.2562559914873,-82.87966073577115,-82.36121789119494,-82.97862453039569,-82.5084204726524,-82.34733951532418,-82.34645746740955,-82.14621545428177,-80.40753332512533,-82.72448685262611,-81.42383104519955,-81.83052273269142,-82.45911426236569,-81.93669494003963,-83.52920732657778,-83.0447745185307,-83.37886732986296,-81.26111056331166,-83.05478496463874,22,-82.6512812897574,-82.45911426236569,-88.29509739075677,1.7522680603525789,-2.210641446201012,9.186218658794555
HDOK,PLOK,17472,14,14,-85,9,11,2,33,-89.21613190257007,-80.8578868372707,-82.20030716901255,-82.71009546996704,-80.7964440050207,-80.32881824832145,-82.29921513725934,-84.7937461689042,-84.06799326693168,-83.06008830102563,-82.79180791380884,-83.06183460868782,-83.0378589702249,-80.71410187181118,-83.97081308440627,-82.09073819563524,-80.8540019831495,-83.01879136973075,-80.57935694594306,-80.667771585006,-80.71890517995561,-81.82353478552207,-80.22361613570162,-82.70532454864048,-81.92505787324453,-82.80345130869443,-81.25300948080321,-81.26660888752888,-82.10798092027711,-81.74758876727196,-83.57211781359437,-81.78258191153479,-81.4021474463597,22,-82.25605236647925,-82.09073819563524,-89.21613190257007,2.843632541682182,-2.160282931436417,7.585477714187109
HDOK,PLOK,17472,14,14,-85,9,11,2,33,-89.57087435623293,-79.77327520829026,-84.46278648105064,-82.30206988213126,-82.254258378967,-82.48744296669194,-84.1878910510925,-82.57071967332995,-84.3218741038758,-83.19577070214632,-82.219876388624,-83.36552404976173,-86.19184306062081,-82.42503486196182,-81.78713337889867,-82.41488837645272,-80.91403495884258,-83.18020975140803,-82.06888771102182,-81.72205065805139,-82.16884879735109,-82.6692973369663,-82.05080333465811,-81.78625392203621,-82.51968070133144,-80.31544179516428,-80.01795525119793,-81.85817057515683,-82.31263537997013,-81.52272970696524,-83.07602534315467,-83.59894934067864,-82.21991441898503,22,-82.65251975463842,-82.31263537997013,-89.57087435623293,3.05528439728382,-1.9401528146592375,6.697708973302294
HDOK,PLOK,17472,14,14,-85,9,11,2,33,-89.61476027933983,-82.32225001203038,-83.94396874906198,-80.94751207805315,-81.41194161653443,-82.63595573427627,-82.36978883208953,-82.40397820318367,-84.15271963085546,-83.35306355234637,-82.18175551583423,-82.607804651937,-83.81745252280925,-82.77483336052003,-82.26100247257664,-82.54269357317395,-82.97868257963636,-82.17665701878764,-82.40750581586589,-80.72407503429147,-82.41458404483434,-82.60083892340576,-79.6896065063294,-81.21565259329705,-80.09814356821296,-80.70573535672419,-81.49629606879803,-82.60194455527405,-81.72676774644663,-81.35390209370873,-84.03832774625174,-81.7099007796596,-81.69563842931544,22,-82.39320423168066,-82.36978883208953,-89.61476027933983,2.7290245877793002,-2.427986967280838,10.283319645713103
HDOK,PLOK,17472,15,15,-84,8,11,2,33,-80.97818255348051,-81.728901173696,-82.55044779865598,-83.38473928546834,-80.74166074385575,-82.85905746712363,-83.28340607872235,-86.0849755829217,-84.35132635849516,-82.82300772388294,-83.9205731042606,-82.20008546148888,-82.55751378701967,-83.39736558948418,-83.65886521658713,-81.2371010973879,-81.72626718757857,-81.59946995186114,-81.87128369131891,-84.16463761252842,-84.24818382124374,-83.17089101869297,-83.6776433866835,-83.87379494350317,-82.57623318460001,-83.01745061398127,-82.78841840950727,-82.75849810220059,-82.70927621458064,-82.54495648109862,-83.4655349749171,-81.47586515481379,-82.22183326351872,22,-82.83780142530786,-82.78841840950727,-86.0849755829217,1.2086979030973461,-0.44701502265703635,0.9487477693263062
HDOK,PLOK,17472,15,15,-84,8,11,2,33,-80.2778575726724,-80.95409001374128,-82.79455967640429,-82.52045883045146,-81.5949081842108,-81.71222651849722,-86.04419550940885,-83.67032617348394,-82.97127522908457,-83.21707770816249,-83.21064340515419,-81.7602114071346,-84.40903919040058,-82.81555005144047,-82.56122291633586,-80.71294024483224,-81.46706316097656,-83.73966408958962,-84.02438094633901,-82.64868304224355,-83.70942793289126,-82.78490842404443,-81.79280145318955,-82.22859185433965,-82.61257260746687,-82.03468389462502,-81.19232375309356,-82.15719403757333,-82.71336180707125,-83.36216091766731,-83.57855796031937,-82.98977670008617,-81.63603272864904,22,-82.6029929679267,-82.64868304224355,-86.04419550940885,1.3099398758612444,-0.49444223604647186,1.2341229388358763
HDOK,PLOK,17472,15,15,-84,8,11,2,33,-81.53271984380679,-81.72663588310951,-81.68509175259248,-81.3751570870525,-82.92930783199178,-82.1341370925882,-83.30109413903936,-84.41784590173948,-84.43147606583496,-82.36132712568067,-82.74745264328413,-82.75762928081362,-81.92186324925693,-82.59349848171513,-82.31356084327805,-82.21638717404706,-82.59382430962086,-83.42507272938337,-82.24570317366823,-84.29665540935714,-81.95756036278212,-82.74358797705358,-80.8985885999318,-83.5397198438947,-82.18006984222384,-82.17999273076882,-81.51257239161832,-82.83120378015609,-81.72681954362227,-80.61390126208882,-81.59308475483007,-82.2668841665762,-81.96918342593601,22,-82.3945335969498,-82.24570317366823,-84.43147606583496,0.8130069284864523,-0.6145841152556943,0.4108507510835784
HDOK,PLOK,17472,15,15,-84,8,11,2,33,-81.412518385329,-81.38311171360668,-81.53178911171298,-80.79608149868818,-82.00984060096367,-84.55133357741192,-82.58604527676711,-83.08951812998428,-82.89775773690023,-82.497371981428,-83.04421925921855,-83.13119128344975,-83.13810967592218,-81.74419915737722,-82.68943510299113,-83.4611626223981,-81.727665819466,-82.20366514470085,-82.052917176089,-80.4203355791183,-82.02338255076089,-81.95626469205793,-81.80127524364617,-82.69049892179048,-81.71057867632419,-81.87129428354284,-81.74796630979638,-80.9112389691076,-82.05227789454949,-81.07343245466537,-81.71584026475203,-84.0385165964534,-82.23280891604212,22,-82.1876862002125,-82.02338255076089,-84.55133357741192,0.7969599320957,-0.5281053853918406,0.4771462546193366
HDOK,PLOK,17472,15,15,-84,8,11,2,33,-79.62875782600655,-81.74398965438156,-83.54472148541845,-82.16346504877191,-80.45353572110838,-83.310861940893,-83.42636668840703,-82.89287173234256,-84.16980903108701,-81.64490912956629,-82.94655199039093,-81.84694227497471,-83.64751800548233,-83.44850236706371,-82.01461244738785,-83.24766543982037,-82.76023178438645,-83.36031735027639,-84.07381880861999,-83.7754596088002,-82.84329116156226,-82.82885284703889,-84.98455826475438,-82.38181468344499,-82.48708322313018,-84.09019800621064,-83.43669391488007,-82.6967102980565,-82.32516157618879,-82.21210080450372,-81.16295370968675,-83.43361277602473,-81.59345276788648,22,-82.74476946571376,-82.84329116156226,-84.98455826475438,1.1945984563620586,0.6949785587034895,0.9849710070582476
HDOK,PLOK,17472,15,15,-84,8,11,2,33,-82.14602690429768,-81.19917538596835,-82.00570230238897,-81.98871849585717,-81.43542118690827,-81.57156464739684,-82.57482581840316,-81.05311509483613,-82.10358930594178,-82.65425869516892,-83.39009902599916,-81.98104921462864,-82.55892936792415,-82.3856181158168,-82.04943178756396,-81.26118968913892,-81.73773895202127,-84.08874316707946,-80.63804469315762,-82.27779761959528,-83.97207840447429,-83.34057689127545,-83.3364765966888,-82.3682100896353,-81.76367344221474,-81.73501936287175,-84.27389280138615,-84.23763487754489,-80.93987583866631,-82.06378999018062,-82.61107438951119,-81.88613369141703,-81.00256442833485,22,-82.2615769780089,-82.06378999018062,-84.27389280138615,0.9181712487583429,-0.6166359841085858,-0.2087606368162147
HDOK,PLOK,17472,15,15,-84,8,11,2,33,-81.66960218871651,-80.98745056388942,-82.81859854354822,-80.7661006137046,-81.4481592842268,-83.89477440379085,-81.95653010814586,-82.98271819488963,-82.32500337527146,-82.845432026341,-84.57001894795827,-82.34735065828119,-81.96101034605906,-81.7965466403705,-82.9964033060194,-80.46435118236138,-82.53887864114925,-83.41649899612774,-83.1228488124058,-82.00222306884073,-80.87682341542033,-81.70573349975781,-81.60073153546962,-81.3650188009908,-82.85372504370868,-81.63261007332979,-83.72033541353397,-81.1652782731458,-82.99977700607579,-81.29214657816222,-81.3399710443004,-84.06528269929187,-81.65145218250389,22,-82.21755713538755,-81.96101034605906,-84.57001894795827,1.0266382208893094,-0.4458778878266158,-0.5120388981319715
HDOK,PLOK,17472,15,15,-84,8,11,2,33,-80.15467864907262,-81.91361689146932,-81.82577566033818,-80.51231743024105,-82.19042831191226,-82.99950679205615,-81.91992408686949,-83.42535906280445,-82.31343129221835,-82.01825182986407,-84.63814084270086,-84.06809229207151,-82.68743091380222,-81.37424010389464,-82.63921141181036,-81.92372859143235,-83.24188637342003,-83.52137587095592,-84.54743470451736,-83.74698837911657,-82.81312359155865,-83.86828799934018,-81.80710103780493,-82.37648122245585,-82.08935013892857,-83.31835637637957,-81.72702637692599,-82.89185275897078,-83.49868938309795,-80.95151678506528,-82.76196744242738,-82.73735098512003,-82.70860605077942,22,-82.58216756483098,-82.68743091380222,-84.63814084270086,1.0750234694774057,0.16458096176961146,0.04123114081351087
HDOK,PLOK,17472,15,15,-84,8,11,2,33,-80.18531178280935,-81.17773253154584,-81.83141505716587,-81.32275343360153,-81.3172712273981,-82.48304002483144,-82.59570233049932,-85.2400400403861,-83.25421256473697,-84.26683971410714,-82.73819187419042,-83.51526308715835,-84.35825101045964,-82.34717047083758,-81.56117575528869,-84.33999178633898,-83.23296428125795,-82.06147407634403,-83.61500474331308,-83.21638375210115,-81.98913864400303,-81.36099909203234,-82.63839248047634,-83.3307923627369,-81.92198982014695,-81.57505130698624,-81.57142158518647,-82.5996795169056,-80.72887472748657,-83.48888130554727,-81.23365696995893,-82.93527331577879,-82.65690493052954,22,-82.50579532127716,-82.59570233049932,-85.2400400403861,1.3067731001521923,-0.2776157193676252,-0.26085923102775777
HDOK,PLOK,17472,15,15,-84,8,11,2,33,-80.74122031775252,-80.5248651098699,-81.32535719747264,-82.52472346037308,-82.30258996847385,-83.88399683259425,-83.14466644642008,-82.5563113438816,-82.7162599684029,-82.77741512844355,-84.25840123397344,-81.51907384278209,-83.98025670877492,-84.55797052069755,-82.17813431797074,-81.93645031786697,-82.40032681402762,-81.97226178436271,-82.73796892212337,-84.24644771684324,-83.14004409495838,-83.49145924579653,-82.04454477353318,-83.22465917175325,-81.53594544115296,-83.277850300641,-82.09250974945662,-80.27869734034253,-83.3664893880026,-82.0024058900923,-82.01252216236942,-81.90908217855194,-81.28646133339605,22,-82.48325360676223,-82.40032681402762,-84.55797052069755,1.1205227504253132,0.0012239294359418066,-0.38861538709969823
HDOK,PLOK,17472,15,15,-84,8,11,2,33,-82.41989808873114,-81.67052849215085,-81.67815337753872,-80.87898111483035,-81.11068713871119,-84.55584892373658,-82.97517871561983,-82.6518116193328,-82.35040451065827,-83.37416234172848,-81.14555276922994,-82.90557100744786,-81.42337400722049,-83.57924036137827,-81.97770799137417,-82.39339041985559,-82.09797323174817,-82.5046248220164,-82.18930678090764,-82.89335960517494,-81.96610975516056,-83.01272552354561,-81.47507197877333,-83.01282961231439,-82.75402915055106,-82.59787472771013,-83.06513073809442,-83.62932374420647,-80.67531531893637,-82.6599333458403,-82.26765516545268,-81.82236536216054,-82.66212492118291,22,-82.3750377170703,-82.41989808873114,-84.55584892373658,0.7005778757998457,-0.09913720423821962,0.2637307545195622
HDOK,PLOK,17472,15,15,-84,8,11,2,33,-81.19478188805965,-78.77451729619935,-82.64081550530462,-80.5210003776799,-80.71268510721532,-85.10326127326566,-84.12377420599688,-81.65494270198087,-82.84732935487462,-82.24295509102883,-83.64440798446736,-83.22056118955531,-82.2723230385391,-81.73913062130829,-82.34010456135735,-83.82895783342197,-83.94613317772017,-81.72442134762629,-82.20406466899082,-84.40561455320736,-83.9174300250815,-83.1248841756032,-81.24578271058722,-82.89194373625685,-82.07403857064098,-82.73258273221279,-83.45833404525376,-82.15658374699677,-82.68707121714309,-83.16331148352559,-82.82406995720633,-81.82459105683165,-82.82904238777839,22,-82.54761962493689,-82.68707121714309,-85.10326127326566,1.5199661213015867,0.643858097477237,1.4907895361587662
HDOK,PLOK,17472,15,15,-84,8,11,2,33,-80.41885960234305,-80.8418924635395,-82.32954980387586,-81.8840915440181,-81.80738118387109,-85.09982441851967,-84.03859137337494,-82.42150366917276,-84.63965458158208,-82.66298998580966,-81.17415497375228,-80.71037758470315,-82.80849463439331,-84.04951980450979,-83.3258214498652,-80.91093768806533,-80.47304445724481,-83.1458154642867,-83.87845502380392,-80.96200100564023,-82.8852762975002,-82.75404359722646,-80.55529769130573,-81.83450274883333,-81.9696641596503,-81.68815823274052,-83.6684295278135,-83.00392542261915,-82.68180667888043,-80.89519768984776,-83.16733276009371,-81.71134964600375,-82.4621935694937,22,-82.32909511316305,-82.42150366917276,-85.09982441851967,1.54155817108654,-0.2559456851975995,-0.6634877912675665
HDOK,PLOK,17472,15,15,-84,8,11,2,33,-81.48784576885862,-80.17237248724884,-83.00655786246917,-80.32684147124453,-81.3110168357957,-83.47580491491024,-83.76449567046976,-82.13644252758085,-83.9199484343753,-83.1405659071959,-83.3875695323433,-82.98007965799201,-81.88543363153843,-83.88335661944264,-82.62366133681577,-83.89621975957357,-82.86304854079347,-82.96443648183475,-82.12306035785382,-82.65576030990813,-82.50008211137231,-82.50272791471441,-82.80047176550111,-82.26166987310344,-83.46343356115096,-82.18952291044933,-82.51420737931548,-83.3632725084396,-82.5317269927092,-80.86797149439998,-84.3586131641647,-81.84070904062578,-81.83710347557546,22,-82.57684940302322,-82.62366133681577,-84.3586131641647,0.9832909746898917,0.5820072681816799,0.2180634591124897
HDOK,PLOK,17472,15,15,-84,8,11,2,33,-81.57017228849844,-80.86020138056554,-81.70905315812865,-81.80529906613269,-81.24526635493514,-83.81265695320307,-82.8619274555377,-80.16503135526705,-81.98928647101567,-82.94274658082486,-80.62442136027175,-82.31360536514809,-81.80989441029612,-81.79536149317224,-82.79590339432632,-81.14257218833636,-82.46907905003955,-80.9510349575033,-82.66734596494508,-83.19736168379261,-84.12948915517224,-82.63068310458274,-82.91737005684374,-81.69311737207101,-82.23184874092757,-81.14195940495345,-83.04569055836487,-81.1845789834636,-81.98745703622265,-82.23654979361235,-82.2191924316211,-81.73652340852829,-84.43774466277546,22,-82.13092198912364,-81.98928647101567,-84.43774466277546,0.9413474426996901,-0.35935416684431676,0.05370403775788857
HDOK,PLOK,17472,15,15,-84,8,11,2,33,-82.07035058751059,-79.94147889252173,-79.78366565608535,-80.66166682329164,-82.51249940659144,-82.57595465242615,-82.05616339615442,-81.54188925847332,-86.14096620644207,-82.97700100696407,-82.26344471906486,-83.21584742309568,-83.10601764199394,-82.47970851091142,-80.82306401349524,-81.56259632984332,-81.95124532960365,-83.72581858523918,-82.61474343057617,-81.31562674319751,-81.03727875318046,-83.40209635964938,-83.04844558446825,-82.87986526332172,-82.8326592709886,-84.47055705295504,-82.00120388111893,-82.45944579183146,-81.92536044398074,-82.11001202098684,-82.06915938787519,-81.97071988250246,-81.01961559786676,22,-82.25897478497599,-82.11001202098684,-86.14096620644207,1.4789499543330775,-0.6499282103998942,2.2515747989800077
HDOK,PLOK,17472,15,15,-84,8,11,2,33,-80.77635142173831,-80.57220447907495,-82.76375396930037,-82.09934802919395,-80.98679683735573,-82.35488377686522,-83.63998299072341,-84.64077872883725,-83.2718879150689,-82.03687922104997,-82.52306822582301,-83.45073354301715,-82.3482012609124,-82.43749369811087,-81.63424380226961,-83.45253204112271,-80.79524414507745,-81.06753686440217,-82.6909143403951,-82.26070768006741,-82.45503098933631,-81.69293764670667,-82.65522871444536,-82.57819167895234,-80.84555101826376,-82.66542665676148,-83.56478947081493,-82.64881847520236,-82.82169958795133,-85.26804513059547,-81.8231921882645,-83.37280113120593,-82.49948551338161,22,-82.44529518703905,-82.49948551338161,-85.26804513059547,1.122784504705636,-0.3436977494077172,0.5419011226219359
HDOK,PLOK,17472,15,15,-84,8,11,2,33,-81.63085089487198,-80.36171005425092,-81.38045802896967,-82.1570505502238,-81.35502371136181,-83.13344545806582,-82.58976803545153,-82.5613224740506,-81.92272083831979,-80.48792592498829,-81.95132363955156,-84.56840661702012,-84.33247625084495,-84.12509042870828,-82.12106881368378,-83.02458599465675,-82.96506765231405,-83.2637999071637,-82.06720843099654,-80.9211050582774,-80.76349413051646,-80.67391369989596,-83.64220223266423,-83.61462295382762,-82.38655415891849,-83.07217746292808,-79.55666810181819,-81.42032356125374,-82.48962181401001,-82.46645861436556,-82.37079127917559,-83.68986810238503,-82.73013832067589,22,-82.29688615746079,-82.38655415891849,-84.56840661702012,1.4082670686596108,0.19855232436506864,-0.32234697331513873
HDOK,PLOK,17472,15,15,-84,8,11,2,33,-82.75382827741502,-80.91398108589215,-81.92704841944283,-80.41847771226534,-82.35110427506258,-82.53899215336867,-84.03827207607145,-80.16171070754909,-83.33760006080294,-82.27611491313155,-81.67529689925144,-82.32701466482804,-81.23900610767163,-81.59763869829916,-83.27440848972853,-82.58652445874051,-82.0270374632779,-83.7547944746561,-81.76418262560489,-83.83207734707253,-82.60116368198251,-83.49495992145475,-82.17369688731878,-81.44898782703174,-81.57129978725969,-82.90758574081603,-82.95145644439845,-82.60144724997849,-83.54578584194417,-83.20036913775255,-83.55992707102313,-82.53599611185552,-82.6777282497791,22,-82.42622772311297,-82.53899215336867,-84.03827207607145,0.9000225974054558,0.4589738582982346,-0.13903448329580126
HDOK,PLOK,17472,15,15,-84,8,11,2,33,-80.0814782464767,-80.59215684843953,-82.69469971728833,-82.06876257457226,-84.87575031173733,-82.2108491985531,-82.46057948499725,-83.49804991219571,-82.67483244287047,-83.37379941364415,-83.220979571733,-82.20223059216917,-81.9616949584921,-81.81483187330298,-80.157859557761,-82.48632034425704,-82.33290880555981,-82.44492324732734,-81.47250418757527,-82.62501237256615,-85.76691155778198,-81.0740298108519,-82.1239232046437,-80.63244521766838,-82.03551275670137,-82.84845981018672,-82.19253337751452,-82.84895384370672,-83.75033516148022,-84.11130117557758,-82.96533556136313,-83.36000955436164,-83.19880485535396,22,-82.48965998632454,-82.46057948499725,-85.76691155778198,1.4447798261445257,-0.2537815968680184,1.0038011123169341
HDOK,PLOK,17472,16,16,-84,8,11,2,33,-87.80523906676737,-80.9544747399803,-81.69792178717076,-81.99305480532124,-81.59956619147404,-82.17808733398353,-82.74887300669148,-81.57263529144838,-82.64647941411813,-82.40216637647865,-82.67792493349833,-81.8160800370181,-82.26738150460245,-82.22166442018563,-82.07377380120424,-83.43231831016601,-81.29288422251676,-82.54539402708613,-81.8858831280217,-82.9481918939116,-81.72328703453397,-81.2418718161502,-85.15449693363821,-84.15531177797176,-82.34061895578611,-83.74137062580543,-83.96765890112516,-82.56340233192148,-82.00822758922608,-82.0888722995564,-82.77665019060962,-83.12083733405873,-82.96599467167164,22,-82.62450287132421,-82.34061895578611,-87.80523906676737,1.615044698447284,-2.29017447846735,7.457970974646074
HDOK,PLOK,17472,16,16,-84,8,11,2,33,-87.76426596884698,-81.42352944016103,-81.97115034271923,-81.53799716797461,-82.67364067547919,-82.66543554421672,-83.66854255411366,-84.04183845573978,-84.18125233218701,-81.14233442890968,-81.71246855456488,-84.23536267121499,-83.23258498657371,-82.49666478167585,-81.11722687847995,-81.9195773011804,-82.07858700766386,-81.31076205650648,-82.62969679849004,-80.84314684646615,-83.25342495481382,-82.22542927648217,-83.65364851749698,-83.75393499342657,-82.52456764497099,-83.22177367229128,-81.54811582993176,-83.00210130153455,-81.82450130532668,-81.60028842902722,-80.94727191660806,-83.36295742735673,-81.64900193852823,22,-82.58221460608968,-82.49666478167585,-87.76426596884698,1.802011520270933,-1.723193081454826,5.214039452341874
HDOK,PLOK,17472,16,16,-84,8,11,2,33,-88.71644905604312,-80.03522954656677,-82.02032953003982,-82.22008326464054,-81.6061686160156,-83.82571770383734,-84.1881812161086,-82.61036322083098,-84.2033448480954,-84.15278908915715,-82.17012157707508,-82.56286861738654,-83.42752558951567,-80.3573757345838,-81.88137483057767,-81.33711891030134,-82.30750018628392,-83.1683348267006,-83.1457447735984,-82.02345009546869,-82.87532596128639,-81.8807276168142,-83.22815011930791,-83.45665359494426,-82.16290260530597,-84.40531725771935,-83.9112405306316,-81.05817585289768,-81.97757684121348,-82.11381817962861,-82.19682029057495,-81.39904545792628,-84.23103601057397,22,-82.75323822883792,-82.30750018628392,-88.71644905604312,2.3301985593712473,-1.6343931303652899,5.840693600412601
HDOK,PLOK,17472,16,16,-84,8,11,2,33,-89.8090877307081,-81.76797988919479,-81.40403181094658,-80.67205896016725,-81.93734354623928,-84.33574349753208,-84.67260908931377,-82.27805662085572,-82.82540763686592,-83.010435880189,-82.48440364440064,-83.43083254175563,-81.67737009670718,-82.78391141601533,-80.72307420636713,-83.14548189868495,-82.61310280508329,-82.49426101461212,-83.0886924275294,-84.46709808292869,-81.79125758462723,-82.6580427876756,-83.37815348219682,-83.42332802776923,-83.93845837358468,-82.63048311169798,-83.25400703601667,-84.52963386477806,-83.49398578887003,-81.61207880134445,-82.59083505971763,-81.68234084915032,-82.45263894121352,22,-82.94109777287092,-82.6580427876756,-89.8090877307081,2.476074078396263,-2.4742412443990123,10.11330235037943
HDOK,PLOK,17472,16,16,-84,8,11,2,33,-88.51702276464972,-80.677167510539,-81.28963480252693,-83.9092574218791,-82.19574322718285,-85.58803205378868,-82.46212465135211,-82.90594655860536,-82.81775836095471,-83.49086097664221,-82.93388530674058,-82.05184270324023,-82.73137228813101,-82.53183223888644,-81.86747875557906,-82.52894352774369,-80.66176201329436,-82.40603608335684,-82.07250684474684,-85.44942985821638,-84.79153682795302,-82.34571754046569,-84.27336037942092,-81.05144142306912,-81.79787089897607,-83.76057051144717,-83.94236065626214,-82.10056282680034,-82.71390648560255,-80.97219804938891,-83.1901585117634,-83.34100166991776,-83.84729977853353,22,-82.94595828811079,-82.71390648560255,-88.51702276464972,2.443212030769577,-1.4190422848349973,3.6087369394314677
HDOK,PLOK,17472,16,16,-84,8,11,2,33,-88.67181930792408,-79.98677350991416,-81.54175484597829,-82.83592176423262,-83.40637805989016,-83.41336607762688,-83.05368870939566,-82.79937144096425,-83.28266213123202,-82.63294134536844,-81.82865699346294,-83.01526855868886,-82.13846252513733,-82.25447666111245,-82.29261216600214,-82.83111867543239,-83.32570168424441,-82.67480130343321,-83.4527463488678,-82.81457793082481,-83.62027709984484,-83.6800187941066,-80.74123829132009,-81.73722621362562,-82.32346210739671,-84.63943540298459,-81.84677976755897,-82.30871724866786,-81.8066951312186,-84.07488562912305,-82.26810995282882,-84.12161176186449,-82.93512335590755,22,-82.85929335746002,-82.81457793082481,-88.67181930792408,1.9353817774146065,-1.9587722789224755,8.569293468860181
HDOK,PLOK,17472,16,16,-84,8,11,2,33,-88.18928806246129,-81.3036698667695,-81.43528735790844,-82.89392213550931,-82.97382505874938,-80.91059277130853,-81.50118512168572,-82.1198364326605,-83.74762154131778,-81.54747803131878,-82.59870604373198,-81.7274673525169,-81.2229544897933,-84.51961191066995,-82.82342988575357,-82.54632687272434,-81.29766924492185,-83.06747281761061,-82.67397878567851,-83.58557816212168,-83.51669344758868,-83.09454512900716,-82.19563831155932,-83.7916657331109,-81.9709205167175,-82.48950796155981,-82.48867404828809,-83.30134499789122,-82.87195250315727,-83.0025406953116,-82.66539328687587,-83.13244004235594,-81.62373783343946,22,-82.69184716521438,-82.66539328687587,-88.18928806246129,1.6753356890801452,-2.2608080291600197,8.817323803639402
HDOK,PLOK,17472,16,16,-84,8,11,2,33,-89.04766692979247,-80.5035615969086,-83.18810627360007,-80.99628244988872,-82.06113980401503,-84.2591442815107,-84.32994659837307,-82.91815779436594,-81.95266239406702,-82.85754810614606,-83.12258092861575,-84.22581998649822,-84.26875695729221,-83.23933115236045,-82.15577792492046,-82.80335787150003,-82.3600198911313,-83.11483935817053,-84.53317722319053,-84.86706306355859,-83.17006361817673,-81.49296998504988,-82.00670501279825,-84.78804134390195,-81.34544712998401,-81.71555089132382,-82.7920294037545,-82.82635174949714,-82.31783870547477,-83.22133359381193,-85.89195811486539,-81.86460298085099,-83.20450061504403,22,-83.13461617364966,-82.91815779436594,-89.04766692979247,2.5141496268302097,-1.5665681287733437,4.587862708164108
HDOK,PLOK,17472,16,16,-84,8,11,2,33,-90.20557992659243,-80.90867861743428,-81.7654980747678,-80.41822270827548,-81.24270095254806,-84.14438548396394,-84.71108734691177,-82.01942065672937,-83.83398203335187,-83.06909534068996,-84.07386194919825,-83.01846444155744,-83.47709037670595,-83.43802897043116,-82.26685020773108,-82.42959966143533,-82.83120804993389,-82.05398807052332,-85.04130024393169,-83.28084808344771,-83.95812210652963,-83.06019238972127,-82.35389006900677,-83.65840545408177,-82.55466394633595,-84.22516329947011,-84.47524395054079,-84.23443422999864,-82.41356894873975,-83.11930683317735,-83.90765604731118,-82.91758695918931,-83.0008772795502,22,-83.27603038514586,-83.06909534068996,-90.20557992659243,2.634016271677825,-2.160380726263416,9.232073765475091
HDOK,PLOK,17472,16,16,-84,8,11,2,33,-88.94246342774095,-82.33767079202866,-83.14279378253498,-82.75102718860053,-82.04508433721676,-84.2319845241907,-82.23662982160893,-82.51164263423179,-83.08644838011529,-81.91941276723702,-81.98973708565042,-83.80019247949862,-83.00219047851905,-79.6990285325678,-83.85275391826741,-82.9507761401082,-83.98011491926353,-83.50740440991227,-83.75204467489777,-82.98007494597678,-81.9964027401136,-83.22127557550623,-83.12483065286546,-85.56961083394401,-82.80671576686942,-81.93988338046876,-81.16490207437532,-84.51320264177669,-81.45094851447577,-82.42090240193312,-84.00745631649447,-83.1420311697448,-82.99934962814062,22,-83.06293899808715,-82.99934962814062,-88.94246342774095,2.2261675011864552,-1.6223536370017262,6.704627672586533
HDOK,PLOK,17472,16,16,-84,8,11,2,33,-89.41629769875792,-81.70270148615042,-83.65453793994078,-81.33027697902465,-82.8175525225167,-82.66673728041759,-84.0472577455782,-83.42846178777499,-83.58026268680128,-81.61552429803851,-80.63343063184465,-81.86562752058819,-84.2022629554128,-84.10275280755395,-80.73958769025239,-82.21777645129934,-82.5754303661307,-83.60190094018348,-83.41451948456512,-82.67581083806611,-81.69591223543895,-82.98964378058989,-83.00691963082623,-83.00890057167895,-82.84093405808757,-84.83799109199177,-83.5800742585433,-83.10123445134492,-83.21043064424138,-83.22294321800044,-81.99308216767686,-84.3570753740699,-83.10500724831857,22,-83.06784420732444,-83.00890057167895,-89.41629769875792,2.2453318639782336,-2.109459836494195,8.862909355862799
HDOK,PLOK,17472,16,16,-84,8,11,2,33,-90.09635941634771,-79.809016138096,-82.03469869156757,-80.95523026179175,-81.34431203578792,-83.76140354687898,-83.09774613932947,-83.09859250745455,-82.75566999407374,-82.8187096058018,-81.9619668475829,-80.40820567518423,-82.508132737245,-83.1473335494992,-83.06790949599564,-81.15805268120646,-83.26330261875738,-83.41521977788999,-82.59656544794899,-83.77638133545032,-84.27594483952487,-83.20753192714864,-83.21043151476988,-82.59212496182042,-82.84788991315732,-82.8802376570465,-84.52401202390783,-83.6715509677062,-81.6922205291653,-81.20503370756815,-83.05424274980828,-83.04015705041878,-83.22502269083587,22,-82.86367300111417,-83.04015705041878,-90.09635941634771,2.7459561699826023,-2.2472004833461043,10.38373687232668
HDOK,PLOK,17472,16,16,-84,8,11,2,33,-88.86387461624996,-81.38536536457198,-81.99928356534627,-84.13058823751548,-81.39749918297069,-84.3273432400301,-83.0961967191414,-84.0387472710506,-82.24442934774903,-83.81333719002316,-82.45942686466825,-81.14583944732317,-82.2161624629119,-82.57353161404886,-81.0464995502654,-82.81421531622802,-84.94018045728428,-83.71754739061775,-82.65837631434667,-82.72731675092872,-83.93070701686145,-82.84148433574791,-81.76658780772048,-84.22426151290327,-81.57265505073896,-82.21542427645564,-82.72234445426216,-83.5954067361815,-83.80029636489067,-82.05621712814451,-83.66544269234659,-82.28435355163762,-81.20304427193899,22,-82.9537571546394,-82.72234445426216,-88.86387461624996,2.1639438555856927,-1.91239355679395,6.548747198234738
HDOK,PLOK,17472,16,16,-84,8,11,2,33,-90.55206087323884,-82.85110932372221,-81.79198130972841,-81.4588093796273,-83.97555538332145,-83.00975992270922,-83.58947486638553,-82.62100611526749,-83.56501763263319,-83.18108893186955,-83.45484283825003,-83.39749761332342,-83.99642387537511,-82.25687807749328,-83.16120488803466,-82.57029128496896,-82.30507117636647,-83.00498175851006,-81.97391106333777,-82.03633160943741,-84.04427899849067,-83.25749175744991,-82.07157063953011,-83.4561257793298,-83.49338922811589,-83.81108058886605,-81.97791637963923,-82.56245758771348,-83.74991784120276,-83.78053544645562,-82.00299234308727,-83.17816042200342,-82.49251427415648,22,-83.1706584608982,-83.16120488803466,-90.55206087323884,2.216013961385523,-3.726942498147798,18.308671441411928
HDOK,PLOK,17472,16,16,-84,8,11,2,33,-86.58655563936526,-80.16229186914057,-81.95534816545496,-81.28813700039399,-81.8767083824468,-82.62642102445237,-82.65018035898385,-81.24042818168783,-82.94260482274986,-81.14068487007134,-82.406824117499,-83.07422589263071,-83.87285032943015,-83.31788808841608,-83.58825476529262,-83.5897134978223,-82.12722270124709,-82.12489898747137,-83.25650041070371,-82.93529883091124,-81.92167387900186,-83.47176044578933,-82.04520648624452,-84.9613430247075,-84.02067937267373,-82.64196504934702,-83.68628979460902,-83.22762785712817,-83.19790786235266,-81.42189637060736,-83.5031132736537,-84.49581695212242,-82.17732574391843,22,-82.83441345600991,-82.93529883091124,-86.58655563936526,1.4896448193245033,-0.5898703280024864,1.6448192818433376
HDOK,PLOK,17472,16,16,-84,8,11,2,33,-87.05499487651159,-82.37445345323151,-81.37364744380274,-80.94511096397787,-83.67776462431776,-83.14454325370984,-84.08475831602776,-83.4767220895613,-83.20023421988598,-82.78013260572867,-85.00641216806535,-82.97603232891586,-81.4919552392591,-82.08983448120267,-83.78616302097926,-83.73366700452613,-82.45878647754382,-83.04718132273882,-82.90745687076449,-83.10632682726249,-81.53087934648721,-84.95704364568962,-82.30522075230675,-82.43225097171236,-83.16344866509678,-84.62271220829645,-81.6409960038682,-81.88573185313717,-83.24227602247103,-81.93883496196165,-82.26227762728436,-83.45242472153525,-82.59250994145302,22,-82.99220558513069,-82.97603232891586,-87.05499487651159,1.4822501773047339,-1.1185043986823253,2.424585090829893
HDOK,PLOK,17472,16,16,-84,8,11,2,33,-89.77131460225357,-81.79913446829318,-82.155835063059,-81.94051841215602,-80.5040234439439,-83.4929795076664,-84.78602010047499,-82.04620670856566,-83.83586264750448,-82.50520698227565,-82.9941183264508,-84.70916684872118,-81.58760833433365,-84.19925525032255,-82.89355955248236,-82.78933492787291,-81.93592180336489,-81.71024540686393,-83.82668529495612,-84.0661120724178,-82.73534540866385,-82.69157134800432,-84.75639054918194,-83.03049294252303,-82.365836574999,-82.85617198552966,-83.18228872234191,-83.02578352636684,-83.48188362699628,-82.81200400788924,-83.36322272279675,-83.70348747581191,-81.42809557345706,22,-83.12065709753158,-82.89355955248236,-89.77131460225357,2.3715844443266985,-2.369870009772413,9.647880310644418
HDOK,PLOK,17472,16,16,-84,8,11,2,33,-87.37467153945802,-81.50933352454608,-81.98192292025008,-82.7748762437023,-81.29247617752804,-83.60954914345244,-83.92130394760481,-82.3513865031577,-83.02864070393963,-82.38230991946013,-82.09807157288073,-82.36082549791543,-82.37845900801803,-83.79818023033317,-83.04774545552668,-84.77709436509537,-82.22757545587274,-83.6021341251004,-84.24833341373062,-81.37132065880516,-83.69023982045623,-83.32659836001974,-80.09584992940934,-84.26735730764052,-82.00014275273459,-82.93895214413035,-83.83123176339947,-83.07616073205497,-82.15979513973353,-84.76957689371898,-82.99900444412191,-84.5188402842835,-81.45770309140818,22,-83.00811100210575,-82.99900444412191,-87.37467153945802,1.7820077080151957,-0.7740294549207987,2.2571190390225673
HDOK,PLOK,17472,16,16,-84,8,11,2,33,-89.09180725300364,-82.28055415076447,-81.01939654931701,-78.91591694622667,-82.29675628351039,-83.57779681000724,-84.24413500417116,-83.73755228906037,-83.98230414910022,-83.3999672610549,-82.84357382625093,-83.55513008803943,-82.4167640756106,-82.07951205014807,-82.87273530437754,-82.39864732755706,-83.39497643778142,-82.38228393634178,-85.41688095113228,-81.59565720527365,-83.38335547227742,-83.53599079894661,-84.25783560300728,-83.21616543518219,-81.7352585676111,-83.92873800301648,-81.8032842232678,-82.50012197090206,-82.96076872850921,-83.8212626676724,-83.02148314953769,-84.77161544496462,-82.05138473173173,22,-83.10574583925317,-83.02148314953769,-89.09180725300364,2.5175029732781766,-1.1224722292388902,6.0276700802125305
HDOK,PLOK,17472,16,16,-84,8,11,2,33,-88.75263323989769,-81.54201218791947,-81.98200352727343,-81.61210642533939,-82.27223424902621,-83.85963817358457,-84.26897373653489,-82.91210193370304,-84.1260333856637,-80.889899026836,-82.68079487237912,-82.82142912276373,-82.42286230894919,-82.06491254473025,-82.24399221335145,-78.9591629323491,-81.54027347379237,-82.91790666189979,-83.3053554057699,-81.65644501670782,-83.27449968806198,-84.92073426588311,-83.98988812491208,-82.12679173836419,-83.44818481347265,-81.32696740499412,-81.23629798557326,-83.159275079508,-81.68931695281915,-81.08673585548316,-83.51151841266574,-83.83058754571127,-82.87510524931821,22,-82.70626283500722,-82.68079487237912,-88.75263323989769,2.5517108966450834,-1.3148894776336486,5.456843249713433
HDOK,PLOK,17472,17,17,-84,8,11,2,33,-82.19743454303027,-80.39525293249783,-82.77344972191368,-81.16500812190557,-82.76727038316943,-83.57506816570825,-82.34498672864814,-82.2370676094427,-81.08871136821644,-82.719572422814,-82.68980350762997,-82.44134012194694,-82.05292710012738,-83.05852454534732,-81.60598781450518,-81.83442171343547,-82.76312466868302,-83.28737817861509,-83.6790143544249,-82.77077033597995,-81.50654906178657,-84.33805795222777,-81.7257617895419,-83.76289189315317,-82.83544827385589,-84.08663040885939,-82.0345689262426,-82.4345590278562,-82.83995129077671,-82.31362406448984,-82.15054927296497,-83.32486290226637,-82.42364549399231,22,-82.52194589988046,-82.44134012194694,-84.33805795222777,0.7284320884401536,0.11984769528176359,0.28775836124656484
HDOK,PLOK,17472,17,17,-84,8,11,2,33,-82.02006980339284,-82.23684781226657,-81.10340589023369,-82.06806447554628,-80.6050433948193,-82.54151993373995,-82.93934126050004,-81.14080971132279,-83.57411154701887,-83.71108618832598,-83.3339514274785,-81.18652251082834,-82.67905662370202,-80.46715304229471,-82.10058253091795,-84.29474550621264,-83.70711756047154,-81.69458766661185,-83.62024419262154,-85.12485494682721,-83.62372400497897,-83.72352428296695,-81.48020744962035,-82.38715229775018,-82.89034736143314,-82.90098211966938,-81.68781450501046,-82.06812278350056,-84.43802264307233,-80.56385179252779,-82.06750474495398,-80.36004188630669,-80.86205897157251,22,-82.4000748748029,-82.23684781226657,-85.12485494682721,1.5303878038733205,-0.16493153591443208,-0.7458622240681927
HDOK,PLOK,17472,17,17,-84,8,11,2,33,-81.18176016596408,-81.62533464523518,-81.71902041876497,-82.47780229490606,-81.0096284538745,-81.26756206417838,-81.73650823061107,-82.53345160046794,-85.13028997898766,-82.99090847742752,-83.31271625797022,-81.5845565036112,-82.43615369959686,-83.14544543476174,-81.16894027767736,-81.55324324550442,-83.58041740894292,-83.02408552515978,-83.2779406608106,-82.12611739269866,-82.02046140994494,-81.68570623507148,-81.25300677154566,-82.47387988127885,-84.3792590747677,-82.5792435943308,-82.70473014754121,-82.71032046816859,-81.33093590584852,-81.12624545852889,-83.25063183244167,-83.97150146298216,-82.43994253860934,22,-82.38811356115794,-82.43994253860934,-85.13028997898766,1.000513334214454,-0.7148211337129621,0.23737025815307433
HDOK,PLOK,17472,17,17,-84,8,11,2,33,-80.94549851296478,-80.7143092379637,-81.52201904394052,-82.1779442596345,-82.80161528883431,-82.39612270255023,-82.98856775218485,-82.7905527849644,-82.92519496794563,-84.07574039915976,-82.54982876104914,-82.50715737104035,-82.0854932402476,-81.00123911789886,-83.16628223624986,-81.40216873383264,-82.20871806719268,-80.983708904994,-83.68046016199109,-82.04764788897285,-81.79327684704147,-82.94520907650978,-83.97374627625456,-83.13201190816798,-83.31235357828818,-83.3290761820722,-83.01134080466414,-81.91766705412682,-82.61593062138661,-82.36118823940994,-81.51512978371682,-82.08721495061948,-80.22700763211502,22,-82.33913401175711,-82.39612270255023,-84.07574039915976,0.863889459524661,0.2899788853427251,-0.3599875425456931
HDOK,PLOK,17472,17,17,-84,8,11,2,33,-80.4815230907408,-82.24936277080836,-82.2172806195292,-83.66047137679175,-81.79102338613059,-84.04549855683003,-83.5685056879854,-81.19592503542508,-85.10845071074627,-83.210252855563,-82.14654123353668,-82.71272746774558,-82.5641820491649,-83.05378650250272,-83.04355480560578,-83.3732907365098,-81.54305089946173,-80.67954883307732,-80.42345521934058,-82.86347877893515,-84.14045919665232,-81.82412084204836,-82.31540830613838,-82.7415812958749,-82.39978298068134,-81.031764783593,-83.99184664190214,-82.42923795282812,-82.29626572687357,-81.20015319377374,-82.94966308266724,-81.97459337707151,-84.66899209980396,22,-82.54229636655573,-82.42923795282812,-85.10845071074627,1.3124331362627808,-0.11843080241239928,-0.2759331708107662
HDOK,PLOK,17472,17,17,-84,8,11,2,33,-80.19829904302055,-81.40002599107063,-83.1204556295286,-80.16785221209292,-82.98610329064914,-81.1268079723166,-84.28005901309372,-84.36817361348912,-83.73534140119439,-81.3156461282304,-82.42389282632494,-83.26648247185261,-84.14694277780923,-81.83587694383574,-83.0215028004368,-81.10603214964365,-82.43919169873936,-82.65504711506095,-81.22946983915293,-84.60724639285166,-82.24443710206724,-83.44427099833187,-82.3872456969909,-80.73508987619294,-82.06651380709562,-82.61266812920758,-81.92601005413415,-83.06370155149511,-83.56991323336287,-82.48741439867509,-82.05581821422216,-82.81648652311983,-81.69856744727764,22,-82.44056322250202,-82.43919169873936,-84.60724639285166,1.3026016622802585,0.06690956313316601,-0.4967528088731892
HDOK,PLOK,17472,17,17,-84,8,11,2,33,-81.08468974983926,-80.90550844944892,-82.13012684632633,-80.7877002169452,-82.08572179396829,-83.04811342520718,-84.08517790774484,-82.73722250042951,-83.08301199341504,-82.41203727119242,-82.84238295327168,-84.01639898245973,-83.00015533336769,-83.99811052119234,-83.56973199385531,-83.3009444653661,-82.73360714393517,-83.70345858824734,-82.90637341503411,-83.2437728126163,-82.38744103279252,-81.56379909085352,-82.15245213381355,-82.59176219944787,-83.1073852568565,-82.82969353492187,-81.63627260864517,-81.88713583097085,-81.70977507704504,-84.68967129141544,-80.31658537741197,-82.54976066608488,-81.61372627090077,22,-82.56696081015218,-82.73360714393517,-84.68967129141544,1.0110693154831731,0.1867088251560938,-0.2079797257089755
HDOK,PLOK,17472,17,17,-84,8,11,2,33,-82.15503243159668,-82.05759196619333,-82.04811224616188,-80.2391039525507,-80.97014875638631,-82.7954496185606,-81.94122550224029,-82.43996330349651,-81.8180416078219,-81.77863449010725,-83.510653314329,-82.07641032994906,-81.26592948173595,-82.13261034653183,-81.93812929508394,-82.01481217380132,-82.42756965813531,-83.10699638361717,-83.34356787531428,-80.48610742101671,-82.278955833041,-82.30539597572177,-84.93189739490542,-81.9202884087795,-83.26744783457238,-82.2115823057432,-84.74129068097488,-83.70550228272033,-83.25587864102823,-82.51885614356226,-82.75878467402445,-81.6435289609813,-82.87322282085174,22,-82.39268854883444,-82.2115823057432,-84.93189739490542,0.9856879854586994,-0.4280298750488192,1.0769338361161807
HDOK,PLOK,17472,17,17,-84,8,11,2,33,-81.37182050492048,-81.72732036481656,-80.61357053933149,-81.80108038679519,-78.95755131372454,-82.44244129366108,-83.55281981839138,-81.89694047712351,-83.78431160772023,-82.54251643386615,-83.01984794085539,-81.88622864219461,-81.7613182061777,-82.51111461400896,-82.94657649184457,-80.50781032693665,-80.91492886800329,-82.92110494293806,-83.01145309130693,-81.60128995353261,-83.93349112070179,-82.24889426241977,-81.97838365023932,-81.47222297704437,-82.26734429180691,-81.50591277175567,-82.65935146219917,-81.37538254893371,-83.75774920613642,-84.25282274470385,-82.15883516643355,-81.1124550877465,-80.30297898054738,22,-82.08478394208537,-81.97838365023932,-84.25282274470385,1.2825754735605748,0.32188216262952296,0.52322963459723
HDOK,PLOK,17472,17,17,-84,8,11,2,33,-81.68063170171429,-81.91231255252498,-80.28235562151069,-80.36661043411495,-82.27595243122315,-83.291880091585,-83.44968834604593,-84.07101772691432,-82.63990417714132,-82.20643306220371,-83.72391015881952,-84.13574893410792,-85.08576781623574,-83.28942429879824,-81.92010929755229,-81.66181890384821,-83.61177076201335,-82.59799938712874,-82.11673025259294,-81.98860397638884,-82.53690718816857,-82.2989235092236,-84.19801107762798,-82.49187049956953,-82.08105413689437,-82.8255019503425,-81.62276063687865,-81.22720517985275,-80.75971877771971,-81.74568624379086,-81.3874694765456,-82.20028297764418,-80.21112824387785,22,-82.36046029789696,-82.20643306220371,-85.08576781623574,1.331290703689512,-0.2009496365558521,-0.1061076606176723
HDOK,PLOK,17472,17,17,-84,8,11,2,33,-82.87966571572106,-80.39425812421419,-82.69963399011704,-82.35790019439202,-79.99461580205832,-82.92024726949566,-82.91642328779615,-83.5586126895761,-82.27124282637294,-82.87760579189809,-83.91252377559113,-83.61122908679177,-81.99181283299309,-83.57528330727406,-82.54633669654548,-82.05034886225373,-81.974207268085,-81.67109021379665,-83.59750055621737,-83.58118720655646,-82.85159773320683,-82.83135385469606,-80.2496854859076,-83.26698908288967,-80.91526777297311,-82.39263742552295,-83.64310011087358,-83.37948431646376,-81.76316161966606,-81.48852690292065,-82.23545924407972,-81.65577450229351,-81.07389476382197,22,-82.39783813069882,-82.54633669654548,-83.91252377559113,1.069500602613203,0.6697820708010017,-0.21575187520983485
HDOK,PLOK,17472,17,17,-84,8,11,2,33,-81.23318737161212,-81.03075652136266,-81.56223837286068,-81.88917677357769,-82.28230802826207,-82.35272711671588,-82.85625059142981,-83.54111289611879,-84.3229151821412,-82.95435544646062,-81.8499529591828,-82.59963236201818,-83.0024446393325,-83.41755180821994,-82.66519622985157,-82.42128031684392,-83.71006491933238,-83.57846894077484,-80.788317105193,-82.09494887501414,-82.69112852713396,-83.03749099059546,-81.96341911046967,-83.4401879225616,-83.07967106238452,-82.20793989767063,-82.00806470351498,-82.5578548345684,-83.53419573546925,-81.15908692324781,-82.1909001500054,-84.03835850040927,-81.76467800766218,22,-82.54017766127266,-82.5578548345684,-84.3229151821412,0.7602440929074377,0.028696654091140684,-0.5585956522815954
HDOK,PLOK,17472,17,17,-84,8,11,2,33,-80.62889583931344,-81.63713750693303,-82.72750013745244,-83.22362517797563,-81.67202235388534,-81.63657466449654,-84.43640278210248,-81.35672545945648,-82.19930783434135,-83.45439303616139,-82.84820064113198,-81.66796992728821,-81.99512654776763,-84.44561129815256,-81.25702019611228,-81.52942487649857,-83.44399129636678,-82.05431191302152,-80.82822682014276,-82.66166772109266,-81.55507969603623,-80.25922554649965,-82.36562077440122,-84.19802444914549,-82.31434469263267,-81.70085290605445,-80.28615341729679,-83.12651300278131,-81.67609371268459,-83.6077217244501,-82.70636204579365,-83.49624946474746,-83.38845108151249,22,-82.3146917740524,-82.19930783434135,-84.44561129815256,1.2406278444631702,-0.1308782419820058,-0.637008738027022
HDOK,PLOK,17472,17,17,-84,8,11,2,33,-79.54134711489091,-80.09116257518528,-81.01453574682118,-82.23960303790864,-81.30243085034896,-82.49550069418713,-82.09521174183297,-81.02017201618689,-84.37751670889229,-82.19902719281238,-83.60476749228977,-82.88078223479766,-83.5507354375225,-83.16528984920399,-81.68509353446368,-82.82897147036734,-83.50163770106498,-81.30176227433012,-83.05308085556284,-82.15589708382197,-82.17321527677751,-83.74149745247915,-83.42084840598385,-82.72633750830909,-82.52582546975658,-82.52013607624428,-82.95959090678073,-82.15710078883633,-83.80668202119716,-83.66851442703634,-82.07143704745367,-82.03952964625292,-83.23379327306513,22,-82.4590616337171,-82.52013607624428,-84.37751670889229,1.1397211811557049,0.7426142819415775,0.6354219299430506
HDOK,PLOK,17472,17,17,-84,8,11,2,33,-81.62065632893696,-81.29495958794261,-80.8933768847418,-80.28623495936877,-80.11695756872771,-82.43749909494498,-85.10861094555936,-83.1878633736166,-84.40137568367702,-82.7398820052403,-82.51020600293451,-83.5352391491948,-83.13319364718033,-81.22083563268052,-84.2450849197622,-81.82756027767378,-80.56313638556935,-83.13240865491964,-81.78969495126455,-83.91683737892359,-81.407016711783,-83.48454102155503,-83.00850376378214,-81.44841884922506,-81.79733695414306,-84.182501790553,-83.98050719520644,-81.00171428417146,-82.77171686860957,-83.58554565201077,-83.50418925332436,-82.32303089201221,-81.74697450220336,22,-82.49101852034664,-82.51020600293451,-85.10861094555936,1.6289932935934832,-1.6898590137213385e-05,-0.8759555787727051
HDOK,PLOK,17472,17,17,-84,8,11,2,33,-81.94061224865948,-80.48979806939158,-81.14191073747047,-81.79875429702913,-81.16834598922576,-83.0116859632588,-81.44065957279845,-83.02504594363567,-82.98328083333682,-83.0741297527912,-81.81052745469911,-83.22795894654547,-82.32124592768922,-82.91514929350254,-82.16561738047464,-83.07368015475404,-81.71741895100648,-83.62101670131214,-80.26304189037133,-81.9145002253439,-80.21397013692115,-82.14040838349925,-84.19753249022982,-83.87085806410137,-84.08694125700343,-82.60306842622104,-81.69578378040549,-83.19382511379776,-81.6630762215677,-82.14824392865478,-80.91445827097452,-83.50715156281424,-81.74505678236781,22,-82.27529559854106,-82.14824392865478,-84.19753249022982,1.1085462957729075,0.1091418994061343,-0.6458273354539847
HDOK,PLOK,17472,17,17,-84,8,11,2,33,-81.82363194392211,-81.89422981563266,-80.37006808353651,-80.9740996069823,-82.22544602878729,-81.95228155828674,-83.69949244094234,-81.76758708259229,-81.84807614130563,-82.54837510034154,-81.39153050529208,-81.92667665132319,-82.51095830095473,-81.70420640362406,-83.88180998560904,-84.06856646842226,-83.56601301874025,-82.43661680812235,-81.81769582555387,-81.27552088690614,-82.83983042296907,-80.7620079991784,-81.62767181876207,-82.37367920372463,-81.96712054923307,-81.84167490558244,-81.80129635643573,-83.19502029032923,-81.554757441108,-81.54093293480005,-82.02962368893846,-81.0446521211683,-83.70019787037597,22,-82.12004085634794,-81.89422981563266,-84.06856646842226,0.8049616881037002,-0.5810896811100695,-0.04527628188881261
HDOK,PLOK,17472,17,17,-84,8,11,2,33,-81.96233690971648,-82.12262766447608,-81.78769544792819,-82.18392069683703,-80.40695667862526,-82.7185067905721,-84.32853667208059,-81.87946276281606,-84.39907467374633,-83.42454168099927,-83.62430828297074,-81.40595205567143,-82.80598690356535,-83.33653748609275,-82.97516000861188,-82.88049377907997,-83.21120165498112,-82.79838977783889,-82.78166660191171,-81.27145814872638,-81.51622647275998,-82.50461053180108,-82.06237318003399,-82.85170000677101,-83.38729277284129,-83.96411964370289,-85.02097552831583,-82.39808084611403,-82.94145033262653,-82.1005502768447,-81.24918588712325,-82.98836460660823,-83.58072345485122,22,-82.69304449144367,-82.79838977783889,-85.02097552831583,0.9739709725145332,-0.08769354051838159,0.135837192135718
HDOK,PLOK,17472,17,17,-84,8,11,2,33,-79.2370690678034,-82.22127496513392,-82.21472651098681,-81.79937201541723,-81.28395690279754,-83.42246015178038,-82.7221808495665,-82.54124026932503,-82.16842419713625,-83.09688108255627,-82.08049948910495,-83.98847636951807,-82.54894785707857,-82.09957757815071,-82.80811941166496,-82.83851988714154,-83.61617385157206,-82.2446406209225,-81.34022463000008,-82.60859460134697,-83.66886678785241,-82.74074214920309,-81.7401060174284,-83.96599108506335,-83.98558405433566,-81.8176919784464,-82.70311580068477,-80.30158208498148,-82.29799801752513,-81.11175065253721,-81.60717798469318,-82.30713226284766,-81.02425321084398,22,-82.30767734531653,-82.29799801752513,-83.98847636951807,1.0615921201799907,0.6509158428031397,1.2364801298162411
HDOK,PLOK,17472,17,17,-84,8,11,2,33,-79.43479616433576,-81.920404361431,-81.26535977523929,-81.82916417638596,-80.15211462614712,-81.99893335395171,-81.9182097614162,-81.57317707090981,-82.88447126598228,-83.6871662129457,-83.42909429329987,-81.4677726778407,-83.53138499293047,-81.93277269440959,-82.56912308524998,-82.32118667162725,-80.79570634398767,-81.96397740626415,-83.19528162559646,-81.7623304267794,-83.27843109594765,-82.45227317032582,-82.36741173380528,-83.23585242167039,-83.11889463754214,-83.24902350329484,-80.38067016688933,-81.39570733045775,-82.20424619578216,-82.88750143345551,-82.55349965693357,-83.60087479111574,-83.20052633902141,22,-82.22901028675669,-82.32118667162725,-83.6871662129457,1.0647483292108761,0.7654928364576618,0.3415683494711397
HDOK,PLOK,17472,18,18,-84,8,11,2,33,-91.18154838360367,-81.72294585734878,-85.12445692481701,-84.30463538304507,-84.61699813101671,-84.59841158757187,-84.78908405112543,-83.31922638985463,-83.23169215865381,-84.4340227913214,-81.33776564127724,-80.78971282020262,-81.88409603581243,-84.90280936282939,-84.75999595689574,-82.69628524573984,-85.55682047652391,-82.11080540842643,-81.9925937665239,-82.69506264833626,-82.37971151774498,-83.22714223939738,-82.16964839516582,-80.18647923740347,-83.18483213087016,-82.06464930793723,-83.32926742740158,-82.74849731998277,-80.64407250921482,-81.38124932311466,-81.33814418634915,-82.82264531626733,-82.5480834832348,22,-83.15373913378816,-82.74849731998277,-91.18154838360367,3.9399117716150727,-1.9454419266605567,6.81637248900752
HDOK,PLOK,17472,18,18,-84,8,11,2,33,-87.97339185810279,-81.43532153316437,-82.15900025094219,-81.82578690999877,-80.5729300781438,-83.97937081965254,-81.78325675560973,-81.8281345181788,-82.96245163596751,-84.60977128165048,-82.61206174626943,-83.96107651596171,-83.00678669815478,-84.12418739449701,-81.19403109016693,-82.19327209961635,-83.21070058033555,-82.18224324658577,-82.53275063354045,-83.03488258779971,-82.74836716488242,-82.69230387288526,-82.49432236054426,-82.97715847231238,-83.40181027477217,-81.53929714603078,-82.41929492631245,-83.79219419698009,-82.8649318635527,-83.19102972036335,-81.71384735841067,-81.33254711094153,-84.39544275153438,22,-82.81042289254125,-82.69230387288526,-87.97339185810279,1.747665090113284,-1.7272446428365993,5.783231269256783
HDOK,PLOK,17472,18,18,-84,8,11,2,33,-90.57281921478832,-82.3125041085427,-84.06170568886753,-84.62045124205167,-82.92712432385477,-84.36441539159603,-83.84651956274725,-82.37924198176941,-83.31133828102834,-83.79914500220245,-84.74628409299011,-84.14696909296711,-81.31131350891548,-81.31729176537634,-82.51259880883265,-82.38579778022292,-82.85958359414022,-83.03634537157205,-83.23604133633629,-83.28992217194458,-82.76863472308055,-83.18904366460497,-83.65027079341992,-82.49878743512694,-82.92762367166524,-81.51330958459506,-81.30342101386083,-83.82212933227997,-83.30400618164687,-82.86814681821879,-81.03781896210815,-81.58235308352667,-82.44273831610232,22,-83.14986957275705,-82.92762367166524,-90.57281921478832,2.6719303450627114,-2.7784809578422682,12.194752919767755
HDOK,PLOK,17472,18,18,-84,8,11,2,33,-89.98529242724553,-81.9397804843938,-85.6077870949154,-82.38995566552133,-82.70676259703743,-85.37767843959807,-84.99279738154797,-84.30624897303979,-83.73620771925651,-83.35073881737199,-82.73777011561903,-82.55744426058733,-82.12650280363633,-81.03285141896284,-81.60032544197409,-81.88645540957215,-81.13980108177768,-82.0816587633189,-84.45139365318751,-82.20465236239787,-83.46370499817972,-82.10696601666217,-83.28593469047888,-80.04225071313901,-82.39163506903802,-83.27560691216468,-81.01626233940996,-82.31170229821065,-82.73452939923588,-82.39936706632112,-83.7418907430241,-79.24218356330259,-83.5603562570494,22,-82.90256045385388,-82.55744426058733,-89.98529242724553,3.457977485784695,-1.530730605114483,5.369489804868962
HDOK,PLOK,17472,18,18,-84,8,11,2,33,-89.60626710184562,-82.64531850074125,-82.62593619623384,-83.65074915246245,-81.32031454280299,-84.95058089931854,-83.29610114885047,-83.38087644867996,-84.32246060920228,-84.26852620960436,-82.06627374455367,-83.6156607601963,-80.9003252953213,-82.5388175744584,-82.37176641122132,-84.8203303260924,-82.08926545934573,-82.82176727042673,-83.41542661041885,-83.07838423478363,-81.44124094477735,-80.05852692140388,-83.83288283662746,-83.24730008444683,-83.71333261568464,-82.40965465572503,-81.48505855913194,-81.49289761530832,-82.90153198045151,-83.38192940630368,-82.11016205626404,-82.110252429691,-81.401604309445,22,-82.95065220944913,-82.82176727042673,-89.60626710184562,2.625558327491528,-1.9620561641395395,7.577230880744677
HDOK,PLOK,17472,18,18,-84,8,11,2,33,-89.18057529494396,-84.03293281394319,-81.47450514890053,-82.70129979922496,-80.80631293932228,-83.02054015860985,-83.17722414944572,-83.22916354886831,-83.11659671854314,-82.98227758019456,-82.43075507104271,-82.976648830068,-81.92825768679289,-84.11555382189957,-82.8973368965792,-82.27602315967596,-82.3976424490561,-82.71667497233103,-82.19680728222703,-80.84441975080378,-80.74773729930543,-82.029500983033,-81.20782706152639,-83.30457288542561,-82.81744277747096,-84.0464771374858,-83.29706411629726,-84.15718949882447,-81.56142987301062,-83.22031943582179,-82.35821370940981,-82.58126287388345,-81.77265826223821,22,-82.77585587836988,-82.71667497233103,-89.18057529494396,2.1214882081514053,-2.4553227098980477,10.51249889635186
HDOK,PLOK,17472,18,18,-84,8,11,2,33,-88.72993504133599,-81.5635200088099,-82.77916012481201,-83.16361857182717,-82.17022799356772,-85.11586546630416,-83.58808283868838,-84.00883428141682,-83.22835076587953,-83.3683775357094,-83.13414422304312,-83.81398546083322,-85.66467613513007,-81.75635838862051,-82.31865214546418,-82.67443451526889,-83.44552382114748,-82.64487870071727,-83.98720742208572,-81.93854516727242,-82.18300919287415,-84.19761090814583,-84.45162299168116,-83.19840433871909,-83.68268950242522,-83.38385357434983,-81.65528983318703,-82.02303387736727,-81.88806298489192,-83.75923381041957,-83.43656443952452,-82.20905474904163,-82.37438932434945,22,-83.25870297378516,-83.19840433871909,-88.72993504133599,1.892365721558329,-1.9885782430291636,6.394494714761285
HDOK,PLOK,17472,18,18,-84,8,11,2,33,-90.07337785976432,-82.23545542885729,-84.37533065086258,-81.40847345545282,-81.95144625695089,-83.023808219568,-82.3548085750938,-83.41820849931817,-82.7998442555109,-84.34042926215486,-84.20375618748172,-82.30726242213176,-81.72709690105086,-82.37742690695706,-83.94221786308604,-83.35048650384894,-82.75239562259637,-83.64051100004049,-85.15212393889645,-83.60294523202793,-82.48397921130172,-82.75404875493426,-82.36371604382099,-82.9205904239874,-83.02247271140871,-81.60158029368321,-81.50078926492591,-83.39062500234215,-82.96006836353465,-81.3409850165947,-84.67332294776415,-82.42851508404235,-82.7578245239731,22,-83.12836129345345,-82.7998442555109,-90.07337785976432,2.408289308723743,-2.773276309653027,11.337163921691332
HDOK,PLOK,17472,18,18,-84,8,11,2,33,-88.29018106337669,-82.22865272995956,-83.23366709893172,-83.44586782046869,-82.26365161884495,-85.53545167859642,-82.95214596961326,-85.24390821274193,-83.97987509837124,-82.18016492157385,-83.2129626248336,-84.44206896292512,-83.3717398007082,-83.89063492418748,-83.66896029035439,-83.30823875156665,-82.99276997462114,-83.06626892217767,-83.57584271946472,-82.56196403596097,-82.8382355339881,-82.35833283226181,-83.21155869589884,-82.37565395864344,-82.4106178680491,-83.5532146476592,-82.06250885847798,-83.88776031091069,-83.43599227936159,-84.49113140776349,-82.21844486621374,-82.9570868441333,-82.62380004251163,22,-83.38998046561063,-83.2129626248336,-88.29018106337669,1.4528315318286962,-2.2428297180451153,7.23134073530607
HDOK,PLOK,17472,18,18,-84,8,11,2,33,-88.83365212195844,-83.01084039978599,-84.96582477799012,-82.58584788560816,-82.31696280122392,-81.86840328784074,-83.99038694638082,-83.31851858458855,-83.63383707212603,-84.58653420322938,-82.16528411082658,-83.17319847545913,-84.98120925384097,-82.56856842781643,-81.73500572909211,-81.96309369850083,-82.20532933552536,-82.11377801503791,-82.02785022852596,-82.81693646125413,-83.1806330733729,-82.60098897221704,-82.66112540090606,-83.7458856118623,-85.67431281386325,-81.29105209821391,-83.94671605076056,-80.9234605836689,-82.41104454594885,-82.05612284735102,-82.71333514203037,-80.28381714062986,-82.51147829398305,22,-82.99578892095212,-82.60098897221704,-88.83365212195844,2.3880053291167003,-1.7002183856959983,5.04048276115237
HDOK,PLOK,17472,18,18,-84,8,11,2,33,-87.08303643399303,-83.5964165649572,-82.396694841026,-83.12132170826271,-80.8902887456231,-82.75693527850514,-85.0662311904705,-82.65951352381784,-82.42172295997197,-82.64218261498527,-82.07144398420171,-83.84706830923905,-81.59175770728292,-82.29430232157476,-81.50984622300305,-82.56983827688651,-81.88144184618363,-82.65837266482463,-82.78785906350785,-83.03220948082841,-83.11980523384229,-83.353082012272,-80.81719360474429,-84.10112595227137,-82.9339867763764,-83.75998150723163,-80.42820446295946,-83.14060850005778,-82.12197923655968,-83.39636998861252,-81.99600160348098,-82.13973689453674,-82.9733934959686,22,-82.76242281842603,-82.65951352381784,-87.08303643399303,1.4784792650728298,-1.1731424081391837,3.918260831271064
HDOK,PLOK,17472,18,18,-84,8,11,2,33,-88.8173211139705,-82.67246806448028,-84.92808011846861,-83.00894659723808,-82.1089954899979,-81.62358034140317,-81.77997027898444,-82.24939966790355,-84.49482491675023,-84.49745444298651,-83.25449968691109,-83.8063478948636,-82.41091039135438,-83.14998983981903,-83.3007966248711,-80.60108540971375,-82.54194867713923,-83.84296426548275,-83.53053818288599,-82.83196429008665,-82.55611216523863,-79.68134137855021,-81.9365025796597,-82.08466864883131,-81.94437482430975,-81.23263463466897,-84.07495744992998,-83.9352362758683,-82.21199591365388,-83.44680805413707,-83.49870052699274,-80.7399596943467,-83.23052565035114,22,-82.90987588157118,-82.83196429008665,-88.8173211139705,2.4379635865455938,-1.3274552716057382,5.205530223575806
HDOK,PLOK,17472,18,18,-84,8,11,2,33,-88.93251784870444,-84.31584617170466,-84.21172634736281,-81.79013551662159,-81.86348438069886,-84.29535605766344,-84.28911257708364,-85.63703584997654,-84.20178276113488,-84.40930017565209,-83.46827265952952,-83.04926709317913,-83.6165320432862,-82.58446927502412,-81.1923185344353,-83.40722871556694,-81.89917017998879,-82.48103861700109,-82.06716631951818,-81.55404482671734,-82.64347613383931,-81.67504771945309,-82.10067058218813,-84.67404071100097,-83.01967081547612,-83.85649399175526,-83.08596536093151,-83.10592889198807,-82.67577203876569,-83.62414561420668,-82.59915123006198,-82.60484892423769,-82.80940943826002,22,-83.26486143645496,-83.04926709317913,-88.93251784870444,2.0698009273625684,-1.849008104741791,6.006388382285058
HDOK,PLOK,17472,18,18,-84,8,11,2,33,-88.67190288692045,-80.98928737467233,-84.60091266774451,-84.35186579630509,-83.6786133242639,-84.84929585370486,-84.53598979222669,-82.19107326101397,-83.81162013725186,-83.29208764098371,-83.92623682562751,-83.84141976415292,-83.22242091754984,-84.27209410434679,-82.67291764408479,-84.29008883588868,-83.37495336774575,-83.42921358466641,-82.08405969647967,-81.59638839431953,-82.98774451652272,-83.90008279354859,-81.49206034031003,-82.36304369069025,-82.31636927412643,-81.62035589672219,-81.96503295204916,-82.64266722377647,-83.52892394543339,-82.0330195076114,-80.97573295946698,-83.4901965795828,-81.94435694321106,22,-83.18006146948485,-83.29208764098371,-88.67190288692045,2.0920456407702983,-1.4562610843564818,4.857435037264951
HDOK,PLOK,17472,18,18,-84,8,11,2,33,-88.63354548124761,-82.78460601916137,-82.77965178332663,-82.40282154028031,-82.31147431144511,-82.0261766562453,-85.8160223485409,-82.53205270160706,-82.66056657127018,-82.3134522823717,-83.38002116005129,-82.79183388186861,-84.82144523716434,-83.97785304092736,-82.71752301958642,-82.62009775160043,-84.22963027626069,-82.49678016291861,-82.72765189500213,-80.92674429116036,-83.15092868941774,-82.43664071751503,-84.24900954852157,-82.37694212186143,-83.7125595701072,-82.30455436531682,-81.94997352262581,-82.93208040770477,-82.1199982868291,-81.66210176295563,-83.48381958722976,-81.83759790679659,-81.65397961402014,22,-82.99454959130115,-82.66056657127018,-88.63354548124761,1.924763438993066,-2.300444959427547,7.43362894632568
HDOK,PLOK,17472,18,18,-84,8,11,2,33,-87.99138913185682,-81.47491542744945,-83.179017817674,-83.34990267582818,-81.14747908298413,-84.40137359280767,-83.65579761920571,-81.9963303373698,-82.58066479780786,-84.30772243288065,-84.10343062473153,-82.36611489904944,-83.7092704803894,-83.0239475844732,-82.66197250421642,-81.50865861274917,-82.15760146585734,-80.80317740120621,-80.49752371792829,-82.99496962810503,-85.25243901902762,-83.51006764257667,-82.53237178660942,-83.0019388838033,-81.10844633055598,-83.638878557426,-84.06945525057307,-83.05668565964322,-82.63657520521336,-82.18573794452404,-79.09877985945577,-82.49914833862958,-82.83992085369455,22,-82.828536520191,-82.83992085369455,-87.99138913185682,2.3751268061829367,-0.663613691689339,3.1486885624069534
HDOK,PLOK,17472,18,18,-84,8,11,2,33,-90.0459747373647,-82.07603058072107,-84.3825259784977,-81.82308469170019,-82.27703181504447,-84.2659347343911,-82.93785890675858,-81.85833971192108,-84.0504711785852,-83.12513732694576,-81.62058693101352,-82.81873597051779,-82.23134443958129,-83.9926613072456,-83.58973194436689,-81.62056778046527,-82.84437223826072,-82.58798196724534,-81.54223826255033,-81.7973216237125,-83.36558368446127,-83.40495342373362,-83.93262823956222,-84.03510111764939,-83.24309406979256,-82.19166212944367,-82.46489403887826,-83.68496523391067,-81.25519489058455,-82.00418917333536,-82.33593743514419,-81.19938492752134,-82.1476759688695,22,-82.93191504423562,-82.58798196724534,-90.0459747373647,2.420459232565836,-2.9260849017980104,12.4811177670228
HDOK,PLOK,17472,18,18,-84,8,11,2,33,-87.95888846477217,-81.37918571264656,-86.10815037170487,-82.73993861772261,-82.45192441075982,-84.2705934231423,-84.47351645965172,-84.14478422182974,-83.01650620398448,-83.03515457397239,-83.99005525188224,-84.33646000817762,-83.17608137722759,-82.79152842106988,-82.6263009398123,-81.78086872798316,-83.83654934542115,-81.57182842913677,-84.21831518410757,-83.14462813186613,-83.95634767570003,-81.3736188571613,-82.54811060326986,-83.86086787019923,-82.46239941864937,-81.39295328911616,-82.3708175060208,-82.85566703089206,-83.87825343908216,-80.93300102830003,-82.59571717666137,-82.65245614442927,-83.43036349798393,22,-83.19278278225262,-83.01650620398448,-87.95888846477217,1.913196824245639,-1.2349524791090767,3.167463228706779
HDOK,PLOK,17472,18,18,-84,8,11,2,33,-88.38481106004419,-82.99573797751019,-83.21429653585652,-82.28580193016894,-82.86546809481436,-84.54715220019608,-83.87973370490613,-82.745421077631,-84.66184775283796,-83.66269188052033,-84.11849847682637,-83.5876438292576,-83.31050159284014,-83.55242628912738,-82.18685501215879,-82.79265279172421,-81.38796052344716,-81.25014332378217,-81.41748448262551,-83.77846755628846,-82.06123584462208,-82.13211175171485,-83.35319530835405,-83.29479804483672,-82.67245588576628,-84.2599154243497,-82.8259118784196,-83.63045900843262,-83.42310660869731,-82.23757580244093,-82.39120287051618,-82.32594657526396,-81.69411115048969,22,-83.11901885595356,-82.99573797751019,-88.38481106004419,1.644503286397589,-1.9805384046846835,7.454518946001155
HDOK,PLOK,17472,18,18,-84,8,11,2,33,-88.69649492554599,-82.569985415494,-82.61368924724256,-81.56675924291727,-80.4834581290821,-83.16008586267414,-82.89784225582449,-82.82551134396516,-84.44139095588397,-82.98082128092256,-82.12043981603057,-79.37450525369519,-83.11637416600676,-82.49813492694075,-82.26624194126408,-82.33578015501637,-80.8153763056309,-83.45959561572285,-82.97259966917154,-82.64363792805868,-82.65922657686842,-81.12347188800373,-81.1458050915107,-82.39300616380501,-82.60109678291171,-82.03091382401689,-81.4473912640299,-81.5784959726243,-83.10885483104425,-82.67749055576346,-83.42862540850147,-81.92366438490907,-82.07914218177753,22,-82.4859366473593,-82.569985415494,-88.69649492554599,2.1257323778660067,-2.041181957495224,9.498250348434285
HDOK,PLOK,17472,19,19,-85,8,11,2,33,-79.98139189475812,-83.61890266275371,-80.5758149434388,-80.76792661206974,-82.24861554496603,-84.19910536527149,-83.84819784759256,-82.79402105438689,-83.08392251856826,-81.28779957278857,-83.11266123744713,-85.60251488985672,-81.20923868410296,-83.04510570837321,-81.13671189469231,-83.62159853851192,-82.28644729733881,-83.12532326752056,-82.39597642664177,-82.96623941145369,-84.00715836302454,-81.24146628248747,-82.80857950934002,-80.97797351549299,-81.64900132065857,-81.06317761635013,-82.26609202036448,-82.73605499112003,-80.65502495480952,-82.72317125618522,-82.92656122388996,-82.93851865961405,-82.2777377860366,22,-82.3993343294517,-82.72317125618522,-85.60251488985672,1.4974956174906713,-0.1628561034252706,0.010467464035473828
HDOK,PLOK,17472,19,19,-85,8,11,2,33,-82.05531756575935,-79.75657492186072,-82.2566281413835,-80.32845897242173,-82.98643341964932,-84.12256338913424,-83.72893523796877,-82.91037070366777,-81.98846822103607,-81.58649049126159,-83.14840303547099,-83.13099943295941,-81.49693058212615,-81.526839768161,-82.1325539187853,-83.65397485608946,-81.8029005750516,-81.63736846062017,-82.13663529164691,-83.70992745605278,-84.15228782590418,-81.86751658618604,-82.99526996707645,-83.42231471508755,-83.30931391955896,-81.83695915085171,-83.93868853553661,-83.02734029373826,-83.57668197158459,-83.2618032665605,-82.81256080505548,-82.08919304405879,-82.00829680084583,22,-82.55742428251976,-82.81256080505548,-84.15228782590418,1.0610661481736903,0.6025049599442791,0.3242150973436102
HDOK,PLOK,17472,19,19,-85,8,11,2,33,-78.63823640519304,-81.11641214864058,-83.09938301806798,-84.25395340528229,-81.83602480607126,-83.33771251838992,-82.80186667659858,-83.56243606640295,-83.46792863580893,-84.27972550072519,-83.63956869944911,-80.9466867573837,-83.1143935826062,-81.48475471856429,-81.93225533317731,-83.38421473049311,-83.22404538827539,-82.90591406158597,-83.05645604577764,-83.54041490706697,-82.27422440018292,-82.60114279463137,-82.15444476182765,-83.96821989455125,-85.81789731753933,-81.39398687013079,-82.78108123254438,-83.95586393755333,-81.69809851499554,-81.30420961572703,-82.24432603690276,-82.90139696648315,-83.0558160293582,22,-82.72039672054508,-82.90591406158597,-85.81789731753933,1.6002064008559398,0.6790691102409852,2.465099235078347
HDOK,PLOK,17472,19,19,-85,8,11,2,33,-79.81160929984821,-81.14688198957931,-82.9300271569549,-82.3748785493126,-82.29207871703399,-83.87436647891084,-83.45262085010191,-82.77695943307609,-83.16903057462655,-82.17845439149342,-83.45079125515076,-82.49173075688375,-83.04932090972339,-83.07789195321726,-81.30180961913686,-83.13553695413462,-82.25693278240358,-81.80759612510643,-84.24590398067221,-84.20855199315555,-84.82352081803995,-83.43253904257615,-82.69766736293607,-84.21962901470863,-81.17420989920998,-82.60368815915706,-80.63860014081675,-83.04577600771324,-84.68080878611742,-83.28381478304856,-82.72482501396303,-82.59322117379398,-83.33376314060206,22,-82.79651627615772,-82.9300271569549,-84.82352081803995,1.2312252597844167,0.5603464359633805,0.5725928415417041
HDOK,PLOK,17472,19,19,-85,8,11,2,33,-80.02604838291066,-81.19877196754237,-81.38618595048278,-80.1720510157402,-80.39392969961129,-84.48094199300468,-83.36952700207208,-82.82744426977027,-83.14873377318973,-82.51130213652708,-82.58199114449015,-83.18890851295806,-81.76828884982969,-84.38770336184622,-81.84684651939045,-81.74598923258677,-82.7309928936055,-81.50320006175322,-80.9564095863771,-83.45953559465855,-81.57886234674717,-82.60895250531418,-83.18956299076028,-83.52836086091845,-82.04215026587279,-84.5204359031901,-82.13167786228477,-82.15659107049954,-83.00111728830127,-81.3212723337227,-83.53921746895435,-83.99371302097948,-82.4333513227447,22,-82.4160626420799,-82.51130213652708,-84.5204359031901,1.3850155133247477,0.12851623332106776,-0.5108915138770578
HDOK,PLOK,17472,19,19,-85,8,11,2,33,-81.29275541610272,-80.39396744108768,-83.46331764832493,-80.91891557013858,-80.78039001566204,-85.63722699524752,-84.09907321839228,-84.05440830670143,-83.07471294799848,-82.22087601286275,-83.29966008460772,-83.90270875269619,-81.45591521308157,-83.84367817029634,-84.05258420859711,-81.8206974009288,-82.00208040610183,-82.53611432790417,-82.87778123751147,-81.79193613436703,-84.47228029101768,-81.44614723840499,-82.53197869774114,-84.61178748183485,-80.95186173112592,-81.63629597049741,-83.27467193680906,-83.75786314740482,-80.20402623866525,-80.19941297217628,-83.39716389952738,-82.84136711120078,-81.07908133522264,22,-82.54311325940118,-82.53611432790417,-85.63722699524752,1.969658209197399,-0.07392678388610181,-0.8705230737256238
HDOK,PLOK,17472,19,19,-85,8,11,2,33,-80.84957983646933,-79.72599325544279,-81.18171634015803,-81.50152903492761,-79.99185468182249,-82.93860654760108,-83.87883285351268,-81.59369370254855,-84.0867765861943,-83.38580048092012,-83.21903383352002,-82.33751216842022,-82.46409394187987,-83.34375081390019,-80.12955283617158,-80.85830823900474,-82.00625946137266,-82.60377376505224,-81.31806849982453,-84.28688538551192,-82.66823992930182,-81.76395655234555,-82.79597299280174,-84.13459911990816,-82.5153427429121,-81.14407631411346,-81.66979690895757,-80.89385502314693,-83.96841475193156,-83.486856443553,-82.1397140449704,-82.26302614351103,-84.6059778850086,22,-82.29549851868839,-82.33751216842022,-84.6059778850086,1.6632043560261796,0.10281337216620237,-0.7778666055070742
HDOK,PLOK,17472,19,19,-85,8,11,2,33,-80.27377614192616,-80.68244761068853,-80.80971407954814,-80.54533004133789,-80.67124336766634,-83.56148887837082,-84.89460169406938,-81.96845941214505,-83.53271775986842,-83.7445225214805,-83.8100457891336,-81.96289553613136,-83.346416618919,-82.68644324121911,-83.90640984110411,-82.64145677407362,-81.58239616059912,-84.56460109793791,-82.99286394849041,-83.37898616559481,-83.65474695083063,-82.95044309073286,-82.59007034146549,-81.41712748886857,-83.5850481745024,-81.26752542716122,-82.93874774080615,-82.16818325273688,-82.80109273412778,-83.08159100803063,-82.22018198764849,-83.7724234902834,-82.18861551163661,22,-82.61189739027685,-82.80109273412778,-84.89460169406938,1.4072873965642871,0.32187344100760795,-0.6548134688791629
HDOK,PLOK,17472,19,19,-85,8,11,2,33,-78.72499068021082,-81.4203161526702,-83.29835753867444,-80.91346473167116,-82.80851416947554,-81.7886939822375,-85.58523889934997,-83.74099464276723,-83.18882468804902,-81.45021468160508,-82.66372947376844,-81.7293717650485,-82.13445588859084,-82.37184371427429,-83.08110240507898,-81.68979710660298,-82.11205676244455,-81.28653883166534,-84.02071318298867,-86.0169717239344,-85.00646773956171,-82.5955352201972,-81.80041252605423,-82.38535769517182,-83.58131491272741,-81.57784303875799,-82.35846764711268,-83.01334176824776,-81.75836310814158,-84.0702275166214,-82.64168809360964,-84.72322714677796,-83.37865198879149,22,-82.69445725523882,-82.5955352201972,-86.0169717239344,2.0144443879655554,-0.08930829134751446,1.2326858571652317
HDOK,PLOK,17472,19,19,-85,8,11,2,33,-81.04300638103868,-80.72530838101586,-81.33242228632065,-82.10594588724443,-82.41895466129407,-84.36745364185889,-83.34135050066558,-83.39826448799164,-83.52789465176828,-82.23052351350701,-81.43492133702297,-82.18990984746384,-82.57287155775701,-82.48402476169814,-83.68473590557517,-82.93393931976097,-81.6276993671532,-83.06113403456781,-84.29909400833306,-81.3174708039014,-82.7295007551379,-84.0303288723569,-83.52345530164939,-83.15148883383166,-83.29335661254437,-82.73074737919339,-82.53268863215084,-83.40473960809244,-83.62130960151795,-83.40596936481494,-81.83078932407739,-82.54405138434657,-81.74343389296037,22,-82.68602378480644,-82.7295007551379,-84.36745364185889,0.8725685579053107,0.23038005287300184,-0.6886348135827451
HDOK,PLOK,17472,19,19,-85,8,11,2,33,-83.30647752252753,-79.59685705595089,-81.71115732537739,-82.09408208478929,-81.59892183166043,-84.2210783541614,-83.10275162334644,-83.22109013391774,-84.92039322771213,-82.38288765056863,-81.56482000674913,-82.99734166046443,-85.61530527556143,-84.71730383159091,-83.5229431305392,-82.10889303348797,-81.0282671950607,-82.53465383647533,-83.28988157352806,-85.14596548041345,-81.38436485951749,-83.63948982869185,-82.76260203896125,-82.8411281463981,-81.5470487925016,-82.50147961940613,-83.39669524106782,-84.35918656147284,-81.51537387258801,-82.65537825875673,-83.45774479382901,-82.40720577263352,-81.69229702178589,22,-82.81336565580281,-82.76260203896125,-85.61530527556143,1.6472321943428672,-0.08460253916922926,0.22321009666858194
HDOK,PLOK,17472,19,19,-85,8,11,2,33,-80.50218055395014,-80.3601696333922,-82.27766639088459,-83.57178310943982,-80.55212517126088,-85.21490962107224,-83.91333583621203,-81.76945664984721,-83.09713380513367,-83.51499726876068,-83.17452306248124,-82.7229578339741,-83.40213848985603,-81.70915700540026,-82.73753732421858,-82.46611943572043,-83.15571052428665,-83.5743423138073,-84.02849902580756,-83.68178286421262,-81.62891472891351,-82.98894785810272,-82.1900971711604,-82.78593697820683,-82.31146044336465,-83.21295170074316,-83.93746863654982,-82.57818011582073,-82.86854680710975,-81.83315318250658,-80.02085003375448,-80.59962200365759,-82.30666000775241,22,-82.5663428965867,-82.73753732421858,-85.21490962107224,1.3997605501524206,0.4163569988944661,0.014256488424674085
HDOK,PLOK,17472,19,19,-85,8,11,2,33,-81.87958801534296,-81.83305543736765,-83.18691558162642,-81.35408329418958,-82.4297966143838,-82.54675584516522,-83.65420131131759,-83.8270360953919,-82.85133570127515,-82.81842653317983,-82.22493575830758,-81.50945795582801,-82.78419401716002,-83.04262350242509,-81.48742470572097,-81.20637391455422,-82.65035551955829,-81.83409116078064,-81.03517246985615,-83.32385076826966,-84.67857176294109,-82.38012947683121,-83.28423618200146,-84.06850733047165,-81.72248751648117,-83.89408158992367,-82.56501313152722,-83.40620760068492,-83.2662699497095,-83.80971888586649,-84.14674076772715,-81.72749565528363,-82.96602772701338,22,-82.708944296308,-82.78419401716002,-84.67857176294109,0.8775123399583998,-0.05246674018936986,-0.8445125854608477
HDOK,PLOK,17472,19,19,-85,8,11,2,33,-80.12982441959976,-81.09618616672009,-81.71381560007191,-80.92194375554084,-82.91725718693812,-82.723766378076,-81.717379186815,-83.00357475507356,-83.24537473993877,-81.86442937760745,-81.9483067458623,-82.26336454191284,-80.92601414770748,-82.01965703864632,-81.99703805899144,-82.53456520913116,-81.22258957116433,-81.70260348508693,-82.16689000842257,-82.90968004716555,-84.12936894676275,-81.54686625517422,-83.18571191448952,-81.87825378380997,-83.37544029164214,-81.01474293756108,-82.43987643013949,-84.53866163357264,-82.9406011779334,-82.67460915670017,-82.41842921820562,-84.53921743149981,-82.89576972094578,22,-82.32126694905784,-82.26336454191284,-84.53921743149981,1.0199999692655535,-0.27111785581197484,0.12317316752538154
HDOK,PLOK,17472,19,19,-85,8,11,2,33,-83.27577939938881,-80.31413194165252,-80.7504921924757,-80.20120163554735,-79.81008854987704,-84.00019377447363,-82.32378194564336,-83.25547904213762,-84.42336620649706,-81.3218569196384,-83.72255648163144,-84.13402521679569,-80.50116096760232,-83.04078259515911,-81.68990391970055,-82.68043109920816,-81.61251023302061,-81.41873009339125,-84.07695867018445,-82.9014336021725,-81.21040069215742,-82.13445168157176,-81.43507689318164,-82.98122921581476,-80.90232290729804,-82.80468127746313,-82.00763286523164,-82.80786988251639,-83.71910234198766,-83.42100177284173,-82.689693361578,-82.81117413768608,-82.78509843276002,22,-82.33832121055414,-82.689693361578,-84.42336620649706,1.5296173123182992,0.3014949839460209,-0.8487196451965273
HDOK,PLOK,17472,19,19,-85,8,11,2,33,-81.27592505520205,-80.10671977232717,-81.89877347327855,-82.86971922645806,-82.05064981324517,-85.53462404220365,-84.63128725553555,-84.08854121892965,-81.52601221009881,-82.54372939385885,-82.39906748115612,-82.37650200488385,-81.9882030058299,-81.59258994792222,-82.2874058878449,-81.86207625353714,-82.02978975810952,-81.38371702484027,-81.70025865033593,-82.3384122696928,-82.57055293110791,-83.26946546449898,-83.38279782158386,-83.23474667650636,-81.60488172686149,-80.68571432335028,-81.71418442785662,-82.45372783960157,-81.38024467918171,-82.09443147736076,-84.35135076383159,-82.77544881008697,-81.25207390888652,22,-82.34101892715165,-82.09443147736076,-85.53462404220365,1.246093669713716,-0.886310524954856,1.2215660318500858
HDOK,PLOK,17472,19,19,-85,8,11,2,33,-81.20096715215146,-80.63112365395779,-82.04566537781163,-79.37900145021382,-82.41409155983894,-84.12054736663674,-83.24602370128827,-83.04485535810849,-83.84363635377588,-82.71163153701373,-83.52325348733083,-83.14438580717758,-83.42019897810937,-83.02487089717191,-82.70710522428608,-81.56108354676628,-83.35619766425415,-82.75745751308204,-84.55300918618607,-83.22943905555012,-83.29754329636644,-81.78219948327049,-83.05120754269336,-82.46728298841832,-82.61394848337177,-83.94812866094247,-83.41040169891143,-81.70963036933249,-82.33958967311719,-82.31384808671123,-83.04628408166928,-81.91266772523963,-82.78179931849712,22,-82.68451746300767,-82.78179931849712,-84.55300918618607,1.036335304909403,1.0953459986982388,2.250022913933875
HDOK,PLOK,17472,19,19,-85,8,11,2,33,-81.08984977541903,-81.33862397098171,-82.15568803152767,-82.22898522294749,-82.73540000437413,-82.28664046664562,-83.41950786484993,-84.09074079780206,-83.88474678076817,-83.7758117766214,-83.56063824714856,-83.47449855499652,-82.11891388486787,-82.9762318661341,-82.45871210983269,-81.92298243838283,-83.5077798646196,-82.19065822977413,-82.26821356061478,-82.28271688361913,-82.7551805409409,-80.83297014785842,-84.8236965852328,-81.98833542585601,-82.04098994332446,-81.27267409362783,-82.8500042345387,-81.4254557218566,-80.33978291474688,-84.96950951393185,-81.37286652782967,-81.99746141072112,-82.9188377940326,22,-82.52591227837651,-82.28271688361913,-84.96950951393185,1.1662378242186038,-0.33324051168785757,-0.11277978957528934
HDOK,PLOK,17472,19,19,-85,8,11,2,33,-81.2659586414148,-80.39514450521743,-84.13943392152136,-80.7254499397551,-82.13969716356063,-84.01970401040569,-83.51642075931645,-85.40603392158133,-83.98368352272969,-83.66692545812847,-81.87545070014423,-83.45088360916675,-82.71938555777633,-82.22324277633797,-81.08799397163058,-84.04921436406747,-83.61833182941298,-82.94344821356356,-82.28068350062223,-82.7385078320124,-83.07175545239245,-83.29865211728196,-82.1071927051333,-82.10347994665614,-81.42538505378043,-82.75569776816836,-82.55834721459517,-82.49071336413087,-82.22203003255122,-81.25712053273429,-84.0317516152741,-81.58582489573641,-83.35029727863277,22,-82.68193461137675,-82.71938555777633,-85.40603392158133,1.25970515686142,-0.055839457944109196,-0.24784139552675555
HDOK,PLOK,17472,19,19,-85,8,11,2,33,-81.22859635375288,-79.32947700248721,-82.42909131878623,-80.25838567425706,-83.3488409516235,-82.73102901303007,-83.26483675764563,-82.64038487649552,-83.14541075855365,-83.15933056260934,-83.02580599914552,-83.14557138193693,-83.41731955799398,-81.7744091494536,-82.44963186141979,-82.67630973121233,-81.19559185316193,-83.19822153960763,-83.48322440655735,-81.95618079513207,-83.04526171961564,-82.88813336466767,-83.98666705545944,-81.94404549682673,-83.46929447838416,-82.33256111625188,-83.61587295674265,-82.22561159274467,-83.6043952900724,-82.61232935233559,-83.6246267177393,-84.60512538660763,-82.52247006971548,22,-82.67678921642502,-82.88813336466767,-84.60512538660763,1.079626930562492,1.2801817510204363,2.507244045895963
HDOK,PLOK,17472,20,20,-84,8,11,2,33,-87.56850704224479,-81.26277743248355,-82.04136778723358,-83.55557908889566,-81.30280524492824,-82.5525270744748,-83.36927463775072,-82.50894967640006,-84.33303597848698,-84.82482722119879,-84.30001971758064,-83.07654868883054,-86.40790556861083,-85.12763985075627,-82.98822072708269,-84.78634821432804,-83.5044979499631,-86.20985564853822,-82.80148408072459,-82.5518855824687,-84.49626217064541,-81.27712562074075,-84.09731942148564,-83.42873998511342,-83.0044266455153,-81.51017119905649,-81.44826089280596,-82.01371834851743,-82.9103194277658,-82.84679634692493,-81.77251086808396,-81.8297490127439,-83.07635755116237,22,-83.29653983950128,-83.0044266455153,-87.56850704224479,2.3549891915009575,-0.8894100436237291,0.6141533021193526
HDOK,PLOK,17472,20,20,-84,8,11,2,33,-89.96948303865678,-80.9896107574952,-82.80126686026391,-81.7623570659064,-80.89121453470253,-83.63194057123484,-82.31570693868716,-83.86876043039146,-82.55399766707009,-83.82625553000463,-84.53427732420248,-83.84492565509515,-84.55351775151262,-84.89675217121274,-83.62428413556064,-84.57162221832091,-81.99720096162916,-82.69613732487379,-83.23022863233808,-83.2492562258267,-83.31646367064405,-84.34524192320785,-83.7053111654135,-84.48347653248736,-82.09995764335386,-82.81049096879076,-84.2591272961211,-84.30916295111689,-82.893110076419,-82.57279832930672,-82.0545421344004,-83.71448018197061,-84.22830688704809,22,-83.47276562288683,-83.62428413556064,-89.96948303865678,2.38708891350543,-2.013386823408169,8.517127146653626
HDOK,PLOK,17472,20,20,-84,8,11,2,33,-90.11105443712184,-81.99517372028525,-82.57907837183038,-80.6963993648678,-81.8973796808765,-83.52728573556271,-83.65832918011608,-82.5783568269969,-84.51279945435184,-82.52934870830713,-84.006048601764,-82.49519408110612,-85.1077047430006,-82.88808929649493,-83.03968964068,-84.27112601274489,-81.85203743826102,-84.12788052592711,-82.42762549755213,-83.76366380671519,-82.71457914994576,-82.52538972723006,-82.34200143198376,-83.47005465451198,-83.68213687587533,-84.43815448230146,-83.26764513558213,-82.84146676895337,-83.34983682930391,-83.37606867034846,-83.34091266392372,-83.62118119416814,-83.30821605038066,22,-83.34369420482032,-83.30821605038066,-90.11105443712184,2.2142211540591443,-2.77519701709872,12.442409790581165
HDOK,PLOK,17472,20,20,-84,8,11,2,33,-89.44907962376288,-82.4280648392337,-81.19747290626468,-81.76287884738649,-83.04754259884838,-83.26875445591138,-83.16408285926362,-84.33949558243447,-84.6360266531059,-82.40788216399295,-83.10963344336403,-84.59131745169366,-82.54760406530986,-82.78519600819547,-82.06185926341949,-83.24543137335851,-83.39022310747106,-83.0578412074685,-82.92126241962653,-83.73527841051046,-84.12782717055408,-82.4214669083682,-84.1035061724424,-83.69706405466296,-82.86473976922906,-82.8212780064293,-82.2323540980254,-83.75249084766065,-83.30280643670176,-83.16271882762999,-82.6358878941049,-82.77605013383499,-81.30834360688861,22,-83.22283215779257,-83.0578412074685,-89.44907962376288,1.8817624953294128,-2.788491434734308,12.241031297427137
HDOK,PLOK,17472,20,20,-84,8,11,2,33,-89.5498290127958,-82.24732438644637,-81.56551311353249,-82.10697788250981,-82.45524110815924,-83.85188557518823,-83.10331810602266,-83.91310616984549,-84.1216636312678,-82.82330926494281,-84.80540493891364,-83.45071988909116,-84.0657600943438,-83.65912208206302,-82.33676595880006,-83.37198318261876,-84.00314641822465,-84.9786806483623,-82.78515123923074,-85.3124213157011,-82.40004683819886,-84.35282885079393,-83.38146060453784,-84.93609159359185,-81.7519301412152,-81.67260337721916,-83.3488018582679,-82.6615181077701,-84.27978551715516,-83.31750344974888,-84.71705031578864,-83.64269972135705,-84.09524640250945,22,-83.60802699382468,-83.45071988909116,-89.5498290127958,2.095269197074977,-1.9731175542217514,7.403244279645072
HDOK,PLOK,17472,20,20,-84,8,11,2,33,-90.10262275643073,-82.89022053631771,-82.56431826493923,-81.89830487015314,-83.37219102339917,-82.99709337396689,-83.24756907930403,-81.89277030154035,-85.26864382534954,-85.19800791560012,-84.99125556015179,-83.6882823808161,-82.23793227685215,-82.96155760604285,-83.27708246961869,-84.49243654947763,-83.08094987759387,-82.6671383165893,-81.85146988486709,-83.65193757171691,-83.20529982787288,-83.34540191532291,-84.36043957718995,-84.4732159571396,-82.93020001059048,-81.57033641397662,-81.57812994640122,-82.85881786181275,-84.27938756889168,-82.34648582327485,-82.87510019122894,-81.59934236389157,-82.38772891760448,22,-83.33762638836136,-82.99709337396689,-90.10262275643073,2.4660875042116377,-2.484055992598104,9.399722846151581
HDOK,PLOK,17472,20,20,-84,8,11,2,33,-88.63254810328674,-81.35395437007898,-82.65136159150082,-82.75630930328668,-79.66860193800306,-82.64435863175623,-85.55467621437806,-83.24369106629904,-84.79103213330777,-84.4231020929944,-82.34250963143853,-83.85431221859452,-82.53442485811578,-81.52636125220681,-81.65782656355059,-83.47182725517312,-84.82895115268646,-83.44892864615625,-82.98773141673527,-82.58568423515193,-82.68235661204659,-83.41421076423659,-83.15954371202977,-82.32537496420612,-83.54075814404915,-83.8484765690435,-83.67387180334913,-83.73715743362214,-83.20194035674716,-81.41967108116259,-81.60888994940778,-85.28531229779472,-82.79805218696463,22,-83.20163056210184,-83.15954371202977,-88.63254810328674,2.3669861688501967,-1.0670610246866112,3.878185768411401
HDOK,PLOK,17472,20,20,-84,8,11,2,33,-89.23044210079425,-82.16449550839813,-81.89946499120389,-83.13232712639133,-80.80177916322754,-82.9732638734271,-84.22144911565142,-82.78311822697243,-83.80559179904628,-84.44320444719366,-84.5865120358706,-83.84194485977386,-84.34297809253354,-82.87826931172802,-83.62200411322479,-84.38688960108128,-85.26120350438967,-81.85715141600366,-82.69943223448048,-84.5038047303999,-81.44077494058166,-84.41316582347841,-84.63656230188862,-83.52388854767217,-82.37570607184277,-83.1397388891541,-82.60870233833094,-82.202107457015,-83.14125639831784,-82.42082609631895,-82.22194813105625,-84.28344494332724,-81.79134618069853,22,-83.38287255671135,-83.1397388891541,-89.23044210079425,2.235932246559739,-1.6517849777626263,5.754009707213049
HDOK,PLOK,17472,20,20,-84,8,11,2,33,-89.07224894062706,-81.46842545527782,-82.40112029585596,-82.28497848481312,-81.26277900907223,-84.06299979924302,-84.3725100795422,-83.12641651338316,-84.50957046176715,-83.32337098918994,-82.4653096371648,-85.45128354103281,-83.99260539132571,-84.02251539031583,-83.32316585835271,-82.76364338393722,-83.97732244124333,-83.572535664188,-83.12212476568361,-81.85960287536263,-84.26267948926676,-82.81847472904732,-83.50317225496978,-83.66557884914532,-83.63215492098705,-83.56615843846473,-83.18816786708842,-83.24141466047685,-83.25711956102289,-81.25132925788051,-83.66496246144028,-82.12459529176061,-83.12239383301336,22,-83.38584032096796,-83.32316585835271,-89.07224894062706,1.8840917292248291,-1.9817638663862887,8.016817206020074
HDOK,PLOK,17472,20,20,-84,8,11,2,33,-88.11023333090755,-81.88801671445529,-81.07930755999338,-81.3330547456981,-81.78246232435004,-81.16258156488462,-82.66019124114312,-83.0209260026847,-84.07453182458825,-82.70533005405265,-82.72695384716783,-83.87105001773236,-85.3444729535166,-83.07664399237707,-83.67167964769497,-83.11065162262376,-84.05567511164831,-82.52543144101477,-83.70970944696616,-82.94042146264877,-82.4569255904805,-83.77207421159088,-83.3947749424103,-83.8431547050973,-83.59847425621277,-83.86647270138211,-82.72214603945878,-82.84391795719779,-81.5765940544087,-83.65592540321342,-81.9931185737758,-82.2184012552962,-82.60528502935146,22,-83.07262392806136,-82.94042146264877,-88.11023333090755,1.6882334701996253,-1.6548295549654488,5.711490330237295
HDOK,PLOK,17472,20,20,-84,8,11,2,33,-89.84456656966285,-81.08167978599836,-82.93546950604212,-81.77565801625629,-80.7773060935299,-84.1413353748887,-84.1301950996255,-83.38401228404747,-84.80770659153312,-85.06548784812875,-83.96451619958027,-85.8829729769101,-84.76288662606045,-84.04822205002522,-82.82265240161355,-83.96436857625211,-82.26362432814776,-82.98966441776608,-82.94478981228026,-83.97431236047727,-83.69311344954949,-82.88309229185015,-83.74869630495583,-81.64261069473778,-83.25241077220282,-83.30406104273465,-82.54293285397905,-83.77838401840462,-83.89182922625646,-81.2538297273102,-81.54203289667234,-83.68984010265575,-81.50596665006164,22,-83.40273415000597,-83.38401228404747,-89.84456656966285,2.737315255454484,-1.5995336291090256,5.771061857736971
HDOK,PLOK,17472,20,20,-84,8,11,2,33,-90.2289963480125,-81.38203155288538,-82.53033963485153,-81.32617347241086,-80.74695525885856,-82.98189673472748,-83.28544748726917,-82.79824147219693,-84.47150704194608,-83.05039924841638,-83.22583452772797,-82.5027310914582,-84.66117614252764,-83.95444387636479,-82.77969849181048,-84.0433241146421,-84.03893104961122,-82.9706136548225,-83.82604942480822,-82.17339501826369,-83.63182832672925,-83.82712417682181,-83.17576360821401,-81.97207738596339,-83.18389034237612,-83.46194118893584,-83.86050709880746,-83.04115627469972,-83.88407393307838,-81.76822604862802,-83.72750927338141,-82.07836411312745,-80.71218381867936,22,-83.19099488585012,-83.17576360821401,-90.2289963480125,2.5359037982767783,-2.4136826122730928,10.857937255174505
HDOK,PLOK,17472,20,20,-84,8,11,2,33,-88.57565140788589,-82.61085279800469,-82.5902577570228,-80.9697664256865,-81.09813765037511,-81.80590649761942,-84.99410785717689,-83.23578377548573,-85.13301495540769,-84.1330802920894,-83.05465300226172,-83.81650928509711,-84.84387567058737,-84.64933116212511,-83.38004355733202,-85.00004182608122,-83.93783162539752,-81.07365796207421,-84.68795129849495,-81.99312671195455,-83.69422266894522,-84.52790944803547,-83.1334498252103,-84.33127951319669,-83.55550926470181,-81.97619531121906,-82.43350579822356,-82.9779993009631,-83.31075028224323,-83.05568529819666,-84.9612060667525,-82.19380121230381,-83.87948705313909,22,-83.50347219882698,-83.38004355733202,-88.57565140788589,2.2155947766364554,-0.8711719064936414,2.6647433027793554
HDOK,PLOK,17472,20,20,-84,8,11,2,33,-87.90770563366914,-82.97019120796044,-82.41988190460445,-82.4061478071898,-80.9420988952578,-82.94527485881542,-83.30808632964752,-83.2264471765445,-84.13035714666341,-83.20290191012057,-83.90763962502996,-84.88444829703373,-85.77576740623259,-83.61885205686089,-85.1217663541317,-83.13819607170281,-81.9283531617302,-83.63360685606662,-84.27778425622594,-83.16556431422211,-83.1201264551087,-81.84030183176006,-80.70746464946103,-82.16601001542813,-83.79424615547723,-82.65712707130831,-81.83653042390837,-83.79805336914893,-83.03389210129541,-82.26785051770884,-82.64017486217733,-82.55000585211127,-82.436076455737,22,-83.20481609182848,-83.1201264551087,-87.90770563366914,1.8340873013279717,-1.244798632157659,3.3902320480122516
HDOK,PLOK,17472,20,20,-84,8,11,2,33,-88.96602764323222,-82.45061194398254,-82.12119066976331,-82.72961804942759,-83.00415998204159,-81.61525753433696,-83.0388584339934,-83.62959628022492,-83.82700701107272,-81.64413796358924,-84.41568557105501,-83.47757790308493,-84.3026086702403,-84.24627622249606,-82.5278851713112,-84.59146932206016,-82.49081253203184,-83.46475487092718,-82.21856633753747,-82.26186921347865,-83.63916757357441,-83.28524311004774,-84.59861227127972,-81.71460097131049,-83.73040214327959,-83.72154884737661,-82.86118852358379,-83.90869827170619,-81.98814467455446,-84.08729098400181,-84.02564819225327,-82.91401494444271,-83.87801986173395,22,-83.37504702106159,-83.46475487092718,-88.96602764323222,1.7405597678379323,-2.167080505181384,8.662524946445686
HDOK,PLOK,17472,20,20,-84,8,11,2,33,-86.64608375047906,-82.49326174706933,-82.45243321204048,-80.44039972196083,-81.33745929539498,-82.05400851261278,-84.1116475565429,-81.72188996951178,-82.3495095022555,-83.32902182085442,-82.62815357337666,-83.17780186935671,-84.61947314204117,-84.56013981592712,-84.22589996513376,-83.03158977715074,-82.30508218226193,-81.78262281269764,-83.66129599502271,-83.0611397614758,-84.36325567733242,-81.84409480986541,-84.84058735271593,-83.10290597342845,-83.2137916151863,-81.63883524385858,-82.32358459920887,-82.63693419166992,-82.30535413780161,-83.39133768068356,-82.93289808701255,-83.40958741941974,-83.86708919427733,22,-83.02603545350387,-83.03158977715074,-86.64608375047906,1.4307983656057617,-0.6331952847340097,1.3346289625034946
HDOK,PLOK,17472,20,20,-84,8,11,2,33,-87.91586048316432,-81.65406765782629,-83.68141498611472,-83.51534061625325,-82.5759312805602,-82.60846967275442,-83.32660410337671,-82.32595619631894,-83.94865341196186,-85.40401388456273,-84.15982927402075,-83.08417503943106,-82.90671352949649,-82.98974668670103,-82.7152101462425,-82.14738040666383,-82.71367518389171,-84.00173823949643,-82.85512990806885,-84.97247837117658,-84.44158721644688,-82.83821413658868,-81.48229842212847,-81.94084537396446,-82.35692013008243,-83.80509221459471,-82.39521663140613,-81.95249287065008,-82.82676741309204,-82.83992496444509,-83.59660719268176,-83.03595779478856,-83.90067349094979,22,-83.2398480887849,-82.90671352949649,-87.91586048316432,1.479599492849212,-1.8224841193020906,5.410548072966824
HDOK,PLOK,17472,20,20,-84,8,11,2,33,-89.09549274770487,-80.27510672489196,-81.33836979096182,-82.08607730951023,-82.47450050181361,-82.84334116941854,-85.63982559963839,-82.18644383647273,-84.0380600840593,-83.86145613312794,-83.76837297400793,-82.09201867746994,-83.9138321411025,-83.30759789835358,-83.37983442684228,-83.98564142460455,-83.68912840904999,-81.8680882375518,-83.00098222329945,-81.87282503919411,-83.337537223806,-83.48789197252701,-86.6644514041942,-84.07511941975693,-83.58689311250632,-83.86235269570591,-84.09357174639838,-82.83564441200085,-83.62739435091298,-82.90988965874807,-81.56301433420015,-83.53253524402888,-82.60835721044337,22,-83.36065600406985,-83.37983442684228,-89.09549274770487,2.4325005786544787,-1.5158030711299615,4.874350890239661
HDOK,PLOK,17472,20,20,-84,8,11,2,33,-90.13858548543124,-82.37540759329333,-83.12183642429153,-82.160893035758,-82.13904846286196,-83.38087436562928,-84.31009797630456,-82.98396026169111,-84.4591726011982,-85.95474303170852,-84.92733599642753,-85.86312424550155,-83.88590736387214,-84.0952092531184,-82.34237304159734,-85.18928673766278,-82.90394698060813,-81.82628381084909,-84.5346785332889,-81.29066256231998,-82.76719269211318,-82.84954149798669,-84.28703540505542,-81.50371092625234,-84.6938122937074,-84.03176521082038,-82.48329574819516,-83.34842398062061,-85.0599844028789,-82.60868500450674,-82.73867809501395,-82.71829668798888,-82.13665050079953,22,-83.60940909725313,-83.12183642429153,-90.13858548543124,2.8074275332239735,-1.8175245986293707,5.5699451801925814
HDOK,PLOK,17472,20,20,-84,8,11,2,33,-90.3805116947172,-82.97210961753709,-84.3950637308219,-82.81394960211233,-82.97262661217937,-83.58341933680819,-84.74717937598116,-82.95313059449572,-83.2587711150889,-84.46088043053817,-83.6160383658965,-84.43785123902936,-84.48800386965354,-84.05182134114216,-84.77619402867523,-83.16031236931569,-84.28863695735707,-84.00004818791544,-83.44718735029963,-83.62354264515452,-83.37595227607885,-80.48477691594773,-83.878739349527,-84.38745071862479,-81.63145469814037,-82.48259112237504,-82.68213211170607,-82.29533300527842,-82.65411746877437,-83.5969657039926,-83.5495525675251,-83.5020685126535,-84.60904012940496,22,-83.68355918317418,-83.58341933680819,-90.3805116947172,2.2530584009447647,-2.4062387515189156,11.701337741809887
HDOK,PLOK,17472,21,21,-83,8,11,2,33,-81.45108069246109,-80.45535063277195,-82.40775763337022,-82.1363223913344,-84.09521801493861,-84.65694376811987,-82.58948002970263,-83.16565972042793,-82.38033202642474,-83.57193447099209,-83.3265057498109,-82.77970093363339,-83.12124446582672,-83.37758588109207,-81.17000412294811,-81.84958837964092,-79.89994934349787,-82.74749131579155,-82.70176498812667,-82.8723055314091,-83.87417868995983,-83.53532244696979,-80.92018698698547,-84.17113877375813,-83.46836073127453,-83.38148926507762,-83.57462211754205,-83.72475372943643,-81.00701473479246,-81.24367864664028,-83.08799561602423,-81.31996641071906,-82.28509345031947,22,-82.61666732399456,-82.77970093363339,-84.65694376811987,1.3061919036627878,0.5438442639604717,-0.38751066353312913
HDOK,PLOK,17472,21,21,-83,8,11,2,33,-81.42101762076925,-81.70107203003761,-81.14552759944976,-81.81889094385943,-82.74273329528253,-83.53203438388356,-81.8771337072495,-83.27879321175317,-84.1494714280461,-81.71556175603416,-80.08809669880885,-81.4821602352281,-79.96710782440645,-83.46664215817142,-84.61486283427129,-83.47104585858533,-83.94049659057075,-82.67082212103703,-83.26727740802446,-84.08768445259808,-82.93422673495125,-83.74492391762709,-82.09378686884,-82.62953301571073,-83.54591425266928,-84.42133273339468,-84.6066945183519,-83.24410022974668,-84.24789663550011,-80.5819459648644,-82.23649847390767,-81.99539236174165,-82.11359605819496,22,-82.69194769465356,-82.74273329528253,-84.61486283427129,1.57809454867209,0.38495202261420625,-0.5875588066567659
HDOK,PLOK,17472,21,21,-83,8,11,2,33,-79.95608836986479,-81.67444125733603,-81.67119868036859,-81.5942297014987,-81.55848945939482,-83.34482308599299,-83.8300961158147,-83.29415123640227,-82.81284191611883,-84.61301560711398,-82.83249558159602,-82.86302944987435,-82.71898241198369,-83.39932214953934,-81.26436101402506,-82.88809627315122,-82.23772352206473,-81.97958446364181,-84.59151319420003,-82.97801950164258,-82.53180654890899,-82.88410349938331,-84.1285853827388,-83.64609442263298,-83.4139399409837,-84.74621228456749,-84.45094133332374,-82.03057955222991,-83.74127855109829,-81.80343794518048,-82.40369789166861,-81.70624047330593,-82.9323755481945,22,-82.8036907989649,-82.86302944987435,-84.74621228456749,1.174924100606584,0.19831929658286307,0.060939574433873656
HDOK,PLOK,17472,21,21,-83,8,11,2,33,-82.99046934736879,-81.40597250183384,-80.78067382285144,-78.23631694769512,-81.24736916484815,-84.02006954019376,-83.07467662558665,-83.11209912976506,-82.26000992613797,-82.30990360226257,-83.00123365887703,-81.16181462940955,-83.368024517608,-82.34325706674046,-83.65086823616323,-81.27221931257236,-82.18567931107714,-82.63855693549678,-83.51875940949348,-84.0536820907884,-84.18384319780384,-84.2075786043411,-83.34291879376622,-82.88774811171432,-83.36341865197403,-83.22846723852771,-83.27522566079635,-84.36898729837502,-83.91651066671307,-83.46400885571363,-82.44351104182202,-83.58633798981022,-84.29891753880739,22,-82.82421604324043,-83.11209912976506,-84.36898729837502,1.5860998506302788,1.6182707682747828,3.874640589564567
HDOK,PLOK,17472,21,21,-83,8,11,2,33,-80.21879937510343,-81.03364981194203,-82.72033362389688,-81.77310315013968,-83.61632524842803,-84.81198514850814,-81.94775038378802,-84.22234573684116,-83.60564471566185,-83.37426762380983,-81.94016509041407,-79.86071897488432,-82.69644883899937,-81.06152282307322,-81.18415580938294,-82.6405825119745,-84.03947717986816,-82.57779518841959,-83.07638361315286,-82.43390575969268,-82.93095194169777,-82.46885471431092,-82.04691740662048,-82.25514098157431,-83.1801914751055,-82.38793621713747,-81.91511161872222,-82.94425699117595,-84.65964760532806,-84.15370248225919,-82.2733162507,-84.03616874137158,-83.3852173794973,22,-82.65069013374183,-82.6405825119745,-84.81198514850814,1.3618919824639792,0.3199151166467908,0.024236936419756105
HDOK,PLOK,17472,21,21,-83,8,11,2,33,-81.64836569169724,-80.88916113433086,-81.36522854104443,-81.87695015733959,-82.58283046396684,-80.94383829140688,-84.2383015263408,-81.77430561536798,-82.17208012159853,-82.66916688454079,-83.00281216550907,-81.20162189987924,-84.0425194529468,-83.41622084039237,-83.91140372016716,-83.49587759067948,-82.69785862405752,-82.57755906856836,-83.73571935919895,-85.25964346777525,-82.51301307302715,-84.07426318894477,-83.71059187307658,-82.65987904252198,-83.77997556613866,-83.844758977973,-82.53581438934867,-83.49841426501166,-82.68463247534824,-83.98766504887668,-83.44658701767555,-83.07307729414813,-81.07834012523367,22,-82.86025687739799,-82.69785862405752,-85.25964346777525,1.1534031802578197,0.16293689260753633,-0.558408188069258
HDOK,PLOK,17472,21,21,-83,8,11,2,33,-81.54369118106199,-80.79017598257255,-81.09642429170381,-83.02944400399093,-82.5550712536124,-83.89020778608511,-81.82333009291328,-83.77911408581173,-81.11255487165064,-81.5924701506219,-83.53396249322583,-82.70764433946276,-82.52815225252174,-81.52725924721125,-83.82479025565142,-78.93753350980552,-82.24863729593835,-84.53182914594717,-82.60273833976791,-85.02771467545459,-84.5910737376251,-83.00303552493405,-82.29228473851866,-82.43713232594018,-82.7005494059883,-83.76349295599114,-82.22584409386323,-83.12360166608148,-81.99453783185223,-81.94190634611442,-82.98763701526984,-82.29528976749192,-82.73532981579962,22,-82.56892304486304,-82.5550712536124,-85.02771467545459,1.4388557433945135,0.44374070708555063,1.4197395927586265
HDOK,PLOK,17472,21,21,-83,8,11,2,33,-80.39820286657813,-81.95483210681972,-80.43727852374106,-81.45774691162163,-82.86643999547329,-83.33767081457418,-85.19109417215736,-84.3178875655776,-84.30681498936464,-84.0086695761705,-82.26419776979577,-82.86313400757788,-83.25500601190289,-80.736258048557,-84.83310566856377,-80.93924028453378,-81.18741401955513,-83.70499447909928,-82.48031517438757,-82.44536880041238,-83.34080255657011,-82.53826120939624,-82.41029774815439,-83.79094968268596,-83.81929157132765,-83.51541869994054,-84.41535385157081,-82.85189985890143,-82.74932333141898,-83.86111264051307,-84.51255840817,-82.00186346101653,-82.80280526969999,22,-82.89683666896453,-82.86313400757788,-85.19109417215736,1.5745557450659962,0.3327264851977062,-0.5440648274229103
HDOK,PLOK,17472,21,21,-83,8,11,2,33,-82.69136033075313,-81.77127392037329,-81.20600543134402,-81.01013471179056,-83.97959965163403,-83.44742422574134,-83.8372691510976,-82.82307002157941,-84.65735270321372,-81.43968363383358,-83.09874965923774,-80.86763506865111,-82.35023584426533,-81.65913847825317,-82.76906046998795,-81.58390772112811,-82.24482986262245,-82.0194047893618,-83.07321524637251,-82.97495684242291,-81.87490635311086,-83.11126622134911,-83.22311949005973,-82.8858912773189,-82.08248801336376,-82.60536623448151,-84.09714883578138,-81.69135128528403,-83.11952681491513,-82.15603066330775,-83.59762035746836,-84.4784276782819,-82.65873059293871,22,-82.63897519943407,-82.69136033075313,-84.65735270321372,0.9263482298848698,-0.16112410331106933,-0.5427078741933551
HDOK,PLOK,17472,21,21,-83,8,11,2,33,-80.10606941971733,-81.01550762980902,-80.48301431258973,-80.9940696477809,-83.25018759700042,-82.43590405236719,-84.24882688070645,-82.84075760846088,-82.06360099587744,-81.33604308589274,-82.79973873881859,-81.50364201867826,-82.64723859146069,-82.21968148019259,-81.81676618762752,-82.32449961030814,-80.83880619549579,-82.43485192128635,-81.52385525497621,-82.03264719577389,-82.1764573654007,-82.38360602553078,-82.85856690662996,-82.82223033069005,-83.75962607510193,-82.18308426819394,-83.14747194814306,-84.24600605165175,-83.70921977221202,-83.27419304421664,-82.75385555236915,-82.90708863652226,-81.81845581669153,22,-82.3319869763083,-82.38360602553078,-84.24882688070645,0.9849406813446338,0.17027341011637892,-0.14343515825477127
HDOK,PLOK,17472,21,21,-83,8,11,2,33,-79.93773382000296,-80.35590727220416,-81.69653701945921,-82.46228642207778,-83.90925608174865,-83.72073394068585,-84.11778381346494,-83.39503337572081,-81.36001935804182,-82.94072278955039,-83.38296053757166,-83.96046312358608,-83.94396780418853,-82.07241693797685,-83.04672925273302,-80.82380522174037,-82.03963001366724,-81.34828422947244,-83.20565043704502,-83.73648328646496,-82.34929688423281,-83.11489458049107,-83.02412415869532,-82.42347067644889,-83.90806103928013,-82.19210015876226,-81.71364005374764,-83.60017134943328,-81.61904825699001,-81.49962692868536,-84.2689281598591,-82.9776614943185,-82.1709140248053,22,-82.61570734858037,-82.94072278955039,-84.2689281598591,1.2557558555291082,0.5135292506200424,-0.45695633447433703
HDOK,PLOK,17472,21,21,-83,8,11,2,33,-81.13872006815498,-81.2424227591072,-80.57845579029035,-81.77034860538244,-82.47189389092317,-83.16956042646446,-82.8365694555556,-82.44738395026886,-82.91152694180764,-82.31165014600133,-82.12754979909575,-82.101057286623,-82.70937878124248,-82.36956384113334,-82.99527518259937,-83.73074807662434,-82.03825130884991,-81.67776444494883,-83.68046025011931,-85.28136556144996,-82.39599402265824,-81.96538842200141,-82.56025285371034,-82.71114419368548,-83.42121942017884,-83.3209915984984,-82.54691537201879,-83.15886417493671,-81.5118311036144,-82.24103506427065,-83.00601448763408,-81.42845991428,-82.44800123995509,22,-82.49412298285108,-82.44800123995509,-85.28136556144996,0.7672722229808443,-0.5970070650351987,2.0482688239515805
HDOK,PLOK,17472,21,21,-83,8,11,2,33,-81.24405947467402,-80.04274172691566,-81.30015974349296,-82.30355943760192,-82.12662810351306,-83.6247786367489,-84.13470957010209,-83.22016687116098,-84.13957173140531,-81.55915252588443,-82.11269535830402,-81.41843771825592,-83.05851765513975,-81.40636879258996,-81.82704667817985,-82.4770457682087,-84.62264805837067,-81.6051464513432,-83.4857282163436,-83.99385245754064,-84.17202665054154,-84.3150306790156,-82.11695587758255,-83.24851756311782,-83.17765952089978,-81.55893935208135,-80.99167252613644,-84.10131971788537,-83.42657908869322,-81.69332483259406,-84.4037177375454,-83.91631206519449,-82.53186467256266,22,-82.70778591695836,-82.53186467256266,-84.62264805837067,1.4469711697150365,0.1345005829133909,-1.0713308686858132
HDOK,PLOK,17472,21,21,-83,8,11,2,33,-80.28754340206571,-80.85527328537019,-81.96562504213475,-79.87590406402968,-81.63911976544821,-85.246804100722,-82.29786954506416,-83.22678996313603,-81.92007500423254,-83.63763056369612,-82.69120849750176,-81.63110374551724,-84.28735844056415,-81.60524163583479,-81.24856940627434,-82.62601776073977,-81.0453800868231,-82.33171681703722,-84.09740390223777,-84.22717035499964,-82.63232039072639,-83.35652727441746,-84.1144682214958,-83.89117827984826,-82.58862852360409,-84.44990644957232,-82.83115087799001,-84.24563842787235,-81.92581681127801,-82.48417600159136,-79.96812214592308,-81.33952124227946,-82.52339804194011,22,-82.51801994157478,-82.52339804194011,-85.246804100722,1.8073269812530126,0.054050835357851046,-0.5887504978218825
HDOK,PLOK,17472,21,21,-83,8,11,2,33,-81.17354408580448,-80.07710625879567,-82.25002128098544,-82.15090010399227,-81.2635694049121,-83.15231606832477,-83.44258933102324,-83.19416984548063,-83.09820062765587,-83.49524671900011,-84.24443227004822,-81.49784125584982,-83.6413336460463,-82.17649067340771,-83.11088340993182,-81.29331817612399,-83.26954021005747,-84.73091330686982,-83.27619352930421,-82.58952815340723,-83.09550246071875,-83.20669645587564,-83.43490607235685,-81.33967982739543,-83.29153067456474,-82.729081141694,-82.7581201056895,-82.58382603233804,-82.17315992646766,-83.25289567291848,-83.70265246853515,-83.12582293969261,-80.38591130664264,22,-82.6729673770276,-83.09820062765587,-84.73091330686982,1.0839910429590134,0.7054364313033473,0.27920571706561503
HDOK,PLOK,17472,21,21,-83,8,11,2,33,-79.3497649603707,-80.56703195356009,-82.49081187567758,-82.8950173034732,-80.64978309637013,-82.10868612475618,-84.25020561722847,-83.01477759314845,-81.76397352625175,-84.60673481954241,-83.24769418163504,-82.63957728198791,-83.7910104629489,-82.10763755905202,-82.04704087283241,-82.86459359616678,-80.80526411449992,-82.63058359420705,-83.3730064804203,-83.77741941926959,-81.89748081537573,-81.71216600097144,-84.82802338049427,-83.50783275269758,-83.1258664080169,-81.84433855579574,-83.07578514348403,-81.7966275978179,-84.01881280002517,-84.53787338029682,-83.62016992890842,-82.04673999234727,-81.35009306065388,22,-82.61643709849345,-82.63957728198791,-84.82802338049427,1.563133716109226,0.3834101226160047,0.07242521794433543
HDOK,PLOK,17472,21,21,-83,8,11,2,33,-80.13648536507556,-79.80734309192191,-82.43898241413143,-82.386769537993,-81.1005102878605,-83.31877252800916,-83.37720238236108,-82.14459748503246,-82.78875921223845,-81.627226078627,-82.44846358429055,-83.598816631431,-80.17603122252561,-81.45423177314566,-80.76146411621208,-83.8718373273736,-83.06771235446216,-82.75608147342297,-82.83133102519632,-82.56722652950606,-81.57955104407094,-83.72847382350591,-84.65746997169414,-82.58624119216009,-83.93117763049234,-83.34953576840468,-84.60941502838192,-81.36791758260419,-82.24715121046819,-82.78775424900316,-80.51264258544037,-83.64722008108645,-85.41042531367451,22,-82.51741878490313,-82.58624119216009,-85.41042531367451,1.8099050282098,0.155748466556237,-0.33238352784156744
HDOK,PLOK,17472,21,21,-83,8,11,2,33,-79.28626481079672,-82.06745405161261,-81.54595161106505,-80.62506389300006,-82.41996332835954,-83.39769210215229,-83.2714740977027,-85.7077670472577,-82.37015412365102,-82.06707557439627,-82.3846675515206,-82.67183840267214,-79.6762021565159,-81.4140221263459,-82.43188193823492,-81.86404393927644,-82.41854005482492,-82.02966982246485,-83.74509872384539,-83.73052631771631,-85.3373155510808,-82.10330810989689,-82.81320711675156,-82.24529038399645,-81.992729412241,-83.35513341586501,-82.63668816990895,-82.87045517335875,-82.46148457092204,-82.19000270663703,-83.85078623594302,-82.43092654922884,-83.22687331507,22,-82.50422886013065,-82.41996332835954,-85.7077670472577,1.566957522636813,0.024044293782950796,1.978268488683487
HDOK,PLOK,17472,21,21,-83,8,11,2,33,-81.90999816373397,-81.01408771568971,-81.05949344341077,-80.59337535157431,-82.32563382890866,-84.80482655914001,-82.07189958772099,-84.21275299571036,-83.79770423804023,-83.41799044701071,-83.32020819741538,-81.04533012236924,-85.55946584024291,-82.79379205723738,-82.00040061569129,-82.54555330578062,-81.81611960662893,-82.36896942688922,-83.40447767837402,-83.27231409516459,-83.78707425388089,-83.5212849828072,-83.69123160924505,-82.67136692143615,-81.84822557173743,-84.2799573514255,-81.68660216477741,-81.7510139233471,-85.02679183841653,-81.81155828174478,-83.05778058667931,-83.51902875690699,-81.4167391793316,22,-82.76978935449908,-82.67136692143615,-85.55946584024291,1.5024947112897529,-0.30896397121735847,-0.5396396359645363
HDOK,PLOK,17472,21,21,-83,8,11,2,33,-81.0153362462507,-79.81471120977784,-80.05809828309452,-80.06820476637427,-81.39995070713198,-84.52644746510765,-85.45782483886813,-83.93388837571578,-82.86018031557248,-83.65121886030215,-85.04366573127263,-81.29034444555973,-80.70615932769987,-82.34630961254862,-83.6992211844593,-82.86651053949316,-82.50361653227965,-81.8075721478016,-82.20877621087355,-81.37647614513597,-81.88391860805007,-83.55186458581107,-83.47942601142783,-82.9794227033288,-83.64054209370215,-83.3130663170604,-84.37825888308966,-82.45275277259056,-80.8179179538546,-82.58673286209545,-83.38204456178894,-81.631959888924,-84.59081935138296,22,-82.58555271328562,-82.58673286209545,-85.45782483886813,2.1244682668388646,0.08464798289899683,-0.6995807364592874
HDOK,PLOK,17472,22,22,-84,8,11,2,33,-89.21959664150712,-82.87048996817208,-82.17920317328881,-81.37039234162727,-82.09874187023652,-82.20789898792371,-84.83817493842243,-83.1003073284216,-83.78526488865194,-83.30897613176349,-81.1226899792493,-83.42466913266347,-84.54650677916274,-83.4726908813121,-81.93970441451332,-82.8063502635443,-84.84134153767866,-83.22722928040497,-83.10958237691202,-82.29648440672172,-83.00121647346153,-82.50986387626769,-83.58914800629185,-82.8155407197295,-83.06456136960634,-80.8434678935146,-84.32101058716529,-83.20993303322626,-82.27939292107745,-83.31296019202017,-81.44030047456236,-82.80637579918836,-84.44639281510229,22,-83.13352907525427,-83.06456136960634,-89.21959664150712,2.141125949453773,-2.089094450139378,8.031874301185697
HDOK,PLOK,17472,22,22,-84,8,11,2,33,-87.05598503026664,-82.72594513082514,-81.74104300667928,-81.9692898043497,-81.7848693285869,-83.24402413965429,-83.62812159624755,-82.21056763500772,-84.23835866415017,-81.5142057418311,-82.39377710338557,-82.28162789698564,-83.45883331893556,-82.73363511534272,-82.79977804491354,-84.02062570194184,-82.06309088886233,-82.09570124975077,-82.61725817018541,-81.97291964745594,-84.08981521998683,-81.44492611570473,-82.34044691509366,-83.3804756592554,-82.92821321701506,-84.4736878163431,-83.13830826030912,-83.4578545596064,-82.62611291666224,-84.3143079505533,-81.77910767470513,-84.30572991939952,-83.418259154317,22,-82.97717886649424,-82.73363511534272,-87.05598503026664,1.2855759370447644,-1.4001850201552695,3.4423195472734123
HDOK,PLOK,17472,22,22,-84,8,11,2,33,-89.43063057130331,-83.29050620317106,-83.53989211462307,-83.12954831252546,-82.82526962281193,-81.67606848042257,-82.42166621142303,-83.83104928820904,-84.51128298865731,-84.63480909429113,-84.5498815808187,-84.38167061636179,-82.80718766113867,-83.75548470682934,-84.8164058625657,-82.25823331647791,-84.4382855449286,-82.74340465180768,-82.64599638938843,-84.0828829763953,-82.59109163564433,-82.11168399626727,-81.95485898516198,-82.61577218572025,-82.2441356255747,-84.52638250878692,-82.30480366452888,-82.86080559904718,-83.13864694842832,-83.53507326336407,-81.26655385557223,-83.06630476406131,-83.19815853870105,22,-83.36922508378812,-83.12954831252546,-89.43063057130331,2.005064009363825,-2.3423746105397663,9.093435203087965
HDOK,PLOK,17472,22,22,-84,8,11,2,33,-88.00779776683991,-83.99566502469564,-81.26219018581796,-81.67676297528293,-80.74414052521058,-81.17782327177828,-83.50387878577928,-84.08823635392834,-84.28169627878525,-82.5441438116711,-84.0741748696433,-83.12126267591736,-84.87009289521261,-83.87725205740742,-84.39672328665867,-84.07420281719988,-84.01578227688006,-81.77145133206028,-83.72733802289504,-82.7717232274943,-81.4297277176544,-84.22448197722211,-84.54848835480306,-82.45803591230211,-85.0570844307217,-82.44882759390458,-82.82474540025146,-83.4325969828077,-83.2296805785754,-79.47484812312834,-81.6798054842575,-83.1406519996474,-81.71514745240465,22,-83.14080183178301,-83.2296805785754,-88.00779776683991,2.4499791902207044,-0.3691684332065767,1.7984284347624304
HDOK,PLOK,17472,22,22,-84,8,11,2,33,-88.49632521176866,-82.03350397357498,-81.70363187144012,-81.6192627018465,-81.76095336783833,-82.2016344379163,-84.07947393082175,-83.84204858500595,-83.15191357577686,-82.27346460798829,-85.34030691684825,-80.9535094782624,-83.57485947434638,-82.22174790016511,-83.41663700281565,-80.84326117913358,-83.74111841290767,-81.8176143571099,-81.6503456434375,-81.50739640730045,-81.02440050121147,-83.0947904710832,-83.01852044206707,-81.70576156877023,-83.41976246976729,-82.66256190225123,-83.22671593122668,-83.12433134264371,-82.39725549169674,-82.42171165398555,-82.10576878748762,-82.85505344250491,-83.15204551454497,22,-82.74053601683472,-82.42171165398555,-88.49632521176866,2.0004815598632604,-2.103612842611188,7.253476580276278
HDOK,PLOK,17472,22,22,-84,8,11,2,33,-89.50148509519441,-82.21874767960793,-79.47237709994064,-82.96266243227926,-82.49817558434484,-85.2474175145613,-85.50404029657209,-83.53023422752815,-85.38317184833251,-86.09709862791905,-84.38436929013795,-83.6784525997415,-85.30072186446942,-84.71131749704787,-83.99643862457853,-81.44922828136194,-83.29844367508404,-82.16789683029175,-83.05927523409943,-83.72543087385952,-83.17547791492859,-82.2236140182102,-82.16365331637786,-83.96121944140548,-84.41991187993017,-82.44010251233004,-82.21504539188834,-83.78275756862037,-83.03454417507017,-82.91369909161298,-82.12090611329862,-82.17804366308823,-82.00895026216553,22,-83.47954274320846,-83.17547791492859,-89.50148509519441,2.9825607993918943,-1.0674021219482213,3.5444466634514993
HDOK,PLOK,17472,22,22,-84,8,11,2,33,-89.44438553569543,-80.3415139977023,-81.86066960834175,-82.44131071433253,-81.88564981334571,-81.24672778087145,-82.54785016488039,-83.4741391841068,-84.66775365093855,-84.79785422084481,-83.59650010341753,-82.18706542234965,-82.40655222776829,-81.30894349667574,-84.86152588198554,-81.37231944182388,-81.54230215844652,-81.95855759235265,-83.4487968103352,-81.65170101417738,-83.05088427121814,-83.36325243864889,-80.95103671778139,-82.53629456660953,-82.55835720456355,-83.05484718848794,-82.64087316694571,-83.72599373709544,-83.31215253976367,-83.29684203138635,-82.37996343955795,-83.86993212518648,-82.37995369036672,22,-82.85340914963649,-82.54785016488039,-89.44438553569543,2.5134093929361954,-2.148265344944612,7.9703487668975495
HDOK,PLOK,17472,22,22,-84,8,11,2,33,-87.67575274536401,-82.000034416993,-81.01140118698697,-82.05335133035281,-82.4789052806695,-83.26580966282249,-84.43533397691911,-83.73229857899162,-85.95248524865167,-85.74177861746281,-82.0694253678291,-84.24972130141474,-82.98503126250782,-83.5257398127166,-82.6186489502833,-82.42626112957576,-83.86431157998031,-83.85577422463177,-81.53375480425971,-81.59084758612825,-81.91921792344863,-83.90463639879755,-81.86217585953491,-81.53097197094654,-83.35701686987838,-82.00360935378406,-81.74885569742882,-82.6319745388178,-81.89627922660681,-81.24579477375113,-82.7870639712812,-83.86046538685432,-82.8809885707124,22,-82.99077932140558,-82.6319745388178,-87.67575274536401,2.0919132067510233,-1.3242346735743988,2.1532031582299633
HDOK,PLOK,17472,22,22,-84,8,11,2,33,-89.32974827279249,-80.58333756439505,-83.84757230728802,-81.83160654459039,-79.8970873119842,-83.8582267337408,-84.12176293594301,-82.54824280833529,-85.0107765104589,-84.44596380116116,-83.30626914773359,-84.57778207879856,-85.18382485025452,-83.01114051715614,-82.19694775165858,-82.53528755700492,-85.41112213181505,-81.33185859177537,-81.01518641752193,-83.70868483040381,-82.02937784295159,-80.94307853319664,-81.20433298760712,-84.32706414585742,-84.25116388833335,-84.08074827905128,-81.71974026368855,-82.95879547527346,-83.4900114834861,-82.29519287478479,-82.19385853733941,-82.96693440763354,-82.05532913795932,22,-83.0990320158174,-82.96693440763354,-89.32974827279249,3.1421544367976764,-1.1007956000469852,3.1664951801034804
HDOK,PLOK,17472,22,22,-84,8,11,2,33,-89.17532534800864,-80.31163151122381,-83.39956585560529,-80.64627774429617,-81.45489653744579,-82.9841705249932,-85.12726607453185,-82.13294060081914,-85.7040040749791,-84.93902344911913,-83.29863655953594,-84.2342787940046,-83.9605118752801,-84.08918223352975,-83.19869280937415,-83.08081890770231,-83.05141299549192,-82.86336509108669,-83.50586508996658,-81.94282135930939,-83.7704675931888,-81.66855161185424,-82.093427949119,-82.97650744399064,-83.33609791222973,-82.94202330191227,-81.18904951016741,-84.63231405273606,-83.15722489182382,-83.8719506111118,-80.72016398819396,-82.52417176761487,-85.62946991622137,22,-83.26097296928691,-83.15722489182382,-89.17532534800864,2.8813602010500428,-1.0789903572475001,3.1979813997045965
HDOK,PLOK,17472,22,22,-84,8,11,2,33,-89.02926050243794,-82.70719979414274,-83.74426574768601,-81.62964801106165,-82.89504495768293,-83.54526106151674,-83.39179872462063,-82.98627745818317,-84.55549855706178,-83.6434159059463,-84.68203094170205,-83.2756545120531,-83.48087549855661,-84.2308549724126,-83.61944048926341,-83.14175061230289,-82.6015864458239,-82.71307799445057,-83.97576161327918,-82.82579388683926,-81.51266529289974,-82.98529750972175,-83.2394830121998,-81.97965637353084,-83.85745545411055,-82.08887742548117,-83.58986896785866,-81.83466886760225,-84.2691707195422,-81.38528165842138,-82.30442001588435,-81.5848901467665,-81.85859032466479,22,-83.18681283199115,-83.14175061230289,-89.02926050243794,1.8752011958616794,-2.2453871996481714,8.98409588631634
HDOK,PLOK,17472,22,22,-84,8,11,2,33,-88.07388560709066,-82.18213047720366,-81.51024974736305,-82.13549688552466,-82.3763140666725,-85.10688438265355,-82.5990267385234,-83.33621605212464,-86.24593440549118,-82.93250743469052,-84.48049489279548,-82.25122322723513,-82.99014579124648,-82.29978140943149,-82.4242898538233,-81.61395146511272,-82.109487092055,-83.39242670843832,-81.51955810850629,-82.02825095144713,-83.93013684851032,-84.15666389681463,-83.87913761809334,-81.92921578630478,-81.53465930718286,-81.99926975251341,-82.42692635637323,-84.62671528854919,-81.64436131512929,-84.35690473729166,-84.3854352293479,-82.8960176126643,-83.33850496272171,22,-83.11249103057351,-82.5990267385234,-88.07388560709066,2.125844158925742,-1.4858328140524533,2.7542208573109455
HDOK,PLOK,17472,22,22,-84,8,11,2,33,-88.79898528860669,-80.77207482389163,-82.01809159318557,-83.11533885581665,-82.82637765093193,-82.97933469595499,-84.65461778418697,-82.87507498384201,-82.32190669574193,-84.22431523346015,-84.11562345512598,-82.1032244585632,-83.19689194396582,-83.02929842297985,-83.66834086925503,-83.17650403704674,-83.15561089688296,-83.17573988455119,-84.12859692092047,-83.30859119539298,-79.93226948119008,-82.23673725293563,-82.80030234320655,-81.89937237701216,-80.73014596584726,-83.53051733329708,-82.42243805548493,-82.47479035977555,-81.67246827371588,-82.6192898377957,-82.24908517315917,-82.22826435670272,-83.83808479202423,22,-82.9175244028015,-82.87507498384201,-88.79898528860669,2.09499744320746,-1.7117532621639016,7.544353678155344
HDOK,PLOK,17472,22,22,-84,8,11,2,33,-90.47178615935329,-83.4278765059668,-84.29496146256781,-83.08707935092498,-82.37801098967779,-82.83527333916236,-83.79533780440502,-82.28523176389648,-83.98381437523219,-84.12365221188371,-84.0056482280188,-85.4844331084743,-82.7833789626806,-82.68238128770123,-83.42932630120183,-82.66480765676381,-83.65578226616877,-82.63284046243797,-83.85745609660756,-84.77433058374716,-81.39039672350874,-82.25598549066443,-84.1156338829351,-81.62556481181353,-83.71273715299289,-83.39478761001077,-83.0032668248203,-83.1683652350778,-81.62520461540332,-81.83240491177631,-81.98840983657617,-80.9999324451716,-84.11567373937554,22,-83.32975067263632,-83.1683652350778,-90.47178615935329,2.620101724116349,-2.550554151629793,10.656571001866087
HDOK,PLOK,17472,22,22,-84,8,11,2,33,-88.63488947756012,-81.05827698421233,-82.94941784343884,-81.4308996643373,-82.59033827130516,-83.90702630024415,-84.03529441096218,-83.50610199665768,-83.509095657719,-83.7721220457052,-84.29580175412069,-82.94118567040746,-83.68625521095151,-84.3636876656407,-83.38848978860341,-82.44053406267571,-82.29578976647701,-83.36625208065897,-82.65428893681039,-82.46945851479346,-83.05974323778085,-82.37664511314172,-82.37302218725938,-81.65003541732644,-84.45562419546484,-82.42828921327296,-81.93130870125951,-83.37056090730455,-83.25857422504014,-83.4120581427285,-84.14001157828541,-84.4934422005186,-82.75635441346788,22,-83.2424507768525,-83.25857422504014,-88.63488947756012,1.663267213468828,-2.042731348498107,8.24000911908485
HDOK,PLOK,17472,22,22,-84,8,11,2,33,-88.49740147725282,-81.79576904165492,-83.78673621082532,-83.90425951980671,-80.8936249412231,-84.83212973744351,-82.50350777636139,-85.25512579293638,-83.5189556521873,-83.30064436417105,-83.21754102746097,-83.21576847566715,-84.43160437725165,-81.84122677236884,-84.16309545521018,-82.55086114701305,-82.84855527767097,-81.90165986854181,-83.69923279285435,-82.79553009256672,-80.6947491751634,-80.82743019777237,-82.08999943610837,-82.57509560117593,-82.82561891998886,-81.09927050170876,-81.42084663620751,-84.56191398297277,-82.96338576764705,-83.91344869441257,-81.57656742132457,-82.85368221735148,-83.56339946302104,22,-83.02783750955524,-82.85368221735148,-88.49740147725282,2.308749249514955,-1.2421546915504214,3.671917801813865
HDOK,PLOK,17472,22,22,-84,8,11,2,33,-88.001604905139,-82.36504765655157,-82.1930325388431,-82.2455640775143,-81.74295107785264,-82.88408836828475,-80.45941425369934,-82.56533464483927,-82.75129659408503,-86.18383198243575,-85.0901623157094,-82.98654230489353,-85.96011627176104,-82.685142371872,-83.05350337331487,-81.78750702218494,-83.55682494867881,-82.59931360512655,-82.30026474011831,-81.51392721718035,-81.5614208071702,-82.5940304934832,-82.22552162297453,-83.3668154876396,-83.01829914816473,-81.91725482930657,-83.22944484230133,-81.71571615837578,-83.89591789516771,-82.11765544617131,-82.77409422729136,-83.18769120805634,-81.92303837335808,22,-82.92279911544078,-82.59931360512655,-88.001604905139,2.164284739317544,-1.7552774342122957,3.8118136144229386
HDOK,PLOK,17472,22,22,-84,8,11,2,33,-89.85555105916072,-80.46680136197539,-82.79589356154641,-81.26363902458894,-80.96958446349407,-82.2124609600826,-82.6221098088497,-83.09552177006327,-86.06089047722385,-82.69564725702642,-83.47402977215582,-86.31950790509156,-83.07609976229215,-81.77992102266022,-83.12593096919252,-83.53852406384817,-82.16872422413152,-84.56767978498219,-81.40765988645279,-83.9506470644543,-83.63131774102828,-82.3995794974939,-82.81017436131499,-84.05424480192298,-83.70665293739007,-82.90537962329296,-82.97220619789955,-84.21592189319435,-82.47462383843417,-81.9842822136519,-83.02217395530886,-83.40709320405848,-84.75692135000581,22,-83.26628472164452,-83.02217395530886,-89.85555105916072,2.9265310671859783,-1.8111016369170516,5.684123221235229
HDOK,PLOK,17472,22,22,-84,8,11,2,33,-89.63775142342331,-82.92520323149766,-82.72232705798133,-82.43883770630119,-81.34768105195349,-83.07634811571326,-83.45362420942661,-82.84097784048302,-83.36477363272334,-83.14598868055727,-82.08481759458559,-83.251877494572,-83.51162099600347,-83.90524963275602,-84.0957883096021,-82.5217558940328,-84.3368121359705,-82.17239856721403,-84.05661032340844,-82.9377589261898,-81.9556875032798,-81.6126452572584,-82.25888161897937,-83.12527880929372,-83.22319442862499,-83.81185741597953,-83.41224552882167,-82.81190953232591,-80.36738713485508,-81.37073981443356,-82.52411877425257,-83.28675414527832,-83.77658403548261,22,-83.07168141888668,-83.07634811571326,-89.63775142342331,2.1031714246603084,-2.619221685710038,12.274337042178294
HDOK,PLOK,17472,22,22,-84,8,11,2,33,-89.8103193660714,-82.0219556950308,-81.6524830256478,-84.7434285342312,-83.17824856593356,-82.45018929731019,-83.44262278776998,-83.52040324366617,-83.93089839775101,-82.94060411548969,-83.02030192144525,-83.7342701676824,-83.44919227112752,-82.05311521139747,-84.48874384243946,-82.06040715457561,-84.24917208854991,-83.29145293462155,-82.61857681185946,-81.5817598728728,-84.29085633903685,-82.4017557547246,-80.85429260343852,-84.18234412137635,-82.1691353114368,-83.23475228894539,-82.24667029866347,-82.18205018423315,-82.32842731315516,-84.11986295888954,-81.36999424720143,-83.64056754502467,-82.57743136209837,22,-83.14655411011202,-83.02030192144525,-89.8103193660714,2.322817649096207,-2.4689676905674913,10.12720316286901
HDOK,PLOK,17472,23,23,-84,8,11,2,33,-81.6998045061102,-81.2571555785251,-83.72649603639695,-81.24146234124515,-82.62855259997063,-83.7676878263364,-84.95606552539057,-82.99755450242347,-84.42791916742111,-82.25363102522462,-83.39733935445514,-81.94385462263189,-82.95942846639882,-81.79644038310002,-83.62455907017481,-83.72150029295321,-81.76351599341749,-81.5942000976222,-83.66044852477592,-82.35084974407067,-81.897111682816,-83.36717879218047,-84.04732855666664,-84.65701007960325,-79.7589306459669,-83.16848285595918,-79.43340686514644,-82.34766435785808,-83.98602013780281,-81.98105076239948,-81.66067773923658,-81.69301030975556,-81.56301887303519,22,-82.5857381005173,-82.35084974407067,-84.95606552539057,1.6449003691197,0.334810343905416,0.0129286775580435
HDOK,PLOK,17472,23,23,-84,8,11,2,33,-81.14776298924546,-81.34260074639641,-82.51388187747634,-82.76623945151775,-81.97564962447393,-84.38469506788452,-85.06052446216275,-84.89326422197028,-82.94759960934566,-83.53948111216404,-81.91491567304097,-82.89016340166917,-81.67051383436885,-80.72809873847515,-83.09023143157965,-83.36067753189675,-84.61155665897107,-83.17924549604312,-82.71416865350153,-82.46571285458396,-82.27215474720639,-80.89834282762422,-82.42499305280607,-82.23302753012045,-83.82518623964664,-82.03911750431025,-83.13482266527645,-83.37057982579104,-82.79307682863495,-82.89638594192664,-82.81360250406942,-84.1576887258633,-81.17841519781153,22,-82.76467809175317,-82.79307682863495,-85.06052446216275,1.1926418781875414,-0.19677511201231904,-0.2644782125949967
HDOK,PLOK,17472,23,23,-84,8,11,2,33,-81.55751641177959,-81.94445994864464,-81.17610355506032,-83.75169718161966,-82.50842521065293,-81.86862247413283,-83.40897483285372,-81.0524229335483,-83.29272311926005,-83.98797706435595,-82.74384571327184,-82.78323527525107,-82.13309500743382,-83.16795937388433,-81.89745884094506,-81.78813733083021,-83.73083596656491,-84.15223898222176,-82.13127568194494,-83.50009918604653,-81.88711614784994,-83.00401647610506,-82.68701323010309,-82.6205520068977,-80.05102774874008,-83.59998239580608,-86.26236674317366,-81.92722302606691,-81.12652334708899,-81.53461986441874,-83.07831339957353,-82.74984779832532,-80.50249231877842,22,-82.53358177555242,-82.6205520068977,-86.26236674317366,1.4299605404325109,-0.5672333979305297,1.5943940474666998
HDOK,PLOK,17472,23,23,-84,8,11,2,33,-79.44432996427534,-81.7383345676713,-82.68772858803801,-80.44761206684989,-82.06052770403747,-85.02327636542492,-84.04006536610939,-82.89464412370361,-84.39614065076148,-85.30402967500949,-82.63901794139949,-82.50005782973982,-83.6231256045715,-82.25751250502408,-82.37006301983556,-82.7504838463232,-82.1446935865015,-82.0066690960871,-81.64385047482764,-85.12891060145249,-82.77498106007138,-84.1992226896183,-83.86547156401346,-82.21961066206656,-83.07677141863847,-84.18792595622594,-81.8860065567458,-82.5691776404979,-83.50960447484405,-81.74643797181928,-83.48074130784836,-82.45570932315664,-80.61655370796035,22,-82.77846327003485,-82.63901794139949,-85.30402967500949,1.7015870093994852,0.15449454419805267,0.33296691834028547
HDOK,PLOK,17472,23,23,-84,8,11,2,33,-80.92698909734968,-81.73946038748353,-83.21314898196071,-82.32599143643696,-81.73692095703596,-83.60611127167383,-83.83983427398222,-83.75210185296083,-82.83929104336168,-83.53369263924687,-81.75348333688211,-81.91479576321109,-83.3327769758,-82.13236359735834,-80.68429117660236,-82.3455587343916,-82.19435567521967,-83.44208982273113,-83.17205603181533,-84.20845803883452,-82.7558276060581,-82.72952852373913,-83.82199563120169,-83.73709870265338,-82.33289916993321,-84.01409749904549,-80.29470616725204,-83.39240625836977,-82.75953366534598,-83.32425900149892,-81.15652080816201,-79.99005759567908,-83.18081776500009,22,-82.61162180267506,-82.75953366534598,-84.20845803883452,1.200748047471698,0.7365491081791692,-0.2067900088425474
HDOK,PLOK,17472,23,23,-84,8,11,2,33,-81.46245822295971,-83.08518632872999,-82.79316854154521,-81.28706898000968,-82.31484707251258,-83.14422820222961,-81.5648123622088,-83.42630116627963,-83.2864441307957,-82.87639217926012,-82.56117514732513,-83.70687249306054,-84.09919820852383,-81.37785526606929,-82.64345871824816,-83.13170631490262,-83.69595221607268,-83.3645528347111,-84.37515785628226,-81.63649127234784,-83.34803922904116,-81.82284871253849,-82.43310913196063,-82.71591805428876,-81.75038633878444,-82.70135721269669,-82.1618860393641,-82.3679532085453,-83.87368738548007,-81.9247477388149,-82.79487021481823,-80.6477096944691,-83.6834733260073,22,-82.66846405457224,-82.71591805428876,-84.37515785628226,0.7944635514035768,0.21193758659700462,-0.5723121495862005
HDOK,PLOK,17472,23,23,-84,8,11,2,33,-81.80260809443485,-81.82409287776038,-81.36247660905231,-82.18202331527493,-80.66066311928013,-82.64278550281462,-83.53911076589172,-81.81580874795364,-83.69398255146247,-83.42488953236929,-82.36985291864777,-83.32130088010533,-81.4437477488946,-82.62492571900641,-82.94658802031582,-81.89106013992286,-82.61200567198489,-80.9889160002462,-82.85072644854122,-83.19199931009636,-83.88243361292552,-82.6543068710561,-82.513616506658,-82.7593756639692,-82.3978834704212,-83.11747019078565,-81.56298682339451,-84.3939984175961,-81.97787313745091,-83.30018085537475,-83.70928378776182,-84.7313000518932,-82.87372796666965,22,-82.63830307060647,-82.64278550281462,-84.7313000518932,0.8661588285789661,-0.05158590599773635,-0.1884373388601448
HDOK,PLOK,17472,23,23,-84,8,11,2,33,-81.12489390662955,-80.95402247208553,-82.88270466070458,-81.07136783122625,-81.29207875940058,-84.42764793016941,-82.83040645857162,-83.90394218230169,-83.2684981219863,-83.98251792209376,-81.53646569245974,-80.874572192054,-82.37645212439821,-82.9133087372718,-82.80822696311162,-83.6653384373021,-81.29490373558536,-82.0734854490591,-83.29216172065588,-82.54925517268595,-84.10221423056629,-80.62860336743394,-84.40576340325167,-83.74605951251976,-82.25453234239376,-84.05779358263162,-84.3830622985202,-83.15804534850234,-82.61556694627058,-81.75993304522869,-81.89394825725073,-80.99956008426322,-83.68072433611393,22,-82.63054718862726,-82.80822696311162,-84.42764793016941,1.385355761661166,0.10268610189065099,-1.2828953617223848
HDOK,PLOK,17472,23,23,-84,8,11,2,33,-80.52943301036346,-82.87382722642691,-83.37053686162078,-82.42697724140706,-80.62204053257669,-82.56281482494023,-85.10924833854165,-82.91085123751584,-83.64971174241057,-85.77959491203856,-83.87360038130592,-85.05620011927513,-82.78847949642672,-83.02028584390531,-82.43392072394533,-82.49376779864215,-82.82007206966799,-82.16000164963745,-84.39718119411285,-81.21083044362285,-82.8695679863251,-84.768865287993,-82.99415348569009,-83.67799235316862,-82.41897902497188,-82.0791132691341,-82.75621230810536,-82.97372052815076,-82.13825861205285,-82.17944010871875,-82.17821594009175,-80.7794994594443,-83.6334056299001,22,-82.89505453461001,-82.82007206966799,-85.77959491203856,1.468225284972266,-0.27726194471407506,0.35306292386150284
HDOK,PLOK,17472,23,23,-84,8,11,2,33,-79.98354028331156,-80.61573461439194,-82.9884871038096,-82.21920496605371,-81.37201691604749,-83.71822936101272,-81.2837163439948,-82.41462550693004,-84.27716374452648,-81.28425867599074,-83.49814141248474,-83.35086505964927,-83.12420370545493,-82.05047005399531,-83.89925031255495,-82.82588649411665,-81.86116409910396,-82.39131854582496,-81.78613067013497,-81.83548849037845,-83.28908732732009,-83.73851735557415,-82.99785956963584,-83.12305152309946,-83.16053261812186,-83.81138052874881,-83.55448810442824,-82.92477070834565,-82.64940218096135,-82.87368494682529,-80.72698231495839,-85.43011718007695,-81.51500875136271,22,-82.62347816573416,-82.87368494682529,-85.43011718007695,1.315948759195742,0.1565866271691914,0.151077355952959
HDOK,PLOK,17472,23,23,-84,8,11,2,33,-81.42182996316936,-81.76784903171911,-81.00982519793823,-81.31850126533807,-81.93005161661355,-84.26522566195816,-83.1976409679417,-84.5894093185008,-83.06658065136222,-82.5216681187384,-82.98972212770309,-84.28246346701349,-80.81767070736802,-83.058681563274,-81.24435861835204,-82.45583277064621,-81.38810867301561,-83.18221462014412,-83.11381632863117,-82.38524127907819,-82.7808129865592,-81.23058450175758,-81.99801458895496,-83.22396963668955,-83.85648755031121,-79.78795293175541,-82.68454797440289,-83.04395172063062,-80.7926979634947,-83.22888300684403,-81.95324596433869,-82.07016682768248,-81.55181714943652,22,-82.36999468943525,-82.45583277064621,-84.5894093185008,1.224911712788378,0.05063730331562615,-0.3413084174474208
HDOK,PLOK,17472,23,23,-84,8,11,2,33,-82.67030329567488,-83.15750695185871,-81.49301036538918,-81.88131267472725,-81.57555297590902,-83.09837132759975,-83.44674461908545,-83.12598859938515,-84.43880192383585,-84.54144210546721,-82.59804603189275,-81.68898482600567,-82.24657848798678,-83.56639760254554,-84.16413316196684,-81.32004295927862,-81.19001727446467,-82.73023132080132,-81.80847461642784,-82.39435279715485,-82.24814685855196,-82.37237176966237,-82.77134360476299,-83.77207286275583,-83.47664168664272,-83.23577519049897,-84.42039273895519,-83.05474974014747,-82.81702731629862,-85.18688338041319,-83.49204619126732,-82.70992422097588,-81.10041947591246,22,-82.84224511982735,-82.77134360476299,-85.18688338041319,1.038732315042276,-0.24622475972737623,-0.4159078993325296
HDOK,PLOK,17472,23,23,-84,8,11,2,33,-81.48508813501918,-81.80203185298042,-84.00524162878463,-82.61481095141482,-82.6062759646936,-84.0999876964014,-83.85393571174106,-83.72744807056816,-81.80127057026912,-83.8254412562054,-82.37804439995799,-85.11622205970801,-83.35043195162221,-81.76804662358377,-82.94723593465764,-82.5509756295104,-80.97391594517626,-82.35852900716802,-83.20699556281474,-83.90480114271651,-82.65258538998859,-82.88606675997616,-83.25887938303681,-82.80165829962968,-82.12773017453578,-82.13832845030419,-83.96901695549032,-81.87282546236452,-82.40050120503417,-82.2806254130038,-83.07577743507838,-82.70927624287134,-82.12264703589318,22,-82.80826206976363,-82.65258538998859,-85.11622205970801,0.7938002578934695,-0.38276008885679086,0.005640346117245176
HDOK,PLOK,17472,23,23,-84,8,11,2,33,-79.78047499015229,-82.11653778082317,-81.22009848993672,-81.68671860212962,-80.4512697148737,-83.584805699497,-84.59006526814562,-81.97336101503328,-82.81241458101364,-84.7048132410209,-83.13087313738028,-83.94359202566773,-83.07373425818297,-82.2210659728951,-83.60464826299174,-82.95859246739396,-82.05298630802811,-83.81452667261719,-83.06487828946427,-82.88683244589016,-83.9638452301999,-82.15304770428047,-85.18441482471741,-83.18459815071793,-83.37512949651058,-83.40341043854049,-83.49738409193742,-80.7808256559374,-82.82923502139457,-82.33522362733328,-81.86927479619892,-81.39045579645405,-82.1868390417753,22,-82.72199918482228,-82.88683244589016,-85.18441482471741,1.4316227106587318,0.305344514382477,0.1378807370072166
HDOK,PLOK,17472,23,23,-84,8,11,2,33,-80.3405763814757,-82.02102515582894,-83.05114868778328,-80.63475198279977,-81.39733264989412,-83.38577943349168,-82.75065440986417,-84.39771577433432,-81.08782116044492,-83.05344046024895,-84.11546384996439,-83.38532371692392,-83.92004820223718,-83.08864779668845,-82.91437916884999,-81.54880094537036,-81.636308442451,-82.8808492923805,-82.69537717336787,-82.48756444742838,-82.02611124610527,-82.53893707058887,-82.08816971538668,-84.20948821605921,-81.90760633796829,-81.86621835629423,-82.07965122104817,-81.89948637250033,-82.70331804814326,-82.51105707110912,-83.15219734312063,-83.01483258536861,-82.12023137529347,22,-82.5124337603277,-82.53893707058887,-84.39771577433432,0.9055141944910324,0.11128124515985899,-0.0332295002939782
HDOK,PLOK,17472,23,23,-84,8,11,2,33,-82.1566649964796,-82.58420036705822,-83.26745932731384,-82.03028259618641,-81.18078560422542,-82.64620330159843,-84.95655343865309,-83.13898935816974,-82.22557876995532,-81.8025588998758,-82.86828513222913,-83.42720643351241,-82.43660006217358,-82.01673746169466,-82.92012495203979,-80.5415508580699,-81.24101562150074,-81.55730438274199,-80.59698775211162,-83.7117314554919,-82.30902995080643,-82.5031325520991,-82.383802079999,-83.11075413597935,-83.64304469930795,-83.63057537958008,-82.63120462720498,-83.94218206425035,-82.22678950570995,-83.42575738032338,-82.3187375979659,-83.1299638363565,-82.40336542288644,22,-82.57470181828943,-82.5031325520991,-84.95655343865309,0.8727520810731488,0.04677080931765397,0.5361637479610963
HDOK,PLOK,17472,23,23,-84,8,11,2,33,-82.02369087556184,-81.5649181727459,-81.4300477411096,-83.38681233308897,-82.34398884683348,-81.48656344125394,-82.06004273204027,-81.74063944602564,-81.83566462912525,-82.76482846307887,-83.75213328261212,-83.04665427236738,-82.17554965944889,-81.96743027343793,-82.97205685182173,-82.86693225356225,-82.19426554881242,-83.02799003269057,-81.85292828854665,-81.31463527998545,-82.24830482901199,-81.85096722616628,-83.1337028449754,-83.55350490860829,-81.6210774780779,-83.5424659797731,-83.49824526397829,-83.63139831513855,-81.75903827332782,-83.59081550693452,-85.63690620805627,-81.40151093947793,-83.0911669436865,22,-82.55657203458671,-82.24830482901199,-85.63690620805627,0.8889725161636459,-1.0107211245487255,1.5785219430953306
HDOK,PLOK,17472,23,23,-84,8,11,2,33,-81.37336294664661,-81.72415990811585,-82.48584613965568,-79.18338471038444,-81.85959647022969,-83.69795014045413,-82.56441455864932,-82.84351155372649,-82.89290359732001,-82.31011183458632,-84.11161422419045,-84.20815500331548,-83.85112962204103,-82.1414685562706,-83.97435724850757,-81.63559063760307,-81.86909134161878,-81.97872158185017,-83.80314797569737,-82.19473613895875,-82.37804940119277,-82.62344734787843,-82.99025404180698,-83.52776124201021,-82.00566265137354,-83.06917821365148,-84.46447024497274,-83.82144474201341,-82.51835647054445,-83.03938955689534,-82.54306015175275,-84.44954213950378,-82.80176471943203,22,-82.75562530644999,-82.62344734787843,-84.46447024497274,1.1336191251942818,0.8257861486992556,2.306507939207694
HDOK,PLOK,17472,23,23,-84,8,11,2,33,-80.92358667963077,-81.1921676272196,-82.44081549260488,-82.6264020461542,-81.40787138079135,-83.3617413991863,-83.513161799977,-84.50714607627003,-83.0124121802106,-81.83828484148228,-81.07939946099523,-83.14422137498913,-84.72818885115977,-83.99688216101497,-81.33088133831131,-82.96397036512136,-80.85147236304549,-82.96351321310628,-83.72869263078782,-83.77020000233112,-82.70823451584103,-82.12362294810372,-81.9093564750651,-80.4380814238787,-83.29031994750652,-82.1918428568146,-79.91201782416111,-82.68331540592752,-80.61639283211402,-84.08552405301968,-81.18277905499772,-82.4134961877432,-82.61523013781236,22,-82.41064318022349,-82.61523013781236,-84.72818885115977,1.4840182979853147,0.10035528582774472,-0.7635527386084155
HDOK,PLOK,17472,23,23,-84,8,11,2,33,-81.02603240403346,-81.28186284690902,-84.56635223814135,-80.6842864458656,-80.77268763351277,-83.00629310720652,-83.64157857996481,-82.35382038033364,-83.74852647710281,-82.91678938041275,-83.53330008984821,-82.6606834472346,-81.11045472550899,-82.85415739085292,-81.80076109252515,-83.0721042155343,-83.37175664476808,-83.47310812494585,-82.40043667988915,-83.63461283670583,-82.76625040556226,-83.46077845308201,-82.06588588296532,-83.0395406145609,-82.9081265779344,-83.9838573860679,-83.63666415262,-82.2026100235892,-84.2966665372802,-83.33128444565284,-82.09930717041351,-83.29220680440964,-84.13844590393127,22,-82.82215845755653,-83.00629310720652,-84.56635223814135,1.0205891547764012,0.5861646285037929,-0.35052256407228244
HDOK,PLOK,17472,24,24,-84,8,11,2,33,-89.03986494389936,-80.83691574528423,-82.52257385224533,-82.60211698168324,-81.22576847429794,-84.15261023658292,-83.6207495883576,-82.52671419819609,-82.73972519602535,-85.13576036505665,-85.18796225798793,-82.11500301106,-84.40237964496686,-84.09200965414419,-80.56421384801772,-83.5549517540113,-83.59584815935268,-80.73444300844277,-83.95994386755633,-82.92830634451114,-83.76451275551308,-84.27930501584224,-83.67845593893199,-83.42507712952418,-81.79962834696208,-81.51233181067485,-83.19860528224781,-83.08167298277371,-84.73225514428032,-81.783309868442,-81.82102616423167,-83.70607936623688,-81.09280427995212,22,-83.13372500658461,-83.19860528224781,-89.03986494389936,2.685581803956255,-1.1716431656192603,3.663689491622472
HDOK,PLOK,17472,24,24,-84,8,11,2,33,-90.85986726364217,-80.18982044565762,-83.5949511382783,-81.82030019030832,-81.98301367330306,-82.75031927359987,-81.94720788501675,-82.44752474830106,-82.73664662257356,-84.44462646870134,-83.02592677045295,-82.93892347336984,-82.67472508160971,-85.41998179462638,-82.17004703912161,-82.86488427973605,-83.21952563777342,-82.69313033079354,-82.51481502741117,-83.05594880587519,-82.97439956793228,-81.42378268040702,-82.78731815742704,-83.62663041997406,-82.06908196316635,-81.42852866998369,-81.98235299259204,-84.14227107842342,-83.31820747686407,-83.60001517095527,-82.57636699223313,-83.67165095001903,-80.43480763199528,22,-82.95113938491288,-82.75031927359987,-90.85986726364217,3.0101240318346827,-2.8356081359872185,12.628060379100956
HDOK,PLOK,17472,24,24,-84,8,11,2,33,-89.20144246299259,-80.62522591941057,-83.39652640348652,-82.28052267140271,-83.21233241796853,-81.72897870121872,-82.96677481763763,-84.7370995553042,-85.79651652215186,-81.69081816403188,-83.68149720749946,-83.53293052096545,-82.66655077827251,-83.11531051495537,-82.53030384936328,-83.17354610512311,-82.94827734362711,-82.03544224815452,-84.82203852056698,-82.84433310446299,-82.832017365854,-82.62762892063773,-82.77424829287853,-84.46270768380758,-82.99279191640083,-82.68444894334861,-83.44469898957179,-81.8586476109344,-81.78090553981882,-83.6052116343295,-82.97999310585138,-84.40234449256123,-83.8734377432843,22,-83.25168333539014,-82.97999310585138,-89.20144246299259,2.1465499133215475,-2.045882705967893,7.324717193703773
HDOK,PLOK,17472,24,24,-84,8,11,2,33,-87.89679970134094,-80.54838842722576,-82.46772432233857,-81.46093253507783,-81.51556464896284,-82.54702585003051,-83.47836176783196,-82.83172587608941,-82.96536620211369,-82.053044990619,-84.11652049301135,-83.3696563523169,-81.07485589402684,-83.88559741933399,-83.28047787695091,-83.61105490302971,-83.6907805190353,-83.26679890154514,-83.87348065439112,-81.60967764850601,-81.21401186340918,-83.7280221724025,-81.8070321925339,-82.15958357503116,-81.9966938959499,-81.26792404347118,-82.6480802824717,-82.32659797738808,-84.21490836000284,-82.94906981088958,-82.586684302697,-83.70558542611778,-83.69925671609019,22,-82.84385713946162,-82.83172587608941,-87.89679970134094,1.7587863523205947,-1.4153888455119774,5.011156953739624
HDOK,PLOK,17472,24,24,-84,8,11,2,33,-90.38823263364502,-79.52038522673293,-81.1608069126426,-81.32952464602137,-82.62888484096185,-83.86178332774514,-83.05247923102817,-82.04639880658033,-84.77979256166807,-83.35451620793586,-82.95008763817245,-84.11780575934367,-83.28165028727024,-83.03140206150755,-82.29105772397898,-80.98969769870729,-83.01022938752064,-84.0442506620519,-83.11533724630623,-81.06518187154225,-83.04330311010608,-82.73185165274607,-83.6782137793764,-80.25897172464136,-82.5445254758972,-83.00182986541701,-82.98443108150649,-81.98405129835537,-84.48978186307275,-82.4812053975919,-82.28210534577853,-81.62603901238599,-83.18451396190493,22,-82.857888736368,-82.98443108150649,-90.38823263364502,3.097649644740168,-2.1264486497360005,9.45024219465762
HDOK,PLOK,17472,24,24,-84,8,11,2,33,-89.07357125556578,-80.07980493917137,-83.30838251432066,-82.0987580795227,-84.57086049671314,-84.7518073189011,-84.96956019961925,-82.80798280052008,-82.74791278227387,-84.35543412121316,-82.56646724566986,-82.54791029822633,-84.56228397521714,-83.18617434390652,-82.55228399531835,-83.99195359164695,-82.9449642351472,-83.67810829657974,-83.62389557012946,-80.77540463286627,-82.93247767762716,-84.48232869648533,-81.46804949429226,-82.18811622656143,-81.39138995582401,-83.27441652000839,-84.33904970553985,-84.61637757747191,-82.00178747720166,-83.70463151428461,-81.94652834881725,-81.38382638716932,-82.72166844442886,22,-83.20133844600728,-82.9449642351472,-89.07357125556578,2.538196492146143,-1.2298843301453675,4.347061321224624
HDOK,PLOK,17472,24,24,-84,8,11,2,33,-87.86877803730594,-79.47202241063083,-84.33656974272417,-81.97326765645043,-82.13048789622735,-83.46679617875577,-83.55407357105136,-84.23414523975498,-83.60310035617454,-84.04257449422101,-82.58867883869414,-82.32035330307541,-81.95094390419149,-85.48494402649747,-83.61175938821805,-83.21846066860569,-83.01726057759986,-82.46778734859322,-82.20282158391869,-81.78650872719841,-81.14352285762911,-82.85560090591018,-83.43125397549187,-82.0850846713415,-83.30877879214803,-82.65577503504782,-84.02446782908197,-80.05157107732178,-83.24171197558692,-83.19936931637065,-83.31632772607837,-81.98177694474025,-82.56646964503986,22,-82.94524377883872,-83.01726057759986,-87.86877803730594,2.1132774691862446,-0.6822319054550631,3.6149119253842206
HDOK,PLOK,17472,24,24,-84,8,11,2,33,-90.45002885682128,-81.59872775722901,-82.4755302320227,-80.52738111122447,-82.99082012770384,-83.94664309139338,-83.15035602953348,-84.0325454075848,-84.90217200249892,-82.65566276578498,-84.25928271421468,-82.20688301583968,-83.23655677402634,-82.04507327060013,-84.26179171338896,-82.87992362002736,-82.20538742552048,-81.72362598349399,-82.77297067168662,-82.76078830223727,-82.13615118573264,-81.52779696371884,-82.67456454420272,-84.59494138873784,-83.98134304768176,-82.74303793544026,-81.30168433106371,-81.05588844487465,-82.05125093726502,-82.76200653598393,-81.68259642224878,-82.65595695655207,-82.33344899972036,22,-82.92675207775923,-82.67456454420272,-90.45002885682128,2.8203003819945045,-2.750873679955834,11.41711948165481
HDOK,PLOK,17472,24,24,-84,8,11,2,33,-91.733646033045,-81.51448927542431,-81.73018492193518,-83.42082950630261,-82.65719302499893,-82.37519001544759,-83.0985400142186,-83.55865619992014,-81.70189876096268,-84.58397552172511,-82.87444246258757,-81.39581396385132,-82.95458648025884,-83.97214503245951,-83.78058837898179,-83.97343511568705,-84.78202308919488,-83.52525223356133,-82.29766720201611,-82.33445754786075,-80.80457400235129,-83.38311989336135,-82.82193858323677,-84.46470762856356,-82.31191414352291,-83.73678073104973,-81.82047649185107,-83.1649991077097,-82.56948572088264,-83.33443635394764,-84.01518638655406,-82.60693957818475,-81.98336509648607,22,-83.19039207570123,-82.95458648025884,-91.733646033045,3.202293557738754,-3.305455234056171,15.398761136941728
HDOK,PLOK,17472,24,24,-84,8,11,2,33,-87.06325526477468,-79.1862592493015,-83.94508177167316,-80.95257073348228,-82.15009202996265,-81.80981911933011,-81.93674673628898,-83.42867096130297,-85.25831372375133,-82.39741459834254,-83.3845342526626,-83.01459017563896,-81.4359200432982,-83.73136650637734,-82.59961500943102,-82.57806717053576,-83.30937586677665,-83.4073698922454,-84.09154665941557,-82.32243032767151,-82.11405454854994,-82.49807574429687,-81.31136872353741,-82.89198926290756,-81.39120406682565,-82.42774669037847,-82.84635120774082,-84.4229869246941,-83.62346744121342,-83.58487772361147,-82.11556184727701,-81.13078680409552,-83.1331403680196,22,-82.77256519531552,-82.59961500943102,-87.06325526477468,1.8975101002894197,-0.46842211705301,2.494594256217322
HDOK,PLOK,17472,24,24,-84,8,11,2,33,-91.11402910358774,-81.40498117608975,-83.22665992946233,-83.84517481403846,-81.361261239878,-84.29636706431353,-83.82339219170797,-83.71292312683329,-83.18287893438517,-84.60382601211026,-81.14734156285283,-83.25503386174532,-82.92157846065138,-82.87193353748609,-82.42410825894953,-82.04398991936964,-82.82312152825054,-82.69571988582804,-83.90161224121529,-83.83512502558801,-82.43970471357696,-82.54384759419055,-82.41777240117997,-82.61538949031512,-83.4960440310458,-83.16953578963664,-84.33099437051288,-82.55727396368677,-82.74047887883478,-82.58855464769431,-82.67281632775867,-82.06029579354873,-81.74947978880333,22,-83.14767411106448,-82.82312152825054,-91.11402910358774,2.69779169950755,-3.4903577147578213,16.57196445868496
HDOK,PLOK,17472,24,24,-84,8,11,2,33,-89.96986338405516,-79.51260574376296,-83.74782364910747,-81.3290528015948,-82.51221592865258,-82.74209147265825,-82.71918008106992,-84.27412577589628,-84.39558783321178,-82.885769154326,-84.06796814967984,-83.20405454556975,-82.22816799903285,-82.6627594809693,-82.51921985092928,-82.04898853832896,-83.96958857236928,-83.77352601945071,-83.58351890176941,-81.94670928586513,-84.18549033229404,-82.24235607553231,-82.64211205319123,-82.93455943816333,-85.44935558068858,-82.48588876029598,-81.37740116969553,-80.89976414546018,-82.98205538740854,-83.67902148347291,-84.20618280888553,-81.41463513669892,-82.39250586579743,22,-83.06012561836012,-82.74209147265825,-89.96986338405516,2.8537537201511367,-1.843603503571628,7.717903154394568
HDOK,PLOK,17472,24,24,-84,8,11,2,33,-88.32436966317684,-81.31190479198467,-82.85088239242978,-82.27354236786002,-80.47663433966831,-82.58424418801194,-82.01398314552351,-82.8511574176051,-83.20486480304888,-83.58795142414668,-84.7595341590485,-84.5729202242939,-83.98244077606307,-83.87497380131497,-83.39376926269908,-84.5395594828075,-82.583542024945,-82.2028986297566,-82.3426132866188,-83.99323290051079,-82.04979488351643,-82.67710883607664,-80.74074309945405,-82.59298716901453,-80.79878470585734,-80.9779384482462,-81.26827295107564,-83.76330745414087,-82.07527473750126,-81.78764806347385,-83.63951254750191,-81.9265143784784,-83.23411202331569,22,-82.82597025391416,-82.59298716901453,-88.32436966317684,2.2260203648214727,-1.3625212935908912,4.171500167258262
HDOK,PLOK,17472,24,24,-84,8,11,2,33,-88.24697208844339,-81.50234254541328,-83.02777113383381,-84.19846570447798,-82.97303860142743,-84.2721668850316,-82.15905832332095,-81.40096108598381,-81.93514361162218,-84.10869486445573,-83.15220987401723,-83.12024785195803,-84.02839819244326,-82.23630134668764,-82.86680080166879,-82.49364765915075,-84.6543491540183,-82.6326888015415,-83.30387802639268,-82.06592152836545,-82.40385899631313,-82.84414988033517,-83.08517593196946,-81.64067465707703,-83.0465625434486,-82.56940552000901,-83.45545227949698,-84.37904459796775,-84.36261944559519,-83.40564321324908,-83.02505026622825,-80.31742189028944,-83.14740484245915,22,-83.09277339832401,-83.02777113383381,-88.24697208844339,1.7495058091200966,-1.5328372375977461,6.024908191246249
HDOK,PLOK,17472,24,24,-84,8,11,2,33,-89.28684749389176,-81.24406073801372,-83.30416367978954,-82.25247198674155,-80.6488051075824,-81.84489142761205,-83.08747784252787,-84.02627106652781,-84.03644715283816,-83.768610238553,-83.48796296646367,-82.82355979886538,-82.27104021221629,-82.72607184382392,-81.42424972702482,-83.41858622460322,-83.80152974771477,-82.59223562911623,-81.92536576661816,-80.55634233061645,-83.0386765781066,-83.34642629749564,-83.84060198074516,-83.7819263473877,-83.88375064812874,-81.68469844923565,-84.71439420448522,-83.33773712975868,-82.20438999735353,-84.04502301760495,-82.83956093832495,-82.54287641934137,-83.77916524076642,22,-83.07776418878412,-83.08747784252787,-89.28684749389176,2.232949064805454,-1.9009455764987326,8.08213295590509
HDOK,PLOK,17472,24,24,-84,8,11,2,33,-88.07935418484826,-80.16353522934705,-83.0277900374448,-82.53344943868736,-81.5800638369663,-82.41261838283283,-83.20747421187018,-83.03033723487393,-81.39448086124685,-84.2541923751039,-82.68455564876686,-82.78896283973481,-82.36317910675122,-83.22406833928767,-84.15142011547094,-83.62517272557326,-83.80643156875982,-82.19699392650365,-80.57803554826008,-83.73664315511884,-82.49404488958957,-82.46483065814354,-82.75935510932763,-82.80164316733875,-82.41601399359405,-82.78279838001126,-83.4582683154764,-82.5043029509912,-84.16402243595643,-81.72926206804868,-81.58147789554936,-83.05095401039773,-82.18139030632412,22,-82.82506433176353,-82.75935510932763,-88.07935418484826,1.7202474861139547,-1.6350742644519856,7.017072353786077
HDOK,PLOK,17472,24,24,-84,8,11,2,33,-88.56510291762633,-80.191448553699,-82.64495020118055,-80.99041949897736,-82.9270498211923,-81.9596745911718,-82.50445785483441,-84.47779504406567,-82.94765074002152,-84.50834075990521,-82.51525130570468,-81.53101360479481,-82.32361147366016,-84.17577455893664,-83.04911572511453,-81.68464770362496,-82.69402604994625,-82.2405323482825,-82.47761990970484,-83.16544588579896,-83.2286160638945,-82.44312845270005,-82.05747568535537,-82.8579113246108,-82.27228640048526,-83.53063945763815,-82.56032463732448,-83.96662115475561,-83.60391948912141,-81.39085327779033,-81.59157492481145,-83.44594608224497,-83.33543962789713,22,-82.84420197354156,-82.64495020118055,-88.56510291762633,1.9215634774313393,-1.9716603645418134,7.890646239161979
HDOK,PLOK,17472,24,24,-84,8,11,2,33,-88.82922573705568,-80.58806021938834,-83.15389396810242,-81.712353091756,-82.08136986427505,-83.30354192377318,-83.5541231635236,-81.732946358944,-84.01027812924465,-84.00173904559063,-83.11227597923185,-83.94092475252755,-83.62056363151598,-82.58402968130169,-83.62612599847266,-82.48547423862938,-83.39184832760301,-81.541370565811,-82.98968893981677,-82.20901005153954,-82.127151689397,-84.1084446395308,-82.05290804588896,-84.85768084373548,-83.83990779929236,-82.98305919168197,-82.58465347944829,-82.74215411846879,-83.19819293963393,-82.76414256130073,-82.71583006438202,-84.04074732567787,-81.46370146903591,22,-83.08931569198717,-82.98968893981677,-88.82922573705568,1.8791039333170372,-2.0533517571516726,8.367447866891078
HDOK,PLOK,17472,24,24,-84,8,11,2,33,-87.75641218763181,-80.56961273209151,-82.7824908941636,-81.2506501287393,-81.77304563001928,-82.5015735365368,-83.37882966351553,-81.61665339695824,-84.48910822705406,-83.34096363610996,-83.32982652236775,-84.04756257189418,-81.58490208286402,-83.45401229787214,-82.56239031378705,-81.69261872325946,-84.13771407096867,-82.37906893273617,-83.41901542726825,-83.1582899320478,-83.28967971278288,-83.8892201311232,-83.21352043691495,-84.05320707723341,-82.61763976108016,-83.76030830614798,-83.33870021614565,-80.18219771446024,-82.61095949720804,-82.6025421810888,-83.42105991904789,-84.15091141381309,-82.058490687998,22,-82.98221751402819,-83.21352043691495,-87.75641218763181,1.7719480311468203,-0.9133453168672716,4.032627591994046
HDOK,PLOK,17472,24,24,-84,8,11,2,33,-88.25966864407127,-81.90717192855739,-84.03577969423966,-83.27134949862179,-81.4807028261948,-83.82678910228364,-82.47274013506588,-82.22037872617216,-82.96896044587615,-82.91620129152447,-83.23201852575563,-82.48607520003534,-83.47951333713353,-83.00600928006283,-83.00509473512813,-82.90594016343063,-82.07392501072998,-82.14773771305619,-83.87755579130962,-82.84587537391228,-83.29829044162769,-82.1950425061895,-83.31736675021183,-84.04879176881875,-82.9986789160073,-85.43468057403393,-84.16741854660044,-83.09521790079961,-82.66890500804165,-83.75088288001172,-82.3670209873709,-82.45127152699797,-81.83969797048263,22,-83.1531137333441,-82.9986789160073,-88.25966864407127,1.454854859620862,-2.4249712753985726,8.89567717418815
HDOK,PLOK,17472,25,25,-84,8,11,2,33,-81.78745849080143,-80.48689363800922,-83.8645918985624,-83.37684557368163,-82.29610772036625,-82.98368994458512,-85.32688416978752,-84.24218969392676,-83.1301127391656,-81.6729980371574,-85.66884677628512,-81.74948406156925,-83.93313097260143,-82.55343911159929,-82.3618246524255,-82.77716054779968,-82.20281870391274,-83.79730023836625,-83.08819424029252,-81.09971952694721,-83.87990610110347,-82.11685289006554,-83.28991282912884,-81.27676160949737,-83.39284422892545,-82.05482431001884,-82.4619971328484,-82.9619143860619,-81.90493200321471,-82.78116540256244,-82.6545162717453,-81.6629055260545,-81.44965791940471,22,-82.73599640449919,-82.6545162717453,-85.66884677628512,1.2792208317446352,-0.571761275795901,0.5252295764837069
HDOK,PLOK,17472,25,25,-84,8,11,2,33,-81.26033920324082,-82.96505638980933,-83.99845400570499,-83.58035044023059,-80.46598075990592,-84.07789110285232,-84.56586586055725,-83.00200833276284,-85.54060016391402,-84.97215706953897,-82.03700921405995,-81.55015035316092,-81.6359255866194,-82.85771946452304,-82.35147110888423,-82.33514706660529,-83.8268922807237,-84.41608026823623,-83.67004132090972,-83.13951368214543,-81.89097847993789,-83.3488076403794,-83.07393333165338,-82.11362855727135,-82.39064292276727,-82.75913264669018,-81.47778698397917,-82.49021153449971,-81.75778994890322,-83.48092857697637,-83.40946716035435,-82.2170541329625,-83.59380440199836,22,-82.91675212099268,-82.96505638980933,-85.54060016391402,1.2575424911661899,-0.17870667401262474,-0.14112554638611918
HDOK,PLOK,17472,25,25,-84,8,11,2,33,-81.49561317268136,-81.09969960002486,-81.94496054178704,-81.07934329649389,-82.8361956453876,-83.56559532304043,-82.02566139056827,-83.39854910918773,-84.3490947973836,-82.66446051535775,-83.33299819300497,-83.60434929712503,-82.24252132677212,-81.48119740635522,-81.9840197276293,-84.08615079376489,-83.02961886395626,-82.90842913634647,-82.61570611241663,-82.88467841501217,-81.02536704959905,-82.01282885468562,-80.89829746963143,-82.27025877646722,-83.421661585151,-82.00689626678275,-83.30376381266521,-82.64978269407435,-82.5415953584561,-82.60922254262974,-84.01016813696278,-82.94224560004206,-83.36193973195158,22,-82.5964506225271,-82.64978269407435,-84.3490947973836,0.8226842575714086,0.15306918927305962,-0.6562044019183788
HDOK,PLOK,17472,25,25,-84,8,11,2,33,-82.64796083690804,-82.45516347008521,-83.18621000206863,-81.0168086960612,-80.90304394981312,-83.9517465117239,-84.24189157190162,-83.60305144272698,-83.2178518737674,-83.59399607842892,-83.82956385995321,-81.12637249018671,-83.52854519480742,-83.711392486531,-81.69051305014243,-83.26560651904826,-83.71972389435768,-84.80320156789934,-82.29128329965174,-81.75173524911288,-83.79912462089351,-83.66335558356982,-82.81257563615517,-83.1927218461131,-82.52662080809102,-83.31236790877864,-81.94271127541913,-81.99773916937933,-83.36978950875483,-81.4227095571758,-82.40271244654411,-82.95969310238935,-79.56006477275334,22,-82.77266206912707,-83.18621000206863,-84.80320156789934,1.251598162923466,0.8051300676186649,0.5910422721956046
HDOK,PLOK,17472,25,25,-84,8,11,2,33,-81.9163529264831,-81.83128413602884,-82.33879657444396,-81.94426777602888,-82.65192032284165,-83.8772192967833,-83.99148909001369,-84.33792920586754,-83.9451551955578,-83.8213299580768,-83.00475759628378,-84.53243497606232,-83.29358623212005,-82.35531472346864,-83.6870631106503,-83.67979954524536,-82.81275920646317,-83.39052758192551,-83.07210959824826,-84.11258873028004,-83.13765215111158,-80.77316790750287,-80.92389724926889,-84.20992564701093,-82.65531582866467,-83.15197407700202,-84.42379378581713,-82.9471909774454,-82.06808272931026,-79.99949467509758,-81.3037829867156,-82.46914606736901,-81.40561618762271,22,-82.85047654705491,-83.00475759628378,-84.53243497606232,1.2817299958403767,0.5844660828868876,-0.2216684482279785
HDOK,PLOK,17472,25,25,-84,8,11,2,33,-81.90964925516779,-80.64141059476137,-83.29315669751752,-82.93492787195724,-81.284004689592,-83.40201263083289,-84.32563478449794,-83.62420266798328,-83.31328069520127,-83.11861385867131,-80.71996121391885,-82.08782181426906,-83.75001365470573,-84.87567341828448,-81.94021238050603,-83.9391102501655,-82.71418455376367,-83.80552226069263,-83.23512512384794,-81.04707359061003,-83.51187194120403,-80.91247166319387,-82.70016712592762,-83.61859509296663,-83.48486559481007,-81.88011084412086,-81.436885642937,-81.96476640043116,-80.50466067737715,-84.24981951959494,-83.59429518746781,-83.5792174514845,-83.54928101000263,22,-82.75601818662012,-83.23512512384794,-84.87567341828448,1.3889374375587926,0.45844362547404843,-0.8830413188746813
HDOK,PLOK,17472,25,25,-84,8,11,2,33,-80.35596493103164,-82.06714764385052,-82.52273208306124,-80.12026072057415,-81.68887659292805,-82.3412204752341,-83.581023409092,-82.65448105265642,-85.26520495328482,-82.55670743742357,-84.14431817984872,-82.90598548688648,-82.32160199454886,-81.51298329657745,-84.30290851057836,-82.89941796823047,-85.01767255859113,-83.42836168567592,-83.31036688808506,-83.95828807597537,-82.0712796965531,-82.86655396592124,-82.25149066252052,-83.69890624510022,-82.54990592083288,-81.15299436272073,-81.54945623777871,-81.95677603091475,-82.28008868948088,-83.25669127722823,-83.684228153637,-83.2938982834387,-83.94168796692792,22,-82.77301458900574,-82.65448105265642,-85.26520495328482,1.3438417325932215,0.09943945921087634,0.16943113956603506
HDOK,PLOK,17472,25,25,-84,8,11,2,33,-79.97704835107908,-82.05343649099429,-83.05090926388309,-82.70819653674619,-82.24266689776671,-82.60399081417246,-82.58663145243611,-81.98591893216505,-82.93038794665009,-82.63180145324917,-82.71611979508036,-84.02442773015696,-81.75925469228507,-84.09145823495868,-82.920785299163,-83.60189786516989,-84.12322822722214,-83.15685802434724,-81.54558920401426,-83.82345137726467,-84.14687952213228,-83.9721645789503,-84.3030884161223,-84.60021140117922,-83.19337659599995,-81.88378224510369,-82.8478311201903,-82.57171096125154,-83.20450515451715,-82.44996950871547,-81.11590789317003,-83.81498822781757,-84.25032795312723,22,-82.9360243080934,-82.920785299163,-84.60021140117922,1.0453526500651804,0.6254238461884619,0.6004898910818106
HDOK,PLOK,17472,25,25,-84,8,11,2,33,-80.93553716472883,-80.16861530599859,-84.35631228618647,-82.08629344630846,-83.48530419764724,-83.30917256711567,-83.35241963546639,-84.6164753299486,-85.24025090174047,-84.36267195278396,-85.4858631877061,-82.79125182991662,-84.25920912781838,-82.68430353701683,-85.24615027962007,-82.50281311705214,-84.27989633242592,-82.11657271414921,-83.08103244694601,-82.20040034871721,-83.06310825271964,-81.56955119873392,-84.27247974338736,-82.68918889717906,-84.2780272363549,-83.14581110478005,-83.3163598248084,-83.02743828056911,-82.2385204551482,-82.07178557684837,-82.22416180702147,-82.18636103861301,-84.25214478108596,22,-83.178651027471,-83.08103244694601,-85.4858631877061,1.5122353174667698,0.1391930335628669,-0.17096319597459697
HDOK,PLOK,17472,25,25,-84,8,11,2,33,-82.58036884666083,-79.88695679531786,-82.24234535284792,-82.91230847278645,-82.12655130615316,-79.47606769910125,-84.0495405197886,-84.55911762068293,-84.00965204612011,-81.83190933785475,-82.65572518564501,-83.05661137187323,-81.88217606738286,-84.83797376603218,-82.68050001638356,-82.99944273614196,-83.88551715121615,-81.62544234971526,-82.00923888967571,-82.47258200318348,-83.41367678423491,-81.73926076002603,-82.02595763794659,-81.24526660447229,-83.42681491537087,-82.93289951831248,-82.57045469878643,-82.60974072221488,-83.48897921647738,-81.42434110105363,-82.8382080417971,-82.7105488917235,-82.42185877188828,22,-82.5644859151172,-82.60974072221488,-84.83797376603218,1.2590800132061466,0.5470919068872081,1.2995134090735232
HDOK,PLOK,17472,25,25,-84,8,11,2,33,-79.37566938754684,-80.92252103152482,-84.28632069661688,-83.40587978314711,-83.91385887560824,-83.46951333536161,-81.6023837784419,-85.30535907983968,-82.18696457608173,-82.1558382324077,-82.82995575211233,-82.31776618797643,-83.76762145925548,-81.17624756319748,-82.88709973304854,-81.6863890450329,-82.29970449071041,-84.01345505016049,-81.89585118036823,-82.55136472931719,-84.39496753189897,-81.8650487086171,-82.05683246380237,-82.74859579028056,-83.62768157943965,-83.41581284449052,-84.19362754603699,-83.98754578392969,-82.32205584822536,-81.95828242118635,-81.55039498747466,-82.16734099776379,-81.3320435546935,22,-82.6566664856241,-82.32205584822536,-85.30535907983968,1.467862392912263,0.16378798208635303,0.33699678036133696
HDOK,PLOK,17472,25,25,-84,8,11,2,33,-80.64135574764514,-80.57796330292338,-82.32606698751633,-81.84184794464957,-82.04643868204691,-84.0420792629571,-82.55243760411068,-83.40355078561865,-82.30106083001571,-84.7531373377281,-82.21350542695195,-81.61487494889072,-83.45403532722742,-83.15734341527141,-82.55456148635675,-82.00467002904374,-83.15304818787652,-81.47239798387889,-83.10226737989734,-83.17580222991684,-82.08021513563752,-82.6743745474444,-81.97296277194877,-82.98935827801499,-81.7791827387786,-83.06396281666898,-81.4789858494804,-83.64750870814345,-84.1426030776,-84.07835750159572,-81.86437346742494,-83.83390084807519,-80.82177995008311,22,-82.57018213913393,-82.55243760411068,-84.7531373377281,1.0556542007555982,-0.015420023091898776,-0.49844527185699494
HDOK,PLOK,17472,25,25,-84,8,11,2,33,-82.14392485374121,-80.54646240480548,-82.84591374593717,-82.10861937227727,-81.44786178587975,-83.49994746193309,-83.60166676751174,-83.01338180007491,-84.85744492434206,-82.34915268754364,-83.54363054074115,-82.37997844788536,-83.78526102722832,-83.59083076822087,-80.7806009652796,-82.5132297621476,-82.64384543246092,-84.04768329081091,-83.76990368041642,-83.3779503396236,-82.95142557180756,-82.77866981839074,-81.56442752095276,-83.50312447990977,-81.57911280856133,-80.76401036915163,-83.0600194769465,-83.73758061347903,-83.00229522688615,-82.33078030510902,-82.20316160751784,-83.59327332611886,-83.27511932600149,22,-82.76334213665737,-82.95142557180756,-84.85744492434206,0.9947942844463534,0.4966390582341059,-0.05290248638520545
HDOK,PLOK,17472,25,25,-84,8,11,2,33,-81.9194299609036,-80.67671065567218,-84.58459452364538,-81.29655343312456,-81.77612792095177,-83.6216242187586,-84.08885896857473,-85.48801280632063,-84.88002206825074,-83.98372800359917,-84.00233162047945,-83.30644215433114,-84.9133883949261,-82.40846404554527,-82.23662846337419,-81.9844283594201,-82.54444830889828,-83.85437001066889,-83.12862500603383,-81.85496055807353,-81.16379504349823,-82.80888140593268,-81.15650049034507,-82.60006646501891,-82.81967319987706,-83.85385051161957,-82.2407494807905,-81.66534562853447,-83.60633018600373,-83.33663299341026,-82.6325757674278,-83.69011719895597,-82.32644717603681,22,-82.9227489402728,-82.80888140593268,-85.48801280632063,1.3989089534341792,-0.18285512353862315,-0.6242472681730007
HDOK,PLOK,17472,25,25,-84,8,11,2,33,-79.15201390700179,-80.0451044788369,-82.17206698465864,-83.01222195151564,-81.08448881700252,-82.79915224801312,-83.59704571008986,-83.3955877237082,-84.86380298612123,-83.58091159293039,-82.39967309316427,-82.53862499807776,-84.31978635236547,-83.49415635844744,-84.70513513746329,-83.48809410424091,-82.88045772256203,-82.88496084754175,-82.80044920385795,-83.34516373047725,-82.60983188349678,-82.57461676733058,-82.865994598628,-82.2754434384392,-83.75580615424893,-84.72341465385131,-83.07328017255325,-84.00799742630421,-82.43484036592542,-83.6786718075136,-82.74059591478756,-80.9822468217846,-83.1272773150413,22,-82.89117925054488,-82.88496084754175,-84.86380298612123,1.4585514862153288,1.127327704552817,2.20131093253373
HDOK,PLOK,17472,25,25,-84,8,11,2,33,-81.25192044222327,-81.99891699883345,-83.30175522702899,-82.20960213928811,-82.88809327510981,-82.5871497265572,-84.04990861228474,-81.46026176473327,-82.78926489813806,-83.00112287387918,-81.26469054044694,-82.0345945004668,-82.76813389799214,-84.23940416559446,-84.18206391220248,-84.0338218991149,-82.47640207865012,-83.44325262387213,-83.19783565621938,-81.9359585298706,-82.55953075270334,-83.34915284014514,-79.82068559818444,-83.69456168158503,-83.12474453708687,-81.49279153445931,-82.53254212948886,-82.05627562597944,-82.89966043333808,-84.0057009996046,-82.25308613187897,-83.50169684789607,-81.98071327800076,22,-82.67834230766235,-82.76813389799214,-84.23940416559446,0.9658756070188487,0.5622840532262084,0.6327210698458052
HDOK,PLOK,17472,25,25,-84,8,11,2,33,-81.31023737206303,-81.34668471200145,-82.86856842051536,-81.90472382686754,-81.16023602273005,-83.14353508166728,-82.27392816910887,-82.72385903216619,-84.61809096230338,-84.705727301314,-81.6881994126452,-84.49333042842606,-81.61448703283133,-83.94286333381446,-82.95789119211803,-84.00303140511173,-82.52562271544045,-81.93961672701849,-83.45404530553158,-81.22174123869014,-81.9055368667833,-81.92497546830965,-82.42630514486487,-82.96256678036424,-82.08260579509114,-81.87448559457408,-82.96119225939003,-83.08705829707246,-84.37452467021906,-83.54198808049695,-84.0599249304607,-82.98596660005818,-83.68940660952828,22,-82.78099869059326,-82.86856842051536,-84.705727301314,1.0856994874824384,-0.2404643791972758,-1.0068145959292845
HDOK,PLOK,17472,25,25,-84,8,11,2,33,-81.51053400213658,-80.31872706319534,-82.20851067102954,-81.40923087734042,-80.34904493768906,-83.16119627858752,-81.93269353380377,-84.56517037235554,-84.78486045981512,-82.59282756197543,-84.17792547960373,-82.58096656359201,-81.2153550952751,-82.24507581870562,-81.11744980326344,-81.6271471499402,-84.79566401170848,-84.87098904956108,-82.55854065995489,-83.67242706877363,-83.42103187013888,-82.379544554422,-82.41521897636306,-82.26669705909686,-81.35339991118511,-83.75649554277206,-82.88872942806384,-81.09862638439049,-83.6302418877899,-83.02767328720198,-84.02776646929507,-83.41337237497964,-82.3734928058526,22,-82.65898869726844,-82.55854065995489,-84.87098904956108,1.551839073342143,-0.07310080826768013,-0.7362061268386761
HDOK,PLOK,17472,25,25,-84,8,11,2,33,-81.86300375516285,-79.32727913877481,-81.97264341352036,-80.8328646431314,-81.0761239578629,-84.22846362481154,-81.93960207799567,-82.71254675070494,-83.46323198099586,-82.41359083546418,-82.87331791954945,-81.60086249959627,-82.60017554236043,-82.97139039880874,-84.82676798827872,-84.0888948886213,-84.57665532148566,-83.343861145733,-83.65069790406814,-82.58738726397463,-81.95640653456783,-81.5950202690868,-84.24292231540946,-82.20431165212842,-83.86927259197282,-81.42857963391606,-83.17319883540112,-82.87633591016296,-81.47161458900912,-81.37180925916523,-81.68831271666514,-82.11642504093732,-81.28211849934655,22,-82.49168754238394,-82.41359083546418,-84.82676798827872,1.4481331929771617,0.0823729453654221,0.09184122009076878
HDOK,PLOK,17472,25,25,-84,8,11,2,33,-80.84885656544712,-80.89981375782918,-83.51802429086773,-83.88235582711155,-81.62529902589668,-84.20931540416508,-83.82394285991238,-83.40508303352918,-84.72957696309946,-83.00781108960149,-82.57685981516009,-81.69486961628768,-84.63266956147379,-84.02563614030505,-83.4844500895569,-81.28355097045937,-83.45579596512077,-82.50775313247316,-82.35529360778457,-83.80393974148666,-83.0286855184273,-82.77694492132385,-81.9308531711173,-84.16734811211873,-82.15681125673568,-83.64077777420967,-82.6481315984626,-81.2069691158758,-83.32721930709351,-84.01912643082946,-80.83915997200447,-81.99311496734822,-82.40180259610058,22,-82.84569218785501,-83.00781108960149,-84.72957696309946,1.2418845285081523,0.2738341959880604,-0.9524701288063815
HDOK,PLOK,17472,26,26,-85,8,11,2,33,-91.16787055989451,-79.90639900935673,-80.71250546779085,-83.2667504937919,-83.13997079434502,-83.10080894027627,-83.5053622554776,-82.75099165700024,-82.07296822417472,-81.0214731261259,-82.47556105169622,-83.76164760292082,-83.41361962124287,-82.61133951561288,-82.6155459915385,-81.32664470423495,-82.83011119593839,-81.8225731677822,-81.96675944178703,-81.88240181310083,-81.85019808135813,-82.93431229924808,-83.43779543029169,-83.59896503860989,-81.03700840406059,-82.87722186984222,-83.18457063627098,-82.12705096521744,-83.08122543466322,-82.05358310785418,-82.57573464470116,-84.26509786206437,-82.92605427974931,22,-82.76667038448545,-82.75099165700024,-91.16787055989451,3.0908884121361093,-3.2141222323219902,15.619250054677254
HDOK,PLOK,17472,26,26,-85,8,11,2,33,-89.71407426088221,-84.27201805910883,-82.35117129193722,-81.03440084307685,-83.69270347441184,-82.69355762688791,-83.08074257747097,-82.47105065670918,-82.78312861610137,-83.84102271420373,-82.76371774567208,-83.48132331225177,-82.4287103838227,-82.65447839876879,-81.77192117173972,-84.14377622766357,-81.73650837018523,-81.91728798513232,-82.08317743100847,-83.91136462228526,-84.56142947781521,-83.59803327207268,-82.86744327781582,-82.66343330492528,-82.64955465904416,-81.08474037877026,-83.76747884462412,-82.1315347785281,-82.21032389241684,-82.09429764202869,-83.95777980150564,-83.0485374718887,-84.05087184781594,22,-83.07610892177489,-82.76371774567208,-89.71407426088221,2.17948099783185,-2.713797892251339,11.604780305503951
HDOK,PLOK,17472,26,26,-85,8,11,2,33,-89.58130260501223,-82.04652695771702,-82.26982342076349,-82.02668777448777,-81.10393043909544,-84.45017962066545,-84.76950886978297,-85.25457422537082,-83.49768664858775,-82.77865366872075,-82.09081881586174,-82.15682093148698,-83.71582001705146,-81.59314494457357,-82.13217080298142,-82.38205859097128,-83.00280385259794,-81.89551312992546,-82.51682334734016,-81.98650306253926,-83.19296618930728,-82.86570480143254,-81.77826601589396,-82.4594734028611,-83.51296860488077,-83.46335816545262,-83.61286797488364,-83.48070020083289,-82.75717010084625,-82.34884761985953,-80.79438838743923,-84.28321840211332,-82.88640902536052,22,-82.99053607929382,-82.75717010084625,-89.58130260501223,2.3480543680141888,-2.480486161852583,9.425634094794285
HDOK,PLOK,17472,26,26,-85,8,11,2,33,-91.39771431790194,-82.30710397893654,-82.16547987346661,-83.30022264567445,-83.34255957199186,-83.46358120796295,-82.7987847228589,-82.34271304485466,-84.05623850409401,-82.77198692732696,-83.24931095455338,-82.4204518307802,-81.93265740718256,-82.57372594833616,-82.38707433554808,-80.3400983058129,-80.59269812788403,-83.79472086402085,-83.87336119311001,-84.20550728148483,-80.94056281066555,-84.61956897714549,-83.06327937128849,-83.31823805779258,-83.00509300808336,-82.00162563559094,-82.42166329940333,-82.12892378330757,-83.26435447338594,-81.69582628279137,-84.07380695907771,-82.44625335862646,-81.30723032881892,22,-82.95764901181091,-82.77198692732696,-91.39771431790194,3.232405838515107,-3.0722323241522793,14.330040308559147
HDOK,PLOK,17472,26,26,-85,8,11,2,33,-90.92616216644967,-82.20539923511062,-83.98754647711722,-80.44498109732234,-83.29256253728653,-81.64772276760424,-84.91517398320063,-83.5316062271734,-83.18509001367653,-84.183786351465,-84.59437620199465,-82.93581489373099,-82.61496938507388,-80.47138840380295,-81.44344890693746,-80.68694340677429,-83.00896390580732,-81.11660958825058,-82.66260783866986,-84.30759751115583,-83.29662555949503,-81.59310705037458,-83.95856232280684,-82.80838597049559,-83.53858726689893,-82.10500746361436,-82.78532851701755,-83.83559440126886,-81.55783454039934,-82.10898531179595,-82.1232372229729,-82.66993046384941,-82.28850748103301,22,-82.93431649910988,-82.78532851701755,-90.92616216644967,3.3171194962860695,-2.4725736311212123,10.356191627728373
HDOK,PLOK,17472,26,26,-85,8,11,2,33,-91.15448992858639,-81.08905135386712,-82.89630950846976,-79.40972021918947,-82.92543902591214,-83.1471291380312,-84.79413055316063,-84.55352727811658,-83.83239775896676,-84.30247966340355,-83.11774195910746,-82.95758277133227,-82.03184673517376,-82.18966223816855,-81.51951641825349,-82.13174876075591,-81.92337730498916,-83.70637845405851,-81.18311496634968,-84.05016167575398,-82.54893591787783,-84.27425177374349,-82.41045139047075,-82.03593841459397,-83.28225937570261,-85.4279874878575,-83.12414981814673,-82.42894344573841,-83.88025986956725,-82.3500713636466,-82.19008084132501,-81.72505507779705,-82.8944828267805,22,-83.07541434287558,-82.89630950846976,-91.15448992858639,3.467792422488801,-2.347084927574841,10.067790463878353
HDOK,PLOK,17472,26,26,-85,8,11,2,33,-91.76554036123312,-81.93337164766476,-83.97551790991834,-81.8084692581047,-82.73589546785344,-83.12446734429996,-83.60725467615805,-84.36200430344347,-85.18767428587564,-83.26064829215832,-82.04862105329393,-80.87716839594026,-83.11983175078235,-82.36256468075301,-82.2704106220412,-81.09542480479617,-82.58082355435246,-81.81221749019907,-83.14164299620053,-83.0263334623895,-83.32063811385609,-82.952219739504,-82.69364291640728,-83.75432431356303,-80.02653502014168,-82.01804488626355,-82.47387137488748,-80.40150481605788,-83.99654757949111,-82.84839713787872,-80.96495148350729,-81.69570952192362,-80.66205799492289,22,-82.78497961381403,-82.69364291640728,-91.76554036123312,3.8638643135400406,-2.846771364868316,12.59947654461688
HDOK,PLOK,17472,26,26,-85,8,11,2,33,-90.84254469181487,-82.19264739680253,-82.66638696064196,-82.63739008598743,-81.05842599185935,-82.50618218250622,-82.64327656206471,-82.70636549323784,-82.08952101738085,-82.19612643699007,-82.32879861752858,-82.58058342242118,-81.77587725286148,-82.87917672170177,-82.56998592910122,-81.54565180921756,-82.23415142970042,-81.77748859259255,-82.8702576722915,-80.4991080771546,-83.63807273352214,-84.64721826450149,-81.27964048230247,-82.27387945823853,-80.59793703138719,-82.95424358912484,-84.38014633385872,-84.15311962245104,-82.57222510308438,-83.10506122824806,-84.60702810956747,-83.39081689013184,-84.74646090196812,22,-82.87714533612856,-82.58058342242118,-90.84254469181487,3.0905883907806646,-2.8433994106902456,12.093947444152738
HDOK,PLOK,17472,26,26,-85,8,11,2,33,-91.08890357376731,-82.19735351314351,-82.52688397564488,-83.77498191838868,-83.94420441497309,-83.80679696383328,-84.14625773072966,-82.29759581268175,-82.05989796259085,-81.96376823426962,-83.03864686912408,-81.96332341143301,-83.69808719397702,-82.65347870545033,-81.89323077283377,-83.5084874370165,-83.02233475927731,-82.610678880673,-82.26703848788392,-82.66688934516081,-82.66656464438013,-82.1462975652999,-81.80577402181233,-82.54609249780462,-82.67928075958896,-81.90030700922438,-84.13386677587582,-84.10334554058235,-83.67997908858257,-84.60641437270249,-84.85194667185432,-83.28802872354665,-84.3884471428721,22,-83.27046014475695,-82.67928075958896,-91.08890357376731,2.682744703126391,-3.377207182574683,15.294158824161501
HDOK,PLOK,17472,26,26,-85,8,11,2,33,-90.19355768866657,-81.22512858451904,-83.11171314383405,-81.93207647165929,-82.03319587634292,-83.0535718233574,-82.54833214319322,-82.34351505883087,-84.609194525307,-82.60066391436757,-82.51798393373315,-81.04900993223478,-85.38444772942111,-83.30328420872182,-83.55167375731487,-82.107650975652,-81.69189376879005,-83.33505418200755,-82.62369978124504,-83.42481698765286,-82.93348281387546,-83.72350965156414,-82.78933143013771,-82.03264927241479,-83.14445437820464,-83.32929773604747,-83.29694624180192,-83.66221208173371,-81.48341094842324,-84.77393806900203,-81.30936556169966,-82.06818847610106,-82.49234576182867,22,-83.02059384574804,-82.78933143013771,-90.19355768866657,2.5762264304723606,-2.784603682686523,11.348021469231623
HDOK,PLOK,17472,26,26,-85,8,11,2,33,-89.48329666094355,-82.20818752458152,-82.20320065506962,-81.27569307914173,-82.13177493414295,-84.06885824839054,-83.60296744514834,-83.18697536064522,-82.99998337641296,-84.22575307403964,-82.9470309032584,-82.48042464023449,-81.63889020108435,-81.42659181534418,-82.22511698148723,-80.76386922563103,-82.70732602946556,-79.87407642628504,-82.6602023355968,-84.69165016478338,-82.6447255322216,-84.00264391878892,-81.60020136414094,-81.54262398846049,-82.49569266091828,-82.67709851950454,-83.35633803439025,-83.44838077313828,-83.04487416781681,-83.67585391920174,-83.46470692732989,-84.03517021610583,-82.71264094237118,22,-82.89402484988106,-82.70732602946556,-89.48329666094355,2.438218556176152,-2.0630058095399026,8.800363021579647
HDOK,PLOK,17472,26,26,-85,8,11,2,33,-89.65135876156178,-84.25243886481674,-82.38286807150828,-81.57733630521031,-81.86004472697941,-82.41419809787838,-83.699717130784,-84.47442702822681,-82.79523520287471,-84.36435729237662,-84.07291981246182,-84.44359523221459,-82.16454025097926,-81.37026148431869,-81.63225004154704,-82.35444284991006,-82.18800599051575,-83.8608022608622,-81.46382513205552,-81.88992242342887,-81.72617233168829,-81.65129181995101,-82.45205799622114,-83.60595823778971,-84.86578880357261,-82.53093182169187,-81.43509210252938,-84.4315746936458,-82.54083464091524,-85.10431913281683,-84.74907999065167,-82.02719194603961,-81.85786012753256,22,-83.08759698804718,-82.45205799622114,-89.65135876156178,2.736278086973901,-1.954956932185232,5.965358369548344
HDOK,PLOK,17472,26,26,-85,8,11,2,33,-90.8155371200087,-81.3338969545259,-82.18459760220605,-81.98890492630007,-82.45889760686305,-83.73262448392428,-82.64732467722033,-83.07755645162733,-83.49596934511212,-82.93284076048121,-83.08654258586974,-80.5125520475852,-82.60027456286964,-82.56763188245961,-81.87946215441353,-82.35990474033474,-82.6024543869257,-82.10378634571421,-84.29068566651621,-83.63769031688078,-82.41555255608384,-81.0474137172968,-83.62736275353664,-81.8744172416998,-82.5259483925099,-81.72268013086334,-82.5425824518024,-81.29424077208493,-83.43991456840126,-82.90160362570204,-82.60698589331719,-82.00446598771263,-82.79820210984637,22,-82.76092438844532,-82.56763188245961,-90.8155371200087,2.6754524842996075,-3.6486677005459285,17.8119799396001
HDOK,PLOK,17472,26,26,-85,8,11,2,33,-91.3781205355236,-83.68452660534878,-82.5078578752195,-82.68807244474938,-82.9298404412398,-83.81509935971181,-82.56338269598015,-81.38627573799344,-82.90875266175237,-80.85551885876413,-82.8946371996718,-82.01879911929187,-82.51205739876691,-84.11187463459581,-82.21319741517104,-81.91290664220445,-81.75468110520346,-82.11139206578589,-81.64476427941956,-80.92912592512742,-81.71850905288638,-79.48738361492767,-83.35938498144951,-82.54854520337476,-82.05896862676589,-83.47013107109899,-83.17430012691021,-82.54855950561112,-83.6844585992883,-83.36000737834925,-83.97231631364617,-85.77286592897502,-82.42401319484071,22,-82.860615957565,-82.54855950561112,-91.3781205355236,3.5261861292576744,-2.8018379367713617,12.415499721654454
HDOK,PLOK,17472,26,26,-85,8,11,2,33,-90.4196220238506,-82.23552077728685,-83.41964172717839,-82.51523975044805,-82.66031825562372,-83.90678536883911,-82.55582442978672,-81.6632699722147,-83.59015528026616,-84.2952468725951,-81.45959461060963,-84.01718756683294,-81.40101292447956,-83.1411877770258,-82.3607292333719,-81.84816480971926,-82.66448952104311,-83.034079776105,-83.10663570583476,-81.98758302672302,-81.63613103828955,-82.41913870657483,-83.82686152514887,-84.05576510714714,-81.6418535572386,-82.47084645000453,-83.95974181208193,-82.65680229808585,-83.6880354664131,-83.17279107908908,-81.8115157860295,-82.9313268047264,-81.15592135183252,22,-82.96087940583323,-82.66031825562372,-90.4196220238506,2.4937469331201134,-3.2125629243113414,14.591692915749588
HDOK,PLOK,17472,26,26,-85,8,11,2,33,-90.9688258567332,-82.6564450359883,-83.32560134065203,-81.29018101345932,-82.43540560509592,-82.47786427759773,-85.4098595845298,-82.17517209879436,-82.42581009647878,-81.19329227945785,-81.26378125590368,-81.97325391568884,-83.1077946203647,-81.15661507974664,-82.80359239275451,-82.97589099269285,-81.90031393637311,-81.9138885690934,-83.00296080650779,-84.01837201467437,-84.21986961133385,-82.28262854680776,-81.89409954822054,-81.99945388743595,-82.99121239563785,-82.08558852882868,-82.57552037394166,-82.26286437871465,-83.14205027011137,-81.65550234926982,-82.92790066462477,-81.69396364314657,-83.99788373767116,22,-82.79404420328281,-82.43540560509592,-90.9688258567332,2.945080542696305,-3.4470020293446075,15.302633004691709
HDOK,PLOK,17472,26,26,-85,8,11,2,33,-89.97650907504499,-80.77794830566305,-83.80894024887104,-80.82866485878947,-84.23654040798004,-83.97199220592393,-84.57450075624912,-82.9360952603417,-85.07776131755067,-83.12269801139153,-82.46698270684578,-82.69426294414586,-82.29978155489171,-82.636124933308,-81.64745583005347,-80.94845897854098,-80.748023049482,-83.95752335157582,-81.57933567630549,-83.7452617492694,-82.80185563077133,-82.7026558819288,-82.37667987368245,-84.37347706880149,-83.29456027523254,-82.76314551344282,-80.69421961204539,-83.54681107055487,-82.94979210900756,-83.88336344341506,-82.95010817627603,-82.99149970706499,-84.42447840425937,22,-83.08446993905171,-82.94979210900756,-89.97650907504499,2.86690986094896,-1.8303423907513672,7.197733161282004
HDOK,PLOK,17472,26,26,-85,8,11,2,33,-91.14098667010934,-82.94943114647086,-83.88118731935886,-82.47250899736466,-81.82682138479203,-85.08396709032978,-84.71204487963912,-82.03767092413308,-82.98395670559609,-84.69991003690276,-82.58289248665375,-81.97194553148344,-80.96143632241414,-84.74889677080843,-82.79174792478385,-83.28844489946903,-81.86991592918413,-80.70094447991202,-81.61503363188925,-83.76774451768773,-81.22965713093292,-83.93567302273378,-81.4693934832925,-83.76152812361417,-83.24168435502564,-83.10709139937772,-82.59830910636798,-82.47998674353467,-83.40580496111576,-81.4109270550781,-82.07925375108837,-81.15897391056008,-82.50174778590169,22,-82.98386419629108,-82.59830910636798,-91.14098667010934,3.3952139684947094,-2.6543785504897173,10.726101019177598
HDOK,PLOK,17472,26,26,-85,8,11,2,33,-90.04061748846163,-83.13671689146443,-81.8193640083829,-80.38673609016854,-81.68683143605713,-83.730829625577,-84.06995466977216,-81.92083263021634,-82.21385607902407,-82.60171751986813,-81.7382589018379,-83.02291303503846,-82.16954237601135,-84.05010860639558,-82.12749925450576,-81.02969554519295,-82.55014340259473,-84.70164783124838,-83.62344811110397,-81.90273357558434,-83.40997942847919,-81.50660936617427,-82.02078200345645,-80.91858355544679,-83.97823529426609,-82.93125608928348,-83.58139003630546,-83.03890652300281,-83.07226758615587,-84.82192182979108,-82.229137426781,-81.57354888315623,-82.24780973176438,22,-82.84405681310812,-82.55014340259473,-90.04061748846163,2.744942235880458,-2.4709632429945123,9.828666651596883
HDOK,PLOK,17472,26,26,-85,8,11,2,33,-92.53404733886131,-80.54945398543909,-82.96646515827291,-81.12986536341008,-81.76546033461871,-83.02583870312665,-82.95058399095925,-81.7223381114425,-83.05993204190064,-83.41027771610678,-82.38023916835094,-82.76648570883933,-81.52818604448422,-82.3335858653762,-83.37391631391947,-84.48118260340274,-80.27873390211641,-80.82438784722405,-81.59459497709462,-82.46496786678267,-82.01460623746158,-83.19727399036142,-83.29723015203453,-82.52578176011032,-82.78235899412329,-81.20695990603275,-81.87513515660534,-84.23287132384938,-84.2585604640467,-83.04016765841693,-82.41128607642824,-82.03777870403648,-83.67441117785957,22,-82.77863529221497,-82.52578176011032,-92.53404733886131,4.017654140172218,-3.5142660235377314,16.84897037859189
HDOK,PLOK,17472,27,27,-84,7,11,2,33,-81.41969856191098,-81.53346637408954,-81.45254514370977,-83.4076117902306,-80.43531661654195,-82.16329676672227,-83.64453868348055,-82.05768120252446,-84.67280671414123,-83.44184173717929,-80.76778571904782,-82.5042325774426,-83.35453277347708,-82.88211032427384,-81.58905915453683,-81.46475001174488,-84.07918947872822,-83.53923061289355,-81.87744285521653,-81.04371269393128,-83.17545130915678,-83.57907727254006,-81.2235619739233,-82.68911496638138,-82.88414096040354,-81.977542523978,-82.81943759841621,-82.56998059241623,-82.10316042541575,-82.40278142343999,-82.17066150326689,-82.72172710569026,-83.62607971710761,22,-82.46283536860483,-82.5042325774426,-84.67280671414123,0.9919084761535427,-0.028248561445088596,-0.550600437575469
HDOK,PLOK,17472,27,27,-84,7,11,2,33,-79.41551362988393,-81.93011348419138,-81.2712723483689,-82.01242710383704,-80.64906871334084,-82.16270911055763,-83.30456099439859,-82.82529827256997,-83.08917596378689,-82.93748081719531,-82.4338353766496,-82.24719372172832,-82.70069028011795,-81.08031370719485,-81.82226711765176,-81.8249013014157,-82.85040975892717,-83.5345674182944,-81.67731386808103,-81.89621748424396,-81.49651293580919,-82.87969038202921,-80.63272286611497,-82.80086236440148,-83.4882488779321,-82.45520487707931,-84.2406081536282,-81.22144931927689,-82.13005989034197,-84.17524201689089,-82.35478526145174,-83.41538324480813,-80.75864002938657,22,-82.23378002095716,-82.24719372172832,-84.2406081536282,1.107836434724433,0.36747425904854075,0.3148667794286806
HDOK,PLOK,17472,27,27,-84,7,11,2,33,-81.93692206219876,-81.33358288808394,-81.58482561400652,-81.35267950257585,-82.71550903094547,-82.85147280659781,-81.79039252434502,-81.88251898821252,-82.65980785474336,-82.79643464484721,-82.84650745044752,-83.94085503918004,-82.97566629059237,-83.85686427135974,-81.82543016893376,-83.4812613414341,-80.30953608121891,-82.29749374229941,-81.90036235355782,-82.74628255202346,-82.3951833952201,-81.98051219094093,-80.65396414358993,-82.33257896211092,-81.00595925387007,-84.1269363631243,-83.31394231356012,-82.53708544003979,-81.677541114503,-83.59104357972745,-81.81115732638047,-84.01813726543203,-82.96083673922388,22,-82.40876616046445,-82.3951833952201,-84.1269363631243,0.9025417798236278,0.06413158242186377,-0.41706909809610515
HDOK,PLOK,17472,27,27,-84,7,11,2,33,-81.27781448341294,-80.29365734236252,-82.49067666602706,-82.78129052235815,-81.72960587170631,-81.98495232864613,-83.90602801634934,-82.47519310732875,-85.09591807683711,-82.37523690125671,-82.01729483725339,-82.02352591585831,-81.4436045322149,-82.64549739049595,-82.38843201272245,-81.710265969393,-82.17235693320056,-82.79242410116579,-83.44243867741874,-83.21924346172167,-81.88288929435546,-82.3109458403893,-82.08764364393377,-82.94930780175555,-81.35153873325574,-82.21848315159082,-82.27476696956482,-83.53416985595283,-81.53356233045896,-81.78650564506201,-82.3710472613491,-82.23644945519679,-80.92430147070206,22,-82.29475965458475,-82.23644945519679,-85.09591807683711,0.7815779834024276,-0.7698473714099807,2.2723194686766193
HDOK,PLOK,17472,27,27,-84,7,11,2,33,-79.09816781621676,-82.6240677378055,-82.08185613471022,-82.14071914179672,-80.67629334081624,-81.9367665010875,-82.61571304369848,-82.43061932951775,-83.25730719485506,-82.9565696263018,-84.13949071444408,-82.76983365744971,-81.22774511997653,-82.09339838332316,-82.04564038942648,-82.65042395474227,-81.88473014876409,-83.60585661899457,-84.00564062382641,-81.98322989397577,-84.30637028720963,-82.69998527780108,-80.71909185501637,-83.55920237448332,-82.85057598868391,-81.07018592168406,-82.22233167017514,-81.75365231678717,-83.9269913483601,-82.01193943904703,-81.85540930781161,-81.71468909102016,-82.92328164790213,22,-82.35872048174882,-82.22233167017514,-84.30637028720963,1.1657414375189556,0.5541806196840449,1.3014413308117088
HDOK,PLOK,17472,27,27,-84,7,11,2,33,-78.63103059216584,-80.73287333678888,-83.02761745932872,-81.01916917001846,-80.6748680066557,-83.62292752037214,-81.65728981025597,-83.43709156669775,-82.48613939906618,-83.85712642593323,-83.49672594421338,-82.0117753295904,-82.51007115370292,-85.72963729555481,-82.7197002023397,-81.50615711233219,-84.83624184026968,-81.59539005240916,-83.22613741694245,-81.41486554350203,-83.35682252469368,-82.75504576850764,-81.44561990598125,-83.65412362354562,-83.17135386024714,-82.66852672731012,-81.35180597613325,-82.74084716380754,-83.55366526036673,-81.06314099069415,-83.21776210062426,-81.48741841041075,-82.28830191055697,22,-82.45294755760662,-82.66852672731012,-85.72963729555481,1.7894028381642555,0.23999172149584064,1.2043768495648242
HDOK,PLOK,17472,27,27,-84,7,11,2,33,-82.52849784967655,-79.65789481218924,-82.26140322897643,-81.21941435339112,-80.47437434315779,-83.66810949247251,-83.93892099970003,-82.73368499504461,-84.32500345520879,-81.7154224620399,-80.16518910711801,-82.14218204445164,-81.85366310163057,-80.96130200588033,-81.84318002250065,-83.90665014519826,-82.54647439227148,-81.0870780706198,-81.2429540927707,-81.59384649806357,-81.07802627116054,-83.21944460976596,-82.71634280806872,-83.21060460492295,-82.6966868023571,-81.16045188319325,-82.36199427001311,-82.35199753715783,-82.22808176509761,-81.73950605653971,-82.05540731905744,-81.92814053210056,-82.45248381170765,22,-82.09286102253043,-82.14218204445164,-84.32500345520879,1.1261577859574128,0.01569806088149659,0.01377826864618914
HDOK,PLOK,17472,27,27,-84,7,11,2,33,-83.06331400626341,-81.28639286870795,-83.06128587815658,-82.55735228821486,-81.65966934068133,-82.88366242910786,-82.33112176532038,-82.05378899560229,-83.17700723525068,-84.24642873857613,-83.15513214073067,-82.59927630072546,-83.19962348260933,-82.60870856935124,-83.22041578105625,-81.6907948613368,-81.30809351952763,-83.0859371708388,-82.18621096574147,-83.54528387316232,-83.8743790456649,-82.55899047085582,-82.78384800787231,-82.21274903248536,-83.20758483004296,-82.26376437753362,-82.29902437240827,-83.47055678138042,-83.7095471362222,-82.80791506115692,-82.1742645556873,-82.9192994566933,-82.92350814557406,22,-82.73105852983453,-82.80791506115692,-84.24642873857613,0.4732923461248945,0.17690408011958897,-0.06980308160962112
HDOK,PLOK,17472,27,27,-84,7,11,2,33,-80.36161365267469,-77.73177101484022,-83.55958311783817,-81.14354861332217,-79.97004608880903,-82.3585007520685,-82.2402456535055,-82.42676973024612,-82.83343788270602,-83.40777887333086,-82.91798075547581,-83.29782249593413,-86.77500813910291,-83.7301882638821,-84.3428939047542,-81.74184707416612,-82.91158042087058,-81.99570457386466,-83.92742027374679,-80.6338196151225,-81.90415071032078,-81.49962663271953,-82.56819925311738,-83.54306319589512,-81.3409736523262,-82.91703449743424,-84.42968190257855,-83.69223720319846,-81.4136217904313,-81.9547067491563,-82.258561623291,-80.83704256005014,-79.6553002305599,22,-82.31278063325273,-82.3585007520685,-86.77500813910291,2.6837287271755392,0.17325385049263312,1.6540616665216947
HDOK,PLOK,17472,27,27,-84,7,11,2,33,-81.61449150537285,-82.61587860115955,-80.03756002173985,-81.12440279554056,-81.52859493411293,-83.6716654663645,-82.94775588445783,-83.41559007445458,-83.19264675928494,-83.60330447543103,-82.84148006686391,-83.08370579041895,-82.81616149869966,-83.41241404494849,-83.35801991745969,-80.44249351444212,-81.42751933706093,-82.49666678446462,-82.28901082640998,-83.51173817656834,-82.46206341849651,-84.11855455646464,-82.95045588840316,-84.82873073463159,-83.36359491231387,-80.8869795065208,-82.95809561237186,-81.43373742902085,-83.39768766403637,-85.05464884897602,-82.99449647424815,-83.48531480758524,-82.79847737354287,22,-82.7322405364202,-82.95045588840316,-85.05464884897602,1.2782263017976314,0.4675234477083117,0.23569823366562126
HDOK,PLOK,17472,27,27,-84,7,11,2,33,-81.61041185359582,-78.62644528175379,-82.43579509220983,-81.62564638965807,-80.11946407593356,-83.47957993555845,-83.27858393827545,-82.93602402283372,-82.47652515794441,-82.87879144464654,-83.3759937450285,-83.2043789545823,-84.26336945260837,-84.26921820379172,-82.81952902207915,-83.72055063710316,-81.489547513855,-83.95519428286875,-82.7885728976226,-81.61404489070543,-82.14807469463658,-82.03148377168854,-82.87263119973521,-82.3444365406088,-82.41317890946507,-82.90858151063834,-82.23775029688022,-81.31341347736215,-83.18656655038534,-84.01340040046621,-83.75717844248992,-82.50688207989997,-82.94724357197936,22,-82.59540873451182,-82.81952902207915,-84.26921820379172,1.3222007431633411,1.3483177825670387,3.2027584188602636
HDOK,PLOK,17472,27,27,-84,7,11,2,33,-79.40592981676186,-81.94968807054558,-83.12790698292098,-82.85618068551851,-81.77099899850232,-82.26055822592751,-83.95668588878705,-82.28483085001558,-82.97637860338877,-83.62817515050736,-83.17442672071938,-81.35026303695868,-82.863457506917,-83.88141078119492,-83.495082192679,-82.76827285936905,-84.30222620634339,-83.18582443379896,-83.52435946268068,-83.53226215738555,-82.34278056625473,-82.90581636792544,-82.31954042624564,-82.4486603781851,-82.28526254166736,-81.97175899076237,-79.98372016764709,-82.56283827809699,-82.76742508838296,-83.9965307410277,-82.97581217556714,-82.39973024931106,-82.04216774933094,22,-82.64536249549474,-82.76827285936905,-84.30222620634339,1.0397507700058557,1.2631360028912288,2.7122953223095645
HDOK,PLOK,17472,27,27,-84,7,11,2,33,-80.69692899644168,-80.21732840108086,-83.76068915023474,-81.94379962103457,-81.52128773924267,-83.77548645677008,-82.97972034944158,-82.39475774085491,-84.40922038519297,-83.05023025276878,-82.8521979174638,-83.01994849622527,-81.76503665462657,-82.15328628329003,-84.44794315969786,-81.03797400900949,-83.63834530711601,-83.51752473997287,-83.66097177528788,-83.82328640771195,-83.10585378256208,-80.72990066220908,-81.71715128525658,-82.04117864304165,-83.66805003030159,-81.78186466709221,-80.670938418126,-82.73917784146592,-83.37680405598235,-83.46847563608785,-83.11687080572707,-82.11216053390794,-83.57966475067137,22,-82.62951681684534,-82.97972034944158,-84.44794315969786,1.272948027468913,0.47083446603604234,-0.7256263011739281
HDOK,PLOK,17472,27,27,-84,7,11,2,33,-80.52285148269539,-81.63565073898398,-80.6606148265804,-81.63375201779658,-80.08666191044566,-83.9608300867165,-81.72957519709223,-82.53135795777584,-84.51887228482515,-82.5096017243344,-82.83667955801012,-82.61971972842085,-82.96816681206495,-83.6539708058667,-82.47442219098191,-83.67260055500921,-80.61094518172992,-82.69096517636193,-83.50825303109966,-82.29329801709997,-82.96463710055554,-82.74287426426918,-81.67872088768817,-81.78858761481843,-81.65084778333978,-82.61493379560363,-80.99240781253319,-83.13500961970752,-82.9876705222644,-83.22425887153109,-84.63296853841261,-81.43278853426325,-82.97300158143707,22,-82.42234837000956,-82.61493379560363,-84.63296853841261,1.226622305965182,0.16102692572059002,-0.33047008023141755
HDOK,PLOK,17472,27,27,-84,7,11,2,33,-80.92234776409144,-80.21692863686492,-81.66575774637401,-79.7111355343293,-79.84088054223399,-83.35917656337982,-80.79387086070463,-82.57249490876805,-83.94723977789273,-84.25258250789243,-81.68361698399183,-85.21471825955167,-83.70232975935211,-82.57044935814008,-84.33952702711461,-82.557195581512,-82.64875947283879,-83.23982323663688,-82.2702550531215,-80.91396101534966,-81.62367591527469,-82.57538350928716,-82.63283968170423,-82.97477927169894,-82.24144134241547,-81.66235520846577,-82.35828895399735,-80.72850280971258,-81.48524125976407,-83.73286646466131,-84.18861690899,-83.98518764243663,-81.75322364064225,22,-82.37471070300577,-82.557195581512,-85.21471825955167,1.8384267981126756,0.05537126388357383,-0.5564205383933216
HDOK,PLOK,17472,27,27,-84,7,11,2,33,-81.02933612396119,-79.39618015616894,-80.22825694046887,-81.03757866486205,-81.43071412959335,-83.92519574311011,-84.45545406004494,-82.81948688034026,-82.36017531943322,-83.21291703094954,-83.571565302083,-85.60009450911892,-82.76225061294204,-82.22784147385995,-83.20707914463742,-81.2515016877642,-81.93974531685812,-81.9172905795517,-82.04776020068913,-79.96692328974756,-81.54740233749737,-83.8853557299833,-83.28532544140333,-82.73626277345411,-82.87446886424813,-83.5992378176439,-81.14425050391971,-84.57025376748703,-81.32271228513993,-82.51748810967108,-82.04927553487218,-82.93334061892854,-84.18192642161688,22,-82.45559537491062,-82.51748810967108,-85.60009450911892,1.8930885610165649,0.05106857960671899,-0.10360317926003182
HDOK,PLOK,17472,27,27,-84,7,11,2,33,-82.35486015034385,-81.11971799811515,-83.4074144990032,-80.42650007671494,-79.81940470106971,-82.84660707122507,-82.33636323084092,-83.53055336778294,-81.60716741299314,-82.4331599106567,-82.00234686326898,-82.5564619645019,-83.20538122144517,-82.3708793103381,-82.3843297688673,-83.19109910734376,-82.05692624120464,-81.30287534188031,-82.35578982669341,-83.0215379223226,-84.33769184102627,-82.25661476311815,-82.80574909101654,-84.2660304805933,-83.73795254520097,-83.20814802950916,-82.1991509237315,-83.63302133307947,-82.46967538035182,-81.38172806020285,-82.42003626854495,-82.62072827923062,-81.27069333097992,22,-82.45262413070294,-82.42003626854495,-84.33769184102627,0.975454504128942,0.46227644299254556,0.611326801297873
HDOK,PLOK,17472,27,27,-84,7,11,2,33,-80.65509903095996,-80.29681353603839,-82.29329127295583,-82.24973502374382,-80.64907225578081,-84.86653464028075,-83.29627863149521,-82.30421293447864,-83.71101263169788,-82.85248112079658,-83.27975615639794,-83.86697897999068,-82.54925969943459,-81.68583154069314,-83.8408717618806,-83.84859419910367,-81.3942624681594,-82.09964329173053,-84.18482095426957,-81.6376081293424,-83.29699246680684,-82.18779058412177,-81.76508495878188,-81.73779796111371,-82.31715048446073,-82.89454905439986,-82.75087391992663,-82.35479836166996,-82.95312750482505,-82.20975874500147,-81.51395876404689,-82.11131938906657,-83.53838400888039,22,-82.52102255946461,-82.31715048446073,-84.86653464028075,1.0903015431598027,0.0023868615946104886,-0.17307102065173785
HDOK,PLOK,17472,27,27,-84,7,11,2,33,-81.74794634169741,-80.43663923185358,-83.86340380158909,-81.18618701018417,-80.99328792499853,-82.59888034955759,-82.61558452659034,-83.14772638458558,-83.7000380678669,-82.97556413401742,-84.1523400331137,-83.90775494500161,-82.4777606106669,-83.31743763614861,-83.04785094145157,-80.75391864156524,-83.28237938789485,-82.59952544235546,-82.28209272192107,-82.15608629364185,-83.43228082543752,-81.5029411254739,-80.06112717360772,-82.73993790354177,-83.54735375796561,-82.3895569619097,-84.83599702713627,-83.06383820606493,-82.44482647471337,-83.351133448995,-81.33197576031864,-82.00943361624317,-82.59282415003305,22,-82.56198881388309,-82.59952544235546,-84.83599702713627,1.1900505432846284,0.3949687107259754,-0.10685663526447486
HDOK,PLOK,17472,27,27,-84,7,11,2,33,-79.65624117092145,-81.77455806124748,-82.6052628768391,-82.8821943487017,-80.87884923934185,-83.08680757693115,-84.58751207581656,-83.90482318438382,-82.60633479460482,-82.72077514459676,-83.8543448170081,-82.6400190352349,-85.34628653375167,-83.25792370220299,-83.20377838430004,-81.23720793576591,-82.56066444306359,-82.74964987726389,-83.2390310426799,-82.46982417552512,-83.38348008986799,-80.31472171904883,-84.00126448408595,-82.53761358873126,-83.21434953938466,-81.37461681305666,-83.02394188222871,-84.03606371847363,-83.59123770247244,-84.319822233676,-83.56138117892905,-81.84802428153388,-82.43305176370436,22,-82.81520173985983,-82.8821943487017,-85.34628653375167,1.4051155989828727,0.5922652250925357,0.8095874573964159
HDOK,PLOK,17472,28,28,-84,7,11,2,33,-89.50190634810647,-79.7726374896158,-81.84109573415378,-82.8661154747321,-80.79518785906822,-83.98980837465804,-82.92193811872997,-82.48768142927426,-83.72879712113416,-83.68988578520612,-82.73704063941086,-81.04470550780889,-81.8070103762662,-84.76823613657504,-83.40535385423567,-83.43216144181856,-82.23197951915937,-83.96069321427564,-80.99934674335137,-83.29195505049339,-83.47344166688983,-81.95933362238304,-79.84570556655916,-82.20485395607123,-81.35935400207785,-83.42865178691922,-81.82625327275606,-81.2073495454086,-82.7656453984358,-81.26978383592977,-80.79545799182151,-82.49338118879301,-80.58382897344755,22,-82.49959324319902,-82.48768142927426,-89.50190634810647,3.0502279900842235,-1.7885064801626638,6.604695801904404
HDOK,PLOK,17472,28,28,-84,7,11,2,33,-88.35117072963497,-80.70062861947486,-83.5207623375664,-83.7032004606462,-81.04994290939153,-81.93080765083981,-83.69470027595742,-83.50959974169844,-81.87138103707994,-81.5674165199082,-81.70761410107713,-81.25000712178978,-81.81192954413623,-82.46618240977811,-79.92461059777854,-82.70395425476511,-82.08488301348424,-82.39467532805917,-81.69626913051955,-81.02093643777421,-82.36804703726763,-81.18951565213948,-81.26973292074251,-84.90142187623108,-83.24896929869331,-83.2366531727312,-82.09434694435865,-83.01346752602824,-83.41770573996693,-83.65935649794244,-83.17649475553738,-84.09633170226682,-82.60512321890336,22,-82.58296480497484,-82.39467532805917,-88.35117072963497,2.2418484845159257,-1.6179129328297641,5.409632814115719
HDOK,PLOK,17472,28,28,-84,7,11,2,33,-87.14921919679621,-80.64687466081102,-85.10216190121358,-83.91525633198022,-83.58777382508016,-82.30528110042147,-81.8801093791386,-82.02370356815726,-83.91093714651859,-82.68995109011972,-80.00813409132374,-83.789543444745,-81.83924253175559,-82.18478268726801,-82.23346666698068,-84.97911361218065,-82.42419684615872,-83.07071607567224,-84.5572563472259,-81.5532849333771,-82.3465987631041,-80.45495991817906,-81.9961747623438,-82.89144412679178,-81.47975846601486,-81.75704813858876,-81.92127547747221,-81.40172128155899,-82.84804148301995,-81.86148488265457,-82.98167725147508,-81.16608720857849,-84.8633764254561,22,-82.66123192794431,-82.30528110042147,-87.14921919679621,2.205534632810337,-0.8894117001198065,1.1946899350174331
HDOK,PLOK,17472,28,28,-84,7,11,2,33,-89.01575963935876,-80.10033083942021,-83.73606666349909,-82.80064109991201,-81.01146660859217,-81.76953949790608,-83.61381641714917,-82.71517893615963,-82.42417485984195,-81.67497006444458,-81.95566114381027,-81.42124862773187,-84.03939871556835,-83.41109794531087,-84.16747487305267,-81.9657181768119,-82.20327538733885,-82.27563892130009,-82.84619629925996,-81.1140116107187,-81.7743795425894,-82.71479170737064,-82.75609171463901,-82.51094323716596,-81.78116514436981,-81.9330229113539,-82.52982629140172,-82.73103252220255,-82.36257503674602,-82.93376683689769,-81.38953500656392,-82.64164547897686,-81.48511752559071,22,-82.53956240251682,-82.42417485984195,-89.01575963935876,2.0735991061583157,-2.7162213901833527,11.757123358622714
HDOK,PLOK,17472,28,28,-84,7,11,2,33,-89.08521319114033,-82.03872122222494,-84.92708743453882,-82.79649353035258,-79.90751619667503,-82.24715144828355,-83.46677304830482,-81.95447954209092,-81.80850642555524,-81.94272765180806,-81.06273259773106,-82.63250507082864,-83.18921369655628,-83.7839807575152,-82.45717398319363,-83.81874066812976,-84.20738922823692,-82.28824178308535,-81.52844554033757,-82.19551135101966,-81.11034580503171,-80.97776982906385,-82.78844047110175,-82.64246357111608,-82.14484633213516,-82.90593149443832,-81.98112690758573,-82.30725227162355,-81.8723708695337,-84.10499013031419,-82.25136250340385,-82.94042089087597,-82.7166586858351,22,-82.66916921605052,-82.30725227162355,-89.08521319114033,2.2904294022126503,-2.2682822580556037,8.975067643540036
HDOK,PLOK,17472,28,28,-84,7,11,2,33,-88.5167743087787,-80.94699821486235,-84.27500897061886,-80.64771547163423,-81.49834756162049,-83.59812104942698,-82.32088733075216,-81.0347988479246,-83.3633281260271,-81.69139878084465,-83.8642381239406,-81.46959545228898,-83.45605506193417,-82.93965551935132,-82.91571632572439,-82.48722753422022,-83.5609249150256,-82.29357568266526,-82.65642642016977,-82.13277988119843,-81.8282245019416,-81.97993692039705,-82.26911899880173,-83.73542429680204,-82.05284368130997,-82.885150531407,-83.72211638635991,-81.50974577098523,-82.68300924527209,-84.72078613276942,-83.95405880825027,-80.97504991215044,-81.83331253117183,22,-82.72176822110994,-82.48722753422022,-88.5167743087787,2.1170717157124637,-1.8542257253360912,6.291013379562333
HDOK,PLOK,17472,28,28,-84,7,11,2,33,-87.57415899014461,-80.7823482791294,-82.6180917046552,-81.64513960587638,-82.54857403698797,-83.00907657274212,-82.1000625103566,-81.72978044872724,-83.04596193036862,-83.17457628891758,-81.81376845681314,-82.09919887840753,-81.38250739745098,-82.7889428190045,-83.4131775897786,-80.88136859916064,-81.0403054463966,-82.56191955665433,-81.48216140481156,-82.57934956622125,-82.40426018088517,-80.97290238655026,-82.28262426005035,-81.48043647226483,-83.810031512163,-82.91630816510427,-82.37227540453253,-81.3509327039767,-82.17050413787787,-83.23125927659977,-81.89896014760667,-83.31199497827083,-85.0938980411746,22,-82.47172296211095,-82.37227540453253,-87.57415899014461,1.6613467661321122,-1.9963856529167088,6.4611745448405244
HDOK,PLOK,17472,28,28,-84,7,11,2,33,-88.66868020278096,-80.3120009227538,-82.05565185290484,-84.37627443740601,-83.28851837692372,-80.5892060067534,-82.39473756069745,-82.57064515586275,-80.99667897050585,-83.51412128588805,-81.06178096583228,-82.07953406679604,-82.48894476933164,-84.66638119458545,-83.88496910584512,-83.5904455891534,-84.60253843631467,-80.76798226213464,-81.9456235729237,-80.83981037873336,-82.35062785901702,-80.26542654914728,-83.45336835904007,-82.49787299601914,-83.5369625064308,-82.15146817813816,-80.32258100711114,-82.79131736449139,-82.93875384134267,-82.3255624210964,-82.36728244244661,-82.07565414607961,-81.84035553358585,22,-82.53368964600224,-82.36728244244661,-88.66868020278096,2.64941620841649,-1.5005560000900857,4.739776577214444
HDOK,PLOK,17472,28,28,-84,7,11,2,33,-88.10147457255846,-81.28494331613862,-83.02204058169994,-81.73451603886991,-81.55906205139532,-82.19368251049904,-81.03498346140653,-83.79947214033679,-83.25358888960518,-81.60815041851667,-81.88902457919244,-81.81185124761741,-82.69663937206282,-82.75268332227705,-82.50560630979025,-84.78672473139324,-82.84739236131286,-82.99811761258563,-81.84640575712018,-82.48843391474993,-82.95048265751366,-83.97783452875002,-81.25545587450259,-83.95052348608401,-83.95294976533033,-83.69131446802652,-80.75824049137023,-82.84278846663533,-81.20965845937997,-81.92787950737159,-82.21354398248836,-83.37085466163867,-82.28433953385394,22,-82.6848684567295,-82.50560630979025,-88.10147457255846,1.858672065737661,-1.891627021403533,6.249010186653392
HDOK,PLOK,17472,28,28,-84,7,11,2,33,-87.77245889062215,-82.85271994742897,-83.62482180430379,-82.55717887135823,-82.95337161858006,-81.22118831194119,-81.30077932251142,-82.95107448861722,-81.47087662762954,-83.69945242690069,-81.71979030100735,-81.99716822791471,-82.08166173014435,-83.21983386112788,-81.98992199248758,-82.23675149206207,-82.7741479438331,-82.70546195211529,-81.67104976142362,-81.69924238970677,-82.54616806235576,-82.11929622474887,-83.85342952424159,-82.40335645557298,-81.76766650759336,-83.00325666469412,-84.23714027936632,-82.38124042938627,-81.67634582232277,-83.64045391714757,-82.23986939637037,-83.36659325966389,-84.90898631178227,22,-82.74675014596855,-82.54616806235576,-87.77245889062215,1.5425202906565334,-2.1272073996466876,6.947530104876671
HDOK,PLOK,17472,28,28,-84,7,11,2,33,-91.13486153094698,-79.97200646363811,-83.30875129798011,-82.38382773569265,-80.19413460537564,-81.23171880484928,-79.89474014277775,-81.36484493725628,-81.56764713668686,-82.02001543978072,-82.60721598516554,-81.56577605175337,-83.19859150532285,-81.93056380609391,-82.2524038852712,-82.75527844109601,-82.57388373605255,-81.59945768351307,-81.92590188985,-84.08569796544211,-81.78745453723855,-83.08849434202563,-81.60543390392917,-82.2875965807533,-82.11131755522696,-82.11113508869147,-82.52430311412469,-82.42706156842985,-83.54070381204313,-82.91903642552343,-83.35378883516552,-81.33088946273149,-83.35068699314166,22,-82.4244006443506,-82.2524038852712,-91.13486153094698,3.306088837585198,-3.2806628585201,15.759560784339316
HDOK,PLOK,17472,28,28,-84,7,11,2,33,-88.81570164810479,-80.75940559194967,-83.32293388632333,-81.77272835306007,-81.04256765532244,-81.71206435703657,-81.69805574157988,-81.69383362560842,-81.75749130411286,-82.39752174025068,-81.92538677121611,-81.10982594290091,-81.99516796153826,-83.36880452654825,-83.70752235463986,-82.52418920108985,-82.26117458990659,-81.55517770741524,-82.48516269172757,-81.43870227745381,-81.6720687877438,-82.26489975602931,-83.81879798963553,-81.8737007225432,-82.366044977712,-82.04354164142478,-81.33626187835168,-81.53253871338379,-81.19932356335639,-82.72579014537263,-81.26785736555348,-81.97499239872427,-82.59793285693813,22,-82.24294450680468,-81.92538677121611,-88.81570164810479,1.8874392806999083,-3.459762795403265,15.53379767507037
HDOK,PLOK,17472,28,28,-84,7,11,2,33,-87.63473970474968,-81.13335367461869,-84.23023474617067,-83.85952156203103,-82.24462360017675,-80.43991647725028,-82.67694662699391,-81.26717016879219,-80.85520338159438,-81.08667727320088,-83.14924980965851,-84.5022185403528,-82.95259374439603,-83.03693327089273,-83.35509524739291,-80.61464051938823,-82.26477979440287,-81.7713571661447,-81.73269549320202,-83.10852515106728,-83.70467061960719,-82.99577758251561,-83.45407610082451,-82.45205664192723,-81.5915246997455,-82.01822439741208,-84.25285030004133,-83.67807545571887,-84.47788143602132,-81.5413006170084,-82.32979672268222,-81.74470500014309,-82.14306738362912,22,-82.67577220938642,-82.45205664192723,-87.63473970474968,2.0320862403252824,-1.1426106878455389,2.8679660231473094
HDOK,PLOK,17472,28,28,-84,7,11,2,33,-89.86204927912507,-81.57619790641142,-83.4581151549146,-81.29542200550848,-82.15419112882563,-81.30808635806012,-82.30149543557593,-80.88903074689152,-81.96721545897103,-82.49666041035101,-82.25273714570278,-81.7267252913604,-82.78330033292987,-82.90963283079213,-83.97085489692114,-79.91545493776817,-82.91473033519277,-83.64201360261919,-83.80670045104699,-83.7917803346674,-83.65631975988173,-79.5945963957343,-82.52379925411935,-82.67203306726475,-82.12465267918066,-83.02591782935033,-81.21442003916547,-82.05491293489285,-83.84220802977057,-83.10828753509549,-83.08660392368294,-83.79159989729548,-81.50957111558732,22,-82.64325201529262,-82.52379925411935,-89.86204927912507,2.819643369220737,-2.1577683053060475,9.604278570215493
HDOK,PLOK,17472,28,28,-84,7,11,2,33,-89.8890972330064,-81.20172119053845,-83.49227390685459,-80.78878012568308,-82.91138926405377,-81.95278536486686,-81.77857795172143,-81.06425231595223,-82.14290338222906,-80.13010474769993,-80.44545302604239,-81.81493338507013,-84.06441376636907,-81.97041385439022,-81.12974538745158,-81.70765030400031,-82.96519908083195,-82.383888155046,-83.30237124736156,-81.83067861636971,-83.37353357900719,-81.43523961609577,-82.28376499467137,-82.09859096780177,-82.54738168534551,-82.31591818715293,-82.81956383418948,-82.0220746129314,-82.42031844284034,-80.8013710352706,-82.98997280645808,-83.31248533982189,-83.18796304835298,22,-82.3810548622872,-82.14290338222906,-89.8890972330064,2.6214138776882456,-2.9837329329687283,13.471728757943625
HDOK,PLOK,17472,28,28,-84,7,11,2,33,-88.67103743795701,-82.01892843792686,-83.50553702559502,-82.92587999426368,-81.99235619624298,-82.49248488875794,-82.78905325775631,-83.04884030134642,-81.12440138512959,-83.94478585129627,-81.63107318767405,-79.7042802076169,-82.61228038145607,-82.5141435690423,-83.1462710241949,-83.90520155908159,-82.70453989652528,-80.60646118923589,-81.8264423200949,-80.99189684770188,-81.96840997015494,-82.67214603655012,-81.54960021849023,-83.67316825595256,-81.63648232793267,-83.66108773420089,-82.34206257234219,-83.86546218470163,-81.31743327813452,-80.9548733461552,-83.95013266563664,-82.09486615916606,-83.0722963031341,22,-82.57314897004387,-82.5141435690423,-88.67103743795701,2.249643160330532,-1.8082697248203452,7.243874285542839
HDOK,PLOK,17472,28,28,-84,7,11,2,33,-90.11140821587031,-83.61374315055137,-83.15267709560614,-82.87961572784434,-81.32591075557046,-81.74062776025225,-80.90173501838343,-81.37255816460271,-81.55403911725917,-83.52382306588697,-83.11187808397945,-82.98975981602871,-82.63704432745489,-83.5137099725612,-81.91599790002299,-81.83189484256162,-83.02165793931266,-82.23697844144027,-83.85354679218283,-83.49452002475684,-82.56353850768667,-83.17502750322308,-81.80516936750935,-83.16768426621732,-82.4427082521655,-81.62324547619643,-83.26649370301175,-82.51676109131918,-83.49708039156653,-80.7693409603576,-82.66880845688847,-83.86069627286851,-82.70011466790324,22,-82.81332712512251,-82.70011466790324,-90.11140821587031,2.37866876951898,-3.146515556454611,14.799781687020277
HDOK,PLOK,17472,28,28,-84,7,11,2,33,-88.69441056910547,-81.21729936192975,-82.57744523836398,-83.08669911185181,-81.85419653584445,-79.16226150665787,-82.24304325481704,-83.34559352261869,-83.3264337896762,-81.0447802452169,-80.6383026024543,-82.76674691794616,-83.96802217755275,-82.87953027686935,-83.63565047515989,-83.17004329535625,-83.32449940586066,-82.08951620529166,-80.72786470124107,-82.95983530355832,-82.27479134267638,-80.55588545412958,-82.98244290719003,-80.86390708706239,-83.07734131085166,-83.49048057236654,-82.50951967322048,-83.44837147799365,-81.86219745315547,-81.22116285274208,-84.3533135581881,-81.3718992439201,-81.79502741543008,22,-82.50056105594845,-82.57744523836398,-88.69441056910547,2.529724294590632,-1.440388264768247,5.966446356100517
HDOK,PLOK,17472,28,28,-84,7,11,2,33,-87.89823760415543,-82.76017700147743,-83.98384685303735,-81.3165395084172,-81.89091710810364,-82.49427670520943,-81.2303084132303,-81.57225110933904,-82.9278658785301,-82.35953881481288,-80.50137057940329,-82.87254408128494,-83.3953658856636,-82.56309958302695,-82.79643428613927,-83.30411123715221,-81.79304637325066,-82.57589104169203,-82.951280437749,-81.46149950456933,-82.81434031720981,-83.88049423036216,-82.48456390531557,-80.50124740725447,-80.79831433573989,-83.59568953314678,-82.35986255162459,-83.89999165012995,-80.19493472675681,-82.4385234984986,-82.74785951958862,-82.30230102032976,-82.8768517926531,22,-82.53162353014709,-82.56309958302695,-87.89823760415543,1.8460956820516006,-1.5669430563218951,6.30348527420219
HDOK,PLOK,17472,28,28,-84,7,11,2,33,-90.58454575097534,-80.54354151618539,-81.78294504594207,-80.83056585483816,-82.12777724656061,-81.12383750493655,-80.91961460246026,-83.48625046126523,-81.91808205219249,-83.3989796144034,-81.94533026092269,-83.16315437540086,-82.98907932984211,-82.03298072983169,-84.29548430985986,-83.8995427690193,-82.47388975717168,-84.20240837301706,-82.95710028612707,-81.58637518872328,-79.64494849457121,-83.33663376947146,-82.0266838889579,-82.47836977200558,-83.18078683424689,-83.12544216828316,-81.98327295336144,-83.17967473484994,-81.00364805572492,-82.55993321765287,-81.52346981231503,-81.55188204385199,-81.90984854407164,22,-82.53836603997091,-82.12777724656061,-90.58454575097534,3.1673423979890134,-2.7290586763609443,11.995169459796614
HDOK,PLOK,17472,29,29,-84,8,11,2,33,-81.51484782974478,-81.367437539978,-83.34234182228374,-82.2757476887128,-80.9439011832381,-81.66737560181019,-82.9052186053011,-80.49915141936319,-82.20818878828509,-81.24400613401868,-80.64901679433481,-81.6038136614425,-81.01910881879367,-80.82987188170429,-82.33424121571872,-81.11785241559369,-82.90920520736175,-82.25084725805226,-82.9727404557554,-83.56104872606348,-82.9116265728063,-81.99476804833635,-83.89021539641097,-81.9913076211394,-81.23858410494849,-81.99631926366546,-83.07692689231169,-81.53923097001545,-80.58408516644567,-82.92281266193011,-82.24138824359342,-82.62368703719767,-82.07173711227917,22,-82.00905006480717,-81.99631926366546,-83.89021539641097,0.8049791778102465,-0.14375668455223356,-0.8388891490282506
HDOK,PLOK,17472,29,29,-84,8,11,2,33,-80.15034437027867,-80.97534488055538,-83.78746987369748,-82.33295035024443,-80.0109898124118,-83.48426995060359,-82.14599758486027,-81.48715141429707,-82.34753162919337,-85.06074055113585,-81.7998172090851,-81.83489617548693,-81.24224733032277,-81.67022829077489,-83.63763678695894,-80.091423745065,-82.52538411392362,-81.05295924429821,-82.75792482135937,-82.18282178956188,-82.19769159496708,-82.20726232104514,-82.09656906400727,-81.14763083876124,-80.92517659025869,-82.76450869841933,-80.7986009895507,-82.63038278624687,-81.86695797786336,-81.44650784132037,-80.78248560816417,-83.08242881019763,-82.32205119612244,22,-81.96504194669818,-82.09656906400727,-85.06074055113585,1.2122690789389745,-0.4679759697808253,0.6523776405368111
HDOK,PLOK,17472,29,29,-84,8,11,2,33,-80.98762088008493,-82.10222041547594,-82.30602026527146,-81.44325447151579,-83.09846746641445,-82.49630003730246,-81.44072106251807,-82.27237670604575,-81.09598306591519,-80.93421880358186,-81.60817227941376,-82.12857398679668,-82.64008713106978,-82.41463519400827,-81.85565259897919,-80.0944030363637,-81.50874534659279,-82.11771858506968,-82.98878728129374,-82.00019717701974,-81.10360541339833,-81.70314652263694,-81.89313354709091,-80.93336371637776,-83.56776519633188,-80.58844509532625,-80.99708125643805,-82.0171275114217,-81.79685653451436,-83.7056110885691,-82.39049954619031,-82.3468279757908,-82.7970648886811,22,-81.92044497222729,-82.00019717701974,-83.7056110885691,0.6671412323403244,-0.0739533078112941,-0.06943013935262599
HDOK,PLOK,17472,29,29,-84,8,11,2,33,-80.94539856091257,-80.77154097703142,-81.22391179177484,-81.030535376319,-82.99294123255294,-82.14756668841478,-83.41190763894099,-82.58914889267196,-81.56999310210998,-82.65510499822152,-82.93267116895832,-81.1821127737476,-81.91264183240912,-83.67258246332439,-83.28200710841406,-81.9647047959401,-80.87661057242367,-80.8586068781142,-82.22394117971837,-81.48929939697742,-84.68041820221448,-79.99545708696719,-81.55448231260587,-83.17996884365364,-83.13992637043606,-82.72766719081983,-82.54214888918246,-83.878228069878,-81.98436783567264,-82.96439327582812,-80.84614314503038,-82.88040651909827,-81.42853537191752,22,-82.16773850128128,-82.14756668841478,-84.68041820221448,1.147559436017763,-0.15178995703106798,-0.547500880452493
HDOK,PLOK,17472,29,29,-84,8,11,2,33,-81.1988142425921,-82.47682345715472,-82.35167393815426,-80.64679727211838,-82.4705704838133,-79.49391923478693,-82.84403495734058,-81.31165414350878,-81.34471167105838,-80.77944806234697,-81.17236723649565,-80.2942013297112,-82.12624506680899,-80.69993662356454,-80.02357975640373,-81.6180174626423,-82.55031958767182,-82.86601712974819,-80.49505436648316,-82.82543477581811,-81.9751935840075,-81.02646671827792,-80.9508883733303,-82.20389273735519,-82.26690578431752,-82.59414791063398,-81.39178736782505,-82.28267793670223,-83.16015036860456,-83.29669526171561,-82.38787909591957,-80.7428386335241,-81.37774329564392,22,-81.67414811715395,-81.6180174626423,-83.29669526171561,0.9208961784913465,0.2678857177394845,-0.7938261208120947
HDOK,PLOK,17472,29,29,-84,8,11,2,33,-81.24285959611733,-80.14871119878035,-80.80895102813471,-81.2145918815989,-82.6688491608747,-81.97966195173754,-80.67892113016111,-83.47355595038304,-81.88032018806615,-81.40688705190313,-79.34324482871895,-81.77244832247797,-82.31589241188875,-82.23119011289019,-80.82212410883004,-80.51002048319312,-82.4149689396522,-83.03068074871611,-81.02942493585489,-81.86365215578076,-81.40959710974602,-82.9103880308126,-82.32877196182503,-80.95449333363365,-82.54764949908984,-82.36891698534299,-82.3839831749887,-83.22108042212338,-81.77301943120602,-82.00552064692857,-82.57403285171803,-82.06044283303886,-82.58078381971254,22,-81.8168374632099,-81.97966195173754,-83.47355595038304,0.8454660251993378,0.5697025201266848,0.169079230163518
HDOK,PLOK,17472,29,29,-84,8,11,2,33,-82.00696548569884,-80.19251242596152,-82.87546900021238,-80.98195908664246,-81.42379769196755,-83.67926442049142,-80.34657197981022,-81.20211045978327,-81.29082221200179,-82.15812693465836,-82.13928714950133,-80.56321881223933,-80.62329388392446,-81.19005762332168,-83.80453885799159,-80.49339787764549,-81.45741465429349,-83.80740255135434,-82.88046479768008,-81.0370880753699,-82.06212421093045,-82.06514678224005,-80.98362222771641,-83.32981608925286,-80.9008708583704,-80.8902404929357,-82.79569874591024,-83.50588740079081,-82.38830144462136,-82.98974108111969,-83.04736766740527,-84.1658758567158,-83.06028639771941,22,-82.01026494655386,-82.06212421093045,-84.1658758567158,1.3252773959924886,-0.1971627051896995,-1.2334692818639894
HDOK,PLOK,17472,29,29,-84,8,11,2,33,-80.28827873238387,-82.584028914862,-80.90230087769442,-82.72799040276045,-81.81115439958347,-81.32913235514373,-81.5495689547433,-82.96174515394416,-82.7915573653929,-81.97960526926826,-80.77964170495372,-81.85770073150222,-80.92174605936302,-80.00211230625963,-80.49503046854102,-81.28858896865296,-82.61388032970943,-80.80091676373817,-82.0911510374345,-81.14280125283638,-81.32689304881416,-81.56805616459987,-80.87518616124335,-83.76026338049242,-84.15716386573308,-81.21859981957807,-82.3282691317699,-82.2561855386486,-80.70932722894449,-82.89664205702815,-83.39735407502789,-82.03123148017535,-83.66407269773103,22,-81.85176293025921,-81.81115439958347,-84.15716386573308,1.095367208188594,-0.3780006295871403,-0.6068175513012326
HDOK,PLOK,17472,29,29,-84,8,11,2,33,-82.43216057035984,-82.0003249801904,-82.60213329759976,-80.9994053302192,-81.05772315118821,-80.40868217162206,-82.30236326606183,-81.04283861277614,-82.05525073990854,-82.18339606735897,-82.32303333367632,-82.50173858770657,-81.80280777477192,-81.47405050880334,-82.76212455975858,-81.82280453001444,-81.99308176499262,-83.38433261829374,-82.27357943290892,-82.18446274140805,-81.67548374042636,-83.31664999141695,-80.17259666634776,-83.50163426142659,-81.06198343493324,-82.39567242766566,-82.2406342183603,-81.17389810681357,-81.99670808064919,-81.92988566441835,-83.13850172562607,-83.09827542230981,-84.30370190087123,22,-82.10945211154196,-82.18339606735897,-84.30370190087123,0.78645732068532,-0.06336008362201317,0.2922058563179233
HDOK,PLOK,17472,29,29,-84,8,11,2,33,-79.51441376194576,-81.32637101452622,-81.70801347720774,-81.34161927931895,-83.74225397003991,-80.75769738451066,-81.9004164758399,-82.19782568452851,-81.24987612602226,-82.34892906141206,-80.99084609817321,-81.53054641704041,-80.73789735640312,-81.34680180463073,-82.06766045380915,-82.19564717321529,-82.04475371872192,-80.65715180703837,-80.66165135593786,-82.87666851660873,-82.80535530052278,-82.31645660463595,-81.91317201760464,-83.1110938877733,-82.9706458372996,-82.25052567449488,-80.31960030223188,-80.22080231264212,-81.19486398368443,-81.30497059703981,-80.83774689885337,-84.3988391769888,-84.14402749478766,22,-81.78742851592395,-81.70801347720774,-84.3988391769888,1.225949854762411,-0.45154960595921,0.10027204122279443
HDOK,PLOK,17472,29,29,-84,8,11,2,33,-80.73768060411743,-80.84387292941895,-82.8381077086104,-82.0269351106313,-81.11532668240677,-81.62322320377142,-83.24611650554597,-80.99547746183954,-83.07473399267587,-81.02878962825838,-80.62113053676548,-82.42947308885812,-80.44340045969021,-80.33550671338064,-81.07143017792231,-82.0465573811472,-82.80624877167536,-80.78809901712059,-83.61359697224724,-82.63170519766207,-82.0591234619222,-81.77782320778729,-81.67866936184028,-82.88819586813467,-81.18313988077958,-80.34650435282748,-83.5716763324372,-83.03453719510675,-82.54666946210033,-81.84567902555229,-82.95513386482763,-82.4295797568164,-83.5255387448433,22,-81.94423280784004,-82.0269351106313,-83.61359697224724,1.0307286118149857,0.0017719906199293255,-1.298096457627421
HDOK,PLOK,17472,29,29,-84,8,11,2,33,-80.42350503689363,-80.64953111133457,-81.50892687183028,-80.269381018872,-82.40235601773061,-80.45508626047308,-82.7657556701121,-79.43736178258128,-82.40606284981511,-80.75467367567909,-82.32253233553078,-81.72657296492012,-81.51620296076815,-82.25692825924227,-83.01680040999862,-81.3984436910395,-82.22462932222041,-83.30765011167,-80.74621592692438,-81.76434819945005,-82.82877685426135,-83.8261024659215,-81.74766252239934,-82.48210585862988,-81.43625532987272,-81.4058444300372,-82.97358730115151,-83.523073710764,-82.4748221909796,-82.13597837852436,-83.82561563477877,-81.63137115507345,-82.71974323433895,22,-81.95042131950967,-82.13597837852436,-83.8261024659215,1.110042179897662,0.2646747322893715,-0.3121581284077979
HDOK,PLOK,17472,29,29,-84,8,11,2,33,-78.43764326741002,-81.1253357101641,-82.81516428059142,-80.88036465552908,-81.32790359025324,-81.11506925436258,-82.29928261039619,-79.32385238047827,-81.5267986899524,-82.76787382597162,-83.45793208842065,-80.16040762392949,-83.73829403298453,-82.41319443910784,-83.38896124081373,-80.67747047088089,-81.32400909959574,-81.02832374556239,-81.21229453789688,-80.80857136243017,-80.20290688458576,-82.30252062911964,-82.50044894902243,-83.18599729516107,-81.9986542099812,-82.02414111504791,-82.8442760920716,-81.66792926593645,-82.10060911762149,-83.29303739536887,-81.48146768599155,-80.2602036154287,-82.45561463897428,22,-81.7014107212437,-81.66792926593645,-83.73829403298453,1.4709001948158653,0.5266766376300845,0.2211485118470149
HDOK,PLOK,17472,29,29,-84,8,11,2,33,-81.54908359251672,-82.07395433562162,-81.42803960800222,-82.57045184230354,-83.01689832412345,-80.92379746603892,-81.45227835792961,-82.65111512599772,-81.68957803243211,-81.79799034640985,-81.53534870380302,-80.74218299580677,-80.54636462524248,-83.88574214989055,-81.21934879963925,-82.72349470838631,-79.78440552571026,-81.05349217342378,-82.5149290149584,-81.52874907965774,-82.33206831730115,-81.88100988670973,-82.02241447660055,-79.57384911214776,-84.08704496293417,-82.43055922523739,-81.21037739559445,-82.73916155779291,-81.41911057255744,-83.72837318301116,-82.53326530737775,-81.35590537946538,-83.28601294052201,22,-81.91776960985294,-81.79799034640985,-84.08704496293417,1.0904071925304097,-0.006980554751969806,0.07410214823484162
HDOK,PLOK,17472,29,29,-84,8,11,2,33,-81.99538068185785,-80.96103823518351,-80.19649442275191,-81.8542349076475,-81.79539740941243,-80.5566742055586,-84.19811762838371,-81.65830344954692,-79.9063031110472,-79.96929177817479,-81.75222090975345,-80.88785209409075,-82.31243487610139,-80.42635065295289,-80.9667123620892,-80.64584463943213,-79.75901620090347,-80.89779947720025,-80.9387726161131,-82.1484365554733,-81.72372530843587,-83.80202870712367,-81.80776965265292,-81.72485128970808,-81.35865470188782,-82.41967316656348,-81.76485115621271,-81.63642963448174,-82.07744516673645,-79.42540658964339,-80.18694121736117,-80.31846211537172,-82.3856388954647,22,-81.34722890349451,-81.63642963448174,-84.19811762838371,1.1254717606398694,-0.5356850434397634,0.6423371271727771
HDOK,PLOK,17472,29,29,-84,8,11,2,33,-81.57794575838791,-80.2651322837403,-80.81412201012976,-82.23534827753872,-81.76819878504031,-81.05831788283108,-82.33760934326092,-80.90970992258728,-81.48789320261433,-82.16724719716152,-80.70245734985923,-83.76092471312185,-81.34046060560443,-82.45689026322381,-81.57068849969001,-80.99039781378615,-81.67370519081405,-83.55176242893887,-82.41760557513952,-81.49138679618831,-80.2737614748684,-84.09435554675245,-80.75468158588899,-81.68527240023113,-82.27165061724969,-81.40549370764404,-82.51674597203007,-81.58923417910329,-82.44522598101301,-82.717300848919,-81.55617494124928,-81.50978253427377,-82.95766033017567,22,-81.82894375815323,-81.58923417910329,-84.09435554675245,0.8406972685407982,-0.5738061591958512,0.19054670689041542
HDOK,PLOK,17472,29,29,-84,8,11,2,33,-81.25912254673023,-80.08874755399368,-80.90649334244806,-82.56221805408033,-81.71243308812015,-81.51664218776345,-80.2825819198913,-81.5310605135488,-82.3525570084135,-83.0838588710595,-81.41660342294058,-82.69032518079783,-82.99512801383644,-82.8174493419892,-81.86088424724502,-82.27184329787372,-82.40732625634462,-82.12359285369915,-81.23023528746418,-80.73115910732072,-82.79058414503808,-80.48206271423386,-81.91588298695832,-82.41604241248059,-81.95935589586085,-81.50414849514794,-82.32491824559754,-82.61623792943432,-82.96909367758951,-83.94808406268629,-81.29706550137871,-84.03502638355889,-82.37388695790135,22,-82.01432277283112,-82.12359285369915,-84.03502638355889,0.8725935591293221,0.032874528450134125,-0.10071095146479303
HDOK,PLOK,17472,29,29,-84,8,11,2,33,-78.55663153496654,-80.79304063159778,-80.90564335622459,-82.31305980482828,-82.94784809395638,-81.49109333967965,-82.1949872318649,-81.11257095811268,-82.91348201586152,-82.08721580183567,-81.69269965446777,-80.77032236841252,-80.8565746146132,-80.80039992894676,-81.12025449467815,-81.61362208635923,-83.3425305172325,-82.1216144492896,-80.96119338927649,-80.5651375058294,-82.48692266968212,-81.5870887420948,-82.27002384984233,-83.57196744808621,-82.70557959710271,-82.21619257338924,-82.65530120349341,-82.07192455303556,-81.29303338215914,-81.68828552758417,-80.85256883922656,-82.91176566527524,-82.29961201694285,22,-81.7506117529075,-81.69269965446777,-83.57196744808621,0.9811675449259039,0.7307214135216679,1.7234700405698633
HDOK,PLOK,17472,29,29,-84,8,11,2,33,-79.03584037942528,-80.95593006670418,-82.5394065929199,-82.33068846258584,-81.70279203577941,-82.98697245289252,-81.90995681340473,-82.36402459890711,-82.69356377571664,-80.15859856512428,-82.84070703242037,-81.71850327604137,-82.27399082439716,-81.93740073476057,-81.99483617431964,-81.47470307418506,-82.87357458493368,-80.61450058087974,-80.55263834463551,-81.79597553355313,-82.21029979114226,-81.25573022956152,-82.34698781106601,-83.34115986692414,-82.17011346421768,-82.24879672306265,-81.24298426239254,-82.22603550361772,-82.76311967414503,-80.94124501478592,-81.08693882970763,-81.74510513454733,-85.34082853755817,22,-81.92951359837318,-81.99483617431964,-85.34082853755817,1.1558522896232548,-0.22983855352905364,2.8686235011367995
HDOK,PLOK,17472,29,29,-84,8,11,2,33,-83.04711652214125,-79.62757603294283,-82.58826536796427,-82.0037399555414,-83.99850825184433,-81.96456275535542,-80.26709118272214,-82.35894383900266,-81.60375684618971,-82.00870976498358,-81.52393936563253,-82.141431565772,-83.14204880689685,-81.98983766598292,-82.65557762717995,-81.37573516379666,-80.12384097363868,-82.50429666048366,-83.26958668910464,-81.75938847078214,-82.14094341747135,-83.11741631370214,-81.98696595217781,-82.34149163116635,-83.81641028412362,-81.80968977286864,-80.89918476262811,-81.75190202680602,-82.46591547800188,-82.12419884845579,-82.25685810413903,-82.96025482209578,-82.80703328128537,22,-82.13430964251151,-82.14094341747135,-83.99850825184433,0.8921335365790228,0.6256256869733214,0.9788547170520352
HDOK,PLOK,17472,30,30,-84,8,11,2,33,-89.72319069138668,-80.58767910008116,-83.22418196208018,-82.16873355177921,-83.54498689884272,-82.75146943175994,-83.18624256087173,-81.7034917426096,-83.32901039999945,-82.59847443738255,-82.41783429987787,-83.90382117823917,-83.79739312073905,-85.10302219987241,-82.77434962664441,-83.72492100022488,-83.65348903985426,-84.87676932706374,-82.26455001310356,-82.15803685134136,-83.22717490400068,-82.4083931020396,-83.00394506489127,-83.58304914865377,-84.07628712547681,-84.13916751234274,-82.97360836648019,-82.85632876772817,-82.09428187577296,-84.49087972352653,-83.05628138171659,-83.62778747640512,-80.57322087089764,22,-83.26066826526322,-83.18624256087173,-89.72319069138668,2.3152091548751637,-2.1170006380809743,9.147220663108786
HDOK,PLOK,17472,30,30,-84,8,11,2,33,-89.35485112479202,-79.71151251761248,-81.15287264707511,-83.73679329457583,-81.76320292362145,-83.24609217808991,-82.94869940492126,-83.02828164527926,-81.01356713020692,-83.05650069378105,-83.7293880060455,-81.1231862431547,-84.83381386917438,-82.20801408700859,-84.0241510510778,-83.84580170009683,-85.49023515010461,-81.62780602375565,-82.75245392014007,-84.3829226207158,-83.35332700864066,-85.33121785546199,-84.39017015543153,-83.46545779910711,-81.6925665117453,-83.55131938770252,-84.13380144401805,-82.71124874499478,-84.36258705838974,-83.08280086037095,-82.6774055204964,-82.47161512828065,-83.2888149785922,22,-83.25886299043822,-83.24609217808991,-89.35485112479202,2.7809773429803872,-1.1470828090763423,4.399764954024034
HDOK,PLOK,17472,30,30,-84,8,11,2,33,-88.48783469914854,-79.77053410626128,-83.04942193667549,-82.76754001822435,-83.5736310711161,-82.51005753436222,-81.84839740137463,-85.04265639003803,-81.87480792186516,-83.32079889295593,-83.38315852128757,-82.2621957429173,-86.75081323013956,-82.05698052005889,-83.65125749057134,-83.03253456973663,-83.148626015022,-82.82157673610139,-83.40611181428555,-82.92433178342898,-81.95765462732552,-82.95183990447389,-83.03144898160637,-83.22717416555834,-84.35238482406939,-81.67993041588268,-84.31212845364111,-83.55655301862357,-81.6011150717531,-82.3254670663872,-82.42725573464385,-82.69428922849085,-82.54941341839321,22,-83.10151276686123,-82.95183990447389,-88.48783469914854,2.235711526085996,-1.5660722701147187,5.060931983891356
HDOK,PLOK,17472,30,30,-84,8,11,2,33,-89.46226602541431,-82.29631589285628,-83.44854329028918,-82.98180962566312,-84.02487982558428,-79.943167020754,-80.81010053165393,-81.66033389984057,-82.66737255916405,-81.97778090549882,-82.43479853550724,-83.98571567193551,-83.24472949485487,-84.40524990997864,-83.11447231966822,-83.73309812367435,-82.82596481652914,-84.11107453040607,-83.49253552699872,-82.96696990178329,-82.45708193209975,-81.41807496610954,-83.55326573705968,-84.099698176644,-84.62434749987142,-82.1452713203237,-83.77112823362887,-83.67681193442755,-82.5489234321191,-82.85348579043341,-82.42963600602346,-83.59715447314869,-83.54346014181404,22,-83.1607732742957,-83.11447231966822,-89.46226602541431,2.274742273339392,-1.8436411483778035,8.641381648589912
HDOK,PLOK,17472,30,30,-84,8,11,2,33,-90.17826914455591,-81.44667885547301,-83.93110776134662,-84.90209751690378,-81.75006796247605,-82.1406663622483,-83.00621887647607,-82.34043044142344,-82.04167636816837,-80.93600559931045,-82.44569802118636,-82.95707518182013,-83.80453883656209,-83.17693877356108,-83.56843459322387,-83.98423378267927,-82.61492610507507,-83.48727203863093,-82.89786506038634,-81.69004556554054,-83.57854691205166,-82.44353223166323,-82.27225025140989,-83.13795469321059,-82.70845883770052,-82.76865087647445,-83.51763844192303,-83.93631448145612,-81.78266804809624,-82.94250162650978,-82.74306046098883,-83.01534564613914,-82.9361855120598,22,-83.0631319656585,-82.9361855120598,-90.17826914455591,2.261558435874305,-3.2238857915154764,14.829731611447931
HDOK,PLOK,17472,30,30,-84,8,11,2,33,-88.65032804333161,-83.40135124414003,-82.8422835514912,-81.94780482067094,-82.52310081838519,-82.93203442139408,-81.72987009902275,-83.14401691363963,-84.24493701347242,-82.31821219870702,-81.85881888918273,-81.52481492988368,-82.2775316450952,-81.16077940163255,-84.65197517158148,-84.6648390962392,-84.1767037632596,-83.96157036846392,-82.16334833107851,-83.54190758285374,-81.43255295000648,-84.2674008259661,-85.33367150668057,-80.21392272360544,-82.58221283351513,-82.5892983623087,-84.96341118710193,-82.77528588774712,-84.09839230297925,-82.78033173813473,-82.38894511674046,-84.16356394862716,-84.52430007894087,22,-83.20695508381455,-82.8422835514912,-88.65032804333161,2.3848180564322914,-1.141981587116838,3.271864319008803
HDOK,PLOK,17472,30,30,-84,8,11,2,33,-87.92797397450711,-81.56021935532105,-81.83525950700313,-83.99789774284191,-81.69338966492504,-81.99012774939392,-84.52385809383692,-83.000523523507,-82.03289676185825,-84.9543851277486,-83.54941455426284,-82.74618597167591,-84.09850099756335,-85.3016668468816,-81.71066359699716,-81.9878389329088,-83.00078880960666,-84.62746493390674,-83.1060848362785,-83.05770693762791,-83.66426020911095,-83.74876638651467,-83.78753697294592,-83.67353784944233,-85.74763317395735,-83.99667238264206,-83.16735140874529,-82.4257253177413,-83.48675420121346,-83.35694080564225,-84.28107848828057,-83.59982601859068,-82.31898974608579,22,-83.45327032968378,-83.48675420121346,-87.92797397450711,1.7503231929520238,-1.1158617549584755,2.5330911376027445
HDOK,PLOK,17472,30,30,-84,8,11,2,33,-87.89044944990886,-80.23960636296897,-83.51119254427735,-81.92141289788236,-81.92807351847031,-81.40945467210476,-82.05190430671146,-83.60844776548325,-81.80073456947137,-83.02868685951883,-81.41891121381089,-82.64764524708539,-83.8611404594261,-84.23985702721852,-84.68779939907502,-81.72852958542165,-82.38143472127588,-84.06671360819311,-82.6619738551274,-83.96943962181624,-85.03905651011753,-83.70875256346673,-83.4960083212305,-84.19617410772848,-83.13186452217751,-83.12112132642194,-81.69115910621305,-83.02104000615816,-81.12744554282781,-83.06143085041532,-83.12011089596882,-82.65025320056807,-83.27660647846004,22,-83.02104336718187,-83.06143085041532,-87.89044944990886,1.9115764059773757,-1.0602190734596384,3.4080796660854644
HDOK,PLOK,17472,30,30,-84,8,11,2,33,-91.16477800021292,-82.28687121474108,-82.12307407966577,-83.36567463249125,-81.94945561742668,-81.85305952790334,-81.20633037949408,-82.3375091070083,-84.26467125143036,-82.33312637385994,-82.1183694778297,-81.75703455674915,-83.92813001990152,-83.41900213891847,-82.87199972083047,-82.79881623393739,-81.20770864571648,-83.45810710074443,-83.22529202396906,-83.69546785294942,-82.75543200865042,-80.97287922070328,-82.94667170297764,-83.7498450448965,-84.52532557548216,-82.28968824669755,-83.68075321018786,-82.58956930023194,-83.98239687755311,-81.434676796322,-84.42228032306294,-83.3566455656316,-80.6549515630554,22,-82.99168464821918,-82.79881623393739,-91.16477800021292,3.1159545482685163,-2.9711487726268477,13.335787013183323
HDOK,PLOK,17472,30,30,-84,8,11,2,33,-90.20958417295165,-81.22986051726136,-82.5238230534312,-83.11648466157543,-83.33264348354174,-82.65337939947605,-82.2797507183746,-83.2082019003607,-83.48003966324322,-83.41412371058193,-83.0238937354477,-82.91164969242159,-85.61870899975743,-84.5201681633807,-84.34154853731695,-82.13268584967084,-84.53527381440445,-84.5407302832678,-83.05846027267428,-80.8855693705645,-83.47674846858932,-83.01519818290109,-84.16903753306288,-82.3339990105695,-83.27343118274929,-82.67650287077313,-82.14972353726583,-83.46329681072339,-84.74505127732668,-81.4115496224751,-82.49664381596747,-83.34934812557829,-84.19416048430122,22,-83.3870082097572,-83.2082019003607,-90.20958417295165,2.5170512397485454,-2.3498741946404653,9.494441505418202
HDOK,PLOK,17472,30,30,-84,8,11,2,33,-90.9676703935939,-80.83987554136502,-83.68860562792878,-82.11321740891424,-82.17737261169209,-82.1803829739468,-83.70681054167865,-82.55735399939286,-83.10941375942328,-83.86712737924015,-83.67669657048596,-83.07386932962146,-83.87699919267097,-84.5720209129914,-83.9455149428345,-83.29028392567773,-83.11176928185083,-84.04240007481992,-80.83044678889824,-83.08446513196984,-82.52396213635105,-82.74516105323153,-83.78900084089113,-81.47366937295006,-83.0799288368111,-83.61079424370924,-82.70812945876402,-83.26538559228291,-82.21679823652264,-83.88555525234123,-84.3826995351241,-83.52811970730994,-82.81605096844166,22,-83.29507732193113,-83.11176928185083,-90.9676703935939,2.643675274647594,-3.057958409372862,14.765422117435902
HDOK,PLOK,17472,30,30,-84,8,11,2,33,-88.62105712068534,-81.25263946250591,-81.85244880493848,-82.42827864877499,-81.69998999273062,-81.27595051790479,-80.94864843720289,-83.59311530080357,-82.2239990563988,-82.21661745511865,-82.4582582601287,-80.97031154886176,-82.76318046265322,-84.54368627835588,-86.72747216424006,-81.82061050669088,-84.25546362082179,-83.18839393773096,-82.51156931790385,-82.93091780209434,-82.7532237525086,-82.4624598889782,-82.19206946803071,-83.37230653298263,-83.14832865337951,-81.68646528235438,-81.78329216027707,-83.12978060527784,-81.02115926821371,-83.7275350574794,-81.39630558773779,-82.98210995422477,-82.54296434814653,22,-82.74183664412536,-82.4624598889782,-88.62105712068534,2.4283673720794807,-2.0765952012435234,5.782090757640081
HDOK,PLOK,17472,30,30,-84,8,11,2,33,-87.12764448192397,-81.88439700978263,-84.17715157997287,-81.78035933386762,-81.67380521619766,-84.5228494217853,-79.39372868376162,-82.02234205416921,-83.03371560437279,-83.24038061098106,-81.30538284560089,-83.7251461119871,-84.13180328717796,-84.96685942202598,-83.99547020534338,-82.58428139808183,-83.69231189368753,-83.54333182776011,-83.00401655985152,-83.22202772660152,-84.30621970668757,-81.58654392646312,-81.992792930303,-84.13455975356968,-83.65647862843095,-82.53048484797081,-84.10244634470833,-81.27124369102302,-82.18441318123028,-83.06910462651108,-82.52383518088368,-82.1901262053841,-81.33787029051119,22,-82.96706438147301,-83.03371560437279,-87.12764448192397,1.9675247570462808,-0.2873143504315593,1.5741790700619585
HDOK,PLOK,17472,30,30,-84,8,11,2,33,-89.48905600772642,-80.65458014335165,-83.1448784609356,-81.48781847570751,-81.8706370351635,-82.40558849236473,-81.77512233007128,-82.4387644872789,-82.92212166504386,-81.03257548514964,-82.02745765105938,-83.50980721959392,-81.37325129458381,-82.65993574995136,-81.87738507258376,-83.93192076254233,-81.9932613003455,-85.1843954911222,-84.35763828525597,-82.057376858493,-83.36844741499338,-83.79836541442936,-84.18108785752632,-82.74669973923724,-83.64364469896572,-85.49661172329603,-80.67469786381652,-83.55591423005751,-83.71796093915287,-83.85268055911793,-83.82886329898442,-84.59589423116893,-83.38409267379333,22,-83.12237978523831,-83.1448784609356,-89.48905600772642,2.7447308052584134,-1.5991278191639022,5.2812969806356005
HDOK,PLOK,17472,30,30,-84,8,11,2,33,-90.1606281462251,-80.52121260132252,-83.15569664764155,-81.04341760225415,-81.783386631246,-81.56268368622912,-80.35286594224632,-82.48385331581501,-83.08022856435565,-81.61928485723593,-82.2193864022433,-81.9812494159869,-84.41480543658831,-84.78669521382234,-83.34053519450687,-82.78241310520093,-85.12910482481551,-84.31503806855915,-82.75665571954056,-82.13961969123874,-84.24004419886585,-83.92710105515944,-81.98538173468721,-83.12911202692625,-82.37886556159168,-82.26790047229997,-81.66521105339254,-82.01440326189928,-82.08353183809518,-82.50831613350907,-83.97641376681511,-83.58777343006936,-83.85772902040647,22,-82.94698620063006,-82.50831613350907,-90.1606281462251,2.97612201019947,-2.170731599032492,8.161142520695606
HDOK,PLOK,17472,30,30,-84,8,11,2,33,-90.03258362146242,-79.650034014208,-83.16712759741725,-81.82986367655047,-82.62868406081658,-82.9884793993891,-82.69197038399624,-83.43446334165063,-82.92458627442387,-85.09265576997426,-82.63458944289391,-81.58563215756205,-83.06650666977201,-83.64969749376026,-83.46979793863481,-84.96675162960811,-82.48694084470205,-84.4045673117115,-82.63833642511997,-82.91387723424522,-80.71803629610578,-84.20259060511742,-83.60704028229104,-82.54513611742458,-83.96796201716798,-83.53553144611057,-82.04421055760504,-82.34942170868047,-83.32448731293336,-83.3477056327308,-82.566035754194,-81.65392296784871,-84.01271746656893,22,-83.15551343795993,-82.9884793993891,-90.03258362146242,2.671219122863777,-1.9843336378389627,8.966427914376636
HDOK,PLOK,17472,30,30,-84,8,11,2,33,-87.32954517000175,-82.36697872430935,-82.44595759974285,-81.98362308978895,-81.23374746874467,-82.78010349604433,-82.99156745165342,-81.81303374830965,-81.60795103378958,-83.95643138378877,-81.33309305977603,-82.68670425696698,-83.53698371558033,-83.63986096859595,-84.31169089910618,-83.09473495946992,-84.84524214382512,-82.85381234418752,-84.98957811838702,-83.02819150155511,-83.30386894321815,-81.54194855706156,-82.55880103672297,-83.0234342135146,-83.1467151131178,-83.91296774232141,-83.6251948372798,-83.45050278212203,-83.72828949188046,-82.03702778396828,-81.52999727198016,-82.8839987141526,-82.23709754007757,22,-83.02450530791032,-82.99156745165342,-87.32954517000175,1.4745850647813743,-1.2962746558645268,3.4054843852583843
HDOK,PLOK,17472,30,30,-84,8,11,2,33,-88.92377809724915,-80.85777387779683,-84.21391610589133,-82.56736568890229,-81.17870245119144,-80.83895298543462,-81.5646062084715,-81.40876238248669,-85.85909439541638,-81.39142638345808,-81.34587600929956,-82.23030722697418,-85.03580257566806,-85.0708872334191,-83.3419118259171,-83.51558549973332,-83.05271434362304,-84.24713468555686,-83.71853594780076,-81.87002353404544,-82.91390672452816,-83.2147487015345,-80.21937177401487,-83.1846842432625,-84.69458238381176,-84.95705784348301,-82.45974070502966,-82.5488139274231,-84.23180118054422,-82.54362182329226,-84.67944087097683,-83.3276487028969,-84.06477266692717,22,-83.19010148503214,-83.1846842432625,-88.92377809724915,3.023925890182701,-0.9089346308495522,2.0383480797291473
HDOK,PLOK,17472,30,30,-84,8,11,2,33,-90.78465835253209,-79.53842659128073,-83.97088998685518,-81.2935763925059,-81.87984765025648,-81.09952682940934,-82.48611942128207,-82.39553742012504,-83.29523744884531,-82.42557876836948,-82.02582465443943,-81.30107899735485,-83.10060199360797,-82.71495421185911,-84.5839307471747,-84.06053830399289,-86.24882333283277,-83.91839993752306,-83.07962831155363,-83.06917257527931,-83.79944248709891,-84.56488586763659,-83.52379621529843,-83.72932540696219,-83.05702346436607,-81.41415083267637,-81.07392450676662,-81.7615807568256,-82.34915606680794,-82.19067145074506,-83.01790071864139,-82.86962517348454,-82.62213101739137,22,-83.00745351187214,-82.86962517348454,-90.78465835253209,3.461015378504427,-2.1719243946901594,8.493340633442974
HDOK,PLOK,17472,30,30,-84,8,11,2,33,-87.49415141926448,-81.46439687551398,-82.83039203839766,-82.84914964279861,-82.663728142339,-80.82675251666933,-82.9258023524475,-82.6209566837662,-84.19061249722681,-84.38731527329777,-81.9057834538232,-83.49384651649281,-83.21572531094411,-82.81250694451772,-83.69269645847562,-82.22649178477864,-82.85203843939114,-83.32028043372621,-81.47511886000657,-83.12454061128643,-81.54354487288839,-83.05436707426918,-83.20263310060166,-83.10507381799673,-82.82495837388157,-81.28206420127236,-83.72447209872993,-82.9996849390085,-83.16884210335745,-81.07687051295889,-84.5471237589032,-81.65309949333582,-82.1537568991435,22,-82.86996295459124,-82.85203843939114,-87.49415141926448,1.5083828047724346,-1.3987248097331875,4.8478242871405826
HDOK,PLOK,17472,31,31,-84,8,11,2,33,-82.17855005906972,-80.75180298266527,-82.43356768051443,-80.90944622884466,-81.88523262200219,-80.54303581634748,-80.67534162169292,-81.43646783714311,-79.82724837874987,-80.11984589376767,-82.04586854984063,-81.02298050062055,-81.72712762907526,-80.79778684709655,-80.7547209666544,-82.00510889424783,-82.50317665726669,-82.05740765510502,-81.35794255258836,-82.33231575650153,-81.11725903445551,-82.46772752972544,-81.05256351825518,-80.84052541749247,-80.46261691571242,-80.71279848679809,-81.47654475445525,-82.05100042580641,-81.3142861360576,-82.73439352731837,-81.59864491907511,-82.59069469037465,-82.15371258628579,22,-81.45265888095776,-81.43646783714311,-82.73439352731837,0.5888351073773157,0.12268458619336119,-0.9896110388026962
HDOK,PLOK,17472,31,31,-84,8,11,2,33,-81.36649347918333,-82.32663312931952,-82.55464060449255,-81.74320666915364,-80.6615374600209,-81.0324724599273,-81.01580117803391,-81.04665180435371,-80.68163959874046,-80.88870327603045,-81.09436915290296,-80.55024455111662,-80.04555497792751,-81.32283975221318,-80.5782980216015,-81.4752816473904,-81.02449292989371,-83.68138800880931,-79.04527551681997,-80.44755304042091,-80.85552952999285,-81.70505183870304,-82.33230714822285,-82.28818279817303,-80.09300002926999,-81.87476455153447,-81.18734431388926,-82.13269028656525,-81.46416441496788,-82.09532197582494,-83.4635321893813,-80.9575551470255,-83.58735648114629,22,-81.41272357463782,-81.18734431388926,-83.68138800880931,1.0139247587423872,-0.41685164738079256,0.5437906363244727
HDOK,PLOK,17472,31,31,-84,8,11,2,33,-81.61805063239113,-81.28773907339426,-82.61027695726659,-79.94548645969442,-82.38005701370146,-81.1678296860056,-81.21352825114884,-80.56078019366603,-79.62245375537736,-81.78652330719441,-79.53451376872026,-80.87259735582829,-81.66644818687958,-81.51770007277693,-81.50239985138293,-81.60399475144074,-80.2898660035539,-80.13694033569988,-80.04865277205715,-81.52057054914759,-82.05213571506638,-81.73472268668503,-81.55553447929236,-81.48053021888643,-82.92944623263114,-79.9529564146303,-81.75189630716162,-81.34786330982584,-80.29814626220336,-82.36310183339356,-81.76808542504676,-81.89072312806476,-80.60158438183454,22,-81.23070107188028,-81.50239985138293,-82.92944623263114,0.7455714034965165,0.3058878705465852,-0.6200143984204511
HDOK,PLOK,17472,31,31,-84,8,11,2,33,-79.70763209638908,-82.33231375817225,-80.7631401675851,-80.14909563231562,-81.94387945951615,-82.32903115253762,-80.35620947472735,-79.83023522496225,-82.0916427724749,-80.60720420608075,-81.4745448771785,-81.06660588303602,-81.09486404877187,-80.14122193347988,-80.78701287633062,-80.6641356213991,-79.89275917048087,-81.45850283639713,-82.1308488193946,-83.01999472760993,-80.66495566711218,-80.67533838906421,-80.73722564017184,-82.22941299351449,-83.35908438863595,-82.03197923616757,-81.33278297100676,-80.89379081811508,-81.34156072906444,-80.90109351655127,-82.48430703640462,-82.8327857637162,-82.2488294264087,22,-81.32042488832644,-81.09486404877187,-83.35908438863595,0.919748541756689,-0.25842232245028357,-0.8271665784450546
HDOK,PLOK,17472,31,31,-84,8,11,2,33,-79.28334988426822,-80.73972539703648,-81.8235812349731,-80.16411970624314,-80.10393637579241,-80.97791377844352,-80.3647673334343,-79.96493465229538,-80.49868368781596,-82.27047958380356,-79.83372956273206,-81.93703145339019,-83.55404862448339,-80.51068155522215,-80.80444580064909,-82.28453140089223,-81.22345521537652,-80.9671570251552,-80.84198082881485,-81.63875869189474,-82.678935199462,-80.47509101967711,-81.0177808167908,-81.21292227152468,-81.50861314134346,-82.0103213352338,-85.3271125551457,-83.21410858760414,-82.44121324969066,-80.85131963657857,-81.31916915572707,-81.48093461317664,-81.8037317400294,22,-81.36753227620304,-81.21292227152468,-85.3271125551457,1.4052954684381316,-1.1710612168955212,2.4852532577589463
HDOK,PLOK,17472,31,31,-84,8,11,2,33,-81.47021729107496,-81.79232545000148,-81.56832388668289,-81.37757698724145,-82.93882871266432,-81.71613171178589,-80.54869708582424,-80.45890754682974,-81.29027815720704,-81.20541166164367,-82.29217037909727,-82.77793931650098,-81.51254686630236,-80.88251593724823,-79.43663881223037,-81.58892705756764,-81.02762359281374,-80.74308351597902,-80.69883359711062,-80.99751443369219,-81.9300096257791,-82.08745813352812,-80.96953870090654,-79.50191504721697,-81.99024840882541,-83.35537151811515,-83.54004621899236,-79.22240398572104,-80.63491610374531,-81.86192687271488,-82.17619143071593,-79.25538108709743,-82.27544227453093,22,-81.36743458810263,-81.47021729107496,-83.54004621899236,1.1264384592922183,0.20099459131093608,0.03233718778308825
HDOK,PLOK,17472,31,31,-84,8,11,2,33,-82.4659166342411,-82.21242830890081,-83.01886897083106,-80.8059819886003,-81.87962884557439,-79.65612082325013,-80.41278733096082,-81.10448864391911,-82.37594512792316,-81.20451369491718,-79.39516017923296,-82.2112299836032,-80.88489058885092,-79.7634132971964,-80.55605790417272,-81.24671237975755,-81.51885946475012,-82.49292987855078,-82.32993232363911,-80.70377548818358,-82.26611431625584,-82.22492946175197,-80.27088707364355,-82.95018491686287,-81.00293070857812,-81.12557772804253,-81.70884682415961,-82.5157518495571,-82.43894180251874,-83.34692201672583,-81.121860828588,-82.24856901793164,-80.35140628837686,22,-81.50947165727418,-81.51885946475012,-83.34692201672583,1.032180776930198,0.2669842068191195,-0.7967857019247888
HDOK,PLOK,17472,31,31,-84,8,11,2,33,-82.76347941623276,-77.26046573633369,-80.68795292080512,-81.551244917952,-82.0603891238327,-80.88467601673821,-80.31525350432807,-81.02891245789097,-83.98530039551959,-82.36424054538085,-81.12157954702595,-81.65670024882888,-80.73434824208542,-81.61061127932904,-82.19517537128324,-82.29232111187032,-82.60869234231956,-81.92968245389915,-81.53053767710482,-82.24256710712953,-81.2230764817359,-83.62661198954531,-80.40245231197991,-82.16107048691127,-82.20151017073184,-81.82655912980995,-81.38270203359045,-81.93307350379419,-82.21277035600562,-81.97517520535467,-80.07860142461472,-82.53640214659055,-82.13779743138862,22,-81.65217979054373,-81.92968245389915,-83.98530039551959,1.3281539140713383,1.4629300306257687,5.434025186318394
HDOK,PLOK,17472,31,31,-84,8,11,2,33,-81.34926923203065,-81.8032879378515,-81.33335935864811,-81.07658391554807,-81.25938553842721,-81.3328964391641,-81.77173364555458,-82.93909042467709,-80.72961052767329,-80.62409541567759,-80.24612864945745,-81.91214551786133,-80.17149943038743,-80.59728214471141,-82.70831136186452,-79.95581553565995,-80.48363063509642,-81.92697311212329,-79.98755252537997,-83.631194613232,-81.85710655270063,-81.07539284906049,-78.55407854774775,-80.9925253395182,-82.78226305068023,-81.74327924111236,-81.70926950816009,-83.19842424347979,-81.54847153413134,-80.77886571440617,-81.7759896121905,-82.83627519990226,-82.69776725567553,22,-81.4360471093876,-81.34926923203065,-83.631194613232,1.1419327289273353,0.1968583490826662,0.37956821206174185
HDOK,PLOK,17472,31,31,-84,8,11,2,33,-80.1692243531143,-79.47373766839547,-81.26084035578691,-81.26375179125577,-81.93596905507995,-82.61665566924208,-81.47627261472766,-80.94253043504463,-80.76845260263848,-83.51356878000901,-80.43452750910288,-80.959291562126,-81.17267174106486,-81.20410216648993,-80.9123348723788,-81.34060809085943,-82.05077156042958,-80.24701439867282,-80.53519337199602,-82.41169845804053,-80.29352037535605,-80.59219410154259,-82.01783055778013,-80.94510769469355,-81.0223126317043,-82.96332155869048,-81.77285400633313,-79.95873205445194,-81.62817170753928,-82.2631094036093,-82.11580089131714,-83.73212595550527,-82.94764149328206,22,-81.42248301479576,-81.26084035578691,-83.73212595550527,1.0148188766608277,-0.44374505949234494,-0.19791705452081
HDOK,PLOK,17472,31,31,-84,8,11,2,33,-80.78985846168821,-81.67532666167061,-81.82602992323045,-80.24662253492542,-81.42539753262245,-78.62465371704923,-79.6638930906484,-80.40295906308069,-79.40669924636634,-81.27940559374659,-82.05085367534025,-80.68289138603814,-83.65480917968213,-82.17753185744803,-79.97084122836817,-81.90628610022522,-82.03540456446792,-79.70689475885301,-80.60841746194544,-80.1469995102794,-83.31967190400022,-82.18995373902256,-81.96953157839683,-82.28835012380412,-79.93021231801436,-80.73359199382104,-84.15044542432736,-81.12270029248432,-82.49481320931984,-81.50195129854332,-82.2706204538881,-81.4477869899463,-82.52297616729805,22,-81.34013275880432,-81.4477869899463,-84.15044542432736,1.5403741453202933,-0.051493706179669044,-0.17583971801393838
HDOK,PLOK,17472,31,31,-84,8,11,2,33,-82.39308783395187,-82.58516369793276,-81.33363875912077,-82.28503136605285,-82.16367034759236,-81.83389663046619,-79.63517470098324,-79.21584796744108,-81.38981175326576,-81.49662364209384,-79.7331436624995,-81.80625045544467,-79.04839027777946,-80.82675011730966,-80.71933701215578,-81.2876502128489,-80.78438767403145,-80.91741652317506,-80.57128134097792,-81.58987431685773,-82.576342280282,-80.23766754042298,-81.69745987876755,-80.91876332950046,-82.92984334777869,-80.76238892053875,-82.85845726582076,-80.79630961090463,-82.14505473344529,-80.3316983766244,-82.41520667490535,-80.76023491939874,-81.02027127911236,22,-81.24442807422676,-81.2876502128489,-82.92984334777869,1.0070454923168364,0.2922877594776259,-0.4351220037821082
HDOK,PLOK,17472,31,31,-84,8,11,2,33,-81.36259836241118,-80.19681535448855,-82.36706535405716,-82.65400593183965,-79.54156309295828,-80.38438843963677,-81.15577446629936,-80.1589571913902,-80.54724629876036,-80.48233027879492,-80.10380757993786,-80.10324012175177,-82.37928740742171,-79.20198028513906,-79.40112464897582,-80.32662913689376,-80.69343776627953,-79.18861744470784,-80.12904439974466,-81.50254183721384,-81.37609481223362,-81.06838821284853,-81.33467408737157,-80.19918240100827,-82.48198121378478,-80.69932649648335,-80.34742433406905,-82.7008266163349,-81.3539456324593,-80.09338443051287,-82.12388394973242,-81.36701481209438,-82.12723143944727,22,-80.88344890415401,-80.69343776627953,-82.7008266163349,0.9970503970160043,-0.259320894206137,-0.840592808317929
HDOK,PLOK,17472,31,31,-84,8,11,2,33,-81.05614580204701,-80.45947757331707,-82.2372629470469,-81.80662928625284,-80.96415903146459,-81.17206151129861,-82.30458350537027,-79.76263842439924,-81.31071227915186,-82.20287601518874,-79.76352248194517,-81.25292990428858,-80.72446547645988,-81.54899833625106,-82.12822155755318,-80.92171305549365,-80.57614528852574,-82.64431644637342,-80.03400078644121,-82.32629343131131,-82.99444788722577,-79.29095458334933,-80.88497646821868,-83.03369916250537,-82.49542591486805,-83.35034615418674,-80.41904054005283,-82.53519987415605,-81.82586646336678,-81.44207111560314,-79.39219664144187,-82.31339238860502,-79.88791944886954,22,-81.36553605401907,-81.31071227915186,-83.35034615418674,1.200801190898415,0.16202345282420852,-0.9096337253093205
HDOK,PLOK,17472,31,31,-84,8,11,2,33,-81.41722039246073,-80.0863009393809,-83.74549009402152,-83.18448017035722,-80.03087671947723,-81.00437076911598,-82.55131590494645,-81.12015030500554,-80.32771400697595,-81.05530295162505,-79.93075849561443,-82.73505446914025,-81.62703267833653,-81.66044968808701,-82.23349744179355,-81.84274611845947,-82.57989240166897,-81.79824341191377,-81.88495912001272,-80.2627540315336,-80.18749410325388,-81.46948591823077,-82.64005821081999,-81.81106024833316,-81.7844139955619,-82.01980277689522,-80.99420476041315,-81.79736791550896,-80.38423794727119,-82.19138185079913,-82.70780051553687,-82.31261219909346,-82.3003366566128,22,-81.62663233964416,-81.79736791550896,-83.74549009402152,0.9242066815226317,0.11756489155096345,-0.5605813805009023
HDOK,PLOK,17472,31,31,-84,8,11,2,33,-81.03547162840012,-79.94079923840775,-80.85755853546586,-80.98968284181453,-82.54652106875,-80.74290239788354,-82.38197408088298,-80.52776811572683,-81.90071864310822,-81.49118010364492,-79.4869121184366,-82.40467631488988,-80.32650590384907,-82.92498261852036,-78.72253511320551,-80.64281029918904,-82.71410121268559,-79.75853858599703,-82.33301286272852,-79.89650206524357,-81.86727136258189,-80.40886360294743,-81.84212941812015,-83.5489152551781,-81.28406049655837,-82.4102944186413,-81.20845589018926,-82.03193513476917,-82.87488424450018,-82.11293424159491,-82.85917514232496,-79.23471950270297,-80.21787589149841,22,-81.31898995001325,-81.28406049655837,-83.5489152551781,1.456455261417281,0.23154965748821998,-0.8277444218565098
HDOK,PLOK,17472,31,31,-84,8,11,2,33,-79.06127588616272,-81.14199130471799,-82.29429729865221,-83.3298912085902,-80.5232780998561,-83.44606391092292,-80.93369826850343,-80.30395930523059,-80.91127932006997,-81.47208696452222,-79.73366469623498,-82.07538891582576,-80.90868987319867,-81.18887733709936,-82.53776643680932,-80.73433321268851,-80.04796781217546,-80.76356006292977,-80.81998990426514,-83.55982196520496,-81.50343616779192,-80.51922459222608,-81.2403633938959,-82.47713265903452,-80.24762650820396,-82.79341112218565,-81.16540441204712,-81.7817735912787,-80.50520586071224,-81.034643539282,-81.4000836999194,-82.13132403108338,-82.7392847873711,22,-81.37353927723309,-81.16540441204712,-83.55982196520496,1.1470003590171745,-0.31413298716659743,-0.281920595709765
HDOK,PLOK,17472,31,31,-84,8,11,2,33,-82.75443966934728,-81.9002762241278,-82.17259980957245,-81.34302232455629,-80.3950253626383,-80.97506755370996,-78.8414194272899,-82.62195479251852,-82.8044022906541,-80.58936158959051,-82.43724301751446,-81.48848423906644,-82.73655619744213,-79.71092866005895,-80.85983532981929,-80.74900077423263,-80.09436569650208,-81.21828180493564,-79.32057138098033,-81.99157647806817,-82.47981070129902,-82.16131095615539,-80.2702062300461,-81.36758320109854,-81.24193231228529,-78.58130188199785,-81.80924211243199,-81.12928652680766,-85.19765677958176,-81.1977161385554,-82.22346267063341,-82.77493514687374,-81.68272201785305,22,-81.42792664540136,-81.36758320109854,-85.19765677958176,1.6883185323485654,-0.11163746556979195,1.2503483430567237
HDOK,PLOK,17472,31,31,-84,8,11,2,33,-79.92981599839871,-79.75720156778544,-82.63538468262509,-81.90026959877734,-82.31083808077383,-81.57254090795932,-80.84545907940854,-80.48065371888802,-78.96715005778876,-81.93141698802002,-81.68319486205205,-80.08279673421711,-79.42762506507549,-80.69045488374009,-80.61539353022705,-83.26565400340453,-80.45930093439041,-78.67283096793506,-80.27479978367082,-78.65932295959307,-81.83494022818103,-80.7799807913885,-81.80087664522613,-80.20105385084155,-81.02125255504515,-80.40618559683608,-82.6153740089707,-81.17044166947468,-80.64163484554537,-83.06133723269146,-81.28702930916504,-82.20409035473305,-83.03473057245864,22,-81.03700097167541,-80.84545907940854,-83.26565400340453,1.4971545950609284,0.07101511080368944,-0.5929704057625989
HDOK,PLOK,17472,31,31,-84,8,11,2,33,-80.10202888142821,-81.6955363066755,-81.02964076665376,-80.93549790582844,-81.86726255760576,-79.97134125382566,-80.1164685871947,-82.16392300322661,-80.9370915754913,-82.71345801925808,-79.94304439287212,-79.77150410257053,-80.93511667842981,-82.00764987262136,-80.82016685482252,-80.9284890666299,-81.37233304245197,-80.98454369170064,-83.09446141486792,-82.46326962541595,-82.03422159643357,-81.04345714399673,-81.07101690414727,-81.25026796470694,-81.99826623915489,-82.23371594046404,-82.17744232530454,-81.65277462150019,-80.73314617384455,-82.25935939594605,-81.7382106349795,-83.02750428433558,-83.09053228000195,22,-81.45947706376927,-81.37233304245197,-83.09446141486792,0.8399223092719947,0.00837061128176843,-0.7299125852900947
HDOK,PLOK,17472,32,32,-84,9,11,2,33,-88.95334606372454,-80.4464285876962,-82.42043337774264,-81.12121765591365,-81.8776808624514,-81.9588911061561,-82.93370233066203,-82.9142870592929,-84.03971377878761,-82.95023714775922,-81.56471971585881,-80.04815713972452,-83.76931888195769,-81.59456292433309,-81.27971173585381,-82.74618951026214,-80.72775795198693,-81.44754842815803,-82.60150641596286,-79.62316419234367,-81.34746829100975,-80.87414098396282,-82.4154138900829,-83.23864679394238,-81.41875918062205,-81.65710647926156,-81.97354671085611,-81.96609343394468,-81.3836443253971,-80.41840935046962,-83.24236781034531,-82.68726305411847,-83.6160443062984,22,-82.15931755990724,-81.9588911061561,-88.95334606372454,2.585834725385374,-2.190165052004117,8.614285649461856
HDOK,PLOK,17472,32,32,-84,9,11,2,33,-88.57508243788605,-79.42743796714136,-83.0776684720621,-81.26918607417547,-81.8921461155847,-84.18898389954188,-81.7983087809821,-81.89550013251745,-82.57794584585038,-81.5112183564831,-84.05639394655263,-83.04030570352306,-82.38515493935972,-80.40381459294123,-81.99416050209513,-81.38438172920478,-81.22110427405192,-82.01474395189432,-81.23908956809056,-80.62772917426703,-84.47563533103322,-82.05959063086252,-82.91622113144516,-81.22251009287113,-83.0561820250269,-79.90363900072289,-82.82885946753237,-84.38949001915714,-81.8413212506028,-82.91651093454806,-82.42338537221234,-84.31755601730666,-83.84813792150824,22,-82.44786047451616,-82.05959063086252,-88.57508243788605,2.7613157182898576,-1.3608836411929228,4.311920022923067
HDOK,PLOK,17472,32,32,-84,9,11,2,33,-87.34768592064071,-81.15759999932794,-81.54473445167918,-80.19416591952503,-81.06177136101061,-81.60531729920655,-82.44970094615104,-81.03598495481847,-81.85594577366133,-82.5810824983944,-80.92453248220025,-83.02953739327884,-81.83258218629047,-82.29400110706827,-82.7996815235042,-83.03304376669954,-81.42284018752576,-81.3681139289073,-79.99267245205382,-82.17718977455817,-82.08755285494429,-80.61535055255756,-82.58202077371715,-84.58146400588154,-82.86166942713304,-81.24524904218207,-81.907883256813,-82.80679947389933,-82.96391331794379,-82.69164917471463,-80.2137881138828,-82.6653532440454,-84.5523911779185,22,-82.16615964673137,-82.08755285494429,-87.34768592064071,1.9901842627786435,-1.5030302364330241,4.354451754883749
HDOK,PLOK,17472,32,32,-84,9,11,2,33,-88.95183935869858,-81.4834063276826,-81.3009402470837,-79.46921556223008,-81.29918139499647,-82.27609833238778,-82.15731585966334,-82.62308590690893,-80.73752334742451,-82.10124602458599,-81.34812815322292,-81.97028878069206,-81.09379245536262,-80.75900926578224,-80.5172346701291,-81.70955689218746,-78.72131049251162,-82.65930885378621,-82.49907125144843,-81.03279230556441,-81.88264468342348,-81.81029107430753,-81.32587220925798,-84.88229550597197,-82.81736979220449,-81.62874319165635,-81.40744434290549,-81.82721433936058,-82.1633954045269,-81.8976130306377,-81.80084612502698,-82.89076618437318,-84.13881787236888,22,-81.97526240116274,-81.81029107430753,-88.95183935869858,2.7556195171287814,-2.1970520796632482,8.96124244128205
HDOK,PLOK,17472,32,32,-84,9,11,2,33,-88.7454889258152,-80.05779031806931,-82.0084750391607,-81.50448301612086,-84.33126188649555,-80.795694476785,-81.56196805157018,-82.0134398672277,-80.60866388414577,-83.26812378787598,-80.97708411226287,-82.34618411373897,-80.33564806264887,-81.3223957017824,-81.93688448182766,-81.25400084960054,-83.76941667902176,-81.78991663355359,-82.19992648357109,-81.3059132233424,-80.98174374993945,-81.09292314422245,-82.23458794587631,-82.49780594165458,-82.80853494224488,-81.43348336256825,-84.79627263662941,-82.58601284385607,-81.46854777532859,-83.08593753878212,-83.10793118557514,-83.23368779169685,-83.54807027934987,22,-82.27297874946485,-82.0084750391607,-88.7454889258152,2.5527728541126624,-2.0846812894119204,6.959852078215929
HDOK,PLOK,17472,32,32,-84,9,11,2,33,-88.64560122261531,-79.91889437590986,-82.31842864676082,-82.04830877760055,-80.83988477188171,-81.01955635368812,-81.12457858925596,-83.4675564851972,-81.58677612921055,-82.61119173691127,-78.60041589607744,-80.3585500598726,-81.30020944389707,-81.99659300027689,-83.17934471833395,-82.26290976095672,-81.90797134795355,-81.60622542518853,-80.90710942206765,-81.53641152744247,-82.99411003864759,-80.54023948835743,-80.95507363074059,-82.90910285354005,-82.85367011043546,-84.03274401321211,-82.58017456493506,-81.78478466230547,-85.61911493896216,-82.07190546126381,-82.03121194566528,-83.58854466023382,-79.27218531344275,22,-82.07482967796483,-81.99659300027689,-88.64560122261531,3.191193060282259,-1.4206049944231325,4.704936266522823
HDOK,PLOK,17472,32,32,-84,9,11,2,33,-89.66008741138069,-80.37608357201547,-80.27470162726205,-80.87464374195123,-82.37991180924142,-82.36179728733993,-81.29460539655014,-81.85769225776434,-82.02295469787785,-83.57839234980426,-82.2869283008871,-83.27222867392946,-82.18628859840989,-82.20700017733299,-79.64547139691201,-82.90522989174742,-80.98634783922539,-82.45111152619184,-80.61311817589647,-82.81445396179548,-80.1787351565187,-82.5895143722215,-82.61230353955531,-83.35955995020231,-83.37891385507125,-82.72434329796104,-84.15233113028212,-81.21906168705425,-82.84467978470079,-83.96068961163859,-81.65620127944078,-80.65811655752842,-82.43338263530805,22,-82.29748125912118,-82.36179728733993,-89.66008741138069,2.9727860449895167,-2.2048297923131206,9.09010885370826
HDOK,PLOK,17472,32,32,-84,9,11,2,33,-89.75609554849757,-81.57562466513899,-81.15376829707473,-82.46628193442703,-82.09916782487429,-83.63413703037136,-81.72770951116401,-82.22337429590682,-82.31472897158672,-82.39436572701493,-83.41582038936804,-82.93074595702024,-80.82598726379172,-82.09787907737093,-82.2328593647796,-79.70234563018484,-82.09645869641318,-81.62561267277708,-81.36758465942401,-82.87411651579393,-81.79602652218679,-82.11544498066071,-80.78844023374745,-81.50161388160636,-82.4890292151571,-81.80362331070164,-83.61066067738601,-82.82405452387914,-81.25274310379332,-82.65685407101772,-83.98424543031469,-83.34655559376516,-81.59741587535179,22,-82.37216277128934,-82.11544498066071,-89.75609554849757,2.5117895911317216,-3.0280336887154444,13.87039164955412
HDOK,PLOK,17472,32,32,-84,9,11,2,33,-88.15537463162312,-81.84602556166246,-79.92147696282808,-82.77946608336256,-83.33595106036604,-82.23863053563659,-81.58562116499587,-81.96242977737153,-82.2773321965932,-83.52220348259235,-80.54089444748169,-80.57562847844659,-82.21789815267333,-81.10659764073625,-81.5832558625486,-82.01939261174545,-80.36158945351164,-80.02602021353681,-81.54260312421974,-82.8385918696899,-83.0693872725607,-81.98861165780757,-81.20985661381094,-81.80241656274323,-81.62142178869249,-82.1317391264455,-82.13654404431799,-81.69604499586956,-83.7067785826759,-83.97041034036504,-83.28732925976702,-83.46453536011936,-82.24986213643272,22,-82.20520972888576,-82.01939261174545,-88.15537463162312,2.1596735053322518,-1.8677389755252494,7.009582637819445
HDOK,PLOK,17472,32,32,-84,9,11,2,33,-88.77014685641915,-79.39879636548595,-83.1253044591471,-81.55494947738957,-83.68589547304732,-82.12780777858364,-81.42048106819627,-80.93092548816222,-82.70303079786613,-83.29032220661234,-80.54690640987735,-81.08379617288513,-81.50193945120967,-82.39335793721148,-82.84966025414778,-81.81157061219612,-82.15119682224551,-82.75206550101188,-83.10036375015684,-83.20283185788306,-80.32733993462028,-82.39471574313244,-82.69721485239246,-83.71642677565926,-82.66427014918466,-85.02882222734596,-83.09667468558102,-82.34127280687656,-81.54526215304475,-81.62618817164349,-82.65283131678663,-81.93663634189272,-82.14363359254502,22,-82.44159507546789,-82.39335793721148,-88.77014685641915,2.412163906306776,-1.883868210558051,7.58102587356853
HDOK,PLOK,17472,32,32,-84,9,11,2,33,-86.89738962898333,-80.8929659390515,-81.76605174947386,-81.66567923286128,-80.96198982262872,-84.4306257187255,-81.73175527482965,-80.85087487589175,-80.85727507507414,-82.49081734108319,-80.98350813735745,-81.86797532656111,-82.47920172262481,-81.2207102158739,-81.41496288470138,-81.31598375388141,-82.07836784616292,-82.28450757358705,-82.24585917780733,-81.42703235515681,-82.98881761903472,-83.64267330200711,-80.67908993464081,-82.06271034801696,-83.75113437956006,-82.23657809877896,-83.99343581443314,-83.38127399588964,-82.15688690454822,-82.51743310922554,-83.02516422645898,-85.02462927060594,-81.57525224782397,22,-82.33026099707095,-82.07836784616292,-86.89738962898333,1.8174649580807347,-1.4460062603042918,2.667522346970896
HDOK,PLOK,17472,32,32,-84,9,11,2,33,-87.84198739563686,-81.5167104515982,-81.33021687011723,-81.44954836098108,-83.28722994514338,-83.25502849048287,-81.86150694631479,-82.49446916040307,-84.45109542801146,-81.44898570496608,-83.96786044971077,-83.1778475749632,-82.03496440004795,-82.21173769305861,-83.20842948396438,-83.40714376216641,-80.21664831098711,-82.61209589636796,-81.91085002259909,-83.04670956588456,-82.46119826662914,-84.55962466580829,-82.89929452488211,-82.40369544565601,-81.79970767115819,-81.81899294608762,-83.82830614099134,-83.35096212957339,-82.0390036236182,-82.944731890898,-81.98466485846568,-82.51560238708096,-81.8431749114537,22,-82.7024250113851,-82.49446916040307,-87.84198739563686,1.703188768553711,-1.7782111213536278,6.180532393842821
HDOK,PLOK,17472,32,32,-84,9,11,2,33,-88.53532951305237,-81.37378220282424,-81.41886087186519,-82.08758091774644,-82.50332415912033,-82.23651803212331,-81.94732045345476,-82.90538763930215,-83.56517062643896,-84.1498049399791,-80.53250924383521,-82.82052552291553,-81.89410521137087,-82.53023886910654,-80.93636824836328,-80.85481809988026,-80.32922051731553,-82.27784094888393,-82.78304152557016,-81.98855712580921,-82.40137026528822,-82.17546122882447,-80.90869085957591,-82.07807829587318,-80.77201964320699,-82.95498301567487,-82.23608321984105,-82.6967370086503,-81.53017912379481,-81.22370192283793,-81.53803447398498,-81.4596168333438,-84.12071966160717,22,-82.23533273398367,-82.08758091774644,-88.53532951305237,2.092238501552475,-2.536847602450353,10.010130109786516
HDOK,PLOK,17472,32,32,-84,9,11,2,33,-89.96049692739632,-81.5830420018623,-79.89149545579778,-81.94244048002987,-84.13863897864988,-82.82483953619426,-81.06425315032511,-81.92823427495834,-82.56179865107602,-83.01624676207496,-82.2412184521222,-84.18291432804773,-81.15479208339144,-83.34005538501685,-82.5834544667481,-81.04825714106494,-80.06180097257453,-83.57529184368538,-82.09193585093251,-82.88975600627437,-82.19091819930652,-82.85071364749189,-80.97655915969752,-81.77506020879301,-83.41485850892246,-85.3995830693748,-83.41036841607043,-84.07083755135854,-80.58204560464881,-81.53635475595598,-83.67609169621848,-81.89129771922072,-80.13121803175713,22,-82.5450566459709,-82.2412184521222,-89.96049692739632,3.379500786142874,-1.920031713693928,6.8543874154706685
HDOK,PLOK,17472,32,32,-84,9,11,2,33,-89.26873793278098,-81.00814696607995,-83.75766198285426,-80.28172079308808,-82.41017479807073,-81.68367592457106,-83.43221878935135,-82.34029545464546,-82.84241997849414,-82.05608222508927,-81.23988638362904,-81.61155545639853,-80.89987311326045,-83.61993912809842,-82.42059191232588,-83.83537765166759,-82.77447260034239,-80.41192284401033,-82.83287273854144,-82.85428689097387,-80.21659591305458,-81.06634219704289,-83.30257291644756,-82.77252779700011,-82.47033338721606,-82.69875738496992,-82.2523243301136,-82.99561653532534,-82.36958299237517,-81.85881561578415,-82.00687143101698,-83.30239001805762,-82.08217358224152,22,-82.453842959543,-82.41017479807073,-89.26873793278098,2.3889347329190826,-2.4333036391937926,10.669104670740946
HDOK,PLOK,17472,32,32,-84,9,11,2,33,-89.23982002883803,-80.09955891490985,-83.32599325111387,-81.4194312013473,-82.49202430789659,-80.77750518800232,-82.5801117080002,-83.41369447475225,-82.06498705061263,-82.57855885495638,-83.01312667960944,-81.64139698029456,-81.80773998536425,-81.48897399691067,-81.53880185621999,-81.02953051623344,-81.80025030361706,-82.0706213270579,-82.1558059296858,-82.0879100131867,-82.13948755810468,-83.70118645207826,-80.91314541515194,-82.07208615883066,-82.53090486503773,-82.74263594606619,-82.33174828993272,-83.32873697997557,-81.33863344558247,-82.69850098765308,-80.78330396050839,-81.9312114633231,-82.57976033734279,22,-82.29446013418779,-82.0879100131867,-89.23982002883803,2.1791279374670696,-3.127903307732054,14.445868356346226
HDOK,PLOK,17472,32,32,-84,9,11,2,33,-88.37982169093885,-81.82566817254798,-81.7270705026773,-81.94118155015721,-82.41457534860811,-81.74909526772801,-81.37592467969627,-82.34989724199603,-82.33493500239406,-81.46293651447792,-84.74092035343092,-81.07856397130075,-81.27593066658872,-79.973831875477,-81.06264097273555,-80.87564643949155,-82.35783324997523,-82.38664678702192,-82.26507704734388,-82.19114149630882,-82.92743078741086,-82.11278552565457,-83.145247143236,-81.61902638495191,-82.47149457361456,-83.59353549498817,-83.76563854814755,-81.30727224304604,-79.23578443600196,-82.28965828565057,-83.76608865106567,-83.19056758657051,-83.56774379101476,22,-82.32610946309849,-82.26507704734388,-88.37982169093885,2.3446832334532166,-1.708133307136694,6.544957076754164
HDOK,PLOK,17472,32,32,-84,9,11,2,33,-88.26310788293841,-80.2328666007057,-82.22767865994874,-83.06337948191175,-82.85823808830251,-82.47442864341527,-82.41127882579568,-81.77499677350531,-82.45469239747422,-81.20056955772704,-82.52337948303337,-83.35831111683197,-82.9471002496029,-82.51836425059753,-79.9910512298885,-79.81582361854146,-84.21362831974828,-79.70779070911533,-80.59062859048487,-80.78134376927483,-80.12274296328809,-83.04413461844658,-83.24522377311546,-83.44454304636696,-82.2623396047913,-82.04616350473012,-82.55172786549296,-81.49173103971883,-81.79435193041975,-82.1188116304071,-83.20761232077652,-85.36816688848509,-81.72411247184789,22,-82.29788848202212,-82.41127882579568,-88.26310788293841,2.732377941148759,-1.2594399207066986,4.0175344486132225
HDOK,PLOK,17472,32,32,-84,9,11,2,33,-90.17158625791267,-80.56908738996418,-83.00553472879515,-82.32366512915507,-81.69863687427426,-81.31450561042573,-81.43055910312908,-82.28759029436728,-82.89998806399304,-84.15395792484155,-81.14896239179947,-81.9547411319185,-82.55543288715656,-81.12562658882243,-80.9397070503218,-80.67527182001973,-82.49480998827178,-80.9258765723525,-82.16145963172849,-82.08945275507455,-82.31010757683624,-83.60839758834021,-84.48310684450053,-84.18753033150182,-84.71453120223617,-82.84393873025996,-84.23518323574369,-82.70965939165436,-81.22378672492137,-81.8511674584606,-81.68120078732878,-83.27213029138248,-84.38469999876145,22,-82.64945128352277,-82.31010757683624,-90.17158625791267,3.1452649437367484,-2.358700028858956,8.637268061618077
HDOK,PLOK,17472,32,32,-84,9,11,2,33,-88.30068708518341,-79.23304959170513,-81.54210219010804,-82.43283180663181,-83.36447028039058,-82.70617452328294,-82.1505672162451,-83.12291795355196,-81.36429814165295,-83.83743914300582,-81.81992601745985,-82.84772174772706,-82.96613594772046,-82.7361343397156,-81.34830106659169,-80.8539604490275,-80.5235006574668,-81.40541451783722,-82.04129549299991,-80.19608169947041,-80.74996362171088,-82.05549374480385,-82.64278451210158,-81.52359589232987,-83.32057969327772,-83.2542973168367,-82.61413038681037,-81.69523689744555,-81.69495771686641,-83.06505554517294,-81.7259023471952,-83.07480165608807,-83.50323904346261,22,-82.29433479520836,-82.1505672162451,-88.30068708518341,2.205501659620651,-1.681540875488497,7.224210624749629
HDOK,PLOK,17472,33,33,-88,9,11,2,33,-87.67722296820298,-86.49415937796327,-86.63315442638458,-87.51263800976825,-84.94458536062425,-86.44057929985065,-85.50048283033368,-85.34908729956456,-85.7315725441305,-87.23613630847422,-86.88080212026013,-84.16275918212449,-86.83643340155832,-86.35301701171606,-84.79817754509745,-86.32034250704396,-85.8915576352974,-84.6145580179611,-84.04939384081352,-84.71060522019896,-84.47064834912021,-86.56379265274653,-85.32448567706275,-84.77443950857477,-84.67381454076438,-85.44035140632565,-84.8276133236439,-88.6484840352101,-85.53592108457005,-83.89058485106516,-85.39293063011665,-85.98395668788432,-86.26096558735318,22,-85.75531070429714,-85.53592108457005,-88.6484840352101,1.2560838599154434,-0.4568303722034765,-0.16054885301994215
HDOK,PLOK,17472,33,33,-88,9,11,2,33,-85.15596157111017,-86.31569279211928,-86.2167637937501,-86.54559850171304,-86.30327123223263,-87.57349821562612,-86.70560689154676,-85.67248144698297,-85.43725576939889,-87.00966380020958,-86.42618523088821,-83.70391959037464,-82.3237632652073,-84.46413736371754,-82.9370058428206,-86.1821717313296,-84.19538082146089,-84.60832617890755,-84.03543178509176,-84.00515324762249,-84.82015413978708,-85.79559727048148,-85.52881165711517,-83.64898760105324,-85.42220312758703,-87.1400396539041,-85.22904548381914,-86.73681561445926,-85.92526433973953,-86.64036707296671,-84.61207707395363,-85.632355038239,-87.00418519450074,22,-85.45312643453687,-85.632355038239,-87.57349821562612,1.6063827811857296,0.5626770765603117,-0.2776158798668207
HDOK,PLOK,17472,33,33,-88,9,11,2,33,-86.95874396077511,-87.2212989572907,-87.48525915546782,-85.6907760624808,-87.30916956998625,-86.92189812388843,-85.88993286168636,-85.66371693658317,-85.19014969994028,-85.88706532094434,-84.65127363042988,-85.50091258110896,-86.25747804505433,-87.23461300684286,-83.20703936505032,-86.2088490675349,-84.16401539967657,-84.5071468987193,-84.27624553251336,-85.35459165740333,-86.7753062381541,-86.21142751180814,-85.0626967247123,-84.98678282615805,-85.00919863793165,-85.78808704688879,-86.3167661024441,-85.52407667753675,-84.24656446519451,-85.82641124092187,-86.04057572893402,-87.26724754623086,-87.31232555783583,22,-85.81659521630692,-85.82641124092187,-87.48525915546782,1.1451238731858793,0.2983537127370041,-0.43649327101956814
HDOK,PLOK,17472,33,33,-88,9,11,2,33,-86.98202561128839,-84.63852698524205,-87.58613662965888,-86.57607570193862,-85.58835293181855,-85.65705265265454,-85.5962546390987,-85.69799790569891,-85.94588322238337,-85.30268599968073,-84.88275932989032,-83.10132285538576,-84.98586731259303,-86.9519847054782,-84.22619424750783,-83.33596598246606,-84.59112144423625,-86.96712829285623,-85.10886762093718,-82.22016246402902,-86.53411819716052,-83.96530617746224,-84.6563226146712,-85.08404794350993,-84.0392223729591,-84.62091751892724,-84.1040720860789,-85.3963475079914,-87.69992617311091,-87.73788904332005,-85.94970781752744,-87.92330418953603,-85.45278428610763,22,-85.42746462009711,-85.3963475079914,-87.92330418953603,1.890769689024249,0.03842568557244346,-0.27467235967682146
HDOK,PLOK,17472,33,33,-88,9,11,2,33,-86.06340375911562,-84.69832036342358,-86.7368423628976,-85.39240647223754,-88.25122533366446,-86.55784915892771,-85.95644644551257,-87.8428542915462,-86.06077376751244,-84.77378052417704,-86.35779622442706,-85.87470918926995,-84.11559915551867,-84.44810242409943,-84.46440464560413,-84.09042541784919,-84.98072950983726,-86.05507821863647,-84.04214096684865,-83.23745962257162,-86.08856851976944,-84.72922870203654,-84.0022072286716,-84.34014003103137,-85.84643559039695,-85.1097336772977,-87.72922617611115,-85.45186370475774,-86.38094311679478,-87.5419631182815,-86.79201470391351,-85.73160122099507,-85.22592296684664,22,-85.60515747304792,-85.73160122099507,-88.25122533366446,1.4746007245444055,-0.2919780187747469,-0.43263448991178066
HDOK,PLOK,17472,33,33,-88,9,11,2,33,-86.49003257809159,-87.15010629270984,-88.97207194516139,-86.61901797548842,-84.81475028530267,-87.47830924299429,-86.48066426856013,-86.25134386959952,-86.19380370294371,-84.57102357095314,-84.8958938468125,-85.77658405898048,-85.53388505856509,-86.86283916577871,-86.3344582906896,-84.41471296840497,-83.6591128953878,-85.47022199130483,-84.10206407934706,-85.49067314834326,-84.42787059312005,-83.33075025617987,-83.66342393607151,-84.43750068501662,-87.20810343547542,-86.92038867357385,-86.65780571635804,-85.04163750546002,-86.15045441250577,-87.52222218119651,-86.675837865868,-87.21566035563652,-86.42533857672797,22,-85.85571404329119,-86.19380370294371,-88.97207194516139,1.701348544674934,0.07457574166653588,-0.4029665673911409
HDOK,PLOK,17472,33,33,-88,9,11,2,33,-85.38396978552217,-86.09408677536373,-87.0113289177966,-86.61468608804032,-85.50700066705595,-85.40065579417326,-85.31800190047835,-84.82876327802347,-84.94369355802563,-84.57147949396212,-86.21080833752211,-83.49305682213664,-86.32476047068194,-86.68293539110068,-84.67183402070442,-84.22613582254539,-86.46422751012459,-85.16343522663811,-85.33355447834606,-85.60642592929143,-84.60080299253055,-83.63472340312977,-84.84560915560317,-85.33623751898575,-86.09703951881184,-85.98110130991834,-86.78627314989544,-85.76313305409015,-85.52996665349976,-86.06229554865736,-85.14611704435922,-84.3391384315112,-84.89895786274403,22,-85.42037078518999,-85.38396978552217,-87.0113289177966,0.7441805107954228,0.21380421095093702,-0.33127835828595176
HDOK,PLOK,17472,33,33,-88,9,11,2,33,-86.96618664193284,-86.23642763178904,-86.5476606915246,-87.18283187768436,-86.46635586074817,-87.22439092968341,-86.22763358289149,-86.26965981973757,-86.521174581606,-83.97215023987717,-84.86411302779541,-85.99202899953485,-84.80383125712216,-84.57668340579549,-86.2969235586393,-84.87015091042387,-83.53615732477769,-84.95604610032623,-84.51071213327847,-85.25127619152728,-83.64302293672169,-83.8736013890092,-83.99411271611376,-85.83276463254236,-84.7653856809318,-85.61463532670346,-85.21363538061911,-85.9312044846271,-86.31644533564857,-88.06156891204061,-85.9229036740358,-85.69108781687696,-86.81282248368194,22,-85.60441168291658,-85.83276463254236,-88.06156891204061,1.2526186828314347,0.08153308450609642,-0.6289263933534657
HDOK,PLOK,17472,33,33,-88,9,11,2,33,-87.28652226806754,-85.67688027493477,-86.76411365994362,-85.89026378317696,-86.31742888685898,-86.66853888340823,-86.06278467181232,-84.76682332342291,-85.56823033735012,-84.43088844348192,-86.44342700788988,-85.4970212773573,-86.07692240894858,-87.14285642029832,-85.66163587466569,-87.45047643290852,-82.23727249253434,-83.17889221669735,-84.50994098380866,-84.87976033468688,-84.7045614338865,-83.71211447161508,-86.13828968483129,-87.61711854605001,-85.63273090041041,-84.59924159505323,-86.95202007206079,-84.79825320290698,-85.5422784674781,-85.43779112626872,-85.18085891077317,-85.48903802890143,-88.75577129940298,22,-85.66881053702701,-85.63273090041041,-88.75577129940298,1.6992418593383385,0.22408211961455043,0.7781645121642824
HDOK,PLOK,17472,33,33,-88,9,11,2,33,-87.79445020490189,-85.9446970989545,-87.43120661921515,-87.68039881652983,-86.11269038401174,-86.20348592777599,-85.1186211066741,-85.66823425691368,-87.07876018133464,-87.89468836007039,-84.37410918024374,-84.18106588245774,-84.17324909190837,-85.89600570689339,-83.81346958280744,-83.92452053359213,-84.2956287037992,-84.29726664611997,-85.08949042452137,-82.58059972073596,-84.09585990129776,-84.8939121530563,-84.59934780557461,-85.83189202248028,-86.23369516301577,-86.21525138144102,-87.7677401604672,-84.56000469377963,-85.91930027416169,-86.11192226579091,-87.4106066299105,-85.2946807898354,-85.6543366746402,22,-85.58003601045189,-85.66823425691368,-87.89468836007039,1.8014545205341923,-0.0746092350893637,-0.6321849632801699
HDOK,PLOK,17472,33,33,-88,9,11,2,33,-87.23052706992722,-87.2567517543229,-87.96165090795414,-85.81661240679328,-87.65599276475498,-85.3037476783287,-86.32693912973484,-86.42978117829817,-86.6894896837608,-86.2115186066401,-84.47184828125133,-86.39227877742536,-83.67720558907008,-86.12745348679601,-85.64485273641131,-85.43912644950476,-84.02681076299032,-84.03224807569059,-84.91298559202592,-86.5354132672038,-84.00590036819328,-84.4221606764066,-86.32313319727176,-84.96353773959041,-88.48571617514989,-84.33414247115289,-86.07841456936572,-86.77227481345302,-87.35846941446944,-86.4845893491781,-87.09844040826228,-84.75001589429317,-85.62183302283755,22,-85.90429885753055,-86.12745348679601,-88.48571617514989,1.5297141004060624,0.032334487415961864,-0.7696832487405927
HDOK,PLOK,17472,33,33,-88,9,11,2,33,-86.29083254533126,-86.31291157576814,-87.12235026878193,-87.36802231618897,-87.18439216393507,-86.49334561402775,-86.60253511492023,-85.38355169212296,-85.35812984905432,-85.97603975360245,-85.31659197946804,-84.64453791583178,-86.60763705549944,-85.54467247531855,-85.41167607452543,-85.39821549537781,-85.39529414651071,-82.71957691219264,-85.63389311726542,-84.9675349054338,-85.02695932964447,-85.57915136317006,-85.13964430846046,-86.31084853555751,-84.13281865404099,-85.51156865849902,-84.37438561701575,-86.56301950088101,-85.74379436946775,-86.40774911668369,-86.4061526680081,-86.87110238062739,-86.88809108541994,22,-85.778394744201,-85.63389311726542,-87.36802231618897,0.93941077806362,0.8422029944349446,1.522166973598909
HDOK,PLOK,17472,33,33,-88,9,11,2,33,-85.93916364043535,-84.58786982572322,-87.38190861381356,-85.27148338482085,-85.91516294402214,-83.01533590862533,-85.67783588094186,-83.91201175260497,-85.98218591558042,-84.25833698755912,-86.64015934992229,-86.26600362888435,-83.73034405350194,-86.416452944094,-84.08566015170979,-84.36743066752464,-84.8217313882353,-86.42166804922104,-84.60291781280557,-85.29378807687849,-85.68169867736543,-84.83503912318751,-84.61109078968032,-85.62506293543628,-83.98289988045939,-85.5989247126894,-85.74699353267134,-84.92164096614016,-85.2211217898686,-85.43576362613491,-87.82316221358118,-86.80133354397725,-85.17263655111624,22,-85.33469149452159,-85.29378807687849,-87.82316221358118,1.1198784799537884,-0.1616722362811151,-0.02029203642123134
HDOK,PLOK,17472,33,33,-88,9,11,2,33,-85.26169126352929,-85.20499683543606,-86.41944874754132,-85.0037614904188,-85.83515123539203,-84.95042034603026,-85.23281419653122,-84.331652680794,-86.08681593968488,-83.89876061485933,-85.45211229564937,-84.26540427869853,-84.70368738688778,-87.3262976228295,-84.55834472739247,-85.6325015996868,-84.71687867544011,-83.70174913823533,-85.70598925160323,-84.60156952695037,-85.58161956974345,-83.62373922512307,-85.23961719713758,-85.4875914004455,-84.8234831169103,-86.25849757706224,-84.88045049308023,-86.2602141498784,-87.47158301349455,-86.01335449171478,-86.6698054073065,-86.0171436162938,-85.5616200572553,22,-85.35693233845565,-85.26169126352929,-87.47158301349455,0.842304639495028,-0.25072399277059143,0.0037134847742956723
HDOK,PLOK,17472,33,33,-88,9,11,2,33,-85.53811254238514,-86.28815167410153,-88.7086925652454,-86.05820571695209,-85.32721143590177,-84.23399010407685,-86.590689505624,-85.48734121735522,-87.98061886129844,-87.05059798704478,-85.56195877132484,-85.9421899797078,-85.1436771405131,-84.5187755018597,-86.525570222185,-84.04459755353571,-84.46609438817747,-83.92766212046011,-83.93812102452708,-83.60232150406293,-86.6356244107408,-85.0554302700517,-85.22157393812452,-86.1283619216534,-84.99101554398374,-85.79872907918705,-86.54720686926963,-86.3766118346995,-85.41279405295828,-86.60751357051478,-86.33724514371893,-87.7748442904364,-84.56474746472013,22,-85.70867509716358,-85.56195877132484,-88.7086925652454,1.4355144580043864,-0.3633632047243815,-0.012611881137945424
HDOK,PLOK,17472,33,33,-88,9,11,2,33,-86.80811982530413,-86.49498619095753,-88.9377337192901,-87.07660954472594,-87.92728775058755,-86.3514171824251,-87.0696392942097,-85.73844317610006,-85.81451205437358,-85.05045854781004,-85.53544845982533,-86.17657457519016,-83.98100209177885,-84.34094671465675,-85.70423398190613,-85.50529781162439,-82.38803445623326,-83.91252651649587,-83.46868359161297,-86.49349838748152,-84.91252131127857,-85.57923305775215,-85.44179512112676,-85.16734407100739,-84.32269085971964,-86.51317688663863,-86.7332220053625,-86.14343748650965,-88.62631598605822,-85.38426816064954,-85.78514423740776,-87.52988795192736,-86.38279155468113,22,-85.8574934109912,-85.78514423740776,-88.9377337192901,1.9174576881358365,0.0981414212284048,0.5341482868827616
HDOK,PLOK,17472,33,33,-88,9,11,2,33,-85.18092552976925,-86.648893292908,-86.46004989996999,-86.89453309163268,-85.96473933055087,-85.46207844118445,-86.19153530217628,-84.74646460236998,-86.26078590979155,-84.76696486310382,-85.49790276130932,-85.45177658240135,-84.113917644159,-82.84813861493166,-87.73462011673475,-84.76398357489964,-84.82233426140678,-84.45163875482721,-85.72090572557761,-84.47687474493547,-85.52714399701127,-83.60649305444919,-85.60469440375921,-85.35609045527382,-87.4320474984234,-85.51487423536622,-85.37751635822396,-86.78958566016934,-86.96660040452775,-86.87099627589508,-87.26271977856838,-84.77119991381211,-84.62830171677811,22,-85.58082808475446,-85.49790276130932,-87.73462011673475,1.2440849177725049,0.11891477406239127,-0.16994388901522672
HDOK,PLOK,17472,33,33,-88,9,11,2,33,-85.9991330619541,-87.28490751019223,-86.72462588638625,-87.76041551953278,-85.26658129433149,-85.20519827129567,-86.65250993119719,-85.17719664210381,-86.51485430432685,-86.15905545872634,-84.30286424808469,-84.8866435373476,-85.45370453721266,-85.4292581215708,-84.26342806505485,-82.70997182424581,-85.7419267684318,-85.77502006290356,-85.19172098620103,-85.43069202469938,-82.94662202120587,-86.19165191180478,-84.61734062318565,-85.30216572623581,-85.42804564424338,-86.88722859264605,-86.93436466660177,-85.8051653609066,-85.30261822120372,-84.37427738369591,-85.18679114626103,-85.12478779697722,-86.03607807741412,22,-85.51717712812666,-85.4292581215708,-87.76041551953278,1.156528047184582,0.46628863267377696,0.9625440772217391
HDOK,PLOK,17472,33,33,-88,9,11,2,33,-84.4500565853976,-85.4627435032088,-87.60619288687391,-87.01269792511803,-84.085626764938,-87.23994813675277,-88.03621267305667,-87.05415460234816,-87.14027421331726,-86.20258491401142,-85.64305884913095,-86.02053123304964,-83.55985223470297,-84.27636304944546,-86.3175046503765,-83.98607683947918,-83.77971332140734,-83.93178804706915,-84.0665433591458,-84.32559994740599,-86.07709593831311,-84.51692344675604,-86.48471825157044,-86.45024991674879,-86.0833689707036,-84.94280136381705,-85.56854486131422,-85.1842582080778,-85.66116957705205,-87.62282893757315,-86.43204685858304,-85.4877824948457,-84.55190180743672,22,-85.61397619300084,-85.64305884913095,-88.03621267305667,1.5773463781002264,-0.09966775595618979,-1.0932222602524724
HDOK,PLOK,17472,33,33,-88,9,11,2,33,-90.28339836576698,-86.26409806523505,-87.82885782503953,-88.22782580775679,-87.14341378389963,-85.88394083582175,-84.67391509762469,-85.43370526376457,-85.81579093947074,-86.76710937518952,-86.15150930833948,-85.07534215304274,-84.99153762146217,-84.49770470527585,-84.20396363699915,-85.8290887934093,-83.27207387192846,-83.50329185008411,-85.73801304142195,-85.17688860062334,-86.60366411205212,-85.09694037377001,-83.68123444687365,-87.0875099521897,-85.09481322320389,-85.00724875622423,-87.38619514301098,-84.305723728418,-86.29678078885406,-86.68954239309247,-85.1355181425702,-85.83771488965857,-86.84232577855423,22,-85.81292971729172,-85.81579093947074,-90.28339836576698,2.0546631670350317,-0.7627425826838878,1.5193723294771773
HDOK,PLOK,17472,34,34,-85,10,11,2,33,-91.52863935075507,-84.52608976391377,-84.4646236766814,-84.76844253000121,-83.93559223093193,-83.12602510119697,-83.37587233860206,-84.50821325463387,-83.47924880852051,-82.91973413823159,-84.07829800640086,-85.40426883382261,-83.19292984962944,-83.61249051094617,-83.68016507039508,-85.63754812718105,-84.69214129063768,-82.97382496923315,-83.76705109131011,-83.98369336365975,-86.50364075099245,-84.30127825780761,-83.66809442949857,-84.00301942826196,-85.41740068834142,-86.03473921803608,-82.50260384524564,-84.10292441752576,-84.30267025031651,-84.61438616340725,-83.47753676124245,-84.6795591010402,-83.53202198341364,22,-84.387720230358,-84.07829800640086,-91.52863935075507,2.3969944991753365,-3.090242441285828,13.123405096902106
HDOK,PLOK,17472,34,34,-85,10,11,2,33,-91.05362924641057,-82.16579399769547,-84.13140624482908,-81.87741201038855,-82.90629671065096,-83.43434879746383,-83.37525627460282,-83.73347772171442,-83.52152119673654,-83.32181955563584,-83.94569015422516,-83.00051762091329,-82.83552137314055,-83.90759716225497,-83.17780714543672,-84.0124047173111,-82.93479879085794,-83.21257023775325,-83.27411086263022,-84.08384256706111,-82.98125730182294,-84.31391796995871,-84.1221901154928,-85.49956117049388,-85.64030866542898,-85.64408478061122,-84.3404096399874,-84.75545180435203,-84.89350031041151,-83.62551032696702,-85.29936246517418,-86.80966472166806,-84.93494698845053,22,-84.14442389844034,-83.90759716225497,-91.05362924641057,2.600770314611346,-2.484663004501826,9.283878505925372
HDOK,PLOK,17472,34,34,-85,10,11,2,33,-90.20938798993151,-84.39965666937132,-82.34278565724517,-83.15180214298867,-83.85165932414931,-83.03751017617205,-85.15978180181588,-81.91860949308945,-83.8959644639777,-83.73242246741336,-83.71302376424144,-83.65202442440076,-83.44154825097712,-83.51900507273145,-84.33505951342921,-82.70340948212728,-82.78960860440833,-84.94408895208618,-85.26062554533107,-83.7667401774406,-83.64139852000572,-86.96572016701481,-85.14630830739952,-83.35951432000554,-84.81155506426128,-84.07532829007845,-86.2066098617586,-85.09922140924827,-83.27222949720357,-84.62742711634817,-85.35231953702892,-85.12982081284521,-83.96197701355335,22,-84.28709526939635,-83.8959644639777,-90.20938798993151,2.2463703581014483,-1.9204252664717338,6.281213919214876
HDOK,PLOK,17472,34,34,-85,10,11,2,33,-90.29438025935191,-82.94715820614472,-85.17510413466617,-83.85638477649184,-84.9183773831016,-85.61746804752234,-84.1495364328032,-84.19451746072326,-83.2905113088944,-83.93653989822111,-83.62244087826718,-82.80141612468377,-85.27293784019695,-83.83697382006451,-82.42844343545968,-85.2089214239708,-84.74518725441104,-83.48240055826554,-84.78590004282992,-85.05736595222176,-85.69314929306465,-86.27875679855242,-84.4850195684313,-84.06343329864359,-84.365061285879,-85.17536040574366,-85.24860986025186,-84.37010100412733,-85.25366329014489,-83.75446753554385,-84.6796743057394,-84.74766067088272,-85.30011013231967,22,-84.63748583901865,-84.6796743057394,-90.29438025935191,1.7671077883000634,-2.162053603016234,9.02285705388318
HDOK,PLOK,17472,34,34,-85,10,11,2,33,-91.18323803804526,-83.34203683375995,-84.52832510956208,-83.37381933904764,-84.11608528918681,-84.49664786889583,-85.46953299146149,-84.00754887716707,-85.7330909902238,-84.35263451735047,-84.2840283005868,-84.2030402277748,-81.55375403078695,-83.01079194352143,-83.02376386384576,-82.85344066132382,-80.92125015350348,-83.47050625490515,-84.19936525562848,-85.35171551655506,-84.50711754967627,-83.1676153459055,-84.99507581016405,-84.6307061175472,-82.97682177322719,-84.49735902916818,-84.75282418196566,-84.65230582978283,-84.71252227597901,-84.6266966239571,-85.08782474849869,-84.8362407175164,-85.83623607357556,22,-84.32587764060895,-84.49664786889583,-91.18323803804526,2.6213257272824926,-1.9269478367350419,9.260875371184111
HDOK,PLOK,17472,34,34,-85,10,11,2,33,-90.9252813863431,-84.20347323484545,-84.90320615057885,-82.91931132367334,-85.30178715170753,-84.90306359540898,-82.82919938678448,-84.41992002781905,-84.02415493344817,-84.18940773079748,-84.75795248223446,-82.16104404105636,-81.26330400163333,-84.52411709550525,-84.09835389219361,-83.69233010433844,-83.93270148265898,-85.40372097238014,-83.87819303449766,-84.35803210577062,-84.49661541097498,-85.10908306049659,-84.44971973483929,-84.21610109086684,-84.58204876328027,-84.99586806278296,-84.37143182369347,-82.82532530137509,-84.78970242423921,-84.96489728326952,-83.73813611390318,-84.5564438210279,-85.04187034919104,22,-84.38866052647322,-84.41992002781905,-90.9252813863431,2.1402598316806243,-2.325972303817142,11.907585807925065
HDOK,PLOK,17472,34,34,-85,10,11,2,33,-91.30490909963937,-83.3459291595933,-84.62546912518386,-83.9885710055119,-83.25487538409102,-84.30317419895846,-83.37574649618182,-83.85511961340514,-83.34340808922711,-84.48016626460326,-83.66207330788285,-84.23834953214674,-84.59899860037245,-84.74189744052998,-83.7609395863851,-83.97519825911812,-85.24519172032429,-84.1628054072347,-84.35105396608321,-82.93662835968176,-83.174934157616,-82.80626803129836,-83.17405727756478,-85.8565976170225,-84.78795823552146,-85.19519042135614,-86.44048265569296,-83.90539507705358,-84.1786932394922,-86.35718349906608,-85.6059241129538,-83.5499825728008,-85.27762231332645,22,-84.48063011596723,-84.1786932394922,-91.30490909963937,2.318101283739928,-2.8432166841614177,11.412207659575191
HDOK,PLOK,17472,34,34,-85,10,11,2,33,-90.97598234045516,-82.54957843794126,-83.35428738074422,-83.20501702325701,-82.79722663504076,-84.99190660460248,-84.01500315248077,-83.95712745337222,-85.14840470787584,-83.47062375677308,-82.70710494055129,-85.95758737015309,-82.79031636884879,-83.06040340019521,-84.01790736644054,-84.53455948710953,-85.1571042821166,-83.8837287731336,-83.6864865078682,-83.79400292272145,-82.8102214236241,-84.22068872467655,-85.34913042516321,-85.50591795004668,-85.278995208645,-83.92014230411515,-84.4611493909432,-86.011346033077,-87.83805742386708,-85.08727667572742,-83.10903518289051,-86.02121219642551,-84.01230502186282,22,-84.47514657190138,-84.01500315248077,-90.97598234045516,2.735523753089231,-2.0244280462028437,6.14177636068176
HDOK,PLOK,17472,34,34,-85,10,11,2,33,-89.66883494270239,-83.11221849584398,-84.6745985232215,-83.18615082867694,-84.25103415933602,-84.99156101371027,-84.99074615691184,-83.4293507875273,-83.17364635447447,-82.66853962653384,-84.54595904846879,-84.8840075020811,-83.23359468853927,-83.08572062782619,-85.67563067440346,-82.98758572691716,-83.78374732403225,-84.69504789818087,-83.05353780111487,-84.36690748501486,-82.9630982176879,-84.58191343716595,-82.87218727306549,-85.03787667889684,-85.29175146811299,-83.81676654530419,-85.26000685388479,-85.36750432723261,-85.50261911011674,-83.67750428605895,-85.891107652317,-86.24451300566258,-83.84729657974525,22,-84.38825954850815,-84.36690748501486,-89.66883494270239,1.8695061177493326,-1.69049628181656,5.213743859055343
HDOK,PLOK,17472,34,34,-85,10,11,2,33,-89.28010840708447,-83.33409538313843,-84.04158136387638,-83.21311732123256,-84.9908097175559,-84.84045158660199,-85.4769170749667,-84.2270448176594,-83.66428498237437,-83.9555562204673,-82.32373269776605,-83.89789800752473,-82.89125308749739,-84.18868202178271,-84.30628770702027,-82.14782482503614,-84.64118329485568,-85.04463731009923,-85.19340958995085,-83.85105625583294,-84.58793543816353,-82.35784373632994,-85.22510212464805,-83.17340023769344,-84.66615151589569,-83.66422428059968,-85.35754227635724,-84.27425099867132,-84.81405664988802,-85.74234895303042,-84.85477054932026,-84.4001279647542,-84.82576524624642,22,-84.34707429224005,-84.30628770702027,-89.28010840708447,1.5919653857895661,-1.4663677611600723,6.011376901781187
HDOK,PLOK,17472,34,34,-85,10,11,2,33,-92.56452963065635,-83.37356674530912,-85.35156602858824,-83.43367549372623,-83.87780926906807,-86.52296526620911,-85.13503450804542,-83.93762481732618,-84.72143547850314,-85.0088438528563,-83.6360032034273,-82.83160454596484,-84.64191678705578,-83.56367837497673,-85.05141742840904,-82.01204775850988,-83.46847109878694,-85.15838673369777,-84.51414246662479,-84.91357233454542,-84.45935927779493,-83.17173989247746,-83.8569189125857,-82.95634195462299,-85.27001251187079,-85.06552334386036,-85.28427588571361,-85.29495302702783,-82.58453690506327,-83.36431357388356,-85.41691964007798,-84.47254263499485,-86.2785208210993,22,-84.58164394555638,-84.51414246662479,-92.56452963065635,3.0827239382904983,-2.7991386343211584,12.273154849664813
HDOK,PLOK,17472,34,34,-85,10,11,2,33,-89.60829216430939,-81.47185530718721,-81.91088000080829,-84.154328817625,-83.9413296126716,-83.8985132869282,-83.29356306578083,-83.93499294702303,-84.23244376987022,-83.8149708641081,-83.93648640425637,-84.15594549045365,-84.5363951775755,-84.36019331791869,-85.38351500537728,-81.66449382796601,-83.73379866453904,-85.62697704080345,-83.67002231511525,-85.34925753826288,-83.56215762034046,-85.25123260943384,-83.90332862653305,-84.44610252150432,-83.16125462858584,-84.13452029157558,-84.85601144153388,-85.44573400228845,-84.3425025707779,-85.59692165238705,-83.745587092303,-84.75370751988123,-86.29944112879141,22,-84.30838655528838,-84.154328817625,-89.60829216430939,2.007856140118648,-1.1950633477725843,5.190364934121806
HDOK,PLOK,17472,34,34,-85,10,11,2,33,-90.15550933346836,-82.25037340693423,-84.1301152555559,-82.64295343300748,-84.35012765608926,-84.09491686590093,-83.94424324148363,-85.02695895350747,-82.5720775249752,-86.33463349339411,-86.1840401628292,-84.6419340637473,-84.67162024171776,-84.22249177034955,-84.28246464885271,-83.25084358635894,-83.11862617688918,-84.66306905903646,-83.5050011617668,-86.58475276539843,-84.39508585790239,-84.68012345804468,-84.8725861411495,-85.40638337268547,-84.36759169244387,-87.0177963550994,-82.3588599101147,-84.41167652027377,-86.02350110142514,-82.58045569369712,-84.16747305361092,-87.18186299822808,-84.62998139764778,22,-84.62788273798748,-84.39508585790239,-90.15550933346836,2.577788686387999,-1.2293060394327933,2.897223923501303
HDOK,PLOK,17472,34,34,-85,10,11,2,33,-92.30395699167246,-82.65180266821244,-84.91099836338218,-83.17894815758517,-85.06747438077743,-81.45446408108108,-83.39343114743141,-83.68925079492642,-84.36253813931378,-84.91572492284156,-85.45984712139015,-85.43763376075673,-83.2762568084619,-83.61030036690114,-84.12784236144594,-82.91661609446659,-83.79663264970601,-82.4000103998686,-85.0132357220322,-85.60448037912985,-85.51296249587271,-85.93216811590834,-85.46945204486235,-83.90905998619442,-85.39824796323269,-83.60234284313924,-86.54789636502942,-87.64252646834076,-84.43461892412411,-84.45546824964313,-83.05259076608536,-86.43528373240792,-86.5521638706464,22,-84.74291597384456,-84.45546824964313,-92.30395699167246,3.611654332799007,-1.8220620952398192,6.420787547910891
HDOK,PLOK,17472,34,34,-85,10,11,2,33,-90.32180296579223,-85.19510582822544,-84.45192465633676,-82.16254624501636,-86.93107191290682,-84.23099168784483,-83.3116694947077,-83.36089200739866,-85.00459102623134,-84.54637391495513,-84.52019485087382,-81.29058938832124,-82.73646269749415,-84.79689329558438,-81.70935110182155,-83.47385692815648,-85.03008876124315,-83.86736834148945,-85.9005557086689,-83.07406598542663,-83.18739416705358,-84.08808778185691,-86.02919314261017,-85.62908721415423,-85.01750160514739,-83.06925295859615,-82.37539158819169,-84.33137748277123,-86.2892839520502,-83.95880194589637,-85.2058826466874,-85.35805777150966,-84.07352709176779,22,-84.37967382262993,-84.33137748277123,-90.32180296579223,2.8061623322753704,-1.114177435900007,3.5419641377193147
HDOK,PLOK,17472,34,34,-85,10,11,2,33,-91.4409735012782,-83.38460944707498,-83.4340786287093,-84.3041847417439,-85.5304915697462,-83.00616301897101,-85.21075149426802,-84.0147056080231,-84.89134007672055,-84.4730918489433,-83.24326216087539,-85.21683537060855,-84.31049730974253,-84.51616989084651,-83.58132258640764,-82.68184114780794,-84.50618394363438,-85.5526500624956,-85.39199022852236,-85.25320121851101,-84.74218509696583,-85.34287694447804,-84.7541512215165,-85.07675419000823,-84.44298135204838,-84.70422569721079,-84.6371787877985,-85.93878659668358,-85.68627572787463,-84.23822744979167,-84.14983612802165,-85.40261548529132,-83.97422807624321,22,-84.75862626087462,-84.6371787877985,-91.4409735012782,2.0398901865649486,-3.019681110235449,14.0841445729296
HDOK,PLOK,17472,34,34,-85,10,11,2,33,-90.15716044390531,-83.79011899730448,-84.67253829959793,-84.15936220299861,-85.96457903112446,-82.80540495527983,-82.81674891165555,-83.62216085047278,-83.59543738149063,-83.93295836708407,-83.80974472833388,-82.71580093644116,-84.6888284423845,-84.45530165456002,-82.85880019400773,-83.57151168011619,-83.92703458626848,-83.11140934438295,-85.64988360941705,-84.82235483188528,-84.2520845975846,-84.95756941751073,-84.275829559936,-83.03732988037508,-83.29976940043323,-86.20751460572791,-85.15638492405387,-83.50703291115377,-84.0033571424899,-83.39019733427907,-85.30675445574137,-84.73029589658212,-85.54500500798167,22,-84.32715953280484,-84.0033571424899,-90.15716044390531,1.9354892036355094,-2.276816694489275,8.168299730734386
HDOK,PLOK,17472,34,34,-85,10,11,2,33,-89.62438521052867,-83.55160687668267,-83.20100467200552,-83.77208038381967,-83.28065662626778,-83.06819202867635,-85.28947162739223,-82.68786363146906,-84.35168509840179,-82.43426423867909,-82.31025341778549,-82.6147828888181,-83.47254614994269,-83.02168395553866,-83.65250501122904,-83.5082753160465,-84.71274639325564,-82.92330615823973,-85.06546761134562,-82.57075009500518,-83.6368301091881,-84.78710898828547,-83.76634840437423,-83.9060684578609,-84.56227255336603,-83.73729510395836,-85.50550149896635,-85.20318460461424,-84.18234189675306,-84.15897896361268,-83.75810080288139,-85.6219907223567,-85.03989222854828,22,-84.02968005229987,-83.75810080288139,-89.62438521052867,1.8121835066938294,-2.170591498722859,7.811585450870899
HDOK,PLOK,17472,34,34,-85,10,11,2,33,-90.49571872766228,-85.95049145202132,-81.4931411298805,-85.27963565380776,-85.82541782182277,-84.36674996469749,-84.56275568657287,-83.97968550944611,-83.74269681844505,-83.26580634808727,-83.61105440002255,-83.39889153802739,-84.15218500863739,-84.31963551314756,-83.50972813494154,-84.60017478711886,-84.49891002032206,-83.87056059363518,-86.3898806096735,-84.60053872701003,-83.03569605767078,-84.12290877626099,-83.01449495174828,-85.58435966912653,-83.43414226717083,-83.6894701988152,-84.86778938766255,-84.90733001916863,-83.9732469133389,-83.43621180526588,-82.94508386145517,-84.41529176762914,-85.03658396797873,22,-84.37503842691731,-84.15218500863739,-90.49571872766228,2.131578884637144,-2.1419871759960945,8.54753831087836
HDOK,PLOK,17472,34,34,-85,10,11,2,33,-90.39791912608067,-82.50607887093759,-84.16911576147693,-83.9108309759615,-83.72069668250224,-84.2562666043255,-86.04020724996009,-81.95060749051294,-82.93271010196663,-82.60794699762019,-83.76726437557184,-83.84623043208018,-82.68029217337372,-83.39448038967616,-85.41161517659452,-84.17474269801588,-86.41898529621223,-84.89035407128179,-82.79272921878606,-84.22986814783727,-83.33846336102104,-83.91081801241344,-83.90520115133214,-82.12782091818835,-85.07298704127432,-86.28690503174406,-83.63282700452754,-84.52214127234134,-84.79696409162922,-83.17547355524854,-83.2318920853108,-85.16588413266369,-86.45850067862972,22,-84.23408545991208,-83.91081801241344,-90.39791912608067,2.5877928545876583,-1.7542717776889583,5.17803890882902
HDOK,PLOK,17472,35,35,-91,10,11,2,33,-88.24116675033156,-87.85261871818848,-87.24516743813794,-89.51318383019247,-89.04285737403163,-87.42558300586907,-91.05208563499502,-87.66104619534995,-90.55498430694071,-91.84977621606525,-90.85373740678409,-90.53486102588529,-91.18145192797037,-89.79490427930882,-91.09191027027546,-91.58469864630767,-90.89719049300228,-91.19477295800226,-91.25400802544279,-88.94557210446555,-90.30262693145539,-90.3356401098773,-90.35441190939702,-90.36054815314263,-91.35812427375126,-92.34359795999474,-89.86311607154619,-89.03995024874907,-90.785606386852,-88.92198901547012,-89.25436633925932,-92.08770498942138,-88.81886270148877,22,-90.04842793024099,-90.35441190939702,-92.34359795999474,1.8546573654737242,0.45892488429441924,-0.6590876813444928
HDOK,PLOK,17472,35,35,-91,10,11,2,33,-86.61112397915376,-88.02779843824749,-89.78879019712295,-88.81742062826167,-90.54610070626612,-89.35636676657985,-89.10353556331965,-88.26574640641557,-91.49048817863105,-91.07012694678176,-92.84994927211436,-90.89057587899225,-88.47163980963542,-89.76590982739759,-90.47995871815024,-89.94168262837081,-89.95096689497889,-91.10391689356221,-90.27951663450266,-88.37805892552336,-87.9480866071064,-89.77748182983875,-90.37861775527843,-90.99031992723619,-90.65080530422348,-91.38304058318461,-90.24301145704314,-90.08874034851728,-89.58745929478137,-90.71381116925701,-88.82958201572208,-89.41549879167519,-89.19664727253256,22,-89.83008411061832,-89.94168262837081,-92.84994927211436,1.5166177197031399,0.2265084435684921,0.5993604079226418
HDOK,PLOK,17472,35,35,-91,10,11,2,33,-84.9007395173628,-85.58410385429029,-89.1735209911295,-89.72799478744483,-87.6020449358088,-85.67464819161607,-88.21989419825361,-88.55686360483223,-90.6075761489366,-88.62977500822882,-91.17097103367429,-90.49047777288769,-90.81147169024175,-89.71656956700917,-88.48152397922199,-90.83040377360136,-89.83007299234275,-89.34628417038459,-91.53944195811378,-91.03645017952735,-90.29628334697342,-89.98391183223376,-90.784218868758,-90.35004196794651,-90.12617628275461,-91.0903007127933,-89.20535839740461,-89.53905570549789,-89.8741502337831,-91.58834650266424,-91.27191230710653,-89.93553169181081,-91.32860373330364,22,-89.6152945435739,-89.93553169181081,-91.58834650266424,2.769055732779855,1.4077932308119694,1.742572038160921
HDOK,PLOK,17472,35,35,-91,10,11,2,33,-87.95647898752726,-86.17501231476957,-87.59501388439207,-88.60621499741562,-89.18520152800947,-88.40525343430288,-88.74418440415107,-90.99912491991111,-91.71633301488143,-90.93202981525397,-90.38752656991387,-89.53708184391637,-91.63031334915735,-90.59148037240101,-89.57536043558225,-89.5973918582935,-91.5078867059573,-91.55315971213416,-90.22190347407447,-91.14303706457487,-90.42031175468423,-89.72151279406614,-89.29401373152578,-90.55390531011948,-90.87242267239793,-92.25920072203968,-91.4099634912214,-88.73790354819108,-88.88814342296277,-90.05625689187349,-91.80378268224719,-90.51672324934147,-90.21372681947476,22,-90.0244804780838,-90.22190347407447,-92.25920072203968,1.8538739321847273,0.6894235618780844,0.40388281611470145
HDOK,PLOK,17472,35,35,-91,10,11,2,33,-84.50951502576658,-88.02255748996176,-90.16717497598965,-87.21807185775813,-91.1653778939939,-88.56747086912492,-89.39146585779528,-89.72413581407208,-91.61364734065832,-91.5804845919264,-89.67273775361745,-89.76786692221518,-89.14849506846573,-90.5126695423449,-89.02350716071986,-88.89341598761628,-88.16765493102962,-89.8063698760622,-90.07856336576928,-89.17526893759027,-90.76857423825912,-90.85110892462966,-88.58949490187236,-90.45307164716503,-90.15654250681277,-89.50399368692396,-91.56874798965335,-90.14794645683035,-90.9030472388679,-90.00220937998577,-91.33560797357669,-90.00136562539927,-89.37206947016978,22,-89.69273428189769,-89.8063698760622,-91.61364734065832,1.9494189113625089,1.5467081110624015,4.470180075939869
HDOK,PLOK,17472,35,35,-91,10,11,2,33,-88.52305218932575,-86.79976433294117,-89.63439226355437,-88.76445968695036,-89.1729014024307,-89.33227196389981,-87.9184748906204,-88.30802671900997,-89.2979495531334,-92.7092041268357,-90.40798802900102,-89.69072240068593,-91.18170080067917,-89.23120337996117,-90.37821876768419,-90.22756905540825,-90.21372784729009,-89.82567681495307,-90.77580885397778,-89.63973405781537,-91.09647943186529,-90.93764446982983,-91.5835023283127,-89.25399846286776,-90.82180621133466,-89.19086420464448,-89.83881314165542,-90.14490236983393,-89.38272712797442,-90.29778413971053,-92.72065238565841,-91.24180156319024,-89.22533209502289,22,-89.93239863842602,-89.82567681495307,-92.72065238565841,1.511481981110191,-0.09971127982784997,0.7946341183810781
HDOK,PLOK,17472,35,35,-91,10,11,2,33,-86.91304627314146,-87.92902498565907,-87.62782060831996,-89.96848348426205,-86.95836764332927,-87.24740277126334,-89.14690752088758,-88.51302151495462,-91.68941284365734,-91.27909715495095,-91.67389126897217,-89.77184515111726,-89.40361933357812,-89.39405853345625,-89.6121893535441,-90.99637147209579,-89.8219163864184,-93.7064133315457,-89.20360645491249,-90.47900257389898,-89.32044406056099,-89.84123967653763,-89.10692813921744,-89.69199209764292,-91.72506530754639,-89.92907501621708,-91.79833382525166,-91.18493890506852,-88.92700113578229,-91.81154331885483,-89.38670699341142,-91.22085131064846,-90.21094193216706,22,-89.86335031451125,-89.77184515111726,-93.7064133315457,2.357061132861328,-0.06922103265130608,0.08251116894354649
HDOK,PLOK,17472,35,35,-91,10,11,2,33,-87.4301961248823,-86.77711071580777,-90.83600938902954,-90.37893230293051,-86.72517021388369,-87.30315246191138,-87.36010081491442,-88.07294717433226,-91.34268648556285,-90.29968385189973,-89.16949961246705,-88.22947520291355,-89.41405037503372,-90.0719315630814,-89.55482720284748,-91.37216671002287,-90.30239175738313,-87.43562445079294,-89.55386124567939,-89.55808303416852,-89.35645067437676,-92.01476429774142,-89.38358376994681,-90.285066714845,-92.2079114560364,-92.9499905399258,-88.40116245587197,-90.64626227768876,-90.30427548620504,-90.30357628264632,-90.3423473289099,-89.66066993049527,-90.27055974374436,22,-89.61559156509026,-89.66066993049527,-92.9499905399258,2.388537563252067,0.13182175780495814,-0.3716791046370371
HDOK,PLOK,17472,35,35,-91,10,11,2,33,-87.60266316298093,-85.93421829649147,-88.92053488567541,-89.58749116995676,-89.23197379246902,-87.48599418884332,-89.88655071589505,-87.86052807847153,-89.10294553560507,-89.25075748526825,-89.62026076843831,-91.16689012306479,-90.55998547728935,-91.79670968754358,-91.17008591610318,-92.06217950283892,-89.11489283631862,-90.82373686170563,-90.30835481305098,-91.20892014007148,-90.94172084885646,-91.16978810572947,-89.17491257432214,-92.37400526440075,-90.54572853498857,-88.64035191672002,-89.17127817521944,-89.67077220928545,-89.89528049793246,-90.56416958897468,-89.37388016504312,-90.341578679843,-90.2436900053282,22,-89.84251000014319,-89.88655071589505,-92.37400526440075,1.8715080478465254,0.6012213621878838,0.7946764507940123
HDOK,PLOK,17472,35,35,-91,10,11,2,33,-88.34720745658738,-87.44332976739055,-89.72378983273252,-90.03939729640216,-88.32546454430853,-89.63841298629984,-89.22001387109565,-88.48124531895411,-90.9086462720835,-90.27506658302391,-91.60004572447629,-91.13323969795927,-90.29795513884261,-91.2713451360717,-90.92675532785718,-89.54964460921077,-90.35192288532025,-89.99827601378374,-89.23992478570379,-90.02518054700073,-89.72051077274992,-90.13310461837054,-90.25829236970559,-91.12861262671363,-90.77949646157084,-89.42317319561143,-89.02995459639979,-91.14131367729256,-89.64738209845066,-90.33930491181582,-90.56490450839023,-90.0945696071918,-91.1567967143439,22,-90.00649333193064,-90.0945696071918,-91.60004572447629,0.907126216253732,0.6552934929094574,0.293124270720833
HDOK,PLOK,17472,35,35,-91,10,11,2,33,-86.29491884691069,-86.16471221309757,-88.38652484992024,-87.35251796788107,-88.82353603167591,-87.52956755338265,-88.55514400423554,-90.54195675570122,-91.61308718670682,-89.95808014351522,-90.47150387326779,-89.38566859542462,-90.37509215836099,-89.812911974878,-89.8542369131777,-90.75149848389086,-88.6534610743013,-90.2530869691759,-90.54849915593425,-89.8365317903312,-90.25782029025139,-90.88056242143888,-89.81214287473435,-91.51509980401497,-90.01871610203166,-90.35905433139227,-91.27299005230704,-90.05440025822597,-90.21134162644739,-90.6479702254519,-91.2915150494781,-89.93396279829676,-92.7799614549311,22,-89.82418405547793,-90.05440025822597,-92.7799614549311,2.0563149818481494,0.874221509083619,1.027373026277353
HDOK,PLOK,17472,35,35,-91,10,11,2,33,-87.86484580040832,-86.63463377024542,-90.19545416266463,-89.87920341945055,-89.70527384817589,-88.29237336396356,-87.72552589828895,-88.7605035069081,-88.88944668294756,-92.178264572543,-90.31184209619167,-90.88640896412156,-91.32074273902657,-90.35122608486367,-91.79607735814866,-88.33400860522534,-88.97704666740535,-91.40919408349669,-89.79952782759092,-90.96781814136295,-89.44316680179034,-89.52322380742898,-89.38573332532727,-90.83015552296611,-90.04289840753951,-87.73842192105666,-89.89392525975427,-90.13049246715849,-91.28400516188894,-90.55694616113286,-90.19060467602823,-91.11365516996038,-89.91406351120273,22,-89.8280821147353,-89.91406351120273,-92.178264572543,1.6183447794648713,0.4752410743257953,-0.06763809062083581
HDOK,PLOK,17472,35,35,-91,10,11,2,33,-88.40638900530337,-85.32635102051881,-90.08431355538406,-89.08518102327433,-88.29532015929871,-88.68876206423599,-91.36290839124446,-91.3476045935577,-89.71765632766432,-89.77485568534233,-91.05510952861017,-88.66609226907055,-90.18954801984655,-90.04090076353779,-88.39169461000131,-90.60685742062235,-89.870551835543,-92.73115333586584,-89.82824376838332,-88.75514533718795,-89.68203533172233,-90.3208045506898,-92.06095543130097,-90.40188724788204,-91.32809009032425,-91.24585572707193,-90.22663669501304,-92.24936724834727,-92.6930257536427,-90.1911122668454,-90.38784767552588,-90.8999609099207,-91.69137666264578,22,-90.16980588804319,-90.1911122668454,-92.73115333586584,2.175594199508696,0.8209906722554977,2.136365757519084
HDOK,PLOK,17472,35,35,-91,10,11,2,33,-87.36640162274291,-86.70817915260277,-89.30280163833696,-88.28561135873541,-88.50762406260134,-89.60647401788982,-87.54440904572516,-90.23958909487413,-90.74718859596234,-90.98332998988266,-89.53537274406501,-91.12720957434297,-90.37595478532592,-91.74868022564429,-90.73859432312425,-90.24238396211567,-89.80234894949749,-90.8461204802297,-90.75741354624795,-91.37452604386685,-91.6423081125383,-89.98224069204008,-88.65165456882373,-91.41654390142787,-90.80310637668744,-90.6479636264173,-89.44806144334441,-91.34368642253972,-90.4300532198668,-89.73075939059285,-90.1640265771409,-90.33695356523758,-89.06012337445364,22,-89.98477862075529,-90.24238396211567,-91.74868022564429,1.535466527581027,0.9331122213396706,0.43567603280002176
HDOK,PLOK,17472,35,35,-91,10,11,2,33,-86.40389605312316,-87.71576135575063,-88.70896351299457,-87.31930274206577,-88.43779656183982,-87.93459937036393,-87.57613841499277,-89.03486410124644,-89.51577650772778,-89.5508091041687,-90.9550467801465,-92.67642633543484,-90.20308680368197,-90.20354965708856,-90.58389628241324,-89.84834923247277,-90.78585141673241,-90.86326700223057,-89.91913069784485,-90.67510931017407,-89.3373806125908,-89.05692599714345,-90.36813339515206,-89.8437991976123,-89.78157704728153,-90.55684717544216,-91.80503252732635,-90.39789241279496,-89.41673848672107,-89.39530684999222,-90.32175267696611,-89.60998195507389,-89.32194646547995,22,-89.64014957703246,-89.78157704728153,-92.67642633543484,1.6275613457942073,0.34160645695381747,0.7081549852063644
HDOK,PLOK,17472,35,35,-91,10,11,2,33,-85.66124701691047,-86.64993091617788,-89.35061206014164,-90.27949874905684,-88.37988337924834,-87.03324469485682,-88.65796179480178,-88.59853984264426,-89.61410209336366,-91.36955786031797,-92.33248846913078,-89.71353031876637,-90.2433292578604,-90.19498360504842,-89.13018387552631,-90.10670608346466,-90.1237515800961,-90.34306631128908,-91.02128549864854,-88.35630678222141,-90.09800469433847,-90.81602088776684,-88.72837217983849,-91.06905914164913,-90.22975775061694,-90.57296674591164,-91.17630718080572,-89.78311453825064,-90.06243035206435,-89.63414242100704,-90.25833187679903,-89.4580377432905,-89.07367613928139,22,-89.64001308609673,-90.06243035206435,-92.33248846913078,1.8289786673966935,0.9835526825578557,1.6095616746213808
HDOK,PLOK,17472,35,35,-91,10,11,2,33,-86.25850866830014,-86.05634334117029,-89.64344015842785,-88.2550315395717,-89.25477342055402,-89.87407789309331,-89.16861338561331,-89.42375102004782,-91.0934783152927,-90.29278460077336,-90.02603589517788,-90.03734328667424,-91.2514492070214,-89.65100461708965,-90.2531313280895,-91.88827392528259,-91.44457240945077,-90.15582699386691,-87.69988422603285,-90.12383598964668,-89.69670114721404,-91.12671300963851,-90.73497969783925,-91.8848684674997,-89.45311582137303,-89.19285876582194,-90.47564982827963,-89.42245215128084,-90.7553093607242,-91.52119710448694,-91.05659765954826,-91.00608642714504,-91.1661905332932,22,-89.98014788470672,-90.12383598964668,-91.88827392528259,1.8685037397026618,1.247066362650466,1.9149733129109427
HDOK,PLOK,17472,35,35,-91,10,11,2,33,-87.82018617031616,-87.67502886555653,-89.78562287184029,-88.5352958576369,-88.42434126267068,-88.22751030955477,-89.12640880808925,-90.34337984757862,-91.73184869651527,-92.55565417368793,-90.51152065921792,-89.52325716602775,-90.08548592079929,-89.40558297618577,-91.22940241585354,-90.38266672970595,-90.5658939526982,-89.24659257503576,-91.15339416851147,-91.81586805401739,-90.60067883706087,-90.54334374246253,-90.1208994255498,-90.78926827495509,-89.43675126162377,-91.49916412664095,-90.08255425566003,-90.2234189884045,-90.22302775635062,-89.0985703463493,-88.55348452112938,-90.42993422944575,-91.34872087725358,22,-90.03317448861776,-90.22302775635062,-92.55565417368793,1.3710581232129904,0.1372884321282027,-0.37873624042765286
HDOK,PLOK,17472,35,35,-91,10,11,2,33,-85.96468020354756,-87.21075598871273,-88.48284447527506,-90.78284763502849,-89.45437007060573,-87.45017741875299,-88.57992826181886,-89.18197263675052,-91.25533437298002,-91.00005894218722,-90.95994371813154,-90.6418306758227,-91.06417350461375,-89.72742768258418,-91.86883470379813,-89.79450552414828,-90.41719714044815,-89.56811679573428,-89.97093456887633,-90.63797760338366,-88.3485352477842,-90.14321708596803,-90.6599039619627,-89.36786196076923,-90.71100136829727,-89.18339364676623,-90.35312043759592,-89.17524166087384,-90.3416641991983,-89.83419531642117,-89.2812268427233,-88.32968938832191,-90.41377770158776,22,-89.7017194164082,-89.83419531642117,-91.86883470379813,1.5796646523081064,0.9769788611095541,1.1375084350946003
HDOK,PLOK,17472,35,35,-91,10,11,2,33,-87.83111458251666,-86.49719297431477,-88.27809886415486,-88.39678416740931,-89.62373266497185,-88.35537178472362,-88.47362983423383,-88.4296341787668,-89.87103006812713,-91.45430373791008,-90.21227436019824,-90.49820755085024,-90.3753343691912,-89.63061278569079,-89.73341469120663,-90.05229951832949,-91.89573192481794,-91.67830422522013,-90.55434731005269,-89.22381233067604,-89.44079841235765,-91.43318404702,-91.00590516200359,-92.52706051560882,-90.61729667977693,-89.87283905789651,-89.58354965205784,-90.58637083028005,-90.55715515348139,-92.48110257859535,-89.98455252481996,-91.0630897394731,-91.14914342696903,22,-90.04143271829403,-90.05229951832949,-92.52706051560882,1.8117321877527315,0.3762619644674029,0.2004784565890989
HDOK,PLOK,17472,36,36,-86,10,11,2,33,-85.73693718823566,-82.72650075511173,-85.05792942786715,-83.04966281959622,-82.59450246487208,-80.4913801101303,-82.58178674680659,-81.89420151748398,-84.84773563791948,-83.48756321018358,-84.38939967542065,-82.87438163706149,-84.60141129985729,-84.59224636568239,-84.65370533446581,-83.88060742259421,-83.94458118678219,-85.59756613780003,-84.77812151023782,-83.13658749761433,-85.0456337253309,-86.63060089138752,-84.61663574152946,-84.7494413212644,-83.35670599481105,-85.57676653725535,-86.50359102512601,-83.64421597809942,-83.53285731025787,-84.74145778695278,-83.02998994019053,-84.00175638049434,-85.47878282962883,22,-84.11591646691066,-84.38939967542065,-86.63060089138752,1.7137882613060722,0.4067965479547844,0.47498128237458426
HDOK,PLOK,17472,36,36,-86,10,11,2,33,-88.40800032522957,-82.1978998648881,-83.34579115871702,-81.52230661992496,-82.1126676216571,-84.01335286643486,-83.55319600203518,-82.84042642065992,-83.70880400998861,-84.09623205839877,-84.25104075809715,-84.48856037675327,-84.57975090611716,-84.10808421106697,-83.56763859032726,-85.63784370050115,-83.24073907023637,-83.50194010427643,-83.00108061685283,-86.70642020041203,-84.4244107913062,-83.13509923301113,-84.74145181018572,-83.71190862521688,-84.64179614433782,-84.69025618468547,-86.64347680863517,-83.56197388577841,-86.50037876890447,-85.62392349399205,-84.37808387938584,-83.08296779437467,-86.14506389056609,22,-84.24735050887742,-84.09623205839877,-88.40800032522957,2.096844601270127,-0.7829084186699002,0.9015651090214578
HDOK,PLOK,17472,36,36,-86,10,11,2,33,-87.56081383658098,-81.88493961022868,-83.40084591463923,-80.89249508735286,-81.09529579777482,-81.32374701118347,-82.6616496238679,-83.37795399392029,-84.76094247009134,-83.5597873558343,-82.55897740215426,-84.41438374566886,-84.9526431293725,-86.72563208961414,-82.88911541779385,-83.61992708585623,-82.26999376621517,-85.67257936397213,-87.05817148124414,-84.95971442336972,-84.97258786691098,-83.35341693981874,-85.06932303049825,-83.48210740975283,-85.99809792177194,-83.61243313433135,-86.56271058188354,-85.72058708116144,-83.69615388050825,-85.94085453061518,-83.91708872379571,-85.98155447033385,-83.71967114493344,22,-84.17170288857726,-83.71967114493344,-87.56081383658098,2.942146627280675,-0.01068164374383701,-0.6455319074336114
HDOK,PLOK,17472,36,36,-86,10,11,2,33,-90.76593324950358,-82.9150739315334,-83.98296219208065,-81.72579382891551,-81.72296618151974,-82.76337744388735,-85.45523986736188,-81.82316857564209,-83.3984023173725,-84.59138745234226,-83.96336453331628,-85.05529729997565,-83.63282309563155,-84.5830124004869,-84.89702358699257,-84.99048801037594,-85.42889141828158,-83.44036621000792,-83.33242522488344,-85.21005490476365,-84.9525667752524,-86.40455472653446,-84.3963496792854,-84.63356313680711,-84.86121305117706,-84.72989676363004,-85.40761420290816,-83.84034460474403,-84.77720514587435,-87.09904398804251,-85.91729737544418,-84.7758565375313,-83.25749188280525,22,-84.5070015028761,-84.63356313680711,-90.76593324950358,2.761617669242951,-1.3587443756426907,5.040201463874116
HDOK,PLOK,17472,36,36,-86,10,11,2,33,-89.20565479565843,-81.99138069042841,-80.96029726866351,-82.22873202618985,-82.240819170555,-82.72460018945382,-83.17044838971005,-81.84803048443499,-85.04779653480001,-84.08826110791885,-84.31668963152623,-83.04897211226373,-85.57612981955396,-84.82163693757066,-84.54944714682503,-84.82926199741921,-83.7997157166534,-86.69151489742528,-83.99811018396082,-83.24220428543067,-84.37699403039358,-85.4933302659445,-85.36516892547299,-84.26261518767961,-83.58759936619487,-85.86276283224792,-83.32143387913858,-84.56730923965172,-84.56268295458828,-85.74167526270695,-84.4421645183869,-85.34913845666864,-83.5803967583397,22,-84.20887803223806,-84.31668963152623,-89.20565479565843,2.439333753361592,-0.6273669540831762,2.0085358827740554
HDOK,PLOK,17472,36,36,-86,10,11,2,33,-87.26483456764677,-81.7491681153853,-83.80904202798497,-81.89031218319056,-80.34155463502717,-82.17441483768125,-84.6119876942468,-82.75468357135375,-84.11307110900779,-84.15612087750202,-83.45673481167435,-84.34557540280777,-85.22714464223687,-84.27082509895305,-84.3501130882077,-84.28919572471769,-84.92245035602812,-83.91038216020019,-84.27513678314943,-85.13971569429464,-82.20399255492899,-84.97501833468799,-84.72610265441394,-84.1090974489404,-84.27422412277943,-82.87639464841773,-85.3311363962802,-83.80017794707565,-86.6733723304751,-84.61623209225937,-83.94722951679097,-85.10220833649763,-83.50344038635203,22,-84.03609364094535,-84.27082509895305,-87.26483456764677,1.822381331244515,0.3632290794553266,1.2802263109950123
HDOK,PLOK,17472,36,36,-86,10,11,2,33,-89.25408637799426,-82.06247447848433,-83.13049322224145,-82.39289649993522,-82.24900081999317,-85.4101821698247,-82.27206616247678,-81.34838132060871,-83.07866757563264,-82.8997691649668,-82.71258341067828,-83.21229619812733,-82.31661784134276,-86.21949605306598,-83.83106788364749,-85.41411305004065,-84.46716298386521,-84.5718201103877,-82.88499354032356,-83.88647622439994,-84.78942615792886,-83.76392113926602,-85.27617300934855,-84.40161423976518,-84.3844906076664,-83.16633571886291,-84.63984772144916,-82.74222883320739,-85.1340882153786,-83.53662146731077,-86.83678251254109,-84.5856477070828,-84.64461055119311,22,-83.9853464536072,-83.83106788364749,-89.25408637799426,2.4636124784902846,-1.1364826905989445,2.4175374089178443
HDOK,PLOK,17472,36,36,-86,10,11,2,33,-87.41339135526118,-81.75775668996805,-83.5903683197302,-81.26507330925203,-82.25244893707774,-83.2019082170266,-83.48649117918926,-83.56527118874018,-83.43325407282643,-82.05782051451882,-82.79681285688703,-82.93379728445915,-83.98350880306924,-84.07148863367891,-84.69997016188307,-83.96948861136926,-86.66773387685593,-84.02651947549401,-84.03178418837379,-84.33477609729857,-84.16166935513453,-84.26000374669778,-83.55412464754347,-85.15439526853932,-85.70759950769134,-80.9878133869955,-84.44320103719377,-84.1458590836123,-83.05829237193785,-84.48580330528861,-84.75177268977423,-85.00706112983076,-85.40592028537803,22,-83.89888422995689,-84.02651947549401,-87.41339135526118,1.8499410589671343,-0.15252432609238148,0.7925491913766902
HDOK,PLOK,17472,36,36,-86,10,11,2,33,-89.80868156253537,-83.51865798900874,-83.85322382056401,-83.57459947618497,-81.0065686488857,-81.62470246837051,-82.96350903475513,-83.11270892469966,-85.48256875546151,-84.77260579108965,-83.60232057304977,-82.89364034182651,-84.8822685425551,-84.62069005321639,-83.86768330257479,-84.26641858862072,-84.89884547526368,-83.84908320965287,-83.37201560018327,-84.63966270453056,-83.55296320774612,-85.6251004035718,-83.61854331515323,-83.13707358636869,-86.76891610479629,-84.31421724373703,-82.88339381949308,-84.82655470387014,-84.13237647445193,-84.1388518473441,-85.32279435999735,-83.35421269876805,-85.7451610682178,22,-84.18274586959227,-83.86768330257479,-89.80868156253537,2.2811046701884634,-1.3606625399910015,5.0004706716744
HDOK,PLOK,17472,36,36,-86,10,11,2,33,-89.30401399258466,-81.62903360231665,-82.73802515863854,-82.91122112627677,-83.66852087890491,-82.6807728230764,-83.76133828428257,-84.05779439508683,-85.45729297619849,-82.45624621647218,-83.09567840172018,-84.46133224841755,-83.9981316587676,-84.70068813524372,-84.69946873199721,-84.0005194027526,-83.84035750377068,-83.90730776570875,-83.75339342817527,-84.88031611303369,-84.08233475678044,-82.60803946506064,-85.32494461421604,-86.45074946646909,-85.97548026523748,-83.63555984328949,-83.38622471415893,-87.23819160249278,-86.0557202566613,-82.53828657141071,-82.76797273372303,-86.27884912687234,-87.56460737058111,22,-84.3608610191024,-83.9981316587676,-89.30401399258466,2.7853602719354495,-0.9967260812828707,0.9943965912272907
HDOK,PLOK,17472,36,36,-86,10,11,2,33,-88.59163166070783,-82.78421367905229,-82.64689554385485,-80.87424624900746,-80.8842953221862,-82.87283868669942,-81.79230816760408,-83.31822057275774,-85.9457068414296,-83.13480427069405,-84.25175480717539,-84.2714327627403,-84.61472922691776,-82.33097104523425,-85.1758180702508,-86.18930262374307,-84.30691397108963,-85.90077614846858,-83.98340422799586,-85.03175788591948,-84.73880256061217,-86.12148769851773,-83.60784741796336,-85.11802361070086,-83.60454477473905,-83.31343812673701,-84.22133035832549,-84.25421792652064,-83.52402523181391,-82.7837374946271,-83.34312277640569,-87.55313146998324,-85.64921626833727,22,-84.14348325693369,-84.22133035832549,-88.59163166070783,2.8259405115105647,-0.3980660795919955,0.57265936990503
HDOK,PLOK,17472,36,36,-86,10,11,2,33,-89.10033290324446,-83.1327520715923,-82.60121839973829,-81.30071992225851,-81.27028296561572,-81.03533235008125,-84.150353542895,-81.91807499202586,-82.78702426065803,-85.9977218607014,-85.91375885236273,-84.56742144889152,-85.40225950457386,-84.70082085381242,-84.72620234439594,-84.99566570165139,-85.59657529802358,-84.98590628755143,-83.68843258206665,-84.03658572650761,-83.22609035162556,-84.5354410397728,-82.93019403971117,-84.60974342661,-86.22442589331004,-83.75461707025188,-84.70140846554267,-84.7231479662262,-83.68462985639931,-83.6376400385698,-84.69475941419307,-84.55013533711907,-85.10811294856433,22,-84.19053902171343,-84.55013533711907,-89.10033290324446,2.5187642188856283,-0.3297975262311032,1.7770532679679634
HDOK,PLOK,17472,36,36,-86,10,11,2,33,-90.30971476503892,-82.34582103631766,-81.46594657493596,-81.34618828245716,-81.67784729694257,-80.36182487489667,-84.00472646946127,-82.18946481646826,-86.29376691579418,-84.17046633727182,-85.19644870185216,-83.68255393606135,-83.96776342767888,-84.55654529450754,-83.19683301609511,-85.10415221407881,-84.00743132671916,-83.51331175758794,-83.9696220188348,-83.95045267156577,-84.50520576236114,-84.31542120334548,-83.76754911656687,-85.42734573435547,-82.82188884010313,-85.68513037576942,-84.82872918260686,-86.30732445463183,-84.7580608681176,-85.02706543932888,-85.25730810974278,-83.20512191592836,-84.55160429154311,22,-84.1142011220899,-84.00743132671916,-90.30971476503892,3.1381212184870493,-0.8368098137232601,3.5461137627665376
HDOK,PLOK,17472,36,36,-86,10,11,2,33,-90.45615378873877,-79.50026298151006,-84.15687845329921,-83.47487610595776,-81.83592556643322,-84.20357077014765,-82.1941949126431,-82.30412888515009,-83.67905399974602,-83.33910175334427,-83.22468573053455,-84.09552607138568,-83.11688005617788,-86.32259501815554,-83.55609574284897,-84.54041652333473,-85.33823001098533,-86.14854792902725,-83.7094353448146,-85.0003594698162,-85.28520434311362,-82.85096103089016,-82.74015062724483,-86.10418938288608,-85.5162974869578,-85.00359597472959,-84.73951353109655,-84.26901291212297,-85.82695149802186,-84.85211575098741,-85.14073041117696,-84.4568008491669,-84.60474033506848,22,-84.29052070447015,-84.26901291212297,-90.45615378873877,3.1655740078852777,-0.6253775342432444,4.157645256500986
HDOK,PLOK,17472,36,36,-86,10,11,2,33,-89.04008725607535,-80.12809558817654,-83.470416487656,-82.64144035340632,-80.818349466311,-81.72947120487564,-83.60145955076676,-81.95772799981728,-84.50446639957703,-84.01009545578282,-84.07666074334247,-85.20937130120835,-83.30121020246277,-83.77528813010447,-83.99415927913785,-85.72908655344965,-83.11254079225169,-83.95434399067726,-83.33543962239588,-85.10681693959833,-85.39267361474408,-84.59986302437085,-83.53262144390312,-85.6018391610276,-82.61926230167097,-84.566769922243,-84.6416956833815,-85.95175211573546,-84.9563635113887,-85.3196248664408,-83.45604610964199,-86.41340225514243,-86.36723465431248,22,-84.14895987821443,-84.01009545578282,-89.04008725607535,2.8792918316692564,-0.14206453926542875,1.427269741930202
HDOK,PLOK,17472,36,36,-86,10,11,2,33,-88.9916674532144,-82.12016105308504,-82.15787681404757,-82.83253912653132,-81.65142755928039,-82.25064276326653,-81.3511066100989,-83.61744262611651,-83.66620577969098,-84.98573881668338,-83.17986262509866,-83.16807836753391,-84.07444614963693,-85.86714464211346,-83.15076486647521,-84.38036526651916,-83.4203196572356,-83.37665294942832,-82.96807104263208,-83.51311084104975,-84.57131499254645,-83.69696112595898,-84.80915161600814,-85.22666228097438,-86.12737878934887,-84.52555004964661,-84.44386414026616,-84.59129429315307,-84.90699632746475,-82.3183507012664,-83.53380939686645,-84.76538358598106,-83.91663505138717,22,-83.88354476850321,-83.66620577969098,-88.9916674532144,2.1126465971559916,-1.1418684503481469,3.2902964619302932
HDOK,PLOK,17472,36,36,-86,10,11,2,33,-89.82502867574232,-80.92630266178234,-83.5918209269606,-84.13631486419388,-81.92002238128126,-82.33290501346455,-82.25514030069948,-83.503437484272,-85.37150671846362,-85.06126335608164,-83.41727500176337,-84.08468185823644,-85.5498144827596,-84.33180159365905,-85.41406063000291,-83.79437655235412,-85.11555786315687,-85.09947204091795,-85.49390182691565,-83.75130213717625,-84.17131242130863,-84.71068793831762,-83.49415043997251,-85.88713410977662,-84.96686081282246,-86.3118772276296,-83.2964056147189,-84.65777059102706,-86.22778361235457,-85.3990308055919,-84.10612296320956,-83.89225299102351,-83.66044533022071,22,-84.41690367357145,-84.17131242130863,-89.82502867574232,2.408996454009148,-0.8305274871445091,3.5600374969462734
HDOK,PLOK,17472,36,36,-86,10,11,2,33,-88.67729656409531,-80.82450986517092,-85.59785811878072,-82.01751181252294,-82.81270498853455,-83.2414932201493,-83.85093970291082,-82.93524068950158,-84.52284672692421,-83.95151623279042,-83.51505100172115,-85.06609347581485,-85.0223780698631,-85.95992666158914,-86.08803122967389,-82.31949055168097,-84.23514529453652,-85.18420900464652,-83.02307952700892,-83.93739600398087,-83.42412931327418,-83.74321741646314,-85.28493345741326,-84.10778014835333,-84.76561314397672,-85.9479928821297,-83.8348958194958,-85.37465502858113,-85.50604070762336,-85.82220564080228,-87.07982149629531,-84.5197298229488,-84.07923338866303,22,-84.43251415175503,-84.23514529453652,-88.67729656409531,2.280429303769377,-0.2680786364466181,1.0901276035143632
HDOK,PLOK,17472,36,36,-86,10,11,2,33,-88.57888981811999,-82.04314305625985,-83.8601501116863,-83.42240909991223,-82.76344176648857,-81.63360156115252,-82.62063074958937,-81.5258951758666,-83.82573618940911,-83.99707193688577,-84.17875499674672,-83.14171176963423,-84.04270549752763,-84.00180477778129,-82.22371482736798,-84.30781942754952,-84.87713031484675,-83.99677912641192,-83.83173925464567,-82.3662254065936,-85.07644993734947,-81.77769184644501,-83.12126829242005,-85.05094008221012,-84.04767548892652,-84.09353852874331,-85.07325360042418,-83.71396640974538,-84.66284245472363,-85.94525378500482,-83.26089412047138,-84.35166905416506,-84.97678195598444,22,-83.83004789154815,-83.99677912641192,-88.57888981811999,1.876731315166513,-0.9567259621050906,3.0768647391243715
HDOK,PLOK,17472,36,36,-86,10,11,2,33,-90.78161126203592,-82.45945552530482,-82.25903284666471,-81.65767777244876,-81.2754196311625,-83.49035983066247,-82.83008953328488,-82.57738355158101,-84.32140472485032,-83.58606061499334,-82.59121897678683,-85.38921305514734,-84.23660709138446,-85.08132427057798,-85.65440439926901,-84.73058995067515,-85.95243407222571,-84.6059784593658,-83.16778036086635,-84.70445470737283,-85.49855306283608,-85.15294892028739,-84.99047487002785,-85.18151097788186,-84.18750783498461,-83.51812058247477,-83.95791117331117,-83.92984541480133,-86.87830797108766,-82.16105242859538,-82.2932446655648,-85.52401213231244,-84.22523805767494,22,-84.20761299177273,-84.22523805767494,-90.78161126203592,3.1444323655596826,-1.3526953122822463,4.344815351625584
HDOK,PLOK,17472,37,37,-87,9,11,2,33,-84.60170597969741,-85.2367516410644,-86.309814290771,-86.76131071696446,-85.93658622235832,-86.0994267916831,-84.62157072199649,-86.32087856818798,-87.02530571700174,-85.91300832258632,-84.2652552610268,-85.5093097568266,-84.86037488021888,-84.34449750937581,-83.35221249667696,-87.48683095418016,-85.62741604326762,-85.4397165451123,-87.1474149968589,-86.60308948937542,-85.25548637527599,-85.92644050458624,-86.23157693596929,-85.23743845768631,-87.39185541929676,-85.52556171867899,-87.22837797209714,-87.59794809824928,-87.72599688636032,-85.56661615846338,-87.04860160101777,-86.26927914889517,-87.12805601595353,22,-85.9877488544776,-85.93658622235832,-87.72599688636032,1.1502782851360212,0.32449545066519314,-0.4120141981325518
HDOK,PLOK,17472,37,37,-87,9,11,2,33,-85.14510071752669,-84.18857167056036,-87.35910321756113,-85.63481062677992,-85.43076653107126,-84.89405301401595,-85.41455379132607,-86.88080333767418,-85.85137835177966,-86.53031977348303,-86.9646196925785,-83.65728379242935,-86.0304857370093,-85.5539780575079,-84.52105062958634,-86.14300779059164,-86.59784357753209,-84.66091828850202,-88.00828603285812,-85.77951734044906,-84.88805743519036,-87.84161901043089,-86.87137643164,-87.45478462971265,-86.92093630401907,-87.84280988680388,-87.0867876608368,-85.81548257578152,-88.76651208410665,-84.0889892109639,-84.927192899669,-87.27623958342629,-88.27286452140588,22,-86.16060921832756,-86.0304857370093,-88.76651208410665,1.678281952649679,-0.03640922765793493,-0.8278120723430824
HDOK,PLOK,17472,37,37,-87,9,11,2,33,-84.7971678162281,-85.65466801408154,-85.68408407504431,-85.60537194925088,-88.3907624738847,-85.6915280613595,-86.33512814646541,-86.08800078616018,-86.9837285713199,-85.1207897933193,-86.93698403872729,-87.22106707042734,-87.95689479292797,-85.53980746304651,-84.80686082923455,-85.94046283869172,-85.06177521486359,-85.86346073221209,-87.50791806815828,-87.34689634550226,-85.16946493530543,-87.40948810582093,-85.43185169292109,-86.32333131659185,-87.37659064506158,-85.56263973639457,-86.02529322072469,-85.83435956538321,-86.37347899597478,-85.06468181463816,-85.68260257924656,-85.73338034166079,-87.54575481501641,22,-86.1838265104741,-85.86346073221209,-88.3907624738847,0.908967075215702,-0.5932164443473005,-0.6434058680482502
HDOK,PLOK,17472,37,37,-87,9,11,2,33,-83.77901377684516,-83.43281498871832,-84.83275313149925,-85.29498810970084,-86.6032676445448,-86.48202496301498,-87.24477739816156,-84.8768203553185,-83.32570696167734,-85.72937112020324,-86.41439069353443,-85.79198473951367,-85.7378446987875,-86.4296902677979,-86.84692482291253,-87.29112254535002,-86.88463202458645,-87.78446746745914,-87.16998739270774,-86.50337796963925,-85.70332117395424,-86.61424027778779,-86.82280347110377,-87.26479047859956,-86.4347526575067,-84.77181052142943,-87.45029873807034,-85.93076840979354,-86.86911962947524,-87.41736418645381,-85.57475737233631,-87.52122330882437,-86.76723257804402,22,-86.1696498144046,-86.48202496301498,-87.78446746745914,1.3303824102728676,0.99720209355028,0.43396411866947515
HDOK,PLOK,17472,37,37,-87,9,11,2,33,-83.91621548287249,-84.51762126073685,-86.50496585707067,-87.37521225495477,-86.65044603117303,-84.58825079772767,-86.53717455648321,-87.01043084259389,-85.49434006304624,-85.249928174078,-86.42919099587601,-86.38663612674775,-84.85932680154941,-86.44981066324812,-86.31759016760878,-85.46737920446148,-85.47989792483762,-84.99726443903992,-87.2981120835398,-87.36850187523758,-86.07871999538821,-86.43686392637738,-86.30275877305182,-85.87454610739549,-86.35772970222808,-85.60924740724236,-85.6906037274103,-86.77841764988118,-87.01070249331251,-87.18034526549935,-85.34012544257754,-86.59153563514361,-86.71111723379967,22,-86.08669724127853,-86.35772970222808,-87.37521225495477,0.7584795624550822,0.5910362074696394,-0.2565473591345997
HDOK,PLOK,17472,37,37,-87,9,11,2,33,-85.0269395200386,-86.04931056142104,-85.75010616407206,-85.09531713913188,-85.6613355865665,-85.50677373149074,-86.12802318300899,-85.24459349818886,-86.54131978062793,-83.87626897294423,-86.86692774371484,-85.51176153910598,-85.42079243353058,-84.66068851261855,-87.18265341430433,-85.38795038867875,-86.29884637647949,-85.5228107792974,-86.22429518413325,-85.3595742583857,-86.89520171597331,-85.6868178637525,-85.45642942917664,-86.24119199010367,-86.59258221909417,-87.26401317482586,-86.99552457083783,-85.47911823644041,-86.59684534457413,-86.44296117916552,-87.53025132398074,-86.40032708333945,-87.07983047558656,22,-85.99931464771488,-86.04931056142104,-87.53025132398074,0.6646401374142091,0.22222654131823205,-0.07918926145855609
HDOK,PLOK,17472,37,37,-87,9,11,2,33,-84.17432518650162,-84.73354142981094,-84.61008211108283,-85.4713549886126,-85.45106198162587,-85.67138596227271,-86.72826933026221,-88.23087892434447,-86.36364400371748,-86.75671104826482,-85.89290251268392,-85.953253246924,-85.48745492027597,-85.99992273073502,-84.72159954368693,-86.4677234324315,-86.64606248435015,-85.53941286438788,-88.53806039480288,-86.90875155065979,-83.90490395011783,-84.77209768218076,-87.35737768386852,-86.84761834182282,-87.30288005754454,-86.11977374284724,-85.59799546218457,-85.19999090134633,-86.81210578574414,-85.18325744331197,-86.78441613638728,-86.54474648382977,-86.7142505401801,22,-86.04508523814545,-85.99992273073502,-88.53806039480288,1.1348345632566967,-0.14711772307799756,-0.08018312310415654
HDOK,PLOK,17472,37,37,-87,9,11,2,33,-86.24382617671961,-84.88993138795922,-85.82696444674202,-84.20345086335496,-85.730607626268,-86.21804744880443,-84.75034410680374,-84.90910798049065,-85.87678198809446,-85.94716956277588,-85.18899730552906,-85.64902617195281,-87.15375584669522,-85.70604278157539,-86.67923100997082,-85.92994759627386,-85.53910885289258,-86.48748396168715,-84.56021879985214,-85.99032720313937,-87.53111365073734,-85.1729657902341,-86.50271573064622,-85.75291109889422,-87.23618657586712,-85.57939164658953,-87.10248435030356,-86.0677227848266,-84.91873356397353,-85.61384796330742,-87.11803634063949,-85.43352127534209,-86.8974039080988,22,-85.89113350900125,-85.82696444674202,-87.53111365073734,0.6726496886327209,-0.11871947035772235,-0.5189740245190282
HDOK,PLOK,17472,37,37,-87,9,11,2,33,-84.09566113879777,-84.75820449105623,-86.39466170892477,-86.31703914843123,-86.98936744635763,-86.64560658488305,-85.98175948995352,-87.07365441893864,-86.30947253729555,-85.94134759698132,-87.612583356021,-85.54622345204828,-83.79077672994423,-85.2618843675574,-85.47762956399734,-84.25084691438616,-86.13090615434665,-83.94877022567623,-87.919840837711,-86.20458666385088,-87.12778516383334,-87.15434533010384,-84.92332951408945,-85.26462876352362,-87.68225841294539,-86.7851928640316,-86.98833845732742,-86.9352882458634,-87.11539278084378,-85.02765698188512,-84.84790530668998,-86.99161420542093,-88.6566736096205,22,-86.12579492313142,-86.30947253729555,-88.6566736096205,1.4614456610651716,0.20841310162983795,-0.63005908839241
HDOK,PLOK,17472,37,37,-87,9,11,2,33,-85.30361392321177,-85.44872150485747,-84.8909082524825,-85.72158769217809,-86.87851599589463,-86.48789094795292,-87.33512201682979,-84.90619807792497,-86.82556653792231,-86.2863546245469,-85.16853883865083,-85.46211502236258,-86.38190426244755,-87.30516025954367,-85.30846275900073,-85.41619505488315,-87.42931453471216,-85.30845542628074,-86.31752322016695,-84.3004198188844,-86.40958721976705,-86.45054798614972,-85.00760911872446,-86.10902500803488,-85.7513238073109,-85.67926133190794,-87.47150589000327,-86.0136780133455,-86.73373869916269,-86.9427555175964,-85.86940805121125,-87.24935140587375,-85.89540691671229,22,-86.06259902231922,-86.0136780133455,-87.47150589000327,0.6846300336729365,-0.03039451612822518,-0.8257039196008322
HDOK,PLOK,17472,37,37,-87,9,11,2,33,-84.73985109806205,-86.1007477896872,-84.67729336719675,-85.31039016272757,-86.90253363442376,-84.87816827789077,-86.09085433679593,-85.95023507607866,-87.0025397430665,-83.65886882256126,-85.38336724157634,-85.36286828202361,-86.68475713115662,-84.03461232091267,-84.52824589576763,-87.24271653179316,-84.15342232386135,-85.39613290737141,-87.2256464625996,-87.10770283136605,-86.598156192112,-85.88009173459399,-84.2869872328868,-87.10369110651708,-83.97052695022076,-86.34660793895057,-85.6177541992735,-86.52517641775398,-88.49082213100085,-85.52899646223263,-86.29633683601189,-85.76674773426362,-85.11243047336723,22,-85.75622059533644,-85.76674773426362,-88.49082213100085,1.2819819032018362,-0.10704899955829482,-0.43007569425723124
HDOK,PLOK,17472,37,37,-87,9,11,2,33,-83.95102665783372,-85.21861206968399,-86.51286655974518,-84.41788410366576,-88.30095340581455,-85.78560828752522,-85.64869447491489,-86.80828622180627,-86.3476566356795,-86.05580125526896,-85.93594460968923,-85.84250584874725,-85.85504682801196,-84.93859416359436,-88.24882828012342,-85.09420637209743,-86.80175539816166,-86.56431440363677,-87.40120176263393,-85.88521468668469,-87.84762833377373,-85.37088245873294,-85.76632186809559,-86.04228466635844,-86.03442154727632,-87.05668096791668,-89.1606025336468,-87.13291312573614,-87.80740664552832,-88.12603496142484,-85.80192166597054,-85.1771021944716,-86.33946720798119,22,-86.34177788491613,-86.04228466635844,-89.1606025336468,1.3584302944402007,-0.4138020247830035,-0.023540008601440565
HDOK,PLOK,17472,37,37,-87,9,11,2,33,-86.69087716236146,-84.9094058712573,-84.59483565528126,-84.71619782974436,-86.0979832915233,-85.54771449833171,-84.95356321834609,-86.93721716517953,-86.72254887972909,-86.7712833158133,-85.18244499991795,-85.70630039422008,-88.31727131056728,-85.39636546919927,-85.76052621654601,-84.11624867311532,-84.03356627537309,-86.72242048234503,-86.87457319139092,-88.12528536768444,-88.98512930822804,-85.201010458824,-86.27963640388604,-86.93527959857323,-86.69079712179071,-87.87528526736621,-86.44537156194092,-85.50852589190127,-85.70204357055414,-84.38348738866718,-84.80449483910013,-84.94245316474532,-85.83186674521978,22,-85.9927881996583,-85.76052621654601,-88.98512930822804,1.4718540326077112,-0.5387928427602658,-0.1384780345187404
HDOK,PLOK,17472,37,37,-87,9,11,2,33,-86.44771541973294,-86.164438755043,-84.72212138091366,-86.70721180450555,-87.74839493023526,-84.65250607251039,-86.73038198610494,-85.29000163255571,-85.90416485329374,-83.62768592153579,-86.60683612037823,-85.96189659720918,-86.68617074827566,-85.74017490845941,-85.73135540704642,-87.0395127489794,-86.3093598164514,-84.37822774678109,-86.23352223623765,-86.67364988954316,-85.42501165690621,-87.51513800236522,-86.40386280316179,-85.80226979004847,-88.10706778344073,-85.87982298879774,-86.0691554207978,-86.52871190985442,-85.45276099157208,-88.41788156807509,-86.78924664668519,-86.87174082012675,-87.91165950781094,22,-86.2584745110738,-86.3093598164514,-88.41788156807509,1.0832725341704565,0.21627597751925415,0.4345739218633864
HDOK,PLOK,17472,37,37,-87,9,11,2,33,-86.71385452515501,-85.15461578859791,-86.36483855545548,-86.49425245234283,-86.01655766837574,-87.3233907824516,-85.36251979177227,-87.00580166062227,-85.15461236318606,-85.32171775837774,-84.53689758435624,-84.46251225385296,-84.80611111686841,-85.35292181584177,-85.94380828762641,-85.12858288777431,-85.64548909972872,-86.24014326309702,-85.77457005966747,-86.65132111470606,-85.86372863777018,-85.77363762248794,-84.35747028957965,-87.17789592904394,-87.49277430864643,-87.5330175417736,-86.03703528892004,-87.39973545847202,-86.86308307070732,-84.97808304462032,-85.95060893711933,-85.02120437267284,-86.23694852642686,22,-85.94362854115444,-85.94380828762641,-87.5330175417736,0.8215416148405681,-0.12901884872094815,-0.9265836819232556
HDOK,PLOK,17472,37,37,-87,9,11,2,33,-86.2569052981069,-86.35386270206615,-86.71954754246306,-84.1586891396835,-86.31317506986699,-86.08932762055652,-85.33789102695113,-87.07066709582962,-86.94696861466694,-83.34114005471008,-85.83034357064638,-86.57301541814128,-83.19710293439041,-84.63930699882278,-86.54985556941568,-86.52836376473337,-86.2357557740291,-87.09424086232312,-85.93139219143782,-87.86884400268028,-86.9451629673322,-86.4860021797772,-86.72329570714246,-85.6184947013596,-87.1960906228626,-87.00600298275286,-88.13471056093294,-87.44369728003723,-86.03786731996176,-86.54278057635109,-86.91599699179663,-85.17878190654224,-84.83753846221477,22,-86.1849338639571,-86.4860021797772,-88.13471056093294,1.2747694748257121,1.0367846936680256,1.095328333838959
HDOK,PLOK,17472,37,37,-87,9,11,2,33,-86.14039327789143,-87.1231723552313,-85.36675986530476,-85.62604537795914,-86.03707375968258,-84.72510627474989,-85.40446775095019,-86.76166533003895,-83.46469097864042,-86.00237050704541,-85.16377687903109,-84.54957085465091,-86.88132733760447,-87.60222929030502,-85.24105133849427,-86.0902496530244,-86.05590628403787,-85.20233229511273,-87.25192511662524,-85.53997823413556,-84.52997098284348,-83.80449844353716,-86.24779892531726,-86.45905222499697,-86.59823693070004,-86.44525079600815,-84.94564242317865,-87.60967005793039,-87.04673702074543,-87.68018666653808,-84.24351365022088,-88.30929863146581,-86.9145468709672,22,-85.971651405605,-86.05590628403787,-88.30929863146581,1.3521093715626507,0.16045905690520848,-0.5046605225348442
HDOK,PLOK,17472,37,37,-87,9,11,2,33,-84.0346924287055,-84.86578059424347,-85.01848148129955,-84.20434057306554,-87.155021189214,-87.35909654355218,-85.14801132205757,-85.30045407969101,-86.87641785467989,-86.00121905103016,-84.77980780789689,-86.408907221355,-86.12413965371053,-86.1875919481662,-83.6700714109081,-85.38162791677824,-86.31957253594635,-86.47543085988747,-86.77130618637598,-85.22440355567429,-85.51296737081702,-86.03606995223429,-86.96713844108528,-86.8114994017809,-86.89417605151785,-87.91363051967915,-86.35453737180937,-85.26513493518021,-86.76596144910324,-87.80493073535465,-85.63969124898045,-86.9344764651389,-86.1586794202755,22,-86.01106871446042,-86.1586794202755,-87.91363051967915,1.0718729900573336,0.34040029222628065,-0.37048571370211203
HDOK,PLOK,17472,37,37,-87,9,11,2,33,-85.37544484755166,-84.47110953362886,-84.64643219432226,-85.94208614658807,-87.15872697030201,-86.63749637513439,-84.8762721385551,-86.78272729774058,-86.86695992388913,-84.7379860372485,-87.30000087813852,-85.6238930908849,-86.83793731433572,-86.61617365571016,-85.01927692141473,-85.02019117520791,-85.13170225080259,-86.2693076804865,-87.06178480037543,-86.50613385316173,-87.25081129537176,-86.3900450516175,-86.8099179496592,-84.95863821167822,-87.40085775416497,-85.50490403016026,-86.93351916479523,-86.3210659314511,-86.80338500646421,-85.66488931308795,-85.6690802813103,-84.26810026906439,-85.83585939506423,22,-86.02099141634447,-86.2693076804865,-87.40085775416497,0.8513705515677215,0.26843350665324317,-1.250840806021288
HDOK,PLOK,17472,37,37,-87,9,11,2,33,-85.0652443472135,-84.98729616065503,-85.98858315967311,-84.54964388785297,-86.15748747767307,-84.74424186644265,-85.42009447200572,-86.76915296361997,-85.0510092409724,-85.75001363235238,-85.82118232602535,-85.34940006529094,-84.3157931585433,-85.1926332128321,-85.97047078968158,-87.6231179028952,-85.98200184968675,-85.7029204979086,-88.5244784757872,-85.638414216157,-86.63844447661056,-85.9863097490986,-88.70364764909917,-84.92070055831462,-87.55667448153574,-87.36019367075359,-86.07487332271744,-86.02184654941064,-86.81767661502121,-87.00882262713284,-84.28584058475194,-87.09846829011718,-84.83605996894835,22,-85.9973557044479,-85.97047078968158,-88.70364764909917,1.2428698544513619,-0.6620664718577052,0.006123570722085692
HDOK,PLOK,17472,38,38,-87,9,11,2,33,-91.97689667799001,-83.9289032262856,-86.86656057508701,-84.66052862506305,-85.53239012475558,-87.33865393460508,-85.54565828158448,-86.42109682902334,-87.15499806464244,-86.06004581743115,-86.15198392206308,-85.34728994225667,-86.3270047240243,-87.14425228874946,-87.26016135798844,-86.8783873928967,-85.79804196144711,-85.76851296531859,-87.19121029375472,-85.88585173749422,-87.3929199396395,-87.72051759294193,-85.53653066682946,-87.36636573778911,-86.4192049416454,-85.49407811207901,-88.11667046325968,-88.20729138197409,-86.98310224751596,-87.14115998306508,-85.96801365483505,-86.53577461710003,-85.60372969144849,22,-86.59769053856314,-86.42109682902334,-91.97689667799001,1.810079187366266,-1.7101671262798437,6.732596950131024
HDOK,PLOK,17472,38,38,-87,9,11,2,33,-94.21301715448723,-84.53659177099436,-85.97091397191659,-85.28911203324658,-86.42396321169066,-85.2411098112195,-88.6641930268547,-85.49368833400311,-87.6308020407469,-86.79500999799933,-85.06934873785578,-87.56013879910363,-88.1824132125745,-84.4082705197936,-87.91663495438846,-88.05630302875694,-86.58960970041363,-89.02093203140852,-85.57947255554156,-85.8272837095857,-86.74715802669476,-86.47293504885464,-87.08716850735796,-88.30115266762064,-86.96294569735655,-87.63022455761002,-89.72820434243685,-86.56825485408197,-87.92006546296206,-85.6990462360438,-85.98472178321771,-88.96049659607291,-88.0640436208756,22,-87.1089462425384,-86.79500999799933,-94.21301715448723,3.36267907421885,-1.6761962036169045,5.44787933575971
HDOK,PLOK,17472,38,38,-87,9,11,2,33,-94.03388529530179,-84.71137569211498,-85.56711587655019,-85.55634561928348,-85.89480480693202,-84.49576080100132,-85.13707319801907,-84.39904804551527,-87.99420439219504,-86.46305199063744,-86.50862536219095,-86.97244473330666,-87.44286732130035,-88.04404658871162,-87.07484992915849,-89.57429606144203,-87.670141438213,-86.04007509073021,-88.41993448671862,-87.68532357981364,-87.83518831558386,-87.90330384723697,-87.35698282119702,-86.57191782128321,-86.38510317050066,-88.65633424585262,-88.1329455561027,-87.18443180522277,-87.34852693842072,-86.22441554868942,-87.69822904218654,-87.98949321785616,-86.48246392935982,22,-87.13498807783725,-87.18443180522277,-94.03388529530179,2.969465859245344,-1.7294243677722578,6.687876008894634
HDOK,PLOK,17472,38,38,-87,9,11,2,33,-93.76029608254038,-84.99832793277766,-86.63816419231254,-86.43551749044076,-84.31775435917233,-85.40269098184793,-85.29053839854292,-86.49351056731838,-85.01262240899237,-87.75787889404232,-87.162083133988,-88.54026087013882,-86.75689444265434,-86.92062986304269,-85.48695645608137,-87.49256253534213,-87.23934813103548,-87.0984815097993,-88.05860998219792,-86.94733890904558,-86.39792740706028,-85.08295648208782,-87.04390456441764,-86.07132626393356,-85.78398330888884,-86.25880727074009,-87.5508594361111,-87.4565918542758,-84.48317344556277,-86.97205296860068,-86.75716576537883,-87.58441366637152,-86.93861307415429,22,-86.73309826208775,-86.75716576537883,-93.76029608254038,2.594651767286016,-2.3539922543300063,10.12985168192852
HDOK,PLOK,17472,38,38,-87,9,11,2,33,-92.36478568608725,-85.91837496778754,-84.79806519381465,-87.21269517586613,-85.6633080195292,-85.60994997062805,-86.60184538978365,-85.68709721295824,-88.08432295462707,-87.97195842956697,-87.91187975575039,-85.53665518837585,-87.44069544010198,-87.31850697268926,-85.27420897421695,-87.38557201549625,-86.25780038998494,-86.31050686502411,-85.84958790506354,-86.90515442692288,-86.69138673693101,-86.02575157637676,-85.37186000965242,-87.74816637222183,-86.58878435560959,-86.51510341593787,-84.7302269840864,-87.91712847765082,-87.2837769053391,-86.85048174112438,-86.19381154764444,-87.03394114358593,-86.71197101777817,22,-86.72016246115798,-86.60184538978365,-92.36478568608725,1.8250156729422935,-2.0931894583816613,8.099409934784056
HDOK,PLOK,17472,38,38,-87,9,11,2,33,-93.95137033189401,-84.7862803623341,-85.13931966715334,-85.62588623175867,-85.67830035637598,-85.22820122511705,-85.14252725084441,-83.50806564806638,-88.42306801485616,-88.52220697555086,-86.80536050945473,-86.1559085661008,-87.83618784645915,-88.89498249734763,-86.42628598496334,-87.01917817652283,-86.0368225630927,-86.04442445921602,-84.54836752914906,-86.32229607343665,-85.8362956695078,-85.73270908661755,-86.3778151755006,-86.27527048605128,-88.24605727443777,-86.4440017218703,-85.71484143909365,-87.22048477881802,-86.63734458752458,-86.36929245879486,-85.8200639334739,-87.09028984640167,-86.40515337803174,22,-86.55347454866116,-86.32229607343665,-93.95137033189401,3.0382964054283446,-2.3144200842061062,8.946672762806799
HDOK,PLOK,17472,38,38,-87,9,11,2,33,-94.15057980153725,-85.38537324271114,-83.49211951976105,-85.709891500733,-84.77220384737332,-87.04269266660779,-85.8016346778037,-84.98172399276909,-86.8462028639497,-85.65977415408797,-88.55070489090714,-86.3882778623032,-86.02497012047056,-86.26649809417441,-86.47303907396639,-87.16488193075945,-85.91199623879571,-87.1566096895409,-85.3143570334237,-86.39021129981893,-87.15333894815727,-85.68356126143505,-87.00729744666177,-86.23436305220238,-87.9055811316392,-88.15590890697102,-86.62741991692005,-87.69921221653675,-85.5241207922747,-87.09294172062566,-88.90142158472908,-87.79991484892665,-87.45954406974485,22,-86.74934449691875,-86.47303907396639,-94.15057980153725,2.9909801708082533,-2.255448919195701,9.353653721537029
HDOK,PLOK,17472,38,38,-87,9,11,2,33,-92.60606187622085,-83.35672654357109,-87.27706554529009,-85.62361501480815,-85.1529403789804,-86.7396673947101,-86.74245803815093,-87.12916449618004,-86.57335199170073,-89.25119158149928,-85.99104342775759,-85.63773184438038,-86.27256126056916,-88.03441780396649,-86.9338083309734,-86.42725248504487,-87.88022589384666,-87.13301322199993,-86.56791213840881,-86.52684825721163,-88.82300681150406,-86.3765222301341,-87.30949460511609,-88.88340658562619,-88.08146751037353,-85.51906009140336,-88.70263487321432,-86.15121876959545,-87.16268673515455,-87.15495031337883,-85.89893200180617,-85.84329296658393,-86.43141035658853,22,-86.97561034471966,-86.7396673947101,-92.60606187622085,2.385909543028998,-1.2522759764187774,4.591591134476303
HDOK,PLOK,17472,38,38,-87,9,11,2,33,-94.39519725870656,-83.59506340788361,-85.89141616278381,-84.97696700063659,-85.16281458532276,-86.65120883073605,-87.86569007945177,-85.92404695795133,-85.18238704932789,-87.33769137140419,-87.31812013954787,-88.14436345120814,-85.39507800236603,-86.77831232479343,-85.7984722383828,-86.25438640334926,-84.7841980946645,-86.41829016808737,-85.85028678063158,-86.67249785218453,-87.92475631707313,-85.89540148169033,-85.99385195964219,-87.3624891456593,-88.80161503659636,-88.76862776957711,-85.71095845852457,-85.72366309264079,-85.4328019522931,-87.7081595335589,-84.96723782354077,-88.67460122257101,-87.04709382918173,22,-86.67902259945363,-86.25438640334926,-94.39519725870656,3.4096482314734478,-2.184589311718242,8.134295203170478
HDOK,PLOK,17472,38,38,-87,9,11,2,33,-92.89126357937255,-85.81342280842509,-87.98254717056682,-84.47660388773267,-85.18042646301728,-85.67685388435147,-86.3577988865559,-84.31113010892474,-88.6828452755201,-88.88246223679778,-86.80866499743252,-87.28462477449385,-87.77333463635243,-86.65047088446264,-84.44126233895926,-87.6106357694108,-86.31781300083324,-87.59976930701143,-86.60190691050845,-86.19131807125872,-84.66509857112807,-85.99790398729651,-85.67825699127384,-88.57427219261852,-84.85092831026174,-86.74743133750454,-85.07898429846156,-85.68711945704729,-89.5169260379754,-87.65400632322513,-86.02371281870572,-86.17641095968912,-86.40943113757818,22,-86.68471628529556,-86.3577988865559,-92.89126357937255,2.9746361917913253,-1.4318779703208846,3.6347986618297017
HDOK,PLOK,17472,38,38,-87,9,11,2,33,-94.56954048453292,-85.84162152405027,-85.37826102087682,-85.8089989860678,-86.75371784613473,-85.0369389535652,-87.43157911422828,-86.37670090540621,-87.64660173599496,-88.1865735921775,-87.46340407345335,-87.33506119367217,-85.49964659785937,-86.19200706479822,-85.59632502507975,-84.52119595456804,-88.20830795016019,-86.83076666841147,-86.61004999188803,-85.57699249754066,-85.49275466851452,-86.3171300349738,-87.25065216502836,-86.23647118251209,-86.47246705002559,-86.88087001854115,-87.00024687984208,-86.39925329681164,-87.10757412006701,-87.30690190083358,-87.10586009969158,-84.98795941086932,-87.24171178235424,22,-86.74739829668276,-86.61004999188803,-94.56954048453292,2.7324262345029116,-3.1907485074992303,14.790104957298665
HDOK,PLOK,17472,38,38,-87,9,11,2,33,-94.03545735013596,-85.19041960378003,-85.4084485096552,-84.62880276742787,-87.60410638592609,-85.84654356804184,-87.11100441232388,-85.78929126041722,-87.66783789204229,-86.54745304815015,-83.10884812273758,-85.27322925654339,-87.24158801348557,-84.78767996266718,-87.06381120629065,-89.92458752830373,-87.02283218413045,-88.20751577020201,-86.20080662429253,-87.31253317379107,-86.32153519956836,-87.38568230912085,-86.89470488993138,-87.55819178957107,-83.52997674001875,-87.51327923203655,-83.94929255288145,-86.85911912092251,-86.18256143894548,-86.54352041969416,-85.04737807071372,-86.77668003262212,-87.22533685917807,22,-86.59878955441059,-86.77668003262212,-94.03545735013596,3.655178257798436,-1.5572739802456677,6.037927637797019
HDOK,PLOK,17472,38,38,-87,9,11,2,33,-95.38126553319074,-83.15645063606313,-86.11895207357102,-85.79208670570395,-86.19451371537984,-86.40385734744267,-85.55290248694799,-85.98483838323067,-87.86439102850944,-84.54718523262271,-85.54299098280994,-86.2774988187729,-86.23506866210171,-87.09265206625174,-87.67456391051103,-87.35270305509646,-86.55695823695737,-88.38386655519125,-86.6021422200421,-85.46001987805587,-86.57135782698565,-87.45823120398185,-85.61334758876478,-87.937843191645,-86.21829992162394,-87.2572727629131,-86.2668739329158,-86.73299115299822,-87.68535363441204,-88.10542386567202,-86.8905413542698,-86.81947888028003,-86.70630301485203,22,-86.80115835938685,-86.57135782698565,-95.38126553319074,3.3819739748280773,-2.919692017415783,14.202607607133517
HDOK,PLOK,17472,38,38,-87,9,11,2,33,-93.71941042491189,-85.58442491329,-86.11488111342273,-85.30483627559666,-85.27106073237286,-85.55840652703573,-86.34279381276387,-87.06399080374229,-86.29526944553763,-86.20335611857352,-87.75560287915035,-86.89534277829554,-87.0343031447889,-87.89667891339367,-87.47675498016454,-87.50825636366098,-86.02656503079439,-85.64973938075102,-87.92410214765518,-87.98325647471493,-88.58484591914097,-86.37366695848904,-86.04616094694481,-87.91872698046737,-87.5802377838144,-88.97905355634913,-86.83580384134652,-85.63992210211471,-85.63426402063625,-86.05492583583396,-87.19514103502361,-88.49432130158534,-87.19542805911796,22,-87.03459183640852,-86.89534277829554,-93.71941042491189,2.4159546806668692,-2.4208251360357385,9.260217557728508
HDOK,PLOK,17472,38,38,-87,9,11,2,33,-94.29536435225896,-85.38079619265784,-85.92165058017935,-85.28639755865413,-85.6875298940785,-84.59625641257733,-86.92372066013145,-85.10397504910513,-86.91752701855154,-87.69735530962978,-86.50314295095387,-84.99823648828973,-87.39994925058012,-86.85921285216014,-85.64449928198809,-86.72640542072565,-86.29339998449095,-85.9272861748313,-87.07507951779125,-86.23693122839916,-86.96872615018384,-86.41870679167548,-85.67567165662014,-86.29540638247148,-87.35113278676442,-87.40977433429838,-86.35085589208197,-88.13617344559978,-88.71375618811166,-86.10565360962909,-85.28871595005509,-86.55493067902864,-87.17365193175567,22,-86.66417793867606,-86.41870679167548,-94.29536435225896,2.663220355785666,-3.1423791460548083,13.997076380147801
HDOK,PLOK,17472,38,38,-87,9,11,2,33,-93.91875821654492,-85.26275983267587,-86.27472225427884,-87.14449723321871,-85.19920715498813,-85.95468162557279,-85.95847999229721,-86.50432269046789,-87.78243454149312,-88.03471970433505,-86.13248219399776,-88.33093425013408,-86.89723091990821,-85.90964806017702,-87.30140122049613,-86.98720498283109,-85.1216472279581,-86.66601644077092,-88.2861993043863,-87.01478122496778,-86.52435238873659,-87.24924023458176,-86.09716771785739,-85.60808673459259,-85.62725042097104,-87.1630974581301,-87.09681119985424,-86.78415121507801,-85.46522875721524,-86.44861188860642,-86.80277538758659,-86.95582467334155,-86.0159827022122,22,-86.80365787425042,-86.66601644077092,-93.91875821654492,2.281699936942801,-3.2125835538939382,14.445957657249656
HDOK,PLOK,17472,38,38,-87,9,11,2,33,-93.96414146241568,-86.45600741489008,-86.48397903568046,-85.6361098884499,-85.48847060361058,-84.6187104703819,-85.83286820943088,-89.3756087078591,-87.67220595401781,-87.72862656501968,-87.6794021439316,-87.4566955182416,-86.50966957426378,-85.32587094477496,-86.91276512829724,-88.06987020669169,-85.91533882855882,-85.5544333635896,-86.37233866612392,-87.25024957066337,-86.72790065044771,-86.64812075635834,-87.05112873843774,-87.48284574985121,-86.45832117745435,-88.88513615148604,-85.35697751664958,-87.12721602235519,-86.70459276775206,-88.078081915816,-86.88760813367753,-86.33605899148829,-88.51213938720143,22,-87.04725727926875,-86.72790065044771,-93.96414146241568,2.6171507493548067,-2.3788160136819085,9.162710699188656
HDOK,PLOK,17472,38,38,-87,9,11,2,33,-93.42779073109386,-83.93671612367591,-86.18385652861743,-85.97989145301435,-83.96791615272443,-85.97942463819498,-86.73175819420157,-85.35026380723406,-88.11947729902137,-86.37196681032657,-86.8467200355473,-87.07027472319278,-87.48034111181815,-86.5778510948557,-85.72160200335018,-86.94974121086773,-85.67344205596743,-85.92450609318885,-85.87382419599015,-88.8236809519121,-86.08699455890077,-86.27585355429466,-86.26603465759236,-88.42889314865666,-85.57681539138103,-85.81966545496134,-85.71385621191983,-85.46734563955009,-87.72628112376208,-86.43890275500176,-85.88783948797723,-84.88294045125987,-86.57939526333926,22,-86.48914736101187,-86.18385652861743,-93.42779073109386,2.6107355017204674,-2.400377301535124,9.529277959033164
HDOK,PLOK,17472,38,38,-87,9,11,2,33,-95.27142120349816,-85.11988517713509,-86.68586774754965,-88.59118462536875,-86.4689968639272,-84.66299553611057,-87.26369519163518,-87.62772562139791,-88.75146427512927,-87.37930491575752,-86.89313213327087,-88.81492202200131,-85.98140294139971,-86.83782128845142,-86.6623172529689,-86.44044552257192,-86.38942292726944,-86.35865660715241,-86.38441557182173,-84.47837394172583,-86.16905535464576,-85.81054745831484,-85.63443312641162,-85.36975805553382,-87.57385375367325,-85.62771140790724,-86.83734828608641,-89.93439987818938,-86.44991155120543,-87.86165915426781,-86.97153552725416,-86.03480871337266,-86.97500369572626,22,-86.9791962826888,-86.6623172529689,-95.27142120349816,3.507866385219933,-2.7293609796544356,10.90349256274738
HDOK,PLOK,17472,38,38,-87,9,11,2,33,-93.05551512320027,-85.36602684827847,-86.85041151380366,-86.91854575635337,-86.61346257716893,-85.38794611279472,-84.84110059486801,-86.49247022766164,-85.70759512249874,-88.21633696373746,-86.80125918167323,-88.72760955005936,-86.57747802609002,-86.43209021055391,-86.38985752894094,-88.72866025876161,-86.96018521928927,-88.40200600059119,-87.3754436752947,-85.27376578733046,-85.39910391996308,-86.91191295073614,-85.25560713587014,-88.31870315080661,-86.99745617764782,-88.22150608728553,-88.08786254377071,-86.92103509089152,-85.74541711164188,-86.33904042790675,-85.93964623231622,-88.88796543327526,-85.48910390163434,22,-86.95854928614231,-86.80125918167323,-93.05551512320027,2.4581288467979188,-1.7826831854618914,5.471220224436127
HDOK,PLOK,17472,39,39,-89,8,11,2,33,-87.24623962432163,-87.56799886284752,-87.91987797250624,-86.25449905619136,-86.21548465901097,-87.86922040348487,-86.19903177369666,-86.07985339806724,-88.12304373499339,-88.168871180517,-89.74151055567376,-86.71417675567152,-86.85232170153117,-87.6807339398849,-87.10076884481035,-87.66558006686387,-90.15685066878329,-88.42630047393816,-88.00157197951437,-87.00654453387004,-87.91690078408695,-87.07812007400373,-87.24061711550264,-88.76600720249353,-87.93616934124297,-87.85143682620927,-86.50670894025104,-88.34041108744545,-85.61088743020775,-87.29742606360206,-88.01494541485229,-88.15844313009444,-88.65481049848215,22,-87.58676860892888,-87.6807339398849,-90.15685066878329,0.9770530050559565,-0.33172154252298147,0.5201317257864235
HDOK,PLOK,17472,39,39,-89,8,11,2,33,-86.34133521012843,-87.50204872750189,-85.70476551488467,-87.81050332510394,-86.95677735870723,-85.35654852277212,-87.73146599474424,-88.81050386688955,-86.42693088072474,-89.00063537512855,-87.86763222806265,-87.70095041300492,-87.05882708612097,-87.18803643504806,-86.97517839561917,-86.72492508028355,-87.8170455689916,-86.67137207342688,-87.39551760419354,-87.52085334534091,-87.34698443938044,-87.73454752533559,-87.80899244941938,-85.57653242956987,-86.72527448027333,-87.25919066770733,-87.85026146689556,-88.73013265148693,-89.52121192383572,-87.63970755310315,-87.30290827293351,-88.60115476707344,-86.76227039709627,22,-87.37639460699359,-87.39551760419354,-89.52121192383572,0.8615696203799392,-0.000783755989671967,0.3241279178553724
HDOK,PLOK,17472,39,39,-89,8,11,2,33,-87.3640395302909,-87.35454856142277,-86.86036470746413,-87.69540409614311,-87.91745670680997,-87.37378245118147,-88.05472896735787,-87.36188463166016,-87.79438985054459,-85.54457501772337,-87.63347441046477,-88.06689819087312,-88.29567942727859,-89.52971894974183,-88.43798747590773,-88.57303621586107,-89.18189442308653,-89.50567770496352,-87.67775624707359,-86.24021234773652,-87.52191654026755,-86.49112602564696,-88.79617558455222,-87.6556458667037,-87.01644698046164,-87.70264193697261,-86.39182988909363,-87.61894424534663,-87.9269440638008,-89.56311102183629,-88.72102838468503,-85.97252085766229,-88.6122523838452,22,-87.7713361725594,-87.69540409614311,-89.56311102183629,0.9641755353162808,0.13105040049413771,-0.1006530979185869
HDOK,PLOK,17472,39,39,-89,8,11,2,33,-87.29120886287019,-87.37649770186947,-89.51690122839878,-87.01334949007193,-86.86227484673938,-88.6243012536663,-86.57210447164061,-89.49631771964184,-87.98719389471111,-87.71483736002375,-87.61492705699091,-89.23758700768977,-89.62808646212478,-88.64440862477342,-88.08719826862055,-88.44250812029586,-87.58941772419085,-86.86320022673365,-87.30509061243755,-87.47149513901059,-88.42097952913132,-87.58721599681246,-88.45734825736027,-86.51251271036837,-88.00198512995775,-87.1855362597594,-86.48061064286578,-89.13693544794361,-88.8004966421282,-86.27059319718185,-87.30247088656775,-89.00122101202028,-88.23974113397306,22,-87.90110766419913,-87.71483736002375,-89.62808646212478,0.8869930186957666,-0.17377888889834794,-0.9424330139821473
HDOK,PLOK,17472,39,39,-89,8,11,2,33,-87.06114554827374,-87.79877467134335,-88.11069694101995,-88.64181148772033,-88.16943810876731,-85.71955502788356,-88.70965254339397,-87.27898260063182,-88.74992653547896,-88.18804107479858,-87.36338495168363,-86.71335988337154,-88.35904843256459,-87.87541251666886,-88.30537185884529,-87.95013314057857,-86.98717424945445,-87.64488736094339,-89.23287078945945,-87.02880650821355,-87.98966469513866,-88.25067903361338,-88.2012455328069,-87.44803620556735,-88.29592384508646,-88.2582125192837,-89.04746900994394,-84.8350793700787,-89.12354768116731,-86.41636705392285,-88.53650012547567,-86.8787659645983,-88.0773740682566,22,-87.79537391927379,-88.0773740682566,-89.23287078945945,0.9008550955109277,1.1288146661786789,1.7131335743561054
HDOK,PLOK,17472,39,39,-89,8,11,2,33,-88.5781628575678,-86.25800219145553,-88.13658115196883,-87.35813092406649,-87.56598446995297,-86.98630516393666,-87.56991426002709,-86.6417447520441,-89.78048702303104,-86.89953037346277,-86.46421413979508,-87.45590720392069,-89.57516954113522,-87.06625245351896,-87.4357176228824,-87.68194789633259,-88.1796242971194,-87.42897248891187,-85.51133790835641,-86.60984212290819,-88.28320608086229,-87.17843981335733,-86.77288600552936,-88.6016422650652,-87.20745282469133,-87.76034564540467,-83.84029132526541,-89.31567327811892,-86.96407883172117,-89.68349154253346,-88.16729337237719,-86.5964046974678,-86.96979269672005,22,-87.47044930974266,-87.42897248891187,-89.78048702303104,1.4058605190635676,0.3410431378949852,1.7496028545138231
HDOK,PLOK,17472,39,39,-89,8,11,2,33,-86.88356768666802,-86.6891637089486,-88.83572137331093,-88.55959508158354,-87.81414033249473,-88.0174153356033,-87.00729123160208,-86.4109630213896,-86.72133550928602,-86.9113632197431,-87.64598964621256,-87.91878333402624,-87.70383593775358,-88.02166355970378,-87.82103212475982,-87.2612140841763,-87.65087884684219,-89.38070160433564,-85.99487392788974,-86.58052775892,-86.8338354009869,-86.33444526002971,-87.1068571371527,-87.03449732882457,-88.67110813357594,-88.61619286769712,-87.22589115518157,-87.95296002739916,-87.65507628634775,-88.86301529565617,-89.83974197447776,-89.76029633765963,-87.78896055636743,22,-87.68221015413958,-87.65507628634775,-89.83974197447776,0.925991365843456,-0.5220476178476872,-0.24949381327509768
HDOK,PLOK,17472,39,39,-89,8,11,2,33,-86.83435352307468,-87.45053652241194,-88.10381187751517,-86.3874544857341,-86.88059164708176,-88.72579520504208,-89.14450544551916,-87.84138667907204,-88.46832548460378,-88.45150559164226,-88.69136161669674,-86.45704823084215,-87.77016189828747,-87.92804259359517,-86.70166738665937,-86.6538798260929,-88.27575512845296,-86.63942406292752,-88.00449459522065,-89.19821641058772,-88.36564895332576,-87.70235316507457,-87.27916442100987,-86.15461716188325,-88.06384983746683,-87.85939818809189,-87.4117660797907,-87.14594260210144,-85.64268762820646,-86.3922176557356,-87.60184443807617,-90.0951639957135,-88.18294092757108,22,-87.65169434136688,-87.77016189828747,-90.0951639957135,0.9561789578083979,-0.16145638424853684,-0.10659792700943438
HDOK,PLOK,17472,39,39,-89,8,11,2,33,-88.58782884679096,-87.48053220410787,-86.88010146217827,-87.90023097763752,-87.07165657810762,-88.74031342474646,-88.35073788560248,-87.6197387929253,-87.3862751466058,-87.855073042767,-86.87123266497274,-88.3746271635263,-87.23692602870821,-87.5745832393202,-87.22311998290505,-89.23184701284629,-87.95563751340148,-87.70615530985627,-89.75853392558713,-88.05046991312396,-89.07116821901842,-88.25560208812057,-87.93216723664986,-87.45400798720618,-88.8413099407543,-86.24051276333758,-86.60643604865847,-86.4632690060363,-87.79111355391755,-87.66887855372288,-87.10317976886382,-88.9205816442415,-87.63051514287851,22,-87.81316251724616,-87.70615530985627,-89.75853392558713,0.6620871117219452,-0.3091986865439624,-0.16679465968617802
HDOK,PLOK,17472,39,39,-89,8,11,2,33,-87.91110493364084,-87.1579026976002,-87.37214510296553,-87.0528040919295,-87.36391321981895,-85.95140755410522,-88.68011801237628,-88.38227378292876,-88.82369783716075,-87.30376012803235,-86.59422398284421,-88.61837805332782,-88.21026704020976,-87.7494983014163,-86.94738497865227,-88.87755106044509,-87.09524396656454,-86.88190312085197,-87.1197441580946,-91.30736926494102,-89.38815779079366,-87.60566198720399,-89.16621010937939,-87.16599601405802,-89.26594264003431,-87.70659340324694,-87.7958593782434,-88.38976754517842,-87.47371283381209,-87.8138022627696,-88.800980691357,-86.32772096263959,-88.07515852497247,22,-87.89018955853315,-87.7494983014163,-91.30736926494102,1.0874374175037662,-0.9408254768645664,2.0232079706558133
HDOK,PLOK,17472,39,39,-89,8,11,2,33,-87.69713832055528,-87.12142635758174,-89.16105680483416,-87.87624784748947,-86.3132669346655,-87.71230799147817,-88.52559125404227,-86.41547650250045,-87.97143071733946,-86.87727771392204,-88.43915461999892,-89.47496627933529,-86.64965220786446,-86.65446829432466,-87.80158909812332,-87.45076082060451,-87.59266250753615,-87.97739894563922,-88.92366491977975,-87.9035996360072,-87.81212911229639,-86.0068180183713,-87.79668653679187,-87.71202228611325,-88.00172434846179,-88.19177698182646,-88.03355136755422,-87.42451737226055,-88.49963678728545,-88.35325271710494,-88.21214907339429,-87.55457558410151,-88.42864492837901,22,-87.77474614810798,-87.81212911229639,-89.47496627933529,0.612239180842338,0.27945194582034266,0.1712422294859306
HDOK,PLOK,17472,39,39,-89,8,11,2,33,-88.13014235672449,-87.6395824989399,-88.55308322178149,-89.37455543265405,-87.04755437795322,-86.79316709027792,-89.71898837144954,-86.69613939374612,-88.40342771576674,-86.31655997194717,-88.17279945153709,-87.39484327494011,-88.70535306450078,-86.60276289632601,-89.10209392336562,-89.27765522922653,-88.55681283556787,-86.24363010946743,-89.14125697619093,-88.02412224410973,-87.54082197420053,-87.24467965655474,-87.10594682842786,-88.82323641911472,-88.78606672887346,-85.83696863766707,-87.14955379529701,-87.93690381732577,-88.0428921476302,-87.97189447924364,-86.9004669129874,-87.0835951613293,-86.3338238963975,22,-87.77731457247035,-87.93690381732577,-89.71898837144954,1.0370183721844206,-0.026990491880336705,-0.975195433624787
HDOK,PLOK,17472,39,39,-89,8,11,2,33,-87.54075754000324,-87.84163903473251,-89.15152481688055,-87.93787170105712,-88.69873638825483,-86.3475390315168,-87.78342261502102,-88.41534618815908,-87.66048492994103,-87.2516486357949,-87.8426562578867,-86.7701797048378,-87.72632650525853,-88.67142469814868,-87.68073329089106,-85.17192577628319,-86.2958971991776,-86.94823455046236,-87.35965589448416,-87.82881878005796,-89.10065159810823,-87.43550679711248,-89.33664882212565,-86.92781799963035,-87.92796675662387,-88.20456402631237,-88.70241374761284,-88.23222200682945,-87.87966885987511,-87.61212296210368,-87.79597478635365,-89.20769223848126,-88.59029344779808,22,-87.81449598750957,-87.82881878005796,-89.33664882212565,0.79486001425349,0.6442217748459177,1.109547163663152
HDOK,PLOK,17472,39,39,-89,8,11,2,33,-87.10875049231778,-88.39135563560771,-88.37070791766018,-85.94326076169294,-86.84341281728246,-87.11590536699906,-86.39199843980897,-87.2897340312626,-88.92368289045172,-89.87021957338466,-86.63902436009045,-88.44083135353458,-86.68600664234134,-87.57104717053087,-86.7092653601338,-85.85513575778009,-87.05135397326663,-88.42930872709141,-87.24454528564311,-86.98790000037344,-87.48969472835104,-86.88695322410699,-87.39299423772147,-89.44988933742268,-87.5012280412983,-87.340845865853,-89.27872532833742,-87.54037720088331,-88.05619641758466,-86.50746334261675,-85.50395423489668,-88.57051622707716,-87.87129006604691,22,-87.49253256998333,-87.340845865853,-89.87021957338466,1.0479632035495658,-0.39677496039683985,-0.13650900772103025
HDOK,PLOK,17472,39,39,-89,8,11,2,33,-86.17848323978889,-89.69900858880318,-87.34739347890027,-86.65133525853742,-87.64231548688326,-86.79641532490726,-88.74145811581754,-86.72069385311781,-88.27548785000477,-89.1294873864587,-87.53519130880197,-87.12787324527851,-87.05939929552483,-88.19233748997797,-88.3975764265169,-86.7346071093334,-86.85606815966143,-86.20648231504263,-88.28956253405595,-87.06804549397445,-88.985459206293,-88.42622872033445,-88.2488997634443,-87.50295066460745,-86.94754452095033,-88.14812018396825,-87.84095828324256,-86.42184310081544,-88.81685453179578,-87.7672536278835,-85.86828774362606,-88.59917149880873,-88.43461316464558,22,-87.65628505975158,-87.64231548688326,-89.69900858880318,0.9006495065059577,-0.054725313248619595,-0.8291576761569961
HDOK,PLOK,17472,39,39,-89,8,11,2,33,-87.27626257456185,-86.25500289887265,-88.62985207082816,-88.62637184888814,-86.76359618029781,-87.03833949783916,-87.72772169457545,-87.30634690550005,-88.46855871341715,-89.85829791437048,-89.39127833949783,-87.00361502764203,-88.78015729972859,-88.4678725247056,-86.62105554386802,-88.17091974503333,-89.07859014689704,-89.00707908292277,-88.5718535231367,-85.85723724039634,-86.30906727710158,-87.9266587126826,-87.23306347292043,-88.93698835048554,-86.8630664607242,-86.00612689237717,-87.87114966954412,-87.25723766681439,-88.71833620542917,-87.9318813947536,-87.59088513773538,-87.27653484163625,-87.6625693917204,22,-87.77222952263345,-87.72772169457545,-89.85829791437048,1.0182619464297242,0.017235799419376707,-0.7664215272356754
HDOK,PLOK,17472,39,39,-89,8,11,2,33,-87.80525709199328,-86.14928420491712,-86.88790935516987,-87.12408490669314,-89.11802323969948,-87.50645524835761,-86.40271262087774,-88.635558477302,-87.39311626871935,-88.86601187958635,-85.4937701178483,-85.02914701466143,-88.33550973305692,-86.53362983306285,-86.49389812426224,-88.0993957448283,-88.47411752462827,-86.932989704793,-86.66523152397416,-88.4124177681887,-86.51654688118775,-87.79292285656406,-87.8935332355995,-87.00627770052063,-86.75557911629377,-89.00623834868566,-87.36218293874711,-88.5018910372248,-88.3228957500977,-87.69940618598733,-88.60001129114957,-89.02727148361808,-86.77196281933712,22,-87.5034921220495,-87.50645524835761,-89.11802323969948,1.0740092090877895,0.3261990228507443,-0.5247097223122994
HDOK,PLOK,17472,39,39,-89,8,11,2,33,-86.37444979346064,-87.4608675037679,-86.90447745482426,-88.79657575017428,-86.46051456000663,-88.88451913171438,-87.75376775388209,-86.14033714733235,-89.0468204322043,-87.74022592447113,-87.51988583261802,-85.10885239344924,-88.05793935717834,-87.49412242442031,-88.114863901132,-88.01597952474383,-87.00738230294385,-89.3279064158818,-88.48827674215671,-89.89788203603003,-88.40964219600389,-87.62348906486062,-88.35482807540728,-87.6929000393819,-87.15726850312475,-85.93089730489183,-86.54203078924508,-88.93076035941615,-89.61856409195181,-86.61411054878512,-89.24802878845529,-86.52751916093119,-85.99200771957592,22,-87.67386948558858,-87.6929000393819,-89.89788203603003,1.3743909834926178,0.0707563484877208,-0.6847773639288155
HDOK,PLOK,17472,39,39,-89,8,11,2,33,-87.27581120315779,-87.53532908781021,-87.8806111771694,-87.27159709596854,-88.64765558190108,-86.72852332222597,-85.78643597610001,-88.4139722919599,-87.58114614730641,-88.9098137305467,-89.36274070348199,-85.65314286601773,-87.91360602198768,-87.37168236246127,-86.25895780164448,-88.88325980933304,-87.57333073865307,-87.4821875438449,-86.35267715000376,-87.88924189055662,-86.26669711788374,-87.7225761866712,-86.21517948024899,-88.12964542757788,-87.86705515830977,-87.66854359607444,-86.09670032830464,-87.54424473366616,-86.60737551153942,-88.6896817350221,-88.45872779121247,-88.17466907443472,-89.28233509443398,22,-87.56045920416699,-87.58114614730641,-89.36274070348199,0.9792937256659737,0.17553666671578574,-0.7030047714794323
HDOK,PLOK,17472,39,39,-89,8,11,2,33,-85.93103938723246,-86.9626611622681,-88.0319920963452,-86.59633792628642,-86.05503696980776,-84.4958034778514,-86.34956835518989,-87.55284221985887,-87.13148589218082,-87.84982217515609,-86.65420571672945,-86.51803566237301,-87.25605011790066,-86.26657704059204,-87.80049642329192,-87.49085581117888,-88.88668866167032,-86.25028203172928,-88.26820488646683,-89.06572795355973,-87.31617186671208,-87.25189534381424,-87.86123950829555,-86.34978428058719,-87.55960068481252,-88.90787207281727,-88.68605401073549,-87.99956230756874,-87.30393419812033,-86.76696115794745,-87.20859143994663,-87.85690039627025,-87.72131645240277,22,-87.27889689962726,-87.30393419812033,-89.06572795355973,0.9345257589294219,0.3918249733004448,0.7491293852674255
HDOK,PLOK,17472,40,40,-95,10,11,2,33,-96.27357290623502,-90.55297662575988,-92.54665584097883,-91.9970597748725,-91.91099826573678,-90.28735995093957,-91.84256739314148,-91.72949341766227,-91.48868429855261,-93.04956183913147,-93.46888329734908,-91.83555649129345,-93.77307917659222,-94.36981977267071,-95.48189328003144,-93.5117183858077,-95.72440021074942,-91.84026572650001,-94.880901175248,-92.9383107686094,-93.95487232338255,-93.74764880822627,-92.52163110412836,-95.24212676411156,-93.83070587050325,-96.75916666936322,-95.51809268277987,-94.44759778620102,-94.7770242970228,-95.87472616201845,-94.4559798022448,-94.88581347413091,-93.42651476326044,22,-93.60441391227987,-93.74764880822627,-96.75916666936322,2.717870522941968,0.08660468712430039,-0.7820456397203279
HDOK,PLOK,17472,40,40,-95,10,11,2,33,-99.17116929088021,-89.73347639548643,-91.93272075960351,-91.36477734755299,-91.52158696813589,-89.85501223961356,-91.91193104849285,-92.66193685248626,-91.02697418442538,-92.63951618242437,-91.5948520279559,-93.06726549816163,-94.63514034003029,-93.25529444487441,-94.61132470760184,-92.83360254554512,-94.06467353266339,-93.302902612491,-94.73208618986212,-92.57896024382165,-94.90445525360609,-96.46040122524329,-91.08209461311938,-94.40378966954408,-94.82461578497248,-94.10991934764708,-94.07823083706695,-95.31071865544506,-94.90123264354771,-95.62173980218626,-94.58248280584216,-94.25146181876079,-94.22725943691732,22,-93.49253349412146,-94.06467353266339,-99.17116929088021,3.6994396553547677,-0.34265851245029905,1.0403380518827148
HDOK,PLOK,17472,40,40,-95,10,11,2,33,-97.47433452240284,-89.50526067391448,-90.82630275982739,-90.46681489637076,-90.51160652618982,-91.54459765628793,-92.45191908708259,-92.51131466337266,-91.3410910584328,-92.15102459380324,-93.94041557282073,-92.94960803591418,-95.20190513135229,-93.34407301717398,-91.80001849616984,-92.27705205785851,-94.36954697728382,-93.23404868301544,-92.4963364720545,-94.99115881565673,-94.55808003637756,-93.40561648985201,-93.97661344150447,-95.77293186784227,-94.64723771231337,-93.78793097637912,-95.34977644154137,-96.12852229385179,-94.30674542183301,-94.94506970951454,-94.30087319641702,-94.26217364748636,-93.17233389775609,22,-93.39401014635311,-93.40561648985201,-97.47433452240284,3.1279849541259073,0.11117094950306015,-0.1630570503765849
HDOK,PLOK,17472,40,40,-95,10,11,2,33,-101.17442232576374,-91.71144244372502,-91.98796123156251,-92.2951934881147,-92.30236661053834,-91.90581618904815,-93.56975492631864,-89.9158642665169,-91.71568115786762,-92.60748440555092,-93.38091488910676,-92.77809191790132,-95.04362653000665,-94.18956390752639,-92.34019675779905,-93.80735983168053,-93.41442302037572,-94.49823889958144,-94.81355055065784,-94.20432504747441,-94.46083677839256,-95.21712981961234,-94.31579588456916,-94.80236645951774,-94.3493515354083,-94.7687595958439,-95.98397254464737,-94.82481106467047,-94.6888489921718,-92.45141731688344,-94.47896530646489,-95.38399354023544,-93.95749980876593,22,-93.8587886983121,-94.18956390752639,-101.17442232576374,3.4597213276510175,-1.4878708738030189,6.279536056211091
HDOK,PLOK,17472,40,40,-95,10,11,2,33,-98.79616604347596,-90.24117579792092,-92.57450869072375,-91.41150552912312,-90.47155227603544,-91.51334711478479,-92.35715333841722,-92.6370489023558,-92.07752533625974,-92.45429938790015,-91.78188704764403,-93.21100396977855,-94.00504951868118,-95.95715932530635,-93.3407373086596,-93.9127550220991,-93.45988751247023,-91.94664283130226,-93.97737645050225,-95.89877461628194,-95.22786079464272,-92.15774243729211,-94.16685117413357,-93.59566071513619,-92.77563561350665,-94.11573136120354,-95.49676671334215,-94.44594308528525,-95.45842759953197,-95.61798105417398,-95.90218488335992,-93.88493231426514,-95.27434627231526,22,-93.64077636478518,-93.59566071513619,-98.79616604347596,3.268334032928756,-0.4566549263249272,0.538852812504337
HDOK,PLOK,17472,40,40,-95,10,11,2,33,-97.39059621570921,-91.11607688098023,-88.8680735275494,-91.40466104744675,-88.87381751999385,-92.14312561909757,-92.54953459854113,-91.80538787902832,-92.42286037435368,-93.22255046593439,-93.67610457479347,-92.38047159395929,-92.44524440801382,-93.21682659912615,-94.07037247523708,-93.15497838969812,-94.57098773502845,-93.3700508318128,-93.11583246983017,-94.54738433429297,-94.31267900789605,-93.33350842645078,-94.08162803850459,-96.06644104646816,-94.03854398504718,-95.2927685822741,-95.28126211654714,-94.15249214007005,-95.22517710064652,-96.52081643297957,-94.3984504001807,-96.25930032427797,-93.33410608672385,22,-93.53460943116646,-93.3700508318128,-97.39059621570921,3.499278454648393,0.48501632892589225,0.8851212017425927
HDOK,PLOK,17472,40,40,-95,10,11,2,33,-98.63543946802403,-90.05542326224408,-91.24753761223077,-91.83474744560354,-91.58706734150564,-89.75132282990407,-93.68433221738864,-91.56324156647264,-92.92958400563053,-91.45950134505766,-92.62323019524044,-93.94228437370423,-92.33932200093055,-93.3914952731304,-94.32863766979496,-93.48075714446296,-93.92429303599663,-95.53242120100884,-93.9805109129359,-93.2865919791033,-93.76003817289372,-93.34736626840679,-94.10044870072115,-92.64512035520255,-93.08733552833128,-94.21543104744624,-94.13964950299435,-94.60040560447483,-92.8239759448997,-95.54486305142856,-95.89987184148059,-94.43788554346624,-93.564502320818,22,-93.38620105342223,-93.48075714446296,-98.63543946802403,2.848686336988223,-0.4388019672063154,1.9798715009845336
HDOK,PLOK,17472,40,40,-95,10,11,2,33,-97.03616193972755,-89.00244033374292,-91.93723785534276,-92.11095742948524,-90.463278387802,-90.44662251558971,-93.17955884863851,-93.38546542195742,-91.78657226257275,-90.2153046472214,-93.97854699122772,-92.62820190387272,-93.10063287125453,-94.06597791063865,-96.54119854377569,-94.31655828336568,-94.03282033579676,-93.13914759854191,-93.45752469777615,-95.5328403167896,-92.04550268558205,-93.69105067971935,-92.59320428593223,-93.74262429083973,-95.34232852928594,-94.92235603009962,-93.84782866909684,-96.3566239441167,-95.71962086202112,-93.63973601319353,-95.36158607727177,-93.89610985005942,-94.51063992722482,22,-93.51594730119886,-93.69105067971935,-97.03616193972755,3.3859421070412656,0.3653976354962773,0.11451672316898343
HDOK,PLOK,17472,40,40,-95,10,11,2,33,-99.49870034049069,-90.3996458757853,-92.08508424961695,-89.17986868555502,-91.25505710357912,-90.1090313633823,-90.6268471083618,-92.07090741066831,-92.91623115242392,-90.32264355539976,-93.50247455030909,-92.23528975468574,-91.53816408689747,-94.95847884092476,-93.83165308277752,-91.98165250472,-93.55180205688445,-93.55790956586678,-94.37340981423098,-93.12316636017596,-93.4747730611915,-95.59664959674075,-92.90378916628264,-92.2271563542527,-94.81845561422061,-94.74563056169582,-94.49235744727771,-94.22198317812328,-94.6415107222599,-94.57940661792863,-95.60285944314745,-95.14543372415153,-95.65182452638194,22,-93.30969234776938,-93.50247455030909,-99.49870034049069,4.201118809425077,-0.37782161856440677,1.1706691065229085
HDOK,PLOK,17472,40,40,-95,10,11,2,33,-100.25235085881525,-88.31103340725824,-91.11437065777031,-91.1529296560225,-90.45852891123745,-91.898482821154,-92.42969083407729,-91.26210942405643,-91.62452643377225,-91.51940489844556,-92.49486553589094,-92.52573943423099,-93.50338763503498,-94.26824745389293,-93.89677074046081,-93.36561506545286,-95.22496371845342,-92.92190108044512,-92.02227721191028,-93.01350746356593,-93.24691264998052,-94.86423713666198,-93.95665036091123,-93.77088354747978,-95.582055674598,-94.82923077483126,-93.15350874689608,-93.97976719966094,-94.80989048170446,-93.12117792742269,-95.10855256821073,-95.21220510409515,-93.21435666196777,22,-93.27606460837477,-93.21435666196777,-100.25235085881525,4.001465820477681,-0.7829418551066648,3.803095242391754
HDOK,PLOK,17472,40,40,-95,10,11,2,33,-96.82943689678423,-89.82662831424274,-90.53637720514678,-91.2077558564091,-91.46570248792109,-91.4311774822857,-92.43305206716381,-91.69227352225022,-91.43533442099026,-92.6304600248357,-91.49660029565092,-91.8089981934957,-93.94513958965933,-94.0076850256671,-93.0280932474525,-92.39787097224118,-93.54661078037773,-92.64648108008707,-93.73257817341332,-94.0077799568395,-92.31463189525248,-94.04079906562036,-94.50432397590228,-93.0394734199678,-94.30603203629042,-93.19459657534452,-94.0558458910096,-94.03479579674038,-94.52643347630577,-94.50988085509144,-94.4141298008683,-94.70498929409615,-96.54146290387509,22,-93.16040698725085,-93.19459657534452,-96.82943689678423,2.434270968881902,-0.1417859745845837,0.06891726319050218
HDOK,PLOK,17472,40,40,-95,10,11,2,33,-99.8208433395187,-89.83044566866448,-90.83825489868761,-92.79991752707349,-91.2781398472047,-90.88397951088479,-93.04120549129262,-91.1925225456385,-92.95411281033084,-93.73890486332456,-93.57724763462318,-93.07954403953069,-94.78103324278614,-92.09836691641858,-92.51927077794917,-92.09658473719583,-95.09032299861552,-92.25946849584531,-94.32889134119361,-94.9813540540931,-93.61566053493908,-95.376186158467,-94.69417494306211,-93.42092271062263,-95.500423708628,-93.6443007765546,-93.14066176988203,-93.2348239749966,-94.4299449300591,-93.5570019366058,-96.29959177997974,-95.72804750189223,-94.66666548157166,22,-93.59087324085253,-93.5570019366058,-99.8208433395187,3.523621051979189,-0.7873411809853053,2.427146465169169
HDOK,PLOK,17472,40,40,-95,10,11,2,33,-98.59607923345702,-90.65482875794483,-89.81218414373059,-89.16171405470983,-89.31235536392603,-89.51418518203614,-89.91188655863975,-92.81959621278513,-92.06873273880817,-92.28779421965152,-92.53343069299473,-93.45602198730191,-93.62782039644657,-91.0745235075255,-94.07608239891485,-92.22501859732022,-92.68467404436761,-94.75707635237701,-95.1478056943669,-93.45952211726879,-92.86286114661738,-93.91569438807215,-95.39083823180925,-94.62134376833312,-93.06386090229175,-94.50831796103667,-94.21489433803315,-94.94505697067112,-94.29377587198562,-95.32115193955282,-93.91152561903195,-94.09174445040723,-93.25692015542683,22,-93.07816115144973,-93.45602198730191,-98.59607923345702,4.193627795324409,0.09203325782805093,0.528749621653962
HDOK,PLOK,17472,40,40,-95,10,11,2,33,-99.18765996028618,-91.61796222546853,-91.32471839401435,-92.89261533005511,-89.90939879531552,-92.18005586187914,-90.87710348502382,-92.31544610879833,-92.56801929615756,-93.40120255049044,-93.35557676072898,-91.89234956054949,-94.83533023898333,-94.49229284068507,-93.12987476606868,-93.48775386480561,-93.78349045496489,-95.68532434947052,-94.01429986359238,-93.5012244911559,-92.9234138791717,-94.94351392674464,-92.68776438218907,-93.04752081680141,-95.35814955638673,-91.06625046271648,-94.02161614839954,-95.13354779463232,-93.60774800600133,-94.52001860032449,-94.47078562533085,-93.95714016044904,-94.43589125631883,22,-93.47348666102909,-93.48775386480561,-99.18765996028618,2.8506696776350102,-0.7689540960329858,2.8412419278778844
HDOK,PLOK,17472,40,40,-95,10,11,2,33,-99.04545192446,-90.90877664035281,-91.86227847357101,-90.89798114891548,-91.4288710454328,-92.18107077139044,-91.20529750890657,-92.2628176009166,-93.71816816991421,-91.2012255428386,-94.49677811792958,-93.50278127500468,-92.91427989664443,-94.28739126188736,-93.62324869824293,-95.2257188602372,-93.31645018299619,-93.48201159983229,-92.94740493318163,-93.58601946035225,-95.02571538436388,-92.98346920362216,-94.62024603534071,-95.38724914939903,-92.79127082270814,-95.30702056149026,-92.98778387285256,-96.92446763046662,-95.17183271043174,-95.35414353994383,-95.85247836461761,-92.5807247760185,-94.19677377013664,22,-93.67506663437572,-93.50278127500468,-99.04545192446,3.2008371982565826,-0.6942822823247935,1.0083679361992464
HDOK,PLOK,17472,40,40,-95,10,11,2,33,-96.89110008712703,-93.32610936427199,-91.23806666592037,-92.16550943579581,-91.128331920086,-90.7747265114649,-92.04120838406715,-92.62481262789422,-92.16729055896234,-91.72948077993946,-92.374899181808,-93.39920534850482,-92.43906807539418,-93.32723623186378,-93.25696904107009,-95.87742401344896,-93.06446456754504,-95.10015209360847,-95.36959704321399,-94.98729719616504,-93.04559223038717,-94.6988486083595,-94.23833545157494,-94.95658349696396,-93.69253736169348,-93.50366061409558,-94.51901759683741,-95.74996575804188,-93.57732487582238,-95.22819179467531,-94.27312710877389,-93.90841085043759,-94.05432321211362,22,-93.59784448751297,-93.50366061409558,-96.89110008712703,2.1236636762608656,-0.07436045463964822,-0.46426523449625057
HDOK,PLOK,17472,40,40,-95,10,11,2,33,-98.85955746833731,-90.97645576986866,-91.64078161923292,-90.53160433505383,-91.76427607060079,-90.32261878258007,-90.65019800946648,-92.55336970789881,-91.87805384762417,-92.4971995886331,-93.42314738761912,-92.82064395996085,-92.3061471385706,-92.63670259499416,-93.6637745198675,-93.04796720126352,-95.15285077091309,-94.74002145986645,-93.13099814331642,-91.6891958385973,-95.47676665943615,-93.10953396485246,-95.77467755048502,-94.16067426155391,-94.67878055937182,-93.73436195790799,-94.17221492730651,-92.77088852791152,-94.40969718209945,-94.14341634878632,-94.99818418079641,-95.25775345054524,-94.9277994054343,22,-93.39091858153795,-93.13099814331642,-98.85955746833731,3.1514474087372384,-0.5933482311081978,1.2187822429659394
HDOK,PLOK,17472,40,40,-95,10,11,2,33,-97.21152827089865,-90.23330242864193,-90.57363841477482,-90.3733027473193,-92.47976951436002,-91.03833160104512,-92.12021077556957,-93.51170788477127,-93.49821556967481,-92.6719664873238,-90.07745510763162,-92.18391843165249,-94.53788590525173,-94.09986386909152,-92.79098471989008,-92.20162672198124,-93.43242240121631,-94.65698650693773,-93.0735538385211,-93.3537771474635,-94.145410383669,-95.4756295182948,-92.57918948119037,-93.50654886455875,-95.33342374355578,-94.77706233729799,-95.25532877283877,-95.72600743363617,-93.47912108725208,-94.2199195335779,-94.4922119840979,-95.42128229122385,-93.47431636213643,22,-93.3941181859802,-93.47912108725208,-97.21152827089865,2.8520041592613348,0.2004110968865862,-0.16225105760259684
HDOK,PLOK,17472,40,40,-95,10,11,2,33,-99.99577905227243,-90.95515645561419,-90.65140226420426,-92.5644219863904,-91.97663968740355,-92.73304215170674,-91.86063054086941,-90.42544310632319,-91.36119493507577,-91.27663334709831,-92.5473699509735,-92.45412341840692,-92.5069870466407,-94.20577394369437,-93.21087367319444,-94.24273884607688,-94.63971964003898,-94.39785510172315,-92.08198376898575,-92.98668326073198,-94.72702447620226,-92.75738937390454,-92.9521095514239,-93.61531062365046,-95.80397372286605,-93.33687374840422,-96.31423844769141,-96.42591260332672,-95.58921808755133,-94.87257470871711,-94.15124255307971,-94.59682084370587,-95.73993151917749,22,-93.57445674051894,-93.21087367319444,-99.99577905227243,3.867427820489487,-0.9575603481624566,1.8884618367812256
HDOK,PLOK,17472,40,40,-95,10,11,2,33,-98.73468888112463,-88.77423504263658,-92.24337046280016,-91.79284760442803,-91.31752617794632,-92.46822680973725,-92.24744588738727,-91.00938640376141,-91.05758913196314,-92.74705477662759,-92.63719525018168,-93.92568847693259,-94.02403843993683,-94.05266638199393,-92.89006027235575,-92.4846427543313,-94.47884580420973,-95.81670372526432,-94.33135296402796,-93.10671420615112,-94.30565055860785,-94.50847258045135,-94.54330620726674,-95.00106793546851,-92.38500417449809,-94.46391965097534,-95.17023605121574,-93.74292893772271,-95.48761056795256,-94.05447237250979,-96.37443020333362,-94.03000610379765,-94.50059239338295,22,-93.59721143002973,-94.02403843993683,-98.73468888112463,3.2715036737538346,-0.05933478330218113,1.6189444820541676
HDOK,PLOK,17472,41,41,-92,9,11,2,33,-89.52121994346193,-88.83221960407516,-89.29749580679356,-89.06677370356797,-90.7621583254005,-87.36888604613743,-89.28697850481586,-87.00813253403696,-90.53089728060068,-89.79337205249458,-91.07250296390531,-91.0087606988532,-89.48674623319505,-92.09683303466826,-89.69049080098603,-89.57552719203711,-88.94569850397014,-88.70621261466378,-90.62938128534215,-92.04490561932931,-90.70904084537739,-89.97477933302973,-89.45406518400706,-89.63677849638374,-91.27055442255796,-91.77527119932981,-91.25154222462035,-91.06411809816419,-92.16570382618482,-91.45665205311218,-88.52355739406848,-91.72860460161974,-90.21232872750359,22,-90.11964209558464,-89.97477933302973,-92.16570382618482,1.6564584189585057,0.36430548175086075,-0.21608053153680018
HDOK,PLOK,17472,41,41,-92,9,11,2,33,-89.38762759566228,-90.1898581253412,-90.49224463484343,-89.4864227816607,-88.4760108272851,-89.939555502508,-90.54932764290474,-89.84353380311269,-90.331899211251,-90.13365161142735,-89.12368024632336,-90.9183428905877,-88.92334279367263,-91.59052785921664,-91.3735712936751,-90.85840449173725,-89.39846909858684,-91.69368994336035,-91.86252250004763,-90.76751287591765,-91.13822496422354,-91.15689203353455,-90.21927899138204,-92.53217825291632,-89.40312836558105,-90.09950909321554,-89.43678281265173,-91.82490219421136,-92.07704895484869,-91.97177514803704,-92.28991491941935,-90.88243371305688,-90.12210732900463,22,-90.56043553033955,-90.49224463484343,-92.53217825291632,1.0876339085440576,-0.061704000567775745,-0.8591102089995819
HDOK,PLOK,17472,41,41,-92,9,11,2,33,-90.835960771167,-89.33309193138068,-90.35908254619761,-89.5710027810063,-89.34600875930579,-88.105346570952,-87.91195191614779,-90.28342571715403,-90.62300757139296,-90.0552773299791,-90.95483304744734,-92.9867190576267,-89.33835145794703,-90.49192217270165,-89.4594847050487,-90.76468338950477,-91.86792496761463,-92.81653797663412,-90.32308022292641,-91.02943906905223,-90.99417382564931,-91.28746969413041,-91.35991119128624,-91.0104879565183,-91.87669714196426,-90.42340139300795,-90.35648336130694,-90.13586642276248,-89.26397989893367,-91.93954308852776,-90.77825351286977,-91.48608290565794,-91.57447671175626,22,-90.57405936562297,-90.62300757139296,-92.9867190576267,1.2837992631685822,0.20309991910528638,0.37008759250532686
HDOK,PLOK,17472,41,41,-92,9,11,2,33,-88.28860339069222,-87.17379457496243,-88.3246655030682,-88.87634287355051,-91.98720857993816,-89.12423507567416,-89.43135581952679,-88.35490750380019,-90.17159980566949,-90.56218560124658,-90.38558884316241,-89.95310475392701,-90.68653276710393,-90.51281665247868,-90.29698818693994,-89.48252153679933,-91.79541070333583,-91.27527270535255,-92.48997716541724,-90.04900985507193,-92.17487387462006,-90.63909037473324,-91.54790911523656,-90.94743958370752,-89.62147515305531,-91.27929961398114,-90.80443868950675,-93.58343204744358,-92.4344122169445,-92.01308655526951,-92.14413639068984,-91.13628871940183,-91.74034408763875,22,-90.58449540363473,-90.63909037473324,-93.58343204744358,2.020986852872973,0.30905878700053446,-0.15386215386996627
HDOK,PLOK,17472,41,41,-92,9,11,2,33,-86.52197683295336,-89.28652438111787,-89.88591823153942,-88.06667628427311,-88.13217265545478,-87.91325248034337,-89.32283053690965,-89.27548177690792,-92.26530743064777,-90.22692896562486,-90.42955105776831,-89.96741215852697,-88.94005884161795,-89.90567176601657,-90.79977112692393,-91.28070836011395,-91.04234479703355,-91.23932742822524,-89.71007443224042,-91.0858016315602,-91.31739097316742,-92.27528334495707,-88.78952355496602,-91.89499162470395,-89.72486911073221,-89.92436628584014,-89.56053411731067,-91.80640613654316,-92.12163566295145,-92.8259937523475,-91.62680837010721,-90.01634634841646,-92.38605098751945,22,-90.28993913470794,-90.01634634841646,-92.8259937523475,2.163920054481756,0.3647690728309071,-0.17648597242393738
HDOK,PLOK,17472,41,41,-92,9,11,2,33,-88.75678378316236,-89.78196907878221,-90.23477025822582,-88.42196055886414,-88.99875108471514,-90.63834079019811,-90.44659358215972,-91.04996165854308,-92.63441944512743,-90.42618595688378,-90.07145926334252,-90.22806306141152,-92.0815151811939,-90.98480959162926,-88.79737757208447,-90.90353744869348,-91.08209373813064,-91.79543859153858,-89.96814869364192,-89.96924705833662,-90.76957107077197,-91.43113744405996,-91.07881836488728,-90.69310742953509,-91.55391906369724,-89.89497643278133,-92.2097032892466,-91.726077383639,-90.67903374574045,-90.76059036906624,-90.9854212697097,-90.5504482829171,-92.73467449917223,22,-90.6769365164209,-90.69310742953509,-92.73467449917223,1.0676805977010206,0.16551988191521677,0.03710747144601134
HDOK,PLOK,17472,41,41,-92,9,11,2,33,-89.64726289147502,-89.79213676032461,-88.04821123006427,-90.33058079849579,-90.7028216518068,-90.46729822882895,-89.07531000534256,-90.2180574405411,-90.11428410960954,-91.57563997206688,-91.41647565142586,-91.03415620734972,-90.21244265926882,-91.03411098135332,-92.04590541816559,-89.87366441771884,-89.10514735533437,-89.97140617591344,-90.94631418061687,-91.11304467550862,-91.80863078307446,-88.88015638141172,-89.98009122430864,-92.25945388375487,-91.25776816866808,-91.44105120659678,-90.35859512306473,-91.42138588427954,-91.26771300495557,-93.14544399119939,-91.25162607016037,-92.28770567024486,-91.79785632381699,22,-90.72368934929538,-90.94631418061687,-93.14544399119939,1.1882948496979822,0.2336708728689919,0.05759754600148126
HDOK,PLOK,17472,41,41,-92,9,11,2,33,-89.31489804746808,-88.87384056542668,-88.23594823069195,-90.26957981817223,-89.69802489176632,-88.43615901210579,-88.47102111569428,-90.43824546504227,-90.787608283579,-88.49735501434873,-90.13350775691995,-90.4359255123349,-92.13048611944282,-89.25812875772553,-91.76309336963105,-91.48713677429855,-90.29957468633596,-90.9655263296567,-92.58052326412391,-91.3395975003273,-89.86450696680484,-91.48611139702335,-91.25738365650346,-90.0828371993796,-90.2979464951183,-91.78802647613087,-91.26979968431678,-91.9246433969824,-93.01972090152591,-90.91014908796832,-90.26133423077515,-91.45751534465109,-92.2523374051099,22,-90.58449978052671,-90.43824546504227,-93.01972090152591,1.5550235288691783,0.20294550027155633,-0.6588411914284036
HDOK,PLOK,17472,41,41,-92,9,11,2,33,-87.78646411040097,-90.32528906780391,-90.20502420681999,-90.36399397219006,-86.7773253021817,-89.89260039824768,-90.7319706085879,-88.95390926631651,-91.81036659199279,-91.19771095833664,-89.79712698870043,-90.33287213113435,-88.63183811414228,-87.95571415545606,-92.29888682358788,-91.26919627104762,-91.29990820437077,-90.78541979012262,-91.43776852282109,-90.90295801374513,-90.8164024228138,-89.87581741173894,-90.72383399076429,-91.79886318199385,-89.89169986397705,-89.91193967893113,-90.17126135460825,-91.08109037566355,-90.05004662039332,-90.82912413542398,-92.23469668941021,-89.52949304067342,-90.66316469211812,22,-90.31314475625808,-90.36399397219006,-92.29888682358788,1.4841051143760366,0.9648294932436989,1.2635107651950128
HDOK,PLOK,17472,41,41,-92,9,11,2,33,-88.89312880647356,-89.88583406827452,-89.70180827614293,-89.972320032219,-90.02059125951568,-90.75269093511547,-89.27004003455595,-88.42016792886203,-91.0552237724036,-90.11737962880532,-92.0872238237999,-91.29028974996878,-90.44412923045428,-89.95901348694261,-90.17090981583593,-89.98805953816013,-90.37661655929404,-91.82953037522583,-89.63516747299442,-90.19650291527783,-91.5886069360324,-89.16209802437857,-91.8007521289093,-91.47560428412412,-90.89703424685656,-91.00306248888094,-89.92664420514039,-90.66122179812483,-89.47363035224896,-91.4030057958135,-90.86699574508405,-91.058372827548,-91.91899921358788,22,-90.46371684112275,-90.37661655929404,-92.0872238237999,0.8352805964850338,0.09433159255775143,-0.6084468320293381
HDOK,PLOK,17472,41,41,-92,9,11,2,33,-88.67507703328738,-89.89491350527474,-88.76492579805242,-89.15384187274279,-90.21473443921346,-89.3019470879541,-90.88810938953326,-92.18597327476276,-89.70008587322569,-90.76247748869241,-88.77957027060496,-90.9740195253256,-91.39392440357244,-89.44334474840782,-91.91380417537033,-89.85415111281009,-90.92831870815682,-91.7888743220669,-89.00236180713863,-90.68142006377897,-90.9040876146831,-91.6530359593763,-89.87863443256917,-89.95589047354808,-92.16301810640068,-90.56381615959664,-90.49284990165336,-90.27602605221078,-91.63049510515938,-91.7180393424722,-91.11720351116908,-92.18473185364388,-93.95021881238507,22,-90.62999764317695,-90.68142006377897,-93.95021881238507,1.445346004756326,-0.38530676279468373,0.16658518691923385
HDOK,PLOK,17472,41,41,-92,9,11,2,33,-89.02239345957993,-89.39752784891783,-90.52483220521471,-90.2348655900818,-89.79427791420319,-89.72031133101349,-88.25389073439189,-88.73496453020508,-89.09320865863117,-90.55666422411002,-92.29309983835873,-91.42077785287421,-90.21981143042734,-90.18290596916644,-89.09580985770305,-90.66877098721866,-91.33593337749798,-90.72474943653305,-90.44778949189983,-90.77761104863129,-90.46043728606068,-91.74757042399743,-90.98744254129099,-92.88343192562085,-90.7352024328764,-89.9376390728794,-92.80131780896104,-91.98801518401709,-93.79726242259946,-92.15894350059071,-90.97229732333065,-94.08175990179703,-90.32022184485014,22,-90.7688405289555,-90.55666422411002,-94.08175990179703,1.8627633794751703,-0.5807392037775363,0.1990901394029434
HDOK,PLOK,17472,41,41,-92,9,11,2,33,-90.07080468269112,-87.69129140166983,-90.86067797834728,-90.93640613072634,-88.92942705324909,-88.65592331937712,-90.54953251824442,-89.2706348225493,-90.07099769521085,-89.63565350135292,-89.9050308266409,-90.8397402662365,-90.99844982945329,-92.55864890878668,-91.05531617994592,-91.08256225885825,-90.3109592121274,-91.42191942532644,-91.13814815175472,-91.4528121499176,-92.06385178015556,-91.92693571282626,-91.65204654553048,-90.34799520536457,-90.94191351706924,-91.04929878147007,-90.52504352409777,-90.27032348634411,-91.00410613539341,-90.20755293255586,-93.00731976603134,-91.10816709106027,-90.15886868929243,22,-90.6575260448381,-90.86067797834728,-93.00731976603134,1.1268606398707444,0.45256753963465307,1.1603264776668802
HDOK,PLOK,17472,41,41,-92,9,11,2,33,-91.1217509838313,-90.17278153367975,-89.76298638985679,-89.35209287755777,-89.52121023902873,-89.1889680823343,-88.14740238565246,-89.37181593937882,-89.51160386577696,-89.88142700640816,-89.8573027049627,-91.36991281135361,-89.76346264024363,-90.28621060702524,-90.62153370080341,-91.19091244601283,-93.79204683655234,-88.99597800001236,-89.45932062669502,-90.5623816849378,-89.90821058692966,-92.13362489613972,-89.383073574381,-90.49501770450989,-91.15220341904302,-90.7325739370926,-90.9852552519916,-91.5122528839331,-90.67837389152865,-91.02577831947893,-90.48674425278935,-91.63623899659902,-90.28552479223524,22,-90.3741204202653,-90.28621060702524,-93.79204683655234,1.1140538214232922,-0.8283679374525379,2.0725791066092945
HDOK,PLOK,17472,41,41,-92,9,11,2,33,-88.9714781535769,-89.14209569703311,-89.15434224850429,-89.85782762357125,-90.98497745041028,-88.26379700870721,-91.67760067858559,-89.94995215214445,-90.83933887242696,-91.93750976534822,-90.37092006932856,-89.30199481667671,-89.83446678314058,-90.56662389471856,-89.95489072884457,-91.430587022068,-91.14241101998317,-89.91780099488398,-91.88410755492438,-91.99551648814071,-90.63370392829641,-93.33671268674313,-91.49307385598514,-89.93976225755108,-91.23127189035903,-89.52440860033354,-91.41582428970075,-91.28863041924032,-90.97301063351829,-91.30748955731845,-90.13311625318035,-91.95780380109912,-92.17817227897459,22,-90.68458240834298,-90.83933887242696,-93.33671268674313,1.2307909396866366,0.014284969454943272,-0.28712179707083463
HDOK,PLOK,17472,41,41,-92,9,11,2,33,-89.09630308312386,-88.11234727239514,-89.73668451541343,-90.12536153421284,-87.51993932778788,-89.69670939692183,-90.11353795426227,-89.95117005674201,-91.34299376796534,-90.19436945917506,-90.41347016374728,-88.70397024641689,-89.61039984262807,-92.32703150248115,-89.86750987277524,-91.10805166077016,-90.32907136835,-90.65261605732358,-91.45043992245931,-89.8744859345581,-89.24798226583594,-90.32675440016521,-89.27489409039782,-92.60210870706246,-89.93502276165786,-90.6673173510371,-89.78670939200211,-91.032644233117,-90.13517186960777,-91.59608358734549,-91.0078450728586,-90.73586529948413,-91.6960907224679,22,-90.25063493007724,-90.13517186960777,-92.60210870706246,1.1617594974425833,0.1500630178164714,0.584683553414953
HDOK,PLOK,17472,41,41,-92,9,11,2,33,-91.07026185429932,-89.95886664052809,-90.9823248813031,-88.33147183257852,-88.57509564952073,-89.57098157265939,-89.44645871373271,-90.54937517790218,-90.32551004517754,-90.02660550542865,-90.64790208130351,-91.74758365939788,-89.78187114843054,-89.96157438946612,-90.17201222818886,-87.8207064150208,-90.00812307172563,-90.27243066396092,-91.92342811082713,-89.21455418924116,-90.18856876652266,-91.24762526794854,-91.69677420062521,-90.49468582535994,-91.87044395522956,-91.56591664540926,-90.96760836382049,-90.24922976431883,-91.63697301672308,-90.98430509986854,-90.38495533632407,-90.23397101545044,-90.4187303200154,22,-90.37354319419116,-90.32551004517754,-91.92342811082713,0.9577290639895966,0.5728254826717554,0.4347659735695779
HDOK,PLOK,17472,41,41,-92,9,11,2,33,-88.52544442179264,-88.52180620492358,-90.39684088869457,-89.45535280195743,-89.73708772796631,-90.80750238927877,-89.23479602187018,-90.45204960859049,-90.4386960252147,-92.36372698041522,-91.56085383565275,-92.26168343506446,-90.59980788247587,-91.09920320742971,-90.48173872768277,-89.7928451971474,-88.87817028269492,-92.35692006609865,-91.02775816819991,-93.11544221871,-91.57075174521898,-92.80096012220444,-92.0109327359388,-89.92418787490692,-90.48527204506631,-90.52528583047139,-91.435357424621,-91.5923020333233,-91.1290148375906,-91.20093805645182,-88.25782451007093,-93.38845426895243,-91.79294029819141,22,-90.82490751135968,-90.80750238927877,-93.38845426895243,1.7132315341723325,0.10931671490305396,-0.4960202487207117
HDOK,PLOK,17472,41,41,-92,9,11,2,33,-89.58274256479784,-90.03429416742128,-90.26009078344825,-89.99656835342512,-90.00252176871282,-89.69363027155842,-89.40673404874676,-90.91727068436323,-90.61217560377645,-90.38778151503475,-91.1601138171091,-91.01914226788804,-90.23809255019984,-90.55982997860774,-89.80504919677757,-89.33368963450353,-92.1916460819925,-88.9386250466984,-88.69905346763196,-91.45971770950256,-92.27037615037217,-91.86416346940075,-91.03219980646746,-92.25347360442863,-90.83315846064309,-91.19532238571882,-90.15464720087645,-91.2606578251784,-90.54893875480283,-93.0333468436845,-90.70425124938092,-92.48551233946773,-91.36890019492553,22,-90.70617326659222,-90.61217560377645,-93.0333468436845,1.0650925803020164,-0.25409018190954913,-0.332572457107863
HDOK,PLOK,17472,41,41,-92,9,11,2,33,-88.46099576503948,-89.9456195899664,-91.02542411008355,-89.3211047499397,-91.62640654485385,-88.9267897758323,-90.07133428275787,-90.08613180131285,-90.76864048369431,-88.29961068461878,-89.35744553666056,-90.330995753449,-90.90624210968596,-90.76118906443135,-91.00704278424728,-89.83206997806947,-90.7061246111607,-90.93581844113199,-89.73443381789056,-89.52531131572235,-90.65065458868868,-90.49636260165545,-90.32410342915249,-91.26747841328549,-91.72362036173953,-91.32272673218878,-90.75879462610098,-91.27772754703102,-93.21004329419942,-90.54264451405231,-90.36967921899004,-92.1217273925937,-91.80883875119301,22,-90.53039795973996,-90.65065458868868,-93.21004329419942,1.0408116186101477,-0.010485983739401229,0.6531612617393141
HDOK,PLOK,17472,42,42,-94,8,11,2,33,-101.7920485632679,-96.49564515250776,-95.7594243545123,-94.55120362950008,-93.68289443844107,-93.70913850724428,-94.51321669362028,-93.51306841092598,-95.87057715262762,-95.19137044378505,-92.48110385572795,-94.25765028227951,-95.02755875910789,-94.609535224355,-93.2329786540594,-93.9585795854735,-95.1878212391875,-94.61492949281822,-94.93359415901867,-93.40675103285622,-95.81516756857256,-94.3544652599065,-94.45486851831134,-95.31068478171831,-94.42271239006233,-93.92947512942064,-93.91315844016658,-94.61853471867153,-95.91786321655161,-95.15839978078778,-93.61637447206192,-93.26445147613812,-95.06588626827056,22,-94.74639792884714,-94.55120362950008,-101.7920485632679,2.3554562657817897,-2.9227351555602192,12.844209047628345
HDOK,PLOK,17472,42,42,-94,8,11,2,33,-100.33266053265697,-94.0067585407806,-95.23750818162623,-93.8254257099854,-95.41617700407288,-94.06366441489371,-93.75417545767483,-95.43684217185564,-92.41200821294439,-94.25690421105917,-93.64891980638211,-94.11112746229979,-94.20189237404774,-95.26834510226058,-94.08049971283786,-94.32874720159342,-93.26549744415432,-94.67175644917515,-93.23040050543429,-95.85082120911673,-94.15391870312042,-93.56755147034872,-94.30389300036678,-93.9640040443732,-94.5596802326162,-94.30652181473627,-91.78782829650832,-94.44390513068666,-93.95553234234112,-92.76073817388615,-94.34745163110988,-94.62996239868608,-94.5878442397488,22,-94.3263322176782,-94.20189237404774,-100.33266053265697,1.8176949023714792,-2.5097427654473834,11.458334400968551
HDOK,PLOK,17472,42,42,-94,8,11,2,33,-100.56287794043419,-92.33339618142138,-96.4917330400976,-96.4505957193559,-94.50352653770436,-93.51918149932611,-94.21964364763964,-92.41858169592456,-93.47226773116819,-93.94492317555971,-94.03524959105417,-93.27043402952162,-94.52406791986662,-94.00315879289377,-93.25863191640751,-95.61995789277579,-93.78262370595138,-94.11216401307769,-92.9654601140162,-94.39190884862622,-93.18178008793227,-94.93113784861826,-94.02331779459512,-93.40281162131176,-93.33540563107213,-93.68805393364184,-94.03670407774574,-94.14215586688071,-95.41706444666193,-93.30645606383,-94.18456499101805,-95.6011995551215,-94.41698255937071,22,-94.28933389304916,-94.03524959105417,-100.56287794043419,2.1695984638047827,-2.486744907894058,9.043025811971708
HDOK,PLOK,17472,42,42,-94,8,11,2,33,-99.26954916586776,-94.38476355440737,-94.60421309637947,-95.1805637532822,-92.41147205562939,-94.31505076150732,-93.48272431465963,-95.54364309800187,-96.51858897730027,-94.15059136719573,-96.16264731143497,-94.43409867556528,-93.80856060422332,-92.76703110582167,-95.77464390461502,-95.43082922062214,-96.04601386267716,-94.83397707639996,-95.33574592415012,-95.90938408638999,-93.10874749813509,-95.31341306363247,-93.36318608404947,-94.15178516158028,-93.78693556484436,-95.17522063333574,-93.86811426209084,-94.02122028545736,-95.80827185891624,-93.98496235738266,-91.4325064561799,-94.91161377948606,-93.43097766274091,22,-94.62791050254434,-94.43409867556528,-99.26954916586776,1.9891813424997677,-0.6766981741793312,2.506512545208851
HDOK,PLOK,17472,42,42,-94,8,11,2,33,-102.24616733586878,-94.73810959288043,-95.09996403508845,-96.6990601341823,-95.79829007104401,-92.97841667386109,-95.25489385767683,-93.95299857896312,-94.51630406155334,-95.05242195584836,-95.63911264702281,-95.2224289713706,-94.46648407157464,-95.54598616979538,-95.16865909639378,-93.60080150221584,-93.98452651589096,-93.8836788396916,-94.54552580856364,-95.02497776107413,-93.78894863312189,-92.45668772400494,-93.21502186422137,-92.76822281543895,-95.87507064538815,-94.4931749097838,-94.62079256646487,-93.72765658340772,-94.73798324618559,-93.8552260916459,-93.81103105342756,-93.17544174704216,-94.10785464282758,22,-94.66824000616727,-94.51630406155334,-102.24616733586878,2.7054133547981603,-2.961435708777487,13.06496147848795
HDOK,PLOK,17472,42,42,-94,8,11,2,33,-103.2905815686607,-93.01130671617852,-95.62033675302058,-95.51358865447085,-93.38141298528403,-95.44660432330748,-95.69236595247038,-95.04288607332118,-94.47931466093783,-94.53970422562966,-94.79865831846357,-95.33099060471075,-94.69090042659947,-93.86567812061809,-94.23224389275904,-92.74381677004848,-93.40761884109574,-95.21988856177802,-92.87952895805743,-93.88843628890194,-95.73413877525248,-94.66673162225635,-94.38645652451244,-95.33730873981025,-92.00857267261874,-95.08833424522871,-94.40610437074686,-94.98348123187125,-94.16732898132493,-95.60860762361914,-95.30772458651114,-92.46406112926186,-93.41144607658812,22,-94.68624725078533,-94.66673162225635,-103.2905815686607,3.332208828433906,-3.0656260179140604,14.589138042524118
HDOK,PLOK,17472,42,42,-94,8,11,2,33,-98.34547140957498,-93.93784898651143,-96.00973522678936,-95.10534708671119,-94.35997671224786,-95.11421610941204,-96.08634724066668,-95.25241423411309,-95.0680263604966,-94.13076105973255,-92.74528537522202,-95.94139758966682,-93.87455735837916,-94.11946255344664,-93.2813340109935,-94.98249679263125,-95.76790126206281,-92.80860867358834,-94.44538303224843,-93.8841799648103,-93.9308994419061,-94.6641264997463,-94.07957386343621,-93.317493566824,-94.86620857599682,-93.73483768135578,-93.64657294133013,-94.66556446602112,-93.83591529222775,-96.51517987134856,-92.84561168050375,-93.12602920854577,-93.54151636170677,22,-94.48576607546224,-94.13076105973255,-98.34547140957498,1.4360321415288635,-1.0462495264744738,1.7321178824458285
HDOK,PLOK,17472,42,42,-94,8,11,2,33,-99.59143614902814,-92.94164025050462,-94.08006051564011,-95.3963402315946,-93.7397137628857,-97.39504271297079,-92.73955425122404,-94.4478601817915,-92.99251702254864,-95.21277903027153,-94.16509700350521,-93.65265073827169,-95.53860404422355,-94.33231202151565,-93.94562662526646,-93.77002576160358,-96.15400139686831,-94.0143119813596,-93.99758022232585,-96.28609736725072,-94.48859817426144,-92.76398195779794,-94.00804958430433,-94.5811438502024,-95.3444057611467,-94.16408816815274,-94.63700269154899,-92.19175198200266,-93.3681897867754,-93.43772423551115,-94.42614170863861,-93.3802115072798,-93.88273402355352,22,-94.39597802126747,-94.08006051564011,-99.59143614902814,2.0149078301870205,-1.704376536274226,4.435511926809976
HDOK,PLOK,17472,42,42,-94,8,11,2,33,-99.88108548390719,-94.91710935044283,-94.90667049123691,-94.5044746642076,-95.0574670166858,-93.58845087341366,-94.41909551678958,-94.41876529223418,-95.7462923838845,-93.51180341017633,-95.57966327311466,-93.59113315965406,-93.28533292113212,-93.57301455810729,-94.65572689769587,-92.22151303826674,-93.10468209797679,-94.20107166687893,-94.09673451294913,-95.62885587603921,-95.49437192269166,-94.59924326294264,-94.23784710120069,-95.40586470737537,-92.50994607707555,-93.91209839641819,-94.80054910330406,-95.11318281657759,-94.37986928382301,-95.30506290733084,-95.35115185271611,-92.61767760681238,-93.0775474327922,22,-94.47555621078345,-94.41909551678958,-99.88108548390719,1.8057418719206924,-1.713696976094109,6.784192472170798
HDOK,PLOK,17472,42,42,-94,8,11,2,33,-99.60199191936292,-95.81273489130696,-94.04031302981798,-95.07495283238786,-94.48259108857307,-94.64367159399278,-94.26864704942365,-94.47867670749608,-93.91814696655918,-95.14960187697517,-94.54269096962497,-95.59599808756647,-94.90369934669202,-93.40531906399622,-93.79303478286243,-94.75020676592196,-94.89770294818015,-93.26190547160064,-93.10150934388953,-95.5790097275545,-93.09956174406103,-93.31072077321886,-94.82034426317405,-94.00970114601267,-93.4485041807145,-93.97009198421357,-93.04388998542902,-94.40158103292794,-94.82131583352033,-94.4611134764179,-95.04149291935013,-95.96672641190948,-94.95348389246566,22,-94.5651797608242,-94.48259108857307,-99.60199191936292,1.421772091681529,-2.1921369622368463,8.560873822955157
HDOK,PLOK,17472,42,42,-94,8,11,2,33,-101.42651374285572,-93.58691276385468,-94.80906229888265,-94.37560389694085,-92.71639142900545,-93.23409448334637,-94.6112140736366,-93.59896655815103,-95.85456626640345,-94.87569828178192,-94.30177521024717,-91.56761123435652,-92.92397093918291,-94.21472624242136,-95.01953613689905,-94.55145792326104,-95.07071773613059,-93.72583012994171,-95.61425770466553,-92.58736103425176,-93.93533807990168,-94.4435476287229,-93.67553839798872,-92.89421237391763,-93.32018451540124,-92.76500438654912,-94.69119729622521,-95.34841036048243,-95.01989307025462,-94.49309159825616,-95.65313357568422,-97.00519220412515,-95.16994792438055,22,-94.45699877266988,-94.4435476287229,-101.42651374285572,2.7517833352115826,-2.1506635029908763,8.527833555745286
HDOK,PLOK,17472,42,42,-94,8,11,2,33,-101.98980328029762,-95.00669929472683,-95.0908179662609,-94.23167619921675,-94.3769117312258,-95.26987885408269,-95.23738921628382,-93.73938183789193,-94.60667329970252,-92.66308367604476,-94.60373729439195,-94.13773268347613,-96.28139106358424,-96.19677298100541,-93.9945873382919,-93.9519157965193,-95.39915994039043,-94.11978604249201,-93.05408929272035,-93.90690603355792,-93.88196771928278,-93.84039012056449,-93.62911365994574,-94.31767274703542,-94.85977583855991,-93.91096978167907,-91.88382665828972,-94.98652512843063,-94.50603644657093,-94.66559322163513,-92.8286482897172,-94.20767619043178,-93.93261923686772,22,-94.5245214806416,-94.23167619921675,-101.98980328029762,2.5579107148256592,-3.044641687115874,14.036627979875474
HDOK,PLOK,17472,42,42,-94,8,11,2,33,-98.7431486804313,-94.95415723031684,-94.55632098527443,-93.32614141302899,-93.01304496594963,-94.60368555142264,-95.86775817997041,-95.55200599791591,-94.38542859765712,-94.66745008705165,-95.23255130750256,-92.38049359478268,-94.57080667325721,-93.30814398001017,-93.92049797215645,-95.4539768418902,-94.02645257365543,-94.52623579702113,-94.6482751174537,-95.69232678900644,-95.80280839294103,-96.27473871208052,-94.50322152391149,-93.27846926388128,-93.22133958862067,-94.01029787052374,-94.8583899709589,-95.21266816053878,-92.49468887863628,-95.1221710766492,-95.39651855290356,-94.12393428736915,-93.40466761192928,22,-94.57978230989993,-94.57080667325721,-98.7431486804313,1.4968049894490434,-0.8781604951037378,2.7037657594800657
HDOK,PLOK,17472,42,42,-94,8,11,2,33,-99.72754970942184,-94.69488266888581,-96.37511507219621,-96.219770303198,-94.91272687851726,-92.35143509262915,-94.09789258707717,-93.51906091409967,-94.75919017849625,-94.78343491465982,-94.80488413419569,-95.02697869453363,-93.9331487810319,-92.86982256866038,-94.30961041895618,-93.83947950517836,-93.95976836947406,-95.1521837051451,-93.76359461642123,-94.8010243606477,-95.25555431396543,-93.43127411469096,-94.83439648605808,-95.27561397371473,-94.42708667973203,-93.39326119763643,-94.25863881831019,-96.2892011314482,-93.00881517617402,-94.9904539906741,-95.0733906352303,-96.3096422644743,-94.12446341054836,22,-94.68404077776009,-94.75919017849625,-99.72754970942184,1.7295849301656758,-1.5927860538431726,5.37413476594517
HDOK,PLOK,17472,42,42,-94,8,11,2,33,-100.82265663146337,-95.30241884429063,-98.40215497410236,-96.27402121535808,-95.69242271179117,-94.46350770821714,-95.30428036783135,-95.12858468291985,-93.34737785258342,-94.18853617787646,-94.20667635362192,-94.4526310435112,-94.552078109451,-92.66793496009905,-94.12973066524962,-93.94895772216243,-93.63260288724217,-94.01013286484384,-94.51475737119316,-95.29899370970207,-94.85827966858825,-94.69392086619685,-94.72978174846423,-95.49488156835167,-93.82053509672956,-93.46200406526921,-94.44314126552307,-92.36317765736008,-94.27928574908016,-93.58729061352138,-92.53921077639427,-96.06297802717853,-93.31903646742519,22,-94.66648425526039,-94.4526310435112,-100.82265663146337,2.5263635005262253,-2.0128858158968463,6.25216253295215
HDOK,PLOK,17472,42,42,-94,8,11,2,33,-100.06902476606984,-94.20542217776664,-95.03970751407675,-93.39298457692979,-96.40973611883267,-93.92015832238172,-94.61880332894066,-94.79056406126054,-95.64560524010703,-92.25296488927955,-95.06409984822056,-95.28285964294278,-95.68767095555519,-92.41478272353535,-92.61168231325472,-92.95050144312489,-95.25682818875666,-94.42454055700972,-94.10320444823944,-95.62452656851966,-96.62635982645243,-96.808339869955,-94.19842504813325,-92.77440236037607,-93.68552742645245,-94.40392906711374,-93.5711412821925,-95.40236792054885,-95.20087660258048,-94.76189660840481,-93.66733237122197,-94.21612566373484,-95.45974722157379,22,-94.68309511980439,-94.61880332894066,-100.06902476606984,2.2465042657444685,-1.216200368319615,3.7050196754953606
HDOK,PLOK,17472,42,42,-94,8,11,2,33,-100.95151632735593,-93.82005026236487,-96.99187273639818,-94.74588190251299,-95.62740974748176,-94.50160118075843,-95.07025441944637,-92.78293216091146,-96.51012250308435,-94.93241930104286,-93.75951014822786,-95.46905920426636,-95.34101068016597,-93.42540491936813,-94.2020310829036,-96.84266898952973,-93.55565443912198,-96.64575065063758,-94.31552328502137,-94.44361700828429,-95.14578752006446,-96.00110536989403,-96.01542675869403,-92.90823492722164,-93.73522085853632,-95.0844331785996,-93.04237775251731,-95.30731372532118,-94.14257735290471,-96.02227763528907,-94.90275659867552,-94.40699579081603,-94.2341776503754,22,-94.99645382023617,-94.90275659867552,-100.95151632735593,2.34371773833859,-1.724208434889936,5.588401279784399
HDOK,PLOK,17472,42,42,-94,8,11,2,33,-100.45725235202308,-93.46824224526978,-96.40825337858045,-94.61864287978506,-95.01203160156382,-94.45993045139299,-93.61933394911824,-96.63148848603969,-94.59988491145889,-94.28335240333317,-94.31632060139427,-95.20424554215492,-94.77129678673155,-94.97734175312877,-94.1442156276128,-92.82144140919853,-95.7133785570627,-93.3048765055835,-94.53590984076465,-94.2206610449502,-94.43948907272825,-94.17491126182327,-95.38467052986454,-93.80560092238488,-95.91297861059233,-95.09361745221727,-94.88397041665766,-94.66228996625854,-95.24650240722956,-93.66442540342392,-96.34615682981297,-93.06015163973636,-92.88402351693821,22,-94.7614208592974,-94.59988491145889,-100.45725235202308,1.9270758175084248,-2.0663593961506748,7.46460142558643
HDOK,PLOK,17472,42,42,-94,8,11,2,33,-100.58407528384208,-94.40821176585536,-95.07112526326603,-94.07299616053979,-95.90450092657935,-93.17490837987349,-95.80956501433296,-94.95413961678531,-95.53266964260314,-94.06562168937346,-93.98158047536539,-93.89652427034719,-94.58026249540733,-93.31268997511812,-93.9602485259726,-94.62867396247893,-94.72852621706882,-94.11983062565878,-94.09692504778928,-93.62299233029081,-95.19119388145255,-95.07750516235183,-94.55090376211899,-93.93484928593449,-92.23917585833033,-95.42333322912754,-92.29591037327803,-92.53167133446802,-93.81527028294862,-93.26711185342512,-93.40394479847936,-94.01401874525921,-94.36256816531323,22,-94.38222801215257,-94.09692504778928,-100.58407528384208,2.0224254507959842,-2.4010080688723656,10.141210536481376
HDOK,PLOK,17472,42,42,-94,8,11,2,33,-101.12495443048284,-95.131609337025,-93.96842057253855,-93.24754858102898,-96.30799602734746,-93.75138523533394,-95.92264686359411,-94.94627752886075,-96.92930445669657,-94.5313091302685,-95.79627515959876,-90.9571492189781,-94.30277198150002,-92.89440308101197,-94.07163196673113,-93.4508170163995,-93.8882152169777,-94.9243612537338,-95.51335170037898,-95.04803656770228,-94.31609146096109,-94.06195937539549,-95.10800057909407,-94.42399001457261,-95.93608244331392,-94.6619662143551,-94.47189410034063,-95.0470352288043,-94.93439779076468,-94.22247350464758,-95.89748211314004,-94.51022178337624,-93.97558127048487,22,-94.79623155167998,-94.5313091302685,-101.12495443048284,2.4453803380365975,-1.6482391852436487,7.837301525195443
HDOK,PLOK,17472,43,43,-91,10,11,2,33,-88.61137068359749,-90.2780759451338,-92.37436429449095,-89.95227621103544,-88.8406874949841,-91.08622357822178,-90.23103949047467,-92.03251579496413,-91.1282390586859,-90.80428584739397,-90.86978008912097,-91.50103818697986,-90.72661822193733,-90.44787230753359,-91.26910080822974,-90.59431703475134,-91.02019842929627,-92.05526108202474,-89.58745383046802,-92.4083308526628,-89.96947251874498,-91.22651740962183,-89.9237458007246,-94.23803558507888,-89.65816201815029,-92.40766416066543,-91.4012935713363,-91.33305491102787,-88.7547835867379,-91.0068252288413,-90.95373131932662,-89.43888907368893,-90.18144386305232,22,-90.79735358451467,-90.86978008912097,-94.23803558507888,1.369042289118083,-0.4603999050909289,1.0323577096855625
HDOK,PLOK,17472,43,43,-91,10,11,2,33,-88.82805235494585,-90.21792200500612,-91.78123301699839,-89.72446444623019,-90.96343516319456,-90.4370205585303,-90.80154399071606,-90.8411889567439,-92.11442816988655,-90.77372090656067,-92.76109011683711,-89.50818095968334,-91.08652836641488,-92.15452734153774,-90.85489363402714,-90.35235716045705,-88.46387735126189,-89.7880890290582,-90.67745376825334,-91.22529676043055,-92.01804830049645,-91.71239498075337,-89.32346431346338,-91.56892740272177,-92.65016373639821,-91.86993568964107,-91.84081347920541,-92.115658473728,-91.7361268684718,-90.69621913809098,-89.83615292410542,-90.76490597422624,-92.46110157698362,22,-90.96815808833513,-90.85489363402714,-92.76109011683711,1.1715419118754902,0.4065709255334064,-0.4328237048627952
HDOK,PLOK,17472,43,43,-91,10,11,2,33,-90.24481485971889,-90.62299224904508,-90.66588008894365,-91.67228452564096,-90.43574092282111,-89.01183012810867,-89.40199506616844,-90.66337881742601,-90.6274044287654,-89.8910760579635,-92.70401873162301,-91.23849243628648,-91.17148758442303,-90.54985612884929,-90.94953802067877,-90.7603276024094,-92.1343395938673,-92.64009387029255,-91.0744291854836,-90.39997258137915,-92.60527985528554,-91.21821475554516,-89.34235483596827,-90.67267857425638,-92.17766385187156,-90.76245543795429,-90.3383024380566,-90.97665337884648,-91.79568940899003,-90.10853526753604,-91.3688697195322,-92.3748101645572,-91.46406518199102,22,-90.97168259849346,-90.76245543795429,-92.70401873162301,0.8539874206245792,-0.10275068098472775,-0.24073920542525862
HDOK,PLOK,17472,43,43,-91,10,11,2,33,-89.4718125505267,-90.9763741770259,-90.23443515454137,-90.93406293366188,-90.99454232169619,-90.21272403346715,-89.94290324862867,-89.18684762737577,-89.5171402482464,-91.38189650729637,-90.4993158264084,-90.634900262586,-91.31222323735662,-91.30694686903874,-92.28660993400702,-91.93082738290563,-92.60356314365352,-89.47663812102847,-90.33681668342544,-90.69712715134649,-90.270320311287,-90.2714535410944,-91.03825810287375,-91.91467105109164,-91.23036457200915,-91.07711899008794,-91.73450720416722,-91.4961418568732,-91.1975097189917,-91.83325488935104,-92.2645871847275,-90.02940443929133,-91.36331884878659,22,-90.89874600378347,-90.99454232169619,-92.60356314365352,0.7463987973689042,0.09767808695426641,-0.6224809597866474
HDOK,PLOK,17472,43,43,-91,10,11,2,33,-89.82891325091673,-89.56918690752063,-92.60298526496703,-89.7945438063035,-90.616398964992,-90.1576089085694,-90.32676246410954,-91.68932077753553,-90.85604760570884,-92.16169305057552,-89.96381136419869,-89.2575291273473,-91.70370889268352,-91.60225455325308,-89.61219891886972,-91.10898506887752,-92.02768672612102,-89.82841736936288,-88.60136962213838,-91.67738118455675,-89.27794998202548,-91.7378237334428,-89.41758710679359,-90.2811731954058,-92.14598805815778,-90.83625098019601,-92.08909849070314,-89.82419510383313,-91.41143071492604,-89.60681476105023,-90.36830926306654,-92.16813325665488,-90.97457606549992,22,-90.7007919557686,-90.616398964992,-92.60298526496703,1.1364528447375981,-0.04268290868581134,-1.2071708958062173
HDOK,PLOK,17472,43,43,-91,10,11,2,33,-87.70065616165049,-89.92566058188616,-92.09341172774137,-90.21922640865411,-91.7518148755002,-89.92026704825038,-89.82037504198921,-92.05518663121559,-91.9572773336269,-92.19964567347559,-89.39368103125999,-90.24004788672804,-91.8027585328217,-90.88090255952359,-91.26495636595466,-91.71918644683775,-91.63787253645927,-90.60483922418291,-90.4814203121554,-90.47436136896556,-92.09835385373813,-89.40857785387074,-89.46050310507299,-92.77957122498154,-89.13425589577484,-90.40798743609508,-90.20835470059836,-90.42970505393967,-92.77817045471606,-91.74414569049371,-90.32685296958257,-89.74811248982927,-88.6028156374866,22,-90.70518042772905,-90.47436136896556,-92.77957122498154,1.4733982753974224,0.23170674174457312,-0.38557225830570596
HDOK,PLOK,17472,43,43,-91,10,11,2,33,-89.17307699465101,-89.07113791335172,-92.55760565336098,-91.30977560220833,-90.36152389589769,-89.47453161262128,-90.99454923165486,-90.75400487363551,-92.88949597316845,-89.76602639518661,-91.4500539975455,-91.09925464402718,-92.64467591929031,-91.97987537474776,-91.87304537116978,-91.97514871071427,-89.68491308880868,-90.84686014000597,-90.58947884079387,-91.17786140767211,-90.4853297742084,-91.36438506846221,-89.07397445140087,-90.73354816089514,-91.93240899172443,-92.64267931070938,-90.41894267156339,-91.31179129769984,-89.90011308259683,-91.08454914228395,-89.53335659555691,-89.95386732545921,-91.12157329169237,22,-90.88573984256864,-90.99454923165486,-92.88949597316845,1.1284617616782,-0.035019186472005755,-0.7615676953088064
HDOK,PLOK,17472,43,43,-91,10,11,2,33,-87.9701336127337,-89.89281512226233,-91.61561831106629,-90.00935043224608,-89.33966801774736,-90.86035074207656,-91.81544304911102,-88.28161157738937,-89.71750517464123,-91.45074822585751,-90.48952087438884,-91.19690520983636,-90.33210749871846,-91.29989860869621,-91.09494136108854,-92.43128443776263,-90.25348073911609,-92.12695140764652,-93.33763055978307,-91.6091541462105,-90.90674880402695,-89.66233296256338,-91.20528097876304,-91.70639337808927,-90.37523047769497,-91.54852021602063,-92.84734160880538,-89.33063837650235,-91.31441539307725,-90.80910064581633,-90.28478583480931,-91.75349685633694,-88.47823347407189,22,-90.76811024590775,-90.90674880402695,-93.33763055978307,1.5160655230226625,0.3521896733795115,0.049693993725407726
HDOK,PLOK,17472,43,43,-91,10,11,2,33,-90.19968583609774,-91.80722669556421,-90.04185436793951,-90.49828484673155,-89.45627583998095,-89.07598058285771,-90.67919559918096,-90.93784616437947,-91.33188415413163,-91.71154657063578,-91.46629805364876,-90.80755965965184,-90.56639463671475,-91.70452565234812,-90.45796015690382,-91.84917301392345,-90.68464838050086,-91.90914921016294,-91.40475125890562,-91.11657935434124,-92.16159390614266,-88.49986703847848,-90.7756526867359,-89.33814626621681,-91.0865687586235,-90.4669824690841,-89.16498558376325,-90.65987944510874,-90.89838585909938,-90.81149065491739,-90.5575063079203,-91.7340774577351,-89.4086534895728,22,-90.70516999872724,-90.7756526867359,-92.16159390614266,0.8169153389823008,0.5978191400698816,-0.1658205628870153
HDOK,PLOK,17472,43,43,-91,10,11,2,33,-88.59545113327451,-88.81310306907939,-90.53281536182475,-92.65902708503512,-89.73200295319947,-90.0980201588336,-91.27683485044275,-90.24638451655672,-92.81669425639771,-89.9925784569879,-91.2211902778856,-88.86581636728191,-92.52170571568938,-92.72940051933351,-91.77067499268954,-89.48746619355006,-90.91748599051077,-89.29065718410521,-91.3841776332347,-89.75603724424143,-90.11489667883738,-90.44915254627699,-90.68318022038419,-90.51097627641985,-90.39852501729598,-91.3946671172028,-91.74295446864964,-90.71522726058065,-91.16789402561537,-92.74692969172405,-91.88597696508123,-88.89479832053964,-90.01428755650153,22,-90.70990879106859,-90.53281536182475,-92.81669425639771,1.4363651505804742,-0.14833837458664817,-0.7612369592791488
HDOK,PLOK,17472,43,43,-91,10,11,2,33,-88.68278066604772,-90.38798741607616,-92.01723336830129,-91.64486392185758,-90.95334566999257,-90.36681939540587,-91.08946687578837,-90.08433956907245,-92.28220697268065,-91.64053023425396,-90.80250673785278,-91.32137614548152,-90.5709578688864,-91.8782530554457,-93.44514856552448,-92.1426910410796,-91.71061637728391,-92.69063395481265,-91.85834410080761,-89.90285767064682,-91.14047380880405,-89.91611337484251,-90.91172695733223,-92.23874947991152,-89.70189561207616,-92.20997331494893,-91.64193136190718,-92.33110010611959,-89.8703835270499,-90.1092608323929,-91.40277152282965,-89.95822478345218,-92.6685099834355,22,-91.19921437189093,-91.32137614548152,-93.44514856552448,1.122591519447605,0.18416821953984913,-0.42484644070289956
HDOK,PLOK,17472,43,43,-91,10,11,2,33,-88.39310672092928,-89.37267409633185,-91.45043722316241,-90.61081247014694,-91.53640934679463,-88.10579189998295,-89.22959876832473,-91.27385054162417,-91.90819574757754,-92.43359975447618,-91.63831834812011,-89.1756209376468,-91.73781801284699,-91.20150493900233,-91.55277123111253,-90.05456753204328,-91.0022288931241,-90.27761102094794,-90.04374689851909,-91.33401414109514,-92.35483255274447,-89.15612373840197,-90.77250031078992,-92.71438069860261,-90.99878117217962,-90.92989752644927,-91.0697737408365,-90.75661153894274,-89.92549830209217,-89.8468195587059,-91.35975430540837,-89.25139278737994,-90.030441950589,22,-90.65149959717975,-90.92989752644927,-92.71438069860261,1.288450106556513,0.3716771284116824,-0.4545696742095786
HDOK,PLOK,17472,43,43,-91,10,11,2,33,-87.7152551614221,-88.9587561386153,-91.64281818234925,-90.70760895798243,-90.95301930843223,-90.0945162982675,-92.02589695591354,-89.83947444618342,-90.1029169479353,-89.30865519362254,-90.99905256645137,-91.36166110788547,-90.27009516133609,-91.9417011889965,-91.13075525616249,-91.18391917374346,-90.02504109949713,-91.11567921995156,-90.48816748034602,-92.47910863671217,-90.53282763074672,-89.4035724572343,-90.58912338987393,-90.51886306857375,-92.15153720687782,-89.79948264108911,-90.19576268913539,-90.65229901332263,-89.31359809083747,-91.47586962877855,-92.21113726845857,-90.06646920458115,-90.87220948994808,22,-90.60990455337162,-90.58912338987393,-92.47910863671217,1.044306160038688,0.42765976346341666,0.6145605338943314
HDOK,PLOK,17472,43,43,-91,10,11,2,33,-89.47910638479502,-90.30611702593012,-90.84383773124762,-90.75267516395132,-89.57206533745322,-88.9366975158502,-92.2666982749727,-89.89995342277285,-90.6628354287253,-89.346917751932,-91.52521946933946,-92.02106252831632,-91.3188367111171,-92.23144764991036,-91.46099871816203,-91.24648642781555,-91.45848453444502,-91.42351238894688,-90.48848439206975,-93.74706230087182,-91.20768802936094,-91.65315589074754,-89.25082037485089,-91.48494814400067,-91.43861985895226,-91.95480361722207,-91.66372104821546,-91.51076851699838,-90.8379726327037,-93.39806117184625,-90.14556159117951,-91.62246187971971,-92.78297902043116,22,-91.14969881620767,-91.42351238894688,-93.74706230087182,1.2469304550631377,-0.033803165421378775,0.07483237895758998
HDOK,PLOK,17472,43,43,-91,10,11,2,33,-89.620320778412,-89.6789622044945,-90.64411565304587,-91.30268153728824,-90.93338434392636,-91.04785530127683,-92.71515507420726,-92.16793818955597,-92.51706260269084,-92.1055695345319,-89.57806338557,-91.87060101865914,-91.90306624604732,-91.62287178525011,-91.22891770939572,-90.78357595743265,-91.23802885583375,-91.12713967282721,-91.7519572173342,-89.5134539727692,-90.78353026919645,-90.91446154267281,-90.19197838027739,-91.04035549726801,-90.86916707434989,-89.62158521460526,-88.61197384651543,-89.97945927618116,-90.46508354150214,-91.28460678144495,-91.1250544859855,-90.91821034283304,-88.84223212662891,22,-90.84843695212153,-90.93338434392636,-92.71515507420726,0.9785247462228005,0.353284018044874,-0.2263235978667284
HDOK,PLOK,17472,43,43,-91,10,11,2,33,-88.75158817818058,-90.07880698970176,-93.49534888837185,-92.19331282333583,-89.8757691283902,-90.59375946811267,-91.92382235716772,-92.11683736038104,-92.03100125330111,-91.99944221364547,-91.46645397153902,-90.33018531390036,-91.23529146701087,-89.81151315724547,-91.14045683433568,-90.52144425064999,-92.15292166714303,-90.55554130088348,-89.53334303456275,-90.4222293789152,-88.9096348199319,-92.1204574599332,-91.22555966908828,-93.07539741623741,-91.5165323417966,-91.63723510042554,-92.86217074902434,-89.26370408387989,-92.16545493096595,-90.22514722638743,-89.86313325001557,-90.46065464738324,-89.97429970419131,22,-91.0160136495768,-91.14045683433568,-93.49534888837185,1.4322695193633461,-0.05534815286676992,-0.7570417219570649
HDOK,PLOK,17472,43,43,-91,10,11,2,33,-87.78221565160209,-89.56887205389783,-91.21127395803971,-92.1623514579118,-90.22442839725213,-92.0065428083933,-91.52063160368225,-89.66045521155284,-90.11021174882355,-89.61243311024226,-91.75882905912262,-91.38419202705913,-89.88510285709224,-92.28421481212116,-91.4111816983402,-88.20055147595198,-92.4136988525971,-91.94399298243847,-89.13573234947941,-90.5257702597715,-90.42148418359861,-91.18072574827534,-91.45250933391196,-92.22700514284728,-89.87689588822457,-91.44217315284749,-90.3600977409484,-90.8203289339961,-91.84734384240672,-91.19419510437345,-91.78668549647983,-91.04831449334431,-91.15421458085244,22,-90.8368077581054,-91.18072574827534,-92.4136988525971,1.3001485316177164,0.8765425019905789,0.4039468152738279
HDOK,PLOK,17472,43,43,-91,10,11,2,33,-89.23632496005553,-91.62554264787472,-89.02128364564177,-92.4610547927859,-91.5585771966703,-88.69021221633037,-91.35736038937577,-89.86700428213258,-89.87077403203453,-89.67820976503012,-91.33161422967805,-91.38767283240824,-93.97434458901681,-91.49113875976894,-89.367125149193,-90.12341620086158,-90.76654071484327,-89.601258037234,-90.8455839361101,-89.891218281258,-89.31520189131031,-91.61164626826105,-91.01647924565354,-89.81537042096816,-92.23885965930647,-90.62153725106924,-91.51180919218373,-89.77060886959812,-91.53043619547277,-91.58393595690043,-91.50132566652765,-91.50510635213396,-91.02177817311608,22,-90.7633439939638,-91.01647924565354,-93.97434458901681,1.303892800358818,-0.3350281155782932,0.2737326512243583
HDOK,PLOK,17472,43,43,-91,10,11,2,33,-89.04966622868228,-87.97501201357424,-90.80074067137892,-89.38744417003412,-90.07605258841497,-88.93067063483656,-90.72190699162637,-91.39851950266784,-90.65352535153268,-89.59524037802707,-91.43158973396214,-91.18298529174464,-90.51775680125044,-92.25595599692812,-93.16355472452724,-91.47319239806856,-91.78426386487948,-91.36551546792455,-91.93421086485758,-91.53197135813149,-92.06870481967566,-90.81205218510279,-90.79665104439938,-92.05523289542445,-91.98468781302039,-90.76030969523453,-89.73665015537087,-90.52495445449549,-89.06834340701847,-91.40184775030242,-92.02045057066199,-91.04284135398446,-91.37904993659771,22,-90.87519851861629,-91.04284135398446,-93.16355472452724,1.2619850218060746,0.6096124368980875,0.20067840007343118
HDOK,PLOK,17472,43,43,-91,10,11,2,33,-88.91847750298386,-89.96884378045563,-93.09431852836448,-90.1652146682871,-90.31772245320455,-90.6195668815582,-91.41350225710093,-89.21356099539149,-91.02564521047042,-89.69306713572455,-90.20783956474583,-90.24504311206542,-91.35880462150864,-92.62425283793254,-91.1986329666901,-91.02713687502134,-90.7034000002966,-91.00283719775751,-93.02459465538496,-91.96131342274903,-89.32510326962468,-91.55131493467907,-89.98076502533739,-90.5425856445605,-90.58454417750379,-89.96858964481292,-91.48223551435694,-91.23484076866694,-89.05168891618739,-90.19148353323617,-91.03197187777926,-90.56576258646747,-87.93880385530238,22,-90.64343831564265,-90.58454417750379,-93.09431852836448,1.2415786084228748,-0.10856488228585359,0.5213358681455085
HDOK,PLOK,17472,44,44,-95,8,11,2,33,-105.38892133953046,-93.9439017341608,-97.12471488081964,-93.08697109138177,-94.59368156915312,-94.75078936207325,-94.04646748649573,-92.66491837760253,-95.27604563396541,-95.53596837468473,-95.28513389151232,-93.39880736991665,-93.37821225017188,-95.078355973038,-93.69208768660621,-94.19050523406588,-94.22631992574583,-94.80623891324524,-95.9712199062973,-93.50089881553012,-93.56040148892774,-95.2163536204044,-94.62145364628272,-92.36086778556043,-92.837075459426,-94.63077637235547,-93.98496038645315,-95.24075797046666,-95.07836693348278,-95.76628120183031,-93.42952628794349,-95.11547198688002,-95.91569603766519,22,-94.77873178768712,-94.62145364628272,-105.38892133953046,4.638544657122397,-3.694296645029878,17.793237734710544
HDOK,PLOK,17472,44,44,-95,8,11,2,33,-102.40803272791682,-94.11744453644927,-95.72590929676176,-93.94737565559626,-95.3568108071786,-96.61753349059418,-95.98732330194287,-93.83913493195493,-96.43538398194751,-95.85072205534188,-94.33075422053713,-95.91065672811254,-94.45924797962387,-93.19873080166761,-95.5113635697272,-93.50615990612378,-95.57528592461951,-94.87999846657397,-95.26711439873084,-94.22556954923297,-94.19213272221972,-95.5051725472505,-95.25388427892047,-93.76307175154001,-93.02656170802103,-94.85177490442742,-95.01874275680235,-96.42534189586587,-94.67321736993952,-96.21287711074733,-94.81057932165456,-96.99883154054362,-93.45994221630751,22,-95.19220249863251,-95.01874275680235,-102.40803272791682,2.687246144881478,-2.530769812953718,10.450615587741416
HDOK,PLOK,17472,44,44,-95,8,11,2,33,-103.61752358965305,-94.97394383241388,-96.66072742207794,-94.85185650820151,-94.4202454929989,-94.0035342310439,-93.6637488667272,-95.83988685357805,-94.61624369552834,-95.28689290663424,-94.69056372504853,-95.42002083234955,-93.7407173428948,-93.87127868757611,-94.31011888814999,-95.74727724003968,-93.93845423356737,-94.78501052061571,-94.94247632368302,-93.06093746261186,-93.3338300447924,-94.27850805120154,-94.06083226109178,-95.71073095516782,-95.37131579538693,-95.62856628415251,-94.7691823683158,-96.03930862917221,-94.1573127905878,-96.63607606208727,-94.6131611996104,-95.59464173813804,-96.51309098832334,22,-95.1256974491946,-94.78501052061571,-103.61752358965305,3.0970632664944775,-3.4645538322064997,16.145790763399276
HDOK,PLOK,17472,44,44,-95,8,11,2,33,-102.95687557681248,-93.81732223342837,-94.8486572043431,-95.51986439049365,-95.29178730096159,-93.79834464885374,-95.3423399277591,-94.16895525048882,-95.287323131205,-96.03312104283695,-94.04246666724546,-93.24020630372252,-95.84190448721064,-94.33215498290788,-94.71516160839589,-94.44310761131749,-92.68936196666331,-93.66052958819239,-94.82866054756222,-94.01282037789872,-94.50165542066169,-95.15953958538488,-94.55008776324975,-94.25321670526336,-94.09194024717496,-92.11704577290979,-94.95267682200786,-94.80909166246529,-93.48782285174211,-93.98790249350462,-96.39418763459493,-95.5588027501666,-94.43218284128865,22,-94.76263992117315,-94.50165542066169,-102.95687557681248,2.9220111945539378,-3.314428838511916,15.79898616588403
HDOK,PLOK,17472,44,44,-95,8,11,2,33,-103.27075855912565,-92.94761938552746,-95.37044467666156,-94.62192701824314,-95.67965981526281,-92.39267359688674,-96.7050064639604,-95.50692940228268,-94.90292564314039,-95.89500879827277,-93.80009220618486,-94.55028128706341,-93.44655609783877,-92.69349130395044,-95.85943419708025,-93.24184075369375,-94.8534032338529,-95.50121871160825,-93.89356034624441,-94.50294695696866,-92.92182187344436,-93.40710725966335,-94.3566911861751,-93.92157436627046,-93.47628687974868,-96.22211955972347,-96.48516736435478,-96.78407670724556,-95.53348372314,-95.59873213760555,-94.84429116275123,-94.27708612438605,-94.46522214620572,22,-94.9069526952898,-94.62192701824314,-103.27075855912565,3.572985187456055,-2.5727104820123756,10.714565956880104
HDOK,PLOK,17472,44,44,-95,8,11,2,33,-101.72382228097074,-94.7067164098697,-95.50812083201498,-95.04768471651799,-93.98648504822098,-95.17083336071731,-94.79496764446398,-95.47578478089059,-94.27442087662848,-94.85986291815588,-94.35848679598607,-93.32682196845532,-94.23699289762983,-94.63077193912555,-95.76776997357203,-94.02149977153941,-93.66300311415125,-94.13473661438454,-94.68060594734405,-93.56471157509947,-94.49807209260622,-96.87230955691085,-94.42567385982436,-94.45883605222825,-94.55935770320849,-95.05365574405162,-94.21685913098402,-95.29924651235187,-96.06293710508777,-95.78256475198177,-95.0779993215112,-96.32065238173372,-95.51836398752896,22,-95.03274629290144,-94.7067164098697,-101.72382228097074,2.018419250298437,-3.256119950536031,14.464358240619516
HDOK,PLOK,17472,44,44,-95,8,11,2,33,-103.93463376590499,-96.32900200852977,-96.4761994059345,-95.56199298316596,-95.58590724079919,-93.77196417707788,-94.21639671152248,-95.42429897380237,-95.91646669117483,-96.26991017174599,-94.93956984823319,-95.24091585665602,-93.04782210538701,-94.27062412670287,-96.40184977168968,-94.46786853734694,-92.91770273659249,-95.1599567412862,-95.4457137191539,-94.15187090150316,-95.20516691326326,-93.8136973211346,-94.07835156429526,-94.00981874429928,-92.66771055337783,-93.27897787561349,-93.08056694834559,-94.31393458277518,-94.76832950750922,-95.00131076126631,-94.99110316821381,-95.27810373249403,-94.7595633294819,22,-94.99325155988724,-94.93956984823319,-103.93463376590499,3.549775614016165,-3.2237869993115345,14.98035754239604
HDOK,PLOK,17472,44,44,-95,8,11,2,33,-102.44205237503333,-94.02376825902016,-95.52085147107125,-94.11707605083294,-93.67882138963954,-93.94942845495713,-95.55569576373632,-94.37202452976818,-94.40052075845371,-94.08375233825946,-96.24590415079805,-94.84453740091995,-95.44234786464754,-95.0920331075823,-95.77344555538441,-94.57232923877694,-93.2481865207501,-94.09926702851507,-96.56026887162561,-93.0938454585145,-92.37126860388872,-94.32917800223834,-92.51524676720345,-95.44884583116769,-94.82273063916142,-93.33197674509834,-92.96328561105001,-94.97229531313039,-94.94029797666259,-93.76810772093526,-95.24279520001521,-95.10723251367371,-92.91821321526503,22,-94.66204941599324,-94.40052075845371,-102.44205237503333,2.9546622329756134,-2.7630938031127052,12.000000925273312
HDOK,PLOK,17472,44,44,-95,8,11,2,33,-102.28115416856421,-94.3385328514618,-96.88393842018405,-92.02932122199306,-94.68978656195983,-94.08759041565284,-94.82784548884054,-93.76501553798582,-95.22265435867598,-95.11771114554284,-94.42860858889426,-93.42182174237779,-94.7624549094874,-95.50775783830466,-93.07271647939163,-93.71851061175515,-95.95705699969106,-94.0575803490271,-96.05344975219816,-93.67952226404616,-94.83024349062539,-93.33405482376196,-94.86123824058792,-94.7220383257151,-94.78661422374753,-95.01513084759813,-95.41478064506315,-93.82338993479055,-95.2314053313697,-93.02597366095692,-95.6276056231844,-95.77561007765142,-94.53850197285126,22,-94.81483687587692,-94.7624549094874,-102.28115416856421,2.728778887994154,-2.720967396950324,12.05522616470306
HDOK,PLOK,17472,44,44,-95,8,11,2,33,-103.2824609009078,-94.01367115145611,-95.11818084923753,-93.09436748736864,-96.17649995571004,-93.75716264303736,-95.66188946278774,-94.87741816494513,-95.99834764350744,-93.03888642517205,-95.04286403919926,-93.7514670612435,-94.38748173722773,-95.18484744222276,-94.82793784775933,-94.75562473686526,-93.0561590466659,-93.71148253976551,-93.8757845437347,-94.02336850335101,-95.35098375784463,-94.5053764369711,-94.6332810728395,-94.24505639045255,-92.48092149452941,-93.6521410908693,-95.13908569364285,-93.39756563725759,-94.48139029442726,-95.0787282889027,-95.88480030598426,-95.03835074969753,-95.56042082377041,22,-94.76012133998044,-94.6332810728395,-103.2824609009078,3.1046779885328974,-3.434836391939399,16.35817941457684
HDOK,PLOK,17472,44,44,-95,8,11,2,33,-104.08047135579578,-93.88214578113438,-94.7268631021989,-93.82358671621145,-93.8250751955349,-95.2788587338,-97.05624214384542,-95.30083307058409,-93.96689232075066,-94.98325319231391,-94.32168176838881,-94.00457550597861,-93.67384005058142,-94.50757539390509,-96.2158281678766,-94.4869512219653,-92.92534846484148,-95.07341332052557,-93.01006905444066,-93.54423868408612,-93.97451905717266,-95.0335180568681,-93.06880514456068,-94.99513886169338,-95.42877087977577,-96.21241836941832,-92.62076493958341,-94.42914015808957,-94.64432217999115,-95.44999937085647,-95.29536154117892,-95.93531511216821,-96.32387557314968,22,-94.91211189361408,-94.64432217999115,-104.08047135579578,3.7212521932377887,-3.2978377524753517,15.073300422865175
HDOK,PLOK,17472,44,44,-95,8,11,2,33,-102.78554663738448,-96.03613087863495,-96.92087515966082,-95.67929717546164,-93.93620510063646,-94.84440431528925,-94.34111984997794,-93.40229304666349,-95.36937631597094,-97.24068612869728,-93.83238776978607,-95.13455852541186,-95.90235698145682,-96.43822493724153,-94.21419643808215,-95.23485719999958,-92.63313520351969,-95.07578977950153,-94.79500900331058,-94.5394414328923,-94.29666647817311,-96.05152561384075,-93.92060938827407,-94.78418698539794,-95.30898327155408,-94.07345851326981,-94.1186302098245,-93.57138552707627,-93.71794715526751,-93.40802460872203,-93.97141504364303,-96.11231791917237,-94.91963278244295,22,-95.04880834473448,-94.79500900331058,-102.78554663738448,2.9976634319502606,-2.7497930527839807,11.262124809748375
HDOK,PLOK,17472,44,44,-95,8,11,2,33,-104.1679534664174,-94.05042683745332,-95.49409468262482,-94.60643620389209,-93.59910289385707,-91.51144321355983,-92.73650126619184,-93.16416696412004,-93.52435348104974,-95.82208297638593,-94.43405401620316,-92.1946010539034,-94.95058633302054,-94.79501021228096,-94.1620711238211,-93.54446823063384,-94.91691415274713,-94.873708025187,-92.29453278514222,-94.49748033348193,-95.67763182011826,-94.3682630089215,-93.04283216102544,-94.0477750129076,-93.89104236590839,-96.60425884398747,-93.83204870924791,-94.71894388419092,-96.17011615820559,-94.26419650519193,-95.88590518952073,-95.08749783362727,-92.20612600195959,22,-94.51929168929651,-94.3682630089215,-104.1679534664174,4.339621977880628,-2.956488146297261,13.428327885296737
HDOK,PLOK,17472,44,44,-95,8,11,2,33,-103.17713195657224,-92.99943133073022,-97.46710722801727,-94.74354027743578,-94.51201900472063,-94.09438622559168,-94.11076200368062,-94.95186152866889,-94.65598371492969,-94.56886373344742,-95.12629921196212,-93.13653997490911,-95.67186986713715,-94.83426207908633,-95.39737180996916,-95.47339968382131,-94.95770896276046,-94.11032959165787,-92.39698603344908,-94.2344538263518,-93.08134238732265,-93.38887385933924,-94.09532727934265,-93.83517405263804,-94.55121381825094,-94.2023201391652,-94.68459959819221,-95.21324937027616,-91.52495214273658,-95.91145283971007,-92.34818919858087,-95.0557542141807,-95.50388369744441,22,-94.66717092854782,-94.56886373344742,-103.17713195657224,3.5653085416056385,-2.6993415686194293,11.999564035751488
HDOK,PLOK,17472,44,44,-95,8,11,2,33,-100.4974862884611,-91.40458189138795,-95.32366118803463,-94.79196809536495,-94.31553601033818,-93.26822689608684,-94.27154191458219,-94.83807928440382,-93.98774604358756,-94.99425909433285,-95.4324745019659,-94.45535489080794,-94.22872444454914,-95.57216484760171,-95.05386018566767,-93.03288545003404,-94.90802984858966,-94.0710146817896,-94.30166208844682,-95.6921490182505,-93.07771306976883,-93.72598002816203,-94.72165560146944,-95.40114918824881,-95.96700328816524,-94.90010469524695,-95.19302673292344,-94.61985359560444,-96.69726660373199,-97.36728313411112,-94.36264855020403,-94.91235869806877,-94.16923042187767,22,-94.83505091732928,-94.79196809536495,-100.4974862884611,2.1465934616356237,-1.497139407307312,6.326159075649535
HDOK,PLOK,17472,44,44,-95,8,11,2,33,-103.65677227778558,-97.37776579301119,-94.10531721241381,-94.76695199108308,-94.05501382404246,-95.05497297119922,-96.05939070910014,-94.91966291797941,-95.21679735686783,-93.99759259980593,-95.21475342470097,-94.6219700094078,-94.17721100950527,-95.57567889370308,-93.36670798449894,-92.94067222181002,-94.06961678063526,-94.1240744041999,-96.47964554776725,-94.51482278546582,-95.27953123250688,-93.64949299310996,-95.44902488565849,-93.87401437399033,-93.68639385533201,-91.86293974539055,-95.7295438553449,-93.94172959776633,-95.04507064314177,-95.22008115174803,-96.06127523337184,-95.35775649051371,-96.78583613270054,22,-95.03751760319874,-94.91966291797941,-103.65677227778558,3.567461195608531,-2.8518053763508817,12.601081817059155
HDOK,PLOK,17472,44,44,-95,8,11,2,33,-102.98234278102619,-91.45969601990461,-96.72060540652812,-95.16773074232053,-92.4132074420886,-93.16635298680897,-94.10428360560377,-93.74537597503141,-95.19758351724943,-95.65753419373415,-94.86514659824002,-95.71549104545636,-94.42784354472688,-93.90030348089216,-93.07823000796326,-94.38198212335999,-95.16941300571165,-94.47887470315175,-93.43391293614502,-92.53738687297121,-94.00068140379413,-94.00229845620488,-94.39581671807188,-97.21439688690437,-93.91699503096004,-93.88430931816532,-94.63706830520267,-95.08441198474442,-95.27033659274868,-93.17072802983388,-93.6488971781637,-96.44663986213193,-95.4567649230896,22,-94.6585648993615,-94.39581671807188,-102.98234278102619,3.655130126002753,-2.4611733614603932,10.087598823885923
HDOK,PLOK,17472,44,44,-95,8,11,2,33,-101.61569324921203,-94.2294613228405,-94.77710852476838,-93.80134230770729,-95.35842036391121,-93.73690774419852,-93.91252910259902,-93.4878310010551,-93.20128855797715,-94.64438417898845,-94.6132142642403,-96.34425642212035,-96.38017134857819,-93.96600953718414,-93.44149939321376,-95.47536635971089,-93.61753552589259,-93.50986294329495,-92.68076097784395,-95.98650434997445,-94.7734799910218,-94.2946151573246,-93.23206831614688,-96.38632058587726,-94.11486914337465,-93.85705537431019,-94.79508885101102,-95.66301033591792,-95.71592237943113,-94.44118726754054,-92.54854079293338,-93.75890793417075,-95.50280320345125,22,-94.66254596387338,-94.2946151573246,-101.61569324921203,2.591189215795302,-2.4668388689021845,9.493727708432354
HDOK,PLOK,17472,44,44,-95,8,11,2,33,-101.44202191363817,-92.71832192971334,-95.68697147361159,-96.12860315786486,-94.58772503252159,-93.95521639736361,-93.79179325050494,-95.01003698718996,-95.55665680397823,-94.0634929045847,-94.75278011931046,-94.81293997896995,-93.33031581560424,-94.99863299256772,-93.9894948794449,-96.75625598251746,-94.07001222292435,-94.74438743999062,-95.93926319966928,-93.65835903375039,-96.02216113603436,-92.87775373020897,-95.43796204125645,-95.0069383564938,-93.58151911862316,-94.44974512210248,-93.97069685400255,-95.15724983362158,-93.59832534030006,-94.13929664984424,-94.69106845746833,-94.23295295848727,-94.70016236415857,22,-94.78360949934309,-94.69106845746833,-101.44202191363817,2.2434935127405384,-2.674118614496482,11.022498006927004
HDOK,PLOK,17472,44,44,-95,8,11,2,33,-102.96734923479524,-95.5461144917666,-96.18250573235638,-94.53041460444926,-94.24769503040811,-94.81455466650765,-94.56306103185722,-94.46262326621952,-95.34789605377073,-95.7405054798139,-95.11393472800857,-95.73036517575899,-95.44649589024719,-94.43454688171688,-94.59103979650716,-92.74209208597985,-94.74838524060185,-94.8059394488845,-93.59821852575011,-94.42782097685514,-94.02552246086344,-94.09910637410083,-93.38876833377095,-97.22379255549893,-94.12749254668626,-94.11650151515475,-92.81770596931139,-94.72202578487911,-95.5998947780654,-95.52827934486076,-94.88116222932484,-95.19504786904903,-94.57488626687707,22,-94.98005285971813,-94.72202578487911,-102.96734923479524,2.800368677232743,-3.336469437159421,15.496983473864644
HDOK,PLOK,17472,45,45,-92,10,11,2,33,-91.31574189280755,-90.64208698861593,-92.57541685688597,-89.4399404044261,-92.30999884119224,-89.9698343484661,-91.15789907340803,-93.44195438221593,-91.48289110273943,-94.12831216300447,-93.30453997172428,-93.0491202550499,-94.57885669853955,-91.50926386896413,-90.92532136910577,-92.28908632097476,-93.78371284243859,-92.79832560619928,-91.74650917474183,-93.21580885779547,-90.80217674212047,-91.55685299782947,-91.30550334636499,-92.23402560228632,-92.09814239636464,-92.82862223090935,-92.48084148268286,-92.86531695979052,-92.16468875824896,-92.45598785379016,-91.92425481934119,-92.04173856644448,-94.2318754580161,22,-92.2016560070753,-92.23402560228632,-94.57885669853955,1.36425263790264,0.11522630795249736,0.0005515782203682207
HDOK,PLOK,17472,45,45,-92,10,11,2,33,-90.49186518412189,-91.15634387740982,-94.13139454488137,-90.52191198132655,-89.4872496162903,-92.18543737918631,-94.42101396360002,-92.65947981522027,-92.317483710722,-95.06008817167087,-93.16043589544913,-93.07705462764199,-90.61737525897648,-89.89421268383026,-92.13580346994944,-90.7244855660398,-90.0902966021423,-90.67422321178351,-90.06137067155616,-93.85024494029783,-93.68877222657846,-92.46778944299012,-91.43107661710434,-93.18407840374437,-93.02287265411911,-92.55111503530418,-90.25532856389182,-92.80937874693961,-89.87178550123181,-91.70161807317322,-90.2307974519357,-91.03318289074997,-90.85990283859344,22,-91.81289301874102,-91.70161807317322,-95.06008817167087,2.2297203337650973,-0.33412539772738226,-0.9551809619939453
HDOK,PLOK,17472,45,45,-92,10,11,2,33,-89.68717767714874,-91.76329239970353,-92.45425042644986,-91.2689607166892,-92.68428363803203,-90.71913482851959,-92.61009856140596,-90.39654240502858,-91.91068765206398,-92.28898584711737,-94.21513438303988,-91.79547456123566,-95.04488379651038,-92.9807234525031,-91.84577020367828,-93.10808897234267,-92.6073183009321,-92.333553424656,-91.88274706725218,-91.97914983778809,-91.3548889536979,-92.65010962037462,-93.14430422587132,-92.886070988185,-91.36661181076197,-91.39913719237362,-93.13273479440136,-91.72256482865943,-90.98052287107365,-93.17893221924031,-90.30903048060168,-93.65082428637886,-93.08933422270306,22,-92.19519165595213,-92.28898584711737,-95.04488379651038,1.2489729084858552,-0.08265026811924543,0.4141691955185194
HDOK,PLOK,17472,45,45,-92,10,11,2,33,-89.58561985928465,-92.32758566859755,-91.90344565612945,-92.77582367986649,-93.2781812463461,-91.62807688336933,-92.43031814593088,-93.71409288320815,-94.18832721480972,-93.44122899823549,-93.35645978263219,-92.1056688688169,-92.08598241127024,-92.19010296125913,-90.30589205324213,-91.03443884370881,-91.84537178277635,-90.93256970460214,-95.27016607724343,-92.25096035328826,-91.08651713384766,-93.76011847784406,-90.14648622391647,-91.25049897392492,-91.93963166162668,-92.13101383592907,-93.10292131001546,-91.84426985602497,-91.53918596394257,-94.28988463746714,-91.35794762466531,-92.04441100260462,-91.69263203314962,22,-92.20714641847199,-92.08598241127024,-95.27016607724343,1.5050344004506426,-0.2969765204786934,0.2272158782587428
HDOK,PLOK,17472,45,45,-92,10,11,2,33,-91.25076450017163,-90.82626571961737,-94.15750425655992,-91.60765655165766,-92.2495945338856,-91.72343232095979,-92.33266343474,-91.20598248110385,-92.71182990378792,-93.75835951154922,-94.1852891456291,-91.21291237295122,-91.90509999599479,-92.29450360691902,-92.36627360117085,-91.68142826096506,-92.21369938561234,-92.37268434962586,-91.99270165466811,-92.59915341170945,-91.33557124365768,-91.30784260947681,-91.28948556913835,-92.03042469388687,-92.66294473746339,-91.47355315854452,-92.62854074164157,-91.32944147681906,-92.44824729407372,-92.37104203754802,-90.21426146143322,-92.5384789543324,-90.8594655748418,22,-92.03445753188292,-92.03042469388687,-94.1852891456291,0.7746333946041246,-0.6114271306074275,0.7635928873460913
HDOK,PLOK,17472,45,45,-92,10,11,2,33,-90.65498788793325,-89.0890811999981,-90.8414058470356,-91.21464487617077,-92.510642013693,-92.42548195359264,-93.63164470825437,-93.25867234154204,-93.16659437266101,-92.74189083880242,-91.51022235080238,-93.03606520538135,-92.27498676757992,-91.6834016850415,-91.15109444682321,-91.8781964010615,-92.21718178385058,-92.21517107681795,-92.5838514725113,-89.65109458056223,-92.49709186411506,-92.48167993644542,-92.03886009578409,-90.35737185501527,-89.72386625720343,-91.66323363166232,-91.73666358298938,-91.21724290341518,-91.47421273244524,-91.85673107017278,-93.8135143397496,-91.30093115745024,-90.7479303518273,22,-91.77714065419364,-91.85673107017278,-93.8135143397496,1.21745263643017,0.44344869853827795,0.06594935274992242
HDOK,PLOK,17472,45,45,-92,10,11,2,33,-88.5968835363009,-88.85254362424212,-92.62406407763608,-92.75788860748622,-91.22307752853764,-91.48747106739262,-90.49801671554445,-91.49305349519298,-93.77227994439794,-94.4303348587724,-91.69469905725259,-94.54198847359596,-93.61386756012894,-93.53387267841704,-92.73862228491478,-92.55020473160246,-93.21277468446695,-91.56419328192088,-93.19076624395332,-92.75672664559957,-91.08640255334784,-91.18181537384079,-91.6851214849291,-90.49969157194275,-93.30432761671675,-92.3833255513178,-91.6608901440045,-90.50443305766616,-92.12415242081305,-91.45200980447777,-92.1693126530801,-91.40836614039802,-93.07202320111534,22,-92.0504606263941,-92.12415242081305,-94.54198847359596,1.8395097871279926,0.5050486037133083,0.5193439138777629
HDOK,PLOK,17472,45,45,-92,10,11,2,33,-89.09493061721777,-92.54252734753852,-94.6674020672855,-92.22047128649,-92.17657336856881,-91.25388619959061,-91.50999766726694,-92.2218084688648,-93.77248729121244,-94.2067694996484,-91.58861885565068,-91.67537195038064,-92.43304797488204,-93.61833868524637,-91.46261582996195,-91.27803778151082,-91.13061629070798,-92.27871603194197,-92.30279074727747,-91.90658711723303,-91.89400577834228,-93.38292589427532,-91.70204700305283,-93.60207836195158,-90.48364497021944,-91.54598777518784,-92.1940274136126,-92.76208826845358,-92.01148452779687,-91.83298598989167,-91.25984075127673,-91.14543634610577,-92.24467987011123,22,-92.10311600087135,-92.01148452779687,-94.6674020672855,1.1614960382134765,-0.10638927074678942,1.330924112339423
HDOK,PLOK,17472,45,45,-92,10,11,2,33,-90.05156236725574,-93.51329021744846,-94.42356693423586,-93.24879037661952,-91.22946009429621,-91.90986104983304,-92.30313341788455,-92.04017015012964,-93.40653159741208,-92.35104943106145,-92.5520437047353,-92.9557551211125,-93.44542212508902,-91.64541069217086,-90.23160929728935,-92.82993546671185,-92.92360281975338,-91.04527551623033,-91.55780334405193,-92.50698662289162,-92.18922662617591,-92.67068582931792,-91.39482167746236,-91.88329963808437,-91.92901493602382,-90.53767325654812,-94.13454397108164,-92.00759927667409,-93.8671679394811,-92.98268881090566,-90.58887735549126,-91.89670110893236,-91.24595219431419,22,-92.22725796868806,-92.18922662617591,-94.42356693423586,1.1717062018842808,0.05461402086914726,-0.43534961587786203
HDOK,PLOK,17472,45,45,-92,10,11,2,33,-89.45643745300409,-91.8607976400534,-94.13329327116828,-92.73822158690758,-92.51899708171095,-93.35271067015697,-91.99882479048051,-92.96401018188827,-93.24267371039772,-93.37271308821484,-92.32631914127275,-92.49974887526919,-93.63930068607421,-94.07638517188926,-92.95850140591952,-92.06475503687749,-92.14564697179382,-93.14785073909565,-91.21319340621842,-92.7677642526354,-90.28962646746145,-92.8400210927642,-90.56214773408831,-93.30845200222703,-91.50399975095722,-91.10726968752955,-91.89558365574605,-92.15343477698327,-92.42047503721618,-92.23064542170584,-92.16168491789833,-93.16575296521837,-90.37710241189458,22,-92.31801033583996,-92.42047503721618,-94.13329327116828,1.1595977988600064,0.7274268814525634,0.4108027627217745
HDOK,PLOK,17472,45,45,-92,10,11,2,33,-90.05820139226108,-91.95192210784056,-93.99789792265888,-92.25204324479964,-92.32504178268475,-90.90719068402821,-93.50494892144273,-93.77357217565327,-92.23772397186178,-94.40024831588609,-91.76788971045386,-90.9387968305702,-92.05589891384435,-92.21515885952834,-91.42595226134802,-93.6415141475081,-92.16549177601216,-92.31891618433711,-93.99334884801392,-91.8987849445878,-91.72699624763568,-90.70854156545373,-92.08706100469165,-93.04839395018405,-91.97294810455516,-93.63868293904218,-91.26788968698887,-90.32300654286253,-90.66459951172936,-93.61210508253077,-90.44635712891974,-92.37418543704779,-89.81948342733216,22,-92.10669071588771,-92.08706100469165,-94.40024831588609,1.4824480032076648,-0.062217026071640306,-0.7675617742833611
HDOK,PLOK,17472,45,45,-92,10,11,2,33,-90.5334418720117,-90.33594094218476,-93.57742581761678,-92.78919357102453,-92.31876155599049,-90.26656045398978,-92.51403591984672,-90.77497053435332,-94.67312067283042,-92.2770998690667,-93.94408963852568,-93.45201942558717,-93.81057054446414,-91.71915244810782,-92.64036805353545,-93.65351063530916,-92.57547118116007,-91.28060713220627,-92.81126593987007,-92.60926958290901,-90.77076052749042,-92.46326080292528,-92.10477291614477,-92.6685047073319,-91.56086941385914,-91.83012261841819,-92.89560139178143,-90.22961869144673,-91.79902960842288,-90.66131670909121,-91.54363170968625,-92.2080105259335,-91.97045685624786,22,-92.1594797657385,-92.2770998690667,-94.67312067283042,1.2720886611004019,-0.033040158474262525,-0.4927575654840668
HDOK,PLOK,17472,45,45,-92,10,11,2,33,-90.36612905618908,-90.27295373552448,-94.16768813679096,-92.10904035294911,-92.27365000201195,-89.29697653440539,-91.13225576257197,-89.97169334152798,-92.7297155243754,-92.69430323513333,-92.13417821837098,-94.03629131520186,-94.14709225863238,-92.33135392927848,-91.77500473763112,-91.15328582341692,-90.38032270837532,-91.2181318678211,-91.57968043410203,-94.10010472938397,-90.72428817953265,-91.34528231519955,-91.52763246979038,-92.79275115903634,-92.2241384428836,-91.97523334182686,-93.1281459927001,-90.33574199869636,-94.33182376147663,-91.52536190229881,-91.9877118988434,-91.47332643938712,-92.62565645610034,22,-91.9353620018626,-91.97523334182686,-94.33182376147663,1.6452775679390805,-0.1953096122476054,-0.42695255216635664
HDOK,PLOK,17472,45,45,-92,10,11,2,33,-90.75694923037594,-90.79086166784491,-90.69053130840325,-92.4423743708602,-91.56930393999485,-90.85964412347623,-91.9480165142436,-92.06892711719176,-93.41366789968427,-91.74200371898002,-92.11490566603233,-92.39062300127192,-93.19182826990178,-92.25570146078441,-91.67716675438881,-93.06356834827079,-94.2164402714181,-88.95346454390716,-92.25977535051256,-91.16361438647802,-90.01015880803114,-91.88631350518813,-92.58305935282617,-92.80654777247857,-91.74905241221306,-90.67787567754498,-91.33564642863972,-91.37064169616444,-91.71956106687361,-93.81723492804682,-91.47553722962681,-92.2947886797021,-92.41908325216009,22,-91.87014753798533,-91.88631350518813,-94.2164402714181,1.1302265026854341,0.24077882151105667,0.8450579233662219
HDOK,PLOK,17472,45,45,-92,10,11,2,33,-90.17361805420477,-90.83978733741823,-92.23092374550413,-92.19557792389517,-92.91552802068284,-92.37295940861492,-92.69127784581475,-92.35219826351803,-93.3245382266224,-92.96517609352537,-92.35270838476589,-92.84450639794035,-92.8968046869598,-91.0224914287515,-93.37538126383042,-93.55588807662927,-92.72182489180877,-91.85330321303785,-93.30497567540554,-92.10957011727673,-90.43840272465442,-91.5001568577185,-91.46716699918491,-91.79760334076339,-95.06419110523672,-91.13217576144388,-93.12154981579461,-91.67860760692916,-92.29455434206582,-91.12243836035888,-92.14225528845947,-91.66049853613839,-91.86251721999537,22,-92.22367142469547,-92.23092374550413,-95.06419110523672,0.9722133825493637,-0.2980890790701085,0.8904843718066124
HDOK,PLOK,17472,45,45,-92,10,11,2,33,-88.64709983141262,-91.07075627770874,-91.46434567597919,-93.9259322651175,-93.26924274295308,-90.61286287829918,-92.02029106888985,-91.95859920170723,-95.31446795659842,-92.90509074799385,-93.68405917358457,-92.61077733903748,-92.35152222435399,-92.36314214202191,-92.30575797792766,-91.04151082108234,-90.95840952609205,-92.60620769309413,-90.97125515257463,-93.10863207908432,-92.01341566467273,-91.70425808918321,-91.9238639939122,-92.39769466414958,-92.0355955216439,-92.74115818166399,-91.71384915160095,-90.93411728662862,-92.96939815068974,-92.07632795298659,-90.80750865034547,-92.93587434883335,-90.67728913025229,22,-92.06425192612349,-92.0355955216439,-95.31446795659842,1.4102176820089993,0.06478307284516575,1.861426704765019
HDOK,PLOK,17472,45,45,-92,10,11,2,33,-89.42525304477385,-89.31789543953766,-94.29242045083087,-90.68602163924604,-92.54491102433632,-92.87307418914598,-91.92194329768797,-92.39877496179412,-94.65797901291761,-93.10539780746788,-91.87332110418124,-92.34400479210404,-93.83963176847796,-91.56641415488185,-92.64289523903533,-93.74761330736669,-90.37409935741942,-92.78913450134101,-91.27480222737745,-93.87261243498925,-91.19302938604571,-92.93745791461473,-91.10392622163486,-92.60640913357467,-90.34429395055611,-92.15204541657765,-90.02147587986862,-92.17549716403492,-91.00928269246143,-91.690241830722,-91.40207676470489,-90.48071034922548,-92.55882457965471,22,-91.97646881935115,-92.15204541657765,-94.65797901291761,1.764743888828488,0.058408298979169396,-0.4563849472314887
HDOK,PLOK,17472,45,45,-92,10,11,2,33,-91.2757541096862,-90.03507857768756,-91.32865253177675,-91.31746781290683,-91.39754194824629,-90.56365001059736,-93.03477062473102,-92.21814445451687,-91.6323749835469,-94.18488714527338,-91.8471775442881,-91.04177955159123,-94.05870393070548,-93.33716009057572,-92.67306384847627,-90.63635094929712,-93.5751303921644,-90.82521576976275,-93.02722096175488,-91.77113175514245,-91.16467500443568,-92.27011209089315,-93.33848305752056,-93.61346338138425,-91.58217956901434,-91.66831134810406,-91.60501850697423,-91.87112428470472,-90.67466659760622,-92.78104522711789,-90.47044575480838,-91.7864407339714,-90.97990851481352,22,-91.92688275951745,-91.66831134810406,-94.18488714527338,1.1891799870960824,-0.46717570909964634,-0.7043594254052987
HDOK,PLOK,17472,45,45,-92,10,11,2,33,-89.37271113543325,-91.06836389082234,-92.96015670425044,-89.93353499283606,-91.1438467359712,-91.86763205048469,-92.4443480886537,-91.92469007161367,-94.25136856397476,-94.17194292853836,-91.04283165904047,-94.1488172771717,-92.94741790323562,-94.0690914318127,-92.13368008791092,-90.96611780283088,-92.07531558887275,-92.53704535351774,-92.92584075474541,-91.58758263667309,-91.73848087478898,-91.55136425096909,-92.60493884318026,-91.94634789640493,-90.97799398133519,-91.68892891565879,-91.18797581480682,-91.5961544889104,-90.12466854136989,-90.52464765515298,-92.73312666609728,-93.45575961361838,-92.01930853114362,22,-91.99157671914625,-91.92469007161367,-94.25136856397476,1.4476781764262903,-0.11042456060862513,-0.20596633386168417
HDOK,PLOK,17472,45,45,-92,10,11,2,33,-89.24973021455857,-91.95743618457675,-93.97627721239478,-91.26125503397748,-91.83695980685272,-93.5059373492591,-91.7190642143948,-91.79073779568867,-92.7681079563967,-93.36137355598704,-91.96106534264736,-90.70632048652175,-93.07931882034019,-92.99012526696359,-91.97682767387337,-91.81754400036311,-93.3694622858327,-91.55698287829667,-92.378051628588,-93.16862027093923,-91.47789729481627,-91.35323386780668,-91.30781764647075,-92.562272571306,-93.68523778493393,-91.02356829276296,-92.00765208378924,-91.78640520303439,-92.430465944555,-91.56620012401325,-91.858614145695,-91.94200445713719,-92.08890246852052,22,-92.1067112079786,-91.95743618457675,-93.97627721239478,0.898983321946976,0.34310010668907365,1.2494898501982372
HDOK,PLOK,17472,46,46,-91,11,11,2,33,-100.35103100990682,-93.74568652988681,-92.20899446547621,-95.26014312942532,-94.62107920312873,-95.87195061958862,-96.13241094804908,-95.2866713024307,-94.84783544691753,-95.19123299363297,-93.52280624409791,-94.17650648199623,-93.0856080727441,-93.8395653332797,-95.46166744180722,-91.82538199612775,-94.57351288423473,-93.20706608699041,-92.76755011885595,-91.20789506539116,-93.64166461927563,-92.9491563257704,-93.2572904165535,-94.22274339855981,-93.37945914840812,-91.10591082480565,-93.34335482188,-92.91096811212441,-93.29274765191505,-91.72373974269779,-91.78837078719451,-91.00162872233138,-93.0486675475112,22,-93.72273628766655,-93.37945914840812,-100.35103100990682,3.2069148199972433,-1.3919184149789943,4.299752077068847
HDOK,PLOK,17472,46,46,-91,11,11,2,33,-100.23757122616058,-95.87810076323859,-95.37644877328658,-94.26838558118126,-97.60559221813442,-97.3127949883943,-96.693550854475,-93.8947809808094,-95.75237929156077,-95.53476732351866,-94.83662170375823,-93.71610754080407,-93.40367527803035,-94.69938753593111,-95.6296224243287,-93.01933395405055,-94.14320084219446,-93.8716825695112,-92.64819292416759,-94.50990256020808,-92.04322562443693,-92.80001394713477,-92.67025650830708,-93.6668580725383,-91.99970762976312,-93.32722751445827,-92.13076735719956,-92.0156406543023,-91.21287267489257,-91.35970631066546,-91.56352742770623,-91.50870874123325,-91.85258913549099,22,-93.97524851308704,-93.71610754080407,-100.23757122616058,4.2103848106473505,-0.9619253873538637,1.080927401729752
HDOK,PLOK,17472,46,46,-91,11,11,2,33,-99.36357521005404,-94.1214741337307,-97.25826273580972,-94.71402177496223,-95.18501713129831,-95.37293742549392,-95.71985176190894,-95.15123130111448,-95.3384396495806,-94.118730844861,-94.29600424640128,-96.65002587734713,-97.27406732509054,-95.43953961435365,-93.63825909155577,-92.30993693024497,-93.00693594131334,-94.43795640036606,-93.51057860702177,-94.33533115934077,-91.75844677937222,-92.32065629691049,-92.3871312903935,-96.02637242208995,-92.2828437452979,-92.59875977267794,-92.44574911024485,-92.51729889000265,-92.08323345423808,-91.68090887832778,-92.81192455246067,-91.2550844146016,-91.60965708071988,22,-94.03091648027838,-94.118730844861,-99.36357521005404,3.680754102394558,-0.719216308674376,0.1796138045612259
HDOK,PLOK,17472,46,46,-91,11,11,2,33,-99.80825555314424,-93.86193320897472,-93.69938615350343,-94.17270863168075,-96.15123284771673,-95.62984767026265,-97.96692334191034,-94.77790933529752,-95.12796852263813,-94.52888731191285,-95.10427218528778,-92.11115725109214,-93.42713506570152,-94.06009582578778,-91.392715276127,-93.07919238974414,-95.01242194644955,-93.81617194404829,-94.82427837958991,-95.44651094344151,-93.79300386324535,-93.48914844073543,-95.12416304848402,-94.11788151983528,-94.39501088249826,-94.37150636668116,-93.82430489814996,-92.34948171635172,-93.240834037942,-91.74550321856081,-93.26144575411381,-90.15036346444978,-91.2795252263688,22,-94.0951871582342,-94.06009582578778,-99.80825555314424,3.2850044714145916,-0.7023366040064629,2.4044949814079453
HDOK,PLOK,17472,46,46,-91,11,11,2,33,-101.92326388878583,-94.0064919688014,-95.72879239672358,-94.91146837433187,-95.03217232617143,-93.33121659648528,-96.741958654306,-97.90759025815652,-94.9936823222017,-95.10632599029395,-95.77022123008472,-94.50126075819898,-94.55355797875258,-93.4569319726502,-95.37138058289963,-92.27707093820796,-93.11965184060442,-93.82832680296957,-92.44959064228482,-92.26916980543513,-91.69679121532555,-92.76894605728178,-93.64646076603259,-94.98378761461487,-91.81103203215949,-93.16045391752752,-91.56763327587143,-92.67145163482537,-92.12754050938084,-92.7270797645236,-91.88197659531897,-93.08837540125135,-92.04145852975492,22,-93.98342765582464,-93.4569319726502,-101.92326388878583,4.34878931157161,-1.8215482461618238,5.0565092768941255
HDOK,PLOK,17472,46,46,-91,11,11,2,33,-101.17271438548585,-93.79733936677655,-94.74913650801597,-96.8478455329028,-96.90400224566797,-94.24964036514226,-96.96276571485848,-96.12986088551737,-95.07020616333652,-95.00450190673814,-95.43946564360297,-94.47329431365864,-94.33625959728285,-93.63915063091018,-93.22401107933973,-93.17967114420321,-93.4883115702227,-92.29148224711379,-94.0184131680863,-93.38313966851163,-93.65773082734991,-93.78387046531167,-92.78238677446723,-93.59078960863735,-92.95514836703988,-91.8850142284265,-92.65491277979163,-93.22579063565288,-90.30154430352616,-92.2085673594336,-92.04839799552505,-93.59272957636713,-91.44912224077558,22,-94.01506719089936,-93.63915063091018,-101.17271438548585,3.898486195449208,-1.4442585765384914,4.06327075933809
HDOK,PLOK,17472,46,46,-91,11,11,2,33,-101.84068165057703,-95.41872085633567,-92.16882350176154,-94.41708065099067,-95.67051186941158,-95.26109023956161,-93.96871178283527,-96.73602371788412,-95.17329533297595,-94.06935902349889,-92.48855693663943,-93.13257755151133,-94.48140275391233,-94.87779008860957,-94.89070614549298,-93.01554121944363,-92.51535363927236,-93.58223073567325,-95.33643090647506,-93.58037840243865,-92.08894384854558,-96.43421994372454,-93.74032023908934,-94.15403774898638,-92.94722267377541,-93.04671257208851,-93.03800931124516,-92.8646733204643,-93.94943596706345,-91.94812132721297,-92.15947038638743,-91.30529743466533,-92.336813940978,22,-94.01934987028868,-93.74032023908934,-101.84068165057703,3.6946574165331905,-2.057090499957294,7.0480658340052305
HDOK,PLOK,17472,46,46,-91,11,11,2,33,-101.56092630766788,-93.74746277644168,-96.11898820553725,-94.66139613561282,-94.56783333238741,-96.10678454517978,-96.53929221136055,-95.2955394021877,-93.70697521475267,-95.73561094849843,-93.22255240356155,-94.32718746488615,-96.10888612934784,-92.51311977739277,-93.80577640704752,-92.70424923081995,-93.3453193267166,-93.2206924475736,-95.1177478769681,-94.01649410886064,-92.31936139461307,-93.29804714736072,-92.22378652965287,-92.08400719592419,-91.80348506749014,-93.7294883916831,-93.51648471075025,-91.82162819067375,-90.6432379436771,-91.677884328767,-92.24419598557158,-92.10356731491609,-91.26146721795305,22,-93.79240835369194,-93.51648471075025,-101.56092630766788,4.210712455752513,-1.6336009085277532,4.768664912707067
HDOK,PLOK,17472,46,46,-91,11,11,2,33,-102.28129729461894,-94.53599080363422,-95.62581059304104,-95.18104345937006,-97.40132955885021,-95.20132560556723,-96.48652562444941,-96.69846545670863,-96.39742585141721,-93.1144384765907,-95.709553683906,-94.1910057334478,-94.19231692948834,-93.38940182890356,-93.34713732131628,-94.06435542685638,-92.14396890437402,-93.0976589244578,-93.40526890160064,-93.03250043115415,-94.1948938137189,-93.60080585961107,-95.89423205004663,-93.58007676395974,-91.28242950166339,-92.37980726023048,-93.97738325520592,-91.47703380442827,-92.91770386041917,-92.60374858784205,-91.02230864876555,-92.05859697529468,-92.35199521888177,22,-94.14660110332787,-93.60080585961107,-102.28129729461894,4.647367507977895,-1.636131888595184,4.728702618265805
HDOK,PLOK,17472,46,46,-91,11,11,2,33,-100.91608303182173,-95.81439634809048,-93.97220509478865,-97.58993974510419,-96.4347009705636,-96.09972096827892,-96.52553050536994,-96.55991430536571,-95.98997963203321,-94.24699598950029,-94.00215615463864,-93.29857939962976,-93.38261432900407,-94.13058956147174,-92.34551958516951,-93.09508568932044,-94.42060761373305,-92.512925096388,-92.97298789984804,-93.7181665079108,-93.70765622929109,-91.99883262105217,-93.22714760409049,-93.93168086863278,-94.01284790680566,-92.36914232571029,-92.53549084890932,-92.95205031589296,-93.90755027704336,-91.86979133323979,-90.08297775636974,-91.82960964576993,-90.94290546526551,22,-93.98170853412437,-93.7181665079108,-100.91608303182173,4.357587090998389,-1.1159068672065382,2.3933762117880044
HDOK,PLOK,17472,46,46,-91,11,11,2,33,-101.88130606905311,-94.59551719532571,-92.80143320724058,-95.00894216144673,-97.0734456698776,-94.88583179090024,-94.43736028919422,-96.74416421764393,-95.83587524363676,-94.60963992698545,-94.37886466024102,-93.01329321244613,-94.58573748954386,-95.07953452191244,-93.82620553318253,-94.25975522263133,-92.09992984391396,-95.06160900245048,-94.41445178235261,-91.41098488227948,-92.57181942918328,-92.958393197249,-93.20184379107582,-93.4872475016379,-94.19168224374575,-93.03674315156115,-92.41012408505713,-94.19006419354669,-91.64084575148415,-94.05894231183332,-93.00361987323744,-92.0522616902414,-92.67738950650308,22,-94.1056017772307,-94.19006419354669,-101.88130606905311,3.6437563248446705,-2.0644389406449895,7.22988444630384
HDOK,PLOK,17472,46,46,-91,11,11,2,33,-101.33238964036696,-94.34284536632325,-94.67362800444505,-93.96386501830722,-96.39823725271044,-95.56363671542019,-96.44355067890658,-96.10939090636877,-95.81014610343642,-94.09662533913043,-93.91556133903484,-93.13291494307559,-93.59382487240067,-93.94292409700203,-93.85192427339712,-93.55044197843996,-94.08091167699598,-94.00093676867395,-94.19733111514508,-93.55584337578766,-94.64326903168536,-90.70370588950237,-95.0276682729333,-93.18033280336864,-94.11257354294987,-93.56805172009553,-93.16184913264638,-91.82027617875389,-91.38161117500654,-92.62363114031011,-92.65160211402183,-92.65535504931859,-92.37563418459506,22,-94.07462090001684,-93.94292409700203,-101.33238964036696,3.3674288508554557,-1.7505480863299032,6.383314094497406
HDOK,PLOK,17472,46,46,-91,11,11,2,33,-100.77267527871538,-94.66817650134755,-95.86590328563604,-94.93622496015499,-96.3630996896983,-97.05563318534291,-95.72936779970716,-94.46740647676553,-96.51995166194583,-94.31306563579021,-94.92737878151073,-95.96150712987955,-93.34221299881362,-93.69685625424782,-93.91594834939636,-93.03498878378608,-93.62275030232185,-91.76257593317492,-93.20562690911011,-93.82778606391808,-94.25421280442012,-92.55928317897211,-94.65807857338223,-92.49564765480329,-93.31673788943714,-93.53402210823167,-92.61234572076734,-93.46718415121654,-94.28606266269894,-91.9881462830047,-91.22495334524584,-92.45182940376012,-91.98991745702568,22,-94.14628961255238,-93.82778606391808,-100.77267527871538,3.4097846604431195,-1.3951180461138388,3.5939387260781674
HDOK,PLOK,17472,46,46,-91,11,11,2,33,-100.76002100535716,-92.9386810897613,-95.4907455816534,-96.19647429214203,-96.82010761859416,-95.24140023753448,-94.76711452857089,-96.92584551987252,-93.88494526533732,-95.30119022202894,-95.69590622616448,-93.55180461879428,-95.28936288761554,-93.18682505045402,-93.18708903901124,-93.09175135412207,-92.94112288743979,-93.11696723779569,-94.81387368813091,-94.35991939952834,-92.12003930054051,-95.55657447526906,-95.1070860347081,-93.18999109751397,-92.25600798210687,-92.86375599920217,-92.59258033184821,-93.4010486074224,-91.43949031069002,-90.67471094170203,-89.86795750077545,-91.22944279029193,-91.54607275745963,22,-93.92139108725571,-93.4010486074224,-100.76002100535716,4.439160717847748,-0.8153903189990112,1.9716546473969125
HDOK,PLOK,17472,46,46,-91,11,11,2,33,-100.08850812848247,-94.21262046370423,-96.131268765235,-94.6446209874301,-96.28710023574874,-95.66956636518236,-96.24380542751594,-96.26646465398048,-96.4598051041725,-95.8494702430965,-93.74525345158884,-94.46083356342615,-94.62632524973922,-94.34916725072823,-93.35824388519453,-92.37827042071561,-94.99135894508129,-94.27606084083708,-93.33199261070726,-93.22114809136497,-93.30876669793207,-93.7576704623368,-92.64900500657964,-92.54566811282491,-93.9014689481124,-92.4212913405914,-93.00961829869631,-91.87705171638386,-90.4347450896019,-93.82619788264813,-93.02322823413427,-91.84168304263136,-90.7800205555672,22,-94.05964545672641,-93.82619788264813,-100.08850812848247,3.537886617523833,-0.7710973726594835,1.866292929890561
HDOK,PLOK,17472,46,46,-91,11,11,2,33,-100.22783183499824,-93.56504132455852,-94.61122667865132,-93.9500488374014,-95.64129104549563,-96.17189601481122,-96.53891427579912,-96.03797407344253,-97.82181334501962,-95.16330091994061,-94.39850275951001,-94.53711351399322,-93.18619511428798,-94.91270229203354,-92.78159989431747,-93.79159159483125,-92.63837904540857,-94.21177239422907,-93.47393516064946,-93.93731614323114,-92.66284997046334,-93.41950885133352,-93.06364313643665,-92.26337726122937,-92.24639214810927,-92.96006213993056,-92.1220440086474,-92.13737173395076,-92.42400772189418,-90.90976420628887,-92.65232232862384,-91.71696141733177,-90.49661888930582,22,-93.8385869720047,-93.47393516064946,-100.22783183499824,3.8368828210671855,-1.1706995788144547,2.237180994121213
HDOK,PLOK,17472,46,46,-91,11,11,2,33,-100.32717140891405,-93.65399515905771,-94.53264035250268,-96.66446335443959,-95.57343471130756,-96.69328731756256,-95.75743476820716,-96.31540374647426,-96.77140924333386,-95.55050253259878,-93.92024565533612,-94.3430110247297,-93.51324806920165,-93.14673142140138,-93.7643114429239,-93.1149870102379,-93.12580981250973,-93.91993801225827,-93.59686747277006,-93.46095138127835,-94.04818273310715,-92.08442681816088,-91.61859501706685,-94.90513344941529,-91.46848339605123,-91.94531412469512,-93.43984839969416,-91.51741449359422,-92.12026480508143,-90.5270692482591,-90.68077200227327,-90.09971623567338,-93.17147062878554,22,-93.79916773481526,-93.59686747277006,-100.32717140891405,4.466676937534587,-0.7410461331627394,1.3389956019575728
HDOK,PLOK,17472,46,46,-91,11,11,2,33,-100.41530972634298,-93.41350946406752,-94.37573075685066,-96.18783008863582,-96.19584335398538,-96.19275789889345,-96.28763606890973,-95.77724224425957,-94.00833046740853,-94.36892582465337,-95.15411976820506,-95.64267364718606,-94.35658871437488,-96.19040345576767,-91.77310316911841,-93.38607410943293,-93.8884002005762,-92.43369128689123,-93.9845909053509,-93.82397060311023,-93.22522579875142,-93.40014904241669,-90.22337612420993,-92.78028599279972,-92.84667559575698,-91.20931471305018,-92.16474259498256,-93.13305462249987,-92.09733647635355,-92.00581200453684,-93.1624040723782,-91.72954274768911,-92.32105515056053,22,-93.88350626333353,-93.41350946406752,-100.41530972634298,3.8529478958180743,-1.0109937682155334,2.2124264308482737
HDOK,PLOK,17472,46,46,-91,11,11,2,33,-100.57244737996673,-93.54195589124564,-96.35512294048073,-95.26518854049617,-95.87490477659725,-95.45937359456234,-94.73314667996699,-95.07104940814187,-96.95763268731595,-94.43673649450136,-95.6301437181682,-94.823511817157,-94.29773488175954,-94.19463929381202,-93.81435630940955,-93.85565635868262,-92.83222024418514,-93.36505404518341,-93.56639360839523,-94.84636074874085,-93.88702304612606,-93.87580895662553,-92.50063799522198,-93.33415848744689,-91.68294686227311,-92.8225255789695,-91.7594646933927,-90.66842752231432,-93.45194363414201,-91.84345540955694,-91.88898558273057,-93.40419488968541,-92.24028461008864,22,-94.02586323294977,-93.85565635868262,-100.57244737996673,3.377026822711294,-1.2279301341856088,3.582096415016754
HDOK,PLOK,17472,46,46,-91,11,11,2,33,-101.01174563249069,-94.93484651561705,-94.14979368804144,-94.81984553353688,-95.40332417119704,-96.89464588963685,-98.5538055565173,-94.67071005272207,-96.11647553502895,-95.7652576657487,-94.94499942285849,-92.9347303176582,-94.28168251365159,-92.50789360616457,-93.3620817681904,-92.40252101113916,-92.82912420416716,-92.11622917660031,-96.64686082366416,-93.49386093255148,-93.20272048977812,-93.31105402941341,-94.19003163684573,-94.42957200878183,-94.60543955945866,-93.01911274556704,-93.72711380354477,-91.87192423105695,-92.04397896102935,-92.22601888026065,-91.94109767863173,-91.74558658632911,-91.29020850366693,22,-94.10437251913778,-93.72711380354477,-101.01174563249069,4.238751386687525,-1.3717079327484751,2.63163227087713
HDOK,PLOK,17472,47,47,-89,8,11,2,33,-86.5479667328995,-85.09802079449211,-87.63872346584158,-87.12837366444482,-88.05125046685102,-87.24024531707707,-86.42392268296582,-87.07676499180857,-86.27031050905401,-87.73759060163773,-89.62310789699009,-87.30262032119326,-87.96684777088963,-87.72246113030909,-87.64329257975551,-88.84403173390618,-86.97114617469798,-88.57496317929272,-85.04624971070652,-86.65833671396778,-87.35775544034463,-89.11137765024029,-88.03315705827553,-87.23913815531367,-87.20930016223704,-87.8491981563185,-87.27358217464379,-87.41737653731894,-86.45963715776652,-88.84982475305412,-87.34530190921942,-87.68107333221086,-86.93332438305944,22,-87.40382646390252,-87.34530190921942,-89.62310789699009,0.9432209205220655,0.18978800835364473,0.9724680496975329
HDOK,PLOK,17472,47,47,-89,8,11,2,33,-86.00627404230563,-85.28244110066004,-87.03203839037249,-88.16013431945248,-85.61473212508976,-86.8190795887148,-85.05558826534485,-87.25680923877192,-85.1056851663121,-87.5667592477507,-87.67715196230112,-86.54730469823636,-85.39042430397224,-88.77175375302893,-88.28419319680006,-90.93204460080892,-87.63104399455905,-86.94893172275663,-87.53624352378996,-88.56207472904465,-87.68587364277481,-89.12352632093817,-87.37653807955932,-88.36130848549104,-88.22519466081233,-88.90415170933598,-88.3183250837882,-87.80816355720287,-87.17334010722674,-86.98529249999521,-86.07304213256933,-87.22674189855039,-89.29714098639045,22,-87.41634385256688,-87.53624352378996,-90.93204460080892,1.7155937076038406,-0.14023914869879542,0.3376407855527752
HDOK,PLOK,17472,47,47,-89,8,11,2,33,-86.0549509149989,-86.5331081190375,-89.12785819676148,-88.16483211867752,-87.10715867929355,-86.85451189705353,-86.81821884038608,-88.48911456853968,-88.67491949541511,-88.05085610107844,-86.77647039526303,-86.8993941790295,-88.73004985689839,-88.00578693728623,-87.74574922429933,-87.90635648758209,-88.38538248282921,-87.62851789247661,-87.30736079954343,-88.31490920699366,-87.67155743711442,-87.84224870752078,-89.41584714099731,-89.06803279409452,-89.13878990315618,-87.77561968929865,-87.8761435456553,-87.0126898026059,-88.56438632594828,-88.54050107103942,-87.12506629624855,-90.22864232478908,-88.37583535009635,22,-87.94578384187903,-87.90635648758209,-90.22864232478908,0.8369804217304933,-0.17430968354709578,-0.10164865144615698
HDOK,PLOK,17472,47,47,-89,8,11,2,33,-86.22512827817356,-86.18268879706787,-86.35941267465262,-87.9882921276627,-86.94692398353659,-85.74393847328142,-87.37149231313226,-86.26974346483655,-87.68234115439041,-87.66604881795813,-88.4057175282775,-86.25693925729357,-88.7570041988271,-88.32716067245892,-86.85397973909538,-87.63386528495337,-88.6402242614863,-88.72536391821168,-87.44002074946118,-87.81895549683385,-88.47316152747436,-88.50366201431041,-86.60295369529624,-88.22958096867704,-86.71463616928466,-90.4963784399179,-89.02620263699269,-88.31124824632964,-90.55873911060603,-87.99436044752038,-90.62554803623642,-86.78573212202706,-88.21042346279592,22,-87.81296569906243,-87.81895549683385,-90.62554803623642,1.5417661890335732,-0.5623245945453795,0.12766771827510404
HDOK,PLOK,17472,47,47,-89,8,11,2,33,-85.54553504245501,-84.3177977015187,-86.55000805803486,-86.78308431123496,-88.66902901953867,-87.57061027930101,-87.81938291181497,-85.49074729675475,-86.85686554746118,-86.89000979189994,-87.33231786859147,-85.7782019308621,-87.23651586404475,-87.61799657615676,-87.95391547075151,-87.41847586314944,-87.22300250505212,-87.26246929051464,-88.30931527658454,-87.53476713831742,-88.10398175633782,-88.83258647662156,-88.64175240595138,-86.68330611299783,-90.66316910484817,-86.66005819499985,-89.52400236623527,-88.85435464038171,-88.77557423102131,-88.37215781476586,-88.56691447752351,-88.46724549763358,-89.12629468642983,22,-87.61913471241779,-87.57061027930101,-90.66316910484817,1.6099564881720654,0.2635575352469715,0.6372558916665367
HDOK,PLOK,17472,47,47,-89,8,11,2,33,-85.92386613559668,-84.21348548984372,-87.56119874788008,-87.07074410099247,-85.42539215575735,-86.6929717377874,-86.8926607006833,-86.97539818453929,-87.3923799902925,-86.981612999792,-89.25216470710794,-87.01489119527392,-88.40636122398858,-86.579177797154,-88.28087307849326,-86.08972139607168,-89.13216336372655,-87.2876663584363,-87.21175497550854,-88.36215249171572,-87.57279673536479,-86.61800201323159,-89.18797818269445,-86.47790177497393,-86.84715770104432,-87.8661606415714,-87.86595887818746,-88.25173722193507,-88.29503865371635,-88.2314566342563,-89.17857630546781,-86.85273210434991,-89.68834644213115,22,-87.4448630339262,-87.2876663584363,-89.68834644213115,1.378504895128284,0.2931781975831056,0.4825010671011416
HDOK,PLOK,17472,47,47,-89,8,11,2,33,-88.9486168100642,-87.04632678048712,-85.79212326338819,-86.32413380543676,-87.56759662958692,-85.17082547101631,-86.53296954567637,-86.04780512485526,-86.97449146677455,-88.21577188930334,-87.62553613606691,-87.96717505642769,-86.96238242905594,-88.31574235379382,-88.8907878023015,-87.46529638676249,-89.0643009810678,-88.34532810033117,-87.81990355285755,-87.40508866127709,-87.63937598849309,-87.22625487790285,-86.83041452039892,-87.55211080513678,-89.05030703825668,-87.12599252314311,-89.2152446782136,-88.39814880660025,-87.486232852952,-88.78686345634893,-87.5143140231615,-86.82310676244138,-87.41936634345659,22,-87.562119240092,-87.5143140231615,-89.2152446782136,0.9422464254579963,0.25185470123259257,-0.10377105071529558
HDOK,PLOK,17472,47,47,-89,8,11,2,33,-86.99314812624023,-86.08766929701864,-86.46110107483962,-87.62348873747743,-87.53421934899843,-85.44129634844839,-88.92867401040402,-87.62312173270921,-86.4892116417871,-85.62751524448723,-87.11425224282857,-88.44718454214222,-87.22496839196167,-85.86230511321627,-88.00520338289786,-86.74866824488748,-87.11813194633143,-87.36829709131126,-89.80242835699715,-88.18934707494022,-87.10030436957071,-89.47919927182896,-87.65860955367987,-89.30340285609704,-86.33016048791592,-88.48049292921309,-88.35573524259824,-86.80656130540737,-89.58685057061844,-88.58559995762305,-88.3789066865596,-90.28030686937835,-88.33172436060478,22,-87.67782080033393,-87.62312173270921,-90.28030686937835,1.494376982346859,-0.18955598278439517,-0.5887686075975678
HDOK,PLOK,17472,47,47,-89,8,11,2,33,-86.67682061576211,-84.11683436346084,-87.69165701113498,-86.29101252190326,-89.81120549754077,-86.86945397767762,-86.28682263046848,-87.71437195153428,-86.65921155220337,-88.15656020537915,-87.49779265400747,-87.81170192875734,-88.66623300395585,-90.09457354468948,-88.2829661585431,-88.16675565831204,-87.61124181122824,-87.45038721327724,-89.57628077643184,-88.52017409598228,-87.03058639780498,-88.30601771152628,-88.24588087569954,-88.34600739717136,-88.68476162977734,-88.18807732582357,-88.56126995128136,-88.28093808999033,-86.99430488970341,-89.4818661602411,-88.7945315685525,-89.69029299958261,-88.6275910651767,22,-87.97527827983576,-88.18807732582357,-90.09457354468948,1.4199760512543922,0.8382124952011417,1.9769685492775637
HDOK,PLOK,17472,47,47,-89,8,11,2,33,-87.11973261685932,-85.78383658855114,-86.80537851368425,-86.77154409527985,-87.35047001257368,-85.86446377625822,-86.88461687495612,-87.39121881309278,-87.21784690897033,-85.92778199177724,-87.20729805922745,-86.60906509932659,-85.92990161309497,-88.11204760176443,-88.36880165435717,-88.96639877729199,-88.2382233958717,-86.98322596537164,-86.36261755804523,-87.89562308401139,-86.80142445278585,-86.73317367968589,-88.17715425939198,-87.15203801757,-88.68742789481172,-88.72156882851603,-88.05983374329699,-88.13627697977286,-87.37220343981011,-89.24296227507523,-88.52926855132448,-88.51686925106908,-89.91492417329826,22,-87.51015813778103,-87.35047001257368,-89.91492417329826,1.0570041191018311,-0.22798823703799592,-0.538880266563647
HDOK,PLOK,17472,47,47,-89,8,11,2,33,-86.52594985433406,-87.3536361197322,-88.48974372964639,-88.10236667237923,-87.67940833099891,-85.65444157469274,-86.46690810745913,-87.95680613475498,-88.57624540113247,-87.21424061035091,-86.12238030560228,-88.42807632979869,-88.2077879024552,-88.71135302166758,-87.40028954701474,-89.72259412057213,-86.72994283185645,-88.92211502857423,-85.03880183050082,-88.08005349689215,-88.59020475994464,-86.51465604271553,-86.75185030037184,-88.26486658531023,-87.94817099894824,-88.17566943803956,-88.9340631728093,-90.41312402580424,-87.60331556220997,-88.5316184744945,-88.93173552223298,-87.2963090806934,-87.20454177791815,22,-87.77403838460327,-87.95680613475498,-90.41312402580424,1.2797976019700086,0.2142531033582439,0.2651655753775981
HDOK,PLOK,17472,47,47,-89,8,11,2,33,-85.25000395397329,-85.67425561559584,-89.5563789383133,-87.9565179346493,-84.6802039265821,-86.61755702710832,-87.67757853590695,-87.44317738830637,-89.10842610944923,-88.29285691910854,-86.21472018075305,-86.43487553801012,-86.05280498581297,-87.79727604394205,-87.3509968418212,-87.78381413008195,-87.46257813121025,-88.92622977229479,-86.71770701715968,-88.71608421494795,-88.90109496384721,-88.43362575400849,-87.40794331467491,-86.97051055789692,-89.85567244102596,-88.6854502797494,-87.40030538246097,-87.31302128009911,-86.69764798411214,-89.44421475181234,-89.99704595704414,-87.07818128737708,-87.36416281792476,22,-87.61402787809277,-87.44317738830637,-89.99704595704414,1.6533586930207722,0.11158271188917354,-0.3085106162383995
HDOK,PLOK,17472,47,47,-89,8,11,2,33,-86.3103819429012,-86.08650196815974,-87.8953357151615,-87.38763796177501,-85.72199731868272,-86.90794055174057,-87.22734441368652,-86.60132394525718,-87.30738909313631,-87.3167028495405,-86.4959382917151,-86.90500516002137,-88.54035401617917,-87.60134777362583,-88.60504124499109,-87.5104017984802,-89.63737951511774,-87.91250415877734,-85.9594308636532,-87.68986201462018,-88.25302620893768,-87.53420543606694,-89.3093944094131,-86.50146122518201,-87.90733977577672,-87.55264515347571,-90.85343766868928,-87.95450654939481,-88.86896337061867,-86.20103146534076,-87.255039152752,-89.14994731244474,-87.73081239526994,22,-87.59671608244193,-87.53420543606694,-90.85343766868928,1.2551163233432339,-0.7330089545529291,0.8509849501701203
HDOK,PLOK,17472,47,47,-89,8,11,2,33,-85.37795991610224,-85.43230521837343,-87.95681862279021,-88.43773102644089,-86.17401398325501,-87.18237747140459,-85.89444004689969,-86.60543821732129,-87.76320590459746,-88.39416194033471,-87.13993544672014,-86.47289577531423,-87.4349232154118,-86.78763789452974,-88.42856689146778,-87.33310222363538,-87.21729793039279,-87.6844053791451,-86.88888027540025,-88.23509794461471,-86.97783518042252,-87.74430123412385,-88.5170519801926,-86.64069879035353,-88.74213670274773,-87.80566615932278,-87.08530764901839,-88.79132087289624,-88.22823338938683,-87.76126481249351,-87.85395344641276,-89.33532603259319,-87.5662706760538,22,-87.45122915909603,-87.5662706760538,-89.33532603259319,0.8844151226526545,0.35452016675928893,-0.16290020917776094
HDOK,PLOK,17472,47,47,-89,8,11,2,33,-85.70735755514912,-86.04157057278051,-88.82282043369925,-87.84844632899608,-86.64144763540611,-87.32743264589416,-88.5099279226453,-87.9012203634558,-87.00301847220845,-87.65022663157896,-86.7052364572141,-86.0467969445328,-87.96953581437565,-88.19296307418632,-86.89166285266437,-89.0242625029011,-87.96216375347379,-88.51580407018092,-87.38975695126287,-88.83793580145507,-85.65198525487129,-87.9221608890741,-86.90251070353062,-87.93780590862727,-89.22716033212805,-85.85444411711147,-86.61003485464022,-88.39204133225427,-89.12526280689308,-88.42874796598666,-86.4659521783149,-89.34210752305567,-87.51835552985311,22,-87.58691382364854,-87.84844632899608,-89.34210752305567,1.1440289006539228,0.20083349192381672,-0.9928578959309284
HDOK,PLOK,17472,47,47,-89,8,11,2,33,-85.43858538491031,-86.22205579227162,-87.3157211203125,-87.71730491004712,-88.34315367041987,-87.10303081492894,-86.74414705586909,-87.37865720503835,-89.05606001551486,-86.23950658310514,-86.53627163459146,-86.97542968156158,-88.3165325125529,-87.4585323817857,-87.19065685430857,-88.38691359061296,-89.08142903112719,-87.55221770039473,-88.23100696353282,-86.71152360263146,-88.73952574380459,-88.01884746575469,-88.09945177371227,-87.6865550473435,-88.1007358178847,-89.32535198384996,-87.06149917086046,-90.1730864994579,-87.97157716985514,-88.4076401181284,-88.53947214012182,-87.73648362642828,-89.22896804547896,22,-87.79054336691506,-87.73648362642828,-90.1730864994579,1.0139194656573536,0.005649207620827937,0.06461972417086281
HDOK,PLOK,17472,47,47,-89,8,11,2,33,-88.55650167363108,-85.77007555207112,-85.30022148176609,-87.3620106271066,-87.2575962668467,-87.2157983378349,-87.67269289276497,-86.96884490643635,-86.00451267262936,-87.3995645971825,-87.36806675696941,-89.3033628520234,-87.12489733969444,-87.77745462110873,-87.3308038351837,-87.14202749836181,-86.62771273450592,-88.06517554148242,-86.95946427558356,-86.516690196785,-88.21392782892177,-87.08939825088731,-87.84369499987122,-89.43406209845715,-87.34980884606446,-90.27003633679317,-88.4057017281339,-89.32848138373602,-88.08626834496334,-88.92828398062471,-88.51952279096226,-88.31535724036269,-86.95967026680353,22,-87.65053602292572,-87.36806675696941,-90.27003633679317,1.1417182165499096,-0.23759267498512712,0.26786954424177933
HDOK,PLOK,17472,47,47,-89,8,11,2,33,-84.86072529134651,-86.54757391490999,-88.2957466706046,-87.66328782742806,-87.97217009398877,-88.85512661973301,-87.7561112599738,-86.91107666462649,-89.08556974907987,-87.43858259609141,-88.33065278545176,-86.55133009512427,-88.69206633040898,-86.75928097975945,-88.0805761045345,-87.9467617749365,-89.34389727276246,-87.51237357306755,-88.11935923022922,-87.83728926013531,-87.16651617521663,-88.31637531415532,-87.41570482100116,-86.95387750461103,-88.16138306271519,-88.57563445144768,-87.83373688343201,-89.93009449037422,-88.24429344120166,-88.69920767877171,-87.86947429185058,-87.72725349777357,-88.04796985260475,22,-87.86366907755601,-87.9467617749365,-89.93009449037422,0.8583745793265607,0.733910343802784,2.3846004075380187
HDOK,PLOK,17472,47,47,-89,8,11,2,33,-87.38541043938991,-86.44908737535823,-88.05922375865961,-88.41339939300485,-87.15609301153606,-87.5238739844671,-85.14430741344393,-87.7555911449986,-86.80435377080543,-87.64899828009237,-87.08994625591093,-87.82820489633778,-87.28880531384995,-87.81900146568334,-87.54693431571809,-87.19021171890726,-87.72797565683402,-86.53962440500815,-88.14450577859341,-88.61407686628604,-85.79927108638746,-88.7667170160083,-87.12061946409051,-87.99678358791023,-87.2502494577911,-88.92568431038006,-88.11961260638161,-89.2823253086788,-87.98349455332688,-90.4568360693004,-88.35915192590662,-89.3075681739978,-88.8593747096398,22,-87.76840343983895,-87.7555911449986,-90.4568360693004,1.0500422094420414,0.014134096073391913,1.1202955774276115
HDOK,PLOK,17472,47,47,-89,8,11,2,33,-86.24881365232464,-85.96175166777628,-88.81935444921017,-87.34134096343567,-85.54317095831261,-88.087770291982,-87.7051771528268,-85.77748255189113,-85.8285233369829,-88.12527127480138,-88.78517178641606,-87.81534681603932,-87.27808412962742,-87.83170466641128,-86.60767946424284,-87.87714111593199,-87.86684676257184,-88.1873236504983,-88.74960158799068,-88.55019324588659,-87.86687765932565,-87.37210521501135,-87.38360692187375,-87.90466297927534,-88.18746962651086,-87.17873347767377,-87.71452393207865,-88.63553159412662,-86.48834217840142,-88.36082759920401,-88.31537435403216,-87.8395065450143,-88.25511826093737,22,-87.59061908692802,-87.8395065450143,-88.81935444921017,0.8263557883683992,0.848403982512549,-0.17914248124736964
HDOK,PLOK,17472,48,48,-84,10,11,2,33,-89.73453019532285,-82.7302471079157,-85.67759826346648,-84.34104505363293,-83.7987580912778,-82.32486046775531,-83.92161892213493,-82.88847783931247,-83.394298964509,-84.98415911552435,-84.38041658740448,-82.612758090708,-84.02982872905791,-83.39326624085174,-83.39374086410628,-84.69404265974777,-82.91612275460996,-83.1888495293611,-81.00973261010758,-84.70954987824673,-83.63828247755403,-84.16802010491226,-82.1433648063027,-82.56280713006132,-83.92629907646362,-84.49112896748322,-85.3792158155919,-82.79219282597415,-82.90403356657029,-81.94706303565921,-84.82224869879464,-84.38575908699846,-82.3682547341637,22,-83.7470476451995,-83.63828247755403,-89.73453019532285,2.226902935522067,-1.8084960371610037,6.708560800943969
HDOK,PLOK,17472,48,48,-84,10,11,2,33,-89.91985243778569,-83.08605586384198,-82.41736659717824,-83.05895709547666,-84.03872496433824,-82.68331034126125,-85.43795607485964,-81.84166415329813,-85.19384525066567,-85.59368846395378,-84.23816432214089,-85.41929603776045,-84.4869863888266,-82.48343890852631,-84.1427674798615,-83.87844384958444,-84.1069851918567,-82.1147879526099,-83.69878426297586,-83.37715853695954,-82.77201161336527,-85.07077722965795,-83.12322086888254,-84.90062841732036,-84.83073859192899,-84.11116889804933,-83.88992114905916,-84.01156135585317,-83.93128216634705,-84.3626154941724,-84.08270386775106,-84.65638558832754,-83.33818530637028,22,-84.06967984002566,-84.03872496433824,-89.91985243778569,2.0056052777011235,-1.9797210917997239,7.71334731178629
HDOK,PLOK,17472,48,48,-84,10,11,2,33,-90.5487487698272,-83.71003340158083,-85.11273912090088,-81.0264590832912,-82.36592790413611,-82.60127144711066,-84.22506352518666,-82.81852140061078,-84.06174597276362,-84.30630049974717,-84.13314250343905,-84.02926718933521,-84.41882970853307,-84.76186765274453,-84.29008162347135,-86.31213760610413,-82.10679336481837,-84.62518674302235,-84.56190702575181,-84.30671857828538,-83.80566037089072,-83.2807991294373,-85.14264133677261,-84.10412264721676,-83.25261669438906,-84.52165994224306,-82.28896221974816,-81.46418403813792,-84.28404688358357,-84.04408955802366,-85.46681604593618,-85.03339924153829,-83.96189391762029,22,-84.09011015594538,-84.13314250343905,-90.5487487698272,2.5729216038393163,-1.6517526068023585,7.142095593654416
HDOK,PLOK,17472,48,48,-84,10,11,2,33,-91.1319572973526,-82.3680334381289,-82.05690918934489,-83.65910292588457,-83.60195310049332,-82.78827281323773,-81.37485635023212,-82.78018794468527,-86.36310995895222,-84.62838126100762,-83.891617926772,-83.62988526684663,-83.90796366467903,-83.33649272343185,-83.77344158664962,-83.47668453579499,-84.03992470857303,-84.81871399057454,-83.15273045049027,-83.03860617360051,-84.97345462241317,-84.06113108936071,-83.15920781020314,-85.49159851680925,-83.8302980201877,-82.9452571584282,-83.83584113124508,-84.34328081987177,-82.8908298492835,-83.06002186321892,-82.99960135043526,-83.40009127136871,-85.66243512047478,22,-83.89308708878882,-83.62988526684663,-91.1319572973526,2.6567277096945117,-2.737198502868244,11.092595373755199
HDOK,PLOK,17472,48,48,-84,10,11,2,33,-90.6437913133621,-82.11810438481255,-84.65028062632504,-83.70227787917923,-83.28817975137929,-81.72264114220734,-83.82677878564994,-82.64530564122377,-83.43457897484832,-82.13108140501392,-83.72539925316494,-85.86770758184349,-81.93010420007495,-84.06582230516757,-84.90169353552855,-82.9889365880383,-83.23571731073132,-84.16348368986674,-83.577079138087,-83.78924105282191,-82.59632581250256,-83.94023462135151,-84.1275414099872,-82.65014787526283,-85.52043925205945,-83.2315401473978,-81.2699723526911,-83.1163295947991,-83.22987469259105,-83.32724446570738,-84.60376581664482,-84.21852430096355,-84.72039465829621,22,-83.72607695635092,-83.577079138087,-90.6437913133621,2.561668066689805,-2.3944831928621886,9.699835593263279
HDOK,PLOK,17472,48,48,-84,10,11,2,33,-90.88784132235573,-81.61632572386766,-83.59483016945646,-81.64701220327814,-83.25896007585415,-83.86261777987883,-81.58962485186044,-82.05744390505556,-87.50063654579084,-82.98101049739239,-83.55889293807512,-84.19052714757849,-83.81116922080582,-84.85117088994218,-82.04994137307362,-85.88425605183079,-83.65191599132638,-83.08287726710788,-82.95620827419712,-84.5367413635168,-83.62652603433766,-83.78368101275753,-84.21574403586239,-84.05250821723804,-83.33040203896925,-84.35920775487031,-82.63488607290334,-84.99421950547112,-81.99728974971443,-82.86093927211199,-83.68609470680835,-84.11522283641874,-82.94340530308047,22,-83.76273121614508,-83.62652603433766,-90.88784132235573,3.0696051466008187,-2.233859080309043,7.574866028493259
HDOK,PLOK,17472,48,48,-84,10,11,2,33,-90.59699245964825,-81.17649276149812,-81.30284605030833,-83.95027640935194,-81.1501609317185,-83.2643898597863,-80.68458473284689,-83.18442251207993,-84.92763888394529,-83.77374638145169,-83.79056384822248,-83.16331949038877,-81.78361421548608,-84.32161739318514,-83.89816554555696,-83.08938201727972,-83.12093375534869,-83.72967398729095,-83.90212964232896,-83.17539299894982,-81.92818213005748,-83.2502545299818,-83.44667761048147,-83.47059676188488,-83.88999116831167,-83.19702571064063,-83.41652826958908,-83.89664697129665,-82.4151816806895,-83.36718203875095,-84.26423732330136,-82.97247177981117,-83.29138520674223,22,-83.35735469873366,-83.29138520674223,-90.59699245964825,2.5907859523364043,-2.5087749351166737,11.916116506406413
HDOK,PLOK,17472,48,48,-84,10,11,2,33,-91.00788601104759,-82.79989252867242,-84.6131678953947,-84.27169380353735,-82.96277284550828,-84.86962990374792,-82.68417871240011,-84.06257069876091,-85.91209729499202,-84.03867004441197,-85.71491818491445,-84.21281247291186,-83.48151643796197,-82.94750115989895,-83.64457276209106,-83.4826980559506,-82.37907857733262,-84.89647163631395,-83.84931645437901,-82.60016711242719,-83.48138915760876,-83.04104798546616,-83.33248770689632,-85.60852694762923,-83.93230332178771,-85.24705378572938,-82.50770048393525,-83.88682448331878,-82.7691361636071,-83.6937961249843,-84.41460684475449,-83.21570116273875,-82.64944308401357,22,-84.00641302560985,-83.6937961249843,-91.00788601104759,2.443484244458633,-2.8222557234140657,11.339459433483107
HDOK,PLOK,17472,48,48,-84,10,11,2,33,-91.5765018708666,-81.01868429854757,-82.31579435750132,-83.40692969576855,-84.11109580618741,-83.58441365185145,-81.46704342325951,-83.1325445918996,-84.09526633301772,-84.16302944399604,-82.03231342505651,-83.90070421606916,-84.77447481847776,-85.10201507551217,-84.86932218324853,-83.466827616261,-83.45244863181466,-83.60410889785585,-82.96166578280646,-83.40604258313788,-83.72404689728161,-85.14185392077631,-83.01753483093175,-82.12196809935377,-84.84096598258286,-83.62202901409732,-80.82375533056735,-85.58384267337516,-83.08060017478668,-82.33522272641092,-83.01009665247113,-84.835242982503,-84.79031717397216,22,-83.73844555037108,-83.58441365185145,-91.5765018708666,3.2870630690736724,-2.272711901940161,9.749771298329641
HDOK,PLOK,17472,48,48,-84,10,11,2,33,-90.84281032630034,-83.35943951662368,-84.67874111623078,-83.03831022625964,-83.58238482182621,-82.91554946435762,-82.78466579730177,-84.05895451279038,-82.9561811979038,-83.08065496398629,-84.58028363811367,-83.82070052207152,-82.76043373787822,-84.13246914844,-86.38606494396365,-84.89944549198032,-82.8124652922213,-84.41017513836498,-81.6910565360019,-82.30108670113191,-84.89706452879238,-83.82326080047946,-83.91202684899507,-84.46281356824292,-83.15631406385602,-85.13231788744318,-83.10913871794116,-84.02128594100098,-82.73742022987614,-82.33822082423347,-83.39290377128718,-82.15307820600614,-82.41873354755215,22,-83.77716521301377,-83.39290377128718,-90.84281032630034,2.5590875885574382,-2.70797111113817,10.722796419091933
HDOK,PLOK,17472,48,48,-84,10,11,2,33,-91.94732784147688,-79.52670883152894,-82.28376212614263,-82.5242223614453,-83.78601448582447,-82.39092733846317,-81.58322727639003,-82.6060416951646,-83.49441531727335,-86.27244514846402,-85.91682826811906,-84.6507092916736,-84.5008325055312,-84.2684409997495,-83.35637900338027,-83.76132011455289,-84.25360534840496,-82.70728943332998,-84.41405800367443,-84.2524577118012,-83.73684103830972,-84.72817678418582,-85.21379225172541,-83.56031352678285,-83.49299208986274,-83.37032160815815,-83.96371390534708,-82.52701646584751,-83.4512701487314,-83.88658116931211,-83.7784684268818,-85.89901292800465,-84.0032361909698,22,-83.94268938292456,-83.7784684268818,-91.94732784147688,3.6347308169349013,-1.9514165762239262,9.058850998952064
HDOK,PLOK,17472,48,48,-84,10,11,2,33,-92.43284365619367,-80.8524194853056,-82.8359453371218,-82.48652204822169,-83.51832039744575,-81.20631364369797,-81.07331377295145,-82.85113678030915,-84.58923899512845,-84.32638636518716,-86.6385678104222,-84.3998726780076,-83.35934978387004,-83.13651266981373,-82.21711371307958,-82.21986752981971,-84.3189621103372,-84.07980125213645,-83.77172062954048,-83.79670606789885,-84.76027565019544,-83.35129344526159,-83.00927048016258,-81.79711969506052,-85.49318412316453,-84.61441778831724,-83.74218521823151,-83.94898562314127,-83.84652998497859,-82.49935636885223,-82.41003691113922,-83.54563809702813,-83.128482555216,22,-83.64417244446173,-83.51832039744575,-92.43284365619367,3.908154718580329,-2.6497482150920324,11.154426955526603
HDOK,PLOK,17472,48,48,-84,10,11,2,33,-90.6032876768252,-82.32378810362253,-84.02268889270604,-84.45712317967687,-82.56668649052868,-82.42877058601245,-83.31031172526819,-82.27710853372484,-84.5726474540043,-83.50727896993727,-84.00031454411476,-83.69038128637654,-85.00884046857082,-82.89609388784396,-83.63941174234179,-83.36471455261925,-84.5590537297933,-83.7556029525499,-84.25971866674688,-83.93164563588873,-84.9545498752753,-83.80200714414386,-83.34910953911334,-84.38737897046022,-82.91737043843237,-82.7538729693716,-84.07500901083881,-84.12278110867933,-83.26207940992732,-84.10027973690545,-84.21843234960457,-81.56410928178732,-83.51825992265529,22,-83.82426390413173,-83.7556029525499,-90.6032876768252,2.0754297217747397,-3.074780104093847,14.495868021891921
HDOK,PLOK,17472,48,48,-84,10,11,2,33,-90.27453157717811,-82.9790750135798,-82.89379603193385,-82.59089792903964,-82.3338748452629,-85.2060192735503,-83.56384842470264,-82.42806739019056,-85.68677259179508,-83.95841208412702,-82.66535716320443,-83.25904191039461,-80.60996475637874,-84.34348372360522,-82.32835260238313,-82.66438580610351,-82.32114888709906,-83.61476723857646,-83.45627855497463,-82.45036995343389,-81.22477329212548,-84.1830372261239,-81.5253822842778,-82.70357390487352,-84.74345970454591,-83.85092181043929,-83.12543966508001,-85.35749019022008,-85.25720986264841,-83.59447474551995,-83.21211150809123,-84.72433996594408,-82.76383937139869,22,-83.5119545239031,-83.21211150809123,-90.27453157717811,2.8128321665117197,-1.9227363922975218,6.882716153545239
HDOK,PLOK,17472,48,48,-84,10,11,2,33,-90.85284996506947,-82.2015973973181,-83.291730649261,-81.99060388562202,-84.51067743650005,-82.5592100902439,-82.79043333945158,-82.98970977790364,-82.49834602943129,-84.61467781684118,-84.43274334045768,-85.51631665228302,-83.26842512618155,-83.20744545409934,-83.07089622991525,-83.83727787367465,-84.2183220716245,-84.43294389255396,-83.73428025018323,-84.64318883739739,-83.90790881207904,-82.06403865306883,-82.24364562397419,-82.61940658384579,-83.86074050476294,-83.83880533520791,-84.79665146707983,-84.31069235513709,-84.75347277340461,-82.51710262391079,-82.9451470768361,-82.67135343261036,-83.67177178301253,22,-83.72310342851343,-83.67177178301253,-90.85284996506947,2.4301018319814243,-2.910416611445598,12.524972596673049
HDOK,PLOK,17472,48,48,-84,10,11,2,33,-88.87652094030443,-81.68826129282108,-81.6736210392363,-83.4271306294996,-83.3138679672241,-83.6674316944004,-82.87309926704057,-83.24397435805422,-83.63052197691592,-82.78042720830595,-83.56688814512545,-85.99923299055791,-83.39802481436645,-83.93103179165874,-83.58202208491487,-84.3515347779917,-83.55243589565114,-83.04835015695195,-82.5329677018198,-83.93742647967836,-82.40057083429062,-82.51265576738658,-80.92804733480746,-83.21892250155888,-81.93942547917509,-83.05392771135882,-82.63326585857165,-82.82847892617838,-84.79796578068206,-82.41285734304914,-82.624704558253,-82.74825158870264,-83.38569890944892,22,-83.28968314563582,-83.21892250155888,-88.87652094030443,1.835260798525927,-2.201301681036841,8.120284288063672
HDOK,PLOK,17472,48,48,-84,10,11,2,33,-90.90429955415038,-81.09401522210904,-83.28637854034562,-80.69407414299592,-84.04054168866776,-83.09553261288158,-83.12041867564912,-80.9840171522419,-85.06006787841942,-82.84960653618123,-84.26452643369227,-84.58063190332327,-84.36286067963074,-84.5894289709766,-82.79968101739482,-84.35046080770243,-85.10507226231245,-84.57990305908456,-83.2155305090029,-85.08226239894012,-84.51977207873121,-82.86303154327788,-83.25920213601182,-84.30955028285776,-84.5916549899439,-83.35166060343379,-83.64478543636245,-84.53196964743967,-83.25160441225718,-83.32650163461273,-82.74530204362297,-84.17629245762495,-82.98870831245705,22,-83.80664683710107,-83.64478543636245,-90.90429955415038,2.796308575339099,-1.959070397341372,9.232261831369733
HDOK,PLOK,17472,48,48,-84,10,11,2,33,-90.85439369304373,-80.68463968824446,-84.04952018867893,-84.10484502576023,-82.18307436476327,-81.21011384469139,-83.11430398173337,-82.04327906993213,-86.27506743232678,-83.63225525195526,-83.43138685825123,-84.85038543589611,-84.58963863384037,-82.40612044620711,-83.26667484447867,-83.37122736040078,-84.19726993327475,-84.70880301496013,-82.24682723622277,-83.1394943647779,-83.6079399051764,-84.16880691238967,-84.27905204207254,-84.09306222007473,-84.98023226447533,-85.03789805772843,-84.23266614663599,-84.54917255729639,-84.40387740574906,-83.03673066165413,-83.24740945014801,-83.69129650081734,-84.51449084504331,22,-83.88490774662729,-84.04952018867893,-90.85439369304373,2.8019024793178398,-1.9285231383871204,8.378364613807666
HDOK,PLOK,17472,48,48,-84,10,11,2,33,-90.89336625057788,-81.17882488720386,-83.89491961345132,-82.467192316073,-81.87634871035924,-82.98345409217185,-84.07200995966642,-83.86658544131538,-84.56235916642302,-85.35999754776816,-84.32508695979375,-83.58482572540144,-85.03313239972604,-84.74164768522691,-84.7000435725429,-82.92951198853541,-82.88417915062914,-84.87685937600239,-82.3238559033844,-84.15436885909484,-83.57775720197594,-83.58765439631328,-83.34528868249177,-84.43682197084978,-84.44395152436836,-82.50788018012025,-83.13864820281714,-83.12822127802339,-82.92407639680489,-84.99740372846479,-85.77174109558608,-82.8152095510211,-82.99065438965773,22,-83.89011752132853,-83.58765439631328,-90.89336625057788,2.610836750215834,-2.371320049876845,9.795796549248736
HDOK,PLOK,17472,48,48,-84,10,11,2,33,-92.17804005330652,-81.5852720833386,-83.80616065585133,-84.47431048816902,-83.21468937919366,-83.58878016013206,-84.15220230701478,-82.39779341376922,-84.90467643645637,-84.50790372065714,-83.58630501058057,-84.61834989586168,-82.33133416964918,-82.41604367568094,-84.39351056740963,-83.54783548149544,-83.34053645720206,-82.96951106189616,-83.8013583362522,-83.99537533788728,-83.19561764497729,-82.53605597270611,-79.84668586854534,-83.23283129690931,-83.97613551935167,-86.21179994309959,-83.59113978457594,-83.7303266772744,-81.50040626014142,-84.07263976256688,-83.2769138729058,-83.07230086360263,-83.77650462508,22,-83.69179838738,-83.58878016013206,-92.17804005330652,3.4994546433383364,-2.645607380070028,12.628331464661235
HDOK,PLOK,17472,49,49,-84,10,11,2,33,-80.85266056594784,-82.15808112248486,-83.94789331177188,-81.71994544451728,-82.68735565271173,-82.26812250676012,-82.88483633635897,-84.80594110190144,-82.84799121732851,-81.27708778248002,-81.13284336550338,-81.95469386443018,-82.06513907099968,-81.46119164700673,-83.11408991844213,-83.98515042364737,-82.14072666528898,-83.67203679903994,-83.36317196997197,-82.62329989562778,-82.78193303006276,-82.55127503792932,-82.35768094945752,-82.56583787921089,-82.74326455642492,-83.34002830946504,-82.95345400623125,-83.54304064634549,-83.3372099660216,-82.11271755175807,-82.20711103084642,-84.19763562121382,-82.25875961775131,22,-82.66400626863454,-82.62329989562778,-84.80594110190144,0.7921594634832284,-0.20729551662182144,-0.012618729660407002
HDOK,PLOK,17472,49,49,-84,10,11,2,33,-80.39053416447074,-80.20831550973561,-82.53762045302975,-82.20892623866986,-83.84492711950594,-83.2904155138379,-81.71294473135859,-83.11077967026905,-83.06388617735671,-82.94170112166347,-81.50339254435383,-84.22136563491244,-81.36098351052658,-84.37874969210935,-81.03801984229705,-82.53718179680087,-82.28709141310975,-81.0653304153813,-82.6490578634339,-83.12492172980775,-82.80206857385649,-83.06951345536137,-81.69208772200373,-82.89300637930383,-83.2716125905467,-84.55969549323255,-82.04017753206924,-82.4597133390546,-81.70195953002916,-83.59287279344443,-79.93749730808487,-84.04798635559489,-81.37533863592995,22,-82.45211135912551,-82.53762045302975,-84.55969549323255,1.3764282814663065,0.26472792686457997,-0.4471549228730036
HDOK,PLOK,17472,49,49,-84,10,11,2,33,-83.84992071609804,-81.61547051639347,-84.29129060883737,-82.70921566205853,-83.47267199018266,-82.33881279623405,-80.37707510464772,-82.2670093924686,-82.92445825426825,-81.88787596642736,-82.47096251202457,-83.5632309593459,-81.64757982287375,-81.96997188262996,-83.8540089241567,-81.84255666267799,-81.26231883263769,-83.49928621613171,-84.72385573292334,-81.02453123886713,-80.73659417804126,-84.1415800169969,-82.75881021033571,-83.70738321030097,-81.90074887938334,-83.47348566555245,-82.61494989140118,-83.09459010280582,-83.118980017856,-83.27886890264178,-82.67844882267276,-81.73536704370737,-81.94698565562268,22,-82.62966352694552,-82.67844882267276,-84.72385573292334,1.1018955132401267,0.11680706415816038,-0.5796256468845287
HDOK,PLOK,17472,49,49,-84,10,11,2,33,-82.21709983776435,-81.89919922728265,-80.77746495147065,-81.16250812407972,-82.40106573893192,-80.31233648906371,-83.41117284395293,-82.87946465805165,-83.67507769258222,-84.03164875581182,-84.21581118318699,-82.00277057831923,-82.76425816994116,-81.90600635732696,-81.78756449183182,-81.81234049407549,-80.69602665855122,-81.87280175458773,-83.99902514030711,-81.83560245485118,-82.38274438359062,-81.75737898587992,-83.29733104632395,-83.75456365999413,-82.32238932493189,-79.82490113208407,-82.68631557814403,-81.52878977803894,-82.29571682377316,-84.43963580926115,-82.035982505342,-82.18508148680256,-83.51434642653338,22,-82.35407341038395,-82.21709983776435,-84.43963580926115,1.2427072814408266,0.06673329324574455,-0.27076683338827445
HDOK,PLOK,17472,49,49,-84,10,11,2,33,-81.18504643206602,-81.00364901372433,-84.69367315041445,-83.18118587915119,-83.22962606987693,-83.24388568139385,-81.50002778519001,-82.42442146128299,-82.86574837415911,-84.35364151618599,-82.98509785646782,-82.96708337721807,-81.85828474029705,-81.75348357945403,-81.78862864514976,-81.70691319187783,-84.09777081716511,-82.49900042301569,-83.0394055155042,-81.41610662734112,-83.1504492731736,-81.09219992584673,-81.3030865323869,-82.04522080503493,-83.0650184022493,-83.32943472444317,-84.73821875932204,-82.74339820358459,-84.3969770776449,-81.25681791738083,-83.60237742765972,-81.26491446486483,-84.09947069561943,22,-82.66303831351959,-82.86574837415911,-84.73821875932204,1.2475176525643483,-0.20365952809174973,-1.0445607098677088
HDOK,PLOK,17472,49,49,-84,10,11,2,33,-83.16363877801298,-80.72184434844274,-82.46084966594779,-81.86901338249477,-84.48034167761132,-82.80713944626574,-84.44928002294404,-83.29159475916045,-83.28230470022795,-82.33974595588221,-83.84543717024772,-83.35091095125634,-81.79843515794676,-84.38305157803418,-82.76754325326658,-81.62448107589935,-80.67896205674458,-81.92122744618389,-81.3777279089824,-82.33052105303634,-83.92543732395237,-81.61826372440213,-83.17081122631218,-82.3865345411542,-83.8590131802984,-83.17392451805544,-82.61997856910908,-83.84851034218669,-83.20119195598986,-84.28754975786514,-82.08075430301196,-82.43684972838453,-81.7407441151587,22,-82.76647314165058,-82.76754325326658,-84.48034167761132,1.0587259223984895,0.10370731797579671,-0.7014066756625112
HDOK,PLOK,17472,49,49,-84,10,11,2,33,-83.56724074273026,-78.60651908058804,-83.20697953803418,-82.09727159287428,-84.33471756202059,-82.18471099573325,-81.85254868234259,-83.47956200484583,-82.99415288684303,-84.27217143628039,-81.73140418517083,-83.02661352083227,-82.93281394119268,-83.42513834598697,-82.66957622499977,-81.70442424881455,-81.73955949726596,-82.53252069029955,-82.2995662753382,-82.42328128107933,-81.13722111096115,-80.92160732401626,-84.29016670421174,-81.72363365642775,-83.66275429202325,-82.05503631804012,-81.72095069706137,-83.15204831382457,-83.71511311731041,-82.71530496680352,-81.95045993525603,-83.20680061481922,-82.01099234613113,22,-82.52554127667148,-82.53252069029955,-84.33471756202059,1.2626574058200264,1.0438871856917078,3.046371325596153
HDOK,PLOK,17472,49,49,-84,10,11,2,33,-82.5946506136201,-82.46476366688648,-82.632594267613,-83.58697298069414,-81.99097293863585,-82.26746936068128,-82.805647475059,-83.66749609170624,-83.39241705988222,-83.04287446309043,-81.06565482374774,-81.87700901433841,-82.59008310352525,-80.83754734436422,-83.92403138329544,-82.63246855652332,-82.08780609233574,-83.73924962362663,-83.14359588290655,-82.9338705753489,-83.66225076694226,-82.63932734879799,-83.40036038209911,-84.304955165624,-82.82537289356691,-83.02908482168185,-80.10427258356195,-83.2091621054152,-84.53649164572461,-82.48724180610758,-82.49257244532586,-81.98343629621225,-83.75636705062617,22,-82.77903244332019,-82.805647475059,-84.53649164572461,0.8827677240620272,0.7246649300960278,1.0747698148913867
HDOK,PLOK,17472,49,49,-84,10,11,2,33,-82.62937461842074,-81.32295645556866,-83.26027262907053,-82.14532286667038,-82.23509456508647,-82.5361221506957,-83.20388149334455,-81.95775248767785,-84.29629033622548,-83.38170601544707,-83.45652780353304,-82.48641438744036,-81.52095911455694,-83.5968479811477,-84.09409065254118,-82.85157098452437,-82.1531901473906,-80.67364961005974,-82.41824927032107,-82.367865194781,-82.77290154732111,-82.34610775795495,-82.93638793885229,-82.43076107730835,-81.61828267464922,-83.33728590054824,-84.62771936191677,-83.86710823339976,-82.81810567403647,-81.82195836561702,-83.87657869811456,-82.79383011099897,-80.8738058054663,22,-82.68815066396022,-82.62937461842074,-84.62771936191677,0.8599694247877109,0.05429875722633055,-0.17126111998571103
HDOK,PLOK,17472,49,49,-84,10,11,2,33,-80.63983996147203,-80.24156627355134,-84.0005013763717,-82.66865676267548,-82.48862768039835,-80.2445553143488,-82.00580475527961,-83.49194243519787,-81.03908197300308,-81.37767794146951,-81.5922586742051,-81.02112445978251,-83.03845452065376,-82.31679343568075,-80.56163398017667,-82.15543971771845,-83.32733884838464,-82.72074629527239,-82.83668015106868,-80.55591798645494,-81.0667551749735,-82.20343632475527,-81.50446372112533,-81.86222597600901,-82.19737429317355,-83.9355380908187,-82.64382250238505,-83.8913821559864,-81.83447707597738,-83.16421719528003,-81.92471286623518,-83.80735135215906,-81.41228385081949,22,-82.11432373099586,-82.15543971771845,-84.0005013763717,1.1889143009675904,-0.04517265882402555,-0.8992722681789109
HDOK,PLOK,17472,49,49,-84,10,11,2,33,-82.35305513107078,-79.71762169011993,-81.52053926585928,-81.14716337098375,-82.35030132210525,-81.15039479236815,-81.2729674689819,-84.31355558489417,-84.446860657328,-82.99486428415359,-81.67662730525846,-82.48525732084707,-81.83512718752098,-81.41229234468388,-84.16541932638353,-82.84737439996701,-82.22762766086525,-84.14694982973623,-81.2159292960423,-83.46849701828947,-83.6489534820833,-82.17928959802357,-84.66743595295783,-82.25445279750602,-84.01525434557944,-83.7039822620738,-83.08549219948435,-83.10410810629406,-82.72879577238082,-82.53744640889519,-82.68680671451168,-81.81028325948958,-83.74525180298951,22,-82.63381751393112,-82.53744640889519,-84.66743595295783,1.3319940942791182,0.18286539086556258,-0.30913744837402923
HDOK,PLOK,17472,49,49,-84,10,11,2,33,-83.92419145051451,-81.28281835714307,-81.74808984582756,-84.01678499801378,-81.26502153591855,-79.7339201299145,-81.73495839542682,-82.76542698857283,-83.87286499985848,-83.65967703284795,-84.91800329182536,-83.36272545082805,-82.15533315202494,-81.98502560811124,-81.57208769534842,-82.23295227054633,-81.61932623125172,-83.36848511026227,-81.9112936357641,-81.60474345195952,-81.62918161734848,-82.78514967834319,-83.78780589701756,-82.08008693729025,-82.13222743661254,-81.30293266039003,-83.77076092251963,-82.04188955337189,-82.98682077026541,-82.12135321799217,-83.50887567288162,-82.29805727470998,-84.3758341601047,22,-82.53196077063052,-82.15533315202494,-84.91800329182536,1.2428548076167398,-0.06917004015690781,-0.16028334324055704
HDOK,PLOK,17472,49,49,-84,10,11,2,33,-82.18744448508788,-83.32986529774888,-81.57430264566536,-81.96920208679352,-81.138778968116,-82.90291373295449,-82.45436217853651,-82.7684428688229,-83.41252545779834,-84.2981211979401,-83.87905067436087,-83.30805874915923,-84.04723426222833,-80.49255114349941,-81.61896080835281,-80.46413430853778,-83.82846563256668,-85.05548576512919,-81.67550646116011,-84.50728768089523,-82.14458644536205,-81.53959473248045,-81.05416870862601,-82.12663459339028,-81.31364145145587,-81.87997613003999,-84.32913384322772,-81.32709422099073,-83.93696609963021,-82.68243808849981,-84.83193002512547,-84.148694260477,-83.87132070446856,22,-82.7302689002766,-82.68243808849981,-85.05548576512919,1.6715462887592893,-0.040212686624822025,-1.1813570161389775
HDOK,PLOK,17472,49,49,-84,10,11,2,33,-81.90029857262236,-82.36824668325289,-83.20187680428269,-83.57859627928944,-83.09057530973419,-80.35403239765756,-82.59539076059706,-82.88904846069053,-84.63532173908108,-82.20077111971432,-80.36784985874813,-84.81047614740203,-82.16259858460926,-82.46098896952789,-81.61874913113722,-82.92271321245198,-81.57750154411747,-81.99104181878367,-81.90232557178547,-84.95095351475524,-84.30083779064685,-81.54913254174362,-83.487252000833,-83.86616842497459,-84.86467116194613,-84.46013314746848,-83.21920521642929,-82.82591481800952,-82.27052338638958,-82.95572419935134,-82.76810359574544,-83.2865104043745,-83.37044939145542,22,-82.87284795635176,-82.88904846069053,-84.95095351475524,1.3452273974954272,0.06928129938506454,-0.14553705606151635
HDOK,PLOK,17472,49,49,-84,10,11,2,33,-83.4230254309614,-80.38696473710279,-83.52856711970233,-83.73120117095412,-82.52122760414962,-81.40339519265282,-81.12515297498041,-80.6307320963683,-82.42251053062908,-81.23214563251574,-83.10399195083386,-82.66871355743228,-83.3788259541886,-83.64352703226369,-81.10328626769042,-81.76274333044991,-83.0437546588371,-83.42875446585498,-81.52898440240939,-82.01458681090625,-82.08055014424313,-81.29218297810337,-81.24121491278513,-83.54951384898311,-83.26246263040204,-84.08300311635706,-81.5390829335892,-82.25711582951551,-81.65133035489174,-83.08691703874797,-83.44058858116865,-81.93879965815093,-81.55178562140475,22,-82.33504965361288,-82.25711582951551,-84.08300311635706,1.0318745298991139,0.052995135814148636,-1.2670691149413154
HDOK,PLOK,17472,49,49,-84,10,11,2,33,-81.6599696451492,-81.30353949275012,-84.91324386186301,-83.06473162006408,-84.32653798503226,-81.09188050238535,-83.48554883792845,-83.59083998888069,-84.1861378872602,-82.50566848644031,-83.64972792507064,-83.8595624396832,-82.85518425984843,-84.18223430144637,-83.62792792891865,-83.82799886321311,-83.29220898545073,-82.71783928036427,-84.19001948841539,-83.85365253526118,-82.49972313466951,-81.85740608675451,-82.44731264459409,-82.65839969486055,-81.46302171813315,-85.02811254714945,-84.47080779931237,-82.05823330816096,-84.5622329813451,-83.1994736524427,-82.12420009226226,-83.61068564131148,-85.27087005174346,22,-83.25560405055043,-83.48554883792845,-85.27087005174346,1.2142232256707746,0.1971204477532489,-0.776313349606454
HDOK,PLOK,17472,49,49,-84,10,11,2,33,-81.1372754887768,-81.1801344569805,-84.26058884573378,-82.70772958329287,-83.78049734436841,-81.84420099790188,-83.66108991426808,-81.7418392167087,-83.57269027576342,-83.17954771554814,-84.12603142060718,-82.59929991823887,-83.0939531848994,-83.78082460862825,-84.10912486456604,-82.50750919591714,-82.21726825879925,-81.67317909707174,-83.3799871988617,-83.85872477178364,-82.93056404833592,-82.68975534269204,-83.44984079395948,-83.39494771102532,-83.29841202749998,-84.66266832293998,-81.95737522194477,-82.53497900343979,-83.05732163173619,-81.93163478655592,-83.2250604152739,-85.1322413090761,-82.85086317414522,22,-83.01597454991942,-83.0939531848994,-85.1322413090761,0.9069069935533354,0.05781159760912267,-0.32473231492127663
HDOK,PLOK,17472,49,49,-84,10,11,2,33,-83.07297083227394,-82.60763676175542,-82.42464051057749,-82.69644816326868,-81.86571381344606,-83.85161892476918,-82.83987173837615,-82.40108845840638,-84.35723911605824,-83.07884946507727,-83.29358284135321,-82.08857400766254,-84.49418518647896,-81.1431552893755,-81.95764703165523,-81.55081955476167,-82.95300728480863,-81.95217428823469,-83.35455841064366,-82.06870423877545,-83.47796371261185,-82.5193582669211,-81.29240375211857,-82.45600489279467,-83.20710358809674,-82.4087606343197,-82.97250806938227,-82.34567402911036,-84.16283051424885,-82.94209707407657,-81.8171747833138,-83.02584392779848,-84.63048245735902,22,-82.7669906551488,-82.69644816326868,-84.63048245735902,0.7520851552569271,-0.3736623937614628,-0.1816818246562999
HDOK,PLOK,17472,49,49,-84,10,11,2,33,-82.89621955352766,-81.03102191801106,-84.40198677074282,-81.833789464334,-83.2705484043798,-84.03066463559007,-81.01951931240477,-82.4138285246537,-82.14679945681311,-82.8260194930948,-83.60909862440839,-81.4033050654124,-80.74522012427089,-82.62342692738537,-81.95652205857616,-83.30126953248366,-83.57777141962625,-82.69757902272359,-83.30899987742983,-80.70903874933127,-84.3804026227371,-83.1920331492051,-83.38785827399427,-83.06072003237493,-81.52283990763766,-81.86692097662403,-85.2150299700384,-83.30904074454011,-83.64005862982556,-82.14687121650833,-84.8468057000272,-81.62653553084715,-83.70849882224452,22,-82.77897710641831,-82.89621955352766,-85.2150299700384,1.344143035091964,-0.002900011480537428,-0.6225326767849451
HDOK,PLOK,17472,49,49,-84,10,11,2,33,-82.51642336629881,-81.14734867816097,-84.28240545264089,-82.9192663475641,-82.53206714660071,-82.23880724974417,-82.81890855141741,-82.3269977228776,-82.57817978258993,-82.46736366661199,-82.28537855667153,-83.97795301943307,-81.47990375111276,-83.35219809745239,-83.45219751427788,-82.7736361237431,-82.74341466910002,-82.86849885947836,-83.61031989568625,-81.78594637908313,-82.0364826094016,-84.32879798828608,-82.69398541974749,-81.83801396203052,-82.11149400502805,-83.02890987222641,-80.98465078694225,-82.60521825465847,-81.64989407778891,-84.931679206157,-82.8346751854268,-83.37350027887611,-82.95420360975034,22,-82.7129915177838,-82.69398541974749,-84.931679206157,0.7666822985360254,-0.3985113842556914,0.39354109434989537
HDOK,PLOK,17472,50,50,-85,8,11,2,33,-87.18593567287814,-81.52316755224025,-83.07205383590316,-82.8534403459657,-83.19331878410854,-82.23260718404967,-82.31662217665938,-82.17978575989322,-84.03533168008799,-82.90662840866273,-83.1961748243543,-82.75089851979884,-83.07063603132015,-83.32811725450574,-83.56963343082963,-81.84642558958919,-82.47890895887923,-82.83356250202316,-82.85348987851984,-80.89157870100327,-83.8063962919291,-83.17277271713701,-82.58569641213938,-83.30454838476973,-81.06433646848791,-81.89380642788434,-80.35816336217465,-81.30754489702687,-82.68650072076821,-81.36070552905136,-82.36141559469223,-83.35298776420947,-83.14953312592733,22,-82.68856741780213,-82.83356250202316,-87.18593567287814,1.366948018795474,-1.3149698562519356,5.649189986275973
HDOK,PLOK,17472,50,50,-85,8,11,2,33,-89.19481613798231,-81.42857489715998,-81.39115587023778,-83.26422653841507,-81.4000665573867,-80.9473270141045,-81.44470624284457,-81.86658984770528,-82.26278694482369,-83.29553983403177,-83.80764915584234,-82.57240707274235,-82.3520439454157,-83.23899107823053,-81.80120317639488,-83.88387480227188,-83.29221234853553,-83.38500978527705,-82.44062646678177,-82.95443174514119,-82.12510546868678,-82.92134309838953,-82.70925620931186,-83.52160368375472,-81.41292400465134,-82.92985176753328,-82.64477944158226,-83.70423498808151,-81.79021096904404,-81.81146097831828,-83.85269896273596,-82.58399777425282,-82.05173378618208,22,-82.73586183617726,-82.58399777425282,-89.19481613798231,1.9799177991540393,-2.9054162156064463,12.753935219878558
HDOK,PLOK,17472,50,50,-85,8,11,2,33,-88.96517775132511,-82.17647691751374,-82.68215107266406,-80.91498205507426,-81.11129806927583,-80.46859281671428,-83.01963799100594,-82.6383848303673,-82.85871128854593,-83.48909942625335,-82.71568606936027,-82.98497713109809,-81.41419378820203,-81.71402448851956,-82.94179344034448,-81.80420941299282,-80.99778019398484,-82.5060044673992,-81.49681660207582,-85.13126926928506,-83.56715718514465,-81.63848480447254,-84.1213271914738,-84.06004754591997,-81.56140203242661,-81.3027529577278,-81.46984945254427,-83.42274347527561,-81.40561096697637,-81.29180456333016,-81.79204524733854,-81.84619246771297,-84.26186936606234,22,-82.53856225267901,-82.17647691751374,-88.96517775132511,2.5047289879420145,-2.1333784851153124,6.995784523240873
HDOK,PLOK,17472,50,50,-85,8,11,2,33,-88.97170160115596,-82.05657856392014,-82.27867847020387,-84.4758057663847,-82.59321419432807,-82.06694482305917,-80.67789850309296,-81.67321895599564,-82.11891266236117,-83.83899038091,-84.05496177557518,-81.58993999639858,-81.2020454007432,-83.07461262000656,-83.76820054393725,-82.55433661738239,-80.16732144581185,-81.02996807377308,-81.69651633150966,-82.16349983168988,-84.54576352186507,-81.58710870135124,-82.73032613000457,-82.99550478980834,-82.63568835751384,-81.71500707007084,-82.33126729223508,-82.2620224202853,-82.27716676698431,-80.89580139392652,-82.02287708498363,-82.68201908024719,-83.3498551042739,22,-82.54799255369059,-82.27716676698431,-88.97170160115596,2.332446254608816,-2.262018770569281,8.47253685752288
HDOK,PLOK,17472,50,50,-85,8,11,2,33,-89.48577101116507,-82.22238841667308,-82.52266373554045,-82.62513956982359,-81.87305290734238,-81.36068921278424,-81.71974681013809,-82.3214610414668,-80.56932761433262,-81.47120224423507,-82.41086149737498,-83.3511905059856,-81.42663290102371,-81.69447158369873,-82.94126080721531,-83.70563684738393,-83.00814607712712,-82.18387130953806,-82.90925178185591,-81.56465400764736,-81.3847402780321,-81.3582636200868,-82.77793798175618,-83.87222343249972,-84.14663113036582,-82.66505945674427,-83.78257208208856,-82.0777372109907,-83.57083892307665,-85.07462320889971,-81.42594580044668,-83.39455749715758,-81.77107306948483,22,-82.68695829012063,-82.41086149737498,-89.48577101116507,2.4172967612023513,-2.612582852419663,10.168663634443773
HDOK,PLOK,17472,50,50,-85,8,11,2,33,-89.91268549103691,-83.03535215344554,-81.56601259909961,-83.57982671224764,-83.33661543781456,-82.14803416100946,-82.1575220861348,-82.35642837971396,-83.0779759772374,-83.12540624809506,-79.77034645789708,-81.38755609040935,-81.30947699986012,-81.45966264308191,-83.21404331627126,-81.70820150829981,-85.10310260057216,-82.92122770103212,-84.492800409726,-82.43738516778812,-82.35411652528224,-82.69355332569701,-81.74491691384661,-83.75972469418967,-81.75490654733665,-82.40432278794388,-83.79365918187582,-82.98220311039921,-83.97971980429034,-82.08332773801258,-82.05079920809965,-81.87493533614534,-81.92345612811727,22,-82.77270616490935,-82.40432278794388,-89.91268549103691,2.6585942173908355,-2.5167076264289663,10.44985901839209
HDOK,PLOK,17472,50,50,-85,8,11,2,33,-90.6513950589047,-82.36971254416048,-82.84695527222142,-80.54000764601811,-81.38728360084934,-81.0354365670459,-82.815907973043,-82.35802427273435,-83.72297518126409,-83.45556811186405,-82.05606472868477,-83.20402299575014,-81.32204613040604,-81.75019634000454,-84.1784674154385,-81.98004869673271,-82.62873817124458,-83.31319721628925,-80.5249006982346,-81.45198186522613,-82.98123581296481,-81.80258323158067,-83.03605618780115,-84.00676615707764,-83.3996468267367,-82.96470320513318,-83.15996909428054,-83.2422982870767,-83.15799675872368,-82.178864822151,-83.44497288435468,-82.06142075260067,-82.86584485961973,22,-82.78470573837023,-82.84695527222142,-90.6513950589047,2.791249541526321,-3.0878806462862443,14.501266120133044
HDOK,PLOK,17472,50,50,-85,8,11,2,33,-89.84251904540879,-81.5721306176828,-82.31892191750622,-82.40994133905139,-81.14601978223327,-80.61573580005991,-81.50363600982375,-81.1938822386189,-83.82164596341282,-82.58460078200146,-81.09086757745916,-82.8877200907817,-82.02148383829554,-82.19018099912864,-82.35846862750272,-83.64443620473831,-82.77573360205012,-81.44174601353743,-82.49765968322163,-83.87888393237795,-82.35035843916738,-83.3393361057056,-82.31443995528772,-81.14433191874492,-83.58735526460585,-83.21870378494705,-82.22336077604535,-81.72395127573259,-82.63866398684323,-83.34927401630878,-80.53325787839638,-83.63486786621293,-82.46755712103537,22,-82.55520219557351,-82.35846862750272,-89.84251904540879,2.494317876668023,-2.944288495417203,13.117273575052744
HDOK,PLOK,17472,50,50,-85,8,11,2,33,-88.99937280015745,-81.59193723085936,-83.13818588658417,-81.29762131347607,-80.99427450036517,-81.98577232372993,-81.02594199352224,-81.15617334405341,-81.35197909232461,-81.33521094644689,-81.49478369765421,-83.28905467252244,-82.26238279591472,-83.59192747381654,-83.44436589591058,-83.5483991866213,-81.49117205855657,-80.96537770871412,-83.65970392877769,-84.59552655599664,-83.02923356162422,-82.64075387563591,-82.4537292066266,-82.59900247077591,-81.49185928035092,-83.16837340029798,-81.21545928814133,-82.03644415089649,-83.93519166842766,-82.82526333554257,-82.85216904238237,-80.61664859536617,-82.89416470844903,22,-82.51446836334912,-82.4537292066266,-88.99937280015745,2.3548822939924388,-2.278208425619184,8.47524727135351
HDOK,PLOK,17472,50,50,-85,8,11,2,33,-89.0698202384577,-82.85743880645988,-81.79778800604839,-83.48739030629119,-81.06500122755361,-80.79732437810257,-82.40824950463725,-81.98953300825137,-82.67616971597009,-83.68893911012078,-83.21530544209195,-80.4693099478374,-80.59624676342402,-83.51880376266975,-82.9253075358721,-84.20851616085676,-80.83472960161147,-82.0543081768228,-83.19792166257217,-82.82916468153093,-82.7835412511934,-83.25925500099498,-82.87403296027493,-84.64096014547403,-83.70247558651555,-82.47400213022628,-83.50003155689637,-82.11352861856015,-82.31815607767462,-82.92716328024589,-82.37890629474171,-82.16151513198115,-83.23918256933672,22,-82.78969753458479,-82.82916468153093,-89.0698202384577,2.227065764804096,-2.041007973383446,8.612508472569937
HDOK,PLOK,17472,50,50,-85,8,11,2,33,-88.44828450932049,-81.21000881695782,-81.87238021682508,-83.07369327178701,-82.37847957505645,-84.66786831223635,-82.10221126546291,-83.9069412406399,-82.20543913352306,-82.01182217237944,-82.28982339473606,-81.96164172553881,-83.59692508581736,-83.67866601785995,-83.49006976272096,-83.59635308054561,-82.91818584160266,-81.98518227949718,-83.07172109666536,-80.64970901945952,-81.88592338636111,-81.52968061706419,-82.21876809621308,-83.58054634160021,-81.53846726013067,-83.86939315556275,-82.99142999973293,-82.7465396537017,-82.75745064428106,-80.71105944959088,-82.67853666288048,-84.57696092534543,-81.93744196356685,22,-82.79204860529285,-82.67853666288048,-88.44828450932049,1.9705124879417,-1.9187728188086763,6.793708105223004
HDOK,PLOK,17472,50,50,-85,8,11,2,33,-87.46914793928416,-82.16487513884427,-82.07520466631571,-82.36176769075102,-81.95234647268657,-79.98949360697382,-80.53181929170063,-81.0404592023803,-81.54809239399235,-83.10884745454473,-82.1640516677681,-81.4462841800926,-82.99845861820266,-82.46391613981308,-82.21930138424774,-81.63895304299896,-83.76070322355113,-81.72220803331244,-82.12131990485119,-84.08012498278337,-82.18834385390613,-84.04784180521169,-82.07528133827138,-83.02206289030202,-81.93569355940929,-81.61401335053851,-82.7281457113007,-82.98727048646045,-82.22427777766633,-82.33858411551917,-82.20458938358595,-81.58378001018193,-80.82699503031873,22,-82.32225013175055,-82.16487513884427,-87.46914793928416,1.6102798867702455,-1.941955250355688,7.292299736432495
HDOK,PLOK,17472,50,50,-85,8,11,2,33,-89.30017855097232,-81.77553170833487,-80.99467617961656,-83.48254801374169,-81.0858604317499,-80.97513060373214,-80.24150316577915,-81.46220409061925,-81.75804539368599,-84.79468396426535,-84.00713276494658,-82.13287875045145,-84.42450755603447,-85.20749614870837,-82.32753115685846,-83.62321473852684,-82.66388795380223,-83.90629324383436,-84.30484522374232,-81.86213079278347,-83.49076061293817,-83.6866977505539,-81.70822434456481,-84.85290300811015,-84.27941269010736,-82.76448673674159,-81.66911398219295,-83.50592056718195,-82.31786485763685,-82.14058282646664,-83.53313468054947,-83.4246712902054,-81.3531999753807,22,-83.00173496226715,-82.76448673674159,-89.30017855097232,2.887947796417453,-1.4137799912460833,4.190451072812158
HDOK,PLOK,17472,50,50,-85,8,11,2,33,-90.11781350939995,-83.34283233390336,-82.72500480929415,-82.4441121663223,-80.56771705518727,-81.33869631200345,-80.27090175479967,-82.96403647921183,-83.03645320141182,-80.40790414174377,-83.07986960548003,-82.22008933679857,-83.03164737904349,-84.144870502075,-82.76451495776321,-82.99517550099196,-83.06559173270527,-83.07966984436916,-82.54832688221941,-81.50142256379172,-84.07748484458392,-82.5027503196894,-83.75374087142457,-80.31872526071068,-83.2717379440985,-84.10139917448494,-83.2021430044896,-83.07187124170733,-82.23556752808683,-81.61298213321844,-81.78233181287514,-81.00544112055539,-82.4169577592091,22,-82.69696312374695,-82.76451495776321,-90.11781350939995,2.855465630190401,-2.3599314911670075,10.508685060139184
HDOK,PLOK,17472,50,50,-85,8,11,2,33,-88.49643087387729,-81.1666785531854,-83.04282693787034,-82.67909273492663,-81.2161440388604,-81.24426186667885,-82.22662353988869,-83.69922869721452,-81.97614569105097,-81.41435390431462,-82.92713998147859,-81.44697345378493,-82.84609161018871,-81.8215271295942,-82.32640246117153,-82.71047969989209,-81.79953272149515,-84.5335573540033,-81.75555494419017,-82.66469292026267,-84.36914200518528,-84.22693107466613,-81.57863168740606,-82.00074398103649,-84.41491781186636,-82.02255023093808,-83.67149125796291,-82.61017855206012,-81.79226271030996,-81.07753019651851,-80.9508176048096,-82.94375536425363,-84.07360877256883,22,-82.65837273828821,-82.32640246117153,-88.49643087387729,2.1524014867967383,-1.9952459961649622,6.194894463429511
HDOK,PLOK,17472,50,50,-85,8,11,2,33,-88.49457855825707,-82.30596686243207,-82.2168486047508,-82.73143293948888,-81.30492305244914,-82.77390060815651,-81.62182998076977,-79.65641850310796,-82.73193196547085,-82.12657177753731,-83.33391436689102,-80.43786401462361,-82.78779930290244,-83.14645866099328,-82.69441371951088,-82.89256419375424,-83.04989787610481,-81.88037091023439,-82.32229313832431,-81.84141756390227,-82.12905277499958,-83.15528967061559,-82.21518891413511,-83.17561173087543,-82.27815019843052,-84.21770292853344,-83.9531402164532,-81.3115884958939,-82.08447816485013,-82.69164344291376,-84.20539537331871,-82.49115775102226,-82.56182742109269,22,-82.63095829341806,-82.56182742109269,-88.49457855825707,1.9283637907035671,-1.9999341369724917,9.164502265792253
HDOK,PLOK,17472,50,50,-85,8,11,2,33,-90.20162904332598,-81.40826190218016,-82.70722417052731,-80.2110283127927,-82.0721665666723,-82.99217677790047,-81.92174013751954,-81.35382622234688,-81.00110828175586,-82.32179553575196,-82.56103825560169,-83.06687291828776,-82.28740208401163,-81.98621854057832,-81.22916715732194,-82.98360872569185,-83.1685250431753,-83.91550969298297,-84.97197391900256,-83.81032632280434,-82.06914660175075,-83.82474551227496,-81.78993599096816,-82.10909097813912,-83.44641420566217,-82.87848925871701,-83.08860718877852,-84.72034677079819,-80.8395914492361,-84.8076094384351,-82.23496045436075,-82.92125878498199,-81.81334806651161,22,-82.80954982760137,-82.56103825560169,-90.20162904332598,2.953167253094634,-2.421942625730074,9.423709030729961
HDOK,PLOK,17472,50,50,-85,8,11,2,33,-90.33098896355463,-81.99441708652499,-82.94049247041175,-82.14555936113848,-81.60261795171242,-81.22844124909881,-82.8327818565618,-82.13578713838501,-80.33532089329145,-79.93792702942953,-82.5053581961136,-84.08534388894478,-80.93548143132617,-84.1474092660192,-81.02370796630164,-82.40252332837052,-84.38906798817703,-84.05958718597174,-84.09339798832971,-82.78459162104545,-83.88315676563494,-82.92948844643517,-83.52625272758978,-82.15464438234773,-83.26484223301605,-82.52118388057521,-82.5434067251175,-82.42105856043338,-81.49799800921208,-83.02515377765809,-81.90398640058605,-82.33559145473232,-83.63207270445324,22,-82.77423148268181,-82.52118388057521,-90.33098896355463,2.988653744692298,-2.392654774874067,10.251303840502372
HDOK,PLOK,17472,50,50,-85,8,11,2,33,-88.21174492906933,-83.34850192516403,-81.11294095411915,-81.15862101430604,-82.15414849272946,-80.743939705518,-81.00473976782317,-81.86660864304994,-84.1472468036356,-80.47382446540675,-82.11416953076764,-81.74892425898774,-82.80233107587844,-83.138920983127,-81.32212992105826,-82.04633088398383,-83.99427792070313,-81.51137121393322,-81.40215757818805,-80.91485257877987,-84.21718067962559,-83.43981692772675,-82.0986173678381,-82.83732362116446,-83.44599674917843,-83.63289915884587,-84.32343999604576,-83.77403857681576,-81.61636231730729,-83.06405701343306,-81.49076097606418,-84.13618785301541,-82.93879030736532,22,-82.6131289148683,-82.15414849272946,-88.21174492906933,2.2805624860320566,-1.4549603366822235,4.087761533808443
HDOK,PLOK,17472,50,50,-85,8,11,2,33,-89.17943091303749,-83.41763766204312,-83.04910586425952,-80.69413362235758,-81.92781063852543,-81.40324117117696,-82.20831667597274,-80.24290081687924,-82.3025797313701,-83.08301613035349,-83.32967024695886,-81.50533832904775,-80.63543423628484,-82.94217967058398,-81.55093938885248,-81.00161244977019,-82.03298646586613,-82.01681199655607,-82.93417645376505,-82.74709484286096,-81.82175988738531,-81.87777619454727,-82.55402154669989,-82.28361400754864,-83.70903591802949,-82.15803156160325,-80.68460093101237,-82.73011511320831,-81.86865505051453,-82.49988107472855,-81.7011289305032,-81.36981428703561,-83.908267383695,22,-82.34457936948586,-82.15803156160325,-89.17943091303749,2.2615018815527734,-2.799919131221106,12.25250697319668
HDOK,PLOK,17472,51,51,-84,9,11,2,33,-79.73395273857824,-83.17060623579154,-81.94236263715221,-83.55121792122637,-81.04959016784512,-84.35114261208616,-82.214072539118,-82.61730702940436,-83.94799776763668,-84.21982608820495,-84.36533469881788,-81.71428116405806,-82.3023138778751,-82.20579534985059,-81.60587886613561,-82.60866135283563,-83.0502298272784,-82.20119032296999,-82.49555495825051,-83.26111810698738,-82.92034088540586,-84.41687949572932,-84.00203927193775,-82.45980596266536,-82.43809909106844,-82.63407571792284,-84.15910743049102,-82.97167541293462,-80.58176839190116,-83.21927524216274,-84.12445403713508,-82.78509087104634,-82.88544181030184,22,-82.79413599644863,-82.78509087104634,-84.41687949572932,1.1975355948938624,0.6178774483464169,0.6329465336720106
HDOK,PLOK,17472,51,51,-84,9,11,2,33,-82.52429243885449,-82.16488731364383,-81.07064417380808,-81.55745935343369,-84.77858910136223,-83.53067413818265,-84.73363984751519,-82.05499276424797,-82.30879270650857,-82.93267397426193,-82.5679245111789,-82.90418632507087,-81.89213977143923,-83.59653474904277,-82.16038939071294,-83.5325618200374,-81.93639882328287,-82.26986270459129,-83.49782157735365,-82.44820672316109,-81.6143371395446,-83.32156745479563,-82.13069975505127,-83.18073782683396,-83.31571635260954,-82.66563176114744,-83.6546778859125,-83.69970971156032,-82.26939991894726,-82.77729008384541,-83.8107173856062,-81.3997805742475,-80.91588833576262,22,-82.70360079980466,-82.5679245111789,-84.77858910136223,0.8704365685499431,-0.2484947314935937,-0.22315127490634
HDOK,PLOK,17472,51,51,-84,9,11,2,33,-81.37852871954517,-82.47294398289934,-83.16651217838582,-82.04061635531164,-81.44184025927666,-83.13628618988153,-83.45435499495669,-83.07905905209381,-83.62385714533943,-83.64401643310602,-82.92690789871631,-82.62815112573705,-82.64274193457378,-82.6395513035487,-82.93795334548537,-82.24116630153071,-82.39769991805883,-83.54540410828655,-84.30895863942965,-83.80429863815785,-83.21042915342512,-84.06716335477977,-83.11088179744395,-82.73299819259533,-82.87594504458876,-83.6579633328557,-82.69914008471439,-82.940979177657,-84.39074404826393,-83.71582992752907,-82.57782391797915,-83.12019683543298,-82.7991300015982,22,-83.01242646646013,-82.940979177657,-84.39074404826393,0.4788803520729309,0.2387243365830695,0.36100648251380685
HDOK,PLOK,17472,51,51,-84,9,11,2,33,-82.9580294492588,-82.02057085419543,-82.5166149793968,-84.05436365048162,-82.79207907784522,-82.14565165579543,-83.71922182364635,-82.85260213631602,-82.69614719548579,-82.47910429938577,-82.27534397451817,-82.04062314306029,-82.81316994914543,-83.72110999707225,-81.71860475290673,-82.56120845400798,-82.24340431548542,-82.22835709713924,-83.21017909773818,-82.05659376381051,-83.61035052831045,-83.59763229551461,-82.56131124923073,-82.9002274322604,-83.53119436739016,-82.49862821706975,-82.75356836575654,-80.94902050466943,-82.75833624344405,-81.37465942408411,-82.88662153271969,-84.01682339269185,-83.11727191329872,22,-82.71692803433734,-82.75356836575654,-84.05436365048162,0.5081355105843613,0.1447948023876272,0.09530478457666103
HDOK,PLOK,17472,51,51,-84,9,11,2,33,-81.90492327394443,-82.1454303219855,-81.5620985252692,-83.11759270411443,-81.26033515044215,-80.71067994725077,-82.27463745788067,-81.08540783532649,-83.97078074948438,-84.24897525561866,-83.47341346154325,-84.08740050646952,-82.12081485664005,-82.32793146881421,-82.28262297264322,-83.34750937920678,-83.46310599245881,-81.7579169409997,-84.34806697632364,-81.90333284528226,-82.2613413763176,-84.29226316477677,-83.0244878648125,-84.00884792143027,-83.04966674353682,-82.38329265611151,-82.18304992730779,-83.50912690808603,-82.55397283064698,-82.07577675869905,-83.21070609082365,-82.34045348118319,-82.11915978331194,22,-82.67894309481036,-82.34045348118319,-84.34806697632364,0.9232257860831592,-0.12240656586590794,-0.7597432165574931
HDOK,PLOK,17472,51,51,-84,9,11,2,33,-81.24519590280036,-80.5098335084253,-80.75714722165469,-82.40374056918316,-82.60210790461376,-84.02686965306613,-83.01200119399921,-83.53878135327076,-83.59153999302696,-83.12711743481925,-82.39960830340397,-83.41229964488588,-82.05684707465568,-81.23892690267938,-82.80546741001943,-82.40649566723583,-82.7875689692292,-83.77154138628241,-84.89052421207383,-84.08730676022931,-82.93510036542875,-82.79163962084152,-83.56880317531255,-82.44885841497141,-82.99742974473585,-81.33361084305815,-83.132931147932,-82.17606742329957,-81.69527911083618,-81.6995142586298,-84.96445100103277,-81.82004438247368,-82.62711922238285,22,-82.69278090231786,-82.7875689692292,-84.96445100103277,1.1109477547459123,-0.05179230663269186,-0.0803522650375923
HDOK,PLOK,17472,51,51,-84,9,11,2,33,-82.01617792943544,-82.57221566691075,-82.5835658347902,-81.77443219562433,-83.41746337970078,-82.86227025143006,-82.63108578559432,-83.87134577456379,-83.69443211978613,-82.15020849390342,-82.24151640714324,-83.02316050403698,-83.18202728742759,-83.16824111631026,-82.58277342735734,-82.19625878203135,-83.42384736597688,-81.60327888920119,-81.82943365669318,-82.4290388081907,-82.43255579474003,-83.18639264056999,-84.23293023553809,-83.13455451892436,-82.71348027919193,-83.88337129928637,-84.22219312752848,-83.12284022639118,-82.7269249319563,-83.13014850456139,-81.99775575387208,-83.62977380825552,-83.97576574738838,22,-82.89822607710036,-82.86227025143006,-84.23293023553809,0.5082582403692557,-0.13206704038894138,-0.8127309787686343
HDOK,PLOK,17472,51,51,-84,9,11,2,33,-85.28520506124747,-81.50755368787549,-82.98117925442939,-82.86836453723544,-83.69761074770622,-82.90864918081486,-82.6496480390725,-82.0089355495417,-83.2512924605847,-83.61457072551903,-83.0512916662538,-83.26322718905683,-83.43193867344418,-83.70956106469633,-84.15401014789803,-82.9614468179631,-81.33118762615752,-84.36278745660063,-82.91489792462099,-83.00794691931188,-82.70312618937537,-82.0634281769901,-83.1231113326789,-82.48242333062475,-83.39064621227543,-82.30582115738248,-82.33457971320985,-83.26863154368704,-83.5462259307724,-82.91252603600633,-83.69529546947612,-83.8293010030701,-81.20456736164908,22,-83.02487842991601,-83.00794691931188,-85.28520506124747,0.7069936916330989,-0.0030919961828318014,0.9004005136101312
HDOK,PLOK,17472,51,51,-84,9,11,2,33,-81.80079477489546,-82.21821689654065,-83.51474761619966,-81.79389534500046,-84.0496351334463,-80.8693908279527,-83.33160226146103,-82.94744030184465,-83.03114722944069,-83.22096580797013,-83.00733858274157,-81.09461185492135,-83.70695401159387,-83.350537016235,-82.9678528255078,-83.1267322436289,-82.75309463042466,-83.88806588708378,-83.50036488208973,-82.53154960090609,-83.88214225011563,-81.73202855906172,-83.98212839343616,-82.34685568123078,-82.50751702405543,-83.1741446749657,-84.0251039752678,-83.92598139599983,-81.6856316203881,-83.00922349891539,-82.48426555737025,-81.65265807149581,-82.92480761332882,22,-82.84961897107624,-83.00733858274157,-84.0496351334463,0.7330003146248563,0.5494891898282425,-0.4416467638741963
HDOK,PLOK,17472,51,51,-84,9,11,2,33,-82.49413181383923,-80.87231175750637,-81.24598077651073,-81.67816328006839,-81.55518346226877,-82.75873126388035,-83.67791236545989,-82.08915258001507,-81.85554776259183,-83.92694670533318,-82.42431730319962,-81.33026416350464,-83.28719877971017,-82.90118701512311,-83.8772554819867,-84.80030886686676,-82.88334115503943,-81.49246717374997,-82.8583862852131,-84.86805217004023,-83.26410309450385,-83.2939370702765,-81.27550648336285,-83.5510363664628,-83.64005040827297,-83.44434668049179,-82.51973639415247,-83.15241000135565,-84.31368489472972,-81.65024951519115,-83.27033002943271,-82.63524066378373,-82.91276033293877,22,-82.78182521505646,-82.88334115503943,-84.86805217004023,1.0519453569229453,-0.03823947287114903,-0.6186965796485397
HDOK,PLOK,17472,51,51,-84,9,11,2,33,-82.03398531831984,-81.99009077625989,-82.38118775491587,-82.42032865735627,-83.25287067780154,-81.90437990976204,-83.03878161194042,-82.45619928426699,-82.61463776502934,-81.28225793300949,-81.99604173474451,-83.50715508630837,-83.15718946223375,-82.8015671875627,-81.80370118350187,-84.60582983739964,-82.33312435350786,-84.0786771884232,-83.22752436441445,-82.80295128180681,-83.29732441788752,-83.2919646678936,-82.42904384882931,-83.14938914897112,-85.79627772506173,-83.25689457056502,-83.84937883402581,-84.92831662840365,-83.57708759316304,-84.8219899827985,-82.39103668403379,-82.54802678790892,-82.60314157277917,22,-83.01904102517835,-82.80295128180681,-85.79627772506173,0.9573011804331567,-0.9206219011305603,0.897140095966408
HDOK,PLOK,17472,51,51,-84,9,11,2,33,-82.87042768633873,-83.05488163516723,-82.36223076312929,-81.96808227095758,-83.5562124149455,-82.6052898045034,-83.09430482783458,-82.60282956052386,-84.25904734408333,-84.65952748101004,-82.41682155794362,-81.33551154278922,-82.37502723908582,-82.50530696210745,-83.07934758311518,-82.26744232326412,-82.7121217581506,-82.14510403066375,-83.99021780400182,-83.70122154333052,-83.96000823173574,-84.45015448169887,-81.16031276697036,-82.26066079260423,-85.60981588013787,-83.7779420815945,-82.32784862863335,-82.49193558360346,-81.90430718686262,-82.99468759438015,-82.35527244350091,-82.18106076952601,-81.68722378008837,22,-82.8703692834631,-82.60282956052386,-85.60981588013787,0.9568154833320812,-0.7950805019486392,0.5544155943950919
HDOK,PLOK,17472,51,51,-84,9,11,2,33,-81.19816960531813,-79.76078932808046,-83.34691476342887,-82.54951057816459,-84.00500050434334,-83.42012960013781,-81.68941346428142,-82.56572538393532,-82.9093991370177,-84.20926466786908,-82.92387673198536,-81.49130200032472,-84.01400728307306,-82.88303670025408,-83.47613524252888,-81.51689565565968,-82.58525195134433,-83.70533839159688,-81.96840281866974,-84.01476314134024,-82.85993366496315,-83.30649868184487,-82.9090320296554,-81.99439019180372,-83.41468905468744,-82.5714609052051,-81.96946073219436,-83.64358127728768,-84.52053404999795,-83.30218474845881,-82.06567732694045,-85.88170765526138,-80.96388446732198,22,-82.83746550712047,-82.9090320296554,-85.88170765526138,1.3623852640811693,0.12446363813163719,0.9736364334063476
HDOK,PLOK,17472,51,51,-84,9,11,2,33,-82.24993300039708,-81.89444275278946,-82.00563937270918,-81.59005078998466,-84.31919815746608,-82.928339264176,-81.95291831332952,-84.15871887394309,-83.05693323584251,-83.37731283435546,-82.89028477004054,-84.58415186473854,-81.9212910671774,-84.41195330431336,-81.5462274999425,-82.71440828382471,-81.30842202595557,-82.251683255639,-84.74593914151647,-80.65355171298667,-82.70495307980622,-82.28392938105819,-83.99445017198768,-82.46241470792286,-82.62214819090893,-84.48139300594025,-83.30170856362155,-83.82406287893103,-82.87041821584977,-82.2424546470185,-82.50522991725109,-82.26637069117547,-82.83599606972632,22,-82.81687663764622,-82.70495307980622,-84.74593914151647,1.0369710697854964,-0.2720476523630081,-0.5331937868630474
HDOK,PLOK,17472,51,51,-84,9,11,2,33,-81.43033367985097,-80.55223206510763,-82.27141744331982,-81.47589995122785,-81.91915840641728,-82.59951344582026,-81.43361965534379,-83.21292165020442,-83.96169384079388,-82.8323025659188,-81.121091475439,-83.88614729122764,-84.19344808409623,-81.3502436892922,-83.16998809657845,-81.74756990325564,-81.58115918378961,-83.35956802564527,-82.9113602502769,-83.20169612405779,-83.20578505370283,-82.22184814482385,-84.13579829378416,-83.24572481221841,-83.70027355391623,-85.39303322292984,-82.94984348453559,-82.95037150230084,-83.66325132309261,-83.06800848653712,-81.03766202904005,-82.37859294824942,-83.68141913849918,22,-82.72251444913009,-82.94984348453559,-85.39303322292984,1.1868083475802356,-0.023563391970668403,-0.32830388465847493
HDOK,PLOK,17472,51,51,-84,9,11,2,33,-81.86905101801439,-80.88399381029703,-82.33044517597929,-81.67470970203432,-82.07142409919116,-83.41995173867763,-82.76864144934851,-81.888170116315,-81.38354221161137,-83.74830899066862,-83.43649558827522,-82.72717650585153,-83.90010232689957,-82.34798898315488,-81.72603654919625,-81.29037211954983,-82.68857376659493,-83.47287887984002,-83.77528939799903,-83.76852109917016,-83.45567856545202,-84.49955153113402,-82.55023876657552,-82.4330095572466,-85.14451294852336,-82.80154072376347,-83.26757209803887,-81.82678217641339,-80.06613734499138,-84.35287927399064,-81.11950760557586,-83.62906870886825,-84.10991212523702,22,-82.74024439255999,-82.72717650585153,-85.14451294852336,1.3170403699522928,0.14569639257461742,-0.3968154738825831
HDOK,PLOK,17472,51,51,-84,9,11,2,33,-80.64142455449453,-82.55881217314425,-82.3052727985592,-81.27332014132718,-82.71078005896487,-83.2158702909505,-83.41008714024318,-83.7319077771104,-83.43334207992292,-84.24919688721543,-82.93419330145028,-82.49854278842282,-84.10561709915788,-83.0956999437664,-83.21573556164049,-80.94211766991847,-82.84900863422331,-82.75206138252675,-81.11085954797218,-81.75213734394885,-81.57872313451459,-82.9886061157684,-81.25240707015533,-81.96170013596952,-83.3136366030445,-82.76723204959985,-82.79451364986696,-82.1809241239028,-83.94879514895791,-82.38580409878784,-80.9030468453414,-83.16144368474589,-81.36263660414727,22,-82.52683201332614,-82.75206138252675,-84.24919688721543,0.9331627598123728,0.2832308319223668,-0.7857297588644863
HDOK,PLOK,17472,51,51,-84,9,11,2,33,-82.112766411461,-84.53696962160596,-81.74071657012541,-83.91676242261174,-83.51045931141012,-83.27776060619257,-83.57709579982509,-82.42552034104793,-84.61596944088242,-83.08682131981132,-84.40754069072361,-84.63140734927823,-83.9372043057024,-82.82254541109882,-82.18264079970749,-83.31215123293458,-84.90720616451159,-82.71738016058201,-82.90148549739588,-83.11480194122893,-81.95625782668566,-81.92855214542692,-84.34367512993161,-83.93191141720465,-81.88485817969863,-82.42626322745994,-83.78353244411711,-84.2712904653291,-83.68408443352818,-82.74638749748144,-81.64270590907576,-83.41272759925313,-82.68579863971603,22,-83.22525000948622,-83.27776060619257,-84.90720616451159,0.8768788541434793,-0.0066100793199282085,-1.1003734647772534
HDOK,PLOK,17472,51,51,-84,9,11,2,33,-82.58960650982961,-82.11238102260133,-84.4301418534509,-82.34675880842546,-83.07951211114455,-81.17351161395072,-83.14920181479494,-82.5194281476108,-82.90920034480703,-82.91655336953657,-83.54874914177955,-84.67768454812342,-83.40573596442461,-84.06488859493344,-81.69115905824931,-83.3041606346055,-82.97829889025314,-83.20503384810684,-80.99962095188798,-81.55038585238566,-84.29897897997043,-81.87865279394758,-82.97378355076677,-82.70126776406806,-83.06940267804562,-82.40793184543428,-82.94842773316921,-82.56920953160062,-83.82984499450531,-82.56380118949741,-83.32887599780332,-82.99939644495485,-82.44364616286624,22,-82.86864341659185,-82.94842773316921,-84.67768454812342,0.7184837445262113,0.06157358643531986,0.20078863154704063
HDOK,PLOK,17472,51,51,-84,9,11,2,33,-82.14637476289218,-82.08824963297795,-82.65213128902387,-81.92559064683088,-83.2580463378505,-82.94179051280051,-85.06073192531653,-83.51368025226165,-82.03056045057801,-82.50184956780839,-82.19077207145328,-83.13708371830988,-83.77605444675699,-84.79762572172083,-83.25454622459684,-83.66101112201349,-82.17941682993566,-81.30102904206882,-82.8707770053518,-82.02320579536098,-82.53525647160573,-84.39086833926889,-83.78605153612776,-83.03453049267215,-83.65553947202851,-80.30076954499037,-83.50677742071389,-82.94263470566912,-82.09594387636895,-82.90103130871869,-82.76948949636378,-83.88716053753505,-84.18565995842243,22,-82.94855274292105,-82.94179051280051,-85.06073192531653,0.9658951985844887,0.15966155953917446,0.5738247010764392
