hdok,plok,none,nums,totalNums,average_rssi,snr,sf,tp,serial_size,rssi_0,rssi_1,rssi_2,rssi_3,rssi_4,rssi_5,rssi_6,rssi_7,rssi_8,rssi_9,rssi_10,rssi_11,rssi_12,rssi_13,rssi_14,rssi_15,rssi_16,rssi_17,rssi_18,rssi_19,rssi_20,rssi_21,rssi_22,rssi_23,rssi_24,rssi_25,rssi_26,rssi_27,rssi_28,rssi_29,rssi_30,rssi_31,rssi_32,location_id,realtime_average_rssi,median_rssi,mode_rssi,rssi_variance,rssi_skewness,rssi_kurtosis
HDOK,PLOK,17472,1,1,-111,2,11,2,33,-115.0,-113.01980178414075,-113.0099451524346,-113.0066355656598,-114.0059884620618,-114.20558732232425,-114.00315024673695,-113.71368234247157,-113.49600424491923,-113.32621715283337,-113.29270434275492,-113.26519521841932,-113.0687042457061,-112.98249655439146,-113.05931793879255,-113.05510259693645,-113.18583753966146,-113.17396943938607,-113.28519635580871,-113.21026650626533,-113.19849528750957,-113.24170475290965,-113.22912348342494,-113.41909827700528,-113.39861751674826,-113.28468347310555,-113.2715150269449,-113.25926317050916,-113.20374173206288,-113.15180630531945,-113.22994535260301,-113.17892320344194,-113.13087973962976,56,-113.35041213130059,-113.22994535260301,-115.0,0.16707284816077062,-2.5287738331998866,7.379068783115267
HDOK,PLOK,17472,2,2,-111,3,11,2,33,-110.0,-110.99009910792962,-111.49279225325931,-110.99601500108633,-111.49751899500905,-112.40162326608585,-112.33418440208263,-112.14138630148906,-112.12342690471795,-111.88243127878079,-111.79177770156632,-111.71736434973991,-111.74188115667621,-111.68203685269421,-111.70604303102213,-111.72693264958352,-111.94694645181174,-112.01419736961891,-112.31789187749327,-112.29935806322904,-112.22661691069847,-112.21439989511602,-112.151187682039,-112.39546831948905,-112.32727368909846,-112.26422834845383,-112.2057496360798,-112.24158942565712,-112.27502806422491,-112.30630697219877,-112.29335674135835,-112.28118734587804,-112.22897641499755,56,-111.94591746845958,-112.151187682039,-112.40162326608585,0.25302980253591906,2.1538097287368347,5.7490361731541455
HDOK,PLOK,17472,3,3,-111,3,11,2,33,-115.0,-112.02970267621113,-113.50821221708173,-113.00630344895964,-113.00472598963212,-113.80698241067904,-113.67147736990496,-113.14092562444534,-113.12302474453,-112.99556848472204,-112.79056054125199,-112.71626158135469,-112.65413054130433,-112.6013646951773,-112.48046185858693,-112.4463185450466,-112.28187834662275,-112.3277395854647,-112.49051193560933,-112.4619139821773,-112.43605493963588,-112.41254702941013,-112.33902081768738,-112.47307956202955,-112.4010921762426,-112.33454046633435,-112.31906581277815,-112.30466827251787,-112.33532573841639,-112.36400310375252,-112.3063349581865,-112.33511044902951,-112.32145403215348,56,-112.7036473314223,-112.4619139821773,-115.0,0.342156627270027,-2.233054104395756,6.129730379496619
HDOK,PLOK,17472,4,4,-111,3,11,2,33,-112.0,-112.0,-112.49776482947661,-111.99933278391623,-111.74924638972487,-112.40200210818547,-112.83824682133238,-112.57260850700206,-113.13499170570226,-113.00617727091223,-112.90281106992477,-112.81796250997392,-112.83375307989684,-112.68583224951352,-112.70955187585062,-112.65912861802626,-112.61482235179837,-112.63942086381604,-112.66138440939362,-112.62282420490641,-112.58795702566542,-112.55626000834123,-112.52730543883335,-112.75263745972309,-112.71585709526256,-112.63435408954729,-112.6050111228346,-112.53258652786465,-112.42092373146932,-112.3596179892174,-112.34441384305872,-112.33012643229165,-112.27592113636665,56,-112.54517677423723,-112.6050111228346,-112.0,0.08695092774813394,0.7366665252519005,0.8439138137625819
HDOK,PLOK,17472,5,5,-111,3,11,2,33,-115.0,-115.0,-115.0,-113.66886433503836,-113.50147878295287,-114.20398657172065,-114.00181828733987,-113.71254285964777,-113.62203310164388,-113.32444880187137,-113.08565445719145,-113.07760442591893,-113.07087274601264,-112.98449013127481,-112.91016124802616,-112.8454819809663,-112.85586859793464,-112.8650732286872,-112.99511558760666,-112.82049358581676,-112.77456040483666,-112.78671395082986,-112.7978159636353,-112.90876084764182,-112.81548231262167,-112.77674700082338,-112.74081744386945,-112.84276090037456,-112.80560322074818,-112.72770048521856,-112.69693432538021,-112.5850566837143,-112.56121446097237,56,-113.22321687061566,-112.90876084764182,-115.0,0.470283030932626,-1.6506647698715644,1.8590749450881048
HDOK,PLOK,17472,6,6,-111,3,11,2,33,-111.0,-111.0,-111.0,-111.0,-111.25025336726301,-112.00320755904204,-112.50641615012117,-112.28872947053365,-112.63312480925948,-112.44777539376206,-112.29904311102958,-112.2709382525721,-112.68115364381833,-112.62620796235402,-112.57892933858263,-112.53778857876652,-112.5016387238012,-112.46960268475902,-112.44099831214,-112.29868259871797,-112.2259792602961,-112.15988618859801,-112.15156375719599,-112.39582544817564,-112.32761336539403,-112.3120517699291,-112.25136091596482,-112.3753906311161,-112.40292991872461,-112.38554551082443,-112.36924518527577,-112.31244442422296,-112.21820771763471,56,-112.17341012272354,-112.31244442422296,-111.0,0.24750894852859034,1.70666482040415,1.652239374839088
HDOK,PLOK,17472,7,7,-111,3,11,2,33,-117.0,-112.04950446035188,-113.51815736951633,-112.68015509837905,-112.7601973620116,-113.41075411043637,-113.34178203403638,-113.00337969065598,-113.00295039018758,-112.7756280924754,-112.69594657748188,-112.63053968686081,-112.57584446439252,-112.44872799256034,-112.49034896099623,-112.4555030351017,-112.4248843695046,-112.4616128474273,-112.73805444670869,-112.753326463944,-112.71115345808072,-112.67281486784884,-112.58574113679029,-112.80812919767278,-112.76863702778725,-112.68462698162315,-112.60670212189639,-112.7146974042954,-112.6390956805127,-112.56837691138367,-112.50206812676343,-112.43975743641315,-112.3810844591635,56,-112.8272782504018,-112.68015509837905,-117.0,0.6288364312297182,-4.607548571982124,23.962869191655543
HDOK,PLOK,17472,8,8,-111,3,11,2,33,-111.0,-111.0,-111.99552965895323,-111.6642334003133,-111.74826012249935,-112.40121388475181,-112.50175949254688,-112.28474572948727,-112.62964709733566,-112.44469238031363,-112.29627682048572,-112.36241457662864,-112.59120798094021,-112.46285220150972,-112.50340679391539,-112.46763293237821,-112.63785726556038,-112.6609847041509,-112.55981103770046,-112.4688705321172,-112.38663966870233,-112.31188532496178,-112.24359877863745,-112.38246483557441,-112.3637743015543,-112.34649506596963,-112.33046743510165,-112.31555540751663,-112.34573285509185,-112.33081621401332,-112.2322725608885,-112.26412040179501,-112.2126049828088,56,-112.26508558921827,-112.34649506596963,-111.0,0.1481407110464462,2.3035235485259635,5.4581344695164
HDOK,PLOK,17472,9,9,-112,3,11,2,33,-117.0,-113.0396035682815,-112.52212547539258,-112.34837051492255,-112.26118962050803,-112.8111464463166,-112.84285792869038,-112.57655328012704,-112.88438820287041,-112.7840156927319,-112.70347250614334,-112.73134094027948,-112.66790186378311,-112.53335952468993,-112.41759107006733,-112.38791557641028,-112.36184010292553,-112.40259476242012,-112.56080754456485,-112.52811119840179,-112.4985462783669,-112.47166943306614,-112.39506576885631,-112.62705995539815,-112.59641639201953,-112.5205868053471,-112.49650630905634,-112.60947407233027,-112.7148733576073,-112.64088516124757,-112.65606803490755,-112.58736892553726,-112.52268048670769,56,-112.71825414545378,-112.57655328012704,-117.0,0.60070358929204,-5.3309402880349355,29.732720919467774
HDOK,PLOK,17472,10,10,-111,3,11,2,33,-110.0,-111.98019821585925,-111.4922900180888,-111.32846381794315,-112.74778484505687,-113.20003269212404,-113.16644405655563,-112.99788549883188,-112.74410689369908,-112.54616170819992,-112.38732204196097,-112.44490312861907,-112.40631067186538,-112.21220412794477,-112.12068286608827,-112.11210671615638,-112.03735150921754,-112.09882890952846,-112.27554463453755,-112.31778201817909,-112.29999182553705,-112.33772956871294,-112.32014999418749,-112.55591839841216,-112.52875142573525,-112.45613591682547,-112.43503668968339,-112.41540607429441,-112.35300023009057,-112.33777003817983,-112.28121098997578,-112.26954543992031,-112.21780893984749,56,-112.28560181520783,-112.33772956871294,-113.20003269212404,0.30003604270953466,2.184570872291158,8.59182798036827
HDOK,PLOK,17472,11,11,-111,3,11,2,33,-117.0,-111.05940535242226,-114.01642443416348,-113.34539081415971,-113.00870223263152,-113.40855751563392,-113.67578574251951,-113.28911774674036,-113.76048736356519,-113.44718937407666,-113.29851729408412,-113.17647922195073,-113.33465780564546,-113.3076624260341,-113.20893407446853,-113.12302295703755,-112.9803145117206,-112.85384613915855,-112.86274864255323,-112.81244844858824,-112.76696565351087,-112.72561820370554,-112.73990038591057,-112.95452198416788,-112.8590071649211,-112.77070454810898,-112.73505449355251,-112.74700990664627,-112.7581643453884,-112.68230835973078,-112.56890410975777,-112.66975390513632,-112.60170811463661,56,-113.10755494764626,-112.95452198416788,-117.0,0.712198338325635,-2.6880184222371732,14.06573816040657
HDOK,PLOK,17472,12,12,-111,3,11,2,33,-112.0,-111.00990089207038,-112.00050223517053,-111.6675511831432,-113.00201445531927,-113.80481535612094,-113.33384273743016,-113.14109400954395,-112.99614814240753,-112.88309158059594,-112.58690696939422,-112.53174790806109,-112.39887872576766,-112.28603730508263,-112.33994140031788,-112.38684749144907,-112.4280632686725,-112.59231427568095,-112.7389708895444,-112.63758496005202,-112.54590906198212,-112.3547475721769,-112.28422995064018,-112.52180798793778,-112.44743931054576,-112.42618599709364,-112.45272859446,-112.43229964875452,-112.32505854269039,-112.31103389464376,-112.42471962480022,-112.40710086799746,-112.51276666137,56,-112.49128125760356,-112.43229964875452,-113.80481535612094,0.21887567499439098,0.18700747170766024,3.519101028634101
HDOK,PLOK,17472,13,13,-111,3,11,2,33,-115.0,-110.04950446035188,-111.51815736951633,-111.67850684710027,-112.75997506021747,-113.20977509560485,-112.83871909677646,-112.57301253565174,-112.50022642147937,-112.44345386232658,-112.39789713749582,-112.45448434884892,-112.32831727848891,-112.22116774074546,-112.12896972723023,-112.19086820923204,-112.17803815230324,-112.23053091371617,-112.3992244247884,-112.31764648134578,-112.29986387637778,-112.33760851734814,-112.2679830217002,-112.40562061318036,-112.38579848794231,-112.27247334662655,-112.21361324992647,-112.2490982014346,-112.1940249407148,-112.18565373630567,-112.13552595282184,-112.17138715892149,-112.12365080390245,56,-112.32305385061886,-112.27247334662655,-115.0,0.45580801690571066,-0.779051140040215,10.245313440761427
HDOK,PLOK,17472,14,14,-112,2,11,2,33,-111.0,-112.98019821585925,-113.98558450651863,-113.32481391841308,-112.9932747743333,-113.79783061488897,-113.99969376505321,-113.71072534429425,-114.25556444533026,-114.11306576137062,-113.89598713466745,-113.99974516878025,-113.91302376875184,-113.75870851904946,-113.55042636678048,-113.44024760312612,-113.3434349447268,-113.32150223743032,-113.30191893840802,-113.28431638255968,-113.21241729906217,-113.20096579067904,-113.19050507470509,-113.33204596477451,-113.26695069821602,-113.25427057214814,-113.24250891874746,-113.32181402630223,-113.39580594588041,-113.29243891881846,-113.2377964070085,-113.2279318356089,-113.17789117262453,56,-113.40373954651264,-113.32181402630223,-114.25556444533026,0.2929951493926808,2.4259591033722456,11.059183240451349
HDOK,PLOK,17472,15,15,-109,5,11,2,33,-113.0,-110.02970267621113,-111.01044738760513,-110.67418674880301,-110.75572261201397,-111.60797924782416,-111.84172142892476,-111.72008734860403,-112.39076085250487,-112.1194245014229,-112.00442423124241,-111.91002579901256,-111.91783047656412,-111.84379311148327,-111.70458695942094,-111.6545165260619,-111.4760813729013,-111.50954026831006,-111.4175913640138,-111.33494258654142,-111.20422695114863,-111.19321698796075,-111.027002948042,-111.22716046885272,-111.11832217931737,-111.01770213050072,-110.92437039759794,-110.88265906569764,-110.93192309355156,-110.8917152796439,-110.89629340633503,-110.98356202472198,-110.90272792961238,56,-111.36740146552872,-111.22716046885272,-113.0,0.3250926247472488,-0.5156078220048168,1.0331004295385262
HDOK,PLOK,17472,16,16,-110,4,11,2,33,-113.0,-113.0,-113.0,-113.0,-113.0,-113.6024040546143,-113.83708239835391,-113.71611868734739,-113.62515471484205,-113.55420357850852,-113.39453775806527,-113.35745806140088,-113.23970739128946,-113.13970562509628,-113.05365799124553,-112.97878133971447,-112.91298819186703,-112.85468223586336,-113.10718124789626,-112.98432782308542,-112.76127568209928,-112.66632454898715,-112.63164087556258,-112.75095757389822,-112.66539066928708,-112.58628481273769,-112.55916536000964,-112.5339335568503,-112.51039220361666,-112.48837133635311,-112.46772367855995,-112.36535444292737,-112.26896154791099,56,-112.95799295115121,-112.98432782308542,-113.0,0.16372796125854863,-0.44675890887634334,-0.5317909704347028
HDOK,PLOK,17472,17,17,-112,2,11,2,33,-115.0,-111.0396035682815,-112.01541996382242,-112.01028844787331,-112.25796709641212,-112.8085710094145,-112.84071494815637,-112.71922631068456,-112.75489119502059,-112.78270950595349,-112.70230050602265,-112.73027908781405,-112.66693212012231,-112.6131336266941,-112.49134223722861,-112.4564257256232,-112.35852558265286,-112.52721745899322,-112.79966295941132,-112.98624983530433,-112.9310372255293,-112.88084460637712,-112.83499468727717,-113.04482548419337,-112.94489765626612,-112.90001513120524,-112.85838362843567,-112.86477393203279,-112.87073610577438,-112.79002321247688,-112.7143435319104,-112.85064329031196,-113.01973782364857,56,-112.72929446972499,-112.79002321247688,-115.0,0.30571897281956945,-1.1390582731579089,10.113036744279938
HDOK,PLOK,17472,18,18,-112,2,11,2,33,-112.0,-113.98019821585925,-114.48781967704201,-113.65991330201602,-113.74502114334787,-113.99702259391536,-114.1654382774649,-113.9970250611932,-114.37847374364507,-114.22202562577034,-114.09648497791741,-114.08741706580834,-113.81960368818017,-113.75348984795275,-113.69660145754806,-113.647098502105,-113.60360089370833,-113.56505326793854,-113.71337040046754,-113.67177929531529,-113.69015387043727,-113.65294737704968,-113.61896001515008,-113.7892950474391,-113.7507232767457,-113.71506401136507,-113.68198769038177,-113.69633769231751,-113.75381670724134,-113.72129329184907,-113.69079801919483,-113.57917493154534,-113.51482041425761,56,-113.76190331461125,-113.71506401136507,-114.48781967704201,0.15213108687967897,2.475020697685773,12.275599753622968
HDOK,PLOK,17472,19,19,-112,2,11,2,33,-115.0,-110.04950446035188,-112.51368702846956,-112.67552416365398,-112.75672533429506,-113.60878062211599,-113.50655677940189,-113.28884977799216,-113.76025343317163,-113.33348826984245,-113.19649688621678,-113.08404696046473,-113.25024344249414,-113.1493917791909,-113.06261284190302,-113.05816335261571,-113.72644818997004,-113.6800551954268,-113.63863176910743,-113.60139809492483,-113.51174802356914,-113.48415946647972,-113.45895789039143,-113.63735374633507,-113.60620713945596,-113.5299124934575,-113.4591441763479,-113.52867382467707,-113.50536437522887,-113.48356043357815,-113.46311617403296,-113.44390460299819,-113.4258146081046,56,-113.31753864655352,-113.46311617403296,-115.0,0.4972819714997557,2.785746089516635,14.317346779747089
HDOK,PLOK,17472,20,20,-112,1,11,2,33,-112.0,-112.0,-112.49776482947661,-112.33211670015665,-112.49925674488118,-113.00140937035883,-113.00117271490586,-113.00100325017068,-113.25492301040383,-113.22599084875439,-113.1000428471997,-113.09064055717353,-113.08277807755081,-112.91476949116425,-112.84570450762791,-112.85666928928491,-112.86630390148942,-112.81097933364069,-112.82249293385789,-112.9494465126696,-112.89629424036517,-112.8479746305565,-112.85588788885389,-113.01428661834899,-112.96471981695163,-112.96639562140444,-112.87543714535201,-112.97130601631928,-112.97257114602847,-112.93060957224405,-112.84898609680104,-112.97970044198507,-112.98052768932234,56,-112.85630793470605,-112.93060957224405,-112.0,0.08032802859103381,1.8343534466709988,3.5090022102786116
HDOK,PLOK,17472,21,21,-112,1,11,2,33,-117.0,-113.0396035682815,-115.01094962277566,-114.0089540157058,-114.75747334491393,-115.20777572811542,-114.83705545453901,-113.99356395296117,-113.74033428613527,-113.54281726791571,-113.48705278144111,-113.44127827944173,-113.4030002548107,-113.37049198911791,-113.26702001330393,-113.39017168078261,-113.3639445531924,-113.46842758785908,-113.43989479257698,-113.41424793287828,-113.33507497238894,-113.31701093583338,-113.24845759007349,-113.38707886262263,-113.31929421352807,-113.3041277767765,-113.24380345858638,-113.32305015126653,-113.39698756957942,-113.3367145528277,-113.28020012906971,-113.26857651282522,-113.33913546136976,56,-113.70556270586351,-113.39017168078261,-117.0,0.6301358809740274,-2.706875013489475,8.240605018222038
HDOK,PLOK,17472,22,22,-111,2,11,2,33,-113.0,-112.00990089207038,-112.5027374056939,-112.66821839922696,-112.75124786201633,-113.60440303367383,-113.33499852668702,-113.14208277992915,-113.37808211064028,-113.2216784406535,-113.09617345968314,-113.08713482487742,-112.99283293978002,-112.91274545445052,-112.76833340901524,-112.7847964537116,-112.73204286410572,-112.7491553493662,-113.06899405946312,-113.18157606604744,-113.11542862964855,-113.0552953902203,-112.9483126980566,-113.05167563501962,-113.0002816834556,-113.00026830352533,-112.90774299752678,-112.9119060067061,-112.87169969050005,-112.83409021480243,-112.84110464872657,-113.01362920724365,-112.93156981468364,56,-112.95364058336995,-112.99283293978002,-113.60440303367383,0.07355886935454553,0.8587982041386759,3.8602993387720805
HDOK,PLOK,17472,23,23,-112,1,11,2,33,-113.0,-110.02970267621113,-112.50374187603497,-112.00332076551335,-111.50198299823572,-111.40118413374084,-111.50173473719865,-111.42923088826838,-111.88280282968161,-111.78261024944939,-111.70221144629804,-111.63621576682065,-111.75451519124526,-111.7743173757136,-111.79135638595751,-112.0193739132502,-112.01807160936768,-112.08078027751144,-112.19768351904216,-112.18615812350856,-112.1757365493173,-112.11235208387919,-112.15855613036904,-112.15056815515814,-112.14321009511035,-112.13640763281177,-112.17635434790557,-112.2135205718046,-112.20410636073093,-112.23844518499598,-112.27064265859947,-112.30089878256946,-112.37014053437699,56,-111.96508890456599,-112.11235208387919,-113.0,0.22425445203170008,1.8978338142745717,7.718188622508945
HDOK,PLOK,17472,24,24,-111,2,11,2,33,-111.0,-110.00990089207038,-111.49826706464714,-111.33245179954025,-111.74976135177867,-111.80000961054859,-112.00150687306548,-112.00128912035873,-112.12814896999201,-112.11360486622851,-111.99920245648333,-112.09326004305768,-112.08517034004812,-112.07830002170371,-112.07238837974134,-112.13830773177335,-112.12901076147388,-112.18463454792978,-112.23429997355159,-112.16233749801887,-112.04128470570767,-112.09296946150722,-112.08813019444693,-112.33558763525727,-112.27031929210065,-112.20997927846538,-112.24652283058604,-112.2805227686784,-112.31224481991266,-112.34191801128041,-112.36974079835139,-112.56181906844768,-112.53892382471581,56,-112.01520651489301,-112.11360486622851,-112.56181906844768,0.22136849027670677,2.765712687679872,9.542412673623732
HDOK,PLOK,17472,25,25,-112,2,11,2,33,-115.0,-112.02970267621113,-113.50821221708173,-112.67351953271924,-112.75522236900186,-112.60357269659448,-113.00597053719527,-112.86060141991165,-112.87830832915795,-112.7786258465253,-112.9040995675869,-112.91311254257134,-112.92064946516764,-112.92705032531204,-112.7815582638945,-112.79708150377888,-112.9451604836663,-112.94866268715053,-113.25634903437681,-113.18310104881076,-113.17285061692677,-113.16353216547527,-113.25912439710503,-113.44758776029019,-113.42571475790521,-113.35799347832852,-113.3414339717516,-113.37115113518945,-113.4429677610575,-113.42385592079201,-113.40593588463372,-113.47206286897038,-113.45282536877,56,-113.13356353436089,-113.16353216547527,-115.0,0.2150461186544696,-1.5699189338132475,7.367788085160766
HDOK,PLOK,17472,26,26,-111,2,11,2,33,-112.0,-114.97029732378887,-115.98061193030134,-114.98871221934277,-114.24077692267214,-114.39322994271849,-114.49511617997022,-114.27906241767545,-114.62468570024066,-114.32680034717652,-114.19049602454741,-113.9846274442293,-113.8992174086158,-113.98801271959529,-113.91341788136376,-113.77744366095587,-113.85962323130815,-113.80472530957064,-113.87753171323224,-113.82636963286619,-113.83608987348119,-113.73710547498261,-113.75078971919164,-113.86410376088385,-113.82187619056239,-113.7828371703307,-113.70036945615469,-113.75901404397682,-113.72554879818115,-113.60795501857446,-113.53997292687711,-113.64202288218571,-113.57510718599046,56,-113.99283486398619,-113.85962323130815,-115.98061193030134,0.37067481172049294,-0.27979865474906024,5.3906631030240035
HDOK,PLOK,17472,27,27,-112,1,11,2,33,-115.0,-111.0396035682815,-112.01541996382242,-111.6775045316329,-112.75922357757088,-112.40596910553695,-112.33780050672883,-111.9999735192746,-111.8729532846117,-111.77387856592397,-111.79710838265505,-111.91015930206521,-111.91795239909406,-111.92457081974732,-112.00576558995562,-112.07641939230857,-112.07128252243523,-112.19445576541048,-112.36534668083732,-112.28574388636369,-112.38171201783362,-112.4689546222539,-112.49659671420949,-112.72347582464086,-112.73698918332433,-112.70198228572987,-112.71576752651843,-112.72859324559062,-112.91692135106365,-112.87736078720745,-112.84026719889273,-112.9298599672974,-113.01422228831791,56,-112.39284346597385,-112.36534668083732,-115.0,0.41232132135316146,-1.7625094472616831,7.307809017286402
HDOK,PLOK,17472,28,28,-111,3,11,2,33,-111.0,-111.99009910792962,-113.48832191221254,-113.32581623388045,-112.99402625697991,-112.59362308957589,-112.66186016523943,-112.71072351409518,-113.0015156509298,-112.88784991059025,-113.20756606891038,-113.1880584635781,-113.17174561330589,-113.15789164680767,-113.07047097056513,-112.99439952944944,-112.99477599002546,-113.05897238097718,-113.05538026360978,-112.99384921117104,-112.88222879359937,-112.83466745810385,-112.84327338429748,-113.00230762595764,-112.90445758767771,-112.86149596101238,-112.77538977060573,-112.7855250928216,-112.79498138093996,-112.80382690750734,-112.72756362600023,-112.69738191120177,-112.62821022454044,56,-112.85115926376055,-112.88784991059025,-113.48832191221254,0.17359954990770213,2.8407387285469343,11.488910082333325
HDOK,PLOK,17472,29,29,-111,2,11,2,33,-114.0,-112.01980178414075,-113.50323964086444,-113.00298566612975,-112.75198512586424,-112.60098549625415,-113.00381776848934,-113.00326607675011,-113.25689840460872,-113.11424832464361,-112.99977981138586,-112.9998005052912,-112.8263308001983,-112.75967431330449,-112.77781887295072,-112.7936078471388,-112.7402619604723,-112.82071232266004,-113.0752805052634,-113.0125892238011,-112.95590207245786,-112.95827941078744,-112.9083988380489,-113.11453157210637,-113.06006593676592,-113.0097129322288,-113.00926364648797,-112.96372158776025,-112.9653211180882,-112.96681733815194,-113.05277746051765,-113.21652113966177,-113.1261934975801,56,-112.98092700002589,-112.9998005052912,-114.0,0.08743478344323057,-0.2972236754813749,6.202747061832371
HDOK,PLOK,17472,30,30,-112,1,11,2,33,-114.0,-113.00990089207038,-114.49826706464714,-114.66523571578065,-114.74901160514594,-114.3978077109768,-114.33100953869597,-113.99416388915567,-114.12192881129536,-113.99459693303089,-114.09788359880851,-114.08868424062784,-113.99424795377757,-113.91404632546568,-113.76953606442952,-113.64378659318858,-113.53329215488343,-113.43537186881645,-113.53067627726027,-113.32482987795653,-113.0827156226762,-112.97043552346554,-112.86786997593481,-112.87452661768302,-112.78292106271276,-112.74573240637007,-112.75749392199508,-112.81356082282021,-112.9540522552561,-113.0423246532197,-113.12509243179626,-113.16138645441488,-113.23631361089463,56,-113.56086977197735,-113.53067627726027,-114.74901160514594,0.36629592815964873,-0.3018478664245081,-1.1752004665313804
HDOK,PLOK,17472,31,31,-111,2,11,2,33,-115.0,-115.0,-114.00447034104677,-114.3357665996867,-114.25173987750065,-114.00038881832438,-114.3361549900768,-114.43208480068014,-114.5042234328497,-114.44699723799373,-114.50380809657369,-114.55044151730534,-114.41595078582532,-114.46306347820061,-114.35260236640082,-114.3275451991441,-114.37274724411397,-114.41280534334642,-114.57039618002331,-114.47883853674116,-114.39604964073675,-114.37469843346193,-114.30314232526221,-114.43900860935342,-114.3686862244786,-114.25617391361983,-114.19806777078878,-114.14400610616138,-114.09356639975773,-114.04638448678512,-113.91758760681418,-113.9624896071039,-113.84176226725911,56,-114.33641358295203,-114.3686862244786,-115.0,0.06431909915255654,-0.49663427378401676,1.3504254523977788
HDOK,PLOK,17472,32,32,-111,3,11,2,33,-111.0,-111.99009910792962,-113.48832191221254,-112.99303231764004,-113.74553610540167,-113.39503009627846,-113.16078259896534,-112.99304215773905,-112.99392596789973,-112.88112160894724,-112.79060257621033,-112.90426492842913,-112.82582581910526,-112.75921006682475,-112.62638992418142,-112.65293997333208,-112.54183024980576,-112.69881578212821,-112.65624961359296,-112.6179887792954,-112.58339229867235,-112.65976223200165,-112.62542014175841,-112.74505023742094,-112.6597720162733,-112.58093304506649,-112.55406114609937,-112.52905966572087,-112.5057332043801,-112.44076835814418,-112.37985468487189,-112.36409707226736,-112.30850740524203,56,-112.68640669981326,-112.65624961359296,-113.74553610540167,0.20490913388023854,1.0300562835348634,5.4567292315858325
HDOK,PLOK,17472,33,33,-110,3,11,2,33,-115.0,-111.0396035682815,-111.51765513434582,-111.34538783147626,-111.50920673090067,-111.60775868266163,-112.17736936058785,-112.15173836402437,-112.76758200271944,-112.68046626316068,-112.5078292750949,-112.460102143552,-112.50693477595235,-112.54670818829113,-112.50543178763697,-112.46951402290681,-112.50517300097036,-112.53677402439197,-112.56498997980097,-112.47374753019909,-112.44722601751494,-112.42311586965344,-112.34903952631085,-112.48259353333417,-112.41014121276682,-112.39065955447458,-112.37258903125762,-112.35577630685019,-112.34008998108125,-112.28227181029906,-112.3126163554153,-112.25816474312576,-112.20689202906802,56,-112.3486408678214,-112.41014121276682,-115.0,0.37529257125036924,-1.928282149622884,10.463830038989553
HDOK,PLOK,17472,34,34,-112,2,11,2,33,-111.0,-111.99009910792962,-113.48832191221254,-112.99303231764004,-113.49528273813867,-112.79342524031263,-112.49228093146787,-112.42114321737282,-112.36764809048566,-112.21242861629702,-112.19060548464573,-112.45463977365978,-112.4152027261885,-112.38171014056805,-112.42839094854733,-112.4690115029523,-112.43748480551352,-112.60113412707035,-112.74725350738771,-112.58708242455224,-112.49823377844768,-112.57919464440137,-112.54904627612316,-112.67252404733148,-112.63965871588967,-112.65677488355851,-112.62639481056215,-112.59812934261566,-112.61584798752632,-112.58927723136715,-112.56436341330931,-112.54095177620366,-112.72266685429463,56,-112.53997701135069,-112.56436341330931,-113.49528273813867,0.15918578904313704,1.028688015957221,7.09977302227122
HDOK,PLOK,17472,35,35,-111,3,11,2,33,-115.0,-111.0396035682815,-112.01541996382242,-111.6775045316329,-112.00846347578184,-112.00676399840613,-112.5093754073724,-112.29126109635979,-112.38128766218367,-112.3380139056885,-112.3032891963137,-112.36876791092439,-112.33677968980606,-112.30961314709185,-112.28623739274819,-112.33695987999086,-112.31430962062919,-112.3580997084396,-112.64084648546945,-112.60348368832207,-112.5696992371656,-112.53898650510907,-112.51093105982814,-112.63632905576831,-112.50749525636546,-112.48338929270786,-112.41477297359663,-112.53142887562049,-112.46390753771125,-112.44389225096096,-112.38284650386478,-112.40844804597269,-112.39180297625266,56,-112.40636393636933,-112.38284650386478,-115.0,0.3006605165951753,-2.76661885075811,15.95537074090702
HDOK,PLOK,17472,36,36,-111,3,11,2,33,-112.0,-111.00990089207038,-112.00050223517053,-112.0003350993836,-112.0002512396345,-112.00020079037633,-112.1680828047463,-112.1437937743492,-112.50659936673229,-112.44910351829326,-112.3002347952026,-112.27201793913082,-112.24842214967275,-112.14771740208542,-112.21206463290349,-112.12593104695333,-112.05024657603785,-112.11090046164684,-112.46961646360509,-112.4422367633733,-112.36149692163252,-112.39591889850006,-112.3753104400558,-112.60829988976643,-112.52970447129071,-112.45704369283165,-112.48215892281158,-112.50552600715174,-112.52732757174932,-112.50457602817241,-112.52552186154013,-112.62817129422356,-112.60257206540716,56,-112.27762987928791,-112.36149692163252,-112.62817129422356,0.09169020342703026,2.2198460523585264,8.003411711230791
HDOK,PLOK,17472,37,37,-111,3,11,2,33,-115.0,-111.0396035682815,-113.01094962277566,-112.3417379319462,-113.0069769655442,-112.80477462989519,-112.50172458001099,-112.42922219885871,-112.3747008506723,-112.4456683794134,-112.39988415369895,-112.45628462004078,-112.41670489282924,-112.38309113400433,-112.42966767714984,-112.6123245537228,-112.57116443117137,-112.662413830183,-112.68297683143038,-112.6431577399823,-112.5511698644472,-112.5753664910053,-112.44131294238794,-112.57021826280082,-112.4934838414107,-112.42254353851585,-112.40299817546132,-112.33968922192466,-112.32471218244027,-112.31070247810366,-112.29756641141458,-112.32670565020815,-112.27263975795232,56,-112.53157992150557,-112.44131294238794,-115.0,0.2846105501903188,-2.484215778631952,15.170042584417844
HDOK,PLOK,17472,38,38,-111,3,11,2,33,-112.0,-112.99009910792962,-112.9950274237827,-112.66389830092969,-112.49775551560184,-112.39780553533345,-112.83475491907528,-112.71412754357334,-113.25853448501465,-113.22919244366442,-113.10291553714187,-112.99926063281987,-112.82583775815738,-112.75922104280582,-112.70189994789799,-112.65202046305083,-112.67541145774334,-112.69614058155096,-112.65373736445665,-112.55732074193592,-112.52612060223242,-112.55166764534091,-112.52295211853196,-112.64774449979983,-112.56722147711801,-112.49277864539307,-112.4699844557965,-112.44877685581856,-112.42899009705361,-112.41048132298212,-112.43540534902475,-112.41734331349085,-112.44108773157635,56,-112.65350045201893,-112.64774449979983,-113.25853448501465,0.06871250061651704,-0.4424317001190681,0.6952957232698203
HDOK,PLOK,17472,39,39,-111,3,11,2,33,-116.0,-112.0396035682815,-113.51318479329903,-113.34240514802995,-113.7572238412933,-113.20356956746853,-113.5052184953592,-113.28770488447411,-113.1241359764483,-112.9965535987923,-112.8941760530402,-112.90412166603384,-112.82569498379227,-112.7590897854235,-112.70177860043181,-112.6519077389634,-112.54086740166838,-112.57018888174517,-112.84001691291051,-112.73273977209189,-112.69171925816634,-112.65442837404984,-112.67241614508045,-112.78967860658923,-112.75108809188416,-112.66791161806542,-112.63701639929273,-112.83389186990235,-112.7971252295289,-112.76273326831262,-112.68820736845838,-112.78410807512503,-112.71140212490364,56,-112.95854266966384,-112.78410807512503,-116.0,0.3953985003377238,-3.5667397354482078,16.433104094735718
HDOK,PLOK,17472,40,40,-111,2,11,2,33,-112.0,-112.0,-113.49329448842984,-112.99635010046994,-114.24853033643257,-113.7970224059025,-113.49527407637095,-113.2791974970457,-113.11670922798352,-112.98996973966408,-112.99100016435743,-113.17981125526481,-113.07747029176642,-113.071221102596,-113.06584391815146,-113.06116481719476,-113.05705335154103,-113.05340976640548,-112.98924461902295,-112.93156942399928,-112.87941795360662,-112.99373944808289,-112.94201310160683,-113.04569340895574,-112.994591800607,-112.947348809665,-112.85727137146202,-112.81858781907155,-112.7824959406828,-112.74873516000875,-112.67480108061673,-112.6468081284775,-112.62044941162198,56,-112.99533606112317,-112.99373944808289,-112.0,0.16355330785562341,-0.30253858884461454,3.358792843428031
HDOK,PLOK,17472,41,41,-112,3,11,2,33,-115.0,-112.02970267621113,-112.51268255812852,-112.34207004864636,-112.5067192343958,-112.40496932727878,-112.1690528767343,-111.85561099113843,-112.25502259762456,-112.22607913345064,-112.20285366233048,-112.27777157270455,-112.25367669290391,-112.23321370501606,-112.14010622268702,-112.13014978055814,-112.05418172867056,-112.11458430452734,-112.41216405755596,-112.44643622034606,-112.3654612830232,-112.39966953945506,-112.43091807392975,-112.66110604002768,-112.62879869100439,-112.59893082878662,-112.61748286389496,-112.63474358455747,-112.65084789226854,-112.62276706551836,-112.55415874117027,-112.53117042718456,-112.71328411468984,56,-112.45382989504303,-112.40496932727878,-115.0,0.24827275188511697,-4.11437021277592,21.01422540220148
HDOK,PLOK,17472,42,42,-111,2,11,2,33,-113.0,-112.00990089207038,-113.49826706464714,-112.99966788329985,-112.74949762935938,-112.59899749240941,-113.00216358176189,-113.00185093048707,-113.50971021199605,-113.33836757867284,-113.30360653590647,-113.18109016343512,-113.33886877790424,-113.15020247622056,-113.06336233140712,-112.91673252974972,-113.0567686329267,-113.05314323071089,-113.04990617772383,-112.98869427685284,-112.8773624447559,-112.83006345622941,-112.7348045867212,-112.84892395105605,-112.75856956342743,-112.67503772060994,-112.64381287364819,-112.6147614322301,-112.80810842983524,-112.77324259853559,-112.74055098177348,-112.7098305090521,-112.68090350492251,56,-112.92444758940418,-112.91673252974972,-113.50971021199605,0.08599538542104883,0.3713739337535001,1.750391248635918
HDOK,PLOK,17472,43,43,-111,2,11,2,33,-115.0,-112.02970267621113,-113.50821221708173,-113.00630344895964,-112.75447262236911,-112.4021721485608,-112.50255684878861,-112.42993419952403,-112.75639320547089,-112.78404104764509,-112.70349525630573,-112.63737892098568,-112.84232095432276,-112.85504023241222,-112.79048480053036,-112.80537368925089,-112.95289527295327,-112.955903511359,-112.89767765125603,-112.84534101721326,-112.79801681796933,-112.75499538647007,-112.71569619891773,-112.83077823387111,-112.74131060265202,-112.70609843815909,-112.71969328035844,-112.82258994457943,-112.78632161080769,-112.7523957716288,-112.7628641324743,-112.73121803740645,-112.70141944898577,56,-112.82676053410546,-112.7628641324743,-115.0,0.19664646891735724,-3.603744494700326,17.780770743511198
HDOK,PLOK,17472,44,44,-111,3,11,2,33,-109.0,-112.9603964317185,-113.97563935408402,-113.31817835275328,-114.23956661763862,-113.78985861395716,-113.9930603884793,-113.70505053266982,-113.48846887865868,-113.2060432798754,-113.18487612405166,-113.16750097944207,-113.06622785241584,-112.98021992090302,-112.98171331443044,-112.98301283077676,-112.91693524440788,-112.92223998988888,-113.0488002150985,-112.98765279434585,-112.87637926691492,-112.88304371405508,-112.83707932651382,-113.04680510039175,-112.99564916520124,-112.94835594956815,-112.9044883722663,-112.86367419778213,-112.86968485926556,-112.83216231344433,-112.79697965345314,-112.80540160031633,-112.73182789661959,56,-113.00930221610263,-112.98171331443044,-114.23956661763862,0.6467849506381517,3.65342776930509,18.999253915280434
HDOK,PLOK,17472,45,45,-111,2,11,2,33,-114.0,-112.01980178414075,-113.50323964086444,-112.33741783364893,-112.2529778846037,-112.00137823192793,-112.16906253533996,-112.00012559083903,-112.6352276295384,-112.56313328060978,-112.50528169764422,-112.45779399413367,-112.41808333852299,-112.3843583865206,-112.35533937583703,-112.33008770704045,-112.37511884601615,-112.41502548817896,-112.57248109170636,-112.48080189336532,-112.39790308399083,-112.43036238891364,-112.35590884814094,-112.58987573994041,-112.51218068449703,-112.48785216356654,-112.46528585551852,-112.4894143209153,-112.51192625647948,-112.53298419397291,-112.5104503668886,-112.44779195384879,-112.47029552931885,56,-112.48421113989306,-112.45779399413367,-114.0,0.13173932091692647,-2.7650537575512817,10.032501195460107
HDOK,PLOK,17472,46,46,-111,3,11,2,33,-111.0,-111.99009910792962,-112.49279225325931,-112.32879891732674,-112.24651588111328,-112.19701515901014,-112.33184894495069,-112.28389466953674,-112.88295133876231,-112.78274190368155,-112.59959797541765,-112.54324617994413,-112.49612310222793,-112.45610302424772,-112.42166730228192,-112.46276566269474,-112.49887826185132,-112.53088128475704,-112.7421917555253,-112.69892030029396,-112.65979308077755,-112.67813378280454,-112.64283541251831,-112.66082917828678,-112.57966672524259,-112.55213262549101,-112.48033648400799,-112.50378580415969,-112.48157367791728,-112.46079618569877,-112.4413143667498,-112.38152394073397,-112.36597608181779,56,-112.45077970821269,-112.49279225325931,-112.88295133876231,0.09659977526991202,3.155492942509661,13.97940909200747
HDOK,PLOK,17472,47,47,-111,3,11,2,33,-116.0,-112.0396035682815,-112.51765513434582,-112.34538783147626,-112.25895336363766,-112.20695517823388,-112.34011987858796,-112.43547673767662,-113.01527890716326,-112.90005112362668,-112.80758743155835,-112.73168823970657,-112.7549625422222,-112.69406302015564,-112.71716122432642,-112.73726074487439,-112.7549219343111,-112.77057329874583,-112.72363624646107,-112.6814466193069,-112.58731524130701,-112.55565282285491,-112.47467763658582,-112.60190206109421,-112.62135656351737,-112.54434232169751,-112.51916297960912,-112.63110838224965,-112.603282550431,-112.57725392994793,-112.55284844027624,-112.52991448184991,-112.50831941343665,56,-112.68908848028958,-112.60190206109421,-116.0,0.3805293727855994,-4.835769174139155,26.195277973800028
HDOK,PLOK,17472,48,48,-111,3,11,2,33,-111.0,-111.99009910792962,-114.48385157116577,-113.65726571795334,-113.24252939158596,-112.9930278104297,-112.65836709026742,-112.56322887376696,-112.87275631055194,-112.88719767065572,-112.69332283431478,-112.72214516131656,-112.65950375891848,-112.68697009954816,-112.63510394192755,-112.5899712167541,-112.61753312794222,-112.89740960707518,-113.14730601548838,-113.0804154841449,-113.01993125754667,-113.01885675483955,-112.96582299673327,-113.16906273160484,-113.11193223299604,-113.05911558562424,-112.96386821340397,-112.92037458026522,-112.92388529823434,-112.92716926639159,-112.88796984516482,-112.89261722178072,-112.89699328343119,56,-112.87380618362886,-112.89740960707518,-114.48385157116577,0.2574195459589095,0.632117946548624,7.452358112479228
HDOK,PLOK,17472,49,49,-111,3,11,2,33,-115.0,-111.0396035682815,-112.01541996382242,-112.01028844787331,-112.25796709641212,-112.20616695480021,-112.67529547073303,-112.57771099598311,-112.88539886149259,-112.5579242009998,-112.50060775511743,-112.5475419523603,-112.50004624428811,-112.54037532430925,-112.4995770541031,-112.46407534737872,-112.63453881948433,-112.65787818323734,-112.9223648960159,-112.92689119787984,-112.93098400237834,-112.93470468463362,-112.83399900666211,-112.943121007819,-112.89703197258719,-112.85442306174582,-112.86115693376416,-112.86742209460539,-112.8291770926388,-112.7502572626079,-112.67625883084453,-112.6482054064661,-112.58103776011781,56,-112.66749852883163,-112.65787818323734,-115.0,0.3071471954065085,-1.449045766875311,10.639592799152958
HDOK,PLOK,17472,50,50,-111,2,11,2,33,-112.0,-112.99009910792962,-113.99055708273593,-112.99534778500258,-112.99651201747092,-112.7964110575388,-112.83059684347947,-112.71057033625013,-113.38245272530561,-113.2255530179866,-113.09964999548725,-113.09028462669873,-113.08245302173293,-112.99513627686635,-112.92000361094118,-112.85462491087331,-112.86439694507969,-112.87305693194982,-112.94170112944941,-112.88679782722204,-112.83715277722449,-112.79202150925019,-112.75079502973084,-112.96486776151062,-112.91771599213466,-112.87412459285177,-112.87994714202858,-112.88536441265671,-112.84632832640322,-112.80981349799275,-112.77557571469512,-112.95081862735651,-112.91207087840901,56,-112.93099398521953,-112.88679782722204,-113.99055708273593,0.07824215241959676,-0.7002418446226202,8.672489584025595
HDOK,PLOK,17472,1,1,-111,2,11,2,33,-114.50940771681303,-113.18984292719722,-113.68901029418308,-114.20105528763509,-113.82640873312322,-113.3600088077054,-116.39036759476345,-114.35717504025334,-113.2741005143419,-112.18426214226243,-113.07834703790257,-114.41651358940068,-112.08767594800683,-112.54953314820986,-113.22345835457148,-113.56747706607628,-114.70916284820802,-113.30243639709035,-113.52635940027807,-113.07606817596063,-113.30720362152788,-112.80544405069313,-113.95224460764642,-113.36043522257279,-113.71018460236365,-114.80681409735148,-114.18909083258885,-113.22598468010531,-113.2306404289714,-113.8860475789053,-112.03023396390789,-113.66595182791893,-115.12625533579913,56,-113.63076369316168,-113.52635940027807,-116.39036759476345,0.7834310706907402,-0.723769455556658,1.6949427816622449
HDOK,PLOK,17472,1,1,-111,2,11,2,33,-114.31471986373674,-113.81302102044218,-113.42687662881407,-112.63185892359522,-116.00920633051041,-114.42174812956576,-115.57744397720674,-114.70312102094317,-113.39578518025046,-113.57815688850688,-113.65827381365027,-113.83365086686999,-114.77554659910818,-112.71529386538352,-114.98947251685728,-114.5060998596055,-112.07227536620772,-112.78454212746473,-112.50469696117464,-113.57524530799195,-111.96896613931594,-115.03428889573567,-112.90167935753746,-113.77322855021232,-114.44073601275971,-111.37152563942037,-111.49776064645889,-112.84613599641222,-113.63652346343575,-114.7193834961101,-112.27589798268512,-113.15024054712157,-113.61434749254158,56,-113.59144695356458,-113.61434749254158,-116.00920633051041,1.2560386279900457,-0.00349538479860811,-0.436982264000215
HDOK,PLOK,17472,1,1,-111,2,11,2,33,-114.5317758500433,-114.39924928412226,-113.164804930835,-112.97557667999837,-113.03675188399285,-114.47901467715674,-114.490607110008,-114.36477311187572,-114.44262201158574,-114.6272310469944,-111.49893873459263,-112.55631787219235,-112.84579288226277,-111.50268669080891,-112.93172039764403,-113.54116930037438,-113.96656841632748,-112.1336211233434,-113.823991038333,-114.82501723876834,-113.25280949668846,-113.4272431076637,-111.63386321211823,-113.61998481678471,-114.16228912105785,-112.01191786006817,-112.44681923291458,-112.59237301772825,-112.35489657899376,-111.65910540172256,-114.1719961765164,-112.93298412701158,-113.44498786123076,56,-113.26816667550784,-113.25280949668846,-114.82501723876834,0.9926011451789669,0.22040339545315132,-1.0706342522399672
HDOK,PLOK,17472,1,1,-111,2,11,2,33,-117.07913388698728,-113.8219908844319,-113.2694696600701,-111.54735089269144,-114.84707019730189,-115.10480011746778,-115.22251871021612,-112.97445536280723,-111.7887564991515,-114.74528596373595,-112.08507399484486,-112.04399437762532,-114.00486264648802,-113.09533529055662,-113.91950092583635,-113.4113863492635,-112.89030873730783,-113.31340464877306,-113.50555665300331,-113.12979954640483,-112.38805690017912,-113.8894586017541,-112.46609472747407,-111.81071184257164,-113.67881635626571,-113.35171942896652,-112.90608929734806,-113.62088713715066,-112.43639716008165,-113.18152230808826,-113.92887943401362,-111.70846693965827,-112.43697169662157,56,-113.32133718712538,-113.2694696600701,-117.07913388698728,1.351369157867666,-0.9980222896126152,1.8951907561295518
HDOK,PLOK,17472,1,1,-111,2,11,2,33,-116.78647666196413,-114.73006619565822,-113.06630868659944,-113.66183419038745,-111.70424299921527,-113.95508850212586,-112.99545231280368,-113.96236647499667,-112.94736625873442,-113.05555551783544,-113.20718222108522,-112.94881897350956,-112.45490240429281,-113.69139302997017,-113.96998969015837,-112.78750945913949,-113.37181622326783,-114.52072467480457,-112.36453703352423,-112.73106491768995,-113.61245319946265,-113.9061997322825,-112.76443012172098,-113.37668840853665,-114.21281070021922,-114.07844433586793,-112.2758803982588,-113.12716616921622,-113.74310091780958,-113.69107478385882,-112.41275839924691,-114.41283983397906,-113.2143576818412,56,-113.4466939730322,-113.37181622326783,-116.78647666196413,0.8312142837644093,-1.3018966754324541,4.166615676881472
HDOK,PLOK,17472,1,1,-111,2,11,2,33,-114.41873128948424,-112.75461647756927,-112.31506598861246,-113.40434894377464,-114.29479670098873,-114.43616050872059,-114.9192821584604,-113.38709882303864,-112.3335266170808,-112.2025701744345,-112.30333058252529,-111.63123271782396,-113.01360653432302,-113.56747321669847,-114.04422122056226,-113.0894841094322,-111.67811945225941,-112.45489612296713,-111.90905768091622,-112.97921106620863,-111.30723880320214,-112.86526459391287,-113.75372851354572,-113.78020993038642,-115.81947708635295,-113.3887037028773,-112.94322629230221,-115.19328775921073,-114.15286415555606,-112.78784463363614,-113.99445406807479,-112.49020138537432,-114.64567872454148,56,-113.28057606166226,-113.0894841094322,-115.81947708635295,1.1539666061060052,-0.30272275303028484,-0.3982746119032843
HDOK,PLOK,17472,1,1,-111,2,11,2,33,-113.70225591163751,-112.81793491591155,-115.09661475681511,-112.13665915845951,-111.75896644469837,-113.06659326951534,-113.08060149363696,-114.56756697196138,-112.84076284035507,-114.67820181636628,-112.74756499755743,-112.94051523790239,-112.80828316145872,-113.48870847791004,-112.74462395557835,-110.98124382818006,-114.40305113039415,-113.17219567448971,-112.79584180457768,-112.79923717975547,-112.90057808210582,-111.9322156233975,-114.00411051359367,-113.12239861282569,-113.83481652822073,-112.5911385330702,-113.47014886020743,-113.52545447147159,-112.3179258484934,-112.86463479506757,-114.29609097708185,-112.43555868282684,-113.18363573553205,56,-113.12442819063806,-112.94051523790239,-115.09661475681511,0.7460749342393114,-0.15600459770004374,0.47019611560337937
HDOK,PLOK,17472,1,1,-111,2,11,2,33,-115.65850832675916,-112.40229635930356,-112.55714340162798,-111.69938249919132,-114.58841199998892,-112.6281663839994,-113.9320079179836,-111.93792666192253,-112.06995689009449,-112.21424973006674,-113.97868946311372,-112.79433642833212,-112.12958526775573,-112.66639097365943,-113.48211098214874,-113.18774584960862,-111.8345621052273,-112.86837833994906,-111.88615015703297,-113.73926297662835,-112.41811481386614,-112.12169081323916,-114.58467718031602,-114.85023730674816,-113.01086015291881,-113.94659580570509,-111.80370504935647,-113.79563080863318,-111.28974213995099,-112.03594966281473,-113.09037266473044,-112.99374998687298,-113.19226742430186,56,-112.9511774704196,-112.79433642833212,-115.65850832675916,1.0478255674960983,-0.7288851319193883,0.038169484461504144
HDOK,PLOK,17472,1,1,-111,2,11,2,33,-114.17736554162275,-112.55471406577661,-113.15611185807988,-112.84073749464457,-115.79538543763091,-115.89913016858277,-112.82950036560223,-114.88617854159502,-114.98825773580892,-111.30506022776474,-112.35543409163816,-112.45588139480886,-113.37250016439617,-112.87503150727646,-113.53903686900672,-112.89590245901978,-114.65998425534062,-109.94760004009241,-112.53981589781141,-112.55425915925667,-113.01931618007418,-113.79203418046666,-114.28618028463053,-113.0589127891375,-114.68288498786347,-112.72197052574867,-112.06961513314033,-113.95738473557365,-112.67412336513831,-112.32057301470026,-112.38435853544564,-112.53851821019921,-113.19686147670883,56,-113.22214002104793,-112.89590245901978,-115.89913016858277,1.4685960581565924,-0.13003670440036647,0.9262958135117736
HDOK,PLOK,17472,1,1,-111,2,11,2,33,-115.81834042978055,-114.8081999098929,-112.44202338511393,-112.35509976833748,-113.57010640252668,-112.60696636773062,-113.38472960673943,-115.0884609214119,-113.46245419997324,-113.58865971798,-112.41603358522609,-112.33958559065796,-114.33814559517135,-111.41607165046726,-112.40627057963762,-113.45695555444436,-112.73964217712908,-113.0701578678502,-112.95122176218791,-112.63563214725738,-114.02311269477035,-113.16178716364308,-114.90202546385753,-113.77490060007969,-111.66091605404272,-113.95429895434972,-112.8244975086416,-114.68363448930954,-113.40766418485674,-112.07974841926541,-112.24896656417985,-112.79968387275753,-111.96479943452158,56,-113.22366038253912,-113.0701578678502,-115.81834042978055,1.0676871826380032,-0.5931074264338588,-0.09560755398049414
HDOK,PLOK,17472,1,1,-111,2,11,2,33,-114.90101911826773,-110.93589806018349,-113.54299384235884,-113.26424946644407,-113.76722829866,-114.68448970823114,-113.42730620922724,-114.80966270187159,-115.20929028631723,-112.64986056604776,-112.21296091561004,-113.381770831803,-112.82355031113804,-113.26060986077403,-111.92956335017954,-112.77552479315251,-112.1761043885952,-112.75480542398931,-113.57688200085298,-111.87175489290661,-113.39442987082708,-113.46234560767536,-112.56191241201249,-113.76824879659361,-113.75004431086272,-114.2985436663537,-113.86406103869378,-113.00134185281341,-113.86222751868557,-112.90456387483843,-113.34369557108305,-112.73449926368157,-110.6165453038846,56,-113.19751467013987,-113.34369557108305,-115.20929028631723,1.0306914224027317,0.3869070409639645,0.6110469179493343
HDOK,PLOK,17472,1,1,-111,2,11,2,33,-116.19829966959388,-112.87229481486263,-112.87231801794812,-113.83965233743135,-113.76150463962087,-114.87033205977566,-114.28903300336168,-114.04671305512572,-113.81381730758129,-114.41599359686867,-113.33187907973195,-113.02269209457523,-113.2787101517811,-112.63963780691125,-113.68739064313509,-113.4507469619039,-112.9509540292008,-112.92676835085896,-114.13938200833475,-111.25287399912717,-113.16107388877141,-112.58442188050257,-112.02643040615824,-112.36566295560908,-113.4534288221167,-114.22569630295543,-112.36715525324303,-112.19216471361264,-112.55356689654178,-113.8797620633243,-111.718610148754,-112.18909514971652,-112.61807060088998,56,-113.24230705181594,-113.16107388877141,-116.19829966959388,0.9579596572276051,-0.6059675556177112,1.2014460662928372
HDOK,PLOK,17472,1,1,-111,2,11,2,33,-113.99777601100693,-111.96334454932129,-113.64179207010366,-113.10898894090742,-112.64005768703333,-113.74174344780967,-114.63456572790606,-112.1757856325651,-112.59332596475087,-114.91636734101075,-113.23693058180966,-112.53265988863282,-113.1791281843695,-114.75849199165076,-113.8897488227279,-112.30185370326019,-114.09452844452728,-113.37113119291813,-113.01393851587241,-113.07855973424186,-112.24664059380915,-114.8003264102304,-113.49257842559341,-113.90969511803726,-112.2889299064039,-113.90864187094,-112.17664697653689,-113.45787797249027,-112.0634860821076,-111.21000241347828,-114.73661158064839,-113.94730291086435,-113.32564747607734,56,-113.28591230817099,-113.32564747607734,-114.91636734101075,0.8752513895141891,0.05454025460824143,-0.6718089005322798
HDOK,PLOK,17472,1,1,-111,2,11,2,33,-115.19696331477793,-112.15749624305687,-113.43712120333302,-111.4106791359194,-114.08743168207926,-112.19637664659454,-113.13877873036597,-111.33730751263212,-111.75723704300539,-113.31286502943169,-111.08054613826134,-115.20145662990623,-112.97602183877633,-113.61361336652244,-112.91619549508535,-113.74927676458151,-114.58815975440258,-112.41260475662862,-111.61938479760528,-114.14965718001505,-111.76403588176522,-113.35281712690688,-112.8450955568226,-114.04643681403073,-113.98279490508666,-111.15023384557975,-114.05815523419409,-111.41417116898229,-112.73254661158414,-112.44717386171521,-113.693035146851,-112.61849611585599,-113.35201578505335,56,-112.96352064598209,-112.97602183877633,-115.20145662990623,1.2713775455634382,-0.06956277963991876,-0.7655204749440756
HDOK,PLOK,17472,1,1,-111,2,11,2,33,-115.33871674954102,-113.2507110480909,-113.12437649311636,-113.14629747580538,-113.88212214766283,-113.71832233626037,-115.42754407648026,-113.77245438597575,-115.35447369049254,-113.9460971829371,-114.36382356398458,-112.92845701004185,-113.44706277902175,-113.12027078245197,-114.19774405947598,-112.33304589949937,-114.31383790689779,-114.398397784046,-113.00640015401896,-113.50302107423018,-111.73865426285238,-112.04957769719638,-112.20527262882864,-114.08552806949979,-114.23113722809876,-113.19716903652731,-113.51633959471381,-111.7471552593321,-113.43681676395676,-111.6478770708689,-112.93780671842565,-113.22160367384451,-113.75558685058637,56,-113.46496065014432,-113.44706277902175,-115.42754407648026,0.9360353859803272,-0.04630602200119507,-0.08073874342279996
HDOK,PLOK,17472,1,1,-111,2,11,2,33,-115.66435449287012,-112.82735932855489,-113.1505083791168,-114.43971030789338,-113.51362910998061,-113.0220979948157,-113.7553229765694,-113.3944776766212,-113.11035269495004,-113.43585702378621,-111.77894916910775,-113.96719551989554,-112.26355887973169,-112.58220718443062,-113.65224988247935,-111.9078519298562,-110.95022505556037,-114.01665731503373,-112.4947392449263,-112.68914529589374,-112.47432799029647,-113.52446005355267,-113.32561757898596,-112.139598294975,-113.55736319296227,-113.14721362703703,-113.14095895708878,-112.9338244157497,-114.57340880148053,-113.42821337914998,-111.89380778326934,-111.20324253930339,-112.98013986493602,56,-113.05874624063216,-113.14095895708878,-115.66435449287012,0.8944542388995401,-0.1374544970985162,0.9678313143197266
HDOK,PLOK,17472,1,1,-111,2,11,2,33,-115.38191146402075,-112.48467355685881,-111.59805948775491,-113.82857354798935,-112.94018010316918,-113.96170208648572,-113.9886191768851,-114.73969410982063,-112.7574774292401,-113.62922282505994,-113.99253136545587,-114.03531649186984,-114.11976407028182,-114.25588415891598,-114.40268972103877,-113.55417248708683,-112.46755514710941,-112.09023047764637,-113.15034262088116,-113.10769786306169,-113.13113159812778,-112.02325130804809,-113.5125076492327,-114.83424670955695,-115.07699261990135,-112.42320396643177,-111.83823025678433,-111.72170248444344,-112.11145113548885,-113.34362922885904,-114.28944710403461,-111.22636885576111,-111.52607338905536,56,-113.2589252877684,-113.34362922885904,-115.38191146402075,1.2179113968891386,0.06036759517637881,-0.9492111774220175
HDOK,PLOK,17472,1,1,-111,2,11,2,33,-114.25450991104549,-113.99871696466529,-111.71521990639464,-113.53483587013054,-113.41550895455774,-112.85562323946215,-115.00975292023654,-115.14758738419123,-113.35376787926026,-114.32814002298163,-113.06558905305558,-113.90030656071441,-114.09117479384706,-113.50434831556582,-113.69597311475076,-114.45156511003059,-112.70599861417885,-115.47202851344116,-115.02711437173468,-114.18996539636129,-112.01409228462482,-113.19139391116181,-113.73897916610527,-111.70380947481408,-114.41025955382807,-114.02597678139124,-114.50946754818158,-112.99064020817234,-113.0871634173871,-113.15110446273121,-113.63514047885177,-111.73670869183952,-114.02177253335554,56,-113.63437076997121,-113.69597311475076,-115.47202851344116,0.9140675820801788,0.3558837086263468,-0.12665449712097487
HDOK,PLOK,17472,1,1,-111,2,11,2,33,-114.01458773816856,-112.60795285956495,-112.32117859236362,-113.68807725821053,-115.21573550060495,-114.20795825289514,-112.36418544801286,-113.26028647542147,-114.16951081270795,-112.48153844355284,-114.33565716198044,-114.11747990655834,-112.18884026625996,-112.85526541432012,-112.06162709723773,-113.62399670513464,-114.89601380438853,-113.69914428675186,-112.14213202358958,-114.31879666293335,-112.64508929080752,-112.31870935242847,-114.59645523312722,-113.39916677170258,-115.08034406010084,-114.76830852370807,-112.443258627286,-113.0364428841861,-112.79267649698842,-114.59525443528999,-114.29639993995353,-112.76305801291664,-113.17401564727652,56,-113.46906496928574,-113.39916677170258,-115.21573550060495,0.9179787660598989,-0.16815109428623248,-1.3245899062763808
HDOK,PLOK,17472,1,1,-111,2,11,2,33,-113.33118304771169,-113.86542684970671,-112.85358037430609,-111.13174771208516,-112.31430219232399,-116.0970531790552,-115.45921905114797,-113.30723415615472,-113.61099605603302,-114.52067078511627,-112.84412037068378,-112.94338651185697,-112.95770451186046,-113.37438787443779,-114.61952431435833,-112.60688683330271,-113.42721394508762,-112.31193305367519,-114.04714716853715,-112.88809676323781,-113.78798518018897,-115.10041758913057,-112.11423677194081,-114.7403990135241,-112.79370523476456,-111.75998996943052,-113.0432221939467,-114.35022925651921,-113.94643404603251,-114.09062081768174,-113.20530223865826,-112.82243080469834,-112.70582085156039,56,-113.42341238541684,-113.30723415615472,-116.0970531790552,1.1076596193237838,-0.41937753671718353,0.3532380298010547
HDOK,PLOK,17472,2,2,-111,3,11,2,33,-110.54615600053799,-111.51285377708842,-112.8732520333355,-111.92605499966056,-111.53570426569935,-111.11637902589588,-112.94642187807092,-111.32451854511625,-111.59072765454628,-114.03836159567734,-112.06474735345141,-111.03734927736808,-110.96384518532814,-111.25883087471183,-111.33669164115665,-111.1440847076558,-113.2467472032346,-111.60002887037541,-111.88464221590277,-109.80939779200509,-109.29301934980246,-111.655600823674,-112.34139198217585,-112.55314364494815,-112.9975765112414,-111.58513225587669,-112.01399852869885,-113.49063132004119,-112.71577666514348,-112.74757045301384,-112.39893213539357,-113.24571187699335,-112.45859501339113,56,-111.916784104764,-111.88464221590277,-114.03836159567734,1.032267877079281,0.31428035509232083,0.374141506250123
HDOK,PLOK,17472,2,2,-111,3,11,2,33,-110.72091843706664,-110.73771795720235,-110.91172245766606,-111.32610870994708,-112.81715098522112,-111.35596820485497,-113.6760599591427,-113.88408700474798,-111.7702190680253,-111.64898952100685,-111.14918122592353,-111.38702152293594,-113.01659971978563,-111.41843325928744,-111.59275065912522,-111.65068778684414,-110.98561067002234,-111.82303280562829,-110.77553079932048,-111.28625929343418,-113.63086128514878,-113.34680336653398,-112.15638723732609,-112.29622560913499,-112.21141438307903,-112.12170828962763,-112.9709137307382,-112.90498232874565,-111.55670896522516,-113.98223605623554,-111.25939161565604,-112.27386763231215,-110.59908966516211,56,-111.97711030945801,-111.65068778684414,-113.98223605623554,0.9519733246296395,-0.6077839807367746,-0.7015195505065832
HDOK,PLOK,17472,2,2,-111,3,11,2,33,-110.05603654320167,-110.17763249451377,-111.60160340340903,-111.93423377029794,-110.21916463602396,-112.50530573378396,-113.16267258071451,-112.20800154967574,-113.47665446525015,-111.89097550691939,-110.69160150751537,-110.70491689097119,-110.82354729323075,-112.06900927389533,-110.50294077460654,-110.61554552893469,-112.39684143519132,-113.01939285189302,-112.07532592798458,-111.87345283231627,-111.44704160644504,-112.49939272450861,-111.64644593188541,-112.22045915680572,-113.29806166725855,-112.60022192078081,-113.6285052653939,-112.71066221026892,-113.61245586644024,-112.14916419468787,-111.82040766059252,-112.9605598265584,-111.44419157900022,56,-111.94067953366529,-112.06900927389533,-113.6285052653939,1.0343173339870602,0.21503756542385727,-0.8102131481863815
HDOK,PLOK,17472,2,2,-111,3,11,2,33,-109.37351482829779,-112.4222583135466,-112.13109609529488,-109.35352285093748,-110.1417265127747,-112.67478237864321,-112.66971104455001,-112.22406372727777,-112.958301230974,-111.46919707166323,-109.91885675672565,-110.89097344457,-110.45382685598068,-111.22068099772439,-109.73766220658733,-111.89667799673781,-111.99871032481146,-111.99258423571689,-111.37754993994217,-110.2797801774714,-112.06612543151503,-113.12876365467142,-112.36390537907175,-113.45109141813512,-113.34567034770052,-112.51886495165795,-110.80240614940638,-112.54679523400846,-111.74924312982337,-113.03512521886921,-112.7703993494027,-111.96739785899138,-110.24166148223217,56,-111.67190686653677,-111.99258423571689,-113.45109141813512,1.373876164570805,0.5056510456916484,-0.848062911483884
HDOK,PLOK,17472,2,2,-111,3,11,2,33,-108.8136545805884,-109.45225653360549,-112.60561938134079,-110.25756235374621,-111.8327443263494,-110.30229534883499,-111.073115237381,-111.55932027900685,-111.55603598314102,-110.72579029462709,-111.16624030930882,-110.70941161689419,-113.11857017674755,-113.18145805047389,-112.13250800063328,-110.73739087581968,-110.7697403647599,-112.54906567976334,-113.54219604296314,-113.12806890501705,-112.72307434981334,-111.00177414525997,-112.36279366022305,-112.35558439818527,-112.84903539160196,-111.3321234460431,-113.81326828923639,-111.70932881131701,-113.53503463750032,-112.06319731166344,-112.22911260339168,-112.52592125887405,-113.97824822647188,56,-111.86944063244191,-112.06319731166344,-113.97824822647188,1.523436599352116,0.391377409477893,-0.22030894894250297
HDOK,PLOK,17472,2,2,-111,3,11,2,33,-110.58543858654996,-111.00843801770277,-111.6940627413212,-109.94996173969994,-110.63150851558203,-113.63885122173981,-113.48095999754891,-112.28278405768143,-112.22738518780905,-113.08429834531381,-112.20342184630827,-113.35481146221277,-109.6127839871202,-112.75578534714036,-110.17986383111464,-111.82964569626905,-114.24513252457385,-110.45630901653541,-113.15467539582603,-112.56526945892519,-111.8491963413966,-112.47205711192017,-112.43867638302821,-112.04539135953131,-112.23392542482651,-111.52163291414776,-110.66994375690594,-110.71733135693007,-112.38428308233532,-111.57761627467403,-111.1387872063315,-111.9060696017599,-113.01217204458783,56,-111.90631726773786,-112.04539135953131,-114.24513252457385,1.2683110387126353,0.12480686275981806,-0.5924379235141384
HDOK,PLOK,17472,2,2,-111,3,11,2,33,-110.35433508929798,-110.93816459349753,-111.98433946711938,-110.4654874215725,-111.9881108435094,-111.09427778205051,-111.27076689562975,-112.10940731083798,-113.12460473178939,-110.23469500972297,-111.53370748357702,-110.643275877504,-112.08727950424667,-112.67832625521868,-110.61117062881323,-111.87697244284445,-110.70325723391575,-113.2175020503684,-111.9325754279978,-113.94950266969141,-110.63944426994026,-110.92916789476125,-113.53174167903705,-112.44479149119618,-110.92210125120056,-111.95590722030205,-111.05578092053045,-112.55361834774556,-113.30008415675296,-112.5330809161715,-112.40979358963824,-112.7532122008278,-110.82283796130652,56,-111.77725213995805,-111.9325754279978,-113.94950266969141,1.0223179963617712,-0.29883573500850397,-0.9448863782789032
HDOK,PLOK,17472,2,2,-111,3,11,2,33,-111.37620291011886,-110.64092391023996,-112.30762093247097,-111.1706877613339,-111.97583252416572,-113.5332201522659,-113.1750715704228,-112.55608873949899,-111.26111497642094,-112.55681749477522,-110.44056623356866,-110.69239432605958,-112.59976623983033,-110.7856182021868,-112.71228502261276,-110.55424025847819,-112.20493424097529,-110.32459354284235,-112.9025166678116,-112.36806957889424,-112.45994897978572,-111.56207525913972,-111.99507530863656,-111.28526700014105,-112.10422045726943,-111.43690719451831,-112.84274849751895,-111.01503706727833,-113.05110864512407,-111.36620189692513,-112.50362925791129,-111.90953336289837,-113.5381527791138,56,-111.91540821185558,-111.99507530863656,-113.5381527791138,0.8214936380549327,0.06882067185958157,-1.0170542497787278
HDOK,PLOK,17472,2,2,-111,3,11,2,33,-110.53934574308741,-112.07636765546482,-112.21725216312787,-113.00156897057613,-111.7763974227648,-112.26943475931719,-112.91372443818231,-113.42831984387705,-113.95309293992844,-111.64171800776727,-111.11012971038863,-109.60931350402623,-114.44594808389039,-110.34357540010846,-112.23318296719555,-111.88069779654566,-111.89840969258749,-109.40523225282726,-111.68603893911427,-114.42934664430155,-113.34893045022,-112.1764305046357,-111.91636848907714,-110.95399080572831,-112.62651265189929,-110.39332658014628,-113.63801749872056,-113.97394584262734,-113.39375926689054,-110.22512192962509,-113.16614146376841,-112.0374354829035,-113.37395748195632,56,-112.18433440555387,-112.1764305046357,-114.44594808389039,1.7545983387373243,0.2716571616067244,-0.5693361054047346
HDOK,PLOK,17472,2,2,-111,3,11,2,33,-109.69401319468207,-110.42753517418726,-112.91582498257023,-110.7769717416957,-110.83025972204294,-112.67975544757265,-112.69703586139616,-113.84414855329847,-112.5967250082973,-111.67322527834291,-111.55894704249476,-111.90349555336672,-111.29006586417349,-112.27528724048669,-111.20206636984933,-110.16082538996373,-110.96062462430261,-111.32069091324479,-111.79859639543842,-114.34443130399151,-112.74988118113684,-113.24281116007356,-110.64981867082575,-111.2863464566801,-112.15232739115463,-113.27615602383042,-113.02603990277339,-112.6449513681684,-112.78708072597055,-113.39380524984176,-112.19195210753085,-111.41799417881924,-111.9894832780994,56,-111.99270222291828,-111.9894832780994,-114.34443130399151,1.1721849587356787,0.015586074601791853,-0.47655098816361985
HDOK,PLOK,17472,2,2,-111,3,11,2,33,-108.86373755362644,-109.4960819277452,-112.1237216754614,-113.05034247838445,-110.98238625022935,-112.68828666726368,-113.09312013286267,-114.2813628631752,-111.11880713101793,-113.3137994470436,-111.74915118238002,-111.5485395931679,-112.17117284908652,-110.20924889128467,-111.429120151593,-111.77439477144813,-112.51525570865739,-112.41194201075479,-110.76848471925659,-111.7121988463332,-113.07813383290599,-111.00664846855362,-109.70777631565437,-111.8763623081664,-111.81569728791048,-112.01886339204401,-111.40634838527339,-112.73265073924283,-114.36065576444102,-112.4342370252928,-112.68183287557878,-114.72257721880281,-110.3670302373507,56,-111.92454450612088,-111.8763623081664,-114.72257721880281,1.7578614389959086,0.11105128322461075,0.17045880000270008
HDOK,PLOK,17472,2,2,-111,3,11,2,33,-110.37492466797215,-111.1357829621956,-111.29330195996613,-112.23119043217584,-112.17636380988657,-111.21816728756453,-112.3304722431404,-112.0010040682838,-110.70633823994099,-110.9644784457273,-111.5517391369151,-111.00300162449487,-110.22880509144892,-111.0444950092224,-111.4884093299511,-112.4928659449364,-111.90621740179638,-111.89520914854722,-113.1372704321439,-111.63518262894237,-111.7990433714883,-112.64965482411328,-112.60904160840461,-111.35035812727055,-112.41317479774139,-112.15902623673861,-111.19194657097381,-110.82752427848949,-112.80567677833062,-112.67496662456276,-113.07920610013907,-112.50817510200868,-110.63840933210757,56,-111.74307344295819,-111.7990433714883,-113.1372704321439,0.6156439373555181,0.06752020095809913,-0.9902803786442509
HDOK,PLOK,17472,2,2,-111,3,11,2,33,-111.7511972761252,-111.64571728854456,-111.47062221871045,-111.31095176152458,-110.51070611482018,-111.14756378457392,-112.3604631725278,-112.3688185840986,-111.06578741542162,-112.79170412136467,-112.03720942290595,-110.40253399256908,-110.11212018047215,-111.61301443502892,-112.50003387148118,-111.83784995969854,-113.64668548097077,-111.9333186683586,-111.47798081028543,-112.08877446439377,-111.9114538341062,-111.83697192192196,-112.44249248949907,-112.04341730184572,-111.05940679371516,-112.79992108895105,-112.8637487368642,-112.1486104132599,-112.02635125144177,-111.64690683137692,-112.96433757074784,-112.87159310901626,-110.7722447076679,56,-111.86243966891789,-111.9114538341062,-113.64668548097077,0.6186430620858194,0.16418546638797407,-0.015507704678917822
HDOK,PLOK,17472,2,2,-111,3,11,2,33,-109.04338726873762,-109.68088335048837,-113.97866720241205,-111.1284728661719,-111.31023610400392,-112.76320065192583,-110.86940528438414,-111.56936826063534,-109.87697685925383,-112.77108587636113,-110.00478954682875,-111.69669139239271,-111.92465588694834,-112.19882538483492,-113.03744414495411,-112.01451854195308,-112.06462329063551,-111.43414378423549,-111.95833732189654,-112.99320050192131,-112.71410252581605,-113.15096948489914,-110.8790076075385,-113.01689204446829,-112.63585508964891,-112.5901578218722,-113.30082487392531,-113.21770463582065,-113.2001323028752,-113.00906875918083,-112.31588936164266,-113.43646902258801,-112.80777035445968,56,-112.07859870926396,-112.31588936164266,-113.97866720241205,1.3954155555204144,0.8940667286642142,0.20939892750706468
HDOK,PLOK,17472,2,2,-111,3,11,2,33,-109.87557049343351,-110.67951901885206,-111.69190167159306,-111.6557885972388,-111.87399666186181,-114.03856247160898,-112.73259010965205,-110.33801134619951,-111.12571544061883,-111.58313639056979,-112.38635388079574,-112.9367806196292,-111.9501828020691,-111.64387585657263,-110.16931817833301,-114.1511351130727,-111.74960064279448,-112.73311141886052,-113.15289913366236,-112.51692321183653,-111.760996506686,-111.89320995280809,-113.25282832146418,-113.09226444778233,-111.18098868612049,-111.26176765029999,-111.5900035644611,-110.03920542705366,-111.873656833777,-113.80172713616706,-113.95987762479874,-112.35193790562433,-112.70973806567982,56,-112.05312652066597,-111.87399666186181,-114.1511351130727,1.2699352066047886,-0.0013358411299001867,-0.46522624178668437
HDOK,PLOK,17472,2,2,-111,3,11,2,33,-109.8066177390796,-111.435293294832,-112.5979051869933,-110.64447828974505,-111.67609107755658,-109.99509138788119,-113.06621723477687,-112.68652282641374,-111.8569422470209,-112.14300747209549,-110.29544054128833,-110.96067793158589,-111.99377937347128,-110.72389099748843,-111.58242735758199,-110.02138671290187,-111.17286415717633,-113.3791066116553,-111.66141597033558,-113.54483432014996,-112.02293917257447,-111.32855655812007,-111.82942513242891,-113.57523373348795,-111.44239316806281,-113.40199310552562,-113.17862203113535,-112.05475730745746,-111.40222271393318,-112.9805604357026,-110.08083870058032,-111.3541594575036,-113.00737153002363,56,-111.78494132656256,-111.67609107755658,-113.57523373348795,1.1947649357122716,0.04460413434958703,-0.8860150722427114
HDOK,PLOK,17472,2,2,-111,3,11,2,33,-109.03199296508384,-110.5915522158575,-111.01139320881371,-112.3957197180168,-112.60968934335384,-112.50697549731699,-110.38733379224243,-112.44437274660159,-109.66561906621814,-110.28184048729435,-112.59525530605066,-111.73803229657675,-111.44334210336919,-111.79354478198846,-112.25013696956032,-109.81754772344725,-112.21502845192744,-110.51415098411701,-111.88988324970902,-111.34669069708671,-112.44886405339905,-111.11860466158946,-113.04634729924081,-112.72312138941055,-111.4713041737922,-114.00337982912113,-111.22780248660305,-113.62913810361276,-114.15385899634872,-111.8975388849328,-112.60457788442365,-112.60128024267625,-113.13623631354344,56,-111.83612593707048,-111.8975388849328,-114.15385899634872,1.453638716618859,0.30801474133087603,-0.17979506453243177
HDOK,PLOK,17472,2,2,-111,3,11,2,33,-111.70261851208222,-109.74590759615168,-111.57836043760828,-111.07058404847547,-111.91295660735835,-111.69343137722592,-113.03450759747133,-113.03157008866518,-111.82941809522846,-111.95579741311008,-110.16590246399335,-111.78661896621402,-111.55873956779003,-111.76627679460816,-110.94076063547978,-113.5522458520161,-111.22704993024227,-111.79228246131598,-112.05390206654111,-112.34472695465519,-112.81922692607236,-113.02965294521016,-113.14285227936489,-112.76308255801712,-112.20983998220473,-111.9476136507797,-113.23066922090541,-114.87742293684583,-112.4378018985731,-111.16585300361598,-112.40951551247758,-113.13866324599226,-111.87093839317889,56,-112.11475121271123,-111.9476136507797,-114.87742293684583,0.96439254404765,-0.16680348261262806,1.2548276526250892
HDOK,PLOK,17472,2,2,-111,3,11,2,33,-109.86080743450292,-110.02840015552732,-112.36371299409144,-110.20507227617986,-111.85776622159736,-112.3819984634242,-114.19772028685804,-113.06521894083846,-110.76345211669917,-111.47763358920244,-110.20658150160341,-112.84954758092027,-111.8843892675678,-112.42554285549654,-109.90204627594836,-112.83265400834287,-112.37844861573504,-114.05895821729531,-110.76867614121792,-113.52313213756217,-112.2761309875306,-110.77170020820564,-112.0001087695655,-112.83388171596789,-113.45142014098946,-111.42623226344327,-110.73752171363687,-113.63443177777035,-113.06788397751612,-112.03143027383702,-113.17517279042643,-112.47080118645405,-110.67245066578872,56,-111.98730077429524,-112.2761309875306,-114.19772028685804,1.5357123756068083,0.16899869130017542,-1.0076848559939933
HDOK,PLOK,17472,2,2,-111,3,11,2,33,-110.4502879103949,-111.81027695206203,-111.06229939657271,-110.80457840641854,-112.10259291096082,-110.874763772745,-112.51465414759885,-112.01168457861525,-111.58489698384813,-111.33299965715102,-111.77865846866477,-112.31384340137932,-111.05576455202474,-112.66782577761586,-112.82657657104399,-112.11685020512526,-111.61812277431241,-110.97739836112166,-111.27227167344235,-111.55912063493695,-114.25084983380262,-112.75030521476073,-113.0707386233388,-113.98451862405162,-111.42140986829915,-110.61074620970687,-111.59998577315045,-111.8281979114615,-112.80624140986234,-112.3576590109426,-111.02135415240608,-110.98672619200848,-113.34069514693158,56,-111.90196651838659,-111.77865846866477,-114.25084983380262,0.8610117129540164,-0.7094652872336378,0.0949473664967333
HDOK,PLOK,17472,3,3,-111,3,11,2,33,-116.18267119784748,-110.75156789768874,-114.95668193793598,-113.07469589272347,-113.38120054926415,-114.46036569456562,-114.27514406268337,-113.46656415750057,-112.34018145841863,-113.08755300649399,-112.03893746023229,-113.17411602298547,-111.61201810916924,-112.43016448338363,-110.31378185867383,-111.154055376731,-113.53924432815411,-110.7416803760822,-113.10697613807142,-113.98130842805942,-113.23753616222815,-112.01207880994089,-110.7230339341128,-113.21445090366183,-111.4732958291761,-112.85632677358667,-112.41229058690948,-112.19714870739928,-112.45595526830915,-110.8101362485794,-112.15177390620649,-110.93364317031153,-112.0324760552465,56,-112.56300166037371,-112.43016448338363,-116.18267119784748,1.7605075538172597,-0.4689082310931916,0.2959085267085846
HDOK,PLOK,17472,3,3,-111,3,11,2,33,-114.35764878576387,-112.1187003378975,-111.6342985867264,-113.81803103140987,-112.9654306615903,-113.58133490806833,-110.81883428938352,-112.75541856054367,-112.76595830413804,-113.87480982229535,-111.3962395557473,-112.1576273448279,-113.75979069324883,-113.02898626630316,-114.03055230515382,-111.18741939490941,-113.59107522021287,-111.89696124327345,-113.49835765438824,-112.29682014863866,-113.49851152547583,-112.4728008247479,-112.02867425219652,-111.44715405002202,-111.90912560160442,-112.85446359376827,-112.7266164727626,-113.05945210856213,-112.68900865166064,-112.59370814518059,-113.46105709495242,-113.36381637498155,-113.13694787890913,56,-112.75077671785895,-112.76595830413804,-114.35764878576387,0.7694957325665751,0.31441108790747335,-0.6290943427430338
HDOK,PLOK,17472,3,3,-111,3,11,2,33,-116.85652231712781,-111.93920233399992,-113.44646131887778,-113.69505799864145,-114.71972764881706,-113.40320154792747,-113.34235858803986,-114.07767280824878,-113.6179077500847,-113.59607905699069,-110.7689009413717,-111.94451698203152,-111.96182237036649,-112.98132550243794,-112.38252643600961,-111.12967930916541,-112.97493390231045,-111.66758132295723,-113.44731565457153,-111.58396601705743,-112.82877439101449,-112.4074842794951,-112.80058255774539,-114.48258480240166,-113.25242999444627,-110.99015522054759,-111.98197566252773,-111.54472272282135,-111.49018778394156,-109.40798477547735,-112.4228894141569,-112.65878712364707,-111.64464117213089,56,-112.64999877901175,-112.65878712364707,-116.85652231712781,1.8226819649101966,-0.5298414788795576,1.9756678737708975
HDOK,PLOK,17472,3,3,-111,3,11,2,33,-114.44480936064639,-110.95929897429603,-113.81319012451621,-113.80031319245633,-113.79065701444311,-115.53372169726924,-112.05893235727667,-112.61827754711867,-114.82406509857945,-112.70712678250896,-112.63144372503598,-113.93818284065564,-113.29955961067066,-113.37990828476198,-114.59332319994823,-112.81091782938437,-111.51820850544173,-110.7965617018879,-112.9111040630688,-112.20616829093352,-110.46454141858375,-114.25020216506084,-113.65868543474265,-113.54407032321942,-114.25304688481415,-112.66879421996899,-113.01334135994028,-112.77244060388837,-113.47265404668059,-111.78287375407685,-113.8686111210599,-113.01139800564047,-111.72979599665337,56,-113.0644310768251,-113.01334135994028,-115.53372169726924,1.3619817782370558,0.31657912564541185,-0.11167585077206965
HDOK,PLOK,17472,3,3,-111,3,11,2,33,-114.7132111006235,-112.86122398513334,-113.50078900565865,-113.19887819828762,-112.05047620746195,-114.12815439270034,-112.5390885248394,-110.88127950845578,-115.21283090072257,-113.24793258622375,-112.19255039418911,-113.39688187684075,-112.29704003237495,-112.41292643158202,-112.42677639790051,-111.5755009782511,-111.47533509276964,-112.74359583359339,-113.55961865710711,-111.5825954604201,-112.08489872286516,-112.85280751705024,-112.96040185784314,-111.5187759248693,-110.99324134767582,-111.1950415440717,-112.95968928559502,-112.05509272553033,-112.34896404670793,-112.61317762648328,-112.08655567264186,-111.80485791986808,-111.2038156344018,56,-112.50527289062845,-112.41292643158202,-115.21283090072257,1.00051070519984,-0.7056305488563329,0.588557527175888
HDOK,PLOK,17472,3,3,-111,3,11,2,33,-112.26344565545693,-112.46306018399011,-114.35807244196063,-113.06638737541113,-113.66317394444873,-114.20626935676242,-113.87821424020596,-113.68967756883889,-112.94230261415406,-113.59604415274809,-113.3855611353283,-111.56948889183538,-114.39638661791426,-113.89775111437086,-111.4643941393617,-111.38173703893291,-112.98039306581282,-111.74086412051976,-113.35118508034253,-111.56693900438619,-110.38189682286497,-112.3699130970809,-111.96570683826586,-111.43586813837763,-112.66098475980844,-114.56378908238013,-113.11732826797922,-111.8624962711153,-111.35103530151304,-111.72684508293709,-112.97237036797378,-112.78407833957374,-112.04746183893837,56,-112.70003399853303,-112.78407833957374,-114.56378908238013,1.1161123183391564,0.03136679400265245,-0.8529358665951778
HDOK,PLOK,17472,3,3,-111,3,11,2,33,-114.9827076038031,-112.14770683006743,-113.16522850718061,-112.75952122939546,-112.0772079063578,-112.85559940444945,-113.84828046094553,-114.17215591985801,-112.61925497715093,-113.51513435300919,-113.01447735059932,-113.58444670724705,-113.5071292490774,-113.3524011202537,-111.4303217695255,-112.53781958744173,-110.90050093889698,-111.8538243284024,-112.1646367465906,-112.2091149029996,-110.92267050703781,-112.66887045798562,-111.81462461167881,-112.43526642046295,-112.955612740315,-111.75307110076783,-111.57995507848679,-113.0263957219955,-112.71784125881618,-113.23443889420587,-112.04918375934415,-111.14472827194565,-112.71108106186429,56,-112.59730938721691,-112.66887045798562,-114.9827076038031,0.8333452422693844,-0.2379527234210529,0.2183972774190961
HDOK,PLOK,17472,3,3,-111,3,11,2,33,-114.88723039219222,-112.33458625982166,-112.63241074527424,-112.51183114846563,-113.88210181347857,-112.6640015568853,-114.60628977470809,-114.78263930991065,-112.38150783287301,-112.0220604016476,-111.57865914241634,-112.44405291667283,-112.32915621932496,-111.41117827388607,-111.98291172241089,-112.06346598514175,-112.41029690158675,-114.35788177467664,-113.92821894287799,-113.73727081235148,-113.02591267326086,-112.32533596005715,-113.00513493740863,-112.64055319071576,-112.47827538942627,-112.90778498364736,-112.9437540825818,-112.67786333457475,-113.90688474573655,-111.12991442904558,-113.41995612429388,-114.1903963682253,-113.6871444164627,56,-112.94808068369815,-112.6640015568853,-114.88723039219222,0.9226268519620381,-0.37008147294605614,-0.5682845243024142
HDOK,PLOK,17472,3,3,-111,3,11,2,33,-115.51268230035524,-111.24123787985809,-112.94524119061055,-112.41183082700513,-112.58657535171653,-114.117564038532,-115.0691669092168,-113.04711594525011,-112.3482727680192,-113.54046863772213,-112.91674808744233,-113.54067681343678,-111.92976332163305,-112.94788001672924,-111.36959458565161,-111.00966099335817,-111.1370681888096,-113.57466248322751,-112.03706804558131,-113.34501423088648,-112.08456472725909,-112.31781273387887,-110.32013522219461,-114.15206153725929,-111.64078489932442,-113.29764986598452,-113.29805286152488,-110.65545680267843,-114.51690829591963,-113.11307422217004,-109.86132669700208,-112.08610045528408,-113.83725378613921,56,-112.66089317338366,-112.91674808744233,-115.51268230035524,1.7069947266294871,0.046825954656487874,-0.20574424835575522
HDOK,PLOK,17472,3,3,-111,3,11,2,33,-115.3114665057505,-110.35125675484865,-112.42685463920898,-111.53848001760547,-114.13639654918974,-113.3450495104654,-112.97330276593657,-114.10192839877386,-112.88480748376799,-110.79082809483843,-114.15539090892752,-114.77570506978897,-112.08242193320467,-111.50500925128729,-113.12642804148048,-112.78152932575222,-112.41993649149858,-113.56569935164251,-111.4866611718464,-112.00686753900622,-112.39381330850495,-111.73415192577636,-110.85154520787542,-112.02917980976909,-110.50025081107628,-112.87234854226577,-111.75957539049473,-111.96599656860229,-112.24408542137022,-112.25450701185324,-111.11700349639527,-113.86704491008904,-111.28724493288618,56,-112.44372021641753,-112.25450701185324,-115.3114665057505,1.4682277226153737,-0.4285805263122972,-0.2871087055727477
HDOK,PLOK,17472,3,3,-111,3,11,2,33,-115.74846740434107,-113.65945985631559,-112.99284083192006,-113.57118296892273,-113.42282356262679,-115.76286576947871,-114.12878544441512,-112.6846786023212,-113.78595131281209,-113.78000304923967,-112.5683388516249,-112.15807214619008,-111.60733821399418,-111.47144817591904,-111.93682486010957,-112.93184067911797,-112.03650496516819,-111.07134052479309,-112.48389391613506,-112.68162982662447,-111.88130769775559,-112.24348638638146,-112.66137396966472,-112.71962660663176,-111.06606148139485,-112.42319491785972,-112.68722217463645,-111.0147362217171,-111.85355235313584,-112.44269415749883,-110.84465776327814,-112.18403613631902,-112.0862846656282,56,-112.62401592405975,-112.48389391613506,-115.76286576947871,1.3116414950992823,-1.0315505529503444,1.5589197914308754
HDOK,PLOK,17472,3,3,-111,3,11,2,33,-114.68640237151769,-110.42138098866825,-112.62932294938473,-112.30594394832413,-111.35271964558223,-113.44262977251334,-112.65585744472196,-112.80014983269399,-114.85563000817663,-111.93902428038055,-113.00493045899354,-113.10454532388482,-112.60316233770347,-115.4550262081269,-112.8427002225836,-112.45906274971962,-111.25841420831406,-111.54469054187973,-113.2925851889036,-112.47483886114328,-113.2312351340316,-109.98073498312502,-111.08238493289153,-112.9897574274194,-113.227825176949,-114.28285162091586,-111.49274136583212,-111.7415255126745,-112.05914853714226,-111.99689818136507,-111.53688470754906,-113.27301649164603,-113.4308344491134,56,-112.58954108678397,-112.62932294938473,-115.4550262081269,1.4214281932682902,-0.21421730862085955,0.3311974606685686
HDOK,PLOK,17472,3,3,-111,3,11,2,33,-114.77070812549839,-111.69889792207782,-115.70344002882085,-113.57357698199255,-112.12869040688825,-116.13849761559655,-113.0650916496046,-111.81839792861709,-112.38659102719859,-112.63442368665429,-111.44287668758983,-111.125704363396,-111.21997166695144,-114.93670732989536,-113.04293494449882,-110.14351543872516,-111.68992263222705,-113.2414285394263,-113.2663390612214,-113.77232896401898,-112.74576866533975,-111.9138502188867,-113.08541924487287,-111.57726664798756,-111.6421422195319,-114.2141151365782,-114.26340856571592,-112.53520510275429,-113.59213252898384,-111.07306189460523,-113.9829917828748,-112.944185233749,-113.24653576883017,56,-112.86715539429119,-112.944185233749,-116.13849761559655,1.8594931172001625,-0.41839387379284276,-0.04392505908157185
HDOK,PLOK,17472,3,3,-111,3,11,2,33,-113.79578407613302,-111.41404608986596,-112.89115757415463,-110.71107186603804,-111.06300099826095,-113.6233293815048,-114.17725993466543,-112.02931406044408,-113.64522113799103,-111.69561951434083,-112.03706437022082,-111.76143981875175,-112.18583828595985,-114.26542798995095,-110.90753031442702,-113.83877181908993,-113.82578132262753,-110.40376045765706,-113.18352903970026,-113.572438355847,-112.44550480004825,-112.08645306238589,-112.54399850777017,-112.58651458349019,-111.81825655601688,-111.92912833507899,-112.69242686954702,-112.26919198975453,-111.5059459657966,-112.6285042634077,-114.35919609089919,-114.34664062085832,-111.83124458286974,56,-112.54758765562286,-112.44550480004825,-114.35919609089919,1.2094766210497716,-0.058329431913073354,-0.923727274045115
HDOK,PLOK,17472,3,3,-111,3,11,2,33,-115.77607130600445,-112.02990066775403,-113.92627823647824,-112.24391422606844,-112.40238973069069,-112.02631625004035,-114.58475841965581,-111.84541613331268,-115.32095295244133,-113.2823263925587,-110.94276822373499,-112.24565566911649,-112.16305290723757,-112.68616725345633,-114.07371173261218,-111.3797171368858,-112.27507510713608,-112.67787305677135,-111.71101970480423,-113.72343372108385,-112.70448524930944,-112.88713481483445,-112.9939358294513,-113.2736839073298,-113.43866931344913,-113.29053201461869,-112.83073022799488,-113.87499464034266,-112.77831566341374,-112.1263153836142,-112.04213649211675,-113.5757820385909,-112.19201294502403,56,-112.88865234387681,-112.70448524930944,-115.77607130600445,1.1041628785324245,-0.8437412100977846,0.8657337804623357
HDOK,PLOK,17472,3,3,-111,3,11,2,33,-113.44652707712041,-111.36732297511035,-113.79578134213433,-111.93127323739216,-113.2955946037132,-112.27119741459023,-113.14462025197453,-112.35409599516929,-111.69271934071969,-113.91820876738208,-111.52808210863469,-112.10078922653972,-113.45625200116855,-112.54552979532905,-113.17373555156168,-112.21774178942974,-113.11696970604399,-112.57923939834188,-112.61277635968077,-112.32275653417764,-113.47998397627684,-112.87582119179382,-113.68896575670125,-113.21045907308782,-111.37304114328623,-112.18591016524843,-114.28287412014153,-113.81875905109517,-111.22640054736262,-113.10049067870744,-110.93377662351391,-111.00016960524873,-113.14086423942081,56,-112.64208271660907,-112.61277635968077,-114.28287412014153,0.8087223671062391,0.25611289203300214,-0.8872420481852852
HDOK,PLOK,17472,3,3,-111,3,11,2,33,-115.34554290406223,-112.15675820008353,-113.69934846759949,-111.93592706909206,-113.40134362959547,-113.21527471996238,-112.50638432626525,-113.22741592202591,-114.25051606565475,-112.89737834739752,-113.30343378804557,-113.23861401986761,-112.08043153974671,-111.99896940485439,-111.97499266875883,-113.32309880882822,-111.04982438916613,-112.37164621137752,-111.31208349656691,-112.27716396846711,-113.13799620847948,-113.4053391138788,-111.27394623997759,-112.81877516824675,-111.62032500030286,-114.34818487277123,-111.420499620614,-112.43326980772551,-110.84348697643884,-111.47153686759881,-110.62665908738893,-113.22765695788051,-112.80087470571927,56,-112.57559692649816,-112.50638432626525,-115.34554290406223,1.125212081692162,-0.2977033853940942,0.04147492417481535
HDOK,PLOK,17472,3,3,-111,3,11,2,33,-113.63664951052664,-111.77842186147508,-113.12109058963003,-111.37250438539708,-114.29108653284935,-112.94835903478663,-112.84648482550377,-113.75156296107183,-112.72886396942047,-112.4618025189066,-113.32358959822244,-113.40628405646638,-111.19791890032484,-112.87049112987614,-111.2270096360356,-112.8622112367621,-111.93117724871858,-112.24654412103413,-112.93738581340114,-112.04413443508284,-111.68897640905043,-112.26687647518479,-113.69528071210584,-111.93350961106363,-111.78070803172652,-111.25865170875196,-112.32471356822333,-111.8901690564915,-113.70342587177049,-114.06744044689721,-112.76876500472663,-111.76646242195288,-111.42053270252705,56,-112.5317904359383,-112.4618025189066,-114.29108653284935,0.7593904859353992,-0.22564640851769213,-0.9816051050923829
HDOK,PLOK,17472,3,3,-111,3,11,2,33,-115.1574126130625,-112.39614294321537,-113.8429635653242,-113.51431670900793,-109.93229222748361,-114.09168746576606,-114.306205342139,-113.73309695875976,-112.28883962047513,-111.80830606188142,-111.15711084789237,-113.76291721296234,-113.34096172669739,-112.06504118273575,-110.14669884175841,-112.31608536114831,-113.83864976666031,-112.03543539320785,-112.08175049270599,-111.9671859038649,-111.79388192302419,-113.07672035877474,-112.48350644449424,-112.67856229726576,-112.84824715875833,-113.4159409908063,-113.22358456512595,-112.45163835689755,-112.06222402577436,-112.12315767689533,-112.02369011887014,-112.02294286034565,-112.06719412615475,56,-112.6077088224223,-112.39614294321537,-115.1574126130625,1.2003890009747367,0.15312954664144293,0.6122038476259575
HDOK,PLOK,17472,3,3,-111,3,11,2,33,-116.7961077181133,-111.00684114560936,-113.13920272903698,-112.2223525839509,-112.68399174009737,-114.20848973441949,-111.2684602629455,-113.35982573058973,-114.60366139743596,-113.339257034365,-113.52478163896079,-113.12846719903754,-113.5542806911952,-112.91644788301497,-113.24640146685964,-113.77708528332755,-113.71199930709646,-111.05696642004891,-111.89540848047845,-113.02798346072565,-112.1161318485525,-112.97091862331247,-111.46879163753631,-111.503556090548,-111.5483486363956,-112.92291025950355,-112.15633255891197,-111.89054039294274,-111.74439891154283,-111.39794289402755,-114.54644875039864,-111.5832432853713,-111.79340314028394,56,-112.7306357253526,-112.91644788301497,-116.7961077181133,1.5206428992569605,-1.034919398773163,1.9163500987396094
HDOK,PLOK,17472,4,4,-111,3,11,2,33,-112.45193834168117,-112.65829124408562,-113.13668216992043,-111.70572829155105,-112.78103086979385,-111.807363576147,-113.13456649906601,-112.7034499169077,-112.46132398854049,-112.75811793211804,-113.21422040448391,-113.56787564319558,-112.86420946785951,-111.62416810586834,-111.83188228531404,-111.18991666061935,-112.83985037024613,-111.58770058676642,-114.11324414322598,-113.83411762326658,-112.01198897985684,-112.20244487795982,-112.66016772795092,-112.35197020797679,-112.64262046927033,-112.55000677623185,-111.37717571202191,-111.88197767571727,-112.49143440445404,-112.95463770553067,-111.18250761057024,-112.0252949420373,-113.89186871676388,56,-112.49969011899998,-112.55000677623185,-114.11324414322598,0.5552304615734931,-0.20116554014729507,-0.3603627914378231
HDOK,PLOK,17472,4,4,-111,3,11,2,33,-112.44173009792144,-111.50746914368028,-113.21175552965899,-111.96873496266863,-112.14269539708125,-112.37804041297112,-111.93139202901261,-112.32384283276778,-113.86461777259935,-113.76175428230249,-112.8759572484536,-113.2414596935253,-113.1437569699307,-112.83298988441086,-112.83594211836632,-112.77457653361017,-112.35287335448528,-113.46390022385229,-113.33898794218055,-111.88778037136429,-113.955211970768,-111.66529997710215,-114.04740789847052,-113.58176304612071,-113.80803729161936,-112.3201402468613,-111.37808662084464,-112.75072557225792,-111.50641300356676,-112.18351643717283,-114.23216183093459,-112.79619278161356,-111.2860446908651,56,-112.72094721724368,-112.77457653361017,-114.23216183093459,0.6862023358018254,-0.05505428844933078,-0.9972134207708225
HDOK,PLOK,17472,4,4,-111,3,11,2,33,-112.42803660328009,-112.83656397535249,-111.31585288947852,-113.98070021627802,-114.27349674907084,-112.22172716332194,-112.42414558804023,-111.84837213045822,-112.9327346023073,-113.99481419270151,-112.38965078249542,-110.82093259076294,-113.06606465138127,-112.55596993235008,-111.75205820602838,-112.80933064278913,-111.97541875131016,-110.69119664957843,-112.8267551847997,-112.9832294496701,-113.04684820601106,-112.1636510079203,-112.22061226226592,-113.57461976183028,-113.42165525912417,-112.89699597232396,-114.6310562845892,-113.4035692067796,-111.43364515619244,-112.93063189888451,-112.01628060231377,-112.88989593594117,-111.58674567520073,56,-112.61646236911614,-112.80933064278913,-114.6310562845892,0.8360676419287405,-0.01799682513824573,-0.045232287859834575
HDOK,PLOK,17472,4,4,-111,3,11,2,33,-111.1258150015,-110.5919849428196,-112.0142120034816,-111.99745022016761,-114.09834793997928,-111.83517062739041,-113.29900169688386,-112.59592406152616,-114.8094594751405,-113.69365844851549,-114.2671087849213,-112.29833838510278,-113.69308786493535,-112.25364432982256,-112.04626660902343,-114.83724600734828,-112.38336542432893,-112.88476105730932,-113.95595893081678,-110.95701766252574,-112.17671579525114,-111.98521066595436,-112.02245275820313,-112.8705813291903,-112.46827273339386,-112.23694086490961,-114.9401957894193,-111.16638045070506,-112.08441949710065,-112.59006532223442,-112.91632202746436,-112.65802221498033,-113.01232155322315,56,-112.68987031744147,-112.46827273339386,-114.9401957894193,1.1935955493389885,-0.4204800911647534,-0.22683938334867992
HDOK,PLOK,17472,4,4,-111,3,11,2,33,-112.03452622615738,-112.02282724781765,-112.02123111393546,-112.62225208945546,-112.87652000440511,-112.09413985062926,-113.52037469786569,-111.92907570971896,-113.89512183989608,-112.18934160051971,-111.3109023156768,-113.04934721352818,-110.99265225197814,-112.93012286647766,-110.88185451655384,-113.3527792836762,-113.19273179415661,-111.68744221245419,-112.4849305379722,-113.10859618179992,-111.2269320975199,-111.28309118394421,-112.02292151554796,-112.0994951498994,-113.82426505006826,-112.07035284908348,-113.1352775469763,-113.74134536929094,-112.20077770846483,-112.33189148749229,-112.21794420050709,-111.82816541646837,-112.46471660824167,56,-112.38314987085391,-112.20077770846483,-113.89512183989608,0.6365442628384356,-0.13808674518684547,-0.6145857801872019
HDOK,PLOK,17472,4,4,-111,3,11,2,33,-112.02926076536511,-111.82034824905398,-111.05018088987116,-111.87758764371819,-110.48027510389485,-111.87771860938201,-113.50711501124896,-112.99309399355026,-113.21103271579257,-113.68166418217422,-115.42602557481064,-113.50929811197948,-113.29051379261992,-113.86601977066368,-113.71135107417058,-113.335734809055,-111.65566385932806,-112.67816649511948,-112.00832428300444,-111.74960525985725,-114.139234768411,-112.47286467701984,-112.64752599163613,-111.68852617687409,-113.67747511451634,-113.5340504908628,-112.76139863950635,-111.64070147592986,-112.95439899303041,-112.70619585051219,-110.88020819202555,-110.86022460167581,-110.7352256557525,56,-112.55930335825491,-112.67816649511948,-115.42602557481064,1.2659316094531907,-0.1296512965026691,-0.21687578139555352
HDOK,PLOK,17472,4,4,-111,3,11,2,33,-113.0516329358579,-112.06895082163402,-112.07410565677831,-110.50539767954218,-112.26301478504752,-112.2282069010718,-114.57312000538322,-112.71366280458862,-112.4079128375497,-113.10169248742129,-114.32498684953526,-112.07444668969721,-113.27007934544527,-111.60729501525033,-110.55410653837473,-113.81987513575412,-111.82253018674237,-112.93241887484724,-112.35994445528223,-113.79145954381369,-111.72051719844181,-113.15856856796995,-113.3191171317034,-112.0676822660074,-112.40858850906172,-111.94220829652616,-114.26207698088605,-113.59467430894674,-112.67713422702428,-113.28733662959844,-111.20640379231803,-111.59293705910561,-112.0119015502945,56,-112.56951472931821,-112.4079128375497,-114.57312000538322,0.969868251138084,-0.04813254339463437,-0.21589984204445
HDOK,PLOK,17472,4,4,-111,3,11,2,33,-111.2132647328195,-110.65711035444086,-112.02393463302353,-113.13426306340278,-112.7511867337212,-113.21891182602164,-111.88804322251723,-112.89900374109801,-113.44378702850581,-113.4787754157672,-111.83914161801795,-113.53729995766963,-112.38757250327298,-113.19185613602386,-112.76794061363822,-111.59528353774603,-113.42396766475785,-113.58590417099478,-112.57379977733044,-112.5411536211771,-112.56709367854587,-113.93507385482515,-111.56759138462512,-112.13815146040423,-112.23408651978252,-113.75081809739284,-111.65178089121213,-112.48130746063595,-111.11089507591214,-111.68206607323818,-111.42749511661353,-113.6094701364181,-111.99403868898445,56,-112.49400208456174,-112.5411536211771,-113.93507385482515,0.7342898064779162,0.15648893640317232,-0.9369423314295071
HDOK,PLOK,17472,4,4,-111,3,11,2,33,-113.0121463327582,-111.71532366159178,-112.27967077477778,-112.25719541353487,-112.14527381294783,-113.62988156381567,-112.48071681318432,-109.98229157759127,-113.02749580388326,-111.8602760469933,-112.6354374871181,-112.90672621096414,-114.35207299566542,-111.07814658998798,-112.10305947256651,-112.36456311483104,-111.77469108599102,-111.94646998530101,-112.91965453010734,-110.65024122039145,-111.51651140674369,-110.46419984553543,-110.48350981923153,-113.54125411952992,-112.3433454319529,-111.34483503310999,-113.91272645005607,-113.12083519233579,-113.29613601866393,-111.72445131384458,-111.75248291610644,-112.34335526016702,-112.91159615335327,56,-112.23868404407978,-112.27967077477778,-114.35207299566542,1.0119198489023065,0.21424548997214407,-0.10532936370977364
HDOK,PLOK,17472,4,4,-111,3,11,2,33,-111.8146887281949,-114.47704765382483,-113.28480905160649,-113.73691936115762,-109.96749051474319,-111.33198095987889,-111.99842699095227,-113.99070198483292,-113.88663649622761,-113.04196527550542,-113.17593776908987,-114.21220507494915,-111.94239940616477,-109.21490172389565,-111.8448920290966,-112.43092930936886,-110.77352594190094,-112.40622641134502,-114.00913021800757,-113.11541408489812,-112.03184910972207,-113.39634546802506,-113.05247836153984,-112.17349261909273,-112.33527208005665,-113.2295965412533,-112.98930878154061,-111.90910393507141,-111.60962379908901,-111.40772206633262,-112.84244317512982,-112.59572294810789,-111.22217424563307,56,-112.46822309443137,-112.43092930936886,-114.47704765382483,1.3896250109895232,0.6347557699266311,0.5762425314217365
HDOK,PLOK,17472,4,4,-111,3,11,2,33,-112.74289563861656,-110.85402599421192,-111.45268833005265,-112.09942936977372,-111.02287444079322,-110.94983575497386,-114.30335954449022,-113.20744160115278,-114.28916110379183,-112.67562055901243,-111.83548105939259,-113.60063529112057,-113.75473010129353,-114.31844266707331,-111.66610741932362,-113.77782658411788,-112.30021265536828,-113.91564970537264,-114.04866770229714,-111.4888241167921,-114.65070632878951,-113.05213365762818,-111.80080089557603,-113.72395869133076,-111.11948648217526,-113.33449629867049,-111.1445487176593,-111.52934576563713,-112.69066766242112,-114.42473239522748,-112.08541416743356,-112.54779414147356,-110.58090937304979,56,-112.63602740048768,-112.67562055901243,-114.65070632878951,1.4911653954140465,-0.02403143871254001,-1.3474587915967733
HDOK,PLOK,17472,4,4,-111,3,11,2,33,-113.35220818546642,-110.2596439345289,-112.45104389960927,-111.09420724069774,-111.47547786106881,-113.96573237338674,-113.24316840984162,-113.17633406799338,-112.33852194056635,-111.6048251842349,-113.16482160447687,-112.44663345724497,-114.29088810262965,-112.63959662493839,-110.65743666386611,-113.76920422187727,-113.20654826449893,-113.80745924488217,-110.60782462500549,-112.59763369356703,-112.9435770467768,-112.14990425606011,-112.00547930039134,-113.9491784471252,-113.47567537075173,-111.0342706996184,-111.30110352529677,-113.19994845283904,-113.77015540028489,-112.57841729781084,-112.18413056014468,-111.81849503897494,-111.59853338442771,56,-112.48963873881463,-112.57841729781084,-114.29088810262965,1.1490803426815628,0.313974735912673,-0.822223713183317
HDOK,PLOK,17472,4,4,-111,3,11,2,33,-111.0435160636275,-111.7776059180548,-113.64489391325468,-112.65260253915605,-111.6683604091297,-113.01755222869626,-113.07657888553526,-111.96011615865592,-114.99219655539518,-113.29691771633438,-111.48586220158667,-112.98334907667316,-112.8422122541226,-111.89869380813633,-111.95074991107366,-110.00531193101148,-112.87608628054831,-114.31400228764518,-112.9863243249996,-114.93070393602459,-110.89629199576093,-113.61939400740381,-113.33899714169046,-111.58202104828277,-113.23240756464716,-112.30709140225046,-114.5252875307036,-111.81784745103695,-111.79289951945447,-111.742594825809,-110.85618191499906,-111.75591571452067,-112.43207288764056,56,-112.52432240617762,-112.43207288764056,-114.99219655539518,1.3659521191280477,-0.2757739175180405,-0.15851682322295035
HDOK,PLOK,17472,4,4,-111,3,11,2,33,-110.93689094961678,-111.7711504896099,-112.51677903791459,-110.93989296379796,-112.48240657197115,-113.87476203919965,-112.8908318846462,-112.17325465723958,-115.12421479799816,-113.80330717185954,-112.63911427428675,-112.54020898272127,-111.48885244912026,-111.64389921036127,-113.17091470266709,-110.96084152016432,-112.31130954226552,-111.66448844413243,-114.67455638573286,-112.03658366308157,-112.78321914916184,-113.92246408663785,-111.10649061273908,-114.3650342268845,-113.60061582301452,-112.24575277959087,-112.08462997572065,-112.78038178965166,-111.44563621870866,-112.94901335835901,-111.19021101427352,-111.10169255693754,-112.39988469778395,56,-112.47331169781364,-112.39988469778395,-115.12421479799816,1.225388645894774,-0.5765341807531881,-0.2727066750676177
HDOK,PLOK,17472,4,4,-111,3,11,2,33,-114.13164499038515,-110.54239273692939,-113.26034426736575,-112.5477541659313,-113.03661036579956,-110.87781235115163,-111.32637102047188,-112.3257286083328,-113.17663690834965,-113.10483467543229,-113.96696244472382,-111.681175188155,-113.23115132154334,-111.80582556062139,-111.93380640561429,-111.31916008716796,-113.50191433316503,-111.26698494463109,-113.2895076575088,-113.69043352932269,-112.38783130808623,-112.62310768035675,-111.19333906627303,-112.37941481017758,-112.65712191402983,-112.32501432730889,-113.76854953284382,-112.51729615358671,-111.43813354219019,-111.77655636848931,-112.13167288125952,-113.18297613224695,-111.44023671496132,56,-112.41934248467919,-112.38783130808623,-114.13164499038515,0.8763694212171327,0.056209728019150564,-0.9182103480329702
HDOK,PLOK,17472,4,4,-111,3,11,2,33,-113.18279938172901,-112.90748758059102,-111.74477749276184,-112.61279750316575,-110.80708609438031,-112.48268429950231,-112.5493398067746,-112.06210924353377,-112.37801968734301,-113.36863656299947,-112.88487289468627,-115.07620527925998,-113.81665953026447,-111.45454008311107,-112.40234070374471,-114.2080367649735,-112.95553738469985,-113.18140310371071,-114.68863148949724,-114.52012650694742,-112.46465923916482,-113.00869616281145,-112.47197976603502,-111.17884956490225,-111.98601317907593,-113.39717833489473,-112.44520422789388,-114.15926616353863,-114.03931403533257,-111.9678091060576,-113.09782966612026,-111.07315634452132,-112.90873185518771,56,-112.83281148603675,-112.88487289468627,-115.07620527925998,1.0459360995387272,-0.18605958471403505,-0.20035488487164832
HDOK,PLOK,17472,4,4,-111,3,11,2,33,-112.27837161156629,-110.78607663771264,-112.2156832873192,-112.6701910239853,-113.50520196003413,-111.10418564378372,-112.02995784755461,-113.55054475916859,-113.69997402959405,-113.69481871121069,-111.57554227712089,-113.36650958185389,-112.03493828047026,-111.99305426259116,-110.3657848370581,-112.86822094265902,-113.20135132699906,-112.10618688279864,-112.39437665444508,-111.9042435440073,-112.33230368595251,-112.37107937951133,-114.47556797987069,-112.64340249191117,-112.42058616181419,-113.2906159985523,-112.79136732808584,-111.43585374528305,-112.75105297587928,-113.75671581249074,-111.43080005955626,-112.65216847149037,-111.72203001911937,56,-112.46723509731666,-112.39437665444508,-114.47556797987069,0.8249979659297323,0.09497279585348634,-0.073047391188521
HDOK,PLOK,17472,4,4,-111,3,11,2,33,-111.74826381772196,-111.15633471428588,-112.64491980170695,-112.09454864626967,-110.81692160385053,-113.63683474707902,-112.84738356665777,-112.02519306066945,-112.1770905728517,-113.40494833146678,-112.64943688973666,-111.80895387893626,-114.01786856453175,-112.12880221216948,-111.87013326178632,-112.70418514152749,-114.26812140751724,-112.06890928837866,-113.33163473655604,-111.94263331972682,-112.46215156918264,-112.34195357179122,-113.83375770156067,-112.61778352683443,-112.47214927076125,-114.31163445750883,-113.35700928501144,-112.84900864942428,-112.70008897770106,-112.40644633582585,-113.08048584152469,-111.82320356139078,-111.60891266604398,56,-112.58205160539354,-112.47214927076125,-114.31163445750883,0.6975367124569708,-0.3078384310401837,-0.1841595496623536
HDOK,PLOK,17472,4,4,-111,3,11,2,33,-113.27613554896398,-111.44733015822534,-112.1331180189681,-112.25350754301985,-111.96027471395166,-112.70488498299635,-113.56595119891811,-112.95872859184458,-112.79601405124673,-112.89323261311313,-111.76224076509804,-112.16573943939382,-112.47422667964707,-114.09399547805852,-113.11750612808719,-113.18962038343224,-112.12355448252086,-113.16643814179041,-112.74890804645632,-113.15601865109929,-112.80762632261057,-113.23073373455507,-113.2570929643624,-112.87823609277594,-113.46171062539327,-112.59154433478082,-112.47455754839555,-113.19944547505,-112.75371420516313,-113.21553989542352,-112.54903565436159,-111.67322947256986,-113.3961546668957,56,-112.77200141239906,-112.80762632261057,-114.09399547805852,0.34401693915590636,0.32323211485841724,-0.08640139112366008
HDOK,PLOK,17472,4,4,-111,3,11,2,33,-111.64134769882914,-110.51326584150218,-113.30707076596836,-110.7971464485083,-111.5132041244858,-111.92721757665987,-112.68765728347348,-113.38060241041117,-114.71754452565261,-114.19061382498714,-112.36552867159155,-113.81608879953521,-113.62477987017016,-113.50739626442038,-112.15713429547777,-111.85931880430569,-112.09755583642446,-110.90481455824482,-113.59542925570395,-114.29236681334153,-110.7837120587345,-112.61895379336174,-112.1302418815772,-112.57783295599165,-114.70539890763567,-112.26609914895035,-111.87583602492805,-113.51715606479256,-112.68104345329202,-111.40353826217776,-112.41166846769511,-110.54467377047423,-113.25158530530435,56,-112.53526738680635,-112.41166846769511,-114.71754452565261,1.3586717840623646,-0.06152909125127974,-0.7637466405126663
HDOK,PLOK,17472,5,5,-111,3,11,2,33,-114.71570646559637,-115.14919726513348,-115.4160138110509,-112.82107015063052,-113.42154205328784,-115.50812412158166,-115.00806735676849,-112.354863531943,-113.54435976194245,-112.41057051289803,-114.02039180746836,-112.29997381945327,-111.87673224777983,-113.49334872202697,-112.69848113072449,-114.1932585089195,-112.6170326294495,-112.29561173403678,-112.00576913746924,-112.55279373647677,-113.78931880573397,-111.49276803986622,-112.22511495833709,-113.55637454278978,-110.99550666559148,-112.775884644947,-112.71278140223848,-113.49244719433713,-113.19581868734655,-113.42160524654257,-113.0225139110242,-113.36181335602274,-113.7673796957505,56,-113.21855259561109,-113.19581868734655,-115.50812412158166,1.1797905249196718,-0.3927465900825525,-0.14127629527882446
HDOK,PLOK,17472,5,5,-111,3,11,2,33,-114.87142618194686,-115.5850077117852,-114.92017697337526,-113.41239499795881,-115.33274346180536,-116.00281160634398,-114.01158424992192,-113.34993483485802,-114.69341088433708,-112.51736506287469,-111.9578467104571,-112.21594131578495,-112.20824363520741,-113.49139802134876,-114.51646184520018,-112.84529950527534,-113.31442909180555,-112.9563504858231,-112.8326293697159,-111.29149096481181,-114.88365817766828,-112.59646828258148,-114.57396180968604,-113.5750469409278,-112.97617834503414,-114.11729451313515,-113.63809941482019,-113.66154060532962,-112.48501265928181,-112.71924409922289,-111.01168312156251,-112.2531716265722,-113.08302946014453,56,-113.45155563535161,-113.34993483485802,-116.00281160634398,1.4373690082761712,-0.18474480544577054,-0.4562335310219052
HDOK,PLOK,17472,5,5,-111,3,11,2,33,-115.63621780989996,-115.66797149780356,-114.7966961053052,-113.7636748817684,-114.1049116694899,-115.26348006747746,-115.26563676941913,-114.22160811064005,-112.53097874690523,-113.10200488935894,-112.55842683310473,-112.27331970494485,-113.87988136469335,-113.72392446564741,-113.21006744999757,-111.65611679734106,-112.9061503250858,-112.14047572412697,-114.26640368815411,-111.06305812030443,-112.89422920224374,-111.04055813929621,-111.67792449589788,-112.16323467535982,-113.15502115313436,-113.73407814919325,-112.34167397188692,-113.39033642286455,-111.79774775625101,-113.15646931152311,-113.00831276601195,-112.36566706907561,-112.94735906028195,56,-113.2031399149845,-113.10200488935894,-115.66797149780356,1.4852804488157272,-0.3469468456957978,-0.4022661831233538
HDOK,PLOK,17472,5,5,-111,3,11,2,33,-114.2669224400837,-113.14611419092573,-112.7282068485416,-111.8380242881166,-113.38235084165896,-115.18688570796643,-112.89629736773614,-113.04939311542437,-113.36499568681701,-113.73204475610231,-112.13714952459209,-112.16077180269093,-112.82160508619016,-112.90888840606806,-114.11098213485474,-112.5465107243314,-114.86513039982457,-111.31155522947819,-113.05635469967046,-112.28162455609478,-113.84680578953201,-110.56576620691713,-111.95056668608552,-113.85055285292621,-112.60091822862199,-111.80502565927111,-113.72646223809487,-113.28118416974712,-112.13055769502935,-113.55675264258278,-111.93702507274094,-113.06550513285538,-110.72848304609384,56,-112.873861006899,-112.90888840606806,-115.18688570796643,1.088949692499056,0.07598635776115932,0.11045259638912075
HDOK,PLOK,17472,5,5,-111,3,11,2,33,-116.38387902553757,-114.5532224180743,-114.86454197937752,-114.49920826626094,-114.38911491096279,-114.84730565566994,-113.797870912697,-112.75787346936404,-113.68844207606513,-113.01611364256848,-112.56927210994363,-112.85998447247327,-112.54727072266422,-113.15945907009147,-114.30432630170849,-113.11724774305809,-112.80216865369455,-111.83006018294108,-112.22893398675686,-111.4642079915302,-112.46944545014884,-111.47940342593292,-112.5147725065135,-113.61797164187027,-112.67931732319941,-114.24303379712576,-114.11140699533273,-114.33887860762427,-110.85555388351226,-112.58544930334598,-112.83741604697842,-112.16552499905197,-112.6536349519241,56,-113.21916098557577,-112.85998447247327,-116.38387902553757,1.3492595620678043,-0.41438970654320323,0.28865769285516674
HDOK,PLOK,17472,5,5,-111,3,11,2,33,-114.26878444365072,-114.87418394154547,-115.10889179173954,-113.81006930230741,-112.82101438414719,-114.94383127716158,-113.87723562923645,-114.48039978520887,-113.95132512629665,-113.2326416194169,-113.08601462295806,-111.15302635123616,-113.18606773490012,-112.67154577185495,-110.75655598854462,-112.21082058967218,-111.92304817066838,-112.43932322237994,-114.395665085008,-115.83947458508653,-114.9329435784618,-112.98250672990375,-112.0731325501913,-113.78196611753984,-112.90262959003456,-110.761661371532,-113.52910337566125,-112.24042888349445,-113.76758662476581,-109.68520159323879,-112.0471352430139,-113.73149891515119,-112.48337607397153,56,-113.14997242636305,-113.18606773490012,-115.83947458508653,1.8874849247343757,0.3990439890762186,0.052388259052625674
HDOK,PLOK,17472,5,5,-111,3,11,2,33,-116.35822498757744,-114.79842396189929,-113.97207371312699,-113.13106569586037,-113.4212496862941,-114.97114808234785,-114.16391979938297,-114.53607737247069,-113.25294858873652,-112.16290549751956,-112.2186405483939,-114.21287694564462,-112.45730194315087,-113.36757171692534,-112.74401135411192,-112.4775051191669,-114.2638079594617,-113.97109206617218,-112.15349478840623,-111.50648734191464,-112.83588165757925,-113.48110475116484,-112.54525800853877,-113.48541295729733,-113.97634387686739,-111.9509212790332,-113.6625521660449,-112.40740030021625,-112.9423166692453,-113.45886640296644,-113.80697701591875,-114.72613729581184,-110.57295463212877,56,-113.33311982367809,-113.4212496862941,-116.35822498757744,1.2718507937620238,-0.11735776182483174,0.738872743019495
HDOK,PLOK,17472,5,5,-111,3,11,2,33,-115.01669801209108,-113.65036832088653,-115.1246752400906,-113.01203812796668,-114.688705068314,-114.17341393258023,-114.0863930583335,-112.35405457822213,-113.65111851867158,-115.02502361794164,-112.90124115367203,-112.86838998342539,-114.1779616985103,-113.66335069726124,-113.79606452138852,-113.98166015982909,-111.5257582456811,-111.51984050800937,-111.26343667026556,-113.03315206913149,-112.92804412230667,-114.11709699200509,-111.5389046326014,-112.79443210037924,-112.9536840083786,-113.59763935183564,-113.04635797606078,-114.19307500301602,-113.93834826806584,-114.05028889871491,-114.73980407730673,-114.3763482078916,-113.42034836062048,56,-113.49114291458956,-113.65111851867158,-115.1246752400906,1.0462002050437451,0.560643592464642,-0.1933192525125036
HDOK,PLOK,17472,5,5,-111,3,11,2,33,-115.94374515476814,-114.83614557476139,-113.9684053655861,-112.99580782995977,-113.98425159257901,-113.60698893421181,-113.34208484739204,-113.60440411356132,-114.92198850287612,-112.50718061796645,-111.89132951015615,-114.0495945968738,-113.62932300417002,-114.39520736189918,-113.93377240334367,-112.36193266534646,-112.73854815329915,-112.02681992158635,-112.49997855721378,-114.82174533264913,-113.41790745682914,-110.22940027125574,-112.50908510253802,-114.80467515254131,-111.77252809200162,-112.559360364963,-112.46364506867535,-112.63487112856129,-112.39214981709925,-111.81772052385317,-114.18014382963898,-114.21697711107043,-113.94888815586394,56,-113.30323048833608,-113.41790745682914,-115.94374515476814,1.371082640149006,0.15649408176174365,0.19039828189992436
HDOK,PLOK,17472,5,5,-111,3,11,2,33,-114.42069861282167,-114.9387196094636,-114.484659316815,-112.29270608777847,-112.60605964779113,-115.51223225464513,-113.96987666503223,-113.614358925764,-112.38786819435765,-113.15547810079903,-112.68787144882526,-115.30972927988039,-111.65442513327085,-114.55387235205949,-113.38255573968249,-113.40458788365027,-114.67681621890766,-112.76077269843462,-112.82285657572181,-114.46424634383395,-112.54309273624993,-111.21874360877209,-111.22227036344604,-112.024099191716,-112.5741316751519,-113.49029832543384,-113.22898406741079,-113.72406180390429,-112.06154468791823,-113.34039131874835,-115.10806937917359,-112.639555739688,-112.5484506519739,56,-113.29769953451883,-113.22898406741079,-115.51223225464513,1.303612986973163,-0.18437329101254052,-0.736988544806553
HDOK,PLOK,17472,5,5,-111,3,11,2,33,-114.45376752144644,-115.08990887949982,-114.64763275390841,-113.94819941186398,-114.05540110909264,-116.51043595665746,-115.88936675702044,-112.11522020761714,-113.09071583259369,-111.9541992561107,-112.93166343522512,-112.29143596593188,-114.70794600686071,-111.84244917638503,-111.55736917983751,-112.22126867890525,-112.93614528398031,-114.02349471160096,-111.9115309119794,-112.47788697470736,-112.34443105368231,-112.97050278683952,-112.63359980700484,-112.73692665328502,-112.19083063026275,-114.50642802737215,-111.95718853859175,-111.97861483377423,-112.90848465307842,-112.17152473954097,-111.69483164234113,-113.13692414010514,-113.61025479604008,56,-113.1362600094892,-112.90848465307842,-116.51043595665746,1.5633644416505093,-0.9765228978765271,0.28260649980354957
HDOK,PLOK,17472,5,5,-111,3,11,2,33,-115.74882738145408,-114.11601635089882,-115.52647710764872,-113.86766610021454,-113.89157273097194,-116.09042615562022,-113.28513925546625,-113.2347282435949,-113.04455911513628,-112.48317385769322,-112.79116032150837,-114.57356923379902,-111.7121971419834,-113.24004647409747,-112.47141438992176,-113.56085590540663,-114.27744924801496,-112.91230800890656,-113.16087537298822,-111.94391388133668,-113.70894745799647,-112.82401666772309,-113.89508048823274,-113.40518911891492,-113.15620133363493,-112.2402689604914,-112.19468626811508,-114.76733399133124,-111.35798366969382,-112.12684975552715,-114.07131573848142,-113.44586692349596,-112.09814043833885,56,-113.3704320329891,-113.24004647409747,-116.09042615562022,1.2503593766206111,-0.5776547796463322,0.18640227589468594
HDOK,PLOK,17472,5,5,-111,3,11,2,33,-114.26206928242885,-116.58257043641213,-114.49793432221067,-113.15138011532365,-111.12382077933822,-115.24604656919745,-112.61239304770808,-112.46264046073757,-114.41837466732878,-113.0781679485286,-111.45026378304762,-111.37779539321606,-111.34596354715046,-112.4812088100751,-115.33931648940903,-111.69767916276957,-113.50869857968172,-112.93099812388225,-113.32337098765503,-112.32910132472881,-110.85566046932296,-113.74780696938218,-114.28757183633752,-112.35427270072077,-113.28276171464637,-112.55786179445425,-111.85519340473994,-113.09386225493935,-113.93619063507519,-112.77568181878709,-111.98941377616848,-111.65595292865129,-111.16219892579986,56,-112.932552213935,-112.77568181878709,-116.58257043641213,1.8045403667026065,-0.6628756503089827,0.20556987576921593
HDOK,PLOK,17472,5,5,-111,3,11,2,33,-115.37562851925921,-115.39801269591989,-113.65140334047489,-112.456060487848,-113.98558070195745,-114.09063585585179,-115.72657767888077,-113.96974552297084,-114.29074734612243,-112.95844892692857,-112.12984600229242,-112.5486010359512,-113.65233080792078,-111.64342985733856,-112.36844227299949,-112.97957443716632,-112.89601541988168,-113.19603746961616,-112.44071776752584,-114.7734863545843,-113.6379120101347,-111.34470252320138,-113.45774231938105,-112.56032538841295,-112.32482159343733,-111.64715272543312,-114.14419843771424,-113.69281146106167,-113.33237138455988,-113.00039180952501,-111.24257362013192,-113.14910060815133,-113.25960645239644,56,-113.25227372227369,-113.19603746961616,-115.72657767888077,1.2201308924731107,-0.3180862667826468,-0.10055159490744314
HDOK,PLOK,17472,5,5,-111,3,11,2,33,-116.3071315702276,-113.51478981924468,-115.54394448623488,-112.6339258169709,-113.90835899402524,-113.38790795318688,-113.05883570072517,-113.64771564164715,-113.08082023041305,-113.22526804442006,-111.1771788335743,-115.5384305789461,-115.42290564054025,-114.44553083865299,-113.3892819982029,-113.08174481477587,-113.56562307899704,-111.66521430041229,-112.93697731968886,-112.38988391917275,-114.45521006818782,-112.97233002355797,-113.9930443681282,-112.58849773631675,-112.6203102671135,-113.89497658065882,-112.13653292507992,-112.48913910338504,-112.9381772359306,-112.52216275312665,-114.17664657493374,-112.53464966556334,-112.2273616309098,56,-113.37789419736215,-113.08174481477587,-116.3071315702276,1.2899764299528802,-0.7325094587178353,0.4938109556819157
HDOK,PLOK,17472,5,5,-111,3,11,2,33,-115.56636105688885,-115.86550341463281,-116.18240671593026,-113.11089779663479,-113.79103107783126,-114.44545376219929,-112.54810187917197,-113.94132803926368,-113.55132606552057,-113.63272496350831,-113.62802259583422,-114.31479409765964,-113.63955278447165,-112.62713262544023,-111.86119865396988,-114.1859890442431,-112.16042965860107,-113.10245137611945,-113.72301642165723,-113.83706523148058,-113.59381767174493,-114.19413243159181,-111.53468434127788,-112.95853789393007,-114.42177758823148,-112.8973564640786,-111.65195755422926,-113.97473566415108,-113.31569770773359,-113.1253031107379,-112.65273118760696,-111.5452080228666,-112.6259104881774,56,-113.46080719355808,-113.59381767174493,-116.18240671593026,1.2415805561354978,-0.40738109430663455,0.39135076548596803
HDOK,PLOK,17472,5,5,-111,3,11,2,33,-113.95503204428543,-115.25957477728893,-115.13853621899919,-114.09620776615735,-113.92012622135276,-113.76479043459169,-113.4034906304008,-114.80876981828331,-113.26065652942707,-112.36988469769734,-114.72474651197521,-113.18542564248305,-113.03056141637384,-112.32687369465782,-113.37248505730919,-111.61844980080312,-113.35945206928079,-112.05351399711726,-114.05176171703411,-113.69295586258018,-112.67124163775578,-113.46539870072209,-112.82474210153268,-111.7778572118786,-110.5331858867674,-112.97115158191015,-113.63957082960346,-112.07035055847753,-114.16223420885046,-113.55058648894473,-113.11485439834081,-112.9301779863779,-111.98323721142663,56,-113.24508738517235,-113.35945206928079,-115.25957477728893,1.065990068707629,0.2758650192300156,0.3155606522074157
HDOK,PLOK,17472,5,5,-111,3,11,2,33,-114.56496893604829,-115.49957696653314,-115.21612039147628,-113.67103262159138,-113.62834262664109,-115.25142701127402,-114.19213969380564,-114.60061840606777,-113.09025253137303,-115.3155498229847,-114.19521351689976,-112.38223971644909,-113.45094297301497,-113.22570313292957,-113.05477630094046,-113.06874947439076,-111.3056854591425,-112.84052222140826,-113.041981683938,-112.13687977395033,-112.66580580187959,-114.49299693335756,-112.3973524028611,-111.85281978089908,-113.07444727504758,-113.65033411401777,-113.29665919862619,-113.55820946558349,-113.73469668860608,-112.50652511107405,-114.69118371745151,-111.5981689773421,-112.82346447807844,56,-113.45682991532372,-113.29665919862619,-115.49957696653314,1.1573088846782378,-0.13970924973810764,-0.5551532294227379
HDOK,PLOK,17472,5,5,-111,3,11,2,33,-114.85064859656462,-114.02179277024449,-116.09476000609287,-112.72260880650484,-112.5121463683747,-114.15241581270504,-114.74736342204898,-113.80889524557098,-113.74968089390104,-114.1908859496004,-114.07549773256338,-113.91412626955287,-113.77505875595638,-115.5620542523026,-110.75017994928953,-111.97615662736406,-114.72157323213428,-112.07075095311791,-112.19467844172607,-112.78798862197492,-111.17850329623202,-111.89510506233997,-112.16896891118317,-112.638607100899,-111.92390367321357,-111.73551852675035,-114.1676907127447,-112.49147547325039,-111.98955527078489,-113.32708594204469,-112.98329022128918,-111.69278162863188,-113.23412712885407,56,-113.15472350472147,-112.98329022128918,-116.09476000609287,1.6062424765260708,-0.3003302379274813,-0.5020568347231009
HDOK,PLOK,17472,5,5,-111,3,11,2,33,-115.30358873354521,-117.13397226293367,-115.77219354799121,-113.44656680005033,-111.83153072826576,-114.01286395612068,-114.29333075994964,-112.77413772803347,-113.21507085458866,-114.21150214538945,-112.28659676052067,-113.12436086033429,-112.5518411622211,-112.58801040673634,-113.78270210118352,-112.91094918274779,-112.76211618470323,-112.74888748589616,-114.20114670443638,-114.32599874859785,-113.03310970359848,-113.51112418644598,-114.34798864070696,-112.9680649545649,-111.85738965883309,-113.58119341126952,-113.58783702091425,-112.8438711819448,-113.49372705359292,-112.28192389277265,-112.73691238941451,-113.4384200418407,-112.46402340046788,56,-113.4370591712307,-113.21507085458866,-117.13397226293367,1.2073937098364063,-1.383774026563639,2.7988741695583905
HDOK,PLOK,17472,6,6,-111,3,11,2,33,-112.29948812728688,-109.51112501052918,-111.8554686939176,-112.34853892789302,-112.21193817905201,-110.47389225194617,-111.22354033182222,-112.22779408124246,-112.54925643424905,-112.9992329689316,-112.62658075805741,-111.90849062696262,-111.16435143021734,-111.44880841959161,-113.14535285753122,-111.72592892683745,-112.50596112515136,-112.44580418714538,-110.98042935173237,-112.96608601281864,-112.59696490221593,-111.87918011420642,-113.62867981600438,-113.26288533445313,-113.11650069022963,-111.72652628855742,-112.6659472865896,-113.20520770679099,-112.95919543151612,-111.5299165568922,-111.35952853848025,-112.07849220455181,-111.38146163849954,56,-112.12147137005766,-112.22779408124246,-113.62867981600438,0.7655127823137671,0.7671503553993497,0.94309886992975
HDOK,PLOK,17472,6,6,-111,3,11,2,33,-111.0447944633691,-111.30264727609685,-110.21832434965053,-111.77952631268435,-111.05715852114164,-113.03231700016563,-114.1775629779386,-112.1643604044768,-114.43671287484476,-112.70005131099664,-110.41111735226207,-112.6508032054555,-112.30871902002404,-114.11127553369977,-113.038273682881,-111.86823631172115,-111.62850747423005,-112.99588112272536,-113.21784191115982,-111.94446115151054,-113.21952209917355,-112.2552333471098,-111.48858132629903,-113.44065498182043,-111.40956332705782,-112.21944768454189,-112.57487239191559,-113.46822348204988,-111.97483630056384,-112.00756920999244,-111.58279306366066,-112.06796344474432,-111.25786165710556,56,-112.27441498706268,-112.1643604044768,-114.43671287484476,1.0303786489997964,-0.20595861047763372,-0.2758768501946207
HDOK,PLOK,17472,6,6,-111,3,11,2,33,-110.83212044587992,-110.9320277393806,-111.30501186003202,-109.72836205896667,-112.38808635619775,-111.02377250063526,-115.08413978047543,-112.4671125730706,-113.9486449053217,-112.72893592232836,-111.2352851502237,-111.76371113734723,-111.94650735666104,-111.42754652904826,-112.27237641046509,-113.1312963654184,-111.89387138125687,-113.14718746079446,-113.09849291905917,-112.45776513977596,-113.33874490984084,-112.06121487903742,-112.8287250214917,-114.00328020913203,-111.69890278226896,-111.81588807631847,-111.09714193335945,-110.82381527520405,-113.44815821884016,-112.00709257954452,-111.88954774881265,-111.91253033511646,-113.06726284399254,56,-112.20619875167566,-112.00709257954452,-115.08413978047543,1.1833621335238917,-0.3368254487169638,0.4511586663454601
HDOK,PLOK,17472,6,6,-111,3,11,2,33,-110.25518533666896,-111.46927483686099,-110.30768494812179,-111.15368054583382,-110.54131787490554,-112.4318149647942,-113.70758922286947,-111.01393634166142,-111.70206513239255,-111.43196959493862,-112.59904379728614,-110.87607571512079,-114.62776576910683,-111.86479094240264,-111.37782751231198,-112.53983820100433,-112.75304267325131,-112.70912494568174,-112.32584139186785,-112.27767322017769,-111.48419859106548,-111.88914244387736,-111.78518529643526,-114.2124312141688,-113.45941105231331,-113.113726400279,-111.01674800285339,-111.6219392428219,-111.96266857352923,-112.54113702206584,-112.32546156526378,-113.2023032204426,-111.06387567693055,56,-112.04981125058502,-111.88914244387736,-114.62776576910683,1.1011131255644115,-0.47863406643236694,-0.01601760367567051
HDOK,PLOK,17472,6,6,-111,3,11,2,33,-110.10031376837229,-112.14229791046556,-111.29008675424977,-109.80443584655384,-109.95172674195318,-111.66277399146112,-112.56278639083062,-111.99344057205782,-111.16464553597946,-112.27736020848529,-111.34303903620169,-112.06977174716232,-112.00237210840203,-111.75565312685006,-113.05659992499552,-113.59420333182882,-113.01495479196707,-112.28943988734422,-111.58250304602798,-112.31861641493943,-113.57415688387151,-112.05798791815302,-111.97886671682903,-112.67172193315109,-112.40536364672472,-113.22242588904979,-113.35043640123006,-111.61222869936502,-111.07299316151904,-112.19359214968402,-111.40285420341131,-112.32312318971712,-111.70025179553637,56,-111.98615223407182,-112.05798791815302,-113.59420333182882,0.8456061216629515,0.4976020928391225,0.4577510011613617
HDOK,PLOK,17472,6,6,-111,3,11,2,33,-111.78666215526533,-111.39915593194124,-112.55717941844945,-110.28154885484079,-111.29440546530921,-112.26666109712541,-113.1544501910663,-111.09018388193806,-111.55703483002844,-110.78645279220875,-113.89986681693166,-110.89399713080688,-113.72729495297878,-113.48274889299196,-112.3947673017515,-111.41958755519282,-112.30108323356393,-112.0143289782393,-112.37975316724832,-112.05600015043589,-111.22674303431334,-112.51026010176022,-114.2625325483228,-111.71849840061171,-112.57130810154013,-111.63991164804351,-111.75667821981862,-110.99100737226715,-111.82079494562997,-111.66181737894934,-111.52141750340093,-112.6413081604435,-109.43909509379232,56,-111.95468288809721,-111.78666215526533,-114.2625325483228,1.020648183519489,-0.17073251649446192,0.5740759200485108
HDOK,PLOK,17472,6,6,-111,3,11,2,33,-112.03239460766753,-110.96449420320343,-110.51667705828694,-109.73217506970865,-110.23677381960735,-112.42369325216363,-112.21873315983649,-109.70824134244828,-112.90232110701201,-112.5998208998325,-111.39512281470657,-111.63512500595381,-112.91211008311944,-111.78962115512438,-112.29342724138937,-113.62999426777411,-111.84298011251367,-113.99224845135238,-112.05956168529498,-113.24703783588254,-111.7575542575163,-113.2072612881035,-112.4452708736895,-112.84591097611593,-112.03430909716023,-112.4427337124941,-110.7725586874515,-112.89038702954109,-110.23549049153489,-113.36054884099514,-113.44012398863713,-113.15217694199202,-113.25683503278321,56,-112.1204155876028,-112.29342724138937,-113.99224845135238,1.2801055263980992,0.6195861044853967,-0.4080623460391273
HDOK,PLOK,17472,6,6,-111,3,11,2,33,-112.14912917763115,-111.13469606312523,-110.67057233639206,-112.14346169584324,-112.66575557258608,-112.46819445639409,-113.28457685051292,-112.19877667850467,-114.02106841680195,-112.27142801753821,-112.41288824198104,-111.29279004333608,-113.93802135547197,-112.58834257824044,-113.67018327058207,-112.09678709699982,-113.09311013748682,-112.9819563233321,-112.57257354442231,-111.54409233239325,-112.7232852305085,-113.79317553987607,-112.93147644568145,-111.17026853475606,-112.45979065199347,-112.008166048094,-112.34123654732808,-112.69519979765278,-113.07676507794828,-110.7807647136542,-111.36807035550663,-112.84392449088143,-112.772919198667,56,-112.42919535824618,-112.46819445639409,-114.02106841680195,0.7187207577288042,0.21021733668661324,-0.2534544271472834
HDOK,PLOK,17472,6,6,-111,3,11,2,33,-109.8462606527526,-110.39591646173525,-111.5789746726514,-111.48316315601835,-111.3099493464162,-112.57611648241854,-111.67088354773638,-112.11252613038651,-112.63723327279308,-111.77300904654192,-112.17048574171527,-111.51360454500454,-112.97323846991175,-110.96830025805565,-112.64177468693804,-113.49622414150774,-111.29569059488058,-111.6368955133642,-112.63599479098984,-113.42759281805668,-111.88074032090582,-113.01181376730155,-111.41527747994151,-111.52102030315638,-112.5642199570133,-111.96705645825568,-111.64108824360248,-112.78849443882785,-111.71573211149935,-113.68635992985928,-114.46930546121256,-113.05374930968757,-113.19790785754975,56,-112.15323030208147,-111.96705645825568,-114.46930546121256,0.92463149770233,-0.0629874744882937,0.24194497690744177
HDOK,PLOK,17472,6,6,-111,3,11,2,33,-111.83974774129216,-112.30892624108138,-111.22605078896429,-112.1953918428158,-109.43647240014849,-113.69326835318891,-111.69824833657324,-113.5583309382064,-111.97685836052254,-112.99075609111918,-113.34965613505112,-111.51239384990988,-111.80548054318335,-111.97602917739853,-113.75675307573938,-112.41972563697027,-111.9101577468857,-112.29242687472933,-111.25158033564522,-113.25595267839158,-110.33691251683527,-113.44447142890995,-113.53268752638655,-111.86218268122063,-111.42806405823258,-113.12429808469841,-113.20680038107692,-112.08266606648914,-112.9661732256922,-114.49580185034647,-114.54579408938149,-112.3535794221771,-114.14069542081859,56,-112.48407072424492,-112.30892624108138,-114.54579408938149,1.278280235850669,0.3400773344810867,0.32580870806819284
HDOK,PLOK,17472,6,6,-111,3,11,2,33,-111.9036411628265,-111.04660556867569,-112.27456140011695,-111.11978454313748,-113.18429784738998,-111.52204837769324,-112.11187097101315,-112.0923304948753,-112.38369261685914,-113.41883343034976,-112.82642107179598,-113.36015533760495,-113.07917975985966,-113.926795908627,-111.52751797268142,-113.53684302824821,-113.68980780628705,-114.07757780755415,-112.07940512138683,-113.56340540521842,-111.43939599304716,-112.93109504614084,-111.09337505354797,-113.5557666883436,-112.76689236470737,-112.83015333193842,-111.0046227190402,-111.6348549671198,-111.79948534583953,-111.07675493639321,-110.5703745363769,-111.81924249438794,-113.20258602593385,56,-112.37725379197022,-112.27456140011695,-114.07757780755415,0.9618811422791473,0.015909130016661603,-1.230928117806978
HDOK,PLOK,17472,6,6,-111,3,11,2,33,-112.26188062101161,-111.06153348490776,-112.5335072917681,-111.48386522865015,-111.24089896716691,-111.49181100755223,-111.76310163308936,-112.72157618828328,-113.14758963096368,-111.91022107580451,-110.53136640089907,-114.19605241167802,-112.27401233594999,-112.84337916402283,-113.49203966404468,-112.30652843992746,-111.81832324859815,-112.50808006052578,-113.7115748860865,-113.5439251290618,-111.9828954008279,-111.44203553253216,-111.97408286014526,-113.37293259829458,-112.14274554565166,-112.63981498597455,-112.61367369534894,-112.46665215399649,-111.22700405831989,-112.39288258809808,-113.39659504338543,-113.0986742148949,-112.60713917161415,56,-112.36964832482047,-112.39288258809808,-114.19605241167802,0.6944635331047624,-0.02893900649159073,-0.3144761981389719
HDOK,PLOK,17472,6,6,-111,3,11,2,33,-110.94732626632587,-110.83791094691779,-110.48764632369434,-111.17519314310668,-111.70795247288339,-112.88115391123247,-113.71146939767348,-111.15207190760744,-111.59993702774041,-114.03102271040613,-111.84585524265044,-111.44714464339901,-112.17989329774254,-112.12214554201074,-113.84020859164106,-110.59411861968137,-113.37493026674332,-112.16512733440345,-113.64064004658857,-110.57409160384671,-111.15055954456163,-112.90819391727659,-111.9302898419398,-113.43379174732408,-112.9965038868648,-112.14097756710815,-113.12953066795444,-111.6357422171496,-113.34517617365198,-112.15589833330773,-112.60322507710647,-112.05197953816892,-111.11654621603854,56,-112.14891678862871,-112.12214554201074,-114.03102271040613,1.0569899558762146,-0.16877734360744795,-1.0853182125108063
HDOK,PLOK,17472,6,6,-111,3,11,2,33,-111.75624992173829,-111.6507666172467,-108.96427779361807,-112.45386232451884,-110.67422112685911,-112.39319579033709,-112.14151650220947,-112.07601044169645,-112.45010867275907,-111.53477247271445,-112.98249918978122,-112.20958132692775,-112.76682098795992,-113.43161459290832,-112.65531991794145,-113.23849282853126,-112.79509147483533,-112.60311937630061,-111.64208907228092,-112.37001275104144,-111.65886430974395,-112.02097189594977,-112.64668236401678,-111.94588069995801,-111.35344594807202,-113.35591968367508,-111.49791914789486,-113.25234013599218,-110.9723012217977,-112.60513417182885,-111.750105888271,-111.6376747899289,-112.3484118265431,56,-112.11622046260234,-112.20958132692775,-113.43161459290832,0.7496296740798689,1.3819237975857013,3.9796257270292394
HDOK,PLOK,17472,6,6,-111,3,11,2,33,-111.91232004639797,-112.11802950185134,-109.76093108077377,-113.09172255677981,-110.99223354413758,-111.71015744748588,-112.68954768615593,-112.93719247273249,-111.95851171514617,-111.85326678447244,-111.33597599673371,-113.20108218874218,-113.1818082189817,-112.80661328361217,-113.57166482257729,-111.17299389478778,-112.0409542323336,-114.10944709613065,-110.83152255629201,-111.96412680442404,-112.28584519163337,-111.47190699415215,-114.28991328119218,-113.42175133236243,-113.58411823646044,-110.7902998071422,-112.44514490906894,-111.61978346058724,-112.71086765789076,-110.28751993110185,-111.98318934254519,-111.79161027580531,-112.0754798042153,56,-112.18174339862749,-112.0409542323336,-114.28991328119218,1.0892435252590582,0.07187422817921485,-0.15958831087744763
HDOK,PLOK,17472,6,6,-111,3,11,2,33,-110.59433967727858,-110.08060871082412,-112.30409164775597,-112.40793579829177,-111.2024422268283,-112.00649424584681,-112.76665962194964,-113.05159353265019,-112.25379310711334,-111.25169857623331,-112.73597958457692,-112.96193376308078,-112.09514181560391,-111.72507560935445,-111.8333673439697,-111.63383624077957,-112.68273463596304,-112.71269428658621,-111.60359985602054,-111.91238136668257,-112.42053003145085,-111.3843550604971,-113.37888574324742,-112.24577379532244,-110.99287382503084,-113.49617299488413,-111.24058110852947,-111.13021951801255,-112.9054357162758,-113.1088537592042,-112.84565383919922,-113.9245921366173,-111.39576087700995,56,-112.1298815167476,-112.24577379532244,-113.9245921366173,0.7607855559872654,0.17919654644730074,-0.35348600898120974
HDOK,PLOK,17472,6,6,-111,3,11,2,33,-110.27941527769838,-109.30839015858432,-111.39212232587124,-110.43140296229767,-112.45255469723475,-110.77774290039439,-111.45653961989699,-110.18512255277726,-113.37266056119313,-113.0239983991904,-113.8345712825303,-110.33579621356546,-113.48482329390123,-112.7180168149775,-112.56530048249617,-112.27303745901037,-112.95757520899738,-112.87804934509563,-112.72994743648948,-111.61956960479527,-113.02067522301144,-112.18205189356667,-113.0271831073271,-112.95542417617972,-112.24180494417365,-113.93687571216554,-111.79296120552254,-110.44218114048273,-111.8279326915239,-114.01348206727796,-111.85726876950544,-111.14058323656211,-111.81914522847627,56,-112.0707335149325,-112.24180494417365,-114.01348206727796,1.421322303059223,0.40350782844927197,-0.5666817294947668
HDOK,PLOK,17472,6,6,-111,3,11,2,33,-111.50635123809107,-110.6360700244841,-112.33088626691843,-110.66414103197465,-111.28546405756428,-109.52831363732268,-111.83859032934161,-112.8346844438218,-110.86454846329622,-112.28083071016758,-112.63970127290698,-111.46758499695467,-114.20298034362952,-112.55963820674701,-113.38077325305389,-110.74877157369573,-113.13796363914754,-113.3533254314142,-111.26222890925477,-111.89508493568952,-112.8893753000677,-111.33862714752931,-112.02768668293771,-112.12560828289415,-111.50760319245302,-112.681247901325,-111.76563421192773,-112.84810337974189,-111.5111370041611,-113.07893360913003,-112.93462950052368,-112.01130433401781,-111.32656423729587,56,-112.01407234998427,-112.01130433401781,-114.20298034362952,0.9445747213011902,0.15881585964920192,0.11311325096529634
HDOK,PLOK,17472,6,6,-111,3,11,2,33,-110.45948380710566,-112.15030615770858,-111.935033426003,-112.00185041719782,-110.15255470654817,-111.44101102092556,-112.1741292138112,-111.64126805177611,-113.3199299793786,-112.67107206191197,-113.07823645953802,-111.42635246034742,-111.46448321658008,-112.30456928125994,-112.32097974495382,-111.70429710826762,-111.30539110924092,-113.77957169867945,-112.39978915252699,-112.29019432005731,-112.8452477941619,-110.91082395527506,-112.1535309531256,-113.68184505726234,-113.42582397315157,-112.5037029104626,-111.32427237788325,-113.54536737560566,-112.79125906950316,-112.12757872864833,-113.91467381913047,-111.84956199725258,-111.85040363476575,56,-112.21044227394079,-112.1535309531256,-113.91467381913047,0.8244989598751519,0.03098909845411485,-0.19094567964625853
HDOK,PLOK,17472,6,6,-111,3,11,2,33,-109.96633707023331,-111.4641475549412,-109.66135223532497,-109.81534158207283,-111.95398843780589,-110.94228946538624,-112.00926902940134,-111.77819939939687,-110.56859549731213,-111.14093384811666,-113.62539888681083,-110.94103859799097,-113.71186831082974,-113.11467011440088,-111.0780846928287,-109.44022574995081,-113.07922980497762,-113.02902239177537,-112.6225818608214,-111.70584780195313,-111.14940408829355,-111.64074288475516,-113.39996767386324,-112.43512017262645,-111.88053644323504,-112.61687944479131,-112.58226653456971,-111.09447621741107,-113.77401675561718,-112.28978657945541,-112.4297485976122,-114.40185719690737,-112.6985616865866,56,-111.94066020024408,-111.95398843780589,-114.40185719690737,1.538501963945735,0.18722913907498587,-0.5233029290993008
HDOK,PLOK,17472,7,7,-111,3,11,2,33,-115.38604929209738,-112.57989945584195,-114.87433612082768,-110.61331459312981,-110.70811569802328,-113.9727520000372,-113.12088837128275,-113.363402096925,-114.63344147513699,-111.44963533748049,-113.49548573504501,-112.27889162519868,-113.78549896142391,-113.18460671260658,-112.18007011439853,-113.49448482744222,-114.18323765641455,-111.18888551781691,-110.39562840769167,-110.9552657364884,-112.47784758055738,-112.16224826727084,-110.97023188698033,-114.51765449786797,-113.8925283714467,-112.75405407947842,-111.48013238365992,-112.8192201126092,-113.75538155027819,-113.06176687071894,-113.43252567228004,-111.99015660686838,-112.52331525797106,56,-112.77821069313022,-112.8192201126092,-115.38604929209738,1.680500146007024,0.09350125098049898,-0.7398435049529173
HDOK,PLOK,17472,7,7,-111,3,11,2,33,-117.62161261199684,-113.71361116710086,-113.19744056312857,-111.65953165811663,-112.4937210903444,-112.53481281134579,-115.05905176021938,-113.79225255102777,-111.36317807451536,-112.49633078789314,-111.86973074192373,-113.51199529129732,-112.43948192524842,-111.90231479263039,-113.68136137325378,-112.04109260385769,-112.6307314879445,-111.76914795060145,-112.32822123910829,-113.77746466011216,-112.80533789500237,-113.84473289608394,-111.84778518204423,-111.54389868197073,-112.91128981172172,-113.93673325510508,-113.55218529515881,-112.1132210110737,-112.17645361351077,-112.82613505298353,-113.73653805762409,-110.81605937172023,-111.50118994303443,56,-112.83317106693029,-112.53481281134579,-117.62161261199684,1.595495802267717,-1.6528995817770697,4.921596189150392
HDOK,PLOK,17472,7,7,-111,3,11,2,33,-115.27697879120038,-112.16101137310628,-113.95735333958129,-112.35214034211934,-112.45159387923188,-112.53525022644108,-113.67879017641161,-115.08975739070235,-112.43427438279313,-112.69310261687446,-113.80274484012402,-113.02565562590408,-111.9665717072725,-113.00621936294995,-111.88422471243301,-110.87029974128649,-112.37161511258043,-113.6012498404972,-111.29101462380481,-115.01101771336099,-113.74960563957487,-113.4215325930767,-113.06656318308774,-114.44349999858677,-113.49215346324854,-112.18564468112983,-112.55432579948517,-114.1687478615103,-111.84219748239133,-112.26108653019837,-111.57575193296239,-113.18695628355803,-113.90883767221949,56,-113.00962936120318,-113.00621936294995,-115.27697879120038,1.1596668498885907,-0.29654314336721976,-0.3958504675608161
HDOK,PLOK,17472,7,7,-111,3,11,2,33,-117.88156680044258,-113.41140860687416,-113.83614577777848,-113.57205024262667,-112.19002639364564,-113.5257417779473,-115.151191943658,-113.98832453947358,-112.84881140594754,-113.65285015866142,-115.32403565874964,-112.52502747984126,-110.93200845904433,-112.6700016045835,-113.78215329466455,-112.81720592403569,-112.59921364342527,-112.05977811523606,-112.83935485136602,-113.4942691382444,-112.294886412902,-112.43654905339426,-112.35076897097271,-113.52387845311237,-111.02522585876045,-112.40137926388626,-113.10666893570288,-111.03558759302115,-111.88497699316589,-114.70259526450177,-111.37938908115386,-112.87820115408732,-114.19263779357186,56,-113.10042153468119,-112.84881140594754,-117.88156680044258,1.8634952720202267,-1.2176112048039924,3.3030101560654255
HDOK,PLOK,17472,7,7,-111,3,11,2,33,-117.8213282087589,-113.46289820072214,-112.5905755619443,-113.67517815135558,-110.92517029667059,-112.22681977582819,-113.62407286747546,-114.20778116316612,-112.33960130281007,-111.79138299032715,-111.76662141243261,-113.56680813894077,-112.48489422948663,-111.94413153058574,-111.3933056306358,-111.86357247596456,-114.68249805616348,-113.50798168720483,-113.69101976681999,-113.36829880114927,-112.5458063657225,-112.44195525242628,-112.9681858634565,-111.94863667798722,-112.66477553924577,-113.92525400910661,-112.34331659973574,-112.19327090442455,-112.8627039338548,-112.10322774978448,-111.54516228242159,-114.2812534055876,-113.4317839136769,56,-112.91482644684463,-112.5905755619443,-117.8213282087589,1.5676136914448124,-1.7763242972026942,5.788438019307584
HDOK,PLOK,17472,7,7,-111,3,11,2,33,-115.65171570251138,-113.83951764715752,-112.19862405556106,-112.07802966528533,-112.93778978940216,-113.7468551383048,-113.98776946355797,-114.24426347213242,-112.86391147041103,-112.84415552741812,-112.17340605875823,-111.48855596137234,-114.25309277675404,-112.26219495247994,-112.98820521240029,-112.50148816520698,-111.15196626962705,-112.76822621459652,-113.47762631261794,-112.10590757909627,-112.73381095682412,-111.62743462376305,-114.17528795601208,-111.8543363458947,-111.93110491600572,-113.01859214972724,-112.57753761010161,-111.0898801186615,-112.41111921941267,-114.3543106309385,-113.33148704107009,-112.69066212489643,-112.74677379822198,56,-112.85168602806607,-112.74677379822198,-115.65171570251138,1.0159910171154172,-0.566995528177924,0.38362467454878324
HDOK,PLOK,17472,7,7,-111,3,11,2,33,-116.05399179828352,-111.90224357609515,-113.66755214496025,-112.97312576619731,-113.17558629347306,-112.27166085809814,-113.70047457388921,-112.28663836036996,-115.76353610237697,-112.5157543054621,-112.5952439122554,-113.33861841119695,-111.4254431910263,-115.00812468033246,-112.81291504185373,-110.93199933299763,-114.98235319693642,-112.1890817129513,-113.01411770193411,-112.1021056339497,-111.75013350354568,-113.21252923838485,-113.18826228532741,-111.11530098374936,-112.49198010710525,-111.62097363409823,-111.27175045662145,-113.39051779339648,-110.77848061109027,-112.52726579451176,-113.62925638078212,-111.36687683208919,-110.90257030322893,56,-112.7259534702597,-112.52726579451176,-116.05399179828352,1.7437261708711507,-0.7863095332578474,0.4295218770699605
HDOK,PLOK,17472,7,7,-111,3,11,2,33,-117.41025010514191,-111.90022347218313,-112.54833486327556,-112.54408572726476,-113.16065696708735,-113.12807165518886,-114.54991857732917,-112.89747471063063,-112.00214923037682,-113.13023874275169,-111.54623253720251,-112.62601969762117,-111.83672703680323,-112.45153327969813,-114.10745127581002,-112.84520473726965,-112.46491765432998,-112.8934083579148,-114.32733848591216,-111.8036779618153,-113.98843878705058,-114.75474251060348,-112.30497939096766,-111.04606619815308,-113.53571211090927,-111.68233782965055,-112.14887690936573,-112.09992629386868,-111.73087107666015,-110.88540076076637,-111.87716827973536,-114.35122235938796,-113.44759136693781,56,-112.84931057423222,-112.54833486327556,-117.41025010514191,1.6279487668401387,-1.4237451876173057,3.460411385075083
HDOK,PLOK,17472,7,7,-111,3,11,2,33,-116.81895964038398,-111.82139217206507,-113.6805429517725,-111.71138625207462,-112.34212093607574,-112.93317258425839,-114.58099251992279,-113.21596367136874,-111.62664260433472,-111.87939958530445,-113.81421109656166,-113.71280053922139,-112.9115249500271,-112.10372570102915,-111.91483666510187,-113.5575105622637,-111.38313759263455,-113.48787933248398,-113.32601576010151,-112.92855278104633,-113.73463497474852,-111.99575153693667,-112.63954558827568,-113.48382194525499,-111.97428003721576,-114.09851819946321,-112.2997784304206,-116.19628715170688,-110.86334736080273,-111.54138411393485,-112.83577341865481,-112.84289079327354,-111.23529710567756,56,-112.89369935013328,-112.84289079327354,-116.81895964038398,1.6672774708042986,-1.1530656731278879,1.9513701458835917
HDOK,PLOK,17472,7,7,-111,3,11,2,33,-117.63768572650665,-112.68456991870923,-113.61931570576927,-112.33434620586394,-113.14738914682184,-114.53593670098157,-112.90265341273867,-112.52089758649934,-110.35705779809201,-112.72368938989112,-112.13398663323312,-112.27240929471004,-110.66230691905074,-112.51956307366983,-112.69125870696561,-112.98259485798135,-111.89898251287137,-111.99675411730095,-113.32781152622962,-113.76080524429446,-114.15342866281368,-112.5256558095325,-111.40252453627913,-113.37241214635647,-111.34313586518348,-113.75951118400407,-111.54093668223153,-112.0802368460276,-113.90529566231335,-113.78259066351036,-110.58213304297539,-111.6685515600073,-112.26055389922286,56,-112.69960548601935,-112.5256558095325,-117.63768572650665,1.795574643931018,-1.279262288568238,4.340809851528238
HDOK,PLOK,17472,7,7,-111,3,11,2,33,-118.41034685598666,-112.69762938753054,-112.83961710751817,-114.080834586492,-114.0258954169071,-114.7886399168431,-113.36656385563421,-113.50109991138451,-111.87997492437779,-114.08483132698942,-112.59346793482996,-114.57249000642585,-111.86368062384761,-110.63543380398421,-111.03890448405113,-112.02242416607105,-113.87965942058821,-112.46917308553085,-113.3491593070166,-112.81449677831549,-112.38932961508172,-112.00146510994638,-112.81966313414574,-112.85984963555437,-111.83202986243671,-113.6413162298465,-112.40918212146025,-113.72681864431915,-113.17087118012942,-114.45169269301161,-113.38256736573211,-112.37955844328641,-111.09726289413415,56,-113.06290696452753,-112.83961710751817,-118.41034685598666,1.9209752837788536,-1.542809564879176,5.490138727567755
HDOK,PLOK,17472,7,7,-111,3,11,2,33,-116.88000371420621,-111.84117174868527,-113.35401834988731,-111.60340914044298,-109.8866606807211,-116.20129949005005,-113.85932407508932,-112.88092588731841,-114.45068407810605,-112.96034741714675,-114.19992252669715,-110.98154644143638,-112.53507010967664,-112.58992566220749,-111.5539096171062,-112.20318915543716,-111.73938726119749,-113.4694185727589,-111.65092680028808,-114.46961094553248,-111.82897588102973,-113.26971186208351,-112.3069300563031,-114.61915496561913,-113.29193874405759,-113.56851998297117,-114.96669795571096,-113.64167769757675,-112.05653358278795,-112.478425619883,-112.65987074717475,-112.32944917594722,-112.88912943911082,56,-113.00659901164386,-112.88092588731841,-116.88000371420621,2.019972817068613,-0.6293305098915096,0.9895688575535835
HDOK,PLOK,17472,7,7,-111,3,11,2,33,-116.33821406584491,-112.01598110647605,-113.77863404134807,-114.79350069646513,-112.24833076592948,-113.34830964026693,-114.33233860887114,-113.98237326752015,-111.81011077618399,-113.21296638248324,-112.93598145164272,-112.00358546215155,-113.17785775458852,-112.35162380227771,-113.32323429169008,-112.66181755253298,-111.21004405752137,-113.08752203004009,-113.32613565267897,-112.75980856643122,-112.60250052341267,-112.03568311863508,-114.12409911618487,-113.17704384330716,-114.09400526179324,-114.2726667394261,-111.89861258956856,-113.66326591293999,-113.49783238144036,-113.66481886100169,-112.6820163592896,-112.55455158362618,-113.38479288613559,56,-113.16212906514261,-113.17785775458852,-116.33821406584491,0.9996486992472653,-0.7541881662146407,1.7218227039247336
HDOK,PLOK,17472,7,7,-111,3,11,2,33,-116.10444313612619,-109.6002655405645,-116.0698479356272,-113.05897124898523,-112.53336987123727,-114.52445531263388,-114.27141771113386,-113.37158932464664,-112.61878349563678,-114.45726459927022,-113.28968238727884,-112.83418427083839,-113.70126892217405,-113.68213518758864,-112.19573057296321,-112.50188424454758,-111.64481581205649,-112.132877880309,-113.07440359782105,-112.35163996601756,-114.6469355058024,-113.75831461919093,-112.56283215006204,-111.80405135381388,-112.90746864445526,-112.57189026694796,-112.13560785511604,-111.76121745905975,-111.53460922504499,-113.59767146400402,-112.1004469331421,-113.54776534272696,-112.84969035483665,56,-113.02416764217152,-112.84969035483665,-116.10444313612619,1.611085554918877,-0.27797333561378973,1.466817304380354
HDOK,PLOK,17472,7,7,-111,3,11,2,33,-117.75080516093877,-113.41358946827495,-114.55958641560669,-113.20584975711148,-114.33375548892718,-113.05286530706353,-114.01892945041403,-114.29562687035848,-112.66322600766156,-111.52773239570675,-113.5220788281107,-110.73602753103036,-113.80467528932601,-113.70173841927571,-111.09786295795001,-112.35222399995466,-112.07773820011175,-112.59247537982509,-112.02592002407481,-111.72486470484995,-113.7049285698546,-113.87866190549694,-113.23486175023722,-112.17371396191201,-114.402300093775,-111.43844596768947,-113.57643628529219,-112.40555707326703,-115.10407437750345,-112.5366576092291,-112.22939958519189,-113.86375725069578,-112.83993124527294,56,-113.1468574949088,-113.20584975711148,-117.75080516093877,1.7744165155438676,-1.0049935242762678,2.913108875249136
HDOK,PLOK,17472,7,7,-111,3,11,2,33,-116.01543642861434,-111.8362568755489,-114.57320891566687,-113.05400011870267,-112.82544147810901,-113.98611655869213,-115.41964737101613,-112.82874824712563,-112.74031161775275,-112.3488126748744,-111.62716323582053,-113.11656564431605,-112.63988033115615,-112.32430777284588,-112.15301099065309,-113.95391829027098,-111.7689289951909,-112.16550639922615,-112.07911018361162,-113.26131004979176,-113.13205496196828,-113.7527738547159,-112.12413655079884,-113.40375655195704,-113.18182727282463,-112.0417054329195,-113.40528426894808,-112.95884847889825,-112.97452682300732,-113.77846127798213,-112.41524863057617,-112.41451238977852,-110.81410615126167,56,-112.94287650983703,-112.82874824712563,-116.01543642861434,1.0950603278453226,-0.9288612531223132,1.6298404554236208
HDOK,PLOK,17472,7,7,-111,3,11,2,33,-116.20465000592104,-112.9208349559103,-115.0020271478306,-113.30581977758408,-111.85989806072467,-114.35246440052235,-112.78997175647092,-113.47905721409859,-112.18493093784687,-113.96589497117714,-113.02859392928244,-112.63275411480818,-113.73978947726984,-112.52066234418896,-113.1444480445426,-113.49417742732902,-112.2150422097312,-111.73111863965954,-113.12276614194916,-112.71360652387794,-114.37011366402889,-112.54052147162616,-113.76814609823352,-113.91372199111686,-114.6586553468497,-111.93240951412022,-113.13061709974669,-110.97969789708432,-114.74129707952041,-110.84878368602135,-109.8728927261343,-113.1155060382562,-113.71538748014018,56,-113.0907957022304,-113.12276614194916,-116.20465000592104,1.5779776780764405,0.16130819627976484,0.8123649338483907
HDOK,PLOK,17472,7,7,-111,3,11,2,33,-116.60039031019114,-113.59849190531406,-112.25913655054322,-112.63908703734782,-112.36425442070133,-112.32455145488635,-114.05725995756428,-112.44652308003523,-113.99709001287907,-114.28454596077628,-112.55921573608033,-112.12632086524482,-113.31881308670552,-112.51268295146532,-111.299877315991,-112.52456135397263,-112.64265194903153,-113.38763966685639,-112.5641394781056,-112.82729200316571,-112.09225898555869,-113.24296598506534,-114.25692438883587,-113.39543427354727,-112.6893508341634,-112.61270431029085,-112.42028618402365,-112.35095077262201,-113.59582824370666,-113.34634718720356,-113.52989513397901,-112.85413147249663,-112.75701102356948,56,-113.01450345127036,-112.6893508341634,-116.60039031019114,0.8573363002770584,-1.7594123489840154,5.582792141704633
HDOK,PLOK,17472,7,7,-111,3,11,2,33,-115.83196648048902,-111.1873982589532,-113.98432613268629,-112.4620635498342,-112.78404430353417,-111.98728182054242,-112.019265092425,-114.07328854292506,-113.08414235946024,-113.07221337990075,-113.90705114506154,-111.78833651311243,-113.26689257352636,-112.46736576656153,-112.24766167502774,-111.27147439451781,-112.18437210774171,-112.92050223451096,-113.50672799192866,-112.05574179605728,-113.82735115100246,-112.73979932638342,-113.11182812482811,-114.84896599315725,-113.21807576274351,-112.89224137049636,-113.93072139868869,-113.19722576403068,-114.50389613673778,-112.91250431799529,-111.03485788172829,-110.23822752587415,-110.77035303683708,56,-112.82812617906966,-112.91250431799529,-115.83196648048902,1.4146803547962112,-0.08280302610187458,0.30085263967551157
HDOK,PLOK,17472,7,7,-111,3,11,2,33,-116.22247433790042,-113.28735071402163,-112.38126314198449,-112.55025539949533,-113.14363995806664,-115.10394488258434,-113.495241897788,-113.5582614399826,-114.28544383067477,-112.5507751280371,-111.39337492940614,-112.706322491911,-111.67716961477646,-110.68133904149741,-112.7661599151799,-112.77644957245919,-113.10040826468789,-112.82741139027597,-113.71579149878059,-112.81478789775724,-113.09504274928291,-113.7343471489848,-111.87015458745839,-113.1064286706343,-112.4895139002721,-113.66408402394536,-112.50472291291655,-113.74419935933264,-113.11955568039191,-113.23800547019742,-112.42985737415437,-112.3610616304642,-111.77595995098882,56,-112.97487269109969,-112.82741139027597,-116.22247433790042,1.0307170714685443,-0.7859104465507819,2.6032841350059637
HDOK,PLOK,17472,8,8,-111,3,11,2,33,-111.17326308959358,-110.84239305472566,-112.71371741901923,-111.4916003790696,-110.4921438637627,-113.36738720042875,-113.10568681911072,-112.01748349443214,-113.51953622013775,-111.70403105427096,-111.50357008498565,-112.39422040210971,-114.02867290674371,-112.65960693139633,-114.75063501984812,-111.6706424026207,-111.9610806325768,-112.32574097292688,-111.62094932309172,-111.70959553104173,-111.59851003784728,-113.37637020686348,-111.75353281954222,-112.4821251927452,-113.03130149168145,-111.64481319338435,-111.86021360573037,-114.27000112222916,-112.42749888716165,-112.63668377260332,-111.03255578769911,-110.98170055176325,-114.63996685592753,56,-112.32688576748698,-112.01748349443214,-114.75063501984812,1.158544863428636,-0.6342779957875939,-0.2065539259564435
HDOK,PLOK,17472,8,8,-111,3,11,2,33,-111.80450370326768,-110.79717405106393,-112.51535969440968,-112.50693867402597,-112.30916688826214,-114.09995989265511,-113.61879127061647,-113.97516406802055,-113.08906937813684,-113.37546427641489,-112.80891370201263,-111.3078740028468,-111.61062436903036,-112.75741530533143,-111.37826602995105,-112.89152588700227,-111.42643231618626,-111.81930978605462,-112.41183698602876,-112.02662543378594,-112.23635717395938,-111.31081918596895,-111.35366727260765,-113.10813214957724,-113.05231461301734,-112.84830365549612,-112.19075528610294,-111.24771550904885,-114.51434494303915,-113.38805668937121,-112.06573425725828,-112.53753894350604,-111.56341359768285,56,-112.42265360581027,-112.41183698602876,-114.51434494303915,0.82206334660083,-0.36033120984835887,-0.4682623736466134
HDOK,PLOK,17472,8,8,-111,3,11,2,33,-111.1949639906293,-111.33979360153491,-110.61471135112316,-111.80150997313746,-111.85758405257623,-113.10272581194276,-111.48442689415069,-111.01123010633403,-112.52089693677146,-113.16418175507881,-110.97353392467355,-111.31502381827903,-113.44153314388522,-111.79253087141568,-113.30751983046565,-112.02592542539189,-112.32213036659348,-113.62335168830488,-112.75590830821253,-113.06768593157405,-113.57031896743868,-113.51463488504959,-112.70767902386595,-112.72869848080545,-111.32996203403312,-112.26180221403318,-113.10899615367039,-113.42523449855913,-114.7512162725552,-113.17068402662116,-110.51434024740038,-112.19099245927966,-112.26086985831633,56,-112.37129081526373,-112.32213036659348,-114.7512162725552,1.0068477315120212,-0.025078936424473338,-0.5636069522415972
HDOK,PLOK,17472,8,8,-111,3,11,2,33,-112.20556692422984,-110.33806941531427,-111.93030596537001,-109.67336019353226,-111.11350134273205,-112.43113736794501,-110.85599280113298,-111.47326886164065,-111.77886232678425,-112.70276650477129,-111.9883115161837,-111.72527579829192,-112.22976935066022,-113.11806933075762,-114.40999043752717,-113.95836659820884,-113.1291187906902,-112.7338002173333,-112.82913710005465,-112.33686612777596,-113.10487365816624,-112.08626402700791,-111.33603146231414,-114.92865642798006,-112.87674929252259,-112.32471626163904,-112.74130112731741,-111.46674955754956,-112.1442663419019,-111.61299007205412,-111.87306190491121,-112.86889980782115,-111.74662019067272,56,-112.24462779099376,-112.20556692422984,-114.92865642798006,1.0892224321143396,-0.1984062335497566,1.1459915428440346
HDOK,PLOK,17472,8,8,-111,3,11,2,33,-110.39223085907318,-110.2601459620917,-110.7017247285659,-112.66572892235705,-109.7552484946869,-110.45199347738968,-112.13029594142994,-113.2899194951345,-113.96885275788941,-112.38724710097681,-112.73397175926168,-109.37864100366222,-113.68543826910373,-111.508802591078,-111.48572030915466,-112.53554793100244,-111.6985491342708,-113.08769549368355,-113.73709223995887,-111.18056730804551,-113.40649975601441,-111.79911022663013,-113.07790914340309,-110.88001083303148,-114.02626664007107,-113.84130669211541,-113.82326016503535,-112.08834831725534,-112.45657021758807,-112.63220596574527,-111.76084925878848,-112.77560069306158,-114.13194659224862,56,-112.23440297817591,-112.45657021758807,-114.13194659224862,1.7015641383417177,0.42436711468667493,-0.7166682592229416
HDOK,PLOK,17472,8,8,-111,3,11,2,33,-111.10394390173171,-111.17330105209072,-112.43674572142834,-111.11866806564133,-110.96587425015825,-113.64892836044943,-110.99718024479505,-112.52155888692035,-112.4379235227715,-112.40626826560218,-112.44995554418362,-111.84533275848035,-112.2316387570052,-113.52034061138349,-113.26898299842058,-113.84015240886916,-112.73113777198171,-113.1203267317855,-113.33795941254311,-113.13470335113118,-111.45117159812368,-113.63661038931893,-111.83783134573584,-112.13752339381408,-112.42066978821975,-113.59842460707021,-111.70770259976732,-113.23312423594209,-111.56321106641418,-112.52369242823293,-111.9630313327349,-112.74980740158543,-112.50912488253967,56,-112.41281356626884,-112.4379235227715,-113.84015240886916,0.7078503203865006,0.1116721831284595,-0.9781813062193003
HDOK,PLOK,17472,8,8,-111,3,11,2,33,-110.98504775877254,-110.93082362097726,-111.46112083661339,-111.49159406377171,-112.54964390281067,-113.44830064249946,-112.23969288531903,-111.76018822639605,-111.82600553942734,-112.93446318886711,-111.96407907234057,-111.38585190160413,-113.23635222107563,-112.542100099079,-112.92040258980803,-111.14314067641243,-114.0303806049974,-110.5450579744927,-113.21396683887383,-113.05506279580611,-113.63926638068111,-113.24732363636896,-114.04215156340034,-113.64796874465983,-113.48860168038975,-111.20167660645654,-111.45214482634267,-112.18002142794926,-113.89085566547377,-112.78208252725143,-112.12457253882322,-113.18403944516108,-111.76049338158005,56,-112.4334689049843,-112.542100099079,-114.04215156340034,0.9856055487707074,0.07942860061194844,-1.1923511282362926
HDOK,PLOK,17472,8,8,-111,3,11,2,33,-109.61657752682278,-113.05615584069437,-111.46576337826073,-110.32093416099606,-113.82158689666842,-112.1886922684855,-113.31382591264693,-112.03528984068099,-111.45115165254997,-112.48216647603778,-112.25917910357853,-114.32094233622934,-112.78695438149828,-113.2952699186054,-112.32205139277427,-111.4102677957262,-112.33879087552899,-112.0840738957253,-111.17892227245326,-112.94776074265329,-113.34162474654491,-110.87667528560007,-112.37983015571409,-112.9097510887753,-112.22999950287428,-112.64479619013245,-113.41549815994767,-112.63508245394273,-111.49878338486212,-111.41160996737997,-111.25318213981072,-113.17606597612642,-112.15366678178034,56,-112.26130068188205,-112.32205139277427,-114.32094233622934,0.9888045038254258,0.4439616385362622,0.4113582983743105
HDOK,PLOK,17472,8,8,-111,3,11,2,33,-110.4143816220054,-112.9148112991619,-111.86491543750377,-111.69302930911803,-112.15446801393841,-110.56525194542732,-111.91377060620403,-113.0370182149899,-113.70941114770288,-112.13498268824974,-113.75972242124357,-111.70960194323872,-111.3416092952304,-112.8568379401406,-112.58328601675227,-111.945433146562,-113.59986205614213,-112.17125041743066,-113.58636321574537,-113.35496925993998,-111.41016568841934,-111.05078335108529,-112.25528488658323,-112.2642441001211,-113.08794659205046,-112.46315521014358,-111.63189041285256,-112.67570533355074,-113.8672681503874,-111.8733743998093,-113.87541389792786,-111.47091541147554,-112.52707343478802,56,-112.35649081411884,-112.25528488658323,-113.87541389792786,0.8472781834722852,0.04960595704047763,-0.5949592135475443
HDOK,PLOK,17472,8,8,-111,3,11,2,33,-111.10446982338865,-113.35370301097643,-112.12583037650498,-111.22449070116006,-109.58993963364327,-113.44910562685116,-113.64963616955107,-110.9311513779281,-110.76505401775705,-112.53970966711273,-111.21311548465938,-113.46770755394004,-111.62270960525521,-112.25204028524398,-111.98844305401168,-114.28702745721964,-111.63999696863307,-113.9367439200286,-114.81297492840885,-112.60667790052315,-112.25880255367318,-113.18857463773948,-111.86911408619167,-110.64605586623195,-111.61288068158812,-112.15164369550831,-113.03529751585654,-112.05751740374862,-111.97163850041878,-111.74551619188202,-111.15768926740287,-111.56797554920868,-113.25172897526306,56,-112.21439280265186,-112.05751740374862,-114.81297492840885,1.2970048331585018,-0.21211365474160992,-0.09847302883556353
HDOK,PLOK,17472,8,8,-111,3,11,2,33,-111.43602459096316,-109.33152647508447,-110.33998383396565,-111.02524228349324,-110.38209875643696,-112.59325388443217,-112.74104198291055,-110.89701965801441,-112.25518745044114,-112.66016998904904,-112.15878994216206,-112.12249851038194,-111.18085069556217,-112.14606964448257,-113.58065781580567,-112.0173388370592,-110.92404388571879,-112.52943337029008,-113.14927072127584,-112.58399553249735,-113.41565454122029,-112.33465680301029,-113.5079919783207,-113.52044466414947,-113.87289222532083,-112.28042591352059,-111.9127360787009,-114.71647066054112,-112.13585718975298,-111.94725033110754,-109.92096163972045,-112.50846143772817,-113.0391905920322,56,-112.15659066409555,-112.25518745044114,-114.71647066054112,1.3715150590128975,0.35546216464466734,0.1651204797306134
HDOK,PLOK,17472,8,8,-111,3,11,2,33,-109.74965534288695,-111.12319177366766,-112.18402640396145,-110.5558120771615,-110.25081129271419,-111.54603827235769,-113.94445209716302,-111.17787192392024,-114.57022255608553,-113.1222227245392,-110.8090156785923,-111.684552419433,-112.99586376492924,-111.89215471840994,-111.7042027173227,-110.91651836677406,-112.43507411013566,-111.88132401623125,-112.45569835485763,-111.24803495561822,-112.0294569143299,-111.1831859504993,-111.66915032770737,-112.2535710331325,-111.19242201697246,-113.81957164096187,-111.46470082662995,-112.05971152915252,-112.29329269649203,-111.93736461251905,-112.98638989671672,-110.96588113913361,-112.5514144913462,56,-111.89857141340471,-111.88132401623125,-114.57022255608553,1.075497165897132,-0.5139273885161517,0.49742088947401664
HDOK,PLOK,17472,8,8,-111,3,11,2,33,-109.69631806539662,-112.88759395370154,-113.19288418051353,-110.962081900967,-112.47079504920954,-113.52043342790795,-112.18709821925172,-113.51200789847682,-113.50450488760501,-113.38101638242934,-112.70496315548692,-111.13421400333256,-111.94919354464925,-112.35264602544152,-114.49670934597876,-112.10453532347192,-111.7736034770105,-113.17138969394556,-113.20634519215211,-111.57850365799537,-113.24189710753771,-112.54241339463837,-111.8913391515134,-111.80990293940587,-111.35653199332795,-112.63194312266126,-111.2509519465477,-112.34653546704688,-112.19410711351952,-109.2774106142295,-113.35057681188295,-110.03418964895943,-112.2543760700958,56,-112.24148523534211,-112.34653546704688,-114.49670934597876,1.3015938375890788,0.7366742621797747,0.6628385237646559
HDOK,PLOK,17472,8,8,-111,3,11,2,33,-111.98929164215946,-112.08221514606485,-112.28788761626635,-111.51709729234202,-109.38316069125239,-111.94963157799776,-112.67423111179833,-111.36140403197807,-112.71689612055725,-112.87171027737432,-112.65591673449183,-112.29004152560341,-111.0154360061919,-111.61646548118848,-114.53601418548715,-111.66034383538545,-111.92457282379837,-113.09294711083028,-112.44123873049897,-110.70511992276995,-112.35318615457194,-113.34959119947501,-111.21794115375513,-112.33269447523855,-113.34281806614027,-112.35183217018688,-113.13110210920367,-111.08412485760311,-112.52758962152458,-111.97121427268729,-113.00995334325363,-113.06163710681086,-113.38107796808515,56,-112.23898134432035,-112.33269447523855,-114.53601418548715,0.9006443465295749,0.5088280386657853,1.6407369278308628
HDOK,PLOK,17472,8,8,-111,3,11,2,33,-110.79202921054612,-110.19447618163545,-112.2103820738757,-110.86473370305636,-110.2784912601703,-111.55334654586655,-114.91628406268056,-111.50144098851908,-110.9941506533028,-111.79638718206265,-112.11410136625358,-111.41376178009985,-112.66966091536159,-112.00589782290584,-111.64197744294214,-112.23386430527299,-111.19234518088182,-114.19210646751574,-112.61109907481155,-111.60595115409244,-113.7930276146124,-111.01344706425432,-110.92248023747429,-112.0263649610476,-112.54912564081897,-111.29882677648345,-112.59753712036976,-111.3269449509151,-111.82591888825009,-112.15848920887478,-111.50742905095085,-113.15819068136635,-110.17220379005909,56,-111.85249919264639,-111.64197744294214,-114.91628406268056,1.1276273517345863,-0.9226822431188239,1.2313643226660083
HDOK,PLOK,17472,8,8,-111,3,11,2,33,-112.22117810458583,-111.28478802981552,-112.76659609432167,-112.44411729162924,-111.77911134032676,-112.37149921178072,-113.21489391911571,-110.55273108288084,-113.02121273706409,-113.67016442858726,-112.25257575122838,-111.08980363683003,-112.68455987751865,-112.73718645664269,-112.31946083191217,-112.6072196638035,-111.98349266034556,-112.43528378803046,-113.39599417065212,-112.091208862426,-114.59308593297683,-112.64551375033099,-112.1274770571984,-114.68426659101333,-111.76337750581567,-111.14213310789742,-111.62479442024102,-113.73326462202822,-112.94621137765151,-112.55644253856283,-114.60729907735642,-112.72550681386373,-110.81509426403113,56,-112.51174378783229,-112.44411729162924,-114.68426659101333,1.0014376450645968,-0.3681552720366051,0.21674811233053326
HDOK,PLOK,17472,8,8,-111,3,11,2,33,-110.33088093625544,-111.16621733499228,-113.28982395084867,-112.16793686369222,-111.39639742614959,-112.65329657838309,-113.26477480199178,-114.17584471661947,-113.54903598485551,-111.11009451190048,-112.82967602565797,-111.17902049315265,-111.17207154656835,-111.55330248454642,-112.50964423408182,-112.77660659819873,-113.30001492537683,-112.65836108961484,-114.8443348921978,-113.55211377357874,-112.95674183947561,-113.32004018006545,-110.45844654358089,-112.11443658433645,-112.20091102382833,-115.25250226321606,-112.55263785497783,-113.13217151670896,-111.25273009754333,-112.12412740757549,-111.62412894871183,-115.09179170637962,-112.38786915338416,56,-112.54387831177114,-112.55263785497783,-115.25250226321606,1.4890738494762514,-0.36219977728893216,-0.1282691218409706
HDOK,PLOK,17472,8,8,-111,3,11,2,33,-111.7152407250487,-109.92739635420112,-112.84967031513317,-112.52729026053242,-112.26461128904296,-111.81945811765013,-113.4868045039432,-113.72173006203212,-112.7112759321152,-111.62344046859477,-112.85471431508982,-112.5300663521056,-113.18214003356023,-111.8561667795125,-113.5033955199342,-113.03284826098586,-113.62784565076134,-110.98618243463619,-114.2826491244455,-114.63309944655342,-112.83903942554029,-111.36892449325433,-112.20627647795585,-111.81300421205192,-111.10496779479764,-113.67826576121948,-111.44900866522593,-114.17486448817917,-112.68365747875008,-112.00610696336196,-114.5909122626567,-111.03951035670983,-112.72927092714343,56,-112.57029803796135,-112.68365747875008,-114.63309944655342,1.2306910683397239,0.0705797102497719,-0.32099285133548516
HDOK,PLOK,17472,8,8,-111,3,11,2,33,-110.85533547019001,-111.25480700878335,-112.03209883328184,-111.42554103199834,-112.31292374279228,-114.2610973731525,-111.80602928734413,-113.88140687083059,-114.03270929044567,-113.67223361328385,-113.65878482556265,-111.0562305808606,-112.47926293957121,-111.62568976012992,-113.52339381877957,-112.09964104289908,-112.12432347223799,-113.24434961745497,-112.23076725086284,-112.37600546039205,-112.57592565224736,-113.46498146291141,-112.58301674815836,-112.63286903981759,-112.34595709165761,-112.58099787064177,-113.24093901630859,-112.018112183721,-111.51342492411611,-112.70862027686834,-111.47090105518673,-112.8749479184886,-113.61438496676521,56,-112.53265786356792,-112.47926293957121,-114.2610973731525,0.7956788704480553,-0.11125871774086764,-0.8084410882030895
HDOK,PLOK,17472,8,8,-111,3,11,2,33,-110.86586661942725,-112.94100901067098,-112.84336414063687,-111.96151560669841,-111.37244960517242,-112.8979112908284,-113.05638062366125,-112.42860828948668,-113.22904176177757,-111.45817991003663,-112.90661784689092,-111.71607666174502,-112.33618233814695,-111.68360312793689,-112.64180871294647,-114.11681770250827,-112.48146751254234,-112.47680950743374,-113.23137689958158,-112.56052647249935,-112.37234895365927,-113.35391214385419,-112.64595789832372,-110.94201722737444,-111.96491128816324,-114.9945209202301,-109.9491185834923,-113.04747357740771,-114.26820131536415,-112.53446070266592,-112.90862744314636,-111.88565598184894,-113.61235900080722,56,-112.53591450536261,-112.56052647249935,-114.9945209202301,0.9896219446221689,0.11874547630270367,0.9626269411868473
HDOK,PLOK,17472,9,9,-112,3,11,2,33,-119.0029052524269,-114.68662574850624,-112.3930117460132,-110.77676453986693,-114.19178578576694,-112.80673790663553,-111.6409595910483,-113.14195343434316,-112.47720887418103,-112.43750996924007,-114.31074192478314,-112.07852053791125,-112.6430037315864,-111.58839504353331,-111.48634963011439,-112.27362497223515,-113.05414730572853,-111.35994193929572,-114.22786904484707,-109.58292360980312,-113.7490092724018,-111.62314562558068,-112.21438810020189,-112.5337813891044,-112.89382876182412,-114.00836077327612,-112.99194533813979,-112.12763923898589,-111.6092860444664,-112.25181166123475,-114.06279717039484,-113.23207436000185,-112.58883937434241,56,-112.789329930237,-112.5337813891044,-119.0029052524269,2.392432913212538,-1.7759059564580668,6.980652008402625
HDOK,PLOK,17472,9,9,-112,3,11,2,33,-116.74582028644771,-112.99753310024828,-113.97415456118759,-113.3720162023355,-113.62374073236533,-112.96977325047303,-112.58296175570955,-112.64266356724725,-113.87460999231418,-114.11783818872381,-111.5832907085637,-112.65149030729425,-113.31040555154577,-111.38280495601951,-112.20504923053682,-111.13092520971863,-112.04540670098348,-110.44846537242358,-114.11356742312252,-111.64723649240095,-113.13579746249074,-113.44699952102147,-112.10744483925964,-114.21494289554346,-110.70467916538914,-112.10732549212773,-112.55069556097772,-112.5501488258932,-111.67264870916685,-113.07336174204819,-111.16668981234108,-113.21194598048494,-112.34238841044777,56,-112.71832793960164,-112.64266356724725,-116.74582028644771,1.4918133401302152,-0.7807101684434934,2.183937353159901
HDOK,PLOK,17472,9,9,-112,3,11,2,33,-117.16476052324349,-112.98549646527353,-113.8625436408034,-113.88216990047215,-113.42899017744294,-115.46723551676756,-110.79824267747428,-114.31434230163184,-112.65069870833952,-112.08697513307058,-111.22559244173527,-110.99471171797842,-113.30769992408302,-113.47567657706396,-113.2601018522745,-110.82187165542273,-113.25840958096161,-113.2034909875342,-112.47850535575047,-111.83868358980801,-111.81594992277081,-113.89249142692417,-113.78559121530992,-112.08335798654528,-112.10023251811262,-112.69504822512452,-111.76025585221026,-113.06505657455261,-113.0509663203195,-112.77549932787603,-112.36351819785824,-113.05253651811817,-112.7461002980135,56,-112.89978191245054,-112.98549646527353,-117.16476052324349,1.6058999311602442,-1.025995975129925,2.839997122386666
HDOK,PLOK,17472,9,9,-112,3,11,2,33,-118.19759617029275,-112.70648446786738,-111.0307383127228,-112.80955084875146,-113.04010438311147,-112.71110210040408,-112.48146464716451,-111.72795690315007,-111.3334506986627,-113.13341990844775,-113.48841459717569,-113.70800006947165,-112.3431032972681,-112.0488567275829,-111.54711316967773,-112.05059194948387,-111.09914916647013,-113.8270656421483,-114.8756788935261,-114.22613783149492,-113.02259313524684,-111.53782325138218,-112.84700641349734,-111.57818280756814,-113.60504153910995,-113.26531741804527,-113.5769710215918,-113.93711500921292,-113.80908256255358,-113.8937242043943,-113.66115096103155,-112.98214196889408,-112.06849579765309,56,-112.97486745075928,-112.98214196889408,-118.19759617029275,1.7805577700993644,-1.6557999282293583,5.798140009074741
HDOK,PLOK,17472,9,9,-112,3,11,2,33,-118.58096420280404,-112.86071008093498,-112.2337534477527,-111.87746263539805,-110.88649007161972,-113.26203180003976,-111.02702764894082,-112.27426450756788,-111.57534321072383,-112.35271584586188,-114.34622594749466,-112.42539297273504,-112.48782278839462,-111.87805631000776,-111.1827835770491,-110.79744254204537,-112.92089345758798,-113.01592676116336,-112.95626029201227,-112.83415740601909,-112.02783428024324,-111.61585866461584,-112.33088953497969,-113.15727161171604,-112.13229297339709,-112.04460283212981,-112.35166944162421,-113.6548269449722,-111.77852723550559,-114.42283438695664,-112.50360593127796,-111.03697814162061,-111.20692949791997,56,-112.4860559691852,-112.33088953497969,-118.58096420280404,1.9464674526613057,-2.5859031588021786,10.168185131388094
HDOK,PLOK,17472,9,9,-112,3,11,2,33,-117.72943922804859,-113.06411329402954,-114.93516618897804,-112.44013858314493,-114.49990630213638,-112.57285095490823,-112.56484381384067,-113.52451033211436,-114.947317410758,-110.49772813505047,-112.33221693745726,-112.83334333958078,-112.87218147697367,-112.87466262783413,-111.34608049115995,-110.93051764393168,-112.7346432093722,-114.27540227002875,-111.30569971095387,-112.34791711050738,-113.47180246818371,-110.72765524332662,-111.67807547418374,-113.19958413766093,-110.71032824058057,-112.55518689686421,-113.36063633834635,-112.67053722536471,-111.24294296382867,-112.45963994042776,-112.7851530882632,-112.38671902215613,-110.89499690712515,56,-112.69005869718548,-112.57285095490823,-117.72943922804859,2.115513497892248,-1.196386481073795,3.035172731566027
HDOK,PLOK,17472,9,9,-112,3,11,2,33,-117.5874219437964,-113.8083005053668,-111.66284731552528,-111.21658392592657,-113.2505154968242,-112.02954878264397,-114.17897741333347,-113.78386313270786,-111.9650576749883,-113.61108200294636,-110.98636970652078,-112.40583063826898,-112.39979176049316,-112.24400684299515,-113.51774720917281,-111.75098189088884,-112.76078957836842,-113.03724984198878,-113.33762061351821,-112.65591484619233,-112.89834972822992,-112.49040733875601,-112.27561808559182,-111.49577881234067,-113.44875106329971,-114.68351580149525,-110.54071455340704,-111.00537910633281,-112.94064199225338,-113.02189069188202,-113.4173465095833,-110.92431943084797,-113.13861927227636,56,-112.74157071238672,-112.76078957836842,-117.5874219437964,1.7272725876396284,-1.2947364436980158,4.276054289218777
HDOK,PLOK,17472,9,9,-112,3,11,2,33,-116.50079435292994,-113.11723309422923,-113.68227438087341,-112.61193125698937,-114.02172959233785,-111.71368998275157,-112.88720094667677,-112.97267080077219,-112.57844081248204,-112.53179679507463,-112.04318273802042,-111.96418300204485,-112.56277695202583,-111.11565831327788,-112.71109212933406,-112.16351873897145,-110.79968920271396,-113.67738138900211,-112.29458686927029,-112.64771595988634,-111.88031887376714,-113.26941335231518,-113.95366492792384,-111.29856931820689,-112.89714633380942,-112.1535770277645,-113.409738091078,-112.71121267267925,-113.26094166054138,-113.3996116640409,-111.73129526137359,-113.4292581710287,-110.63819729400836,56,-112.68577248358189,-112.64771595988634,-116.50079435292994,1.178182655333938,-0.9546002802770808,3.42482255322193
HDOK,PLOK,17472,9,9,-112,3,11,2,33,-117.18706011751611,-112.16454618133481,-113.0238424955087,-112.88242582671502,-112.39567283656085,-112.77331991600148,-113.12133625918,-110.277060660003,-114.73716731013216,-112.80270785034114,-113.59177706111403,-111.4530939807161,-110.69452217359668,-112.09731381317896,-113.55594261658655,-114.62475170068313,-113.6175663555684,-110.23020747056826,-112.33801256434342,-113.4188166088346,-112.70813590308337,-114.7258478368735,-111.28831810501137,-113.68171348425348,-112.1962108915709,-111.02045818872097,-113.24156248566038,-113.40671427812647,-113.46295927610521,-114.86664472293029,-112.66422534474839,-112.08622383685632,-111.4725923668764,56,-112.84268940967581,-112.80270785034114,-117.18706011751611,2.0316547601577133,-0.5551903405479683,1.3931694920471425
HDOK,PLOK,17472,9,9,-112,3,11,2,33,-116.23087060458084,-112.2236045554745,-110.63258247564566,-110.73930258162567,-110.47297802604544,-113.10484530744424,-112.99996239874379,-112.80984243997354,-111.35503144633155,-112.88556929314534,-111.89791731108066,-110.8640317052783,-114.65665154481104,-113.05726910770703,-110.61818840756771,-109.79841071364368,-110.61401261264652,-113.32372094356022,-111.49214994089769,-111.77843188021659,-112.67321181150024,-113.04765199256465,-112.82454693281576,-112.49508156496391,-111.78424467791261,-111.77665119712212,-111.8519264267287,-113.05032366132559,-112.8648624113718,-112.63720049270111,-112.059824594197,-113.77420023481218,-113.32413840705078,56,-112.29452235459051,-112.49508156496391,-116.23087060458084,1.664378203033515,-0.5667654597125644,1.3701825428135979
HDOK,PLOK,17472,9,9,-112,3,11,2,33,-116.77658805919084,-113.1482104948868,-113.45829061754485,-112.79008833835408,-112.17219775709081,-112.24078984207695,-114.27636587493825,-113.16206578546941,-114.12065727236002,-113.04638558992106,-112.94732552002655,-111.60687472131438,-112.4303030144272,-112.34784790507513,-111.20461774579351,-111.00922833490053,-113.1918362581824,-111.3910472134048,-111.28949865730527,-113.24407819061396,-111.02285126972083,-112.19538968290536,-111.26426303750004,-113.02424825761364,-111.59544508802516,-113.62431962204501,-111.31775628106287,-113.02929940477725,-111.63451592454243,-113.9942090522521,-113.36781557155489,-111.94738238136543,-113.02950665833845,56,-112.63337270983577,-112.79008833835408,-116.77658805919084,1.4130101844559133,-1.1331160130532205,2.842283639688818
HDOK,PLOK,17472,9,9,-112,3,11,2,33,-116.85532725735051,-114.18336856891376,-111.94036688378432,-112.4453795349713,-112.25077894615356,-113.213386028166,-112.28794754331216,-112.08167025806776,-112.31843067555727,-112.74122069427507,-112.5444560887844,-113.63871972435335,-112.0574559517955,-111.2933999377599,-110.91553750411232,-111.95925269513482,-112.71562748366532,-113.73748081171806,-112.01239298290524,-111.6420558161669,-111.64039765315451,-113.84113346803846,-112.68478582346427,-112.10851689242074,-112.64916333151851,-111.45730976658558,-112.63625394424696,-112.6168821437059,-112.62394699879718,-112.77548605433132,-113.33971355941425,-112.42554641321064,-111.57626710250454,56,-112.5821108647982,-112.4453795349713,-116.85532725735051,1.1092507914343726,-2.0535753818864264,7.108000243423557
HDOK,PLOK,17472,9,9,-112,3,11,2,33,-118.74293024272913,-111.12899666153099,-113.4184045218361,-113.1630803480441,-114.40520765638188,-112.72715326496427,-112.87932568821002,-112.5226567940396,-112.81806731370143,-113.5734635343431,-111.53680568880384,-112.87684147521287,-111.77267740055389,-110.98206102865224,-112.70196143814222,-112.69530616355024,-111.77516919890044,-112.54166358443335,-114.15477001487696,-112.23977185213553,-112.18616696306839,-113.11981668112507,-111.48269417888955,-114.31529832546157,-112.47859745461356,-111.90156962373108,-112.9158328123491,-112.4244659746386,-111.43795810663497,-112.98182483568299,-113.78149836592887,-111.4279564667581,-111.42216837074363,56,-112.74339884941418,-112.69530616355024,-118.74293024272913,1.916351091596934,-2.4709082305087717,9.7062436047055
HDOK,PLOK,17472,9,9,-112,3,11,2,33,-117.86631756625948,-113.64887065647962,-111.83457039789519,-112.30329246065074,-112.21198531306396,-112.79039223918349,-112.82348565524852,-113.32344472804714,-111.79817897773331,-110.00268024477278,-114.23321553126299,-112.62333161705035,-111.99137300167655,-113.09820379845304,-113.55639566890663,-112.45870805315664,-112.66707360406156,-110.58606408362222,-110.35924909484125,-111.56403729071667,-111.73487972330054,-113.99992021336,-112.4669612291715,-112.36760484036911,-112.5539534579541,-111.14318088207123,-111.55724667234945,-111.3341074369832,-111.98199601635349,-112.6464225400244,-113.19299515414082,-111.70206419792773,-112.87359437539693,56,-112.46350899159046,-112.45870805315664,-117.86631756625948,1.837253604567258,-1.704650693368081,6.649866997189468
HDOK,PLOK,17472,9,9,-112,3,11,2,33,-116.14390543827359,-113.59245505933222,-114.29394568212867,-110.90101729990259,-111.01953898074767,-112.07566949152672,-112.61942768256627,-113.16315562652136,-114.13909326585956,-112.45062911353509,-113.0483033245466,-112.59135233520396,-113.10182505113546,-111.73383014912395,-111.63733208448144,-112.99543077376022,-112.80730936523237,-110.6933938814325,-111.62189050831446,-113.54194388141165,-112.71122928220217,-113.20501649943253,-112.85187089528458,-111.93406269393805,-113.26899784518478,-112.76504250630377,-111.61022973505875,-113.266837120258,-113.45568966331888,-112.80887620577559,-111.04901376981104,-110.95361590202617,-112.63150773886805,56,-112.62677087431815,-112.76504250630377,-116.14390543827359,1.249809406296936,-0.5817789457290042,1.6039275466072227
HDOK,PLOK,17472,9,9,-112,3,11,2,33,-116.64088682130391,-113.47365590933549,-113.25608025081544,-112.37519360479642,-111.75569052535083,-114.31797782213053,-113.3398717763587,-110.91906027255439,-112.57263140452292,-113.65898794435786,-110.58066225907672,-113.4708824968642,-113.0172078232023,-112.87454208937174,-112.70236719396917,-111.00664088898057,-112.27259052024719,-111.7315689318255,-112.08137244410469,-112.32311635087963,-110.899846433243,-110.57256110862039,-112.28692595852387,-111.97667539366081,-113.03358189543397,-112.85607848332789,-112.44876053186204,-110.7882471506178,-113.07211849085176,-112.4410518802286,-112.24426142311867,-113.3841516897491,-112.00716132066682,56,-112.4964366390895,-112.4410518802286,-116.64088682130391,1.4123628131988226,-0.9714415156365208,3.1935169361624802
HDOK,PLOK,17472,9,9,-112,3,11,2,33,-117.1494756842791,-113.82052599481806,-113.05619606846666,-112.31133069403344,-111.89768690104398,-112.99493512934094,-112.70615660972248,-113.64041982207947,-112.06608283831542,-114.1176758800371,-112.81516920796476,-112.97342372488897,-111.59056390014466,-113.1300316641985,-113.18067536335576,-112.53393456289065,-111.76000557464525,-113.14494403678297,-111.89450754062919,-112.5496300291695,-112.60061833923554,-111.14225341402452,-111.91085956352063,-112.97554407243017,-112.253643558791,-110.23997394494604,-114.00897128228577,-110.82404215412791,-111.99666465092231,-112.32730383801172,-113.03637499772657,-112.11896749204831,-112.349580397121,56,-112.63994451309085,-112.5496300291695,-117.1494756842791,1.3509199089584896,-1.4939191554181515,5.968001911774758
HDOK,PLOK,17472,9,9,-112,3,11,2,33,-117.56454883863404,-113.09374942499396,-111.88974405834911,-113.01828206297617,-111.56179651389046,-111.3763814969919,-112.7215082566404,-114.29135656027705,-112.49401551042678,-113.89183352747804,-114.49347306600278,-112.33772544616042,-112.11606559655166,-113.64916815772509,-112.20655681880835,-112.95508111694538,-110.51983444835777,-113.72751403648837,-113.50757588881187,-114.6068825707607,-112.52959187667963,-112.70963820235244,-113.1538686597394,-112.35772548741474,-112.62560321493461,-110.67564041422428,-113.54132512093972,-112.59628004511296,-113.20017031624148,-112.04278759937404,-113.28422894155199,-113.10688544098123,-113.57562488340707,56,-112.95219586667349,-112.95508111694538,-117.56454883863404,1.565051709578527,-1.209899233950706,4.59343718841985
HDOK,PLOK,17472,9,9,-112,3,11,2,33,-116.1524946151527,-112.06100974363355,-113.4871255063692,-111.24344165783403,-110.93780301003133,-111.891270438565,-114.50288581754147,-113.57850426859237,-113.52004608788462,-111.92093187181563,-112.0592442878987,-112.86164373040764,-115.88296464487227,-112.68989512395207,-112.40103036373604,-111.11768531754151,-111.99896670975939,-112.7777938168233,-112.13479347424027,-113.0336388047017,-114.45929312931479,-114.35710499746435,-113.46012331903775,-112.82594572010558,-112.62487160898125,-113.52678958561168,-111.81681359600016,-111.73638815491398,-112.44791757096458,-113.6448309059265,-113.94029152200844,-113.38659331590351,-112.34353946385492,56,-112.93405067216486,-112.7777938168233,-116.1524946151527,1.4647707323588728,-0.7971225094800664,0.7249766800297848
HDOK,PLOK,17472,9,9,-112,3,11,2,33,-117.9505672425481,-113.77499054585547,-111.7352319410442,-110.43246606123842,-111.05626953542688,-113.29775384645158,-112.74723383339919,-113.72790091491375,-114.07377752832826,-114.63840607814957,-111.49007961581535,-113.8571538987924,-113.5927639054119,-112.6797754260211,-109.79792620400131,-113.25263168102927,-113.53973109094538,-111.69957995009965,-111.31600728673922,-113.27833861211923,-112.08284543007824,-111.34087485406425,-113.60182712123398,-113.6305403765481,-113.01074643559447,-111.53673524038027,-112.94865386528825,-112.30390352635426,-111.51068167380625,-111.77217810925819,-113.11729019056914,-112.46983348075429,-111.63187558085195,56,-112.69383548736701,-112.74723383339919,-117.9505672425481,2.12305236701732,-1.112919169942098,3.848834024640109
HDOK,PLOK,17472,10,10,-111,3,11,2,33,-109.08203348714247,-113.94174404694864,-110.76184007173043,-111.28153160506936,-111.54963689950849,-114.60069278188637,-113.29894198959313,-111.50630925289883,-113.28289492554782,-113.04023438960253,-112.35238119732311,-111.73044904771632,-111.9982838478096,-113.49692915074749,-111.36639683711878,-112.6036845838603,-111.92694743161647,-110.27204432368397,-112.76219983274108,-111.86240689913255,-111.57097771494564,-111.3822126135918,-113.30279173288156,-112.62980939835084,-113.34485574693177,-113.34193384930259,-112.3657659392268,-113.62321447955085,-110.76269427383193,-113.20018528254631,-112.1359516601666,-114.12628619767354,-113.54472035218444,56,-112.36512066190494,-112.3657659392268,-114.60069278188637,1.4330143880498643,0.505704544641332,0.23942613560387205
HDOK,PLOK,17472,10,10,-111,3,11,2,33,-111.10616386740556,-111.74590626886797,-111.27887282044468,-111.73517129171886,-113.31649928927334,-113.35193795818996,-114.42467726556683,-111.38588087323069,-112.38558520037887,-113.31046602869336,-113.71985603872264,-112.05113501177797,-112.96716264538009,-113.0241183028511,-111.20373080766396,-113.66590010402237,-112.64519145455237,-113.38820954691869,-111.19825739667374,-112.8474367784609,-111.60730428211649,-110.52891277521137,-111.39961259560393,-112.44172309982805,-114.04780194931983,-113.92613084351679,-112.36665017445411,-112.35949321071205,-112.96225473437947,-111.73881895679969,-113.32779004249115,-110.91318204263537,-111.36415984390824,56,-112.41624222732636,-112.38558520037887,-114.42467726556683,1.056402804321511,-0.07012979459949166,-1.1065618715361132
HDOK,PLOK,17472,10,10,-111,3,11,2,33,-109.61210260939858,-111.37711957370615,-111.55407934833495,-110.50179087225787,-114.04703004032578,-114.50513034760546,-111.75973323704604,-112.97697473178965,-112.06501990159609,-112.3479492186247,-111.44060405937186,-112.31473316477965,-112.6472253358366,-111.46166326846917,-110.6923032263613,-112.49882535406762,-111.95785294564726,-111.59363288996634,-112.62308430254117,-113.39794472372877,-111.87321626520216,-111.47791157525221,-112.52196326469812,-114.06404874998545,-112.00100279595988,-111.24869320851444,-112.98841797797996,-111.73723898639423,-112.62755073330126,-113.07380411983448,-113.2070891232827,-112.98547101004928,-112.18036592665166,56,-112.22307796632005,-112.18036592665166,-114.50513034760546,1.0461603842820308,0.03657355680818388,0.5126168545402265
HDOK,PLOK,17472,10,10,-111,3,11,2,33,-107.82915852939522,-112.27075682941798,-112.25721638368547,-111.71302631834673,-112.07903824784728,-113.47552046499473,-113.66366697746805,-113.69228926263786,-113.99512094665009,-112.38669688923132,-113.20528242068534,-112.31408827487013,-114.46177536473117,-113.21637823483096,-111.12905762568872,-110.16847974851007,-110.88197237746478,-110.2514802620708,-111.41287290286849,-112.47416413917884,-111.42521608172187,-114.27635770972658,-111.6586849085694,-112.84021451511869,-113.22762186089861,-110.58110107870394,-110.25845266215991,-109.92499716829936,-114.0285630304622,-112.58326203075596,-112.68704703439754,-114.23914109357064,-112.48164893891185,56,-112.2148591004203,-112.38669688923132,-114.46177536473117,2.2268835419471618,0.7415077892236928,0.6521583143048466
HDOK,PLOK,17472,10,10,-111,3,11,2,33,-108.8983633083536,-113.27867860677976,-112.18792235087669,-111.43367990093459,-111.56995416849543,-113.58674083103618,-113.0028676274421,-112.22976449311633,-113.28340402169164,-112.96759384340281,-111.12446878377295,-111.23203333527525,-112.67695067900573,-111.80470248591918,-111.94548657751649,-113.25147580354002,-114.50549857191668,-110.82485484527733,-110.67498161844944,-112.15716655535898,-113.57194275979322,-112.4432587010066,-111.92071097120521,-112.9879428181346,-111.57115232607299,-111.54922310138132,-112.15958735904226,-113.45771891254716,-113.98413183597611,-110.90359378676592,-113.39174311595609,-112.55427221706618,-112.06817540143435,56,-112.27878914286497,-112.18792235087669,-114.50549857191668,1.2674756717797178,0.5680286412097081,1.0115624462021766
HDOK,PLOK,17472,10,10,-111,3,11,2,33,-108.48913317962658,-112.96368055825499,-110.06039993686636,-111.23129223570014,-112.82090342068632,-113.0315323382407,-114.50158756357646,-112.05652588925113,-112.67242314528481,-113.24136280405942,-113.02527089906809,-112.91454077663613,-111.48149031963878,-111.38611783299814,-113.36851263310885,-113.51241812356837,-110.90557257118778,-111.22909620914481,-112.59533545458564,-112.45376809262372,-113.14606957626972,-111.98534110071235,-113.57831377985359,-113.10053321218258,-110.40653841505785,-112.82312251207644,-113.83279178290388,-112.09905888586175,-112.15839687314391,-110.97048818345276,-115.2457133274237,-112.41668886255344,-110.72750089410806,56,-112.316106708779,-112.59533545458564,-115.2457133274237,1.76856095130894,0.5457979177566612,1.0203409972918993
HDOK,PLOK,17472,10,10,-111,3,11,2,33,-111.15819568101925,-111.15807265636597,-113.49396012774184,-111.43002839844185,-113.80951104289296,-113.39287631597445,-112.95344707861555,-112.16615897598274,-111.82595955991886,-113.00783560706996,-111.9562752645769,-112.92537962615886,-113.25283018669181,-112.4432389926854,-110.51865277643644,-113.13268000842774,-111.09494414550261,-111.07339800502047,-111.79579678211871,-111.95934584753894,-114.31328282682686,-113.38456830157803,-111.44119295089457,-114.13946078961595,-113.09924781035716,-113.751514844541,-112.59747969392855,-112.66617648417619,-111.40197971982663,-112.97593143247114,-114.356613313712,-112.73663105662872,-114.03996008831052,56,-112.58947352703176,-112.73663105662872,-114.356613313712,1.1009040299862896,0.12307641586958584,-1.0095623589653315
HDOK,PLOK,17472,10,10,-111,3,11,2,33,-108.58601867783322,-112.51428070049025,-113.30438446451747,-110.96749817692205,-112.67786170582352,-111.70602286561112,-113.2199340442302,-111.4327271429398,-111.75231716965631,-111.84170504535638,-112.10066974154367,-113.12925371280117,-113.59038916665573,-111.87312746522375,-113.24673672010913,-110.90145405756587,-112.59284517897598,-111.92332846589473,-113.37487794549628,-111.79470628662374,-112.80173136362903,-111.1734700763162,-110.09860913190724,-113.86076987743004,-111.09894941823235,-113.86871154861358,-111.4319932150145,-111.32615304720902,-112.21446027784934,-112.77648624559923,-113.09168896258711,-111.16877568542779,-112.95672302147864,56,-112.13329274562315,-112.10066974154367,-113.86871154861358,1.2835246971366898,0.8273764384994013,1.3439306951573262
HDOK,PLOK,17472,10,10,-111,3,11,2,33,-111.66061505832198,-112.434521986956,-110.81934183129282,-110.6547433326745,-113.694154040899,-113.82421153156719,-111.92241514999434,-113.53748358801032,-114.48544165172476,-109.9080876770565,-114.81995218168161,-112.13542655422856,-112.62547248621482,-111.48236048693549,-112.48724090908095,-111.97066873497249,-112.17777037843763,-113.26151291546373,-114.00858255547608,-111.55086526497882,-112.8641047369146,-113.07515272106224,-113.1190760962496,-112.22938931357564,-111.76093699502265,-110.98501328536175,-112.89680370124043,-111.17901769681983,-114.22851507842566,-112.95827786522379,-111.69231641154627,-112.03043821627472,-113.07601110970731,56,-112.471391561921,-112.434521986956,-114.81995218168161,1.3010376841032238,-0.017223666626957974,-0.33039960163501503
HDOK,PLOK,17472,10,10,-111,3,11,2,33,-111.57783564187903,-112.17753843714546,-111.64686378943203,-111.5196026834324,-111.64190100212107,-113.33909111658978,-112.27394631924099,-112.66928504721811,-112.09966683502867,-111.9041753991474,-112.94329365988025,-113.83145835058335,-111.61432050492407,-111.79061711793177,-113.49389907597526,-111.13721022408004,-111.00728132703635,-110.7803165985996,-111.94187585268983,-112.8846392385508,-111.89687373027803,-112.1815407749246,-112.48411051313688,-112.0200866537093,-111.91344594949919,-112.39437976855683,-113.97984360642903,-112.4833333192469,-112.45628201026518,-112.27420400163327,-111.2448030674406,-112.77876008477328,-111.29501666132816,56,-112.1720454049305,-112.09966683502867,-113.97984360642903,0.5841137103274249,-0.5479425188653251,0.09189174623066876
HDOK,PLOK,17472,10,10,-111,3,11,2,33,-110.42557636226265,-111.59090845139202,-111.02528797647622,-112.58169694627144,-112.76352368360034,-112.15791121985019,-113.4074670769331,-111.69737557587644,-113.3363734920844,-113.77508577761364,-111.51433531786127,-110.24578646539206,-113.19232133556562,-111.98560741714888,-112.11461182303253,-114.41554695688139,-113.69081177774437,-111.79848604534993,-111.20005231149503,-112.02741638295294,-114.5463794262028,-112.60874291822032,-110.24297913178329,-112.9946022726716,-111.52782999757571,-111.56369822590024,-112.77302400903447,-112.12533516352866,-111.63374404609417,-110.54136272601978,-110.46024174612018,-112.00988487607854,-111.7282658421846,56,-112.11219008415753,-112.00988487607854,-114.5463794262028,1.2704157859720533,-0.28112576068924455,-0.3773824561079464
HDOK,PLOK,17472,10,10,-111,3,11,2,33,-108.94912636287091,-110.58578093519263,-112.06822809777486,-111.19004237881585,-113.09385690703806,-112.6846564763022,-112.30794858565933,-113.89668823197,-113.17503533752192,-112.2766801267909,-110.69119552937643,-114.29334223626932,-111.69760344139601,-112.17879360220601,-110.99518354863153,-113.2287603692165,-111.07210560978933,-112.13962459869155,-111.92220658969326,-112.60873773020874,-111.88386698368058,-111.67163034385565,-112.28033197076061,-113.32023944537471,-112.97792513108712,-112.81595316948527,-112.06048670914194,-111.70507924001427,-112.71888658052585,-111.16638254588426,-111.26582415017295,-111.99992487928778,-110.34501263481036,56,-112.03839819634837,-112.06822809777486,-114.29334223626932,1.144014371297806,0.44940585799474364,0.9671855545962011
HDOK,PLOK,17472,10,10,-111,3,11,2,33,-109.57647112202223,-112.7974531385273,-113.29828659607466,-112.8849225073743,-111.61951928127625,-112.77409127453666,-114.10686951599669,-112.7450342579017,-112.3850052976755,-113.19331023829426,-111.03517859715915,-111.38627948914873,-112.35552013637852,-113.27528675830986,-112.07861400462036,-112.77008179748744,-111.90344315644606,-113.01686424989545,-113.59999627990138,-111.36976754744967,-111.55865739750024,-112.61688518234939,-111.23276530880511,-113.32329011037545,-111.43203007341567,-111.99057833333148,-113.59399403237782,-113.4420293060992,-113.29070063662793,-111.86335627999753,-112.75578065023394,-110.90392979154716,-112.77928535735191,56,-112.39258417292392,-112.7450342579017,-114.10686951599669,0.9328686867688386,0.7125130541913829,0.5455641622910612
HDOK,PLOK,17472,10,10,-111,3,11,2,33,-110.51068678504258,-112.1015502618434,-111.79626224127875,-111.21334309354728,-113.07175604934285,-112.88904710204326,-113.03573325895296,-112.46401256346363,-113.92637950880939,-111.81590525925311,-111.56082967587379,-112.93461485146298,-112.38133751467312,-114.69959060262535,-113.58778501673895,-113.18847122922558,-111.1565365628815,-110.16334520060663,-111.2630017558824,-114.09066176728007,-110.75017695852303,-111.00618378951398,-111.95703194975121,-113.57472919999888,-111.19386784596193,-110.6355614051197,-112.9409574350262,-111.59377724758515,-112.11709408048358,-112.98069730996924,-111.41953942465474,-112.88742772941704,-109.70615448670081,56,-112.1398196716222,-112.1015502618434,-114.69959060262535,1.4121927944512012,-0.05655903726481289,-0.5968452108645077
HDOK,PLOK,17472,10,10,-111,3,11,2,33,-109.08621426196846,-112.28383519625885,-111.65825868240823,-110.83960431651121,-111.47348691010066,-113.17771614493091,-114.5011537307722,-112.14966820689172,-113.18049364442592,-113.810172134455,-111.64140993620103,-112.64300992574007,-112.99420235519173,-111.25374717973402,-111.75486413445262,-113.87415668093722,-111.35010535430887,-110.07756178467004,-110.69369971856563,-112.69998470648036,-113.00033612651445,-116.20275622530299,-111.02930224083981,-112.51003705112042,-110.96535597972843,-111.58584983245014,-112.0606490275624,-114.83581493986718,-110.80568336806945,-113.25623458684692,-111.1259796679975,-111.33361149746305,-110.89843987255126,56,-112.14404228549449,-111.75486413445262,-116.20275622530299,2.0762477610677688,-0.64596783877161,0.8210839419851612
HDOK,PLOK,17472,10,10,-111,3,11,2,33,-110.29000212863879,-112.93062974699401,-111.74719067258482,-110.70764784643524,-113.0440542195497,-115.83252301089925,-112.85189116790336,-114.07223976642854,-113.42976903604507,-112.99123903495052,-114.24142366652602,-111.7705633800221,-111.85200688944549,-111.25472324474526,-113.79703667289492,-112.53354571810563,-112.53317895302972,-112.40725490577057,-113.53582153859016,-113.33549459425225,-114.07093558154388,-113.09646301585946,-112.42039873306162,-113.30068659024312,-112.56444811457033,-112.00522934508781,-111.31496611447949,-111.5721465442281,-113.82209492117376,-110.40377676045455,-111.65885533539291,-112.07696128135628,-112.87598103067478,56,-112.61639938066476,-112.56444811457033,-115.83252301089925,1.383618923425251,-0.19897107108904166,0.49797705367754785
HDOK,PLOK,17472,10,10,-111,3,11,2,33,-109.27656026777619,-111.18369018470503,-111.18298744496622,-111.48097586458297,-111.79673892602386,-113.8047731908275,-113.07098173602469,-113.63439477766306,-114.42113332970685,-112.59772901015036,-112.57283981875781,-111.15510262361477,-114.03150132991303,-112.34649303326906,-110.3326292963257,-111.38820835626476,-110.73171635136168,-111.11774813794847,-113.43355480190317,-112.8715185953611,-114.57395227357982,-114.35125092560286,-111.40020615890367,-114.15324434262357,-111.47663234403966,-112.13544307082704,-112.42536709964678,-111.686735106446,-112.73501228587602,-112.56035896332325,-112.49456597597668,-112.41117488177048,-110.67851992645187,56,-112.28829516461253,-112.41117488177048,-114.57395227357982,1.6361795367943697,0.012757141996966995,-0.43491986997494925
HDOK,PLOK,17472,10,10,-111,3,11,2,33,-111.5976574799255,-111.76025988841283,-109.12836061330337,-112.09034888861214,-114.09130487408783,-112.938349087461,-113.71896178772776,-113.55060370228627,-112.51881783476655,-112.69986440378115,-112.77473649693817,-113.42227665793024,-111.95881041411445,-113.38932010764724,-113.41714298536795,-112.61972898727186,-110.62875134970369,-111.84058501422489,-112.40528341182265,-111.45495872583412,-112.58946872973985,-111.95268639272204,-112.03196340340392,-112.97791688103372,-114.09769620407876,-113.19215085330704,-112.3326982293031,-111.4352603620852,-112.86809302064695,-111.72377263032696,-111.82967041445241,-113.03333288871191,-112.70821141336138,56,-112.44784982225431,-112.58946872973985,-114.09769620407876,0.9857017211923026,0.9973158813716986,2.4557765946517924
HDOK,PLOK,17472,10,10,-111,3,11,2,33,-109.14353369757661,-113.11758699532163,-110.00135885727059,-111.6861142152596,-112.48421422861479,-113.29510005416758,-114.17296813509886,-112.98576825480524,-113.1601321748008,-115.7565974087552,-111.69028732961799,-112.695695726551,-112.06366651897712,-111.8249182658134,-113.681129894044,-110.22849921853975,-111.28629236252888,-111.34698798877352,-112.50772819992848,-111.40012393653738,-111.72100272749107,-111.8356726346909,-111.81680961994222,-114.15459961121967,-113.81135378745705,-112.50922181480364,-111.27519019529922,-113.59626055615519,-111.95363098616357,-112.36071893112546,-111.42290726430416,-111.11666933769327,-111.70413448790318,56,-112.23657198234037,-111.95363098616357,-115.7565974087552,1.6841760328139894,-0.23122119599088234,0.8958982272134013
HDOK,PLOK,17472,10,10,-111,3,11,2,33,-108.85805922720964,-112.41447774440134,-112.50417176386841,-110.41733643602768,-111.54285399694524,-113.63016757041662,-113.01518738731828,-111.75592452935777,-112.2962715013925,-112.8543435960589,-112.93305749028919,-114.98406160273696,-114.20005700171673,-111.6690542807899,-111.00502928439364,-114.06435067801503,-112.59943289304306,-111.69244960045549,-111.182246609439,-109.97561197498875,-111.61379232532823,-111.59445059440736,-113.3584016713608,-113.05708757176252,-114.18757397908014,-112.14393238382418,-114.67046470429712,-111.07225605371274,-112.56780136127259,-114.27424680228235,-111.65933448656388,-111.93831256185518,-111.53901833836566,56,-112.34153993948415,-112.2962715013925,-114.98406160273696,1.843220973185833,0.14294411296666812,0.1508720757299229
HDOK,PLOK,17472,11,11,-111,3,11,2,33,-115.38597679276177,-110.12027792780621,-114.010917321438,-115.7959860766558,-114.21846772499767,-114.7663925471808,-112.22178494008729,-113.72836415556601,-114.78152224491961,-113.94766742025091,-113.95624403146354,-114.13224924987914,-110.74856437178896,-112.29645944002814,-112.98283835564233,-115.0184803826386,-113.13995074026863,-112.69256648673638,-114.46973808514859,-113.2885486751028,-112.11752590912437,-113.86338279957766,-112.66728230329082,-112.07754438370489,-112.42067212104833,-113.51295319650735,-112.47274324525277,-114.39150415491642,-111.4800711239723,-113.43899877373259,-112.34658591334306,-113.30273622550955,-112.4151118824368,56,-113.2790942122054,-113.30273622550955,-115.7959860766558,1.6037070595151737,0.29699580031385897,0.0650649262055909
HDOK,PLOK,17472,11,11,-111,3,11,2,33,-117.15973299160936,-110.86937003795349,-115.41606794465002,-112.87984035343018,-113.47834808360963,-114.27428776870607,-114.1039307740833,-115.3501783991868,-115.75305841991808,-115.00113526911198,-113.95108734656466,-113.05951039216198,-112.02235097380009,-115.34398992413855,-113.76357882317511,-113.0548987770713,-112.27816992957445,-112.87547686373118,-113.02774301958966,-111.9396307543169,-115.19282140130099,-112.23983232242061,-113.25871824037444,-113.6554599864209,-113.09847481999326,-113.02123279854625,-111.76797151164035,-112.75312551069818,-112.9712024204853,-112.29335165474494,-113.28900035220495,-113.88084601254755,-112.58213092701018,56,-113.50322893347789,-113.09847481999326,-117.15973299160936,1.7614674412616182,-0.6836183368832947,0.4807142751922724
HDOK,PLOK,17472,11,11,-111,3,11,2,33,-118.37125762848241,-110.07950805747674,-114.29865802045549,-111.97967378806062,-113.86353489635532,-114.242035250696,-111.93553564385999,-114.20114024377386,-113.27966844595994,-113.72790737686587,-114.10535774199147,-113.29630038830871,-115.01033617639972,-114.67137360640056,-113.41424046798338,-113.21779709403525,-112.63384976209188,-112.7601546933034,-112.60729013521508,-112.96374073066971,-114.09811808148142,-114.04893100798083,-113.64692814539023,-111.40632500360172,-113.65410993329726,-111.737471432791,-113.88334772074248,-113.5835813555111,-113.82790490285402,-113.0703312942534,-113.45721880276199,-111.79453066977733,-112.31044005472658,56,-113.36904844101677,-113.45721880276199,-118.37125762848241,1.8494218700782703,-0.9600743604693737,4.9286499868916
HDOK,PLOK,17472,11,11,-111,3,11,2,33,-116.52502090528982,-110.3714153881237,-113.72886276806656,-113.29465533036725,-112.57646822704558,-112.81096873053427,-114.52798963491658,-115.00295187840504,-113.6595953820292,-114.7475936534668,-111.78727665700251,-111.38106057995807,-115.09900391997054,-112.66937689800537,-111.45284376234525,-114.06443554954784,-112.36684274983074,-111.6595155843123,-112.04419526219552,-113.3103126419876,-111.99609610314886,-113.95884690938195,-112.37608423427558,-112.54797862506592,-112.08873965104195,-111.91839436837756,-112.08380704198339,-111.42163142143274,-112.03981789858665,-111.60497574607916,-113.85651173271448,-113.16336283139827,-113.07367327223116,56,-112.88516076785203,-112.57646822704558,-116.52502090528982,1.7089565081583922,-0.7066924515562022,0.4329341078694826
HDOK,PLOK,17472,11,11,-111,3,11,2,33,-115.79284705301332,-110.3812261699903,-114.32250883252797,-112.46846346482663,-113.38648837525608,-112.78866197177571,-113.43881128029234,-114.24728233479948,-114.76029875436922,-112.96352659332368,-114.02739999378323,-112.27159146399372,-115.79526432435256,-112.52532714214209,-111.64952273263019,-113.36209302207025,-112.39818554236666,-113.96912361602661,-113.13209106964062,-114.71863444575008,-113.14184806207317,-110.80664389360618,-113.00597773759579,-113.13623909288648,-112.23120275867764,-113.47865393635628,-113.15326920410385,-112.16812021089908,-111.87779042217969,-112.47333862187887,-113.13120873012362,-112.70681662779543,-112.57094315162034,56,-113.0994363828099,-113.13120873012362,-115.79526432435256,1.377790931700238,-0.2471398370674956,0.743650795825801
HDOK,PLOK,17472,11,11,-111,3,11,2,33,-117.7455794805437,-108.55288957408986,-115.88071265077495,-113.75733563438455,-114.14457782353095,-114.91345537728454,-112.71659499471774,-113.54312106179472,-115.1534293829166,-114.07353256419522,-112.75544928946589,-112.64114632332637,-112.91297678257696,-113.99700067358236,-113.03408981502889,-111.88779957988979,-114.5910660816496,-114.33530026759878,-112.75344817922853,-112.10529064315578,-111.86999646407797,-112.83268011307483,-113.56049707003015,-112.48297668414781,-112.67031719587055,-112.18117940763386,-111.92882874370639,-114.32432750243923,-114.60094589152939,-112.09340938853421,-113.23184723464279,-110.33123259597448,-113.08852687084249,56,-113.23307761643152,-113.03408981502889,-117.7455794805437,2.5531151709262163,0.05845571887596031,2.4746726572597573
HDOK,PLOK,17472,11,11,-111,3,11,2,33,-116.69566953912572,-111.25371650669577,-113.71208901825209,-113.7843454444315,-113.2763025066642,-112.7441298296449,-113.53028607505908,-113.16977065436558,-114.1105095488439,-115.56303308937368,-112.41512783804478,-114.94275753070318,-111.19129733991385,-112.14337641440447,-112.74072034347444,-114.62274996309972,-113.15802888350181,-112.82066499406513,-111.95128952905554,-113.7834238452755,-114.00950514119154,-112.68474243319692,-112.48567961751941,-114.39248237722128,-112.06330592061353,-113.54615430003342,-112.56191525406128,-113.40018523654864,-114.1589461554793,-113.30677277891171,-113.11534851861185,-111.20074543676608,-111.43219707136653,56,-113.21112936774291,-113.16977065436558,-116.69566953912572,1.490952665488828,-0.5556284996583034,0.8334567466966152
HDOK,PLOK,17472,11,11,-111,3,11,2,33,-116.15205511323934,-110.92009563003951,-114.27076904587662,-112.65179865929227,-111.73535768709867,-114.22300017910278,-114.39748947055764,-113.13962542727832,-113.73697719178543,-114.62248874276327,-111.85548302349333,-112.12941472242716,-112.93029355704181,-114.15334923641144,-112.77596674877769,-113.38707130648807,-112.84728647237078,-114.73048105538021,-112.1397923658328,-114.26214040860117,-112.84385289287603,-113.96774382011344,-112.36784381394125,-112.52106387313559,-114.26289984360051,-112.92089661907335,-112.69048063283225,-111.6342602767708,-114.60949579743153,-110.33916139377632,-112.43889695347048,-113.0564257420222,-112.04736931234297,56,-113.11397960652259,-112.92089661907335,-116.15205511323934,1.4792099533062142,-0.08897999819849574,0.11213434013081258
HDOK,PLOK,17472,11,11,-111,3,11,2,33,-118.22609353208969,-110.8084270969958,-113.0334929335503,-113.0497420577164,-114.71750373235487,-112.15243683364274,-111.74739008259183,-110.86141073641971,-115.11756351417984,-111.68255816868128,-112.79078530522406,-112.86293493208755,-113.38275892219126,-112.31849125207961,-113.08963592182879,-113.11629143047901,-111.77683760733929,-113.3519225412098,-112.72315564999708,-112.21425238924452,-112.9004498801772,-112.4268307792851,-110.90078630010444,-115.09036051864722,-111.61654832258212,-111.45215111964907,-112.36398671408264,-113.68055118747307,-112.78036951103007,-111.15751853772703,-112.81062511996072,-111.2959342536549,-112.01630242720125,56,-112.71260907004478,-112.72315564999708,-118.22609353208969,2.123489946349531,-1.7655697784146287,5.027904805036384
HDOK,PLOK,17472,11,11,-111,3,11,2,33,-116.82572829885902,-109.1525498925071,-113.23565495802087,-114.13443461002309,-112.44710683459829,-115.29564050075332,-113.15428243623676,-114.8833350431048,-112.44882956178408,-114.68012329643214,-113.15863623361788,-112.74495803368524,-112.21177669034577,-112.64010622825143,-112.8046852947255,-112.46178376278344,-114.69844397734896,-111.81443841118455,-113.59241925137104,-112.69741675151565,-112.52980257333789,-111.21057331550395,-114.10931647990358,-111.52668374398174,-112.26050356573005,-112.02476324804583,-114.54850930521171,-114.48909474665331,-111.68061286947653,-112.52993215514441,-112.13694196568382,-112.98565438660769,-112.8131731105459,56,-113.02811853130227,-112.74495803368524,-116.82572829885902,1.9578617050503528,-0.1845780857839546,1.5463637799383698
HDOK,PLOK,17472,11,11,-111,3,11,2,33,-116.87632991497928,-111.56916414396515,-113.76338476060502,-112.92702985685555,-112.56408509613381,-114.29241157764956,-115.25287397640098,-112.99018698459648,-114.65025573177623,-115.1316223667038,-111.2805680138315,-113.29084540443257,-113.51798560510989,-114.1729593292752,-114.44307640864581,-113.44395555007351,-112.53622110576454,-110.24065422062526,-113.10177205456071,-113.11450428414113,-113.29132221327407,-111.34917958433033,-114.02695268662613,-113.51946774850276,-112.5648947420508,-111.67181262404473,-110.92676312033346,-111.09848489513146,-113.80351395670681,-113.1108726722999,-112.32861432321775,-113.94216850873715,-112.41605204527487,56,-113.12757531838352,-113.11450428414113,-116.87632991497928,1.893452804243065,-0.21384078916772659,0.5517000319730192
HDOK,PLOK,17472,11,11,-111,3,11,2,33,-118.45793836108702,-109.43877466409583,-116.12963968065381,-112.69858962451156,-111.5254985191635,-112.89760947160698,-114.39547940139883,-111.79319339337164,-115.42259814117564,-114.33658660013458,-113.81006181910205,-114.23892527210593,-110.85986904544275,-112.89212897347765,-116.70267802316694,-114.29476153790014,-113.50629409289898,-113.16932149887198,-112.10771347747372,-113.9700216764199,-113.12200222157904,-112.71984714388574,-114.33368737298987,-113.11202409197031,-112.31782699121543,-113.07629644191799,-111.96192413833583,-112.61620929665037,-112.14549051351851,-113.3919270255981,-112.79158623758907,-112.98961051341396,-112.54927830295283,56,-113.32652707774776,-113.07629644191799,-118.45793836108702,2.7571143443002954,-0.8203498080836562,2.2965657470308165
HDOK,PLOK,17472,11,11,-111,3,11,2,33,-116.29177773786338,-111.78378452550658,-113.09937008709146,-113.33157543123349,-114.6614260293243,-113.46966526232775,-113.3264140490501,-112.61775756263265,-113.86175877020682,-113.39214616597847,-113.02480094423441,-112.14676542680421,-113.25227729889728,-113.21461304748036,-113.8770871603955,-113.62234498811857,-114.00951162923506,-112.8795145085782,-113.50158038296338,-112.95141084137504,-111.58872989393966,-111.42061736829439,-112.95275225745179,-112.90436540521478,-112.73269336274508,-113.01928190019521,-114.63427695526507,-113.67808867464514,-112.302267845298,-112.17094623331339,-112.32707363953115,-113.73438142772855,-111.55611378885501,56,-113.13142941217498,-113.09937008709146,-116.29177773786338,0.9463139690393364,-0.7743280880929643,2.172490865790803
HDOK,PLOK,17472,11,11,-111,3,11,2,33,-115.84050749422167,-111.83530139571609,-113.68623631575048,-115.15121378695123,-113.00935986253312,-112.14715725618025,-113.808179900929,-111.31904239926335,-112.42751559910432,-114.06543298077985,-112.72058938480889,-113.05291204932637,-112.85195946331095,-113.75423325027637,-112.51944685862735,-112.19614873034827,-113.8197764749439,-113.13275538441434,-112.45505058304829,-112.03826693480961,-114.73243164294514,-111.650028522743,-111.31361601907187,-112.02418301134442,-113.16169617331913,-112.83920459226894,-113.56409595404311,-113.69067133788896,-111.10881341051794,-112.50066527750039,-113.54342834406611,-113.06283081454109,-110.60249880320505,56,-112.89773484875151,-112.85195946331095,-115.84050749422167,1.2923701382632826,-0.3720224726104889,0.37099689181081574
HDOK,PLOK,17472,11,11,-111,3,11,2,33,-116.38885999539461,-110.20957652816968,-114.39938753100562,-112.77743008217806,-112.84710971778036,-116.3008784543714,-114.02594465040809,-112.50188386850142,-113.20823185011925,-112.07550929097188,-114.59771264508754,-113.79545406422069,-112.39325959920774,-112.11116801412662,-112.94863117361584,-112.60932833655573,-113.95246280828792,-114.10281193253809,-112.6774043963236,-112.76186031371033,-113.07786060468824,-114.40633687107444,-112.63494556899276,-114.21299103555016,-112.67931104369173,-113.5981670823625,-112.44283915234156,-111.50714537865596,-113.58297704544788,-111.99617309396154,-112.30481381461769,-112.89286446076562,-113.16807484741325,56,-113.18755773491327,-112.89286446076562,-116.38885999539461,1.4690116619521127,-0.6132175989944546,1.6842085380720229
HDOK,PLOK,17472,11,11,-111,3,11,2,33,-117.11374834080989,-110.45133332269144,-113.82915760285286,-113.1064788102181,-112.56659277572226,-116.05057428222025,-112.61599160162011,-113.87836064826352,-115.24937481462085,-113.80986801310155,-114.2645072287028,-111.62940636407049,-114.12764040685897,-113.143880456817,-113.00621139479331,-113.48234392972356,-112.24752072179139,-114.21249453162714,-112.54686104804715,-112.81176435736597,-112.76021791342092,-111.52526122282775,-113.4214869449737,-112.23472326883815,-113.04213192378144,-114.68877357616972,-113.15135874876843,-113.63110494170157,-111.05787595641411,-111.75487247205525,-111.92299794804369,-110.40866981207485,-112.79265239384965,56,-113.10715872044966,-113.04213192378144,-117.11374834080989,2.0199159873754553,-0.5401879019700121,1.0722180711271174
HDOK,PLOK,17472,11,11,-111,3,11,2,33,-115.99440564288665,-111.87448929838116,-112.67989577174698,-113.31560309698226,-111.96965200467929,-113.68674761918298,-113.54909746893728,-113.61587031310947,-111.1168517514101,-112.67045857124015,-113.50481442304498,-113.35589854866632,-113.53535086755784,-113.5318242188336,-111.8916960396628,-111.67574494961175,-113.6306057414012,-113.80042917814175,-112.19391004403433,-113.13619303819935,-111.85144895072025,-114.11663159207221,-110.17740323140961,-113.04536166022241,-112.7514345352849,-111.0734996316588,-112.25473090323189,-110.23412233808895,-112.47113626242567,-114.91678999648715,-113.2457124865253,-111.23954815542373,-113.50902721579331,56,-112.77625410748651,-113.04536166022241,-115.99440564288665,1.5205469377902117,0.005743978961565845,0.5176025801626003
HDOK,PLOK,17472,11,11,-111,3,11,2,33,-115.81242961618916,-110.69343393877072,-114.44332977111902,-112.99261764149392,-112.83513372442033,-114.50941554839974,-113.50686170400998,-113.95759642348217,-113.90124298048433,-114.2506887171868,-114.16975026861309,-112.45748227382731,-111.89092061226839,-113.95851904644258,-111.5402423055083,-115.07796492612376,-111.84135876660598,-114.06471752791583,-112.12472550391081,-113.87552220831691,-111.2143522141533,-114.0811393215699,-112.73060271723268,-113.20680586362441,-110.30792238057369,-113.51945285195167,-112.70026110221099,-111.23440212539892,-113.03345945761444,-112.45244529954053,-111.58967495501783,-112.33320723500415,-111.73035614936518,56,-112.97084955085897,-112.99261764149392,-115.81242961618916,1.6652636385673854,0.048247259185564335,-0.5390674445088588
HDOK,PLOK,17472,11,11,-111,3,11,2,33,-116.95068307542381,-111.43107136424013,-112.73289934271085,-113.47548282349356,-112.50223811477835,-111.45490118950393,-113.93086237016168,-113.35116711509771,-112.37670408907704,-112.60804170424812,-113.2011177030226,-111.41636205368958,-113.0501037957065,-112.15958311429118,-112.7285289369154,-112.39027976508609,-113.12887718527286,-113.73435595740779,-112.01747624649244,-113.75553477399076,-110.77730953181593,-112.99155346121088,-113.4208930273766,-113.84547059996326,-112.63188775384701,-111.74736113962237,-113.77806931270368,-112.55248936006387,-113.62135227018135,-111.45653072335301,-113.04333249107768,-112.0159110951991,-112.32277284373502,56,-112.80609710093213,-112.7285289369154,-116.95068307542381,1.2008438721945298,-1.360425779944283,4.918760595722416
HDOK,PLOK,17472,11,11,-111,3,11,2,33,-117.07995569442646,-109.90962820895768,-114.7031532865012,-115.40456913847386,-112.51191997329603,-114.94197558569638,-113.98602407279994,-110.6392352399969,-113.30351602624043,-112.50620964358308,-113.80637950871382,-114.09239977980715,-113.9291199530141,-112.86131959506778,-112.81933823744072,-112.90248467819343,-112.05895635769939,-113.21871929010268,-113.52473865275466,-112.78471031088955,-112.61359169247504,-112.08527859638556,-114.34884720215811,-113.8411269763666,-112.74457246345435,-113.3148406198994,-113.03690851558598,-112.89892407171375,-113.52974082306791,-113.28803470602016,-112.46368985596631,-111.78623314005152,-111.87455407973161,56,-113.17608169625852,-113.03690851558598,-117.07995569442646,1.692427953819254,-0.3383921282456626,2.1612507290058303
HDOK,PLOK,17472,12,12,-111,3,11,2,33,-111.61579740271846,-109.65411450466051,-108.94046498154088,-110.80614778871609,-114.2770322690522,-113.63682026296634,-113.22584876691211,-115.44994425612407,-113.48912770430306,-113.99318007709793,-110.37262402092065,-112.31874034820261,-111.1068069490367,-113.14546878108258,-112.38557822422175,-113.18231797350035,-111.66537413745866,-111.53684726522295,-111.43369875176383,-114.13514069354913,-112.59149639174946,-111.58079991525052,-112.72851186799332,-112.26153000781093,-111.55348776274386,-111.16104626711058,-112.0119736091227,-112.29471598790866,-113.67148758778394,-113.03519699341032,-114.33230633341651,-111.95235790948952,-112.57818413210285,56,-112.36739908863467,-112.31874034820261,-115.44994425612407,1.903352231992269,0.21383378602067785,0.26943559024260244
HDOK,PLOK,17472,12,12,-111,3,11,2,33,-111.40340357517977,-110.51326916092755,-112.05788184100182,-112.16540995273897,-115.11989954815584,-114.70713679512416,-111.80278802869327,-113.52799023898243,-113.4775164376355,-113.6035518154037,-110.40417314851025,-110.4099571046191,-113.03764264755168,-113.73021675458348,-112.98608570278927,-112.7841580348172,-113.98262866352553,-112.77754038994702,-110.77494186638563,-113.53103090786762,-111.38633497193862,-108.8670878244009,-110.24036968368988,-115.15967585626835,-113.51482591380103,-112.22158085169902,-114.78359986014165,-112.07169237923688,-112.05913576778566,-112.62301072468243,-111.74107552216542,-111.4139190872538,-114.07226740736317,56,-112.51369086257172,-112.62301072468243,-115.15967585626835,2.2926544438099796,0.22586624451027484,-0.35870763907024195
HDOK,PLOK,17472,12,12,-111,3,11,2,33,-111.80332599868176,-109.41146480544583,-110.53106644759954,-109.7904125655466,-112.92980230069321,-114.02722269919398,-112.21969201317987,-113.9354637117386,-113.2346446027648,-110.83962670130097,-112.5537999328666,-112.05501305970095,-112.30079351464254,-112.97732671385583,-112.85828806475457,-113.63798004390256,-113.67561901586595,-111.75463201379715,-113.43409982205125,-112.99034392855738,-113.83859706897084,-113.4234733601282,-113.21181617575792,-112.77684577214636,-112.4403234389132,-111.32507710166952,-112.85487928002443,-113.64905420917995,-112.83606640354115,-111.38663595548532,-110.97584976924678,-113.88294357785541,-111.28750853240066,56,-112.44999056368061,-112.83606640354115,-114.02722269919398,1.429458909594889,0.8305403616000738,0.05541080170307788
HDOK,PLOK,17472,12,12,-111,3,11,2,33,-112.07541531028647,-109.3564028044181,-112.02884615930542,-111.7219801918892,-112.60522447478172,-114.80943225445678,-113.91136170129812,-112.5192032776459,-112.18449271535233,-113.2582487467147,-110.12608543746262,-113.07582376002003,-111.64420675615249,-111.90102459484454,-112.78399614015494,-112.52392850924042,-111.92052277762242,-112.34854499295125,-112.62910115475601,-112.6414567685015,-111.11887600474182,-112.14937242329502,-111.53786004034667,-113.50567874975752,-111.51040491100429,-110.78314118347404,-113.09418724208689,-111.75245610901133,-109.51620865448517,-111.715189482014,-112.47681363543168,-112.74647701218231,-113.09085754873878,56,-112.15341883407345,-112.18449271535233,-114.80943225445678,1.248718588713104,0.49578567192081885,1.210514150378064
HDOK,PLOK,17472,12,12,-111,3,11,2,33,-110.7561284236246,-111.88974519186577,-111.6729678502003,-113.0321339449015,-112.9787696364095,-114.04334418382929,-112.99021368830029,-115.34626725643079,-112.92385643850565,-111.889855750171,-112.10401949108233,-111.4406187835309,-111.71151290726364,-112.57377908357323,-113.16197997228868,-114.26053975778954,-112.01362770991346,-113.07715655834689,-113.61241384316546,-111.27349493514124,-112.71673240153584,-112.97609583984486,-112.14277784602375,-112.72348656165258,-111.9192670352326,-113.07399432632741,-112.88416135056227,-111.6825990067455,-112.95189600731098,-112.35152681031897,-113.8579640519408,-111.59115202108488,-112.58719768399719,56,-112.61246291966397,-112.71673240153584,-115.34626725643079,0.8806318748478555,-0.6172844199511545,0.9208519327093927
HDOK,PLOK,17472,12,12,-111,3,11,2,33,-111.14379455486649,-110.71337654759948,-113.1964407658188,-112.17430716558724,-112.60121627023908,-114.36954474258336,-113.18313807040438,-114.17188667419525,-111.7823185398611,-115.34474957014643,-112.74460750917778,-111.82330268031698,-114.2827554063269,-111.70893579994717,-112.93575224354356,-111.63514503479112,-112.81040426885971,-112.39329261810127,-112.11429024416636,-112.98736685106468,-112.8893095642887,-112.36725150630201,-112.59944708616604,-113.28301708058197,-112.02701354428451,-112.69001128719435,-112.75745637992756,-111.31878971404404,-112.51899985541306,-111.74367631595156,-112.15500139515368,-111.65102653167362,-111.6786668765593,56,-112.53928159682236,-112.51899985541306,-115.34474957014643,0.9484982113679835,-0.8308477543026924,1.064594174382997
HDOK,PLOK,17472,12,12,-111,3,11,2,33,-112.0393602491097,-111.959005016975,-111.84444257160199,-111.80326661111692,-114.07247039647226,-113.14013685212737,-112.91870743306676,-114.22612983671054,-113.12533100032915,-112.25008781123941,-112.17682492170485,-111.26836859261962,-112.88520682375184,-111.4949222732103,-113.3585482067238,-110.38347698906209,-112.81710427190998,-110.74387365086204,-111.52572161129524,-113.3607571502373,-111.5965988985146,-113.63228763817325,-112.78814617613612,-113.50816560944695,-112.4279019548422,-110.35056485221199,-112.55972534761062,-111.31052902984248,-113.07217734073295,-111.11760643447167,-112.98465599584121,-112.29662016580019,-110.5522949820772,56,-112.29063686957053,-112.29662016580019,-114.22612983671054,1.0571278882291806,0.17635794063958124,-0.7194853075967367
HDOK,PLOK,17472,12,12,-111,3,11,2,33,-111.36724564745546,-111.70295779931924,-114.10574161572843,-111.43113970516355,-110.69025009825941,-113.3990753600432,-113.42447615575664,-113.14116839369994,-111.55795685825971,-112.24215285437899,-111.94855451666466,-112.10552214410973,-113.19902296654033,-112.70903958548374,-111.44226614660865,-113.96503826992046,-113.01392304280179,-113.63848235008675,-114.04000976685082,-111.77907912599895,-111.53528791396482,-113.3479060998818,-112.402181917979,-114.98560492620102,-110.43023307628256,-112.31296820712676,-110.34635301839776,-111.94541942051227,-112.19317686803467,-111.34508047103513,-112.27716071056676,-112.13242488267676,-112.56750221035625,56,-112.38558794321654,-112.24215285437899,-114.98560492620102,1.179960537805838,-0.26642861868720746,-0.24483569310429942
HDOK,PLOK,17472,12,12,-111,3,11,2,33,-111.73807471589139,-111.40024031777695,-110.30093394154807,-111.14972760988526,-113.29063664694988,-113.74310661873008,-113.67707095224011,-113.91291040140233,-113.23533055107087,-112.59772884273207,-112.74830078295047,-112.33985534113668,-113.20521529706151,-111.83717166019356,-110.63108597110738,-111.9397957868065,-113.09852234563175,-112.10466987790991,-112.10694611004934,-112.59055929677261,-112.17173451728311,-112.72875989123004,-113.1864133344615,-112.54809955773794,-113.89728329562848,-110.96639348824704,-111.94974521629817,-111.88056318919685,-111.16647303613028,-113.75258483858197,-112.19257022338223,-109.0714127185628,-112.15654715916587,56,-112.28231707678039,-112.19257022338223,-113.91291040140233,1.195002404397588,0.7249498279466345,0.8379148895485193
HDOK,PLOK,17472,12,12,-111,3,11,2,33,-113.0695421304677,-111.65182124429796,-112.61096850243065,-111.7366626971408,-113.72090000577019,-111.46133822842909,-111.93923917110749,-113.04190315311794,-113.40270410014428,-114.34861613651782,-112.10194374044568,-109.81222595633488,-113.27790640201255,-113.28779621200852,-111.65519867631826,-111.37841793092737,-111.54913329188571,-111.68965459246415,-111.3611078188419,-111.24482965790992,-113.6072220128508,-114.93165666884305,-112.78170365920164,-113.02531090094313,-111.7333531319889,-112.63492876159644,-111.41364770938341,-112.80662554890336,-112.00618019198973,-112.11254050647906,-112.80195517564334,-113.15071016363724,-112.80984964624051,56,-112.42901799170524,-112.61096850243065,-114.93165666884305,1.0386222760802641,-0.09459124415155191,0.5016640387738178
HDOK,PLOK,17472,12,12,-111,3,11,2,33,-112.44643208977372,-111.25758109507497,-112.66968403217848,-109.5596620985602,-111.47055410742034,-113.30379985390397,-114.00493245466289,-110.94353064060817,-114.36485307799089,-113.08094176818051,-113.3310475209557,-111.57481826255004,-112.16351517529189,-112.32840026045561,-111.03528594634656,-112.29425989954001,-113.00458477898182,-113.60287443420539,-112.40252858186683,-112.33442368304712,-111.08735509906636,-112.82336391930184,-112.88128429182991,-112.99428519315359,-112.65349322737535,-111.9782329261238,-109.42929358493569,-112.39965459312906,-111.26051182621751,-112.39767253621322,-112.64691838137111,-112.3574780615639,-112.97937843306448,56,-112.27462520711944,-112.39965459312906,-114.36485307799089,1.1570114278813435,0.7871343490861362,1.071674335917146
HDOK,PLOK,17472,12,12,-111,3,11,2,33,-112.06182155898998,-111.6494039593846,-111.45274890351033,-113.52102846083943,-114.29768612456594,-112.60726129932517,-112.33974179083997,-112.58055825420797,-111.98431518396733,-113.16557980411665,-110.89447455913626,-111.77003837707204,-112.16084332451965,-113.8842273709147,-113.08896247819764,-111.46896525913564,-112.40188871637659,-112.37074786517339,-112.7866453831647,-112.87051630442049,-113.90920720947703,-114.72757427627651,-113.02392941977958,-111.85488271048833,-110.67777079373458,-112.0468367132315,-113.00582660335502,-112.90624974158438,-112.22158664266985,-113.04719298824111,-112.07282430624734,-110.46491777081866,-112.42512333300083,56,-112.47701143899282,-112.40188871637659,-114.72757427627651,0.9124524769548789,-0.14355606937473683,0.22987292856194497
HDOK,PLOK,17472,12,12,-111,3,11,2,33,-111.13939083163166,-113.5873118357667,-111.73253105575796,-111.2077447098405,-112.36467246212719,-113.54404724559059,-114.01491615824084,-114.9232317919497,-113.20760884673054,-113.43713080273524,-110.85452753991399,-113.74352092743096,-113.65186114993111,-111.72226323021104,-112.00823994008043,-113.19185497366657,-114.41899712967007,-112.52026065297751,-111.9491921243959,-111.9170627399888,-112.67924897095658,-110.96021316160505,-112.90141477987918,-111.8807112950076,-112.11414955460249,-112.81683120905767,-112.16318764622008,-111.52384190436565,-111.50575826120662,-111.47724950837343,-113.2321545742082,-113.81519242869958,-110.41999994993255,56,-112.50382786038642,-112.36467246212719,-114.9232317919497,1.2141976085479822,-0.18895929942582065,-0.74190340403181
HDOK,PLOK,17472,12,12,-111,3,11,2,33,-112.3673937050326,-113.19902350097155,-111.86761088722577,-109.82533666471895,-113.619642375053,-113.08182494133666,-113.61566748228623,-112.08033514336667,-112.74343492152448,-111.66364630216552,-114.12632245611974,-112.2614683646568,-112.71690815536283,-113.28365014943769,-113.51346998198282,-112.54887181920353,-111.76962973950604,-112.17947793566394,-112.03915093486783,-114.27767740979608,-112.90383027395647,-113.18188059727042,-112.96135540954894,-113.57880079056434,-112.94667978722002,-110.84031036883397,-113.69044869096277,-112.24656853637275,-113.7048970493201,-113.05319821313162,-112.53894520185605,-112.00371982122044,-112.71077120649542,56,-112.70127117627368,-112.74343492152448,-114.27767740979608,0.8298859505373469,0.9184987004877876,1.768603792091095
HDOK,PLOK,17472,12,12,-111,3,11,2,33,-113.61613456125434,-110.64249554466718,-111.67142892742538,-111.31684685300095,-113.52717747962639,-113.69755768873064,-113.33275419167768,-110.80485615131101,-112.41607226135754,-113.46715215383172,-112.80356077428594,-113.63028189316246,-112.76886360994303,-113.1922171977402,-111.75899199224891,-113.49043456941577,-112.29813106089527,-112.20515930940687,-111.91473433340227,-112.25366437940572,-111.96448305303598,-110.78456814005308,-111.53952430284664,-112.82012523760764,-111.01206385370647,-112.01804996347238,-113.84651086384113,-112.91854843422556,-113.20147901593265,-111.95273558417739,-111.24854792878004,-111.66135842037356,-111.77323556869823,56,-112.34999228180425,-112.25366437940572,-113.84651086384113,0.8878431884329544,0.07956882716167078,-1.1379540287298067
HDOK,PLOK,17472,12,12,-111,3,11,2,33,-110.1168363611753,-111.34190100099308,-114.32368929594944,-112.63322736188894,-112.55405882510478,-114.3986954289397,-114.35791932546407,-111.78041418771586,-111.3982060865547,-114.14373108920789,-112.88991336227917,-110.95908839479273,-112.51264666487987,-112.62498355766135,-112.12058040357225,-112.22085104124109,-112.3031656524817,-112.81071604190481,-114.20169256612904,-113.51814471508406,-113.21152614053193,-111.93975802416745,-112.60272704755894,-112.14253699972001,-113.33299822076127,-112.9862529004405,-113.22405921414325,-113.02026368345913,-112.9729008286855,-112.14956246371243,-112.65718755808948,-111.1817512462286,-114.22691109454722,56,-112.69269384197167,-112.63322736188894,-114.3986954289397,1.0678493519340468,0.20231003523304658,-0.039285721510026406
HDOK,PLOK,17472,12,12,-111,3,11,2,33,-111.02696836597055,-111.36529997063529,-111.87804674551737,-111.03431031377396,-113.07561536930434,-113.41721258126424,-113.0111342341764,-114.09202414135183,-113.36313547454488,-114.24022574838683,-110.74730274234531,-113.81971291747517,-112.21419158735056,-111.33032807267186,-113.2497161842638,-112.88341845496232,-113.46327508256488,-113.02879899127387,-114.03478649509276,-112.16032610140066,-112.67417955620459,-114.45019275268109,-111.64186672644179,-111.38286410792512,-112.36485561400914,-112.67217241416026,-111.84784202962692,-113.79324911856206,-112.78839633149636,-113.40089225001195,-111.62441995897778,-113.31188821851846,-112.11486057534744,56,-112.65162149176638,-112.78839633149636,-114.45019275268109,1.0320959780982348,0.13260552213353918,-1.0219175006173988
HDOK,PLOK,17472,12,12,-111,3,11,2,33,-112.52865669674289,-111.26365516540999,-110.54478913077375,-111.34787128577841,-113.50865863413493,-114.52804609029232,-114.37733958143554,-113.4120578868829,-112.59307637130439,-111.22995673567532,-112.23790782076618,-112.86289889232204,-110.89914194444921,-112.2507989644133,-111.75490001030431,-112.85756492961931,-112.57219127441029,-112.31925561154148,-113.55401271169889,-112.36950763761782,-112.53715657236187,-113.63496062378468,-111.94281802213284,-113.51337129800739,-111.61188581172728,-110.71519411921045,-112.30276603805201,-111.70569097500831,-111.36552981403663,-113.20730743559713,-113.34823163397331,-112.82632322948112,-113.76143492805143,56,-112.4692411477878,-112.52865669674289,-114.52804609029232,1.0274638204505837,-0.018875514636676766,-0.638065606962289
HDOK,PLOK,17472,12,12,-111,3,11,2,33,-109.10717370051928,-111.46372209686929,-113.07447246744755,-111.7170260111955,-113.67546858769875,-114.30876514545662,-114.9770831440811,-112.89186818172209,-114.26659735259618,-114.20990191291484,-110.69320898031472,-111.72275965575662,-113.40826590801467,-113.24885768398025,-110.96299335914576,-112.70472142196303,-110.93494109827147,-113.45664458204983,-113.04513624337554,-114.63246972673127,-113.3755162868552,-112.48100224714833,-112.7321948319946,-111.73174423415463,-110.92230410273262,-112.29308762556111,-115.1758956714522,-113.0076233428182,-112.12751650587653,-113.39588833568472,-110.30412571214941,-112.16656065970261,-111.66558919692903,56,-112.60245836403524,-112.7321948319946,-115.1758956714522,1.9384481503882391,0.27913675423649303,-0.1285027947292412
HDOK,PLOK,17472,12,12,-111,3,11,2,33,-111.72415722233319,-109.64493042647096,-111.55491324328013,-110.74751605771736,-113.82261114316061,-112.2032706686273,-113.31395226374278,-112.49935759153077,-113.50895422536644,-113.58189219594504,-110.0415503736291,-111.91940040080524,-113.24812802029894,-110.09516947234621,-112.18727591530832,-111.73660523159955,-111.70124361281805,-111.8871716330263,-113.73169471021265,-113.44521402914694,-112.84422768543223,-111.75657338934077,-112.85191418813439,-109.7322253310022,-114.35527620196969,-111.08911928812371,-112.19250271235576,-110.6640482808686,-112.30159534543351,-110.41362317533572,-111.42528497570709,-110.40897216928515,-111.6197637890584,56,-111.9469737869519,-111.8871716330263,-114.35527620196969,1.5815185871352,0.06465028235888841,-0.812323279619859
HDOK,PLOK,17472,13,13,-111,3,11,2,33,-115.59083816670973,-110.53991661618636,-109.59054797718082,-111.77289437355118,-114.83635684471405,-112.7490035294207,-113.64801736594508,-111.43771062407276,-109.16419640057944,-112.01043827339628,-113.35432981038937,-112.420019840754,-114.06622934554431,-111.73103443320225,-111.4824814843933,-112.02344574928085,-111.94092117252711,-113.29105715364919,-111.38915016239426,-111.8702111888623,-110.2526409855429,-112.28218512255356,-111.12392030683948,-112.07398701547615,-112.59651400757103,-112.47462102877522,-112.27873326388556,-112.44048180134745,-111.3526093811998,-111.40338011652416,-113.7496261310058,-113.49785244190325,-112.27946469839036,56,-112.2034792973869,-112.07398701547615,-115.59083816670973,1.7816419688298812,-0.1815449918563705,0.7781081801855243
HDOK,PLOK,17472,13,13,-111,3,11,2,33,-113.83239002880768,-110.48432744984167,-112.89577199443468,-110.117602233126,-112.75283273574793,-111.90753725283092,-114.09819104497757,-111.80857518366592,-114.88371477893901,-112.57783619037043,-112.13753356788095,-113.48407630380018,-113.65243982598557,-111.35421034307224,-112.96213384313153,-111.43409581542178,-109.50370193416337,-111.72386995585319,-112.76441782983578,-111.92687853498548,-111.49158539957743,-113.68761298863795,-111.1102180033323,-110.98738994083422,-112.32653017622631,-111.94141714927336,-110.88868236050963,-110.92360650139446,-113.10655582989159,-111.6528199251767,-111.56772954143335,-112.92862564833325,-112.2947728664335,56,-112.15786918720988,-111.94141714927336,-114.88371477893901,1.4019136988932028,-0.07668318225738413,-0.11220525864537789
HDOK,PLOK,17472,13,13,-111,3,11,2,33,-115.97482362998413,-109.43643767540833,-111.7876067140838,-111.8108906153424,-112.11300987679466,-113.86083171950568,-113.8935362171336,-112.49975542140207,-110.73724931905151,-112.94325984795817,-111.9527661062359,-112.25581791418522,-110.57534539617875,-112.63624042718035,-111.14061208599388,-112.5096760853956,-112.25529551279871,-111.63290956512901,-113.46334148407476,-110.53973202599568,-112.12325939786986,-113.51609425790653,-113.37379324734971,-111.25746565595753,-112.97675929397771,-112.410161894164,-111.65900821661175,-112.67586671431876,-112.44308716306752,-112.39045924734454,-112.31575576413998,-110.68244978466315,-112.63549589957668,56,-112.25693315687211,-112.31575576413998,-115.97482362998413,1.4266243068834292,-0.4329968676802693,2.026900978493152
HDOK,PLOK,17472,13,13,-111,3,11,2,33,-115.90561410650666,-110.52285358867496,-112.04542256254628,-111.5777733570016,-113.3633364756912,-111.83044630184287,-111.70638677270182,-112.0271905506077,-112.22885478904053,-111.60493991001887,-114.6281899994629,-114.78056998567683,-112.37486838299048,-112.72265174482254,-112.48803906429576,-112.85237221089855,-113.8373042694394,-112.693840453682,-113.78956932854067,-113.43361791979528,-114.03116978546309,-112.40200185403194,-112.55843848401054,-112.92123503377296,-111.45397931332357,-112.92275207638583,-112.37434843272327,-112.36102844784503,-112.7951744271716,-112.83068767062181,-110.56691528951659,-112.68520575741364,-112.93127300463793,56,-112.70448640458044,-112.68520575741364,-115.90561410650666,1.2237298363889062,-0.6397235313402183,1.313365635394986
HDOK,PLOK,17472,13,13,-111,3,11,2,33,-115.17139050026724,-110.08717695184109,-112.47801407489688,-111.38100447280681,-113.13196098266364,-113.70062636156783,-114.72461798844307,-113.51845653146007,-110.47629690373638,-113.60441410864227,-113.99088385734754,-110.96002897732654,-112.97806855201515,-110.72322568162606,-111.8673206212383,-111.55834513585653,-111.94102256224375,-112.2941866250036,-112.88124684078674,-111.86326121154282,-111.36448182185511,-112.53649196082475,-113.25490159819368,-112.6792974232281,-112.80670230703444,-113.70230578553044,-115.4542933222205,-110.97328393570103,-111.59703485797687,-111.5560962409526,-112.84847894831982,-113.61840551354973,-112.13715004209264,56,-112.54122644541795,-112.53649196082475,-115.4542933222205,1.6718294891363032,-0.28459816968521584,-0.2684998475307485
HDOK,PLOK,17472,13,13,-111,3,11,2,33,-113.50911222760136,-109.40440450085117,-111.58446777342208,-111.71473411289517,-112.63822923338132,-112.15416348503884,-113.1202761450965,-111.65016591068878,-114.24794018313276,-110.35169484034087,-113.30347220519964,-110.66803954718391,-113.18035318249335,-111.25820210178706,-110.63798932342881,-113.08012531535913,-112.91855163651822,-112.51462254105398,-111.72763336233447,-112.71220236116837,-110.75498664758138,-113.51388732839592,-113.55170946493561,-113.86909553917175,-111.91830561185887,-111.29509632041015,-111.4131386068843,-111.4835003636101,-110.01391051476652,-113.54320370600945,-111.99819697968938,-111.11946875159322,-112.58699285896746,56,-112.10417796008636,-111.99819697968938,-114.24794018313276,1.4218597444341248,0.2396242050077936,-0.6777079473642713
HDOK,PLOK,17472,13,13,-111,3,11,2,33,-115.36230041890072,-109.78611388033428,-110.71263556754919,-110.45872108632301,-113.12298999187792,-114.2819781665063,-111.8447060865735,-113.56012024754278,-112.80875087024414,-112.40970613493238,-111.46887758615149,-112.94204897416932,-112.19799767270662,-112.22989609330233,-111.82284630669987,-111.85136659180705,-113.40731139000455,-111.24684710984694,-111.52516960495129,-113.04828085796997,-112.0090600413849,-111.06453184206235,-113.85773238021484,-114.2733981592684,-111.01648786533245,-112.38913139577731,-112.91443189526552,-112.98539614679525,-110.73177994023793,-112.14677354207144,-111.17879695654224,-110.33534930817805,-111.57653081884564,56,-112.19903227061725,-112.14677354207144,-115.36230041890072,1.561908929010204,-0.3745111954230086,-0.05102773708606412
HDOK,PLOK,17472,13,13,-111,3,11,2,33,-115.0457292532097,-108.83609772185392,-111.0223835979471,-112.41177198899692,-112.41944457543676,-113.45489135576508,-111.42725296158656,-115.3828950408626,-112.01453934159572,-113.24992891189964,-113.30925631696658,-111.61939497847817,-113.08992565942171,-112.70720097908729,-111.89935879720524,-112.59022432237192,-111.24226476083818,-111.51480718405595,-112.18814518369926,-111.75037093096358,-111.1883667648019,-113.05834696716265,-111.64535075223469,-110.84802678520586,-111.76396688240425,-113.21597474604934,-112.11482469872958,-112.77980020482357,-110.75886818713751,-111.41503925760817,-110.9166491686826,-112.13544127376503,-112.0171352546864,56,-112.15253560016767,-112.0171352546864,-115.3828950408626,1.4711029580841979,-0.32861182284666485,1.9746791334998535
HDOK,PLOK,17472,13,13,-111,3,11,2,33,-116.42372178895145,-110.17652793498425,-111.63515726463811,-111.08041261826556,-112.84181262599063,-114.27099455934277,-112.67652901997404,-112.97353864853135,-113.69808627216116,-113.19016209027093,-110.97434958723015,-112.8283113508778,-113.0818311478728,-112.5851835844722,-110.1256955297128,-110.71168392545225,-112.43874107988839,-111.88446464096032,-114.00073130994079,-107.72953787384495,-113.0547290583406,-113.67748818305525,-111.70100871761635,-113.18806042548208,-113.05808452831752,-111.9086540451911,-111.34586205697808,-112.26769401896237,-112.20866156255177,-114.19370505212528,-113.40661399258282,-114.08454198628473,-111.38846184607655,56,-112.44881934324019,-112.67652901997404,-116.42372178895145,2.3719662048672463,0.4824555946709885,2.1310702535206887
HDOK,PLOK,17472,13,13,-111,3,11,2,33,-117.08334001520039,-110.18659318173653,-111.21883940738329,-110.36151296674723,-112.58115505257457,-112.50800737634933,-112.6956142110296,-112.80465843760058,-111.62061584146386,-111.20954750585014,-113.23864246234314,-112.53142520090256,-112.36414676078208,-111.30918328698286,-110.911071218438,-111.24420930802957,-110.21334158085067,-111.63841330998382,-113.83599596278387,-112.37701795574976,-111.75092052170484,-110.09223539306797,-112.3902288968473,-111.85468335636673,-113.86469142730768,-111.16076863724702,-111.10497091560474,-111.73246816010668,-112.84347660496385,-112.05031336944735,-112.65422570606349,-112.06287711025513,-110.37549165802513,56,-111.99608129696333,-111.85468335636673,-117.08334001520039,1.7773467366148177,-1.5715535574864605,5.106386846619566
HDOK,PLOK,17472,13,13,-111,3,11,2,33,-115.74676887607012,-111.50599991707054,-109.71713360485397,-112.30382132290721,-113.87666391272042,-112.49091863245984,-112.42375389226903,-112.5398825650447,-111.29680915061687,-111.75540707520095,-112.24008303478881,-113.39819269678958,-111.05416944462982,-111.62884312937902,-114.0883387106144,-114.77840556513324,-112.5684607874054,-112.04944258037631,-111.60899761816596,-110.8548611428612,-112.83851199906246,-113.03523105299226,-112.58537477987072,-112.93069308588382,-112.89192638914719,-113.05609141477237,-112.99864202540971,-111.90678364086234,-113.12889563124564,-111.5627810855736,-111.60389961593724,-112.70913760215555,-111.59874703682824,56,-112.44768693997266,-112.49091863245984,-115.74676887607012,1.2988672688314837,-0.5339089593453294,1.5751545611288393
HDOK,PLOK,17472,13,13,-111,3,11,2,33,-113.14189489836411,-108.5921993556221,-112.36692052531694,-111.7668948879728,-114.74472832223341,-114.116041935656,-113.79693115517384,-111.75434826472362,-113.91773626478525,-113.49879331872681,-112.4712085442316,-111.20239656799754,-113.54122910059952,-112.77882058330026,-112.05998379446315,-113.25046076306663,-110.94432804335017,-114.57935352685642,-114.2819572297134,-109.99005539842594,-112.09490431145504,-112.37151414178122,-112.18427820199418,-112.34356544886946,-113.3510223233814,-112.66146174231324,-111.64903499452137,-112.4851541178984,-112.05716180413805,-113.7493873391597,-111.54008577417626,-110.7910137598521,-111.40246559689683,56,-112.46901006172777,-112.37151414178122,-114.74472832223341,1.7426627579314569,0.6127395748170729,0.9144136083700078
HDOK,PLOK,17472,13,13,-111,3,11,2,33,-116.90398901750974,-111.21777149294455,-110.38262241362786,-113.02572641216744,-111.94983355292923,-114.62257647988893,-112.94838524669807,-112.81171403046334,-111.93156310138103,-114.00210004424551,-110.37461008431559,-110.09260814413071,-111.57804924872327,-110.65972841103878,-110.77627824125675,-111.41324398370462,-112.67144057563499,-113.07110259871968,-113.12303120956649,-113.62986162079555,-113.48840852070116,-114.82955645288547,-114.04918290650004,-112.10908047011041,-113.3973171098247,-111.97743930540211,-112.63234852426554,-111.80772722483007,-112.40296380831619,-113.58264968101992,-112.27859849263366,-112.80478662110963,-111.79647144409849,56,-112.55584140822543,-112.63234852426554,-116.90398901750974,2.0137459370980464,-0.6547267708457802,1.307013449444995
HDOK,PLOK,17472,13,13,-111,3,11,2,33,-115.37699288902637,-110.69463906751764,-112.92044874253719,-110.70964449902192,-112.17710884422662,-112.5897521430308,-112.87327352094245,-111.54317201191135,-112.65096621441839,-110.92139649291272,-112.9396009923842,-112.20742728156192,-112.27640207085095,-110.55621706460106,-112.95303025532068,-112.5282610836862,-112.9363957568317,-112.3629233363482,-113.04035837507467,-113.5350561129997,-113.39847124501539,-113.62868153231466,-110.49338427321447,-112.1172858304585,-111.24338769663909,-112.50107550565617,-113.26319396626666,-110.97986873967157,-114.79333651081551,-112.82184628874084,-110.7677037988561,-111.8848733654477,-112.34189867213027,56,-112.3644870963767,-112.50107550565617,-115.37699288902637,1.3143616205310182,-0.31561824716166853,0.36965568657890246
HDOK,PLOK,17472,13,13,-111,3,11,2,33,-115.82854915282383,-111.79208643698391,-112.06083452492422,-112.60359126823586,-111.95907064313076,-112.46139398844005,-111.07245042236187,-111.91255455175119,-112.80476494798953,-111.95899626506048,-112.38010132318557,-112.283177352327,-112.49243103357664,-112.41855265924173,-112.21933694116925,-112.46940696018157,-113.6240165683992,-112.50863553440799,-112.75080075933812,-112.58818945757493,-111.67733069612744,-112.57764299239425,-112.37051824301672,-111.7050114176452,-113.51625282188105,-113.5721587901852,-114.2990209481788,-113.28489811101193,-111.67130084248653,-113.16416910549664,-113.01441927655462,-110.9796721566035,-111.43257541632936,56,-112.52890641239439,-112.46139398844005,-115.82854915282383,0.8639609700300471,-1.369625144899967,3.65138123189096
HDOK,PLOK,17472,13,13,-111,3,11,2,33,-115.0708601859877,-109.36587847680838,-110.73465423551751,-112.35994902986054,-114.59198310072205,-114.03399275472299,-112.89028487910669,-114.11131260821803,-114.0583460367038,-112.55656664028483,-112.22510172931031,-114.08717585069677,-112.99749860845574,-113.84270480212069,-111.34389314520328,-112.5524064136025,-111.81571617492632,-113.24096445530459,-113.00339756110796,-111.96037473030731,-113.23344153441437,-112.06098653331566,-113.1145992110042,-112.67992715730436,-110.41402173966124,-112.1898029441066,-112.92283897636935,-111.3073697341272,-113.68503223487325,-112.28733849673756,-111.9707161195245,-110.2727890358873,-111.79782674110689,56,-112.56908339022428,-112.55656664028483,-115.0708601859877,1.613313237803308,0.38110552906245676,0.14265351446962082
HDOK,PLOK,17472,13,13,-111,3,11,2,33,-113.64329786788382,-110.07454456455658,-113.00945491396503,-110.92890574427187,-112.9878087765346,-112.92278617593092,-113.92450965456112,-112.63025201690925,-112.595413327121,-111.53098500941792,-112.56408370248175,-112.36322673568533,-112.08731157436691,-113.60657501463047,-110.43889265000988,-112.54881317692053,-112.48118228880297,-113.15397387275586,-111.60318551187964,-111.43596320321299,-112.48033982541861,-114.46679815712582,-111.16991561790854,-112.65354760652743,-114.98064493749955,-112.35413717565051,-111.94585756413025,-113.09138216927965,-110.65635185999778,-110.71869382725929,-112.34696021355158,-110.3061760496562,-112.41809507006468,56,-112.30666866230204,-112.48033982541861,-114.98064493749955,1.3344306495355804,-0.008052805910213337,-0.1059817263912679
HDOK,PLOK,17472,13,13,-111,3,11,2,33,-112.10558108280055,-111.09458110195492,-111.80935839048487,-112.99593624351719,-113.87937167830314,-112.87642379092833,-112.61690010923921,-112.54755974144501,-112.65984115930493,-113.07902564952848,-111.7971747997083,-112.59604327952059,-111.33845557006262,-112.28945086690317,-113.08011328227882,-112.63457298126198,-111.99599820752456,-111.35935902654491,-113.10527387572607,-112.56784666710115,-112.08855061313945,-112.31273605229562,-113.56856466791665,-112.94687329547003,-112.22527420641342,-112.52836926656381,-111.34756256469015,-112.83941105144609,-112.6918139601413,-111.77862378065873,-112.83177303318072,-110.57112382450377,-112.62260028816578,56,-112.38733770026438,-112.56784666710115,-113.87937167830314,0.500050222720311,0.4889739592665485,0.32725783723360946
HDOK,PLOK,17472,13,13,-111,3,11,2,33,-113.92876964586901,-110.27359173656191,-111.359558501486,-110.97113776099,-112.22543758225002,-112.96419345952667,-111.99705328181949,-111.55210993118482,-112.85909756315732,-111.43751947730091,-111.45458020632775,-113.7134497678138,-112.39675733606424,-112.76428222029523,-113.38716577664984,-110.79343387943764,-110.1426366737194,-111.75945786878144,-114.13057652176074,-111.45697414541684,-112.62624701713258,-113.35174416978289,-112.15836359685008,-114.18402226903991,-111.39621311566478,-112.04509265927081,-111.63564054134483,-111.52767530770402,-110.84343711716399,-111.73924034096927,-111.99061842960691,-110.09242869129208,-112.82063021998144,56,-112.05997384279445,-111.99061842960691,-114.18402226903991,1.195088365827386,-0.2197720706298784,-0.5239072460706256
HDOK,PLOK,17472,13,13,-111,3,11,2,33,-115.10927622882457,-110.12891451346808,-110.4342628106988,-112.49562299004259,-113.06766187492079,-112.27231871754621,-111.15064224025748,-112.34480436168322,-114.49130825779578,-113.43379447892593,-113.45077512145888,-112.2660902394498,-112.52258743426852,-113.42599990347148,-113.22589800067038,-111.46193467701345,-111.47864119943969,-111.796132151342,-111.89078966530954,-112.14661277456746,-111.44070521253592,-111.2961722985839,-111.9570770773682,-111.78540676907811,-111.36416444376123,-111.16187187414016,-111.3063624338537,-113.9949608613752,-112.0716624211664,-111.04334664576365,-113.39409915970214,-112.2386638248551,-112.20900618765096,56,-112.2381080863936,-112.14661277456746,-115.10927622882457,1.2218513059282439,-0.5963692109531349,0.286284438675227
HDOK,PLOK,17472,14,14,-112,2,11,2,33,-110.90241351090424,-113.10629067703398,-114.00289638793559,-113.958214285814,-113.28825341248404,-114.35636869398796,-113.54899119648813,-113.45059968551772,-113.6673721170889,-114.75895345778027,-117.22118159914028,-115.16719467385053,-114.89226926929938,-113.96058231739809,-112.59825886059019,-113.38739920014778,-112.24449977629254,-114.31280666080094,-112.29672008567157,-112.78730211926336,-114.43219550602628,-114.60635725596829,-113.16551080163646,-113.85929848381757,-111.15119157244975,-111.36438146489336,-111.99142471777799,-113.31299579140688,-114.52421795180453,-112.34982363188834,-113.28721815538724,-112.30201184495039,-113.05645737129836,56,-113.43368644050891,-113.38739920014778,-117.22118159914028,1.5813250202870996,-0.384890613277636,1.3268723115014986
HDOK,PLOK,17472,14,14,-112,2,11,2,33,-110.82534360709951,-112.64983957389778,-113.7492063538847,-111.07692205812512,-115.46875140468191,-113.6505782645741,-113.17020495082872,-112.38765430224137,-113.86306313890196,-112.62896358258249,-112.66999931206622,-113.29024094316848,-113.0485174111973,-113.58705714282094,-112.40842501249416,-112.11800678885146,-113.18400161754418,-114.32845319870005,-113.86428546200415,-113.6482847968457,-113.9023660674542,-111.07046693490571,-111.53273037080612,-113.68471386217155,-113.77605439112745,-113.450949192244,-112.83166603419596,-113.02215948273091,-112.37424090160775,-113.86937425513254,-112.44473640104708,-113.13535093867974,-113.28783803259236,56,-113.03031653900625,-113.17020495082872,-115.46875140468191,0.9415067692287931,0.3496364783974844,0.7275324054509631
HDOK,PLOK,17472,14,14,-112,2,11,2,33,-110.20336852501111,-112.3818532244168,-113.52980625807606,-114.27388146969511,-112.40087571575748,-113.41321977202365,-112.81408329436898,-113.70735680871182,-117.60688834847048,-115.28801931589072,-113.88114311753526,-113.39039710071545,-114.08336468730992,-113.13063802624424,-114.12010589115748,-112.96221997657895,-114.47471653594704,-112.11940562215244,-114.03809906061684,-113.11840795327404,-113.34396934176421,-112.86001327982021,-114.52955378845456,-112.22143107415107,-113.9124387267979,-112.2815753340859,-112.74644347552896,-113.54584430464388,-113.99268717077591,-113.83510437521731,-112.86493047005914,-111.7064969205382,-113.95510152102602,56,-113.41616486323687,-113.41321977202365,-117.60688834847048,1.467058408406101,-0.6838166918218536,4.0986338829872295
HDOK,PLOK,17472,14,14,-112,2,11,2,33,-109.55957955572269,-113.12615190545682,-112.68697666049333,-113.36341075785651,-113.13437811763181,-113.20756129298766,-115.52338330232442,-115.24804000673161,-113.08155050890971,-113.60613502573773,-112.56408701947787,-112.2299962340215,-114.63606499509409,-114.60335934373818,-112.63960607415316,-114.72787734311588,-112.83980300527801,-113.55377054613433,-112.08239621834376,-114.1365142997173,-112.99078540997563,-111.09670703303092,-114.45383714911114,-113.38278636922368,-113.45863813815458,-112.65257338263089,-112.96280170947874,-112.74143069684541,-114.26149519448964,-112.50318552402318,-112.74681153557333,-114.232220730929,-114.96703488637017,56,-113.3030590900837,-113.13437811763181,-115.52338330232442,1.3967184254340288,0.6602106174151752,1.8827398923260898
HDOK,PLOK,17472,14,14,-112,2,11,2,33,-111.30406384238245,-112.04064225743473,-114.83429918417006,-113.85976749656963,-113.46787263628076,-113.74992681391316,-114.13438745461342,-114.52474807749711,-113.80448965117408,-114.85197349971651,-111.80229476808925,-114.25511990195615,-114.38866195444952,-114.27518709430218,-112.94738009084328,-113.72830351260671,-113.46423961115461,-113.09084935768512,-112.48182379752414,-114.26287391519969,-112.71869486764236,-112.25979454704103,-112.43112021634134,-113.64754528637005,-113.08217744830358,-112.32341226683889,-114.31414853643125,-112.31320714876787,-114.01101899334903,-112.26364428598745,-114.03632813196168,-111.23506441757601,-113.21356742265517,56,-113.30662510566147,-113.46787263628076,-114.85197349971651,0.9783199188141251,0.40291035028529637,-0.8145441306913117
HDOK,PLOK,17472,14,14,-112,2,11,2,33,-112.09611564256134,-112.42617233093218,-112.98225691174117,-114.84819045957428,-112.79200465679068,-115.58689947652442,-113.66676825722925,-112.380776415887,-114.55350659480492,-114.11715245408799,-114.37080719816836,-112.2878101155745,-113.29344587908258,-114.72709957813824,-113.0117092442453,-115.51313107974772,-113.52905020925024,-111.61541766991378,-112.62765045157238,-112.88734754535614,-111.92982359585987,-115.10754960372785,-113.86538084201585,-115.51643155256416,-111.59254462058492,-113.17703250975703,-114.51680840530723,-112.42558806506392,-112.58189553104476,-112.47085089498657,-112.89929716645501,-113.56237328345749,-113.97168820123584,56,-113.42213868009826,-113.17703250975703,-115.58689947652442,1.3049321686193072,-0.3769076927518633,-0.8781684934374039
HDOK,PLOK,17472,14,14,-112,2,11,2,33,-111.13479937215459,-111.40541173893814,-114.9631154095984,-113.29917261539634,-112.22995984637953,-112.41081638980073,-113.49034573960611,-114.5882352047071,-114.15998586816531,-113.98619403884672,-112.64069052977229,-113.61348016824375,-113.1562829696072,-114.89070040042014,-114.00538262332175,-113.000073179462,-113.31184589802838,-110.16829216817115,-113.42795554990444,-111.52347171610778,-113.90223758550673,-114.87774692580246,-114.99079685612845,-115.3107661028925,-112.13942585505143,-111.48540620989564,-114.21453425674795,-114.31951033328663,-113.01278871878289,-111.32717585560515,-112.18588891803306,-114.1662692543866,-113.39511156582705,56,-113.234359692866,-113.39511156582705,-115.3107661028925,1.6557407707434326,0.4424237151537381,-0.5317691560995157
HDOK,PLOK,17472,14,14,-112,2,11,2,33,-110.1684942822415,-112.88527109766532,-113.36663438603858,-115.81494194565427,-110.88444561818446,-113.38260997734199,-114.99923742125006,-115.60482960865532,-114.2696406348594,-112.58636313112002,-115.10971853404618,-114.94640724081944,-113.16102115027338,-113.74905231981283,-112.41890832518348,-113.6024931523162,-113.4496268364098,-113.46875974834963,-114.19348499023207,-113.92127086335485,-113.39726495274532,-112.51374777688392,-115.02637182610528,-112.98178611062747,-112.41024364289991,-114.0818649878981,-113.22137013740208,-114.66535940993532,-112.2565392680923,-113.71713384093302,-114.68514947100637,-111.67387157432648,-113.08750065275781,56,-113.5061034822855,-113.4496268364098,-115.81494194565427,1.5624238947130955,0.4623201187904132,0.5209636489535256
HDOK,PLOK,17472,14,14,-112,2,11,2,33,-111.16148791753822,-112.51834727622796,-113.62526136830829,-114.18309874880079,-114.29488843688439,-113.86427432298456,-113.86740942249217,-114.11377812625678,-114.55327594321895,-113.22861936294139,-115.42582956997488,-113.79982579240864,-113.81930968075082,-114.3817158768075,-111.76646430456758,-114.25352797365659,-113.06762980475531,-112.37728580262332,-113.35584652255372,-113.16826477933965,-113.89930154216736,-112.03266046594572,-110.31840816503082,-113.52482215092192,-113.64991858852083,-112.9646867590378,-113.26716180068937,-113.96251427696853,-113.34293993046796,-114.27136164663334,-113.82334325681289,-112.87305536639131,-112.96412157828503,56,-113.38546777457466,-113.62526136830829,-115.42582956997488,1.0056847212605557,1.061032931945611,1.8859356302881802
HDOK,PLOK,17472,14,14,-112,2,11,2,33,-110.11500596941082,-112.8406981076434,-113.1667287396913,-114.00546927889137,-113.23717272055977,-113.25179155853583,-113.75442078924829,-115.29444088144956,-110.70592844116779,-113.46829986766953,-113.08007463443506,-115.8560670677391,-113.02613530564923,-114.25066384520295,-113.26394723699053,-114.8568104157497,-112.40268645280992,-113.60255080392531,-113.89978127071474,-112.41112595163847,-115.80588337809279,-113.23223449393652,-113.4530821505824,-112.58274983077123,-113.6156876950897,-111.03139609952264,-113.52843269088893,-112.65953281792858,-112.8760802989814,-112.87804851557314,-113.86497913483939,-113.82660777726798,-113.7364208903077,56,-113.32063439736076,-113.26394723699053,-115.8560670677391,1.4397578526608847,0.37823192486499174,1.5428900681700122
HDOK,PLOK,17472,14,14,-112,2,11,2,33,-109.45707155869252,-112.4702005937746,-112.61511768033581,-113.6051786357703,-112.90799345675379,-113.0189391506432,-114.9944180258301,-114.63940035924706,-116.50924269117172,-113.00672968083126,-114.64014119119658,-113.47057828423294,-114.63610523491725,-114.50429412766752,-112.77549503498878,-114.94955073457967,-113.83650861696736,-114.88938619795832,-111.86116351495873,-111.67954174682019,-111.67350863789036,-113.91598839140234,-114.11142977845195,-113.79060123854701,-113.04252408900288,-113.98193429438818,-111.42037642874662,-113.91423453721336,-113.49928969895902,-112.95614188470333,-112.34345822239774,-112.9265374284696,-112.81140778025504,56,-113.359226937205,-113.47057828423294,-116.50924269117172,1.7142312553530759,0.42801001793631904,1.4909774109915035
HDOK,PLOK,17472,14,14,-112,2,11,2,33,-111.73693472780649,-113.77811368237639,-114.46926659330713,-112.57443323223818,-112.90649624254407,-113.23349602030608,-113.87033884430754,-113.33426301299296,-116.49360021837015,-113.89715650392968,-113.50428750056174,-114.54856069508669,-113.87475412175259,-115.17601372729484,-113.88406428362173,-111.89941785133632,-112.39143626264605,-112.77611393591947,-113.53410608602552,-114.34771746805309,-113.33612106386063,-112.34782046976765,-111.93235487429179,-114.21234646214909,-114.43738961471733,-112.94639314668372,-112.74635906634937,-113.30268281452055,-113.39795637936363,-114.46637433520142,-112.7126297662311,-111.95324485619614,-113.99631814023721,56,-113.45510793939535,-113.39795637936363,-116.49360021837015,1.035398177441687,-0.5649464700008547,0.9632012175123221
HDOK,PLOK,17472,14,14,-112,2,11,2,33,-109.87392962177796,-112.73550966861983,-113.35534044341557,-113.96707321323345,-113.09016042510893,-113.53295339577998,-114.42171924855573,-114.01524125543716,-114.43397442357275,-114.58563418820695,-113.67959548491075,-113.52381377547303,-113.9398869064826,-112.99893176725905,-114.36800097666047,-112.80230850425481,-115.62729239736612,-112.4567431061557,-112.20261774491395,-113.86736631492613,-114.23461986083171,-114.01124669665582,-114.14076464864627,-112.5304323699333,-113.5269765543186,-111.9688987799672,-112.56497220694001,-113.892973546277,-113.28288498533212,-112.53734931575826,-113.2717332865523,-114.39275518670146,-113.31778254224157,56,-113.42883281340201,-113.5269765543186,-115.62729239736612,1.0203281740414276,1.1069489130535166,3.494005904151042
HDOK,PLOK,17472,14,14,-112,2,11,2,33,-112.27241034578005,-112.50680640957624,-115.30809065002515,-113.45308755265883,-113.46659472814585,-113.60742491519245,-112.26571959467105,-114.4246281597939,-114.49227032893667,-115.8273427299473,-112.13507482075045,-113.67839842798008,-113.81889076517582,-113.84975236125082,-113.12738421648068,-114.65105937474674,-112.9679513756221,-114.16620276074009,-112.87747765871596,-113.69362808543366,-114.98038673716239,-112.35337693263081,-113.70450962856435,-114.39276510489286,-113.88847961128702,-114.56646390087145,-114.93443753964057,-113.04195312643671,-112.51583422823502,-112.03933986292002,-114.08589302576145,-112.67193727527177,-112.55962167967442,56,-113.58561193681737,-113.67839842798008,-115.8273427299473,0.9686628410669182,-0.252676132133418,-0.7109710104577278
HDOK,PLOK,17472,14,14,-112,2,11,2,33,-108.86093396367515,-112.86455166395442,-113.77914715596977,-111.93148073258699,-111.41285358330333,-111.23585624178155,-113.61532505151106,-112.9769462533737,-113.67727138698577,-114.58437046720236,-114.106189919635,-113.7790230483188,-113.79682874992672,-114.98959433720302,-114.80177700209592,-113.49753090171372,-112.94791664519617,-113.22450311286802,-113.60249200909547,-113.61966619692582,-113.36796317009316,-112.96104126852366,-113.82816962246527,-113.83203972584302,-113.63518772898928,-112.58919681054097,-113.26920974060836,-111.30586342288402,-113.55332879045089,-112.45530254578067,-112.73428437842202,-113.61954809756934,-112.3020605868407,56,-113.11386225188895,-113.49753090171372,-114.98959433720302,1.355842165733714,1.5872439137659846,4.200392869267089
HDOK,PLOK,17472,14,14,-112,2,11,2,33,-111.04044510504266,-112.7499298675218,-113.981073297283,-114.69070509298756,-111.15289781253566,-114.54013969864027,-113.36149348681168,-113.61086673837309,-115.80297189673553,-113.0298124078189,-115.4341330501138,-115.97369769962472,-112.56655025948444,-113.5524790380222,-113.20762167608882,-112.20386476789753,-112.9146877965341,-114.25136852954145,-112.1929253561971,-111.69795965625374,-112.88847751423604,-113.45627931821642,-114.72802726981703,-114.7517794064155,-112.80235600700456,-113.97247185113969,-114.21818535284028,-112.05431748877137,-114.16833531609693,-112.65865776229762,-111.95757590480008,-113.11492626349738,-114.19235985965453,56,-113.42179916813016,-113.36149348681168,-115.97369769962472,1.4999029225446165,-0.11990822775982142,-0.39814547870084693
HDOK,PLOK,17472,14,14,-112,2,11,2,33,-112.82186250110745,-114.44418731624849,-114.59906910749808,-113.94932957827439,-113.1826942423251,-112.42062811397128,-112.05978876890704,-112.95043637105763,-115.59416878795221,-114.4567295888807,-113.43517045911068,-114.00366662455379,-112.60337881716545,-115.44544457967285,-116.03481859417332,-112.61263647148269,-112.96542887645298,-114.35856710941184,-113.65886837099389,-112.61523409242703,-113.96482400201229,-112.19693864417415,-115.2301752623333,-113.63871474623006,-113.8619681749125,-114.45206025952459,-114.65612115931522,-112.86352791910409,-111.9252398988927,-113.38366467102712,-111.62777933629616,-112.57786930211607,-114.04746764043973,56,-113.59510482994074,-113.63871474623006,-116.03481859417332,1.216678409325118,-0.29372307759232735,-0.584012458271391
HDOK,PLOK,17472,14,14,-112,2,11,2,33,-111.02317447988324,-110.60106289906851,-114.291488166496,-111.86483206593469,-113.06965033012897,-113.92487297654763,-114.9532657264593,-114.47281370796918,-117.10447016448077,-113.57634622082618,-114.82512722571495,-113.9445151813063,-111.86481759131321,-115.4352820819928,-113.33161394301395,-113.40930784404814,-112.2896501176326,-112.9784735078424,-114.05813752784009,-112.7342779777276,-112.30911312992387,-113.75866730367856,-115.80384441216613,-113.31003374672513,-113.27527184741616,-115.32247887110333,-112.86161769218921,-112.44261862843156,-113.94201020592466,-115.88168140381978,-112.21744922322509,-112.3463884792302,-113.46749187042897,56,-113.53611656213603,-113.40930784404814,-117.10447016448077,1.9949351026996462,-0.3206834441868481,0.18587840466673855
HDOK,PLOK,17472,14,14,-112,2,11,2,33,-111.98568793272446,-114.31733821782127,-115.39532375253344,-112.85034812737206,-113.82565812383964,-114.25571974815482,-114.55688374982988,-114.34636254632527,-114.34326925030089,-114.75571720617182,-113.2219895768205,-114.61024170745506,-116.11855408997376,-113.32489397390849,-111.83054412443472,-112.5384875360873,-113.49983630586065,-112.94333778774427,-112.86175419371696,-113.34639142820949,-113.4958868238478,-112.99961671174465,-113.39774768820651,-112.00393359207213,-113.6424739488641,-114.07186600891718,-114.26725174911016,-112.97094718072164,-112.201617069672,-115.0273246815099,-113.70764429712062,-113.66482175484823,-114.52394644813769,56,-113.66373991921387,-113.6424739488641,-116.11855408997376,0.9815522341214669,-0.16929344492134754,-0.07742818929977346
HDOK,PLOK,17472,14,14,-112,2,11,2,33,-108.99713432293359,-115.61204785971837,-115.16193410330253,-113.44219637548862,-113.66939720607205,-113.14005499405796,-114.93199227173271,-113.66850585831232,-112.59683336061104,-113.33501053742958,-114.66378470473092,-113.75914367919636,-113.15045135568872,-113.48032504117684,-114.73867735843066,-112.15864828560096,-113.41251582734257,-112.94228735234213,-115.12541807560382,-111.92666559104696,-113.83927828192338,-113.70537407689424,-112.47256001891508,-113.07618538735488,-111.56100984763839,-112.81637599424295,-112.90829581443332,-113.10330677651172,-114.55680154386522,-113.0149816329315,-112.41674268384142,-109.68744386448115,-113.23856223037738,56,-113.22151340346149,-113.23856223037738,-115.61204785971837,1.8664549551754974,1.0754206863476412,2.484952465739178
HDOK,PLOK,17472,15,15,-109,5,11,2,33,-112.4454088848801,-109.79038389551842,-111.19936841041728,-110.1703218055532,-110.29382552154259,-112.1544022429963,-111.90798969811517,-111.0342614053079,-112.20367052732264,-112.30451989373789,-111.57502268963754,-111.94785911782303,-114.37726238970198,-110.30004384931827,-113.03025246765219,-110.17750544795011,-112.89870210950473,-112.40245238975157,-111.27520705846676,-111.65464039891428,-109.8876226797803,-110.48727021924455,-110.92505922596895,-111.57959171868168,-111.43874177168425,-110.95076555487037,-110.01535152113077,-112.11471965884094,-112.12045458489511,-111.88369357392092,-110.66693332318837,-111.50044355651214,-110.27073152377461,56,-111.42377209444257,-111.50044355651214,-114.37726238970198,1.0709029520544926,-0.4895065162924683,0.3790900785371494
HDOK,PLOK,17472,15,15,-109,5,11,2,33,-113.96049004416751,-110.28218234950319,-112.29074043447021,-110.99171677013035,-111.44284253752994,-110.42908110317066,-110.96441613860229,-112.06076862987904,-114.17666642171457,-111.17236987264674,-110.66691189571372,-112.69980096825519,-112.06040739528565,-111.01157042870267,-112.63539567259465,-111.14058160714781,-111.37666729592293,-111.94012991472601,-111.80844365194213,-110.20175276471112,-109.85307502141804,-111.63158795421927,-110.64961944989281,-110.34973127633326,-111.1479115330759,-112.84136627853864,-111.34345189535189,-111.22309219802503,-112.24315944183464,-109.14955939433001,-111.35064904988252,-112.0417421829978,-108.81608602272954,56,-111.39254447258926,-111.34345189535189,-114.17666642171457,1.319799808472275,-0.20973853556517158,0.6938887550140014
HDOK,PLOK,17472,15,15,-109,5,11,2,33,-112.324968589045,-110.96207465446344,-109.95186808389528,-110.64364874132828,-110.06868003721506,-111.1246693424528,-111.00744963074372,-112.52063411554307,-113.02469972803249,-113.04218119177148,-114.16042708950832,-112.48739692038046,-111.70417036191284,-111.18096176974906,-112.31174685863873,-111.16345231951996,-114.59799164156819,-110.1826756324079,-110.51764611776714,-112.05334525396299,-110.08100224587048,-112.04878402951334,-111.17225100434342,-112.67149440838351,-112.0670081215029,-111.97787279654897,-111.58997748261707,-109.06575685477158,-111.55744602257577,-110.46255885051849,-108.99284044157596,-112.05082491609363,-111.62148046744241,56,-111.52696926429283,-111.58997748261707,-114.59799164156819,1.5693059877222584,-0.19427380180480144,0.3164843870438889
HDOK,PLOK,17472,15,15,-109,5,11,2,33,-112.5258317925323,-111.41224497037221,-111.70136363818015,-112.7746791333827,-112.66773719254316,-110.6908199759441,-112.45277185124091,-110.61811232726483,-111.90886804987183,-112.29546570759818,-112.88827364321082,-112.7931914666104,-110.12296381737904,-112.35318060325984,-111.5242415293724,-110.26247232361656,-110.69600071002903,-112.28146401209924,-112.42344331491803,-110.90842345513545,-111.46646252909493,-111.88260490227083,-110.63634292469338,-109.9046178889607,-111.86068304007331,-110.78317356404888,-111.35064573883001,-109.9588962806798,-112.8911486769093,-110.7020066781114,-110.3183023629285,-111.48700778179955,-111.52324210052022,56,-111.5171722419237,-111.52324210052022,-112.8911486769093,0.8449772219950094,0.12572410244150872,-1.229834742721303
HDOK,PLOK,17472,15,15,-109,5,11,2,33,-115.53274427426469,-109.8018079508967,-110.644015095397,-109.67211447621438,-110.84666858663724,-112.6142801848053,-112.43890302962963,-112.09033054223052,-112.26962110812973,-112.00688796665122,-112.71945582008544,-111.4389306158628,-112.18302396667808,-112.0665649783297,-112.54815023875803,-112.28316369596561,-111.86640535709209,-109.78873186632953,-111.98678099183459,-111.3588520267187,-112.73599134806318,-109.3789278473403,-112.89349145121668,-109.76159284230563,-110.61468895713614,-111.92496781217613,-112.47638083965262,-113.43326647426167,-110.64451497358138,-110.36885466221351,-112.83023072854766,-111.88897933134322,-110.85663416438257,56,-111.69593800620397,-111.98678099183459,-115.53274427426469,1.6364613242262738,-0.3215518728631293,1.035001032269315
HDOK,PLOK,17472,15,15,-109,5,11,2,33,-114.69387861615695,-110.42496131049089,-110.23772029403418,-110.02501850630983,-110.8764071557603,-110.72811845715519,-112.58601768994117,-111.43128419882855,-112.16929473920398,-111.19625459585431,-111.84876012651463,-112.09314370654718,-112.16066084006601,-111.55855457030265,-113.74293424474438,-111.59197522066212,-110.85092665657616,-112.07889329476302,-112.67315427750393,-110.30359060084217,-112.25195574032689,-109.82808576815425,-111.05581085452202,-111.036608584364,-110.06535771267416,-110.48182459496361,-111.89185302509358,-111.88440840322609,-111.01875846030906,-110.42156242022823,-112.38353574252136,-110.7152877659511,-111.1435971762053,56,-111.43788470759992,-111.19625459585431,-114.69387861615695,1.1306332241252408,-0.9523658760904568,1.3757691566003873
HDOK,PLOK,17472,15,15,-109,5,11,2,33,-113.77756992784586,-110.41954717797093,-111.24923490248433,-109.67706188626207,-110.34888944379547,-109.97686915112716,-110.59655799696719,-112.4175353770304,-113.01495220276063,-113.75567582904296,-111.09914189767777,-111.81999056654267,-112.71931087168471,-112.20427518102436,-111.22365703545252,-111.08531366100685,-111.41376311600568,-111.75203717901482,-110.8782144240132,-109.30230045749072,-110.70201951201409,-110.85974067469239,-110.57183181017058,-113.5665597375495,-110.36948521952749,-112.03034841146908,-111.6538413560709,-109.84924855556105,-111.41128420216468,-110.47615077975229,-111.81445033034011,-111.5918217476071,-110.93018068719306,56,-111.35026852452464,-111.22365703545252,-113.77756992784586,1.2558681142533776,-0.5546274742073067,-0.06583682085591347
HDOK,PLOK,17472,15,15,-109,5,11,2,33,-111.06202513712822,-109.64330216481738,-109.50409815954565,-111.5816217409709,-111.93804552139025,-111.38640265640797,-110.38731796204515,-112.48127491223134,-112.03856527420277,-112.16234077375428,-112.56961982063154,-112.52285536482813,-110.43428678778469,-112.38914949778095,-112.25717241200623,-110.68272247820912,-112.46592040771,-113.07334854406079,-110.47371196963748,-111.49834014097674,-112.59338788528915,-109.81447871596744,-112.25252036491077,-110.02674275060265,-111.48568377374947,-111.54299749207676,-110.65429041791982,-110.31069074396747,-112.74687582895116,-109.85241112457676,-111.05008501428976,-110.84589889812594,-110.39471381570853,56,-111.33705753188654,-111.48568377374947,-113.07334854406079,1.0525315708415295,0.13597876509694778,-1.2634209207367175
HDOK,PLOK,17472,15,15,-109,5,11,2,33,-113.88142232330212,-110.84250089911296,-110.85357997727859,-113.78325690104231,-110.8097183024635,-110.18939432336747,-113.27658325205677,-111.18541695072823,-113.12293359265483,-112.71422877884265,-113.19127797189083,-114.00975795788773,-111.13098433839679,-112.56889040377494,-112.03839059738827,-110.75635426008344,-111.5246272058509,-112.94995961195907,-112.24700200421032,-110.01244942203718,-111.49001972477292,-110.82278768827094,-111.03687219696732,-111.06834702849514,-111.21201548518046,-112.33408882154684,-111.61654952078315,-110.72686684089071,-111.17040708846548,-109.97015969147016,-111.5322612491051,-112.21500550829418,-110.13695788190849,56,-111.70972932728728,-111.49001972477292,-114.00975795788773,1.304971876849558,-0.4703590323121741,-0.77271920480896
HDOK,PLOK,17472,15,15,-109,5,11,2,33,-113.01916552222775,-110.35389859875062,-110.87907813946073,-109.44204303253089,-111.13087868601171,-112.43687815047734,-112.90833705971383,-112.39526838989983,-112.90887282238715,-112.53362140766569,-110.66760861450223,-110.71376998299944,-111.90981427148019,-111.08628877452594,-111.24619079373825,-111.74920889113365,-112.07653737653446,-112.14349203028085,-111.57491024987951,-113.22503626405415,-111.6669887795575,-109.41323905382484,-110.47845001464447,-113.56053864186428,-111.72242407495811,-111.78706614207312,-109.87345346204376,-111.96687291735495,-110.46764681154026,-112.44881497719024,-111.39320779619767,-113.1334281698654,-113.84716588742283,56,-111.70182411475125,-111.74920889113365,-113.84716588742283,1.2750511635602393,0.1879111399887278,-0.5395794971717809
HDOK,PLOK,17472,15,15,-109,5,11,2,33,-113.48367578647851,-109.04434974927364,-111.47597577374162,-109.40835678112283,-112.16046262670267,-111.67838416681694,-110.98777084084078,-110.68185930072484,-111.99355762814413,-113.54172661553945,-110.12874969861437,-112.16810993524935,-111.01392207155013,-112.3116263924759,-111.81854724276398,-110.61495373432555,-110.3695116153429,-111.77154878811021,-110.03840215602602,-111.4714925766228,-112.57685979918679,-110.85762760479153,-111.82718137505587,-111.5503121485695,-109.93679054865024,-111.72913296978399,-110.70216383844704,-110.28302996244412,-109.98014961182791,-112.32823656390552,-113.00466899779323,-109.49340901893589,-111.18839559039138,56,-111.26124065182576,-111.4714925766228,-113.54172661553945,1.2589650378959283,-0.05586185327671442,-0.49637301877892925
HDOK,PLOK,17472,15,15,-109,5,11,2,33,-112.73510009780534,-109.20308682198608,-111.03933577204586,-110.72546215379089,-112.05187022331489,-111.35810731087328,-110.43190495994558,-111.55347038868395,-113.38625951989724,-112.79527690866837,-111.32866069253059,-111.78149019038909,-110.69617547701267,-112.96110603556598,-112.84313859594006,-111.78226820244753,-112.7924415060424,-111.97416057687494,-111.36932751802897,-111.56790465761398,-110.94396110121795,-110.89020055512714,-110.87668739991501,-110.58285492809948,-111.23186481335955,-111.70052768256191,-112.21558892828496,-109.23510419464586,-110.17776120998555,-110.44629106533075,-112.30670773817026,-110.90148797078541,-110.58255730896991,56,-111.40812553048215,-111.35810731087328,-113.38625951989724,1.0031234756256033,0.09826623384016735,-0.17038342340242307
HDOK,PLOK,17472,15,15,-109,5,11,2,33,-113.11415926567763,-111.85866652948825,-112.15413312878849,-110.14120253666482,-110.50985731971815,-111.42003648198552,-111.47534756827127,-111.13474590838659,-113.5651108946391,-111.33697078863128,-110.85728515151764,-112.71746988662822,-112.14243111249189,-111.16347340160397,-113.01487430072612,-111.86534197382215,-111.09326137384932,-110.2440756703175,-110.76569202844928,-111.52009122406315,-109.63214534273729,-112.2712680720137,-110.58651378541121,-110.06458174677923,-111.0479886983264,-109.73250447446344,-109.43536090814287,-112.56494542139693,-111.79956068069453,-109.68508321742566,-109.27468462151306,-112.38030226216414,-109.76098857717527,56,-111.22212588951403,-111.16347340160397,-113.5651108946391,1.2982714979610772,-0.09754443664754492,-0.8410572311259861
HDOK,PLOK,17472,15,15,-109,5,11,2,33,-115.86733542588941,-110.49622136053739,-110.95843084611987,-109.90947381713296,-112.1481282617185,-111.36724136489106,-111.4594777330643,-112.15562204298055,-112.85187210621196,-112.34470035598191,-110.57227630295763,-110.73715780214052,-112.39124155388217,-112.5954192259844,-111.9806733879604,-113.78549648216445,-112.65355975563052,-111.45169533734439,-110.12119312065273,-110.65767288353688,-111.36329123494835,-109.70991970124159,-109.31303851714318,-111.75364192644076,-111.47263444491342,-111.24055764183996,-109.06381550270147,-109.40576484386494,-111.42297016417098,-110.4074175401141,-111.06135524316248,-110.52749529844708,-110.9386280013558,56,-111.3389520977917,-111.36329123494835,-115.86733542588941,1.800173789102572,-1.044088456429947,2.646114021587796
HDOK,PLOK,17472,15,15,-109,5,11,2,33,-110.95624102613908,-111.35567324393047,-111.3756468427391,-111.54411698616126,-110.64839712648316,-110.84433689828037,-112.32349134756036,-111.47359462794962,-112.31133653870687,-113.06504615289245,-112.64866692816025,-111.33466471066905,-110.5953076021624,-112.35326820624044,-111.84877430358488,-112.17680735875318,-111.29495396199154,-113.11559366317249,-111.56401118995979,-110.75358038328906,-112.03157276713245,-112.62110598133386,-110.36534816427955,-110.4729931393902,-110.62633377446689,-111.05373534438327,-112.67074518360789,-110.40605082474433,-109.6367914375464,-109.70620383907263,-109.15329033850206,-109.77500440195018,-111.8659121837836,56,-111.33238171148543,-111.35567324393047,-113.11559366317249,1.0227886692915715,0.15867298605927815,-0.6337682239380396
HDOK,PLOK,17472,15,15,-109,5,11,2,33,-110.8116965022125,-109.5882445016505,-110.48982009240935,-109.50206748456023,-111.77819595105528,-112.68233638299421,-113.14097949165901,-112.17695242789296,-111.21259234070618,-111.18710195432422,-111.8530787783738,-112.32887474350775,-112.8493038131293,-112.38941070310153,-110.4869194502795,-113.19635610975163,-112.34153772660193,-112.35077103560754,-111.14943894030993,-110.8310340682094,-112.57086870474645,-111.97570492834211,-110.51277427093193,-111.28085661625968,-111.88946103500022,-109.96312654853101,-110.69159385384776,-110.29480054007098,-110.3501589021418,-110.5394066479585,-111.49982270889035,-111.99160254692515,-111.31928029319496,56,-111.43109606349022,-111.31928029319496,-113.19635610975163,0.9895548503332507,0.08083992135411844,-0.8959424281139534
HDOK,PLOK,17472,15,15,-109,5,11,2,33,-114.17905645199738,-112.3475907487825,-112.2751738726264,-112.2106017176403,-111.88641291729951,-109.59032457539611,-111.89455939207355,-112.14635257865909,-112.04926255661968,-111.17791751761118,-113.62796354643125,-111.76865874776918,-113.02631846131807,-112.25421975582925,-112.07972868197514,-111.032265467812,-111.26592166828662,-111.00677067886576,-111.33747784289366,-112.86667936630984,-109.89907235123644,-111.26383816130935,-113.11836787784384,-110.44728983526599,-110.970746253482,-111.08235644300223,-110.53121158320384,-108.48492353664743,-112.29627772497909,-111.0862602086413,-112.83125825163533,-110.37172870192167,-110.7891100871884,56,-111.6119908352289,-111.76865874776918,-114.17905645199738,1.3574091317484098,0.26743368499316855,0.5942463797071795
HDOK,PLOK,17472,15,15,-109,5,11,2,33,-114.8446853759137,-110.80981065759032,-108.3628047685224,-109.6455873734241,-111.84060015332908,-112.83241248995444,-113.59702507828968,-112.48666569735667,-114.02640349417238,-113.08051711736191,-112.72771297617213,-111.42650360388734,-113.42460313888884,-111.71137334486426,-111.8543348435083,-111.27766475681793,-110.44792036385272,-111.28718974563799,-112.34145102467046,-110.27614657847553,-109.56842199171757,-109.40992306781246,-112.13975592110594,-112.05359586566503,-110.0386407234398,-109.15093623528485,-109.84439897878195,-111.58245073460517,-110.81190406735213,-108.72484292636899,-110.28652074141975,-110.31380935852884,-109.92656088631797,56,-111.27736891154821,-111.28718974563799,-114.8446853759137,2.454332503401382,-0.23122535516571335,-0.5322182152457104
HDOK,PLOK,17472,15,15,-109,5,11,2,33,-112.33006348748984,-110.63350239543702,-111.77158727483577,-109.69676826288504,-110.94558480276169,-110.99234777192267,-111.73611587272431,-111.09118029209037,-114.13398121420092,-111.03659232128726,-110.83609667932625,-110.18815759644707,-111.84216396864576,-111.99180700545949,-110.59123473685209,-112.04600884738,-111.91352818452717,-112.18754300260173,-111.58131663650444,-112.78798890826624,-111.36520437291504,-109.68403908497261,-110.03366343670983,-111.05561682810463,-110.8379650372089,-110.43218605653463,-110.57606940699262,-110.71516064095567,-111.65888470349304,-110.78292982933121,-110.75284754268273,-111.88005724131153,-109.16748253015791,56,-111.1901719991823,-111.03659232128726,-114.13398121420092,0.9359482062653698,-0.551174769947741,1.419825576998997
HDOK,PLOK,17472,15,15,-109,5,11,2,33,-111.14669063212598,-110.47655511173276,-110.33383037301864,-110.20327801484916,-111.27004456499245,-112.51985777144824,-111.06062364286669,-111.67060556688526,-110.5271696397657,-111.62778153032497,-112.19697163613179,-111.18259408314766,-111.52533012999076,-111.34977562065876,-112.49757910745605,-112.83445102703661,-111.38628274871397,-111.28076277172072,-111.47809809263383,-111.2629285113295,-110.21403309989559,-112.67101661511533,-112.84415334584337,-109.7934662982688,-110.78721010089757,-111.83070482275525,-111.85574799982831,-109.26798214983151,-110.5932638105804,-111.16622877828492,-110.94279590061637,-111.73689012711033,-112.22146530116588,56,-111.3259445129401,-111.28076277172072,-112.84415334584337,0.7359313365769851,0.16904864146617957,-0.16369195306833362
HDOK,PLOK,17472,16,16,-110,4,11,2,33,-112.10966473965982,-113.74000725208124,-112.51786472064342,-112.53967068043505,-112.59729863028814,-112.18637396446162,-113.86081488708717,-113.72555509409885,-112.99529498056872,-113.5364620560207,-114.53513159773013,-114.38673093257837,-114.7482921721875,-113.18629669488739,-115.9783070310441,-112.65182518414719,-113.9618771126808,-113.53126415210049,-114.93103746610245,-113.0794239538769,-110.8610712135958,-111.57399803587673,-111.98196000348037,-111.87199460391005,-112.61374089101815,-111.98229616610341,-112.85587492229249,-114.394067865201,-111.89518402797718,-111.51974597736913,-112.2189744050515,-114.24318288454855,-113.17088365854329,56,-113.09036872598931,-112.99529498056872,-115.9783070310441,1.2988650802945987,-0.385064629752547,-0.20099127764725555
HDOK,PLOK,17472,16,16,-110,4,11,2,33,-114.08459305962093,-112.72684149235954,-112.31878144332497,-112.83220413240169,-115.18394354276754,-113.38436944714967,-113.57208024480968,-113.47225659960424,-113.37523867182077,-113.17038162281781,-113.43805618556122,-111.55798368667809,-114.48073689046073,-112.1372023261343,-113.10019790551097,-113.81319907510934,-113.17480163202283,-112.93832076616879,-112.47937101979748,-112.44141614541063,-113.6924077998427,-112.30922354456322,-111.5174708820441,-113.77666277573353,-112.81764325499277,-114.39310160165716,-110.92282009463737,-113.13702639188536,-114.44993433648527,-111.80780625637573,-112.30069372299049,-111.11829162134318,-111.57328264623393,56,-112.9544951763126,-113.10019790551097,-115.18394354276754,1.0140467758861922,0.04221342616615229,-0.3514331710003007
HDOK,PLOK,17472,16,16,-110,4,11,2,33,-112.23883674289577,-111.35535729778371,-112.7277107238841,-113.98675404087385,-114.46737867833548,-113.38571567470939,-112.87128723786954,-112.07774474894023,-112.9210595574586,-113.8401700905859,-113.81185041498186,-113.29468077107988,-114.23591013918922,-111.57417654412417,-110.38690722652538,-112.4186481821613,-111.77702460352967,-113.24970359135284,-113.14247524408624,-112.28858040813638,-112.7163554067309,-113.06977684390519,-114.00407463563324,-111.70814569026696,-112.68370918582418,-111.83222963377371,-113.86680333309485,-112.44931765017652,-111.85032919758684,-111.43955558823686,-111.25792584743262,-111.8389467752756,-113.11753747601334,56,-112.66323270249862,-112.7163554067309,-114.46737867833548,0.9533884094337105,0.10290053158719219,-0.5818996842557169
HDOK,PLOK,17472,16,16,-110,4,11,2,33,-112.89129595929651,-113.90553329337651,-113.21644942090334,-113.88096286797256,-114.24564601438661,-116.14128360978711,-112.39077320054463,-113.82248272810749,-114.35872949299502,-115.16218543553526,-114.05681111741073,-114.20688931272062,-110.97858183698406,-111.7106879180089,-115.29525451747469,-111.55387886323327,-114.13029182433306,-112.0031935545747,-111.51136733396397,-110.95565339493189,-113.05036503020828,-113.07665942941729,-111.45831936769977,-112.80508745192584,-110.84809122457608,-112.25069697434824,-113.79513946226923,-110.50826065036289,-112.71715701686108,-111.52682480432429,-112.56087030400234,-111.46362552649632,-114.03799965581858,56,-112.92475904832882,-112.89129595929651,-116.14128360978711,1.9739787778452036,-0.1993650779342817,-0.685386209770797
HDOK,PLOK,17472,16,16,-110,4,11,2,33,-114.67085958853885,-111.44062910120681,-110.75216840095553,-113.67089877999103,-112.78553893536883,-115.09830891068943,-114.15663997910146,-115.25574007391916,-112.47752249869822,-114.69483495879444,-113.20293234117791,-114.57712696406794,-113.19990013504805,-111.94051930950515,-113.7464767436482,-111.61208308463591,-113.40483040842534,-110.90640027963413,-112.30909289960778,-113.2731869690569,-111.98886173447099,-113.2709892003252,-111.04392662604025,-113.68701294364318,-113.90750294599658,-111.17579695106585,-112.00334222095468,-112.20830061400648,-113.23409088156362,-113.62958926618269,-111.47022938111944,-112.19588458458026,-111.13857738162088,56,-112.85241803314065,-113.19990013504805,-115.25574007391916,1.617269230191484,-0.09783645517573039,-1.0040303194797406
HDOK,PLOK,17472,16,16,-110,4,11,2,33,-111.6397229828955,-112.95362595576456,-113.20394592481017,-113.44626558923736,-112.43519148542592,-112.88219563075336,-111.66872707070831,-114.06178167368903,-112.21796264198424,-113.7053057557146,-112.47243703043941,-114.17412760184142,-112.9230038430298,-111.2229743645452,-113.11107150022515,-113.20998389690146,-112.93539108116313,-113.05101429650273,-112.13533087039103,-112.96400566830282,-113.08527665148213,-112.19110111541899,-112.26744272528197,-112.14118797129822,-113.24406057354099,-112.58394766921343,-113.35822410515819,-109.21962505600428,-111.71092361994319,-111.74596183838835,-111.35727066815134,-112.50918624036623,-113.49396611743593,56,-112.58552240048508,-112.88219563075336,-114.17412760184142,0.8910400832513684,1.2800451593829014,3.4758187618339877
HDOK,PLOK,17472,16,16,-110,4,11,2,33,-112.37144122655391,-114.47932354754344,-112.87790750281214,-113.88426708847628,-111.92950819474274,-113.77874068507687,-115.15509973489218,-113.13636997873462,-114.00245460891573,-112.96890457837432,-111.5937319483697,-112.20553351970672,-113.33396861635961,-113.08695887439883,-113.28569813519378,-113.76257393810695,-112.7913966262792,-113.03444106070064,-113.04165457357837,-112.2071576938105,-111.7650340204317,-112.03821677208309,-112.01348292041287,-112.30177896116425,-110.80110587025355,-112.36829297397784,-112.52247939840721,-111.47260223868771,-110.94576946538183,-111.98143777242696,-112.06075573808668,-113.79380721906816,-112.98403728015015,56,-112.72654341706543,-112.7913966262792,-115.15509973489218,0.9356347261500895,-0.2800586099993566,0.059230571890172
HDOK,PLOK,17472,16,16,-110,4,11,2,33,-113.97431194009687,-112.05360319985103,-113.2383199765669,-112.47001852139698,-111.88405996080148,-113.9042003478712,-112.87352270089583,-112.02730772783538,-112.85382218965579,-113.5566366658727,-112.89691181672525,-113.09244917487194,-113.4526121668098,-113.78761044982625,-113.98001528938511,-113.4307635367085,-112.15064210522694,-112.49520482918598,-112.76529513056298,-113.95450287934257,-111.82534763178246,-113.84916253984754,-114.94037067516696,-112.11222282328173,-111.72595043870508,-112.21085979783338,-112.07201946879736,-112.15115894158991,-112.59491320287562,-111.69798342935522,-111.57330134491471,-112.43439346734861,-112.5754915643507,56,-112.80621169501025,-112.59491320287562,-114.94037067516696,0.7002712567870327,-0.5487335857389911,-0.47837433474935187
HDOK,PLOK,17472,16,16,-110,4,11,2,33,-112.1130829583266,-114.40004322790836,-111.64984194739462,-111.90129563836767,-112.26770042780475,-113.86147833322359,-114.41021404433707,-114.03542643278074,-114.80845385839585,-113.17997775298863,-113.967157956281,-115.31613199815285,-111.4883655347185,-113.34662942582455,-111.0219696252274,-114.45205198200222,-112.56717899868352,-111.59211980563599,-112.47685892157658,-113.60265506175618,-112.44971880939224,-111.28524066220002,-114.05566490778293,-111.8259878512035,-111.28523823813855,-111.78164868356664,-113.28185149774419,-111.74673463558457,-113.16927679877003,-113.23437972612464,-113.14479374653689,-111.57023014798543,-112.02712674128894,56,-112.82777352659717,-112.56717899868352,-115.31613199815285,1.359959300982144,-0.317877605522569,-1.0434465380761666
HDOK,PLOK,17472,16,16,-110,4,11,2,33,-111.24823919960903,-113.35655986002308,-110.88473166073102,-113.04906812720385,-114.20989899395043,-113.0506873682871,-113.88929041882126,-116.15912951835503,-114.90726274194442,-112.70592235100709,-112.61314144581118,-111.33055913126238,-114.35233182969274,-112.97662563308825,-113.86390385428712,-114.82478131613955,-113.36366462415691,-111.9949547288862,-112.50792491097455,-111.2035762108107,-114.24372543303323,-112.98248242253291,-111.16768158134525,-112.48828029147495,-112.81811732212566,-112.87609396155324,-111.9209527512885,-113.2197549026613,-113.71113427442081,-112.50267754985363,-112.78765607687235,-110.07806057684991,-112.05117062302762,56,-112.88909217248731,-112.87609396155324,-116.15912951835503,1.616533383966299,-0.15958524949165534,0.3475742396796324
HDOK,PLOK,17472,16,16,-110,4,11,2,33,-113.05629599177146,-113.38907537502219,-112.97038898414779,-116.17061932763282,-112.9042820437504,-113.75864850196457,-114.31289096541892,-113.94137601266416,-113.75245760478518,-111.65600890609608,-112.95896862663784,-112.65001345675972,-112.47115118245924,-113.55275384872365,-113.91193689387303,-111.84767776995272,-113.6487961954259,-111.85350128534125,-114.23125015212624,-112.69190825212416,-112.57165229166405,-112.08040009946382,-112.13916953229378,-111.5724979247016,-111.63885318872524,-112.47468733237852,-111.05980296681723,-113.1349249080604,-111.14822718918083,-112.2272663606318,-114.39148572411901,-112.84188519584863,-112.34685638289557,56,-112.88962759010477,-112.84188519584863,-116.17061932763282,1.1430812141692104,-0.7027699008636505,1.1452500850830991
HDOK,PLOK,17472,16,16,-110,4,11,2,33,-112.72096237101992,-113.21504472736243,-112.58797679651053,-112.49750569784781,-113.53227029068955,-113.75329435718277,-113.48785005598273,-114.3337268812653,-113.52708279269157,-114.8887095357336,-114.39578165862572,-112.76486659244604,-113.53124100345197,-111.64736540664977,-113.46829173794698,-112.00457418807946,-112.2969443913151,-111.4571845967309,-114.43100751289018,-112.73206610570686,-113.19477079024219,-113.5971228213721,-113.63093667952677,-114.24342564526837,-113.38107091904314,-112.10148280419817,-114.23625078333616,-113.37237430996962,-112.36252942220256,-113.44522744637347,-113.69160062216274,-112.50377510431598,-112.40275502345972,56,-113.19506269913938,-113.38107091904314,-114.8887095357336,0.6959715354219371,0.11293033992554492,-0.5559585571459622
HDOK,PLOK,17472,16,16,-110,4,11,2,33,-113.31953678213796,-114.54338971003182,-112.48541483254706,-113.26673481660667,-112.1000460580459,-113.0139376026581,-113.66046116327033,-114.6531857588508,-114.1122296153838,-113.4846657629854,-114.35934457598684,-114.61924509908164,-113.70996353694068,-112.10136685683212,-114.53863226812878,-113.48239297643673,-113.28780664315664,-113.09518694806603,-114.9375383440829,-114.45713440147941,-113.76149571661381,-112.56715793092724,-112.41370279319548,-112.2742974872646,-114.16536046696763,-111.99078412284328,-114.00276213955598,-111.7623947712871,-113.04577211031514,-113.01136757949638,-111.2207106617799,-112.08301103473114,-112.54694075197712,56,-113.27496882786865,-113.28780664315664,-114.9375383440829,0.9361396046378624,0.12369006147155781,-0.9336250366591994
HDOK,PLOK,17472,16,16,-110,4,11,2,33,-113.39925779692186,-113.95773522499465,-111.41640032320468,-113.75153933181751,-113.19435552616852,-112.55796542190639,-113.68646121194573,-114.92404047222723,-116.08277954907302,-112.6708427235316,-113.87553973167334,-112.60631179306974,-113.91594735427675,-114.33867972802905,-112.9659118894932,-111.34692414894259,-114.07508799643848,-112.93073978181548,-112.00548783598887,-113.680032172438,-114.45714509838048,-114.01221943153183,-115.68147059318991,-112.9847000873737,-113.53300905784624,-113.716574061401,-111.05410069386562,-112.05355002410319,-113.92791655494953,-114.03051192035086,-111.2695823230425,-112.93447768608074,-114.26158168720724,56,-113.37269331009938,-113.680032172438,-116.08277954907302,1.3579917874216176,0.07069343674377271,0.15068141169363836
HDOK,PLOK,17472,16,16,-110,4,11,2,33,-111.50551055787834,-113.88502157591587,-113.93579815428176,-113.92830699769337,-111.04099331780694,-112.80605829955205,-113.66994676734679,-115.92186893925916,-114.65397871953606,-112.4515353030843,-114.01151015044819,-112.80118411881853,-112.27894972420464,-112.7417641529103,-112.92796365466853,-112.54227427870308,-113.58870464231045,-113.38482724492262,-113.0969458826199,-112.52212089898865,-110.87691451200403,-112.08942745517574,-111.63259683568025,-114.09300551450318,-111.38806993781873,-112.69148608253954,-113.48237017262545,-113.714075424292,-111.88369619666244,-112.45561729137034,-112.37670616070217,-109.73322174277293,-113.40499657872007,56,-112.83386203896413,-112.80118411881853,-115.92186893925916,1.422476650293105,0.12383471879836438,0.9117883582530619
HDOK,PLOK,17472,16,16,-110,4,11,2,33,-113.18409459114699,-112.30112275418588,-112.6115979422112,-113.51392748508516,-112.79086988892597,-113.81278238213423,-113.45279773549225,-114.1371421600417,-114.83273849816092,-112.85528812944806,-111.32998352484479,-113.30450221094117,-112.64283396613637,-113.03153365498873,-112.98447872161516,-111.96442041397829,-112.37047927696227,-113.65063422514284,-112.26519936136945,-113.74190469403723,-112.82996793083731,-113.53882590681471,-113.34954268262491,-112.77281032394164,-114.33136891073963,-112.6931259381814,-111.14017322245631,-110.92928690145888,-114.05175915320861,-114.22174906413592,-112.22698540370682,-113.69218348366454,-112.3570155193499,56,-112.99736745630206,-112.98447872161516,-114.83273849816092,0.8093278643656021,0.33848357159657094,0.018936429913809505
HDOK,PLOK,17472,16,16,-110,4,11,2,33,-111.76232518579022,-112.09576592013819,-114.22650109982666,-113.35804089635084,-113.32186005789592,-113.79509445600794,-113.73326725289712,-114.71700182950593,-112.95136009885813,-114.16973385840625,-112.37112854568124,-115.26550393361269,-111.74565130934839,-114.55465499875986,-112.48621078030577,-114.09126496784752,-110.46323116363376,-113.44569285491364,-112.02579463013535,-112.82929257555706,-112.9992743377342,-111.9671483695906,-112.76144091340544,-112.49415682831402,-114.17366279520635,-111.90915400686677,-113.31785404524013,-111.05921694411052,-112.87304650029664,-115.12497703761136,-112.76583545059047,-112.87347862447275,-112.23709097895618,56,-113.02926403781417,-112.87347862447275,-115.26550393361269,1.2463731499897208,-0.030313108562809887,-0.2384103592536828
HDOK,PLOK,17472,16,16,-110,4,11,2,33,-114.25613305699396,-112.5074319423195,-112.55606695883553,-114.5891561889628,-114.71397987493701,-113.36062719339266,-114.3016001492937,-113.3572189532597,-112.23216435991569,-114.00986851255213,-113.06315702488149,-112.36920469186637,-112.71684648409733,-113.2936862582019,-112.01124065301343,-114.17989856077831,-113.02860562521019,-112.58947200542879,-113.65085392187042,-114.01190904184224,-113.1573121530205,-112.92871480923287,-111.4571032066164,-110.65403528218319,-112.51359031403308,-113.04332368859046,-111.88439648098498,-112.13585240829829,-113.99736573232613,-112.52519734857712,-113.49082898814248,-112.99185014405633,-111.13250101480324,56,-112.99124827359147,-113.02860562521019,-114.71397987493701,0.9299051938187346,0.2856730275019333,-0.13442451548767664
HDOK,PLOK,17472,16,16,-110,4,11,2,33,-112.67778790530842,-115.08642338993401,-112.96021036177157,-113.99335308399016,-110.90580793532615,-112.94746197436102,-115.18722915437577,-113.57126946314328,-113.47318776831851,-112.85126429343711,-111.98759935547612,-114.27297606892091,-113.26375420096177,-114.03095269335427,-112.75119614790292,-114.2746488849318,-113.18804857459031,-112.62880252750719,-113.25173752680897,-113.13058966740057,-113.34978836518918,-112.87891456363445,-112.59536042754311,-112.72265759422754,-113.51974949416858,-112.29109276268882,-112.48839068093496,-110.65283182809384,-114.17333988462453,-112.50785115968164,-112.3036929601995,-110.30925425379651,-112.04688089304895,56,-112.97800320744405,-112.94746197436102,-115.18722915437577,1.153508689842134,0.3650596943497549,0.8146374517839745
HDOK,PLOK,17472,16,16,-110,4,11,2,33,-112.62557713073416,-114.44978979811226,-114.00539589608466,-114.24583781176388,-113.86462928135423,-114.1358176105751,-114.87860815689497,-115.07800098105048,-114.33011021647734,-111.49712782042401,-115.8938122733623,-112.77272355286564,-112.58529752261134,-112.07466048372281,-112.9585415655994,-114.30627706435259,-113.7536687415527,-113.56903341081457,-112.77869044970959,-112.95651642487128,-112.86379797179161,-113.46898715606056,-112.83631004836616,-112.59743898628123,-113.27392635517988,-114.12648308045098,-111.57073363391197,-114.08853998487812,-114.05828371100041,-112.16678122292461,-110.8398336879996,-113.25687008961657,-111.28308120363342,56,-113.3088237371221,-113.27392635517988,-115.8938122733623,1.2778386297664042,0.12974604365746648,-0.13366764699310574
HDOK,PLOK,17472,17,17,-112,2,11,2,33,-113.67229248704542,-112.30093776987503,-113.7661691008768,-113.96232698922535,-111.30716593274212,-114.02067799699654,-113.34359233332415,-113.55273097307658,-113.7488635452768,-113.05575846600844,-112.75356579737355,-113.94727046424661,-113.10545304836188,-111.39854067774613,-111.60021674774615,-113.9038469442177,-110.17341410421956,-112.49138480824732,-113.74593715922902,-114.22764698468251,-111.84963670494905,-112.27465871094017,-111.80144391160607,-113.41535732247365,-112.57863831988688,-113.65451642345477,-112.13909057063113,-113.77089287660183,-111.75062686069029,-112.57782383233449,-112.35661634905412,-112.11796332876779,-114.36969383725305,56,-112.87075004179276,-113.05575846600844,-114.36969383725305,1.0189835506497558,0.5684399839526438,-0.26976557420961633
HDOK,PLOK,17472,17,17,-112,2,11,2,33,-116.04032157407502,-112.63878183714334,-110.83899435804966,-111.54964639855415,-111.7893961004139,-112.63705782083689,-112.06168066137188,-113.18088088021665,-112.91381132483532,-113.04531478421572,-113.40358570269571,-112.53111560034468,-112.19955536653501,-111.96345326335873,-113.45545393904185,-112.40713961096263,-112.55548564922883,-113.64116195920214,-111.55117087243784,-114.31052924903562,-113.65202832788722,-113.70592333392085,-112.72080927895863,-113.4449518574361,-112.42177709737823,-112.68915965089893,-113.72408977090528,-112.61604624482942,-113.15535083700819,-114.65369944882555,-111.95243893672864,-113.08567929278642,-112.99402920067976,56,-112.89486424941815,-112.72080927895863,-116.04032157407502,0.9560741184032916,-0.8168755082920379,2.1883313264904136
HDOK,PLOK,17472,17,17,-112,2,11,2,33,-113.71059169291958,-110.33100386159224,-111.23224454603513,-112.55263916167519,-110.9605272706668,-113.9343530506586,-112.13371469006015,-113.20422502541557,-113.19306058459742,-110.40331749924329,-112.16836781526194,-110.51079225431285,-114.70973613772244,-113.09880948411313,-112.58539999129275,-114.11745692961276,-112.07503179064416,-112.57390804037398,-112.3680619406984,-111.3339120700422,-111.37575056899918,-113.01901166428775,-113.91566980499242,-114.40886280127602,-110.86727434188714,-112.14728081926158,-112.60002595349648,-113.16544749648256,-112.93971779276671,-114.09840385642248,-113.35589186417297,-112.26500325064828,-113.94301145002278,56,-112.58480319701982,-112.58539999129275,-114.70973613772244,1.4246735151441936,0.2590364205863782,-0.7654333379845117
HDOK,PLOK,17472,17,17,-112,2,11,2,33,-115.15336977597681,-111.60020243319646,-112.13845874943434,-107.86565113668509,-111.54397469958461,-114.41164349041915,-111.98239061218389,-112.78743467244945,-112.60873503952224,-114.12819014144686,-112.17006085019489,-113.34877347394077,-112.49959083853273,-112.98342087045668,-113.38109506435107,-112.84311860240742,-112.36402300067911,-110.89632336782527,-113.42264597407589,-113.2322992606728,-111.6512029077981,-114.44142190156983,-114.04988643613852,-114.17556971341442,-112.89755174239453,-111.7349808541694,-111.81985763921026,-112.68439387413402,-113.06276466403223,-112.27107215046952,-112.3728497253441,-112.33820238259257,-110.87125561874619,56,-112.59795186860754,-112.60873503952224,-115.15336977597681,1.717008314530641,1.1189277848779182,3.978215475417526
HDOK,PLOK,17472,17,17,-112,2,11,2,33,-114.93331368304797,-111.3688467845178,-112.70181346378575,-112.22809908525583,-111.57815809398943,-112.05200760867334,-112.81192791245401,-111.06911877456312,-112.64456206401985,-114.2011186198072,-111.34072988432939,-112.79785280476926,-116.26809556940631,-112.42008897260737,-112.38498424733474,-111.59604032284611,-112.51316568937449,-112.74100632830059,-112.6338546167791,-114.11680802004204,-112.80271292626084,-112.88844143779806,-111.36353951192555,-113.51249661266,-112.51529691727829,-111.83531165760803,-113.21651442525071,-112.92626116038159,-112.00419692610932,-113.91398179609735,-114.60095216211705,-112.2486833778371,-113.22722401232849,56,-112.77143046877444,-112.64456206401985,-116.26809556940631,1.2454404099631435,-1.0879315194454833,1.679114672791775
HDOK,PLOK,17472,17,17,-112,2,11,2,33,-113.85263513845369,-110.7940635207457,-112.10091754282813,-111.23185885441544,-113.20572581134903,-110.98945273846667,-112.64358479404713,-112.9620123043375,-113.91249558300433,-112.30002074140047,-113.23439579700769,-112.88291887824852,-112.09194230110131,-112.76532264629896,-110.73703868812088,-113.25057292883936,-112.78047771139087,-112.08661540860788,-114.28771190048714,-113.4136885724961,-112.59847151535023,-112.00094399902038,-112.22801835388698,-112.86955506106007,-114.82280773943874,-112.80840164953614,-110.54854802306596,-114.09198797282836,-111.3353009418174,-113.49973785887644,-111.44484376722836,-112.4502725983649,-112.42050186433383,56,-112.56493464261986,-112.64358479404713,-114.82280773943874,1.0930999022236647,0.07566383961528823,-0.360481279429822
HDOK,PLOK,17472,17,17,-112,2,11,2,33,-114.47478902555494,-111.07589453492662,-111.22761770256183,-111.50077402763259,-112.71610419934868,-112.68302875972581,-113.02698879047605,-113.18952654894731,-113.43774197872953,-111.74656204955977,-113.14692401431604,-112.76723213339696,-112.83059222233628,-110.78207572398847,-110.90428354379765,-110.2755401300081,-113.92597295854347,-110.9777848205051,-112.27165360963231,-112.45532454249758,-111.78569173627605,-113.06287985755104,-110.61394518916055,-113.32878238609824,-113.33331444881367,-112.7512598821051,-112.02960468180405,-111.85160757816371,-112.81219234034796,-111.72790536902046,-111.47669259858574,-112.5621747641947,-112.50549724314133,56,-112.28054422399235,-112.50549724314133,-114.47478902555494,0.9970024407399308,0.10883160817016681,-0.564153686055676
HDOK,PLOK,17472,17,17,-112,2,11,2,33,-114.73443143598092,-112.42303892144466,-111.40282841260527,-112.39548594983435,-113.02699677120904,-111.40457707695836,-113.34927732227521,-113.3553209211132,-112.05741325972517,-114.15593151453531,-112.29486951904434,-115.25365207455717,-112.40034542749261,-112.9988686290966,-112.81580625672885,-113.19715509822423,-111.6768468430143,-112.49086732213709,-112.06763116856847,-113.46887319413248,-113.2407240570775,-112.33621948812875,-114.12714139168519,-112.45319594496553,-113.97496133168822,-112.73235397398345,-113.72294313779555,-113.41089858135064,-113.44040422661183,-112.25684076202698,-112.35779121969911,-112.36815398262667,-111.66387682812055,56,-112.880476425589,-112.73235397398345,-115.25365207455717,0.8193191359908344,-0.6021418874305288,0.20154499613042187
HDOK,PLOK,17472,17,17,-112,2,11,2,33,-115.11595786191413,-111.22164338692224,-112.09742368950809,-111.55363303734508,-112.36090836205533,-113.4609468721676,-112.53679854317507,-113.66536226682086,-113.08654226078094,-111.49537512922039,-113.20899623913151,-113.48361424785078,-111.53636677852165,-113.6098390416809,-110.15659515127653,-111.87398736861869,-111.55661518095573,-112.96964208543336,-112.14644497823838,-112.95372446837735,-112.02758317686751,-112.61385493422067,-112.13254120794328,-113.98851873688695,-113.31891325480208,-113.01966676141276,-113.14029222169388,-113.13564544046962,-112.41688475102815,-111.90351039635075,-113.4710166146048,-112.61664481697628,-114.76536785398896,56,-112.68608657931031,-112.61664481697628,-115.11595786191413,1.02411645598018,-0.06552847692877327,0.5322668561036639
HDOK,PLOK,17472,17,17,-112,2,11,2,33,-114.58272993012208,-112.38956519153248,-110.91449244249706,-112.45699463950506,-113.91322470902772,-111.89372508563306,-112.63647250745888,-113.75437351697639,-111.4499344195414,-112.94993220967322,-112.59071983969555,-110.90195184039776,-112.35471366567185,-112.12179007036615,-112.8415990938293,-112.42612033171832,-111.85172759052035,-113.41410164053963,-112.95689947180257,-112.37355544691167,-113.48299319080235,-111.2314309642236,-112.5534762913401,-113.11750310804906,-111.95388780403094,-112.06845896551049,-112.16027423986455,-110.66610135842252,-113.25094782534812,-111.5424667936377,-112.80569392628767,-112.0278416754923,-112.35514183914542,56,-112.42396489774474,-112.38956519153248,-114.58272993012208,0.7577755715260813,-0.1406805899551578,0.2048233806860793
HDOK,PLOK,17472,17,17,-112,2,11,2,33,-115.96908115300549,-111.1491534016334,-111.31994577266951,-112.36097478123325,-111.51114963168723,-112.01915869213202,-113.6901131677436,-111.68964063320516,-112.33803131743373,-112.55791923425166,-112.57688637217782,-113.51774721820011,-111.872566732769,-111.77349785063602,-113.09126213207287,-111.64975864805619,-113.10527424472977,-111.78660504897796,-112.80659934927748,-113.39855523181406,-111.99372731425109,-113.3924995784958,-112.38310502042155,-112.98671522023025,-113.63375660518766,-113.14739509458073,-114.23958231070326,-113.05473959719113,-113.55393862267266,-113.98883959132971,-112.82921566070134,-113.90733597565234,-111.75777476904445,56,-112.75916805982325,-112.80659934927748,-115.96908115300549,1.014782541621449,-0.8225450169988195,1.4437015591413194
HDOK,PLOK,17472,17,17,-112,2,11,2,33,-114.87056839574056,-111.18852312549308,-111.97077469173995,-112.06752879424498,-113.02627981592313,-113.3042240848478,-113.60752848760474,-111.79424693918489,-111.45168772702159,-112.66902516657633,-111.49210840450046,-112.54024385443134,-113.57632924150222,-112.07678843818849,-111.84070612335056,-113.28570867893363,-111.85635818778245,-114.15529771232096,-112.46293097235198,-112.7752512358437,-112.7859253779624,-111.77879053324659,-113.75350346174005,-112.68345471774337,-112.47838967351471,-112.63482893328988,-112.22690638719061,-112.79101381976847,-111.50141468871071,-112.82575782674873,-112.05092049918544,-112.67390854504418,-113.43752106187722,56,-112.59498320010925,-112.63482893328988,-114.87056839574056,0.682494451160889,-0.6174867238758657,0.34717641220523365
HDOK,PLOK,17472,17,17,-112,2,11,2,33,-115.52582932181184,-109.58764715871095,-112.25009759712576,-111.88233829421955,-113.95595126998158,-112.77266175674278,-111.66900485616546,-115.27386994778246,-112.82997066926482,-113.41929012544837,-113.7003446373632,-113.63954258002794,-111.09849650083426,-113.1920232226493,-110.472041380159,-111.25308178063332,-112.29980332132354,-111.54032404786597,-113.43493910831329,-113.51108548015162,-111.73539989763272,-113.64823232763028,-112.17318294771454,-112.98694392037608,-112.33272180696738,-113.37649299626847,-112.18369524278059,-110.89731488571695,-112.00308092828197,-114.56285161785158,-112.55754115486938,-114.2392466315518,-112.45705136327311,56,-112.68066965992396,-112.55754115486938,-115.52582932181184,1.681481517450128,-0.0032229727243581053,0.16073232860038722
HDOK,PLOK,17472,17,17,-112,2,11,2,33,-112.43744540914783,-110.85126293340234,-110.65209502506418,-113.68992600573472,-113.0634587176806,-113.83366558318211,-111.21130036700598,-111.64160282785384,-112.73526499284316,-111.8499861986157,-112.08036782618078,-113.038092517921,-113.21248299699717,-113.32268891122371,-111.32860371153652,-113.82706475333015,-110.33578420160583,-113.1401224159152,-112.84277288795758,-112.00169333751754,-112.73412908172047,-113.06381044379118,-112.74696552846599,-113.24657239191278,-112.74509318347467,-113.99751250711468,-112.43295643818864,-112.9852983877625,-111.09364831617133,-112.46778490534088,-113.12211131160771,-113.24697878105252,-112.1627276676585,56,-112.51943244136295,-112.74509318347467,-113.99751250711468,0.8886701591573806,0.6666186740146095,-0.29599955213258244
HDOK,PLOK,17472,17,17,-112,2,11,2,33,-114.51184112311864,-109.67567661091684,-112.46712350032519,-112.41739563345723,-111.45339068104623,-113.131774579586,-113.0380966729591,-114.25033534598727,-114.7210429885783,-112.07139756849138,-111.3259375507253,-113.45083636767913,-112.16763373773836,-112.35476329083795,-113.16891215719164,-111.93117775206663,-111.58603891218605,-111.82834656062876,-113.73050577778316,-113.56246581330835,-113.20767627379705,-112.35827352475809,-114.2992703957337,-113.30236602340116,-113.5350049589038,-112.45428454557788,-114.18719130705612,-112.29128720117801,-113.31577511041631,-112.05914797865016,-113.02377387822172,-114.28534124454399,-112.63878811582327,56,-112.84251130856586,-113.02377387822172,-114.7210429885783,1.1498870576431068,0.48946216220047045,0.7907340516401029
HDOK,PLOK,17472,17,17,-112,2,11,2,33,-114.8848299095327,-111.41854018438002,-111.43881455973158,-112.49439020483767,-111.77203492301327,-112.35441538823581,-112.8166147281742,-113.731172590497,-112.88981560579722,-112.92157378377354,-111.00645602511642,-112.39298388152078,-113.42959031311877,-112.76056344919898,-113.05515984229136,-112.06288448310023,-112.0075231038125,-115.18397109235426,-112.00706869677978,-114.72712783252362,-112.89756859647811,-112.38653173757696,-110.2402389403554,-113.39432850906503,-113.04804267719133,-112.9943195935129,-114.71452482280549,-113.90137400073392,-113.29458258535855,-111.15755344419783,-114.89907413139757,-111.54583598616591,-112.73815444612316,56,-112.80508060814401,-112.8166147281742,-115.18397109235426,1.4053766465679862,-0.21451990496304973,-0.2054167476261175
HDOK,PLOK,17472,17,17,-112,2,11,2,33,-114.3417786666325,-112.49293609792608,-114.1701950526524,-113.74156359928064,-112.8200463707585,-112.57290809888974,-111.19704125991805,-111.9612480044284,-113.98965417433838,-113.05919358715977,-112.27190178613478,-113.33479208530825,-114.81370917232289,-112.07296009789667,-111.8718344916633,-112.38027817653841,-113.556281158157,-112.88954905710347,-112.05293655646719,-113.93814085385425,-115.00478282837184,-112.28059436828302,-110.41603755764291,-113.2285894734221,-113.89566993541956,-113.7289551832332,-111.99425087594699,-111.82470287197611,-113.39586424352365,-112.32781866389094,-113.40149524193205,-112.06313327086687,-114.03854346128662,56,-112.94331473706747,-112.88954905710347,-115.00478282837184,1.0806983787712172,0.09627683350526799,-0.2952307876941509
HDOK,PLOK,17472,17,17,-112,2,11,2,33,-113.82642886065665,-111.9501709777008,-110.54910144260336,-110.94604287614875,-111.96915236420418,-113.09132036301172,-112.67567750178115,-112.67414288818217,-112.16940027894071,-112.00915466418408,-112.54527274760143,-112.18294007979343,-114.10035007300331,-111.77480618229998,-112.03399856512361,-112.96253315728251,-112.12689753606682,-111.5487942042129,-113.13259211692758,-114.66468123281817,-112.6287853397553,-111.60952847590006,-113.35150663996151,-112.45340140472227,-113.6263173086396,-112.43079667147987,-113.44891825639448,-113.4219343552242,-114.03972469675166,-112.23323767349862,-110.87851631923812,-112.33289729022704,-113.20374205939223,56,-112.56341710920388,-112.45340140472227,-114.66468123281817,0.8817645571000505,-0.04673088376277975,-0.1232895994594343
HDOK,PLOK,17472,17,17,-112,2,11,2,33,-116.05019079236757,-109.0004078417241,-112.74426265591326,-111.52133952821315,-113.21690581221394,-112.67806323532854,-111.9611958816868,-113.18436314943379,-112.89199812094053,-113.2299014084449,-113.89281943696503,-113.5266991154286,-113.4799158868533,-113.3892883602313,-112.99303918515949,-111.46815216247812,-112.81735286444447,-114.1565492180926,-114.56684473366438,-113.40606966937567,-113.02945984155478,-113.50298103981895,-113.8244944381507,-112.40523069896781,-112.41503667769459,-111.92901839281078,-113.30426035034007,-113.81183415311497,-113.02224281010066,-110.78585389052738,-111.97162485913186,-114.27598898691436,-113.87779377022811,56,-112.97973269600952,-113.18436314943379,-116.05019079236757,1.4711595257751728,0.7782331226432847,3.081996230692553
HDOK,PLOK,17472,17,17,-112,2,11,2,33,-116.0864309580302,-108.67560467116755,-113.56470284083045,-111.75437018413471,-112.40171359999171,-112.34330495595454,-113.30182340027915,-111.84591959054899,-113.1128000585136,-110.70676674097771,-113.71312202927527,-113.34924170246575,-111.68664847457588,-112.56075207765598,-113.76451095789345,-112.20849852575087,-112.91035452291598,-113.52833176468494,-113.79227824372262,-113.27679470422949,-113.01875131143176,-112.97004484580437,-112.12744019473611,-114.49553839967105,-111.24603718173557,-113.74625587829324,-112.12314296625433,-114.85764553082973,-112.60470671936804,-111.66115192755713,-113.07171922959469,-112.15396422312132,-114.5157293779155,56,-112.82351811484583,-112.97004484580437,-116.0864309580302,1.7310037403530225,0.4789173694381443,2.3657722967436823
HDOK,PLOK,17472,18,18,-112,2,11,2,33,-111.15658102313418,-112.29531482364055,-116.46459400617509,-114.58188944675508,-112.78619402302066,-114.00125458636658,-114.55281963258561,-114.70308559912151,-114.41876382945183,-115.39655258487535,-115.33143559793375,-114.87393280584925,-113.3589879494031,-113.8464214176489,-114.59918126433722,-113.60879028334566,-114.02312653973352,-111.46738893094471,-114.19238013666141,-112.18249946152032,-112.93800237124897,-113.90482687263304,-115.07747052746622,-113.33512190843511,-113.52773311128287,-113.25730821858902,-114.06062865394802,-114.47974177154603,-112.82048538741763,-112.373751348487,-114.5610866581691,-111.95211771243085,-113.01515861642302,56,-113.73165536668427,-113.90482687263304,-116.46459400617509,1.3917377234433101,0.17256462371639164,-0.11011820098002056
HDOK,PLOK,17472,18,18,-112,2,11,2,33,-112.30955675231974,-113.43496606849992,-115.72689080679035,-115.1119242691536,-111.25912138645188,-114.1000075004583,-113.87257726943425,-115.06538041761527,-115.67520891192206,-113.77910060203794,-114.55484904065555,-112.89323312474735,-113.53459386670099,-115.32429586842143,-112.84346868008518,-111.16580566090596,-113.28501739971472,-113.58181766733148,-114.20226532761835,-114.0488414427631,-114.49601135453162,-114.433829332124,-112.39346702241869,-113.53497530723243,-111.94229273137705,-114.1398898657165,-113.29682414657873,-114.70181640379197,-114.96426731150257,-115.18754749755117,-113.53642227221843,-113.1563745386355,-112.16669456505782,56,-113.74907073976861,-113.77910060203794,-115.72689080679035,1.3802711072667484,0.37454900528123675,-0.3443764197100112
HDOK,PLOK,17472,18,18,-112,2,11,2,33,-111.92546725458347,-113.00123530421327,-115.26641865899362,-113.57359668958651,-112.75817583499804,-113.37496357602097,-114.21589233375208,-113.11171553765547,-114.30393192693536,-114.80930868211007,-113.9296954843137,-114.47763863146885,-114.1931415551145,-113.16519477520606,-113.14791654768817,-112.46424795245359,-112.90199280432343,-113.39348069880589,-112.18835537530947,-112.34084635336977,-114.6873401088162,-113.62186798216725,-112.6746859657919,-113.95958387382343,-113.53938706710872,-113.00575167516575,-113.92847044945802,-114.11527443279118,-113.3592882515176,-112.99026601665288,-111.90429203321942,-113.19865331673896,-114.17071238236427,56,-113.44541786462173,-113.37496357602097,-115.26641865899362,0.672706464718699,-0.08002782359333119,-0.4406406246970773
HDOK,PLOK,17472,18,18,-112,2,11,2,33,-111.72150143960592,-115.25887867459691,-115.03671734859212,-111.9838944118684,-113.13356046822798,-114.32439433941889,-112.98408586453374,-113.29138803882287,-116.0187965948198,-115.1354731241555,-115.0074153704736,-114.97726945617732,-114.40910454699286,-114.46851548937245,-114.90317246796754,-112.91948259305799,-114.70448383896411,-112.68289227745628,-113.82103963140129,-116.22808319367465,-111.97921432331879,-113.33106108368987,-115.31474718699927,-113.05493506561635,-114.40879292958734,-113.79203744172314,-113.81148727231772,-114.55574004150418,-112.95958183856897,-114.17634286399185,-112.6192424671503,-113.98979213130428,-113.2379387494335,56,-113.94669886561776,-113.98979213130428,-116.22808319367465,1.2864531338662217,0.06143767486738256,-0.6499893243883772
HDOK,PLOK,17472,18,18,-112,2,11,2,33,-111.41036338617171,-114.96842044067444,-115.02945241789944,-113.93176786862358,-111.64498700269125,-114.51019187760078,-112.1472516813667,-114.780138251016,-113.72598134057664,-113.73168197670766,-114.28402533986537,-112.36084909219386,-113.48599168127157,-114.83456521361279,-113.90324507820914,-113.21122981584159,-115.47508133570074,-111.97704241406818,-113.06675791110408,-112.32451027775437,-114.20317054697328,-112.84708063256232,-113.81963538980291,-115.12612769593176,-112.90704214345881,-114.62582208794417,-113.78789323535149,-115.32718648696304,-112.50474284990246,-114.06171527978026,-115.88987081265368,-114.60667469173917,-114.65333575730132,56,-113.79284339434282,-113.90324507820914,-115.88987081265368,1.3413077518074967,0.33448234212569533,-0.7538031332828541
HDOK,PLOK,17472,18,18,-112,2,11,2,33,-110.44799912767097,-114.2957675189833,-113.47598311412831,-115.59329024119259,-113.0846491964818,-114.7673806044951,-115.07217394976823,-114.32675812844859,-114.4400483338232,-114.75985732247412,-113.90177422787745,-114.53016065809703,-114.40008266766958,-113.99890712599901,-115.36119984488958,-113.61126095701893,-114.43666987318932,-115.61408828943645,-112.62718745909639,-112.49168828452223,-113.09722399897898,-113.87856926239911,-113.69095804457321,-111.96285698006632,-113.54536788811721,-113.77584263320631,-111.42763646725973,-114.03472537421123,-113.07654826009492,-112.12384965849402,-116.4979693996127,-113.40347957875674,-112.83092102496218,56,-113.77523865139378,-113.87856926239911,-116.4979693996127,1.54546236270444,0.391274081373718,0.6527928802487737
HDOK,PLOK,17472,18,18,-112,2,11,2,33,-111.1702559799736,-113.23532794356453,-114.18227166440816,-113.67862681113378,-114.84057424059498,-112.4578228982134,-113.99079142749649,-113.34473287777631,-114.4960033758807,-114.00061067318777,-114.27434309863149,-114.09527832391696,-113.33592751714747,-113.14813904667189,-116.2910403937603,-113.37275639862257,-113.46084800829792,-112.23134450924725,-113.91769469747253,-114.18515609568766,-114.11758079776784,-111.88117015870134,-113.2618798872488,-115.77491029030328,-113.95441291827031,-113.16055880736813,-113.7775976656714,-115.12633438425661,-114.12258134985288,-114.84338510010882,-113.07163934017022,-114.16639932852067,-114.85619610960768,56,-113.81285430665253,-113.95441291827031,-116.2910403937603,1.0381395934720887,0.14330230645330966,1.059773778401572
HDOK,PLOK,17472,18,18,-112,2,11,2,33,-112.83202427084393,-113.63566527668128,-114.42701760698002,-113.4788409767113,-112.38144060175779,-114.90650010130277,-114.31312872504536,-112.37410149631857,-114.22994681648537,-115.12526368048239,-115.18885890353698,-113.56986694059576,-113.32152458157334,-113.34111594008621,-113.42141773793719,-114.10397142547666,-113.07063104951884,-114.11522171258846,-115.265810574528,-113.41370481944838,-112.50858378276021,-113.87389852890676,-114.10852197493159,-113.49674792199546,-113.99801422725784,-113.72328168143021,-114.20800266507752,-113.54963504146544,-115.74979541785497,-114.29129354170752,-113.25542083517261,-113.88847900264156,-113.06990774749455,56,-113.82538289716953,-113.72328168143021,-115.74979541785497,0.6519618000355136,-0.35389179969870427,0.01060419803541679
HDOK,PLOK,17472,18,18,-112,2,11,2,33,-112.26272584709106,-113.71690957456534,-116.48612598495923,-115.00652885155633,-112.58410689981145,-114.65123641968425,-112.33157485315334,-113.54984955845175,-114.71011643182646,-114.66817418213067,-114.70263850142189,-113.38034488359222,-112.74158406620451,-114.13388573540747,-114.25261994093034,-115.43685053931468,-112.28025992555268,-114.59774235934051,-114.88069000088772,-115.99775675087731,-113.11629740323869,-112.77995440060938,-115.62159216909954,-113.80595769608435,-113.90057128857644,-113.61724015003912,-113.27862722036636,-112.64318637794426,-114.50747410134281,-114.52018403071168,-112.31673097298263,-113.63734136661655,-113.49364226803574,56,-113.9275915379517,-113.80595769608435,-116.48612598495923,1.223571093885145,-0.2884882531336237,-0.5251528780125692
HDOK,PLOK,17472,18,18,-112,2,11,2,33,-110.63043995687522,-113.26363287444002,-115.64714335116713,-115.3369121511227,-112.95259017772476,-114.38329865819426,-114.21045852885986,-112.9217742516803,-113.8872014010603,-113.2530751448533,-112.76982571383164,-114.83479310818029,-114.02882278817067,-115.38894478376544,-115.69978108641827,-112.71684566151498,-112.85094248483743,-115.72004039242616,-114.71793092320702,-113.33918414608223,-114.72358993878112,-111.77865494662866,-112.29964959673696,-113.8531030448847,-113.79522674746792,-113.66188667675817,-111.58182541064015,-113.12316250511697,-115.13547856396404,-113.71909231456719,-113.48178343649295,-113.97768328079967,-112.69082756267238,56,-113.70835156393704,-113.71909231456719,-115.72004039242616,1.4852311554986593,0.2510449036497231,-0.06202817740304312
HDOK,PLOK,17472,18,18,-112,2,11,2,33,-113.65186732776331,-117.03576955009194,-113.38930169947527,-113.30667850078565,-112.43152735898185,-115.12255480823632,-115.13582495607412,-113.13232486939708,-115.46554586960552,-113.17899163822395,-113.40029692424127,-114.43321157426631,-113.32456765852062,-113.99100917063147,-113.72914329626559,-116.1766878690541,-115.29200612151745,-112.43996273713505,-112.73738906966182,-110.43806218726749,-112.09402335901653,-114.30802597380158,-112.16147950655748,-113.03213822284488,-114.2502358597981,-111.68072772360483,-115.39508445458429,-112.00975136131174,-113.74158216911931,-112.96782638284569,-111.98176510813266,-114.05001118953803,-113.63579300162854,56,-113.60973234848423,-113.40029692424127,-117.03576955009194,1.8994927255491103,-0.28713709965460604,0.2916441502850038
HDOK,PLOK,17472,18,18,-112,2,11,2,33,-111.67447105489195,-114.4711332522141,-115.20203132688236,-113.02056625200316,-110.7740183944796,-114.60828575207375,-114.14157819431632,-114.12146739832527,-113.11769562738829,-115.99876859271964,-114.77967433215123,-114.09207878498283,-114.79244202841323,-113.05378113686044,-112.14857733227518,-113.59129133674767,-112.36109486312284,-112.49100303457662,-114.24434305479026,-113.07865717317628,-113.82339614139424,-114.41822569876629,-112.08358867019436,-113.2927316046184,-112.82647788290761,-113.63381146804542,-113.80777828683358,-113.68820764013438,-114.81489375539472,-113.05112061983102,-114.76537258505137,-114.77289583505949,-113.1970948327524,56,-113.63450163464772,-113.68820764013438,-115.99876859271964,1.219207178545128,0.37363943450390324,0.17532185767166952
HDOK,PLOK,17472,18,18,-112,2,11,2,33,-112.59654126451535,-112.44223284003435,-114.84178090351932,-114.63348057186711,-115.73670000050952,-114.18366672052635,-113.72508622554423,-114.072668367946,-115.25851962233112,-114.25917969774103,-113.73406372481101,-114.09822605466742,-114.71755630716835,-113.77043163276937,-112.99916034906396,-113.16373253586863,-113.84136965572111,-114.52026551255965,-113.63889680875062,-114.06026812134868,-114.57382955618536,-112.41042516853226,-112.5616919727251,-112.06320618967538,-111.80128775365034,-114.43447144897617,-113.20250216401304,-114.77525451479792,-113.85889589886469,-114.7023559194959,-113.79035710159779,-115.0274685172967,-113.49931303314088,56,-113.84832988352164,-113.85889589886469,-115.73670000050952,0.8820397355299217,0.3689289308420134,-0.3653944881367317
HDOK,PLOK,17472,18,18,-112,2,11,2,33,-111.76594802143924,-115.95595513419714,-113.66510807329738,-113.7106341079288,-112.21914577430158,-114.2545637729921,-113.59795638319784,-114.8918131874761,-110.51416949529072,-113.71385992517239,-114.4260724314842,-116.04371665873528,-113.88757724713977,-114.6710771616957,-112.9772973281374,-113.62902489218418,-115.01399429278149,-112.46538203134747,-114.2119299073806,-114.51332090234176,-112.4898538708803,-113.8366516080586,-114.96525164657058,-115.4386813194543,-112.37994149927624,-112.57689379603248,-112.39412675222442,-114.11291983410615,-114.29554897639213,-114.10499125403729,-113.05554058705519,-115.38961443171021,-113.84045997356338,56,-113.78815219023886,-113.84045997356338,-116.04371665873528,1.4894304096872681,0.40470785905057644,0.2606096199146126
HDOK,PLOK,17472,18,18,-112,2,11,2,33,-112.25089785690251,-114.27626893513305,-114.07841572554977,-113.7415942226509,-114.25266413267684,-113.80739542695906,-113.83416338289145,-114.1903575532017,-114.28567534263703,-113.7990875692771,-115.2120825432269,-115.09187928373342,-115.18047588735006,-113.87044319775858,-113.21963938135659,-113.1368303650106,-114.05850929434249,-113.78514795697055,-114.18026967466965,-112.55823380178215,-114.69580307731502,-114.4501828932792,-113.44032344508736,-113.98231662833447,-116.26236427554193,-115.18579584398772,-112.47193413076612,-113.77586097731016,-112.36640615390205,-114.0054185900852,-112.99979272536928,-113.92339952801322,-113.96539418270464,56,-113.94954618138716,-113.96539418270464,-116.26236427554193,0.7449643095425879,-0.17641207420972044,0.6973874256454518
HDOK,PLOK,17472,18,18,-112,2,11,2,33,-111.35545965913755,-114.47524348614911,-112.8828306883187,-112.8392932464861,-114.92043293546082,-115.74534895725778,-113.52901704194258,-114.05817920344718,-115.24118896778295,-114.25108970403926,-112.88996738604749,-114.20781871693677,-113.83409208983933,-113.69141608590152,-116.15470001750866,-113.52428881937735,-113.96179584437438,-113.32225612017389,-114.03143822224858,-113.11221400897549,-115.36211959880914,-112.82072821652898,-113.37656635472602,-115.08456614519687,-112.55857289636458,-113.86272480622125,-113.88164389806238,-113.96049713661051,-113.18841064196296,-114.78967340735147,-113.2207448705823,-114.32695180040149,-113.1142965021438,56,-113.86592628716264,-113.86272480622125,-116.15470001750866,0.9746937480041866,-0.15944658108745302,0.4613527780550166
HDOK,PLOK,17472,18,18,-112,2,11,2,33,-113.35594042944666,-114.34322918459648,-113.10050653443955,-114.53496052560119,-112.17102145694568,-114.38980658325461,-116.12904401231312,-114.2611449259348,-112.57933453659102,-113.79954391175028,-112.63088119794394,-113.67303673544602,-113.39525320948768,-115.16112505471936,-112.52873191592549,-113.5193936425738,-113.58508222625747,-113.06397504274855,-113.76954663384753,-114.14131024219738,-114.7110435159322,-114.38058746214267,-113.26897705827447,-113.97098150710282,-113.7232207918611,-113.94619246459659,-113.58882428480808,-112.23197536453188,-114.08508595731624,-113.07985611926725,-115.18791492866558,-112.4970964986145,-112.69806104781227,56,-113.68189954554383,-113.67303673544602,-116.12904401231312,0.8011080262262392,-0.46393894639955685,0.3296466410829577
HDOK,PLOK,17472,18,18,-112,2,11,2,33,-112.88530932736803,-113.3552146423951,-113.57682386865841,-113.99713305748543,-112.74254492972995,-112.60947273090358,-113.22863516017881,-113.49863525627181,-113.5339755125571,-114.28791269096293,-113.74527721537808,-114.25428841019182,-112.88515877507969,-113.69030360897837,-113.76189206852021,-114.13580931942077,-114.57476840643544,-114.75038236520975,-113.75974346969053,-113.85173663266855,-111.1683607000186,-113.80035713159327,-113.69722056664035,-113.03778534871107,-111.71910869121989,-112.97245326144937,-114.4950696676716,-114.12941201949268,-113.13565008918572,-116.61982971124893,-114.82906897447444,-114.43119288239077,-113.88614686061922,56,-113.66808101069091,-113.74527721537808,-116.61982971124893,0.8930952886089824,-0.15730854711602618,2.8167803800651083
HDOK,PLOK,17472,18,18,-112,2,11,2,33,-111.35092974926329,-114.16114192672626,-114.79868831437655,-115.1377718350925,-114.21451054332717,-114.04892896280751,-114.23343886500099,-114.09449830167678,-114.2389041229873,-112.61044480220413,-115.48133750489852,-114.52936628623937,-113.68286625724377,-115.4609227362551,-115.01754624933511,-113.54491899147779,-114.30395501836182,-113.59929793130371,-113.64922251435988,-113.41100569924188,-113.061676266435,-112.91424688787986,-111.19638433789456,-113.87866108863871,-113.12885716349076,-114.27897976617494,-113.1884752814046,-113.59658707327361,-113.74378982987346,-114.15158111908436,-113.4325082485774,-112.79229823353626,-112.89004759721321,56,-113.75223604562592,-113.74378982987346,-115.48133750489852,0.9217688062135722,0.6348457547187729,1.1069544356584715
HDOK,PLOK,17472,18,18,-112,2,11,2,33,-112.95003824975458,-113.47394417352797,-114.87834971600417,-114.51240798090306,-115.12836033978739,-114.68054989718031,-114.19602504938867,-114.38844711463061,-114.64300448663013,-113.98216756672873,-113.25902728721313,-112.22696966575552,-115.14468954007783,-114.43215076648218,-115.27248384506012,-114.43414731759671,-113.95415431347848,-112.38338791468061,-113.19183208146222,-113.58975512143905,-113.42395802943402,-113.74600239732095,-114.29463951534291,-113.28906227207823,-113.8849256592377,-114.13423374575298,-114.47737426082772,-114.40447708376205,-113.56227129668285,-113.89940248867397,-112.66586497165963,-112.48719052708111,-112.48126633582412,56,-113.86280487913513,-113.95415431347848,-115.27248384506012,0.683455879200236,0.33219106193447046,-0.7013612986639672
HDOK,PLOK,17472,19,19,-112,2,11,2,33,-115.86909444786572,-109.32359253483992,-112.9927363963679,-113.16153111652054,-112.02755269099592,-112.5114051109969,-113.83667877393378,-113.00993136879842,-113.45793981798269,-112.73140951437611,-113.70842699207834,-112.63187304331953,-113.67050237910641,-114.08196516433888,-111.875455410018,-112.66066241880209,-112.3090758431865,-114.37593309082852,-113.72204437436592,-111.00202143534999,-113.20282838866429,-114.49701348206285,-112.26641160016526,-114.52670957038194,-112.89657644879718,-112.5390278196201,-115.24481377880277,-115.08421349929988,-112.87621983251915,-113.56499131793257,-113.72261319313724,-113.92224559440403,-113.28468152945372,56,-113.22994478725192,-113.20282838866429,-115.86909444786572,1.4927971547624905,0.6545248337014737,2.2713456095723825
HDOK,PLOK,17472,19,19,-112,2,11,2,33,-113.43758522912948,-110.50761256131652,-112.07046912573482,-113.25191494670413,-113.25929912883265,-112.2067743005898,-115.79053941060253,-113.47998181122294,-115.98299100990587,-115.01624774200486,-113.09810104064785,-113.71239198947276,-113.30049682394569,-112.02324755849887,-117.08271600916878,-114.08208900139257,-114.77007224555223,-112.90295236292509,-111.01782520572557,-113.33278445044492,-109.57691620838615,-113.34139841234186,-112.88678151700137,-112.0598296413105,-114.30535901635938,-113.29511738155072,-113.56882988195586,-112.9179250526254,-112.75264050881901,-114.74424848990233,-112.22476773352865,-113.62875812905094,-113.92390083599635,56,-113.31977468977716,-113.30049682394569,-117.08271600916878,2.182512095105593,-0.036511192229650144,1.1933145041981104
HDOK,PLOK,17472,19,19,-112,2,11,2,33,-114.15700014526728,-109.93625148119827,-114.01621960643604,-113.54505115743765,-112.67889073379189,-113.74608082264761,-112.87757751248796,-112.78378843916344,-114.22930243217917,-114.52508212096353,-112.75677814924369,-114.40226826821427,-113.36002113813288,-113.41831348101235,-111.82909736755278,-114.07309258234284,-112.14714288136054,-114.26831691395378,-115.33592157501863,-113.50115621044198,-113.39044907180349,-113.565227772922,-114.33038058971364,-115.13505654797099,-113.15713000275672,-113.39644358092028,-113.20413614713755,-111.77941404388768,-113.76312061808059,-114.90477929256609,-113.20028923930722,-112.73561551844229,-113.6372498866392,56,-113.44808016154528,-113.50115621044198,-115.33592157501863,1.0946840377535667,1.0200662748726343,2.61881179541882
HDOK,PLOK,17472,19,19,-112,2,11,2,33,-115.5070451774575,-108.57996973295538,-112.30317123041509,-113.00170341213901,-112.30694562920458,-112.02515878556703,-112.46202466052665,-114.22897954875295,-112.51742597680023,-114.45143555687999,-112.33890125422165,-111.83928337305348,-112.69588502273207,-112.22075729777897,-112.91463377389378,-112.8488029745891,-114.37757104995154,-111.45706732929162,-114.50171745015749,-113.74749899946639,-113.23326893580145,-115.34242009390556,-113.61865560662115,-113.5554023280838,-114.47573004578734,-112.87912394491194,-112.65528937975056,-113.03700442128654,-113.27852383168774,-113.54020640829873,-112.92904556277324,-113.42566159814643,-113.50464740557955,56,-113.08487750904449,-113.00170341213901,-115.5070451774575,1.5333823430126718,1.0578942928064918,4.251246139860319
HDOK,PLOK,17472,19,19,-112,2,11,2,33,-115.05648773927392,-109.95028268258243,-110.80472758526103,-113.87466919159334,-110.26858374854521,-112.61513842745843,-114.51433528903095,-113.30289373989183,-112.83309980418713,-112.93104240553352,-114.33753073614109,-113.24963672183328,-113.31148272732763,-113.27854907576906,-111.7776298594548,-113.00712286669471,-113.22307187548196,-113.39652947034449,-115.90660740214584,-112.63692380667035,-113.73537613688966,-114.50562239868852,-113.69932683349585,-112.99746501597917,-112.33894226100075,-112.44792932961305,-113.92911565955217,-114.65941377387624,-113.65621089233974,-114.74089415231589,-111.95722494747638,-114.03138291907142,-113.0728019421684,56,-113.21357731568753,-113.27854907576906,-115.90660740214584,1.6125979519925937,0.6380243473504037,0.9569075206881279
HDOK,PLOK,17472,19,19,-112,2,11,2,33,-113.8215464738419,-110.20557948005936,-112.99677874029086,-113.33055865369755,-113.03181388654923,-114.57684304209468,-113.98378989216192,-113.93993295920966,-112.38652257974655,-113.6075301856183,-111.9338390743868,-112.46847330242043,-111.95855630041616,-113.54399764319622,-112.36843811611668,-112.91641526098283,-115.02291309553128,-112.19152851999158,-114.09040463858338,-113.9301095737487,-115.8983980680857,-113.76076020000475,-113.03536681573925,-115.57825465235646,-114.41247283359984,-114.08298456030494,-115.18616295404975,-112.64371318061107,-113.325666761685,-113.75656521634404,-113.4598610800531,-113.65572425305831,-113.38291887258741,56,-113.46922487476131,-113.54399764319622,-115.8983980680857,1.2601777448090798,0.28950593497518157,1.2355081387445224
HDOK,PLOK,17472,19,19,-112,2,11,2,33,-114.21342942325273,-109.45277021269264,-111.64597239339699,-110.24594973451593,-112.7412386902935,-112.72276798506441,-114.47470864515485,-110.80073426045776,-113.41460093129832,-114.4352526859125,-114.30416454333306,-113.5420960840737,-114.207034095386,-112.99511398059211,-111.91088171322565,-111.87288486078467,-114.9090852249211,-115.74091157400967,-113.56753935635938,-113.91102628135631,-113.2654145673424,-112.51113740157074,-112.14874695321602,-112.00170263960176,-113.94061276596457,-113.04822991766665,-113.3473203047257,-112.78380141470258,-112.19449061030426,-114.56757172460351,-113.8637588281359,-113.24420805658333,-113.87524390300175,56,-113.08789096253032,-113.2654145673424,-115.74091157400967,1.7753401597915568,0.7038849703015717,0.7249344873483428
HDOK,PLOK,17472,19,19,-112,2,11,2,33,-115.29992331386538,-108.96302118618382,-112.77859003245445,-112.03463978906935,-112.85828626757733,-114.18523297654905,-113.37355258131255,-113.3269251969779,-113.83461197554716,-113.86484087324443,-114.00784438625678,-113.1198632789172,-112.60243243467836,-112.92488931266394,-113.22289481958676,-114.06074638445558,-114.71274401572461,-115.2185724341034,-113.65551541175714,-113.71941355539465,-114.15831231457567,-113.75100309247965,-113.53208932515392,-114.65238205478461,-111.48116887144882,-113.7731495893455,-113.91412023577146,-113.242835055409,-113.1741652316077,-115.28099051612477,-115.88372145520619,-112.47913702515798,-114.7950711724767,56,-113.57220261108671,-113.71941355539465,-115.88372145520619,1.5700430652311193,1.324737827998363,4.43819255505654
HDOK,PLOK,17472,19,19,-112,2,11,2,33,-113.61227280239753,-109.8258446683803,-113.70475223293904,-112.70077239640074,-111.47415368328659,-114.8493760695967,-112.18485615446542,-113.92660331871444,-114.85614824352908,-113.03954314855459,-112.31837736593056,-113.01809227378467,-112.8748430705713,-112.05796429734913,-113.6527685946535,-113.505902332875,-114.47522672124404,-113.76534434201368,-112.56285772589698,-114.70241117344975,-115.12629972139433,-114.05626883782833,-112.74575969689877,-113.27711698822962,-114.25344515796003,-111.80931840484836,-112.09898895164606,-113.70577026870433,-112.75478189882716,-115.51053099662408,-115.37588886458651,-115.03805913532935,-113.47678970319078,56,-113.40415543157881,-113.505902332875,-115.51053099662408,1.537322014009065,0.49063384529991816,0.5940620687705414
HDOK,PLOK,17472,19,19,-112,2,11,2,33,-115.69498277603313,-112.09789168574095,-112.05534863093378,-113.70175500162975,-113.03105969387612,-112.69271853147002,-113.51832435892142,-112.33404768679316,-113.78859758228722,-117.02613831610672,-112.83645468469027,-112.09800534941641,-113.08992062414146,-112.5859063640417,-112.04968006642845,-114.27263971318128,-112.79450458910988,-113.41844871307137,-113.83013960656909,-114.00234136030541,-113.84365572585592,-115.61330539012532,-113.78955221469002,-114.20797562151485,-113.63202954366463,-112.26723682235054,-111.7917615732412,-112.52253020730734,-112.52159833476979,-115.44885447481589,-113.17186179503098,-112.18469212963898,-113.33043809838496,56,-113.37104234139812,-113.17186179503098,-117.02613831610672,1.43298481811533,-1.1923475860773995,1.4795902031879034
HDOK,PLOK,17472,19,19,-112,2,11,2,33,-115.41417298947052,-110.99150276716878,-112.65843760837811,-112.04774810572137,-112.51985460609697,-114.11456387624342,-113.87192732060757,-113.5531788708734,-113.59199555867352,-112.76443360787246,-112.85413969370731,-113.04936964537329,-112.65877073131163,-112.63716598267384,-111.76146500305799,-113.02111440242835,-113.50016266296622,-114.09186163437285,-114.84220097015324,-114.87621912517561,-113.71045780939104,-113.75640739894168,-110.67330381536812,-114.0203022662295,-113.77576172783274,-114.00605611003729,-114.5128003592233,-114.57540153079364,-113.50905713051897,-114.08631808883045,-113.86264960168434,-113.86938277186238,-112.87298709342811,56,-113.3954900262566,-113.59199555867352,-115.41417298947052,1.0819022291715563,0.675134640839405,0.6677913303012941
HDOK,PLOK,17472,19,19,-112,2,11,2,33,-115.45207847847679,-109.25786248640316,-111.94486712240779,-114.18450852103555,-112.35864101536025,-113.67916000668626,-113.33787741554904,-114.4385147765693,-113.48486980432698,-113.35899162183313,-114.09652390376357,-113.70870076227153,-111.36331763118629,-113.0633997871036,-113.721518934817,-113.05394121379811,-113.92853755401099,-113.10447020266652,-113.94586060937614,-112.72863070350081,-114.83434643350071,-114.60914528335555,-115.71306466162366,-114.44008197848218,-114.28529109851439,-111.95852180634394,-114.64215762498107,-112.14502033633822,-113.5059658913479,-114.15642259710026,-115.60189160172162,-113.25570306840991,-114.61196259747581,56,-113.57490447061629,-113.70870076227153,-115.71306466162366,1.6478176218657008,1.098098664851623,2.5756255537085253
HDOK,PLOK,17472,19,19,-112,2,11,2,33,-115.3502374831458,-110.61087345782104,-113.16098447793576,-110.83259987272211,-112.61390488562783,-113.05054887869262,-114.93888503367745,-114.18917109931644,-113.90794561363377,-114.00765600443923,-113.45145533580079,-114.36650059593829,-112.59447720009025,-113.97352986005491,-111.96292432236218,-114.30439839088604,-112.7923843762865,-113.43940593371016,-112.23543647339564,-113.31114482528668,-113.87344637458303,-112.51751218598598,-112.9907712757609,-115.59491585833452,-116.18646922142322,-113.56386679889454,-113.45561545015805,-114.26295503854706,-113.38046874279296,-115.75853884325883,-113.72437284067543,-112.07436641030804,-113.74431200252673,56,-113.52188106557797,-113.45561545015805,-116.18646922142322,1.5364606777194043,0.10414029761448744,0.460864031941294
HDOK,PLOK,17472,19,19,-112,2,11,2,33,-114.02624987989512,-109.85012461761168,-111.53914726787744,-111.5186054545703,-112.777114343156,-113.99115831711352,-112.54967760502424,-113.8198826647399,-111.68991253459006,-113.6412506750326,-114.05329626569993,-110.8826405261259,-112.59574553812178,-112.22563345621998,-112.88349332221564,-114.6154353278875,-113.22439443702456,-113.38010787299984,-112.85626129125197,-113.48342075722853,-114.16059053979572,-112.59091938090208,-114.06499034599788,-112.93327335396289,-113.08248251761441,-113.35824056650058,-114.914364021064,-114.91954070294871,-113.25891785305826,-112.3439389998764,-113.77475392026714,-113.69193447535869,-113.61635729919436,56,-113.10041988275539,-113.25891785305826,-114.91954070294871,1.2281019102637067,0.8450574079004551,1.0514426305818172
HDOK,PLOK,17472,19,19,-112,2,11,2,33,-116.05318240225567,-109.21435790540919,-112.32431400152008,-113.22460448480213,-111.92638443329271,-114.12276497286534,-114.38555795066615,-112.59997281076156,-113.01772199852807,-112.92189257301037,-112.44230336823298,-112.31922152997012,-113.89667215129252,-112.04368745337224,-112.65596453718787,-113.7376331227239,-114.48818710343045,-116.04993581897529,-114.35712778940028,-114.04338042854772,-113.50125312241039,-112.71552988931863,-113.29310652733457,-114.13783060836226,-113.75631288317118,-112.6043580456626,-112.28672664944227,-112.36938663482799,-113.7699703865236,-112.70208426327964,-112.44998378239721,-112.68476200784124,-112.89783946475372,56,-113.18163670004758,-112.92189257301037,-116.05318240225567,1.5034892149894419,0.2401727313621082,2.9776357164142753
HDOK,PLOK,17472,19,19,-112,2,11,2,33,-116.28396260242775,-110.49603465465181,-112.5573192800408,-113.54897283488097,-113.97657009419554,-113.31615040494218,-113.62183200230052,-113.34511507160869,-112.09579070195541,-114.34649883443805,-111.87676917477818,-113.66954990626029,-112.31995588239913,-112.64110138838103,-114.75155138835461,-113.5831687891579,-115.33660688367199,-113.6818863746077,-113.90265332736712,-114.78838949862505,-113.26466320543534,-113.31524888678966,-112.91792965604867,-113.03739815410418,-113.48761270780192,-114.94003908616801,-114.2125993583675,-113.5818470320652,-115.26023675369397,-113.92119439811967,-114.33700451364516,-115.41271847458252,-112.57474821166593,56,-113.64857937980399,-113.5831687891579,-116.28396260242775,1.310364140810155,0.18301401445468843,0.8496208201393913
HDOK,PLOK,17472,19,19,-112,2,11,2,33,-114.38276416174189,-110.55525696635728,-114.15826050988977,-112.12417528204037,-113.36823413529616,-112.01977071670137,-112.7725485154949,-113.72589886306595,-114.18493764293842,-113.19788219409769,-113.30989387850441,-112.7001360690798,-112.397937978043,-113.34885127378521,-112.36824801635595,-113.94428635618935,-113.5344104160759,-113.79386964930674,-112.2864709093342,-114.66076867707702,-114.12294198340658,-112.8716809579368,-112.24327582068433,-113.77967329236085,-111.7899110904818,-112.61906307932803,-113.82358826089306,-116.06475218432622,-114.10549113240913,-112.61348322846176,-114.14912550279222,-114.18756718528569,-112.19733714437052,56,-113.25462100224583,-113.34885127378521,-116.06475218432622,1.091071109058511,-0.006817097453206391,0.8311488755491241
HDOK,PLOK,17472,19,19,-112,2,11,2,33,-113.96370921299891,-109.12372603371651,-111.05476055489302,-112.1771773785674,-112.74883373582172,-114.49268118359129,-113.78296793489244,-111.90505797113758,-115.4360405414209,-113.93363787553588,-113.94628931941868,-113.2991577143686,-113.35066710647378,-112.61472939589923,-113.86613363171631,-111.4327253055911,-112.66338897984281,-114.1677499438009,-113.95657953031392,-112.25554141655799,-112.64582443155624,-113.40344219287871,-112.62777409594997,-112.27281549313805,-111.69605916923003,-113.34397540977152,-115.0441383894646,-113.85016680314203,-114.64851383129444,-114.60448575233072,-113.57480168094696,-113.98781198408204,-113.5303238103576,56,-113.19399053971824,-113.40344219287871,-115.4360405414209,1.5771626467934956,0.9926301990480902,1.9306091282661257
HDOK,PLOK,17472,19,19,-112,2,11,2,33,-114.97110253275419,-110.25517144923123,-112.22560949047784,-111.97873430956915,-112.89871401013971,-112.98096514018656,-113.15122686312817,-112.40781464280494,-113.53693515624332,-113.46980284226416,-113.45013597462246,-112.53013365842932,-112.0792760782758,-111.75207718678568,-113.8070539828491,-112.5248495807325,-111.17179983784987,-114.08289208542779,-113.23154526237036,-112.97420363066455,-112.9111624289148,-114.60932132748334,-112.74257360472207,-112.46623975866267,-113.99654537039945,-114.41737210608908,-115.29142733331364,-113.95589278429036,-113.70577561035934,-113.88280921536274,-113.07194870708729,-112.94842211044441,-113.19888421506123,56,-113.11146722081811,-113.07194870708729,-115.29142733331364,1.068491160867118,0.336300444916518,0.8414395414893634
HDOK,PLOK,17472,19,19,-112,2,11,2,33,-114.87429108511662,-110.36268527294723,-113.09254536288083,-114.1895580945147,-111.2987165050832,-114.76629244942858,-113.31649836336517,-113.644157473939,-113.61905561677578,-113.20923413189499,-111.39080749413495,-112.61883387494247,-112.64114086083988,-112.50057599973663,-112.35063037136261,-112.45808878542054,-113.47124124259658,-114.04194877168274,-114.10186860657116,-113.8973330226366,-111.31528376429509,-112.19715440909064,-114.00055892233938,-113.6127231839292,-113.17362049099809,-113.57947474067936,-113.49037092015566,-113.5438622465163,-113.95758941590852,-113.01419616811346,-113.5327334071625,-113.396581178352,-111.51339003561391,56,-113.09615279603103,-113.396581178352,-114.87429108511662,1.0614668320824983,0.7665330799822911,0.3306004887890124
HDOK,PLOK,17472,20,20,-112,1,11,2,33,-111.5060892288318,-112.8145529093511,-112.70576556347753,-113.50457677045074,-111.91751221968785,-112.91733746216168,-113.03262821842092,-113.73211324363251,-114.31978462404258,-113.94417337017393,-112.55164707980268,-112.8170820307914,-112.30980036975816,-112.20467305222245,-112.88325666436717,-112.29487810992319,-113.1108572320336,-112.77743070323771,-113.65404997227365,-112.63201100841971,-113.69482260548217,-113.85441694214686,-114.03316905250371,-111.78119120515849,-113.49587025148888,-114.83959583114358,-112.64937420179388,-111.7869790313357,-112.60072610043626,-112.26932779848022,-113.1894169019144,-112.43695365383469,-111.86515192818872,56,-112.91294591930205,-112.8145529093511,-114.83959583114358,0.6215041053261633,-0.3908408661420347,-0.30168951561437574
HDOK,PLOK,17472,20,20,-112,1,11,2,33,-112.61584755320574,-112.03802369151299,-112.59294428193814,-111.99419867189928,-111.83122739967689,-110.99222708169775,-113.50624512401237,-112.86706383431313,-111.90906368192228,-112.02344305422861,-111.67318816128227,-112.47359821927893,-113.09619627868122,-113.27665893674512,-113.440126453337,-112.93682921920585,-113.9007220568615,-112.09928403997887,-113.42809775452632,-113.63330139731025,-113.18283992793695,-114.30975164456498,-112.74880888800101,-111.85642025037706,-114.4002213133738,-112.40340827449918,-112.62116352438642,-113.10058418501639,-113.18549828342623,-112.43311152698507,-114.10025774482195,-112.87161746264267,-110.71917874748851,56,-112.7351863231859,-112.74880888800101,-114.4002213133738,0.7470886072393397,0.1553260777714636,-0.09123852179199421
HDOK,PLOK,17472,20,20,-112,1,11,2,33,-110.25628422265028,-113.19159310629688,-112.52563629206469,-113.19278964025833,-114.89323469299114,-112.34453812551428,-113.85075790331675,-113.83960626385802,-113.60193118002692,-113.24050147208045,-113.00602508912186,-112.21474553346339,-114.01629335015394,-111.94999379044694,-114.10166004586624,-112.56304792875203,-112.39104707991368,-112.2724257327689,-112.71827455452208,-112.9667280295302,-112.08346402064491,-112.67235050990557,-113.00385189106053,-112.91926242286998,-111.78829658307616,-111.25418872072521,-111.69241496894688,-111.40126668484554,-112.61140710077783,-114.571628810288,-109.61314942847558,-114.00234824515832,-113.17827408740428,56,-112.7251217426599,-112.71827455452208,-114.89323469299114,1.2484116320565362,0.6002518041436951,0.9729522630833016
HDOK,PLOK,17472,20,20,-112,1,11,2,33,-111.75729197406936,-112.20622335976661,-112.96832699296976,-111.67465822346597,-112.95411331242384,-113.39118613084732,-112.88267922416014,-112.43569561086817,-112.16254935549115,-112.52342942859681,-112.42022449281997,-113.22266923686402,-113.48451208389038,-112.72198507782772,-113.06410953078992,-112.76332547500586,-112.0950819777652,-113.19532887786835,-111.80670771405657,-112.65010522216892,-111.7168487570816,-113.03520305314989,-112.3662138774571,-114.03784076285419,-112.87793791973529,-113.35152805083493,-112.09369222972359,-113.75271963659576,-113.8328405051792,-112.31587115058531,-112.52716745477143,-112.1173951382882,-112.09769599412226,56,-112.68191387369986,-112.65010522216892,-114.03784076285419,0.3879226444987009,-0.3072907773436236,-0.6274569805561714
HDOK,PLOK,17472,20,20,-112,1,11,2,33,-110.3975882363034,-113.71347008017186,-112.83717909759672,-114.20146795478385,-112.23032504322788,-112.82420221496884,-113.00988055353437,-112.26114041481364,-113.61697578320944,-114.47034770999852,-112.40661713746346,-114.41412182087858,-114.45674492727866,-112.996493220443,-111.9016237246165,-111.95546544850716,-113.26181310648603,-112.50219748657886,-112.70618398571989,-110.48431288370702,-111.30298898380435,-112.57394735554227,-112.30968115586413,-112.9925195154738,-113.89922117613148,-114.01557130108866,-111.56826839392731,-112.18377191812125,-113.93209536441077,-111.92959555548121,-114.03823621454414,-112.26069521155686,-111.717482037227,56,-112.7688553034382,-112.70618398571989,-114.47034770999852,1.1388231493472993,0.2125038435974975,-0.39013367406953314
HDOK,PLOK,17472,20,20,-112,1,11,2,33,-113.42877126299203,-110.78071698560125,-112.34578408015372,-113.12590202367736,-112.29456855925424,-114.61003449894277,-113.94961896328941,-113.12493559079573,-114.12755243025615,-112.05634267444945,-113.52788778375857,-112.1410548374101,-114.59922334641078,-114.39967493915343,-112.26465433551024,-113.39962739529722,-112.80606446285708,-112.83365857242734,-112.03686588703324,-113.03219155811571,-113.10203669922211,-112.53445629374687,-112.36279022931248,-113.41749758448049,-111.5804159522469,-115.01520751928518,-113.2852526359316,-112.67724931782202,-112.44119184199715,-114.27642992642085,-112.97972229049886,-112.23858437637763,-113.14191029442173,56,-113.02842045906515,-113.03219155811571,-115.01520751928518,0.8646645669457295,-0.13079843072414704,0.027055678640362846
HDOK,PLOK,17472,20,20,-112,1,11,2,33,-110.87413409850231,-111.36156144655007,-113.43929255467896,-113.33762293005728,-111.58899044801437,-112.48014416886109,-113.64232916521728,-112.66733467713212,-115.43051751575658,-113.23715748703906,-113.58365514210625,-113.53388744688934,-114.46542535438937,-113.53100463249827,-112.88152391356594,-112.34862556133636,-111.02224146424942,-112.92312855714597,-113.2102528449848,-112.11986186186891,-113.49951702057106,-112.81411455087493,-112.65938362974316,-113.46315783309342,-112.5761954841927,-112.33231031821374,-113.70704554223748,-112.51633646828334,-113.3663911478015,-112.16803553001031,-114.3504234394002,-110.59786280299406,-112.06674151403675,56,-112.84230928946353,-112.88152391356594,-115.43051751575658,1.0585808359623263,0.09653531865048456,0.4610808423607131
HDOK,PLOK,17472,20,20,-112,1,11,2,33,-111.62605856000977,-112.45568733752827,-114.72533476583548,-112.23113846476214,-112.7794878086498,-113.41943659322627,-114.79998794646254,-112.80254509282656,-113.14641197089745,-111.71998338717168,-112.90413017310496,-112.67962220158032,-112.1811111033049,-113.34998298504046,-112.28479658864805,-113.14880780544102,-112.7474676675134,-114.05964705794922,-112.25312746768246,-113.87291155644452,-112.6325692234436,-113.65278437024593,-114.03299540664567,-113.48616508296598,-112.94573795428443,-113.43132765526369,-113.25724766733586,-111.65208242110072,-111.28782270694543,-111.98949335937182,-113.95618008178499,-112.6703486171634,-112.43265618822582,56,-112.9277299172381,-112.80254509282656,-114.79998794646254,0.7249101443164273,-0.26437812909048347,-0.2653879463824351
HDOK,PLOK,17472,20,20,-112,1,11,2,33,-109.702921070182,-111.98833054387555,-111.202333323284,-112.09447889557809,-113.04678209275008,-112.23792416769565,-112.5359000762554,-111.55211717060898,-114.37214733671215,-112.81631148912393,-113.52219194584993,-112.70212314823608,-113.6529362447312,-111.93467935700413,-112.48318502289925,-111.63942449500246,-112.74037204417124,-112.3395598796848,-112.73123227615791,-113.47337198260728,-114.77060330682161,-112.84165197987029,-113.75169114324265,-112.84033379976194,-112.25069493785699,-111.5051369222814,-114.0310529981947,-113.80693046923052,-112.48720773850988,-114.0327240963086,-112.95909016770817,-112.22330365604536,-112.43806777092435,56,-112.6880851984596,-112.70212314823608,-114.77060330682161,0.99691899024549,0.388870733334256,1.2598842888202717
HDOK,PLOK,17472,20,20,-112,1,11,2,33,-113.76214156075581,-112.35827455726805,-111.14388063587488,-112.58108350142335,-112.15634353907605,-113.33214099132508,-113.13861016721913,-112.82341140022353,-112.19273372036426,-115.07844167586411,-113.23944541498149,-112.58281489568911,-113.67640931234486,-114.00792826368172,-111.66093736522411,-111.54338946294706,-111.98537440205439,-113.74983035749007,-112.77726168111788,-112.55485768558906,-113.22759602054342,-112.80472279869119,-112.96012149849807,-113.90357740902331,-114.18129001461179,-113.4490943572597,-112.64900356867834,-113.49856790084308,-113.6484846386914,-113.1814716204084,-113.01943432495418,-111.55957181014918,-113.60159411814236,56,-112.97060123245481,-113.01943432495418,-115.07844167586411,0.7168321090103903,0.062093988223022555,0.11257724147975345
HDOK,PLOK,17472,20,20,-112,1,11,2,33,-111.75070853165249,-112.2916481245563,-112.88062571007784,-112.81412615453857,-112.83143066937419,-113.17810533397933,-115.14199335489697,-112.5415027443181,-113.32627544484201,-113.60793254366436,-113.67681894798626,-112.58018481903909,-112.40998235553495,-113.90329770875464,-112.9395207161248,-111.69535540355062,-113.89824418698561,-113.81545596250386,-111.23162695120803,-112.58959363674708,-112.02281099138953,-111.7747090144878,-113.6699346757601,-113.98383927523889,-113.24048387879454,-114.82685611462757,-111.6321538642678,-113.8765790751667,-113.65726794281093,-113.27356077198482,-112.17197428323774,-112.98312953323656,-112.3477608815397,56,-112.98683301826904,-112.9395207161248,-115.14199335489697,0.82537638893528,-0.2174746256386659,-0.21306660574325642
HDOK,PLOK,17472,20,20,-112,1,11,2,33,-110.52935208610639,-110.980164129184,-114.8528131296328,-112.72119707935799,-112.52108293451737,-112.94653197676702,-113.83698513963036,-110.7850407206365,-113.45971862172054,-111.8685739621185,-114.25350092024655,-113.89073896078044,-114.15912996414292,-112.25202935387789,-112.93912719497027,-112.48828812776898,-111.58034908632065,-112.92347912982957,-111.6497630841957,-113.94767442692624,-112.7527268282067,-112.93904178844724,-112.80195382355559,-111.89085530389396,-113.13791492498062,-112.84437347441177,-113.19030593730272,-112.83807121977215,-114.60168448997764,-113.27545462123614,-112.70762999707762,-114.50400948858001,-113.05807836816263,56,-112.88265576649503,-112.92347912982957,-114.8528131296328,1.0993411428104944,0.29128856884921367,-0.05490235628614526
HDOK,PLOK,17472,20,20,-112,1,11,2,33,-111.72248670327902,-111.61187858751518,-111.57862277743612,-112.35934945800139,-112.70136159195754,-113.49597444893728,-113.54865968486489,-112.32492733027823,-114.3928319373835,-113.27668991279367,-113.17115039395622,-115.1138465630602,-113.54998989523605,-113.48581126183579,-112.9726438158146,-112.98578950565839,-113.65521156359911,-113.06840596455666,-113.38127703976934,-113.8903221372432,-112.07882101576274,-114.85982551204965,-112.507863366482,-111.89857897096147,-110.49794615093451,-111.19107313240255,-112.17190812500667,-114.17408445087105,-112.65932269330331,-113.83510248374797,-112.97413842776604,-112.52278789075774,-112.48106757885097,56,-112.91332576885065,-112.97413842776604,-115.1138465630602,1.0281829594215501,0.05001748365540036,0.07430050847216885
HDOK,PLOK,17472,20,20,-112,1,11,2,33,-112.10531333726546,-112.97713897072337,-112.48489170430481,-113.2803922322786,-112.41693622689955,-114.02019102959383,-113.54785429946072,-112.8093755184399,-113.41563943339678,-112.72797873165885,-113.48825158220579,-113.37038672459235,-113.85218778366034,-112.22302443959579,-113.59669452977892,-111.33357326145338,-115.27923241280715,-114.47132507172682,-111.84089702036928,-112.12803785741555,-112.71835967816361,-114.72575018629135,-112.39386830072408,-111.38605962959825,-113.20522704059661,-112.09254286654381,-110.16231615380526,-113.72106453949162,-113.7168279857386,-113.96148515628904,-112.99981627517167,-113.46506546188235,-113.0506985261108,56,-112.9990425444859,-113.0506985261108,-115.27923241280715,1.046539863185251,0.35952245423459145,0.82737094566397
HDOK,PLOK,17472,20,20,-112,1,11,2,33,-111.6827945144115,-113.27050836921805,-113.6806084005929,-110.67674785711257,-110.63868424302858,-112.91977693526026,-113.6425569934424,-112.73468803598253,-115.00542961832312,-113.15901451384252,-114.0330586227943,-112.49286684998164,-111.70291027352911,-114.1753312848913,-112.86499185399538,-112.85810692901524,-111.67384968501314,-113.25497180128903,-112.57932189294064,-113.11755181131696,-115.49601829130017,-112.12211700322788,-110.6134811515449,-114.01849897292513,-110.06884271861716,-111.73905209291486,-113.84403395440185,-113.23873194949657,-113.07690785806444,-113.14681358649113,-111.99752372386946,-111.34110173479714,-111.98580312485826,56,-112.69250595904514,-112.86499185399538,-115.49601829130017,1.5333317329741496,0.07582194626565572,-0.08061286312744587
HDOK,PLOK,17472,20,20,-112,1,11,2,33,-114.21466400756297,-111.80399297096535,-112.60967765586666,-111.75682351793718,-112.23174131593669,-112.90721632037616,-112.79642290178592,-113.79187912503606,-113.23409236752359,-111.92345580280087,-112.67373940970663,-113.62533862180868,-112.84225410113271,-112.76758263726803,-112.9676651056733,-112.52810535122688,-113.16818561567892,-112.42333277509437,-113.66159526004475,-113.59891733642306,-112.26202189114936,-113.44454375151233,-112.49862046257283,-112.29842362242958,-114.26414327345799,-112.24672706108802,-111.52799932579498,-112.32235055525189,-111.19629854414832,-112.24335321020403,-112.38981201729345,-113.54608762351742,-114.67653742285556,56,-112.80132124124624,-112.67373940970663,-114.67653742285556,0.6461815543130677,-0.36247880326628623,-0.20895933600142413
HDOK,PLOK,17472,20,20,-112,1,11,2,33,-111.96375442195459,-111.93848058026778,-112.64547644663689,-112.94505840506086,-113.8237266993065,-112.40266380748078,-113.38788504627648,-112.6623748671055,-113.23607982209494,-112.97692513824711,-112.50038869788904,-112.82116045908751,-112.18910422661003,-114.02059645157061,-113.78907471460197,-112.78520971008008,-112.69893051020385,-112.66083260024139,-113.33908767138475,-110.9825329300783,-113.17103435204292,-111.82647979648897,-111.51150297668664,-114.67539628123048,-111.15222079567742,-112.30235636905472,-111.4331678782117,-114.82752880087345,-114.21662928825765,-111.59719867287448,-113.06479220779119,-113.27304925332899,-112.42363362978608,56,-112.7649798032874,-112.69893051020385,-114.82752880087345,0.8753575950120026,-0.22242316191674735,-0.1898101179899263
HDOK,PLOK,17472,20,20,-112,1,11,2,33,-112.8873111379175,-112.02295860911114,-112.80410378143917,-112.3925665989687,-111.9691128344768,-112.41318976537472,-113.77274631358294,-112.75707162979266,-113.90818914527024,-113.91169796355292,-112.77787608947649,-114.88652892851816,-111.01438204481259,-112.72034123661857,-112.34078795530982,-113.53038743383408,-113.87952346938087,-113.14821107939504,-114.36666051532623,-113.29323624543717,-113.6876860215156,-111.0567323784261,-112.86071484217636,-111.90660924963396,-111.33847256373411,-113.18433272063562,-113.84358656696772,-114.46858119830841,-113.64357371963855,-112.98024622842738,-113.07925063046817,-113.46158884546429,-111.57714604304456,56,-112.96622435715267,-112.98024622842738,-114.88652892851816,0.9071565733818621,0.26283767784961415,-0.35447446253931236
HDOK,PLOK,17472,20,20,-112,1,11,2,33,-112.81134153227313,-110.18469423694594,-112.29957794646447,-111.98632275969914,-111.68481347925623,-113.68640809169125,-113.21046616257384,-112.16848304670145,-113.25643925762351,-111.73145802933882,-113.61868297944469,-111.46148951100487,-114.59446276434569,-112.41231708658974,-112.76225343686353,-110.45695005157079,-113.5612584290627,-112.79895281404697,-112.85840326479357,-111.87342943085864,-112.58982636765914,-113.24171330386133,-113.21153822045635,-114.77047865380919,-114.67401803836235,-113.11725286183034,-113.27647669970258,-114.46384628180667,-113.88408520145747,-112.13547676910187,-112.6997834054622,-113.4523415729315,-112.3841190806236,56,-112.82785335661254,-112.81134153227313,-114.77047865380919,1.138286542487575,0.3328634231208164,0.3762427829838728
HDOK,PLOK,17472,20,20,-112,1,11,2,33,-111.37139899540271,-109.75159004262456,-111.05943382450184,-113.55357411229335,-112.49642963208832,-111.56120157818955,-112.68038110602697,-112.71379180984532,-115.05070778269824,-113.70489310116878,-115.0637360423174,-111.40564178153699,-113.70814141930839,-113.34368508691723,-113.08070938588872,-111.66654264680858,-114.15616798601607,-113.71455163709975,-113.03769997973149,-113.27183706762884,-114.08993564807307,-113.16659963367945,-111.89573358542998,-113.02935140503475,-114.34087338048518,-112.17074107559294,-114.21651806644188,-114.25872256840411,-112.28841604876199,-112.97433177742585,-111.13686796022516,-113.02649826983244,-112.06022563390437,56,-112.8802100021632,-113.02935140503475,-115.0637360423174,1.4542163849234782,0.3622471276306084,-0.02239800128531888
HDOK,PLOK,17472,21,21,-112,1,11,2,33,-117.5698538794473,-113.54917151658587,-113.51575246330398,-114.28194195671236,-114.84267629433555,-116.59633520986391,-113.98230183669928,-114.16189032658393,-113.18413959311663,-112.21447561103129,-113.90993323231363,-115.08824272202448,-112.88891499251466,-115.28331416276134,-113.5635187142118,-113.1363604415533,-112.85226972500804,-113.75858983112312,-112.78901588846061,-113.64954855290542,-113.73589674020455,-114.64212470292809,-113.8246352435151,-113.9818314208892,-114.29359687919289,-113.54606095857713,-113.60599851528436,-115.50583709248073,-113.15766266131607,-114.52598157027252,-114.23670977140176,-114.49201389390618,-113.59731215465068,56,-114.05951238045986,-113.8246352435151,-117.5698538794473,1.1250065619086231,-1.3747962035238876,2.9199737038418045
HDOK,PLOK,17472,21,21,-112,1,11,2,33,-116.67295239460805,-113.74883236985029,-114.4548463354985,-114.36289729241594,-115.84325322577989,-115.06800877793484,-114.50508304438334,-115.3760147088306,-114.38069374509031,-113.55386841621473,-114.41872198627621,-114.59890268057742,-113.07793772215639,-114.65780830989242,-112.4505297117165,-114.89471706890703,-112.04001387694264,-112.75118524445023,-113.86602878989231,-111.77477712434577,-113.4230408682815,-113.00371622162761,-113.6661320142975,-112.15503160276977,-112.0740422251065,-113.82004705802953,-114.79562754384405,-114.53930017276708,-113.81295373274334,-112.8345759370789,-114.71154231787419,-115.10498383217538,-115.75238741579767,56,-114.0057713263078,-114.36289729241594,-116.67295239460805,1.3837165894430068,0.06995837678543419,-0.39838635265796096
HDOK,PLOK,17472,21,21,-112,1,11,2,33,-115.22330407631698,-112.90561146410461,-116.10601725424644,-113.24407512861681,-114.08513933811096,-114.076014455406,-116.55448553324604,-114.64313796633358,-112.88128443552964,-113.89228544040128,-113.02507651406644,-113.21956028118588,-113.91612737229244,-112.28132873214258,-111.16684218489534,-114.55034982751924,-113.35890047369521,-112.29738103275494,-113.13279209454264,-116.40129652219218,-114.18824746756185,-112.67409494878702,-114.1695185928923,-114.32118897733629,-113.21475163660352,-112.63811821024797,-114.18051010557173,-113.17115291582152,-114.75287082922966,-113.82706405956952,-111.94950705070153,-112.8726919112144,-110.94063724566,56,-113.63216254784234,-113.35890047369521,-116.55448553324604,1.6568893130238065,-0.32405742671598303,0.39694823348861696
HDOK,PLOK,17472,21,21,-112,1,11,2,33,-118.95432698865116,-112.32249796357311,-114.38141875915831,-113.85398410219209,-115.77171069719493,-115.55195159013917,-114.16248375169256,-112.87653756731257,-113.46108489927111,-112.23726661128696,-115.82218298402461,-115.21681458088264,-113.2391710501262,-114.12005716195333,-112.82400426520799,-113.41272586007653,-112.297195722181,-114.05777185264817,-113.16054904525983,-112.10256152197445,-114.2091634176181,-113.22004206395258,-111.18405916513503,-113.77799272635069,-113.3801809082014,-113.69408002636544,-113.42601425415297,-113.7097654146362,-114.12196890435278,-115.02851252381316,-114.52939552768537,-112.03732761130074,-114.17244084745217,56,-113.82779516260072,-113.7097654146362,-118.95432698865116,1.9960123206058564,-1.3180373163294377,4.022375936353992
HDOK,PLOK,17472,21,21,-112,1,11,2,33,-119.63392908389739,-111.84767209822236,-115.33727069550889,-113.36244378068494,-114.2104138916176,-114.76064708668365,-115.02643069421988,-114.453159384742,-113.92259867528952,-114.0056826753547,-112.95524187279597,-113.73992261791214,-113.7407653266171,-112.7946076518342,-113.94174215771447,-111.91418454405651,-111.58006180067976,-112.66806155158673,-111.96178568738853,-112.30233748904583,-114.01382187048439,-113.72923691875022,-112.1714213168602,-113.34037733732998,-110.58100498944734,-112.758704239691,-112.29440425903687,-113.58185600318572,-114.25824013339991,-113.8138371421148,-113.36918901579674,-114.39473012185618,-114.47518388434132,56,-113.54366563630745,-113.72923691875022,-119.63392908389739,2.3130788038727816,-1.6699797249351997,6.761446602002449
HDOK,PLOK,17472,21,21,-112,1,11,2,33,-115.31619373481207,-112.67801661403529,-114.64839173331882,-113.29721210179268,-115.31508143691795,-115.23331681953643,-113.79570810902752,-112.72239612466694,-114.64595782154072,-115.74637763040325,-113.75940100673478,-111.99300562669212,-113.30540747088234,-113.6263410552538,-115.0703828324144,-112.84896579500808,-115.049032204248,-114.5428267027267,-112.54204746149712,-113.56506239143312,-114.25056351293715,-113.17947225358517,-114.59196599952851,-113.40122095613113,-113.32264551362263,-114.51243255982605,-113.59639622141461,-113.02185213916437,-113.48168548196489,-114.46201432228378,-112.11311289689553,-111.22273971652768,-113.38387626313047,56,-113.76488189424103,-113.59639622141461,-115.74637763040325,1.1294396900754613,0.17257128676092187,-0.3827177815437701
HDOK,PLOK,17472,21,21,-112,1,11,2,33,-117.5291745411322,-111.2384269351917,-115.95485010865012,-113.58307985597914,-115.49392758815745,-114.98535476543086,-114.77356528100115,-114.87118559830067,-113.00237555818305,-112.60483404243806,-113.16209325551597,-112.91728707019355,-113.19412984752621,-112.20960829889484,-111.67369705705484,-112.43702629510676,-112.69888817626733,-113.7503242497202,-113.32583857088457,-112.69104845993562,-113.29435347280099,-113.27481782852135,-114.59444663203892,-113.45202895295421,-112.57853414087731,-112.65694760183626,-114.73803617062404,-113.45023593365991,-113.76299037645933,-115.22356024229175,-113.87573702818452,-113.18864717535136,-113.08283758372085,56,-113.61423905136016,-113.29435347280099,-117.5291745411322,1.6239873057177465,-0.9422039291831962,1.4200319741726246
HDOK,PLOK,17472,21,21,-112,1,11,2,33,-117.30441856054951,-115.0076885616323,-113.71745025039851,-114.67035085977457,-113.42018290168197,-116.23934049530615,-114.26662375523777,-113.50283917903832,-115.16078461722385,-114.02426339764475,-112.07371599305122,-112.67158721858667,-115.12260619852222,-115.20681404929802,-112.29869324688826,-112.19714421082591,-115.63555244755692,-114.0598418836575,-112.87080406720959,-113.03529533161667,-111.6223801448536,-113.3773147303846,-114.7327506616321,-114.64822559782996,-112.5214524237387,-113.77734479516882,-112.5556456730676,-113.9119469029928,-114.01349127979617,-113.95162148244329,-112.96270614468469,-111.79666324954117,-113.65778086318076,56,-113.81864609621258,-113.77734479516882,-117.30441856054951,1.666496694853708,-0.499120705241026,0.23103626077291706
HDOK,PLOK,17472,21,21,-112,1,11,2,33,-116.14041297709508,-113.22108227849318,-115.65806324592734,-113.78985592062969,-115.2998535962789,-115.02757931480087,-115.02768005042,-114.49097683017322,-113.6528039559541,-114.09618393461278,-112.96410239852263,-112.39908708699082,-113.96559785771124,-112.0795702597752,-113.30685855603228,-113.74765953058646,-111.48501719707485,-113.00212871652609,-113.39001715006415,-113.2340632909423,-113.41976472995897,-113.53314160824392,-112.35558932436179,-112.83312797598903,-113.33752181528689,-113.731021981161,-111.62415748616422,-113.27219525302078,-113.6306729399586,-112.78766130852618,-115.28830598055048,-113.22120010574756,-113.69847996862259,56,-113.59731620079403,-113.41976472995897,-116.14041297709508,1.1582131120867336,-0.4025910274792737,0.17149608915016268
HDOK,PLOK,17472,21,21,-112,1,11,2,33,-118.33468251702983,-114.03079252235833,-115.65876062027344,-114.57759532777065,-112.93090551250764,-114.99291822618235,-114.11839245206308,-115.96707634003495,-113.90954855531736,-114.9379879694646,-114.91902623730167,-112.5419778982821,-114.01804306857062,-113.17688069923885,-114.0737355760463,-111.51789729652948,-113.20485248368438,-113.19245815668557,-113.8994516944672,-114.27377186616992,-113.73483887387853,-112.43459918340461,-112.1875715337144,-113.31996039592522,-114.95516295627624,-113.49523216366256,-113.67118053922954,-113.4194415673968,-111.74487793716702,-114.6711975413802,-112.96985597614213,-113.44534770799176,-111.67270741661802,56,-113.81814329735656,-113.73483887387853,-118.33468251702983,1.7900018572341017,-0.9682001769328386,2.6629884147089764
HDOK,PLOK,17472,21,21,-112,1,11,2,33,-117.03087563911375,-111.92393871204429,-115.58484834684961,-114.40135943084726,-114.44834241431833,-113.85816008983763,-114.84090069453671,-113.07771529070807,-114.09310274065886,-113.43773716893865,-113.6933023501014,-115.96918099865731,-114.3370959870592,-113.96985297439458,-112.18585987766629,-113.80883595079132,-114.59474626403784,-114.32025799030332,-112.27475130317862,-114.15888816460561,-112.9603644424686,-113.3951743393441,-113.65902497308942,-111.59461255493805,-113.11614493203474,-113.67868208480417,-113.21098487013731,-111.91099118172407,-111.9596526547504,-112.4885745083528,-112.63084283568493,-113.7629257771171,-115.03481653967893,56,-113.67916800250829,-113.6933023501014,-117.03087563911375,1.4671728246112865,-0.5019004620577547,0.5404825927640511
HDOK,PLOK,17472,21,21,-112,1,11,2,33,-119.62110417106057,-111.86319359895225,-116.47430153547221,-116.09451431042946,-114.50558422896525,-114.90797954338309,-114.31700005605872,-114.2952311861554,-115.1292009838231,-114.10256498654769,-112.72419820900467,-113.61851966663605,-113.05171184512838,-113.64111830885471,-113.17074522769998,-112.44420272702607,-112.29037376909181,-112.67130665347415,-114.35172472655282,-114.71842297280996,-113.36765683286895,-114.418779054391,-111.64518262739111,-114.39240568761893,-114.28118439708375,-113.73859238327677,-112.3963570131194,-111.49321442866332,-110.97667373217153,-112.66808267824473,-115.18530985841036,-113.73676383030678,-112.72489180581385,56,-113.78842706171172,-113.73676383030678,-119.62110417106057,2.6750794609179267,-1.2570477915323353,3.589003554260007
HDOK,PLOK,17472,21,21,-112,1,11,2,33,-117.83534008393104,-113.57433502351543,-114.90298120894658,-114.10901556947711,-114.10515043313892,-116.35520183747352,-114.47111352142488,-113.65670297172778,-112.6421328147077,-111.67416785693955,-113.23411972927457,-113.53453162782868,-114.01641274954116,-112.57236939794173,-112.35253318262603,-113.7227697821556,-112.24305340592159,-115.81762435967015,-114.62284130628572,-114.73743154596168,-114.0829605648663,-113.94054606593977,-111.34219605623905,-114.11728868803957,-113.14764142151246,-113.85696449346811,-114.91104093494161,-112.73257082821735,-114.3750481604971,-112.56248147066084,-112.99287908905372,-114.24119913056504,-113.63520675502723,56,-113.82175309295508,-113.85696449346811,-117.83534008393104,1.6503042054506372,-0.7949303882810543,1.901242307784202
HDOK,PLOK,17472,21,21,-112,1,11,2,33,-117.64523593197922,-111.98252449680456,-115.67458014486657,-112.20200006141734,-113.12718031832351,-115.76033191561982,-115.7118425301461,-114.42184527985889,-115.53607231030192,-111.92109901884679,-113.39227927298967,-113.10107152374822,-112.31559052524523,-114.06078235195986,-113.87034565649259,-112.99861923087781,-114.35224908247565,-113.86811757901407,-114.67895580589324,-112.23217349567125,-112.65342615690854,-114.82400087996608,-114.19614153874073,-113.92702610641999,-114.18901115036212,-114.51614759286063,-116.5536452974926,-114.07536899103167,-110.9268853380525,-114.74933018773352,-112.9208200116435,-114.13225557577968,-113.11459953154271,56,-113.92822893609294,-114.06078235195986,-117.64523593197922,2.0296175666691787,-0.3353821980183268,0.30141584437860125
HDOK,PLOK,17472,21,21,-112,1,11,2,33,-118.0848269956995,-113.57082856534515,-114.25332876599616,-115.0071933624088,-114.55242851018527,-116.39542824946382,-113.76010588848962,-113.56909544135841,-115.67380281040552,-114.95622718901676,-113.86418145448573,-113.87490178240049,-114.25328963153606,-111.6773866760572,-113.7397188325103,-112.73092603726683,-112.71114177857676,-113.82145074125353,-113.11933119182893,-113.4517611005514,-114.39294989796693,-111.40306017156345,-113.24492540553456,-114.64202317812216,-114.3592229481064,-114.01749135934291,-113.42593431931735,-112.7036307660153,-112.31357907593522,-112.02135285921919,-113.11710299770645,-113.46378346870934,-115.3965633489216,56,-113.86572650913021,-113.76010588848962,-118.0848269956995,1.7300958908892217,-0.8850473426208649,2.1580758210587683
HDOK,PLOK,17472,21,21,-112,1,11,2,33,-116.88362492378585,-113.42138936227465,-115.08848914654494,-112.87615206852708,-112.39253370749871,-114.37283077330987,-114.48972471940264,-115.33899962524625,-114.36502109872573,-113.3693203506627,-113.07410554520825,-113.24963253699048,-112.2407773908028,-113.54732460891712,-114.49563539280561,-112.40540144562253,-115.61228105682957,-114.6583586752871,-113.87211729946513,-113.67779895340237,-113.47291089579247,-112.9116168748484,-113.59632986062972,-112.3676591683993,-112.82910661001272,-114.2976477523873,-112.65964453664112,-114.36512213739145,-113.31439506183403,-111.94034214058985,-113.52444463562594,-115.09512581480116,-113.43675342216453,56,-113.73462477552813,-113.52444463562594,-116.88362492378585,1.1774690823165832,-0.7297634127578799,0.6518615371793022
HDOK,PLOK,17472,21,21,-112,1,11,2,33,-116.67417602333876,-112.45192686579051,-118.82890121430275,-115.71447062144262,-115.15928522146052,-116.16198598393444,-115.67953687911641,-115.793136945918,-114.55707330137872,-113.01530838959398,-113.48061959140257,-113.32164392249575,-114.32333259162868,-112.48212273879452,-112.22379525595997,-114.05559765154734,-112.03692999025915,-114.8443643139876,-114.93852420055879,-114.81674645109084,-112.83290060347177,-113.207258624701,-113.83575019652285,-112.8344320784274,-114.6543684071261,-114.0151999911897,-112.59423258086085,-112.41718379924649,-113.05118930928393,-114.56691281027564,-114.04710923054328,-112.4269127179076,-112.58300784553278,56,-114.0492707984573,-114.0151999911897,-118.82890121430275,2.2867523479279566,-1.0161759174778118,1.3543749351303442
HDOK,PLOK,17472,21,21,-112,1,11,2,33,-119.49553870950582,-113.94911783690763,-115.10486603462505,-114.97968757181599,-115.12365484595628,-114.96931711442339,-115.05665720072152,-114.33774898782205,-114.26401556631825,-112.73660190361056,-111.36106559533923,-112.48743816219933,-114.44059386466725,-112.3717273324615,-112.07727321206613,-113.75875382772715,-112.97776305198329,-113.39053281101015,-114.32559497323642,-113.38544364171922,-112.42068928091832,-113.44434812091532,-114.30703484839175,-114.15613352348764,-113.62865501253248,-112.43001674016296,-115.01178231377162,-115.15335299684287,-113.2564844700196,-115.08658613735784,-114.84729990149772,-112.48781723261702,-114.99497719225172,56,-113.9945021216631,-114.15613352348764,-119.49553870950582,2.0860750777675605,-1.3688833096855348,5.0319249972135065
HDOK,PLOK,17472,21,21,-112,1,11,2,33,-114.77347670740595,-112.85929001101232,-113.98805434854631,-115.07119587269649,-115.20261685189541,-115.36521802746589,-115.54562262502236,-114.96120505601083,-114.38158818390231,-111.72793319057216,-113.03797324075559,-113.07920328521055,-113.4366514307366,-113.09967724338978,-111.69587177110681,-110.21400450257353,-112.67337680794184,-114.10851312574019,-112.765073868681,-115.22470423686013,-112.56787257363025,-113.8193733056838,-113.07827945293808,-110.70108650951892,-112.37502345299102,-113.11360341227143,-112.37929718028005,-113.91553509884736,-113.78099470790245,-114.07425100158733,-113.51077495356829,-113.27828788443867,-114.37645467982526,56,-113.46006316972755,-113.4366514307366,-115.54562262502236,1.6221093244044367,0.4840499689803875,0.19426993182689634
HDOK,PLOK,17472,21,21,-112,1,11,2,33,-116.76358480886972,-113.14532237027029,-114.26538645865995,-113.91521797456498,-115.62484272979995,-113.90225191646294,-114.01113509186459,-112.97277720661006,-112.10260264350784,-113.97936923958214,-114.35249112604004,-112.24645425231377,-112.96179520302451,-112.40859187125666,-113.56297634105573,-115.15559793218588,-115.8501319351413,-113.95848277815071,-112.7784160803817,-113.85566343104071,-115.18377535039035,-112.54851470607755,-113.23264856806826,-112.86377284692207,-113.57506783990353,-114.06441513903276,-113.38915720803568,-114.01050389185536,-113.60191713041965,-113.57410495765542,-112.89666638588206,-112.49813341429706,-113.25024054884629,56,-113.71218210236879,-113.57506783990353,-116.76358480886972,1.1094553595878953,-0.973906958555933,1.04804319775354
HDOK,PLOK,17472,22,22,-111,2,11,2,33,-115.14313186567823,-113.15739324477816,-111.22184168591718,-112.13462061010323,-111.92986041841498,-115.37564715210554,-114.18060958423833,-113.00331926450878,-112.81143779465347,-111.71989524739013,-113.62091753962187,-113.39337209548552,-113.11943811625078,-111.57463356064748,-113.55584657649239,-111.9500618276037,-111.3070847055158,-112.38017954734522,-111.75700420309033,-112.99896431686122,-112.26702255139001,-113.51243984457675,-112.97899951289085,-112.8158522258376,-112.46842333548275,-112.82714157107911,-112.03185192160458,-112.7360058330913,-112.38369009350242,-113.84320441896226,-112.71404573595592,-112.20859602613862,-112.53792811407838,56,-112.77758971337254,-112.7360058330913,-115.37564715210554,0.900361201687459,-0.8662951535974581,1.0722351847269
HDOK,PLOK,17472,22,22,-111,2,11,2,33,-114.66593652563131,-111.37718550504354,-113.26342707493089,-112.5278646157613,-112.74282604920073,-113.80149244528444,-113.65638341831705,-112.56154018872121,-113.9273028758853,-113.12709774135317,-113.2762423068397,-115.19999760273723,-113.45821807106748,-112.69574052519452,-112.72364955747575,-114.63521100742952,-110.92568557070092,-112.79843293189023,-113.8319843942777,-113.64891212165097,-113.02742738847466,-113.21841156029518,-113.68599920577479,-114.05165712616416,-113.6577363867436,-112.20030451456641,-114.30761240635775,-112.30547325847508,-111.92571238768483,-115.24648608576916,-112.09249738264704,-114.81061315931599,-112.63151561675113,56,-113.27292657601252,-113.26342707493089,-115.24648608576916,1.0364955950350851,0.045390270621812986,-0.15171878254042737
HDOK,PLOK,17472,22,22,-111,2,11,2,33,-113.59920928648395,-112.16997683800976,-111.95510231994629,-112.65253444111978,-113.58546058615075,-112.1439179538669,-115.04683144355212,-115.0319653034567,-113.28783134012676,-113.42564519296958,-112.96986896353972,-112.48315448234986,-113.0558022489193,-113.31432407395674,-113.6678020738695,-112.27537838823966,-111.99993909768341,-112.170265186663,-112.68790525041705,-113.88240708266888,-113.1380740130852,-114.1218984592763,-112.2984972859166,-112.98710467899589,-112.98276878910787,-111.64214030465425,-111.21232461532564,-112.2677469187188,-113.71777635430345,-113.41738795205653,-114.39492197402821,-114.85291815897025,-110.85033234593531,56,-113.00876404255652,-112.98710467899589,-115.04683144355212,1.025979587127527,-0.15742298057737775,-0.18780253549014425
HDOK,PLOK,17472,22,22,-111,2,11,2,33,-112.13832552504236,-111.49078436549577,-113.45811290782842,-111.74864660886432,-112.5368171894051,-112.0787101601143,-113.23308840682408,-113.91076377099938,-113.41394082744026,-113.39132666751414,-113.8650624989972,-112.53705537413953,-112.69607187621031,-113.1642178847009,-111.33921354418774,-111.75456851150726,-111.27073377930668,-113.6438772906456,-112.43459407769566,-113.53285021258966,-112.11062130515559,-112.9578473853721,-112.42239453862587,-113.47013561471373,-114.75963587930441,-112.21868440033263,-112.83985016192754,-113.88938671995965,-112.01087875769272,-113.33441379957993,-114.31738030081098,-111.30120233037204,-115.41006856558332,56,-112.86912912845271,-112.83985016192754,-115.41006856558332,1.008882642218771,-0.3645984096845092,-0.17728332661872903
HDOK,PLOK,17472,22,22,-111,2,11,2,33,-114.68504786606321,-112.39310540375472,-112.22720079258502,-112.15843027321753,-114.95980853393428,-114.0997554482825,-114.60460399742834,-113.04316633563363,-113.14095414922849,-113.16022321974887,-113.40519696823057,-112.66486323320164,-112.56898271642955,-112.83830118798761,-111.71120595272447,-113.68387697275165,-112.95471564628615,-114.10575506541113,-111.90801157444153,-113.41952021572402,-112.78900782345468,-114.15763547567012,-112.04000415431003,-112.82870053737375,-113.51578911517325,-111.70736654591964,-113.96748880056882,-112.85902924845121,-113.52144133290406,-111.57979791220453,-112.62415012372608,-111.13939610238414,-113.91512159833809,56,-113.04174710071341,-112.95471564628615,-114.95980853393428,0.8877653308295225,-0.08191295102046361,-0.5831784429371996
HDOK,PLOK,17472,22,22,-111,2,11,2,33,-112.9529121147198,-112.36749393032582,-112.5615609399764,-112.32069696098483,-111.90504274680252,-113.09012404465474,-113.24544075244125,-113.78034842040364,-112.85250197075919,-113.19481786589213,-113.36327265361152,-112.30863419483974,-111.97178552086724,-112.81680992385137,-113.122479726237,-111.39993522297509,-112.75419232795879,-113.9804069134145,-113.00031439940598,-112.16554342308497,-113.55160553806608,-112.29128744430338,-113.26492724588631,-113.26922370578667,-113.2841549375425,-113.09059613010136,-113.00343332529899,-112.44896379948699,-112.63263023836502,-112.35279075890816,-112.12188483239893,-112.68865318062743,-112.87385786878376,56,-112.78873706238676,-112.85250197075919,-113.9804069134145,0.3118947404503866,0.19729827131608188,0.002649020527881074
HDOK,PLOK,17472,22,22,-111,2,11,2,33,-113.9626934635648,-111.2742641369678,-113.28562256819158,-113.22524624879725,-113.26720596018492,-112.89185161130455,-114.12156538185694,-113.6826138746508,-112.40033633446569,-113.28615923073843,-113.49547607792815,-112.84016378972362,-112.20615444727112,-113.46277947136927,-113.27541381790029,-112.73977238680143,-114.55013507001905,-111.87972025815603,-113.02883513448441,-114.01282876678358,-112.89705881582816,-112.91694206557084,-113.0241648942247,-112.97083949343224,-113.71290040034414,-109.68340418224098,-111.438151302051,-111.83409720198746,-114.6796570411126,-113.41693986129539,-113.56335300389281,-113.95365533288623,-112.00620255117803,56,-112.99958194476375,-113.22524624879725,-114.6796570411126,0.9928631204144609,1.1616821404119084,2.4320794748269523
HDOK,PLOK,17472,22,22,-111,2,11,2,33,-112.76270597944006,-110.4635388474348,-110.3018801914327,-114.39815115751136,-112.77689987773898,-114.66635729896525,-112.81689641872296,-114.31673492527831,-115.32350617548434,-114.06410922442102,-113.58697576361651,-112.9952637508703,-112.15414766566732,-113.0480815156906,-113.7825335356099,-112.85920727800375,-112.38030709311505,-112.02268061016598,-114.77524380257458,-114.54819627767718,-112.86601196519659,-113.91506995311585,-110.95382885401197,-111.64856133896872,-112.83114180970139,-111.9780932806153,-113.03651228835352,-112.42642456861262,-112.72915171688322,-112.70099777765635,-114.03264807732491,-111.84672969133486,-111.41720502712614,56,-112.92199374964616,-112.83114180970139,-115.32350617548434,1.471721019776602,0.15989383018817077,-0.2836523643507567
HDOK,PLOK,17472,22,22,-111,2,11,2,33,-111.02796444641865,-112.00599036668463,-114.4979725085158,-112.43127281500207,-112.93521767483841,-113.29242395132344,-113.38223341728667,-113.38155973091678,-114.42715406326977,-115.00497437329976,-113.3540225950863,-112.67415603599788,-114.48012219241814,-110.76213735205813,-114.28718381347728,-111.63752651736337,-111.56061276147483,-114.2338397389314,-113.16405631922638,-112.3370359337105,-112.16322911495699,-114.01847823645991,-112.91322281987985,-113.38777069532026,-111.63704440689787,-113.12757084159666,-112.50352693021566,-114.11814542103748,-111.90131719439714,-113.51809186225981,-112.27530483913657,-113.10378841827543,-114.06612973079945,56,-113.01851748844041,-113.12757084159666,-115.00497437329976,1.1299811702058358,0.1921500669397505,-0.6733151229192327
HDOK,PLOK,17472,22,22,-111,2,11,2,33,-112.97587528211042,-112.19514455117093,-113.23243376973373,-113.127241455405,-111.99710708227697,-114.54064743207236,-113.23456675965441,-113.58824320244071,-112.15387783080432,-114.22282938304448,-112.21434414676936,-114.01748135083628,-113.6451714132406,-113.29551983345645,-111.57336930190993,-112.65275887417474,-113.86217843558661,-114.06575524228516,-112.42444612823773,-112.91982482256888,-114.23536612680076,-113.53912446866713,-113.4547777865496,-114.80736900366311,-113.6359321844599,-113.7859348584378,-111.9454572659478,-113.20665030680662,-113.39195184489658,-112.46703795055502,-112.33117753625552,-111.70190712050129,-112.3643755834487,56,-113.11532964650814,-113.23243376973373,-114.80736900366311,0.7042813241492167,0.008030600365209997,-0.8654048660766072
HDOK,PLOK,17472,22,22,-111,2,11,2,33,-113.22740210235743,-112.19839599126021,-111.33676162501284,-111.95288153835605,-110.78271370694586,-114.20640324736186,-113.13276806627266,-112.60793693892474,-113.70208119396418,-114.03637927572204,-113.62608280899092,-111.78631395975415,-111.32021280785165,-112.9080295841718,-112.02189109394686,-113.76714574255553,-112.46755160645864,-112.61769600685864,-113.62548280474537,-111.70403240371185,-112.77470745469026,-113.55201627430229,-112.71406924015308,-114.62109558043272,-113.79333970574156,-113.10205096725421,-110.99601619400298,-113.45911576248294,-111.80490162853063,-113.22014726895313,-113.92726462377993,-113.81853339783585,-113.40087906963988,56,-112.85491817190979,-113.10205096725421,-114.62109558043272,0.9640108103692965,0.41275847294570533,-0.7371817408438779
HDOK,PLOK,17472,22,22,-111,2,11,2,33,-113.48376533316437,-110.96373754439655,-113.6874611563646,-111.60692833327042,-112.64449688326926,-114.22622002618782,-111.1516876024102,-112.26502997241597,-114.19089554965709,-113.78380740529747,-113.96719324635858,-113.02756590308411,-113.22594330028733,-112.19157806519301,-111.52189707700794,-112.9253810367708,-113.37103760574843,-112.46142073947486,-114.48669419915443,-113.53100810818748,-112.1385850017864,-112.07639220575905,-111.71364369883368,-115.06728668656325,-113.31536303891872,-114.52118103527496,-112.40940676499123,-113.93759142016886,-114.02177439123554,-112.19783372422022,-114.25719014383546,-112.21568650903758,-111.83215970363081,56,-112.98235889127139,-113.02756590308411,-115.06728668656325,1.1383441572875022,0.027779666532268096,-1.0148382828329643
HDOK,PLOK,17472,22,22,-111,2,11,2,33,-112.83844435808258,-112.99473477765306,-113.15529541216202,-112.53205465510504,-113.1647401052325,-113.53227778174772,-112.72562925698519,-113.48267469372104,-112.85287476120061,-112.80738406581084,-113.8144686565375,-113.6060152955469,-112.47428894082805,-112.16017431456581,-112.32338993274197,-115.472144400979,-112.37329048426436,-112.6605636013325,-114.2652608628742,-113.73852873016057,-112.37453344067528,-112.60217214089532,-113.03174025848108,-112.04188958291154,-112.29965600039225,-112.65059309293443,-113.54435040412197,-113.5076176647179,-113.90956445948585,-114.45127026997866,-114.02057212126462,-111.07041198528796,-112.27663078436738,56,-113.05318900888015,-112.85287476120061,-115.472144400979,0.6953288916326431,-0.5184117791381906,1.1914638466333485
HDOK,PLOK,17472,22,22,-111,2,11,2,33,-112.57995734953892,-113.6708179153301,-111.10545377174502,-112.37085292562418,-112.8570060565481,-114.01227957387323,-112.804147133824,-114.84618546476875,-112.44201775671331,-112.46087661823758,-112.92502527265792,-112.46007720680842,-111.52722916043227,-114.18335920045986,-111.9397337237185,-112.33030195868018,-111.39286286579947,-113.9331612447792,-110.99596659117354,-113.06152279559319,-113.45013150246706,-112.47884120304325,-111.31486707135973,-113.61364069803606,-110.17955944561757,-114.4441474376953,-112.97631480897336,-113.59642117210468,-112.66282735080405,-114.38502824142121,-113.28075871883324,-113.89364647429424,-115.09659680158794,56,-112.88701865189526,-112.8570060565481,-115.09659680158794,1.3208897266722257,0.22663523826413437,-0.2676766672074766
HDOK,PLOK,17472,22,22,-111,2,11,2,33,-112.07202117209303,-111.74736483025552,-112.25513502726102,-113.41008390297793,-113.19473809427333,-113.0950741625562,-114.2373328046625,-113.53898294020037,-111.74168157390383,-114.71250711888865,-112.2333807753999,-113.76631683606726,-114.50772828178305,-113.84548849967648,-112.82008807653088,-111.15683528497243,-113.07881585774174,-114.94001227043182,-114.30299649633271,-112.69725239462463,-113.57026740131805,-112.330425954751,-114.22777168845226,-112.12595313063234,-113.25632878239455,-112.02453518809364,-113.43956708527,-110.98089809227235,-112.47351838613375,-111.99300817621165,-112.97046383596286,-112.86465814119563,-109.95545407916485,56,-112.8959601921966,-112.97046383596286,-114.94001227043182,1.2498280073478278,0.34644974960201885,0.11861445624101741
HDOK,PLOK,17472,22,22,-111,2,11,2,33,-113.61962799441866,-112.53416409753771,-112.12583042733374,-111.89595940784376,-112.52831642606442,-113.82685888403691,-112.50921063858276,-112.72319507089756,-113.145430580819,-113.92739987669259,-112.72873372352525,-113.0189134745693,-115.14171272066218,-112.8931909901806,-112.23316274802131,-113.33399659610521,-111.11819644508007,-113.78676809754386,-115.46479903577693,-114.54293886123014,-111.32736558634751,-113.53580996370664,-111.82183591702446,-114.90992665393112,-112.3426757558837,-112.47762506409673,-110.58099162326481,-112.98753135927433,-113.81868207871554,-113.65021932093569,-113.69941868520549,-112.8247754321661,-112.77600583865265,56,-113.02579604170079,-112.8931909901806,-115.46479903577693,1.1816789035200135,-0.13500980376824037,0.20759261631573445
HDOK,PLOK,17472,22,22,-111,2,11,2,33,-112.08917889916515,-111.99222857054906,-112.4660000908272,-113.25500399427851,-113.49728725267984,-112.91650160227148,-111.44025549552683,-113.01045155564911,-112.32472332747804,-113.33215788243832,-110.9293894108171,-113.87985466717572,-112.7677760210961,-112.15378197925183,-112.6629934519452,-112.59363172732164,-111.93362063232492,-112.83129214801347,-112.62584649682334,-112.17125010116871,-113.30759496231602,-114.04965406616718,-114.0029387122712,-113.6573696776444,-114.3475258817639,-112.84833150292161,-112.54164632448907,-113.42709203699565,-112.28535987930437,-112.99316760571514,-113.54588463212366,-113.97298415542862,-115.11542992023826,56,-112.9384304443691,-112.84833150292161,-115.11542992023826,0.7431137166010469,-0.14919029642157822,0.3290130757988412
HDOK,PLOK,17472,22,22,-111,2,11,2,33,-113.03460983335715,-111.04926705330453,-113.64401016844535,-113.34321267959375,-113.50222263861181,-114.74442869187375,-113.21449719117551,-113.5349600716377,-112.15850538021867,-112.8686356012765,-113.26129016029738,-112.36461979260261,-113.30079466728886,-114.56097550212293,-112.48537981481806,-113.79298300108346,-112.581253725294,-111.44068488754192,-111.37896489574783,-113.59459562773688,-112.95852892911499,-113.26150204903443,-111.96465377531456,-112.94626256094668,-111.1929252245171,-113.45464726497966,-114.26900654453163,-114.15460140036373,-113.29550982694047,-112.61168500719144,-112.66848739008152,-110.20169120538,-111.9125182299872,56,-112.87114881189127,-113.03460983335715,-114.74442869187375,1.0468698674244368,0.5704360166909697,0.24702843684082998
HDOK,PLOK,17472,22,22,-111,2,11,2,33,-113.37242165844835,-111.43822949460375,-111.40607485033054,-112.5406877806918,-112.79334057535434,-112.62353452367121,-113.29739586524734,-113.01471501616513,-114.584155671223,-111.64902544015925,-114.11889896246618,-112.20160710318403,-113.85416143816157,-113.5217479628611,-111.51856237946576,-113.10142629701119,-112.6805106926575,-113.77588250184422,-111.51392010909821,-111.93986080071849,-113.83155498292278,-112.55143546293314,-112.57179543901053,-113.50612295453381,-112.91674994453638,-113.72431207590388,-112.42054787813603,-113.40239998197242,-112.76084829251798,-113.51407163220121,-112.39974882567668,-113.04568149625614,-111.00009946217108,56,-112.80580386521622,-112.79334057535434,-114.584155671223,0.7536394375949531,0.22520709966112526,-0.5574484554191885
HDOK,PLOK,17472,22,22,-111,2,11,2,33,-113.05341043441243,-111.51005976999866,-111.23168505734306,-113.49071842185062,-111.81652543105386,-113.33598215707363,-115.29648198813948,-112.09789243822708,-113.4578479207354,-114.8441132743237,-113.01159679292151,-113.48169492096841,-111.38528814753295,-110.92799251511829,-113.59760151602609,-114.92701051466246,-112.54178000020613,-112.84286873723552,-112.90843963884403,-113.98035150099619,-112.16796896592987,-112.9989568950316,-112.15862798394195,-112.27627012007302,-115.01250568446524,-112.23386649121107,-114.22762858515301,-112.88025857778685,-112.08731017555488,-114.37006750177167,-112.593018337434,-114.16270102490628,-113.39227491888559,56,-113.03941807393379,-112.9989568950316,-115.29648198813948,1.2612738315857486,-0.20349082404138366,-0.5946288174613166
HDOK,PLOK,17472,23,23,-112,1,11,2,33,-112.95777041034955,-110.20334531804988,-111.95870394141862,-111.76979404945726,-110.79446194777623,-111.20150157933536,-112.26159369351377,-111.72898546464658,-111.15480419390498,-112.38384759273993,-111.94393476883937,-111.60546145450938,-112.28858924606904,-111.59292428172525,-112.60509012149812,-113.31541021530036,-112.24757720226718,-112.51616923139571,-111.90155753962118,-112.05578347741374,-112.03136457903346,-110.53516657245972,-112.11969876794608,-112.60641090536535,-112.21829060719672,-113.03580618971078,-112.22328054206754,-113.4375625049923,-112.08333892746789,-110.59583822194762,-110.76038637066314,-113.5033997192961,-113.48801169535444,56,-112.034117010101,-112.08333892746789,-113.5033997192961,0.722916899260343,0.22930042714154814,-0.2878570167353307
HDOK,PLOK,17472,23,23,-112,1,11,2,33,-111.2482001337411,-110.16849585083548,-112.76234892700111,-110.73351105898672,-111.7121301910415,-113.27271561178445,-111.21627797905634,-111.74003573413945,-111.52069136382201,-111.82032709676447,-111.84856728988785,-111.5702642781031,-110.88807699271867,-112.37888395006317,-111.8737915910119,-113.70554636717564,-110.72974766437308,-112.78743006882424,-111.07666415014727,-113.11976557526332,-112.06197594204967,-112.42387668639678,-113.36395106055602,-111.48214325505836,-112.36194051900183,-111.05490217266014,-112.44647314500457,-113.84340414142683,-111.37213160082177,-114.58859406170858,-112.79079348335391,-112.9269671936435,-111.96850819309475,56,-112.08664040392479,-111.8737915910119,-114.58859406170858,0.9960699466033283,-0.4388156156863206,-0.1305269823267392
HDOK,PLOK,17472,23,23,-112,1,11,2,33,-113.90697057996682,-110.22833630352838,-112.03309678128149,-112.52844108278595,-111.12947696960032,-111.38580716053364,-113.272152150929,-111.74655910032214,-111.05065015516395,-113.20179994457527,-112.47822478761098,-112.40585584745693,-111.46646144505709,-112.69815795505407,-110.87943588057723,-112.13913660426654,-111.95302244644965,-111.02508604771627,-113.22491044055536,-112.31951970028474,-110.6405063958998,-111.19825126286042,-112.77593097346858,-111.4244844417025,-111.71987208458779,-113.03843461000089,-113.29857382697742,-111.67673715167085,-112.81880599916744,-112.11437843390493,-111.21835640297033,-113.02629679092392,-114.21123227711578,56,-112.12833218287777,-112.11437843390493,-114.21123227711578,0.9175868538811462,-0.15169400560203586,-0.6277740302488257
HDOK,PLOK,17472,23,23,-112,1,11,2,33,-112.80228328382312,-109.11381629261686,-113.659396470693,-111.43805672579232,-111.38718497739212,-111.3065284389067,-112.11674160517163,-109.82313685279382,-112.11276319318661,-110.16714867506379,-112.10453986943186,-110.32836573469342,-113.36383052242203,-109.72195247672123,-113.24032171363484,-110.00289509560221,-113.29114059074803,-111.97930242689596,-112.25038442520719,-111.20453676620494,-111.01501212160684,-112.72551775437351,-112.34959433936064,-111.87672295547975,-112.87806487636334,-112.07580581152301,-111.50814497448617,-110.29909792633003,-112.12126973161264,-112.78866136388325,-112.1460459726412,-113.22636984838377,-111.87280255760155,56,-111.76658898092872,-112.07580581152301,-113.659396470693,1.35438121875118,0.5110057438952644,-0.4858067825006236
HDOK,PLOK,17472,23,23,-112,1,11,2,33,-113.65004852034907,-109.61957125556421,-113.30595875965797,-110.89307123426576,-111.88647149533283,-111.60896077595885,-112.73973183759561,-110.60628803885847,-110.8376343908642,-111.89176847723525,-111.9197606594257,-112.70092088970169,-109.61667554782655,-111.61813764388693,-112.97055661983939,-112.4402064922291,-111.2856765794831,-111.16827062968981,-112.97945601978867,-110.51769107189244,-112.39370099345952,-110.52949241751045,-111.67712045222005,-110.71053162628525,-112.1226900125363,-110.29341032811989,-112.32389195586597,-112.29658954102696,-112.36817335882469,-112.07964246851289,-113.69084600507189,-111.74932785079903,-111.73617677368902,56,-111.7644985067687,-111.88647149533283,-113.69084600507189,1.0807316160350768,0.20623905041407523,-0.4157828430926793
HDOK,PLOK,17472,23,23,-112,1,11,2,33,-113.93433340068911,-110.47135105114401,-113.33985122275703,-112.20435522679553,-112.30796680629793,-113.37988516415558,-112.53595595212747,-112.53311167474676,-110.76485480982572,-109.73414605108117,-110.51308984891779,-111.51032773639933,-111.1784962078947,-112.13261160005472,-112.27430097502314,-111.7427292245273,-113.19922521621015,-112.02196253169568,-110.13078062288132,-114.22382978431412,-113.16004919801463,-111.89837762642753,-113.52400017208011,-113.44204852874914,-112.38445607240546,-112.41519983428273,-111.8540024377075,-110.29895969620935,-114.09122435564232,-111.91835939460664,-112.3453509141651,-111.98951876254905,-112.44352558730617,56,-112.17873447538439,-112.27430097502314,-114.22382978431412,1.3013016760858944,0.2755634760907253,-0.385119724641497
HDOK,PLOK,17472,23,23,-112,1,11,2,33,-112.70077585284098,-110.39217729646272,-110.90088634340424,-110.45456410494643,-110.20685714198693,-111.5195600397914,-111.42433109548755,-113.28820642582238,-114.33763243968629,-111.14580056036192,-111.79714241880865,-113.18798691676929,-110.8770815967416,-112.7533347378401,-111.46250637297484,-112.82292134138048,-110.50955696243754,-111.77557773305497,-112.98762050971574,-111.65769762715759,-111.94190885048663,-113.05896676389033,-111.7191065515552,-112.87648235259725,-112.80391048211354,-112.35884157719761,-111.82679174358627,-112.6217371040898,-112.60504036105829,-111.79143360394919,-111.83801728410288,-111.15764148989757,-112.01528899816913,56,-111.96416317213227,-111.82679174358627,-114.33763243968629,0.9146045680047667,-0.12962479517443873,-0.27539254364586085
HDOK,PLOK,17472,23,23,-112,1,11,2,33,-112.35686577616906,-109.71036343866584,-111.83900966628272,-112.36408711303308,-112.05278315948884,-110.59167990647435,-111.36544908260066,-110.51312964116175,-112.51958476764092,-110.41500548748965,-111.3770941130917,-113.07675834227489,-109.60782962099609,-111.5860382155585,-113.77184009813708,-112.35571456696209,-112.4126040568685,-112.30266700276675,-111.54867001336652,-113.425666156652,-111.83603729343788,-112.09478950634053,-108.75603869208689,-112.45229177222068,-112.62373680476169,-110.73366826519192,-111.8236764720406,-113.36103694545845,-112.75047630353464,-111.30421757846277,-111.14671513383769,-112.50135344056591,-111.40239977329269,56,-111.75694782445193,-111.83900966628272,-113.77184009813708,1.2481710666098893,0.6781214221912102,0.46942400645595495
HDOK,PLOK,17472,23,23,-112,1,11,2,33,-112.42406640732393,-111.84211106328219,-113.95450755940146,-112.81459638357279,-111.50768287151969,-111.0194324144934,-112.9824783420211,-109.67071362865636,-110.7198769200718,-112.05880213853291,-111.59417571192056,-110.56056986947387,-110.73694145781498,-111.30946193757231,-111.51781905119418,-111.35672934277092,-111.30167475379938,-113.05757308697443,-113.63762938802238,-112.99419107614602,-113.81749082266487,-111.70382126382948,-109.5691204207711,-111.84012902980838,-111.61715211147175,-113.83305722243777,-112.79890571581554,-113.43286200317387,-112.51686309391236,-111.762396357373,-114.10808606338519,-111.56809714422148,-112.27927481707704,56,-112.05782695365168,-111.84012902980838,-114.10808606338519,1.3515866439659758,0.07016113532340217,-0.438372129974971
HDOK,PLOK,17472,23,23,-112,1,11,2,33,-113.3261943323784,-110.2005258858783,-112.09345573285123,-110.84051903604296,-112.84701949048157,-111.6314875876717,-111.51841920952673,-112.1562684421848,-112.2284176928785,-112.44025027568415,-110.92189453225402,-112.45579350081279,-112.53437535454349,-113.9981411544483,-111.87438795668501,-112.5785702815123,-112.13969823776279,-112.02138511228809,-112.07818346539744,-112.84889749818072,-112.82039639826525,-112.63444961454641,-113.58423566672673,-111.86763684930716,-110.89133596505896,-111.95081936400979,-111.86049681787351,-110.5423734669473,-112.71744840059681,-110.79346104926111,-111.19952990338928,-113.60102883441341,-112.34584511865448,56,-112.10736188571252,-112.13969823776279,-113.9981411544483,0.7982836879116666,0.11973184998544951,-0.20402753247103744
HDOK,PLOK,17472,23,23,-112,1,11,2,33,-111.2684299021774,-111.1687547379568,-113.51828216651319,-110.80465735654506,-110.99672189022851,-111.61931072274236,-112.53970795012617,-111.9023513159525,-113.51663450367447,-110.38833823657951,-111.72679208824414,-110.31878876811085,-112.00717310216352,-112.86102006756255,-111.54962568110011,-113.14142497754241,-112.23786708449919,-110.40533450094387,-111.99160551581821,-111.51807720515616,-113.22152646230856,-112.83992118798673,-112.2261343255004,-112.57366043832751,-110.98779775585368,-111.39628561771688,-112.67612388300883,-112.18652284834022,-110.10850847454844,-112.01086325890363,-112.22062357033006,-113.52782629411261,-112.8874435458427,56,-111.94982228595202,-112.00717310216352,-113.52782629411261,0.9216433918760824,0.14026525458130265,-0.8016796406091546
HDOK,PLOK,17472,23,23,-112,1,11,2,33,-110.9779703368558,-109.01680821190557,-113.28553588744428,-111.97333039002103,-112.42297490920242,-111.25230027798248,-110.64118742168667,-113.03705898356938,-110.79562211526746,-109.4259358058563,-112.17972118363983,-111.62487510210788,-110.46964454625622,-111.25289269555229,-114.33991177913022,-111.92414226350557,-113.71419631014771,-113.16681685990008,-111.21355410958583,-113.08596706094826,-112.43714768651829,-113.4051423762468,-111.47683807904119,-111.69805627427534,-112.82705315788009,-110.51731916904123,-113.051011954508,-113.45099026936953,-112.97848550077887,-112.74468926025192,-110.75970244263506,-111.55755377353198,-112.85505198760215,56,-111.98665115703773,-111.97333039002103,-114.33991177913022,1.5327089447914042,0.39560531242124497,-0.28787924733010595
HDOK,PLOK,17472,23,23,-112,1,11,2,33,-110.20564359623992,-110.94285907728741,-112.33519100469249,-111.3210303525283,-110.37210262773958,-110.65511495791894,-112.52169263371609,-112.23947450093418,-111.27856292402565,-110.561838145918,-112.4190610838287,-112.65711280754485,-110.95566798423842,-111.1965596089578,-111.82950366422912,-112.01643073048271,-112.74090471737121,-111.43035136539602,-112.21445570414707,-111.65431661346688,-111.7119594999901,-113.49713122290709,-111.70952057563022,-111.15091810683133,-111.47351127464395,-113.67920145828234,-112.78219448194393,-111.83789091509139,-112.67209416716199,-113.27551492118596,-113.01512407793136,-112.683097465102,-112.42383625525405,56,-111.92302631886724,-111.83789091509139,-113.67920145828234,0.7916381576980174,0.029945616567403327,-0.7012107745691467
HDOK,PLOK,17472,23,23,-112,1,11,2,33,-114.14415378882886,-108.24384547221794,-111.86971323752319,-113.32852214363477,-112.43661821756929,-112.5908855400298,-111.94003351670234,-112.1090630930829,-112.28587912564892,-112.12613809807861,-111.36898717908265,-113.90239538430274,-111.11875301356308,-113.83584032976266,-111.80615342667328,-111.6550888510959,-112.22582505370248,-114.16324142899876,-112.07193251926232,-110.57838342820855,-111.48531471069471,-111.61383285960302,-113.14834366019787,-111.3364938053853,-111.05320740924074,-110.10473901701077,-112.19852929813578,-111.71138274609837,-110.97818968426589,-112.82588886140294,-112.62520342617977,-111.7366228847526,-113.04362009330232,56,-112.05038852437087,-112.07193251926232,-114.16324142899876,1.399828872361838,0.6502038748138863,2.11454760148623
HDOK,PLOK,17472,23,23,-112,1,11,2,33,-112.83609694966891,-108.4719749731668,-111.95378045774278,-112.15141785613781,-110.42434417603862,-112.52713292574597,-109.17046847649367,-112.262260440932,-113.68935038946185,-111.49393977240354,-114.01041803473386,-112.54227715662398,-112.03440221270284,-112.19384763819572,-112.75193968727876,-112.25053993519313,-112.62165615180726,-111.91943810879104,-112.34039569696765,-110.01941753375418,-112.67863943422307,-112.6090012438845,-110.97598537285971,-113.64130992153171,-111.93007817927965,-111.9588298341335,-110.94571500991773,-113.36147880585975,-112.32438920509081,-113.95840264348858,-111.65437363418083,-113.33816469958917,-113.39196807212664,56,-112.13434650393957,-112.262260440932,-114.01041803473386,1.5542217997851173,1.0936246633883786,1.5637118739631375
HDOK,PLOK,17472,23,23,-112,1,11,2,33,-113.34482415782057,-108.32165145082145,-113.03790318239778,-110.2084018325489,-111.4715839168687,-111.05150259841216,-110.64977780234965,-111.30666730376166,-112.36408790377615,-112.56914283818652,-112.42472209638444,-110.5793341619298,-111.75864186355908,-110.58870143829985,-111.381805789249,-110.79950600258844,-109.96498003740969,-112.92903666583672,-113.18385660154856,-112.41034490281632,-110.91383010757278,-114.38581695433524,-112.5510316556832,-112.21190879568086,-111.01133638100643,-112.87881151090897,-112.88248483503868,-112.44845487453416,-112.18806023899265,-111.51856672349415,-111.45550908238766,-112.51961435563314,-111.90040332732447,56,-111.79431216330781,-111.90040332732447,-114.38581695433524,1.382086851799658,0.5423822053723372,1.0469404615515612
HDOK,PLOK,17472,23,23,-112,1,11,2,33,-112.9297921800238,-109.88634427951717,-113.16233063370112,-113.28339177868536,-110.90106006634915,-112.37585410454302,-113.61240548200216,-110.29986313577298,-111.2493074897211,-110.73196147820184,-112.10467865062316,-112.89367690723923,-111.86571734116194,-113.08469203352226,-112.38148513419597,-112.4515407249953,-114.01497215910744,-112.75171688834826,-111.42461332906024,-110.10041513041296,-112.73219798323673,-113.12761033529812,-111.61783001627215,-111.45521089777944,-112.48929193023528,-111.34138363520343,-112.32066503253003,-112.70318251646792,-113.70915624825093,-114.8703455221782,-114.77949504733401,-111.99408875828766,-112.65208492132854,56,-112.34237459913898,-112.4515407249953,-114.8703455221782,1.430993722161459,0.06181833111766577,-0.07537339156852196
HDOK,PLOK,17472,23,23,-112,1,11,2,33,-113.51663311601061,-110.2547525108971,-111.18695975073547,-112.72819464744961,-112.31583483415848,-110.48817593234156,-110.76791026694714,-111.58265024882387,-112.44032022032624,-112.64942547178238,-111.99486938059836,-110.00407003577615,-111.93075540990064,-112.49072347435148,-112.90339151412665,-110.73905212430182,-112.84448169738499,-110.51415895426392,-110.76400181848754,-113.22707358563245,-112.8234963590988,-111.75150267814325,-109.94188589560433,-111.78042426588158,-112.06707034483298,-110.63128913989817,-112.76156682028797,-112.94155717915274,-111.38700336400535,-113.07611555772044,-112.1060267710734,-113.08283385706211,-112.14124527193194,56,-111.87380159087849,-112.06707034483298,-113.51663311601061,1.0424429096078247,0.3849778423637626,-1.0761218679082272
HDOK,PLOK,17472,23,23,-112,1,11,2,33,-111.48370126293612,-110.70922960922624,-112.21555236066797,-111.3588375213036,-111.40474466974814,-111.42299029529683,-111.51920603791316,-110.6867210109659,-112.78386085565093,-112.3160424956312,-110.58313857560941,-109.9218058200308,-110.44202610195515,-112.7427141368737,-111.63036919949154,-113.61699897019935,-111.15225658486229,-110.90524450869019,-112.04794774871019,-111.87245557596653,-112.46728917136254,-112.58687648239852,-111.28467052190564,-110.9586169834672,-112.21523560150621,-111.76685663458842,-111.39500809755391,-111.42383986204516,-110.88924679143162,-111.95964767152311,-113.84705043933097,-110.85608451104386,-112.41117289140195,56,-111.6629526970087,-111.48370126293612,-113.84705043933097,0.7597993903865333,-0.5164630706293306,0.2655103469743314
HDOK,PLOK,17472,23,23,-112,1,11,2,33,-113.96621763335165,-111.2434564915483,-112.09772169447675,-111.80244711871076,-112.00778572261879,-111.07339447714806,-111.59055293703786,-110.74434443628901,-110.67734544067277,-110.01795582490736,-112.75143673712938,-113.45767389141929,-113.07217960814305,-109.78069836432317,-112.11726591273914,-113.7079845359648,-112.3057424448824,-112.03775637095532,-112.6263049648891,-112.63530766627701,-113.2838887976772,-113.09891855385688,-112.2472532413563,-110.83546865671373,-113.3685789919634,-113.36532423748777,-111.57481686764204,-111.61226105568902,-112.47394211959174,-113.02266867390796,-113.46996418032896,-113.50797259548276,-110.99931573001075,56,-112.19921048409674,-112.2472532413563,-113.96621763335165,1.184619258617739,0.40493908534753337,-0.6494093809240935
HDOK,PLOK,17472,24,24,-111,2,11,2,33,-111.21026252685358,-108.60481527816691,-110.2686359778963,-111.73801320965745,-111.61725824553453,-111.1660228067794,-112.08998405627719,-112.16989728619717,-114.51063122270338,-111.69236260862948,-113.87134882012768,-112.4758437497182,-112.35340621332864,-112.04216171646424,-112.91021432448973,-111.12787803505933,-112.79840235406026,-113.61521321304575,-112.66676619598246,-110.80477120816536,-111.6213295089532,-110.20238492039918,-111.83346487535749,-112.99669384765636,-111.56205339443723,-112.13449955483426,-111.75882078527768,-113.1744865504609,-111.19409615050951,-110.4140664997776,-112.04376344848477,-112.54329719480805,-111.499245949695,56,-111.9003664160542,-111.83346487535749,-114.51063122270338,1.2874571672999306,0.3188462102392062,1.3478654068118696
HDOK,PLOK,17472,24,24,-111,2,11,2,33,-110.89386992430283,-107.78453523784503,-111.32600565933761,-111.391159920078,-111.69131719956096,-111.70487460071335,-111.69418977564345,-112.10461231972646,-111.85355716176753,-113.67623788194011,-112.59919753142454,-111.59720432929737,-112.68871984218723,-112.2617091757596,-112.04605695163464,-112.44572011702321,-112.81227615631856,-112.12336834373303,-111.94546668618446,-111.68728183027659,-111.93945942415013,-111.14138636486635,-111.84964682262347,-112.75990438903563,-111.41483021197958,-112.1339778506566,-112.96411618957099,-112.07642638504036,-112.926792708013,-114.19123088762785,-111.26200529001086,-113.06139370144848,-112.75178959484326,56,-112.0242521352916,-112.04605695163464,-114.19123088762785,1.075498481745904,1.726644622032757,7.721166800631158
HDOK,PLOK,17472,24,24,-111,2,11,2,33,-109.64886566052756,-110.53637329045696,-112.2702039083616,-111.56511385157057,-111.80232448574905,-110.55712201237121,-110.5581454936797,-111.94498100964654,-114.7778719382042,-112.70023179269576,-110.51061109041868,-110.25943651583489,-113.02209429074797,-110.65901859707245,-111.12170883626794,-112.75229269300897,-111.59622412541842,-112.68738946999063,-112.61768404283026,-113.76620548389474,-111.85812086971066,-111.76974087024796,-110.26561700997978,-111.9710552969591,-112.3941322294459,-111.0535283110239,-110.54207554525709,-112.20317365514934,-111.70205551925363,-113.22587285602867,-113.13655848125478,-111.79335213535828,-112.869387830952,56,-111.82238088482936,-111.80232448574905,-114.7778719382042,1.298407142567338,-0.2844017577416974,-0.08016601902077447
HDOK,PLOK,17472,24,24,-111,2,11,2,33,-110.85590804640825,-110.9717176852818,-111.22617990805843,-110.7273972865329,-111.80387352570685,-111.53721498714087,-111.41091552191426,-111.92756079289386,-112.07144488758051,-113.59882749731872,-111.65970885058526,-110.30226334786697,-111.40355453828435,-111.98093704872652,-111.3073574214102,-111.53039635403762,-111.84796107272581,-113.25067228800067,-112.23344724937097,-112.66751894936615,-110.57059827719733,-111.62797477372392,-113.13832982825241,-111.32510089346516,-110.06036891455317,-111.93943909210859,-109.98026877333052,-113.59490164697836,-112.07733093961923,-113.53766282750195,-112.54931033994133,-113.35252352823858,-112.51677031530944,56,-111.83592234574033,-111.80387352570685,-113.59882749731872,0.9725632850926921,-0.14647453069653746,-0.5286232554004329
HDOK,PLOK,17472,24,24,-111,2,11,2,33,-111.62805314248727,-108.84668002839784,-111.90499152268997,-111.60776069276896,-113.68043771048997,-111.83763157592888,-111.81933494372726,-110.96580915616443,-110.80914096764373,-111.51983240778465,-110.90892911607381,-112.24484156334674,-110.21915030327118,-112.39782718517954,-113.19935533555856,-112.59672946697565,-110.66542181553648,-112.89757877876575,-110.51494433915784,-113.44138165736668,-112.68631500974082,-110.80078277335389,-111.17641127316276,-112.23467046289066,-114.00456539213323,-113.69796700349494,-111.39037285627784,-112.098682365487,-112.51530535768936,-111.42218535066645,-111.9116550570089,-113.49961526712922,-111.66983410137254,56,-111.90346042362793,-111.83763157592888,-114.00456539213323,1.2628152473225454,0.23162276340198165,0.3219835232551813
HDOK,PLOK,17472,24,24,-111,2,11,2,33,-110.81059252711822,-109.51746066969197,-111.7743981469042,-111.05098639589124,-109.56495178382653,-111.52696949387439,-114.76067016303026,-112.9589854140427,-113.56171324301337,-110.86481035625478,-111.45249522117032,-111.08162834867684,-111.167970159543,-112.50709751062827,-111.26569530338723,-113.75153711767166,-113.22746958812749,-113.04241795245089,-114.47009853569335,-113.28678834295408,-111.16041573803356,-113.69723788159243,-113.42002778003805,-110.97508374886742,-109.89963969765218,-112.28965404043333,-112.45405532649332,-111.6485718820355,-112.9428863923254,-111.64310541181803,-110.39879212641263,-113.5415718021235,-112.3977693028143,56,-112.06404689104818,-111.7743981469042,-114.76067016303026,1.8320695796582687,-0.01708242231774641,-0.7500929237856417
HDOK,PLOK,17472,24,24,-111,2,11,2,33,-111.17956027390922,-110.76059430125976,-112.92075388684366,-111.12253648826382,-111.7160399070362,-112.950725735648,-111.57996150867142,-112.03586873517436,-112.63696864459288,-112.41975295871498,-112.1665284836729,-110.59604460702695,-112.62338309536693,-113.76213495480442,-112.40328849682847,-110.75783820642002,-111.40273572418455,-111.14346482787337,-112.94532412663234,-112.44722054310537,-112.76079173342782,-113.22644621904917,-111.60844994069109,-111.26942969911823,-111.38378533791519,-111.34356849302542,-114.28885093173994,-111.45006272203223,-112.82026674061787,-113.36677711065605,-112.39937358106268,-114.01259571933201,-113.18836752006641,56,-112.20271185620498,-112.39937358106268,-114.28885093173994,0.935828955949151,-0.2464300074768153,-0.7715381696872559
HDOK,PLOK,17472,24,24,-111,2,11,2,33,-109.76808635910534,-109.50929494053348,-113.03256358978969,-109.54501059892274,-111.74474003559209,-112.31413894817949,-112.84776116736377,-111.93768402732385,-111.81625487358208,-111.67079793486752,-112.18972001577062,-113.36480468015841,-110.79499929658519,-111.55481376301375,-110.72622641680714,-113.02101353770168,-112.99958568633978,-110.58365134253933,-113.1373768346129,-112.39145173149633,-112.74544023230732,-111.95164624402966,-112.87702200623526,-112.22347014847803,-112.11159830259376,-110.51340330109379,-111.52824343158427,-111.6499453179782,-112.10664621857539,-114.40694685054056,-111.27082999740217,-112.50921573721888,-110.51591368266722,56,-111.85940294699968,-111.95164624402966,-114.40694685054056,1.2746454099414446,0.3170360950986194,-0.05427678202524655
HDOK,PLOK,17472,24,24,-111,2,11,2,33,-111.55384939442402,-110.83108578148754,-111.67673967041648,-111.68961182307704,-110.87835807394545,-110.71732280425873,-112.60411130798656,-112.27470662755339,-111.12344087505498,-113.26531387804474,-111.80364734213201,-112.72188998476302,-111.28457666112867,-111.91541150378805,-112.09398412440969,-110.97407020929064,-112.09945961347121,-112.08008773027402,-110.25516896004925,-112.47815474638591,-111.19575318478084,-112.18870377392895,-112.90566326243169,-110.29118378357259,-111.5984980771215,-113.48284330622721,-114.32805379226608,-113.62796801481535,-112.59434016580798,-112.85542578415556,-111.41968155035752,-112.89256683152388,-113.19306890465622,56,-112.02711338010866,-112.08008773027402,-114.32805379226608,0.9508854285582166,-0.20240846586789935,-0.40156584259056016
HDOK,PLOK,17472,24,24,-111,2,11,2,33,-110.91006388850728,-108.07387342871176,-111.70792308969162,-111.0677026930596,-111.78760398470352,-112.22446951212584,-110.40301290699303,-113.01907423302012,-111.27886540934136,-113.35528576430174,-111.00454333710266,-111.23119944591886,-111.11760269034289,-112.54148953737624,-112.71600250205623,-113.5846364863303,-112.99941193774713,-111.59098641548096,-112.02427265849555,-110.42330850312334,-111.71234629560598,-111.97304282896994,-111.89777017579682,-112.68401257500565,-112.25269580031733,-113.48815103311816,-112.09564616345759,-112.90461375488007,-112.27119416003994,-112.88490259156399,-113.12383054548248,-111.38319359627879,-112.34384829378413,56,-111.9417144314767,-112.02427265849555,-113.5846364863303,1.1849162271155418,1.25675991834228,3.3195482454039538
HDOK,PLOK,17472,24,24,-111,2,11,2,33,-110.49876910281837,-110.57605845817169,-110.28410939573104,-112.36462684467627,-113.12030778415468,-113.19434170504434,-113.19721085504841,-112.75182149350645,-112.58243819122377,-112.41891750347646,-111.1232753382295,-112.75403816607766,-111.98365645623275,-110.58170008255476,-112.06091614813104,-111.49237105458745,-112.2771322886746,-114.40703912389003,-111.4125018442797,-112.37665489643535,-110.76580807780901,-112.81884123483849,-111.00551660423929,-113.30803336954224,-113.39873007635019,-111.15786313172943,-110.89977403779928,-111.09548231383108,-112.66988747566697,-112.3415032828811,-113.3525738653715,-112.2717157349669,-113.20972628719738,56,-112.1137376431869,-112.3415032828811,-114.40703912389003,1.079231689210599,0.07841217277655538,-0.865641923962504
HDOK,PLOK,17472,24,24,-111,2,11,2,33,-109.8765249021245,-111.00003265456904,-112.53326808101755,-110.28421105832453,-113.52056911668915,-112.39965763035693,-111.5014438978853,-111.09977187820286,-112.34205847857999,-111.90698142711697,-112.3500383385912,-112.04933970691275,-112.97695456237724,-111.57370682734535,-111.85440569379712,-112.0357476846799,-110.04670224694439,-113.82373619122029,-111.72695089163665,-114.73167443348791,-110.5521675005963,-112.90268064585672,-111.21847694359447,-112.94906072661976,-111.49181519081507,-111.14854047060996,-113.38649055708318,-110.6880905070966,-112.57316655204384,-112.31258786066851,-114.82781293175283,-111.25976278973374,-113.1875930800459,56,-112.06460671085989,-112.0357476846799,-114.82781293175283,1.4438801703301798,-0.3617131440553315,-0.0384119241594556
HDOK,PLOK,17472,24,24,-111,2,11,2,33,-112.01515942974308,-110.35846759052603,-110.32149135114433,-111.13921049626019,-111.44805840671074,-110.37890792929461,-109.14656258189802,-113.63114332946166,-114.43197906804855,-111.62027158048144,-113.45327127123161,-111.47083810862796,-112.05804298988369,-113.54626168462201,-110.66690072207695,-110.8000402087682,-111.70297685737351,-111.0391141608587,-113.74466045811276,-111.75842769598998,-112.85729727599224,-110.76895192997702,-110.769022422282,-112.67217408803003,-112.53443264373574,-113.26051191782076,-112.88379546459716,-113.89740776656687,-112.71068660625882,-111.94425132250566,-112.8802457831593,-110.88932683637809,-110.8051168759326,56,-111.92742445013182,-111.75842769598998,-114.43197906804855,1.5881266409444228,-0.06967177150260173,-0.7410300644810666
HDOK,PLOK,17472,24,24,-111,2,11,2,33,-110.55925170670582,-110.6311429622882,-110.89104868188107,-111.75857706631648,-111.9526496309751,-110.86378444696442,-111.32383542416616,-114.12371460272468,-114.34288747052703,-111.92448918419183,-112.15953108259724,-110.82033260217545,-111.93635294236007,-111.87545461036473,-111.60889627182335,-111.12476030879102,-113.17401158386052,-110.56792480176763,-112.06154975251322,-112.41326368180336,-110.06423312797405,-112.83034458471401,-112.69345016804931,-112.38696777035273,-112.64081077081434,-112.75692617581818,-110.97299765233662,-111.55022749116507,-111.10372246935123,-112.5140552937318,-113.53896308427257,-113.80608598248031,-114.33668688878966,56,-112.03966455377723,-111.93635294236007,-114.34288747052703,1.2838286201042357,-0.4369788528653582,-0.507302133169917
HDOK,PLOK,17472,24,24,-111,2,11,2,33,-113.20266543460538,-108.90945262191184,-111.73664265963708,-111.92277505427924,-112.02832007096266,-112.26051242165224,-113.86267722836212,-112.30989192931538,-112.12157402202887,-112.12005783215436,-113.07552800008278,-111.10621623647609,-111.05501829420415,-111.72770325726363,-112.15436357147001,-113.49634766157754,-112.17162643569928,-111.11782308876894,-114.29010421940967,-112.63144339099982,-110.4898343837184,-112.15743480999932,-112.2972619452788,-112.66712093738579,-113.75953285963055,-112.83431871220888,-109.39186043365768,-114.3126428130136,-112.45350485950897,-111.47019853403019,-111.04454020021583,-115.5727061183848,-112.55587227083586,56,-112.25174461541609,-112.17162643569928,-115.5727061183848,1.743513328194227,0.11422142702588622,1.1528979478034072
HDOK,PLOK,17472,24,24,-111,2,11,2,33,-109.72458269365389,-111.25614743037603,-112.2340169117023,-112.30905738732456,-112.961461167555,-110.88165947339826,-110.88129598446588,-111.39554775765463,-112.93997645696612,-111.43107484508886,-113.18495251798569,-112.90132582468662,-112.40161851170647,-112.7631944749261,-113.52488213212007,-108.26917788831575,-111.70544616690528,-112.30702232462724,-111.02238476772025,-114.66669098574882,-110.2589181875435,-112.60143930237065,-110.52676292383711,-111.79810278208464,-112.39419287744253,-111.19759465157071,-112.98598560563077,-112.02055946622414,-112.21190930957496,-112.97300968714539,-115.22117893533377,-112.2416925791944,-113.2626362528087,56,-112.07440903829362,-112.2416925791944,-115.22117893533377,1.7741389749997345,0.3433911684970741,1.404172528386193
HDOK,PLOK,17472,24,24,-111,2,11,2,33,-110.29533886971038,-110.16904120828863,-112.32487762374828,-112.16426494356973,-111.47624096239866,-112.42997658419628,-111.83193945659642,-112.34466619180816,-111.48388411183126,-111.79167519302389,-112.8552623588292,-112.35385984395187,-113.66418354693631,-110.96649970889862,-111.45167821326243,-112.2156485347442,-112.43140371510226,-112.31071871264948,-112.24645305535677,-113.61822688867163,-110.75853207823084,-111.5800065121034,-112.04869962769648,-111.89400483140105,-113.41193974784491,-109.99633862976229,-112.17615180422925,-113.21044698689309,-112.91030729857228,-112.87471278017794,-112.15285780845089,-110.6108113915773,-111.19663555082195,56,-111.97719044761625,-112.16426494356973,-113.66418354693631,0.8703413619747746,0.31648668470463787,-0.23856907156126583
HDOK,PLOK,17472,24,24,-111,2,11,2,33,-110.55288493207622,-109.22437007303911,-112.71594266449343,-110.17342386988612,-112.81678693148739,-110.45600214258016,-110.95879052380263,-113.66004187603448,-111.14254326800629,-112.92169330310234,-112.23080358791348,-112.78549281937838,-112.97480237531909,-113.29934827767558,-112.51864570675595,-113.2902129114381,-111.74396184143917,-112.8478507714574,-111.62108947650174,-114.15255305598741,-113.20052154786009,-112.99632902977336,-112.88280173474455,-112.45779696774592,-112.53397739018325,-111.74573910826432,-113.79175710034015,-113.00622673365308,-113.24084676053307,-110.33543507048907,-114.09128618029844,-112.63145378773606,-112.23794333326968,56,-112.34058651979592,-112.71594266449343,-114.15255305598741,1.401019893534989,0.8559771020955873,0.1827053722315375
HDOK,PLOK,17472,24,24,-111,2,11,2,33,-111.3429986953584,-109.46966178852901,-110.37276536662196,-110.81304290215017,-112.27653105697014,-110.06320999671824,-112.85568116204084,-113.00627393196089,-110.23626131827153,-112.33849580600982,-112.26203142880306,-111.97895862212965,-113.01559227819698,-111.19648586763067,-112.83583957954656,-109.8737789683098,-114.17264681162544,-113.93746492650597,-112.93978016766842,-112.86301518654956,-111.17103165533474,-113.07898674617913,-110.00162016763578,-112.88573485958753,-111.6382610996994,-113.53605765614891,-112.29755957692979,-113.57576038915303,-111.73804958130302,-112.37913773457736,-111.36561646360191,-111.78597585707199,-111.87116863982024,56,-111.97501443298907,-112.26203142880306,-114.17264681162544,1.4880146123349254,0.3259393684629699,-0.6787630413910817
HDOK,PLOK,17472,24,24,-111,2,11,2,33,-109.16355557273992,-109.21243372694116,-110.13938074404962,-110.59543373715874,-112.78022241887454,-110.33358383372612,-113.03935835914686,-110.32391376538605,-110.90466000045058,-113.02859443291364,-111.14935881852566,-112.46643938253685,-112.25460392298308,-109.52212811448088,-112.89827797085808,-111.74351491410305,-111.64846719552065,-111.27787703757899,-112.12672777470476,-112.2316998767904,-112.07052097175944,-111.4381085723547,-109.46195285925565,-111.37291495045692,-112.21101462954917,-111.33559939199733,-112.55142309751616,-113.09263188047282,-112.90158322831635,-112.02664689820503,-112.04970965107155,-113.1659039061592,-111.16502943084954,56,-111.56615972931618,-111.74351491410305,-113.1659039061592,1.3732665743323869,0.5771447368040534,-0.6098378793858021
HDOK,PLOK,17472,25,25,-112,2,11,2,33,-113.75366739950493,-111.0868719806166,-113.23637064045163,-114.30140897952619,-113.23994376330745,-113.86542360313368,-112.664354539844,-112.89758350528571,-113.70187319524774,-114.52288604829565,-112.27255889015731,-110.31017580131136,-113.35473193303702,-113.49806486993488,-111.08542218788305,-112.30863231761124,-114.1151680760279,-111.62491817850166,-112.17974999233148,-112.1955152064949,-114.23500339763154,-111.98016177262116,-115.71661012213119,-115.18964742974187,-113.30435856020812,-114.77066248478462,-113.20438481833277,-113.14303673810336,-113.55906089893756,-112.69871191938083,-112.14225456727942,-113.2602585522666,-112.74446148357461,56,-113.09587678343935,-113.23637064045163,-115.71661012213119,1.3773956596408081,0.11383794414364605,0.1764744371293694
HDOK,PLOK,17472,25,25,-112,2,11,2,33,-113.19348061107274,-112.95256281659502,-115.31494781210151,-112.85919500238683,-113.27736090663097,-113.45671276627942,-113.31611894202825,-112.3013573152482,-112.7810749855961,-113.82328503544835,-113.98297070412326,-110.75491897163641,-112.48485353679426,-112.98021100161874,-110.70989656895048,-113.34258604563742,-113.05987667988734,-113.30758576243252,-112.7427567974551,-112.75036087347294,-114.05878783971635,-112.95385255162033,-113.00482773357339,-113.66800187196846,-113.04826317338942,-113.57083452359142,-113.37885486173695,-113.56941903191375,-110.90263700928489,-112.23605673628634,-112.69579932269329,-114.09812718721957,-111.83822975983742,56,-112.98229711327961,-113.04826317338942,-115.31494781210151,0.8746810831468289,0.6295592517455308,1.6496511787434378
HDOK,PLOK,17472,25,25,-112,2,11,2,33,-114.03016785267397,-112.66740697858337,-115.75382220283339,-114.40186477911546,-112.28382966465313,-111.06963538615966,-114.12014397924979,-112.64687573919673,-114.5026148569509,-113.45668258721625,-112.85540729542943,-115.35341662417015,-113.87190817120641,-114.0951295658537,-111.84210585943167,-111.48462760456343,-112.97479043296816,-113.53260906943474,-112.55917605950832,-113.05402523967126,-111.67538613373367,-112.93187332968942,-114.49293484675783,-112.39752315817296,-112.2165414145312,-112.01774755922588,-115.28888531967674,-112.28688846345194,-112.00750203355508,-113.27400678760048,-113.01746246543412,-111.52508011118191,-112.20977063167352,56,-113.08781340010773,-112.93187332968942,-115.75382220283339,1.3856467501388054,-0.5118457715310855,-0.43737930833526484
HDOK,PLOK,17472,25,25,-112,2,11,2,33,-115.24295330393026,-112.85288647305897,-111.65660714618807,-111.66565985531116,-113.8379181907161,-112.98437052819394,-111.05752327029158,-112.35630160722401,-113.23156644361492,-110.6587631402144,-114.44704505376777,-113.17707163082203,-115.05362316272121,-113.59363704146321,-112.30982466497463,-111.96944162722573,-112.16142392349185,-112.40109447158686,-112.97380772169548,-111.51058507822714,-112.40188876795077,-112.41642515686311,-111.6381426597369,-112.96806575482988,-112.760714763159,-114.68157565009786,-112.67290815426662,-113.17947245524044,-112.22651263106245,-113.07640506040913,-113.29023241690619,-114.21933938972215,-112.47124384067419,56,-112.82257669804964,-112.760714763159,-115.24295330393026,1.1385158125503345,-0.4238359121285286,0.1047121918923497
HDOK,PLOK,17472,25,25,-112,2,11,2,33,-114.94014732019156,-113.54937201828686,-113.12529216616448,-113.08302689693238,-113.44967345794896,-112.24664485527072,-112.43811313484225,-113.14440633688751,-112.36699382996053,-113.41617039735529,-114.26645518793131,-112.36447820587021,-112.69140331948971,-114.14922222913492,-112.62062570346868,-112.06171145381751,-113.13143810239498,-111.99853361947196,-113.44982032644626,-112.01327350207293,-113.51174396298074,-114.0359111321611,-113.1178680688491,-112.69417656656965,-112.94791211385734,-112.06150281670597,-112.83680834811614,-113.80653161766708,-113.40350835942814,-114.42874077932342,-113.24822467029571,-112.83663727649846,-113.84430819279855,56,-113.12971745361182,-113.12529216616448,-114.94014732019156,0.5413953382062107,-0.38052068796516786,-0.2747065652504195
HDOK,PLOK,17472,25,25,-112,2,11,2,33,-115.24883492840381,-111.63324997381972,-115.20699231144879,-113.32198010443376,-112.62782558574175,-111.77362138133394,-113.99055681416482,-113.18637778876607,-112.65284778780789,-115.10710283355566,-111.29007704174965,-113.17429643517967,-109.99917167547906,-111.87712016122595,-115.26225674341066,-112.6935676823809,-111.4932177898514,-113.7387771924452,-111.53935650442347,-113.12455739263639,-111.42079161195748,-111.03169520127314,-113.53641144065402,-112.94715427360039,-113.77116483148404,-112.67912897680208,-112.51856708506139,-112.03161200460687,-112.9788611822283,-113.21434334212377,-111.5001600050104,-111.60986687290045,-113.22675417996822,56,-112.76994845866452,-112.6935676823809,-115.26225674341066,1.6234760495058616,-0.29664202611773416,-0.1384777706595468
HDOK,PLOK,17472,25,25,-112,2,11,2,33,-114.3774859718108,-110.78606698012516,-112.22400419781626,-113.73009491595738,-109.9631976318314,-114.6252606066468,-111.91913381645227,-110.99658930696687,-113.6403274760262,-112.6960647762942,-114.74038940999733,-114.0087770413945,-112.38240524510937,-112.07137223579805,-113.16092498728128,-112.0324517176781,-111.90814570066173,-112.10889080045717,-112.00585888080828,-114.11629694112453,-111.45625207562907,-111.56141447053912,-114.24858310924813,-112.17534150696119,-112.61466421115958,-113.07440054253112,-113.73168749764918,-112.31549466733772,-114.29148275763376,-115.14399095895274,-112.3412568412172,-113.8616946266424,-113.33894899205762,56,-112.8378469969029,-112.61466421115958,-115.14399095895274,1.530094662575974,0.10890988863200314,-0.5721918604011265
HDOK,PLOK,17472,25,25,-112,2,11,2,33,-113.26377033401646,-111.02350754220284,-115.21467237743084,-113.66506469702317,-113.94557593606767,-111.62803544495476,-113.12062193564144,-112.97770074925546,-113.9568462796162,-111.8131961037726,-113.69716610487838,-114.84925235464175,-114.69187306963198,-113.24612948435237,-112.51541586682642,-112.86910280115906,-112.80822327226393,-110.87022748459026,-113.25061913044567,-114.73019553943561,-112.83058533559954,-112.70621434968457,-112.525106971602,-113.668298663538,-114.47420701810202,-113.32157000382931,-112.94297540363576,-114.63120998572106,-114.05380023851907,-113.20013339927127,-111.59895151619861,-113.89250996371149,-114.35175005899468,56,-113.28286392171557,-113.25061913044567,-115.21467237743084,1.15070816045956,0.4057771694420594,-0.1723210684006733
HDOK,PLOK,17472,25,25,-112,2,11,2,33,-114.55885463235815,-112.34257650269402,-114.61673209334427,-111.15158025075469,-113.457364504069,-112.06548800081887,-113.55490755003757,-115.43168694859769,-112.55631979687597,-111.25800855237765,-112.8451138167051,-113.72454869367918,-114.43329170500222,-110.66584624760708,-112.27393960574051,-112.37632294777055,-112.73386292616883,-115.30633942345995,-113.68688868860536,-112.63706670120301,-112.88625334199325,-113.10439515873335,-112.45756358071533,-112.1316602464422,-113.86466645218107,-113.68809597819543,-113.57753528819902,-113.22494172401814,-113.33229847112732,-113.62294936727442,-113.83240064778079,-114.5613852459501,-113.23045151856297,56,-113.1876162608801,-113.23045151856297,-115.43168694859769,1.1996076728622185,0.12305488901469695,0.05744972533327042
HDOK,PLOK,17472,25,25,-112,2,11,2,33,-114.68802200928819,-110.97228036677201,-111.94080988624556,-112.84652359820674,-113.61971014136613,-113.22249210273831,-111.85488416442415,-111.87552828064453,-113.0665438859984,-112.83849418486628,-114.0039306829611,-111.94775133205795,-112.47622255773123,-113.34992916647359,-111.2521077621462,-111.01928874505563,-112.76372225592618,-114.20633153690713,-114.76251173827708,-113.69664342835726,-114.0856076124286,-114.54970309553708,-114.1488259780597,-113.40568370173101,-113.79811720285686,-112.81558793177697,-112.50403220766349,-114.0482543821934,-114.07951842863712,-112.08521846762919,-114.54145847507174,-113.79677122708183,-113.05231064202113,56,-113.13075203573126,-113.22249210273831,-114.76251173827708,1.1294352752516337,0.4002322938677895,-0.7575081016616534
HDOK,PLOK,17472,25,25,-112,2,11,2,33,-116.1064917046213,-112.36757194645139,-112.72131296877775,-110.74048539023258,-113.70610290198017,-113.42522304308113,-112.67508867876472,-112.48331781966401,-113.59968973290879,-111.12050993549089,-112.17933578552184,-114.74309509378917,-111.38255309004117,-112.34493132860614,-111.96091791085601,-113.53639157624067,-113.83032687984178,-113.06552410424057,-112.10285341740236,-113.05590522064794,-114.3515960926612,-113.56638486309723,-114.16995712477475,-112.28731338654305,-114.7347983715019,-112.62710565972631,-113.43173741409987,-112.67607615117063,-112.8927282584159,-111.88308672258997,-112.72110387121573,-113.80611888970623,-114.36262267825522,56,-113.0502502428157,-112.8927282584159,-116.1064917046213,1.2432689377566637,-0.3590629834075256,0.5446274727609
HDOK,PLOK,17472,25,25,-112,2,11,2,33,-113.45843007415472,-111.99822408868727,-112.50452720881769,-112.6298393173863,-112.60833882531865,-112.44569652056312,-112.54104683582355,-113.07803317937436,-112.71133811668197,-115.18760764668217,-114.20313111770616,-113.6372039195569,-114.14704604810842,-112.44686657485808,-114.47833559721384,-111.79523959784814,-111.07719515696847,-111.86034326081084,-113.15500796249229,-114.78162495331635,-113.7727850954345,-113.75154347056382,-113.02676282347029,-114.304685145507,-113.70565120733332,-113.88719342793509,-112.01087780327046,-111.00180204620897,-112.2439529356477,-114.81347907902071,-111.87384607547611,-113.06818647068147,-112.45014297871367,56,-113.05018135035247,-113.02676282347029,-115.18760764668217,1.1188633873114,-0.12117979868383381,-0.6604985024076235
HDOK,PLOK,17472,25,25,-112,2,11,2,33,-115.30947682216288,-113.11677254463295,-113.71537964979966,-112.80595846592868,-113.62279923310052,-111.54791788734734,-113.06475916005033,-113.05970816548479,-114.70193012164287,-112.62687081499693,-115.65425652692035,-112.67331671635516,-113.85816131472004,-113.9701294261352,-113.02853526887542,-112.80405193408392,-113.07768985526586,-111.34873323015617,-113.60399295394956,-113.97071868945616,-114.10529979699302,-114.83269098062762,-113.28897483248637,-112.79801859609121,-112.99340215444275,-112.61438392752929,-114.13822478201668,-111.89703222325647,-113.10541278961173,-114.5171890089154,-114.49587226324478,-113.97769959496756,-113.35347392655483,56,-113.44481314114554,-113.28897483248637,-115.65425652692035,0.9337220112132728,-0.10443158078483315,0.16516393038591692
HDOK,PLOK,17472,25,25,-112,2,11,2,33,-115.1250393538307,-112.50769442591776,-112.68626658574928,-112.93134737382357,-112.39464623505415,-114.85467589798778,-113.11490701863416,-113.63013968714121,-113.1392768859182,-112.91200884794787,-111.91017087410243,-113.03352386098013,-114.58640424287451,-112.6634791251272,-112.62158346204298,-110.566196878735,-112.13866705515964,-113.8017834999144,-114.15772776009183,-113.56251204150864,-114.26911883181648,-113.6823186196338,-113.9112430742334,-113.69216322298755,-113.92680543332143,-114.69682441369397,-113.89258537205244,-114.49163419848428,-113.96960256285526,-112.96073404061724,-113.6638759778611,-112.62983876170556,-113.18164849192067,56,-113.37292254890076,-113.56251204150864,-115.1250393538307,0.8830447680665557,0.5489082862828052,0.9788691428932652
HDOK,PLOK,17472,25,25,-112,2,11,2,33,-114.99899473673938,-111.68758250059493,-114.5460291942599,-111.84629171265415,-111.94762641850542,-112.58333691355318,-111.77046767315882,-112.3807664084965,-111.64172951650329,-115.1439396742704,-113.53626697963907,-112.34069725434482,-111.84087288846754,-112.68017853130938,-112.13992414163981,-113.23278089467242,-111.9333493772529,-111.76012834768535,-114.23233919933729,-112.203616463106,-112.83969387758657,-114.29537969582448,-112.17345348911392,-114.30311435869588,-113.5367160396055,-112.43562686200299,-113.49373570523224,-113.1120404121751,-114.02805408046231,-114.14249252834455,-112.51785215810723,-111.49446543536939,-114.76765161158056,56,-112.95718772970581,-112.58333691355318,-115.1439396742704,1.2036542476635013,-0.5147128652509859,-1.0750870536715067
HDOK,PLOK,17472,25,25,-112,2,11,2,33,-114.30972590742678,-113.46022807846148,-113.28625326558372,-113.31046293023422,-112.00863049310391,-113.55097860839537,-113.97736481859286,-112.85545786765566,-111.4086627275538,-112.87824932833539,-113.0231032911592,-112.03858804633279,-112.43508542788636,-112.93034636421659,-111.98254856331941,-111.82692621700045,-111.61097461998051,-112.1584087564014,-112.6913844435419,-112.60798760522353,-113.37169837323869,-115.26292995639015,-114.1374426192314,-113.27651929092114,-112.75169391710658,-113.37402225955123,-113.05432070930314,-113.78027198850639,-115.31029350687928,-112.56077440118335,-111.20678187788738,-112.6931029932231,-112.69013617521392,56,-112.96428349784969,-112.87824932833539,-115.31029350687928,0.902988743970843,-0.5422342833148028,0.5502233701321639
HDOK,PLOK,17472,25,25,-112,2,11,2,33,-115.52105337135279,-109.67811791580368,-113.44564919054342,-113.31086840213251,-113.11001036367924,-112.54353225875509,-112.38567542637091,-112.87958689005126,-110.93220028245804,-114.17844267203853,-112.1645732454116,-113.1918979882153,-111.46704976367835,-114.23867024246896,-112.84985273983027,-111.63065184418045,-113.3409221014501,-111.71038729839574,-114.12944769684843,-112.58785602296449,-112.42156773241064,-113.94543741366583,-112.59420243883272,-114.52350452606355,-112.87829018484715,-114.95724325791186,-112.20450998420841,-113.6039883791117,-113.7513612970223,-112.23353498927891,-114.80310057428095,-115.26204269885362,-113.49142659777243,56,-113.08989866032996,-113.11001036367924,-115.52105337135279,1.5683774971763726,0.3032363073508027,0.4751664181744686
HDOK,PLOK,17472,25,25,-112,2,11,2,33,-116.35613463823336,-113.19435693089778,-112.96694805358081,-114.08691826806886,-111.54954314622182,-112.12938622373485,-114.57072721573998,-112.76312719087328,-112.79050483971157,-111.773066227833,-113.85331768615583,-113.89548946117299,-114.20048679064153,-112.80863047846374,-113.1490282150385,-113.22752431085708,-113.87307884100065,-112.47405181779865,-112.67449941848044,-113.84967739037995,-113.44138846718306,-111.52189358655906,-115.28514999730956,-113.13310096697356,-114.04084366783538,-114.68282896909994,-113.71669813320722,-111.57981406430899,-115.00417884502852,-111.3489312950749,-114.8522516733455,-111.48056232457024,-113.39878374810918,56,-113.32342190556028,-113.22752431085708,-116.35613463823336,1.4430730463935597,-0.23622197429914912,-0.14632842645947752
HDOK,PLOK,17472,25,25,-112,2,11,2,33,-115.102988258393,-112.10266733558144,-113.79188828438922,-112.95791521117336,-113.75467881553156,-111.31202934677775,-111.4804057244538,-112.73026392592061,-113.2889598089563,-111.82698442606683,-112.20774778264874,-115.07533605532065,-114.31670323506235,-114.37096834156658,-113.49089269177738,-114.89936297295326,-111.92897457151273,-113.28266758477123,-115.17854997297374,-111.59621497875537,-112.61184812608361,-111.39684626348355,-114.4435429503614,-112.93983448003935,-112.94240475767995,-114.3433418345463,-113.09409716366224,-114.80102641757848,-114.30621301335258,-115.27630578603703,-112.34833892884065,-114.8497248522582,-113.35478525296777,56,-113.37589421671143,-113.2889598089563,-115.27630578603703,1.5006852804276136,0.07201065907606972,-1.2158482301221105
HDOK,PLOK,17472,25,25,-112,2,11,2,33,-114.03540073419369,-112.00914163111415,-114.24036696464532,-114.31416966553171,-113.21436474329884,-112.90971599310801,-111.07400236585077,-112.19338232504472,-110.91978544666729,-111.63209670525606,-111.18197734374696,-112.09803841315025,-113.97510886847118,-113.76332767538601,-111.95911922810588,-114.38965976761685,-113.15481540101382,-114.51925295120373,-113.2715389173574,-112.914440837991,-112.94370740705389,-114.01371489383834,-111.81440628857601,-113.79421223950212,-113.79041196629423,-113.14578530654357,-112.87299410747059,-113.58857846720346,-110.96252842394247,-114.166488571356,-113.41573349262214,-114.80593656707762,-115.9767489632449,56,-113.1230591719236,-113.21436474329884,-115.9767489632449,1.466524944057242,0.12657587783871208,-0.36534081959624665
HDOK,PLOK,17472,26,26,-111,2,11,2,33,-111.26638450599313,-115.12336432300258,-116.00121009810597,-114.65526364779595,-116.8319829197866,-114.6097927825158,-114.183607013742,-115.03785075159085,-115.64697744442431,-113.24198594050041,-112.59121966689568,-114.59580493684096,-114.34928661216473,-116.11397924120602,-114.04823209553898,-113.85683437281071,-114.15567628760138,-112.13865614938547,-114.15171752522156,-113.29000488060157,-113.71802440184005,-114.40998046227222,-113.51882813537676,-112.58946689365044,-115.28817406371189,-114.76900896298993,-114.45232079738545,-114.15297719222045,-111.82998981395299,-114.35290370654904,-112.79045425719615,-113.66673814305496,-115.64505610800204,56,-114.15375012527048,-114.183607013742,-116.8319829197866,1.5214919694787434,0.22860396179392684,0.11643871167887454
HDOK,PLOK,17472,26,26,-111,2,11,2,33,-113.66754151425343,-114.78483714127465,-116.77713980200859,-115.12022851756534,-113.55088819174544,-116.52284631353378,-116.37793793873239,-115.07139621780951,-114.1925018639346,-114.89640968716604,-112.61947821849175,-112.80993966512108,-113.66109226061363,-114.07438468842363,-116.2164199849045,-114.11120192673096,-112.92810996688385,-115.07041792813531,-113.9093840283752,-114.47100170480232,-115.49644251438349,-113.21874837932094,-112.49923084106896,-115.95820935875167,-113.6205212871784,-114.242622194743,-114.36779449232178,-115.06480145003229,-113.1995478125656,-112.83625533670488,-114.23583109865248,-116.22923591954314,-114.41826551863315,56,-114.430929204982,-114.242622194743,-116.77713980200859,1.402155268452925,-0.3082239220494454,-0.7533653840668886
HDOK,PLOK,17472,26,26,-111,2,11,2,33,-111.60765477819669,-116.73477470873708,-115.56933330634476,-113.37589398675519,-113.67689219950532,-115.32919164544178,-113.94031544281897,-115.23458476988719,-114.24842603649275,-114.29137490408908,-115.08730149361224,-113.79821799761221,-114.31355946732269,-114.9621047955339,-114.14407309774862,-113.98327196654145,-112.60362517783479,-113.12013436645806,-114.02719835700746,-112.45878038774948,-114.85591720264534,-113.95568826093628,-113.98473673004966,-113.03746025309847,-113.32795283262392,-114.14804475862931,-114.7237279789685,-113.57988406074065,-112.46630530693032,-112.89410759177865,-115.3329565855379,-113.73092437882957,-112.79561744818963,56,-113.9800009780196,-113.98327196654145,-116.73477470873708,1.111062562890715,-0.1990267644025545,0.3549972462885842
HDOK,PLOK,17472,26,26,-111,2,11,2,33,-112.16019029670477,-115.72179994183385,-116.5379871377274,-115.30580562862131,-116.10995597544937,-114.56810672086888,-113.59641598698573,-112.83547623865311,-117.03893768608305,-114.18445972222685,-114.81898261961771,-113.62611244345482,-113.48617642377448,-114.32617755852331,-114.39113611676417,-113.79316354896496,-114.29293105759328,-114.92949583413298,-113.13212691837673,-111.1682013887456,-115.33535232426978,-114.68224980698896,-114.37689809523417,-113.27644789444126,-113.3421735199322,-115.34967264758448,-113.8904162402423,-113.22518512047635,-112.91977669436565,-111.70478345922103,-113.73529957109434,-112.58069780178526,-114.32883470084909,56,-114.08398264004813,-114.18445972222685,-117.03893768608305,1.676765407049732,-0.07745520209450923,0.1586168357385902
HDOK,PLOK,17472,26,26,-111,2,11,2,33,-111.19340931038707,-111.55545262035795,-116.1028468537065,-116.07205898376296,-113.82598426375179,-112.71441896372953,-116.39464849170142,-113.8715297287666,-114.28755971525521,-116.31711384885035,-113.1155310531049,-113.79575504289748,-114.66073339311737,-113.6496744112986,-113.40214845865465,-111.64922032096307,-114.21842555558949,-112.49824842141003,-112.50455993045681,-113.73790405863531,-111.78309194843901,-114.96159601345293,-112.98002733600882,-114.09709231122034,-114.53679995964053,-112.69300902769903,-112.97595033699196,-114.81992551637649,-114.49070755262696,-113.93072407422609,-112.45347756245287,-111.6863182717225,-114.0231303117361,56,-113.66663859542395,-113.79575504289748,-116.39464849170142,1.8866289461701782,-0.23288451712566383,-0.41219963746172894
HDOK,PLOK,17472,26,26,-111,2,11,2,33,-112.28134287823517,-116.93305316948891,-114.77601245696798,-117.29749296956436,-115.14660986745706,-115.53878614574853,-114.52728093808517,-115.89710213902458,-115.27612339150576,-114.32976542672192,-113.14841603947124,-113.33628743535154,-112.38380058599833,-114.45143374645606,-114.1800185172348,-113.85432982652742,-115.72723698767055,-114.41952516591432,-113.79533531413477,-114.02739261964267,-114.47099871986919,-113.57028544619055,-114.28120621385594,-113.24467641165121,-114.2065330520938,-114.6853662499918,-114.0408921006143,-114.79895197410261,-115.46468702836808,-113.80917820891543,-112.77823893876725,-112.29194002426514,-115.07370219850313,56,-114.36496976328453,-114.32976542672192,-117.29749296956436,1.3673873742974896,-0.35584226374504124,0.4091425096805845
HDOK,PLOK,17472,26,26,-111,2,11,2,33,-113.35427720086089,-113.8394886287608,-116.2848708533092,-114.3436391103488,-114.2298564881092,-114.92271405988122,-115.80791959741391,-115.76185014482168,-115.42084193873808,-115.4984280911196,-114.13906584382049,-115.21192858234562,-113.8342253708508,-113.39174916371952,-113.93020389821714,-113.38148924528646,-113.91278899862688,-113.56929518979796,-113.24544937999651,-114.13341550088403,-114.35318118750239,-114.3535196978712,-115.39821126837576,-115.0434561285448,-115.02044869146921,-113.46427393036171,-113.12647534964495,-114.05180621857183,-111.88212964971905,-114.25195804107396,-112.17511929104475,-114.11367473782244,-114.04938689136337,56,-114.22718601122041,-114.13341550088403,-116.2848708533092,0.9683155400949407,0.08706304404399223,0.12977828608218722
HDOK,PLOK,17472,26,26,-111,2,11,2,33,-111.02324077919616,-114.39617504528502,-116.76120806746663,-116.57274124416357,-117.47325583182341,-114.18492531878444,-113.74533010327583,-115.11171688254721,-115.32029923245503,-113.89830246632067,-115.94144452076955,-114.55252576298952,-113.01653114633336,-114.77114356624476,-113.09674287465702,-113.33366625389593,-113.07579002139526,-114.9733677120528,-113.92917497937817,-114.40214785316242,-112.53866841846758,-114.40475924554858,-115.29238740816322,-113.6845790965637,-113.13851638432864,-113.60322610808798,-114.03462221289881,-112.902792959268,-113.63624620672545,-114.93562383938867,-113.74314734499269,-113.50920081391057,-114.52466854437029,56,-114.22812631045186,-114.03462221289881,-117.47325583182341,1.6158818934073726,-0.37785013556984953,1.0413431352188023
HDOK,PLOK,17472,26,26,-111,2,11,2,33,-112.87011122517016,-114.73129203221455,-114.6039581767711,-113.88321062495268,-112.9493773149205,-115.51223874004418,-115.36719851678362,-115.18620638761288,-114.16100664191622,-113.47753389934621,-114.6893992641162,-111.93287620992156,-114.21774032695433,-115.10722357430646,-113.87590680588238,-112.96674729890204,-113.08547710030143,-114.30196899438366,-114.73660460821796,-112.90389919801235,-114.55471942962565,-112.57289222177414,-113.83351839867188,-113.55048675487359,-113.84871926169039,-112.0421082930678,-112.6039852701092,-112.00589602500102,-114.19035155540277,-113.53065843369056,-113.51373857798313,-112.01949261042007,-115.0453702148977,56,-113.75369436327082,-113.84871926169039,-115.51223874004418,1.0543566002226334,0.1751525618729583,-0.936063137972353
HDOK,PLOK,17472,26,26,-111,2,11,2,33,-110.99466495051044,-115.02467758087964,-115.93438134003361,-113.69398618962987,-115.8707441530212,-115.33312122996779,-113.18278805267896,-113.24199518561605,-114.94184167740826,-114.25209440254145,-115.57216157532275,-114.74701433095419,-113.92286774011586,-114.29172323405969,-114.01022362762204,-113.79450958296177,-112.54401033679358,-114.24197442168892,-114.13565496608835,-114.24134060406799,-114.14952077940063,-112.39568518951175,-113.23368289035562,-115.89824777284589,-114.86369252510738,-113.4637659676706,-112.1900343007767,-112.66453352189502,-113.18152301827487,-113.9290872744781,-113.94020387744578,-113.69820606672083,-112.94817451879685,56,-113.95539796621946,-113.94020387744578,-115.93438134003361,1.2574428110965208,0.2377063463832565,0.24834496619820667
HDOK,PLOK,17472,26,26,-111,2,11,2,33,-112.61184485848943,-116.23312427258867,-117.1510706598428,-114.5491861697594,-113.26117643834411,-114.49900622378196,-113.25248501038591,-113.79366417800918,-114.8966359318373,-114.13820859258266,-114.5241488129505,-115.11403986609903,-115.5453301084809,-115.33342666732511,-115.21184694148897,-111.95832355798665,-113.6227010045627,-111.97758130749544,-111.64956328447704,-115.25858030669592,-114.30840121446472,-112.08384469943341,-113.11973794090304,-112.81802694084664,-114.12682575729234,-113.94763015031481,-113.10910877857637,-113.64083186714214,-113.99633502068937,-114.37542925577536,-116.27642721122123,-114.2251981514312,-111.18981419612656,56,-113.99392592052732,-114.12682575729234,-117.1510706598428,1.8840571130493649,-0.026812683111509153,-0.16379142779800082
HDOK,PLOK,17472,26,26,-111,2,11,2,33,-112.48826257515928,-113.48310701480865,-117.0790852545237,-114.36404807055324,-114.03696657225413,-115.68659235695242,-113.3713387404095,-113.95226098400467,-113.60405633058267,-114.59720947076657,-115.54152643581443,-113.37561447686237,-113.69598956328223,-113.80526785330296,-114.42212605747088,-113.54059738319253,-113.65465078252566,-112.57560413707382,-112.77351599232924,-112.12399397939745,-114.98363076580281,-113.64687414866667,-115.20790416235464,-113.76670233615478,-112.33484920102646,-113.40868850448838,-113.82434245661955,-113.26947826779582,-112.3023717069655,-113.66619139608846,-112.1032490336914,-113.75843224645844,-112.4840997762044,56,-113.7251099404116,-113.65465078252566,-117.0790852545237,1.1856539711812573,-0.9219566294479377,1.4695683956137278
HDOK,PLOK,17472,26,26,-111,2,11,2,33,-111.04311024589659,-115.06123538907487,-115.2642245582851,-116.13562381409047,-114.77636232909332,-114.41139534516807,-113.92014428334109,-113.17421415845926,-113.47851231722291,-114.96404474923112,-114.73956883279608,-113.42441178054328,-114.88578331886164,-114.61713305081778,-114.38177552029536,-113.30905805275154,-112.37867172025098,-114.02719969123508,-112.58772514762086,-113.29139585497246,-113.53792105521606,-112.94083292723114,-113.39645187798206,-115.1450999012803,-112.88844786695996,-114.02423562568012,-116.2172784832302,-111.79848404800012,-114.52998148849613,-112.50194312035816,-112.69612716759599,-113.9243417320811,-113.62959265177781,56,-113.8515857001787,-113.92014428334109,-116.2172784832302,1.3374042981794911,0.11509149531690761,-0.0009174012097381556
HDOK,PLOK,17472,26,26,-111,2,11,2,33,-110.81288809149284,-116.37790263556111,-115.93750714681559,-117.47726258283444,-113.75579654877889,-113.77971559264441,-114.75165726968298,-113.50591424923446,-114.45346402214368,-114.82797752616978,-114.53780908265233,-113.24757687806317,-115.00457458173499,-115.21800580930538,-113.0820504288016,-113.47720602552815,-113.87308847752419,-115.70187727744678,-115.41297483692831,-112.20882429266149,-114.66275754476064,-113.46907267448451,-116.08915380331226,-114.72765803189256,-112.79640907218898,-112.98248447856027,-114.33753471496493,-113.32846937527309,-115.08721806276417,-114.8270653832331,-114.03072591139158,-114.65795421358892,-112.20847084242524,56,-114.26209234741953,-114.45346402214368,-117.47726258283444,1.756177605120709,0.11229573849500436,0.6433895651311867
HDOK,PLOK,17472,26,26,-111,2,11,2,33,-112.64589009748394,-115.01639719642957,-116.74545819694126,-114.3921108676555,-112.87855192964801,-114.77698755693167,-115.2630040409037,-115.46484359331242,-114.48208460603352,-112.47647807522782,-115.28867262124585,-114.47023267107805,-114.10506065551175,-112.42920448017694,-114.33018076273788,-113.77771598225677,-113.48933985429703,-112.70434599379908,-112.94072786606169,-113.42508488753316,-113.06604442563098,-113.74204027882898,-111.17862778023459,-113.54948496958797,-114.00881774400274,-113.81264307092047,-113.84666732226488,-115.04606377353161,-111.01328670521131,-113.54748170592731,-113.40130225319126,-112.32456787262296,-112.69218947823329,56,-113.70701785804405,-113.74204027882898,-116.74545819694126,1.4559949616016055,-0.03155964597861423,0.40831960448003146
HDOK,PLOK,17472,26,26,-111,2,11,2,33,-110.85504611106315,-115.48147104106171,-114.43404212827112,-113.87145730789747,-114.32962288021021,-115.09369011361336,-114.60804070411758,-115.50266548965932,-114.94767054484808,-114.55990566583118,-115.1576395504936,-114.07279842289346,-113.49948955369274,-114.40217060408573,-112.71151575073623,-113.3063833522234,-114.96104245102227,-113.20979895644473,-114.49288085607637,-114.67098924434555,-115.08020678189807,-111.8488873443541,-114.553807635914,-113.09859291986766,-114.54797179260201,-113.72928769065192,-115.03123573854566,-114.27101132483938,-111.46448811797528,-112.70369551538987,-115.44622482686589,-113.25281795257396,-114.31968439488656,56,-114.04594644742275,-114.40217060408573,-115.50266548965932,1.296669409768775,1.1119494798926366,0.8970313950275748
HDOK,PLOK,17472,26,26,-111,2,11,2,33,-112.50326754654644,-113.78816331557101,-115.99054148276917,-116.01178348334207,-114.89065500061251,-114.3927325207446,-114.64264033731232,-114.49599254694903,-114.94638001688784,-114.60962235203154,-115.42629435734446,-115.1986563129038,-112.8387178393073,-112.58702106625121,-113.6354474222854,-113.46043967322268,-114.0827735575433,-115.04205044926994,-113.5796208394953,-113.42060802359414,-113.71521538019525,-112.32159030798738,-113.17215752948174,-112.48015187432763,-112.18953866968062,-111.69946797532906,-114.56320864982015,-113.7330127239293,-114.9657770763012,-112.53359948651988,-114.66401290550857,-112.99473788398933,-114.49353412008277,56,-113.91119432506474,-113.78816331557101,-116.01178348334207,1.2540513128855526,0.06325520720767035,-0.851048039831924
HDOK,PLOK,17472,26,26,-111,2,11,2,33,-112.16900571650211,-113.97662023718945,-118.15301131223431,-114.80012217537949,-115.35320897482916,-113.48072763390064,-115.14247838424609,-115.07943795356698,-114.79095105927242,-113.36850396901173,-114.50009658930766,-113.64568041751583,-114.23766127322479,-111.62379545523916,-114.04643654049045,-112.85143452589101,-115.34558923333714,-114.66569691846482,-114.00446249251809,-113.6715126334542,-114.35120973865632,-113.11222114308568,-114.08210168454943,-112.83447866097141,-113.07467475151796,-113.59789305114899,-114.02915596319721,-113.13600319285474,-113.4510775311469,-113.23481502980808,-114.03738774988177,-114.39122402486738,-112.48731909529171,56,-113.96139379128951,-114.00446249251809,-118.15301131223431,1.3309147753623038,-1.1693847110013678,4.125525340082621
HDOK,PLOK,17472,26,26,-111,2,11,2,33,-111.865898634578,-114.77894952521596,-114.57939032918769,-115.70578220455894,-115.0388517172014,-115.04617135796971,-115.52951000159428,-113.87317444417255,-115.22304644320099,-114.70410934390902,-112.6896700363833,-114.06384806018615,-114.4364219986448,-115.14106275852876,-114.43302602318364,-113.27189722986847,-112.3601384376935,-114.33504367819131,-114.05854093071494,-114.54540175447197,-114.52416292974041,-114.06725620295855,-113.48559328013044,-112.12027284241071,-114.23127185303392,-114.34009033383018,-113.25099898841448,-114.21002071137009,-114.15634183586766,-113.38092469326382,-112.37952059521643,-113.38826145946852,-113.25051902684208,56,-114.0140960503637,-114.21002071137009,-115.70578220455894,0.9325862081996548,0.5183688939291181,-0.3035303479337794
HDOK,PLOK,17472,26,26,-111,2,11,2,33,-110.29942088599161,-113.8774900234093,-116.03490846486991,-115.33161262372717,-112.60642549474872,-113.9414053389892,-112.79231733892281,-112.56029554504985,-115.09274615679722,-113.80578976006892,-115.35670234567174,-113.50855649917273,-113.7415861273684,-113.86602386930826,-113.47313954097245,-116.09045551794932,-113.93647025595394,-113.61952268803515,-112.98901300674855,-113.76230980022149,-114.97246176451854,-114.97179143793316,-113.73285743196354,-114.21946499094047,-115.61099941908245,-113.10777597417541,-114.11793416717325,-113.1197529840895,-112.99822937339793,-113.23547898375504,-113.07679335242072,-114.5755006437485,-114.24981977673845,56,-113.89924398739132,-113.80578976006892,-116.09045551794932,1.3049214729724186,0.42967845090585044,1.783736960093179
HDOK,PLOK,17472,27,27,-112,1,11,2,33,-115.10959356968026,-112.75254943888474,-112.75500261086587,-112.52185755024502,-112.00211299448102,-111.21596158182479,-111.92036507017455,-112.93579096382012,-112.28115570813196,-111.48357162786829,-111.17429684411229,-112.14479962709127,-111.86971693866217,-111.57386000355838,-112.59522581138545,-111.07916861667775,-112.94444569556362,-112.153095200425,-110.95357369031194,-112.49691358834868,-113.45287480811871,-112.36055123979081,-111.37137599038996,-112.75336767039899,-112.33056506052687,-112.59116528633352,-113.63172764328912,-113.94820104859492,-111.94857700322211,-112.96811270099442,-113.75101890499676,-112.82804271312521,-114.18384442183356,56,-112.48734792799176,-112.49691358834868,-115.10959356968026,0.8795466693849676,-0.6230755161916264,0.5531259743458481
HDOK,PLOK,17472,27,27,-112,1,11,2,33,-114.02935863451621,-109.46339119575826,-112.58062642065738,-111.98604415694714,-112.49052245186637,-112.99708125059405,-111.61253590005012,-111.85150103480439,-110.725321569152,-111.8757672103418,-112.86714904682673,-112.58177638061787,-110.24509937396503,-111.88574251826938,-109.6890735577621,-112.10471675699688,-111.55706166858415,-112.63078328602415,-110.03034680924242,-112.34027924176007,-111.09758895994429,-112.92891669706395,-113.7165645911493,-111.5259183119216,-112.14317221292072,-110.99568390431801,-113.45282150110955,-113.12530998705948,-113.08428733987786,-113.56187258379182,-111.67965385118583,-111.80705984893854,-114.80612549662298,56,-112.10512587123151,-112.10471675699688,-114.80612549662298,1.472135025728327,0.2284778155291277,0.048161003638000466
HDOK,PLOK,17472,27,27,-112,1,11,2,33,-113.88930814744447,-110.87827065044202,-112.38560074652285,-112.22559768518425,-113.70664329379287,-110.8337052130921,-111.74308642289255,-112.6641595501724,-112.15434933308445,-112.2747589916054,-112.82193780926787,-112.81645899295641,-114.45779427749123,-112.85121197909953,-111.40784512891194,-112.1325816805008,-111.39478601457331,-111.24512900287473,-110.8320935595646,-113.81157436404084,-109.74265035723552,-112.62778517091242,-112.87646380546148,-113.61655296812721,-113.54303656478596,-113.45964547409136,-111.84253618050698,-111.96361777691135,-114.34488034088754,-113.17324050738151,-112.76670157628244,-113.43636971797146,-113.02834916014805,56,-112.51359764982477,-112.6641595501724,-114.45779427749123,1.1894466546181686,0.40093022148149465,-0.12511506409366735
HDOK,PLOK,17472,27,27,-112,1,11,2,33,-114.08460086264925,-109.72529911579203,-111.6708090585028,-112.93105370661964,-112.80793939728063,-114.679023791772,-113.5308113559115,-112.57666864533878,-113.57755765536454,-109.37857704953306,-112.01307353589942,-111.69389850835402,-111.20897714441773,-110.38632764632574,-112.70840484937415,-110.5750836900017,-113.53622233782086,-113.1905957054187,-110.07529678261834,-110.31673599144463,-112.58457220798971,-111.7076046038842,-113.18442258969574,-113.13243412175423,-111.35567343288953,-113.18327789089027,-112.50586163908363,-110.92199039292379,-113.97444719309755,-113.12956754071949,-111.88032371126327,-114.01857548841052,-114.94465054592055,56,-112.33910176330188,-112.58457220798971,-114.94465054592055,2.030848118617018,0.3222315918411548,-0.6617252131308002
HDOK,PLOK,17472,27,27,-112,1,11,2,33,-114.87061268816099,-112.41257454598359,-110.48350791073763,-112.24426624294453,-111.4283905318807,-110.4799802050718,-110.99940634155669,-112.21141688522086,-112.25553766372597,-110.72148851658459,-113.0228272839109,-111.41021791026036,-110.72878716853465,-111.95125938071884,-112.72309354653419,-111.8875374234954,-111.70993586329948,-111.33083696473227,-112.75943225755803,-111.24797694127984,-112.39647199985419,-111.87527522988972,-112.75134801549363,-113.94966659039763,-113.73251725746633,-114.02165443835395,-113.10890787777235,-112.96078022196969,-114.18359187103438,-112.13090330524217,-112.92131638299196,-112.76885015013485,-113.66307128071311,56,-112.3437406331365,-112.25553766372597,-114.87061268816099,1.2196005922284554,-0.2212096376742964,-0.44916750757913526
HDOK,PLOK,17472,27,27,-112,1,11,2,33,-115.92622735656354,-110.97649907688205,-112.12221782863273,-111.8845053449096,-114.00691507578189,-113.44898385233547,-112.73463543219552,-111.73502749062713,-112.55312245307167,-110.23523450981719,-112.47130107585735,-111.74689470860513,-111.2768992463044,-112.57426969754957,-113.48826420971136,-112.78165120142602,-111.94241683890498,-110.86801428677761,-111.36324706537499,-111.43217849030842,-112.0072423309466,-111.80174872472635,-112.05236044186341,-115.42129566267718,-113.60189246582297,-111.74703391657481,-112.55018829668276,-111.6640143607077,-112.11033171824914,-113.52560482175119,-113.25468948308377,-112.11900004838967,-113.2773947827,56,-112.44549400896402,-112.11900004838967,-115.92622735656354,1.4069511005936057,-1.0338744836163853,1.6748161534883406
HDOK,PLOK,17472,27,27,-112,1,11,2,33,-115.17213923123555,-109.90200687209563,-110.58446191136977,-110.53682969977555,-112.16721668589824,-111.90851815101324,-112.12593372893718,-111.714525145282,-112.61832123356446,-109.56483168140122,-110.45644091401168,-111.75506409568895,-111.44597093474809,-111.29156860265896,-114.1077155862278,-111.7087191858207,-113.24007150408582,-112.63569726559882,-111.09110956047047,-113.35260736003997,-113.29525767066902,-111.50724047470757,-110.75279909928892,-111.43119326669951,-113.12858271261089,-111.5031723888091,-113.3550656092211,-112.53639394236352,-112.770324702156,-112.05033140109764,-111.57250507184233,-112.009696540487,-114.44470994385391,56,-112.0526370355676,-111.90851815101324,-115.17213923123555,1.5617846957072385,-0.36190341883372273,0.155517899262533
HDOK,PLOK,17472,27,27,-112,1,11,2,33,-114.71572097614279,-110.60760966373064,-113.65247359367234,-111.94132829985533,-112.63740774819703,-112.67799174292034,-114.17706073723684,-112.26790137228153,-110.26383390749578,-112.89631793916536,-112.26646854124853,-112.9572443799812,-112.50999335864815,-111.05980669179255,-112.39845805221088,-111.18590583272294,-112.73289226665932,-112.25918091813946,-112.72424657262071,-111.84658157955515,-113.06287358799847,-110.9628776250378,-111.57808671109593,-112.52924947472174,-115.15365947534417,-113.33822556392234,-112.06004088770673,-112.0125770604226,-112.3938587353702,-115.0611833241943,-112.37977872202319,-111.89332408756488,-111.79804512635708,56,-112.48491528957688,-112.3938587353702,-115.15365947534417,1.2731675751523333,-0.5876100291515273,0.6507482738887775
HDOK,PLOK,17472,27,27,-112,1,11,2,33,-115.51087179799431,-112.09624670781446,-114.689645139726,-112.00026456391289,-112.27669448054071,-109.668900910779,-112.25399861941185,-112.59119357838485,-110.6147800644582,-112.02621881413349,-110.7636984406701,-112.38355134366871,-111.76968917228783,-111.38348607951134,-112.60149807485104,-112.2572488056974,-114.50984756689736,-113.79385867359329,-112.96697622931897,-111.61934920266947,-111.52645074534216,-113.21667670524593,-112.4837128385211,-113.24717294669107,-113.53717937191166,-113.26332866151287,-112.80068860161877,-112.05246438110203,-111.78365917601897,-112.7622033197378,-112.76486104372661,-111.87464371986776,-114.02542979354342,56,-112.5186815021564,-112.38355134366871,-115.51087179799431,1.3665835302650937,-0.24971763664951716,0.8865303557809487
HDOK,PLOK,17472,27,27,-112,1,11,2,33,-115.58655464393523,-111.70342769201882,-113.24672672657645,-110.6102297940226,-111.8766007055553,-111.77545603069889,-111.74817498294009,-109.94883519903668,-111.6912737100574,-112.01379943821574,-111.35849640404427,-111.29358980867178,-111.33006203402097,-111.63539675485534,-110.75596299155988,-113.2476615216524,-110.96760902008204,-112.3078588912854,-112.39934974993467,-110.99254189392933,-114.0822447597942,-114.79833422518718,-114.28733664291322,-114.4804998505184,-112.65552445510794,-113.03488594413938,-111.51633354520058,-114.65654790887581,-114.11417548380517,-113.45634560264605,-112.45134316039129,-113.14859120191825,-112.52497574310323,56,-112.47565898535437,-112.3078588912854,-115.58655464393523,1.850504370867182,-0.44783125895539916,-0.5312126821018439
HDOK,PLOK,17472,27,27,-112,1,11,2,33,-115.20442351753313,-111.30196707953293,-111.85301414903633,-110.52491278658034,-114.57462203533719,-113.24631326743149,-111.46936102171767,-112.66579560987057,-112.52576273318782,-112.62196453359059,-110.3715904791705,-112.83662327949095,-111.51873767195377,-111.07794954206159,-114.03770993496042,-113.02792049735211,-111.71150830649505,-112.14212890481666,-111.54447363541158,-113.84044829071509,-112.02890066773337,-112.97405902075194,-112.87750849092915,-112.05890017436748,-112.9620412979143,-111.52843614984184,-112.9346527822397,-112.464760041821,-115.0545941494409,-115.22783102340948,-113.48014007343524,-111.85509045329417,-112.37746100284363,56,-112.6036849274021,-112.52576273318782,-115.22783102340948,1.5121705858191026,-0.5298269986153993,-0.03673432086128914
HDOK,PLOK,17472,27,27,-112,1,11,2,33,-116.12435537366052,-110.6695039965802,-111.99405806850585,-110.71761231911807,-112.50665905629448,-112.97099550209718,-112.95726824631332,-111.81283354094555,-112.04690287546356,-112.50350826039043,-112.11161436671934,-112.2443890014996,-111.39097117509925,-113.69332290092358,-112.26950890729472,-111.65424335253739,-112.44061691640898,-111.9491310822845,-111.48346158393694,-112.65055852327659,-110.92786439221285,-111.40680983882453,-112.80792758610748,-112.04368661158594,-112.4704291234859,-112.37535473301891,-112.3876317929541,-113.54279613129677,-115.27810580187112,-113.22687606583118,-112.57595923678669,-114.32667678605573,-111.37020237296204,56,-112.45247986431343,-112.37535473301891,-116.12435537366052,1.3304984527619665,-1.2938289064181596,2.548618181773142
HDOK,PLOK,17472,27,27,-112,1,11,2,33,-113.86403906867211,-110.00224986190673,-111.43169635034991,-111.02020523694102,-112.94896936042493,-110.4717451062093,-112.48926054819607,-110.45220432239724,-110.40114052188363,-112.12387411520785,-111.84159635615126,-111.89302714408704,-112.78195535587064,-111.91895729111819,-112.2750172046625,-111.85380574670147,-111.2601769907954,-111.27877034071977,-112.4271696209122,-114.18060119525683,-113.29778471296734,-112.74306207154483,-111.63882346782498,-113.72079166717913,-114.05793732307963,-112.69704743862073,-114.15411245376009,-112.73491314034175,-112.58664623834136,-112.17350722775068,-111.50947664864869,-113.82000236127288,-113.66877013460086,56,-112.29452535225447,-112.2750172046625,-114.18060119525683,1.303841046877253,0.08233877146873456,-0.7184184008760357
HDOK,PLOK,17472,27,27,-112,1,11,2,33,-115.46979579987625,-110.4346641336535,-113.16369380448081,-111.7574411703205,-111.1690074912196,-111.00326832285832,-113.4182108785517,-111.77557764949212,-112.05822739088775,-110.62090602210503,-110.56832366018955,-111.03634104464858,-113.44911720075955,-111.4002633508631,-110.62062715609416,-110.87513790975265,-112.22850364103404,-112.88067909372694,-110.51025193663709,-114.28759823095326,-112.01449299816771,-112.87387421847872,-113.25299799594787,-114.72133755278129,-113.31080121383845,-114.33057013352355,-111.66145841239583,-112.69604104778419,-113.60908692434002,-112.31296462719118,-112.98178279758878,-112.68474116979024,-112.61784254769886,56,-112.35744325841304,-112.31296462719118,-115.46979579987625,1.7034458583233492,-0.3482734152447848,-0.49597087892236225
HDOK,PLOK,17472,27,27,-112,1,11,2,33,-115.27158760638308,-112.59183112204035,-112.11916277388227,-111.89042392653197,-114.61048171856464,-113.13023201627635,-112.38987681205785,-112.31376990254958,-111.8825933802355,-112.33253518113197,-111.30504839496002,-111.72894587108553,-113.82480956930515,-111.97816870594588,-112.7971492271718,-110.72247894225588,-110.82052738743116,-111.0823377843128,-112.35299311427146,-113.42261328078614,-111.86710674544385,-112.4011586895414,-111.28348485752444,-112.49912274270186,-113.54998058007806,-114.55143839092423,-113.3928600476185,-112.47123173824454,-112.80299735599274,-112.91573255618879,-113.24476887519651,-110.62972832358855,-112.4490332777619,56,-112.50382457266619,-112.4011586895414,-115.27158760638308,1.1767743457179067,-0.49791090811366856,0.3257278522126783
HDOK,PLOK,17472,27,27,-112,1,11,2,33,-116.11643104100945,-110.9254254299667,-111.55371475935335,-111.1547642815424,-113.31162746728029,-111.66597935289983,-111.26698320372795,-109.74716161328504,-110.71971783021185,-111.49696482807691,-111.31836007861757,-112.33743979727595,-113.3055754026958,-111.99226070095231,-113.4154492325243,-111.49342581033879,-111.73798475189855,-112.25853188667216,-111.14137835705795,-112.14284421488387,-112.44301938139722,-111.74953973688055,-113.29671939380879,-113.53926307579175,-110.84304294301438,-113.08611572358353,-111.62246721277525,-112.61760913206945,-112.96134530175945,-113.33347490227412,-112.94107320075366,-112.53144300903841,-112.61008240880619,56,-112.20233986249166,-112.14284421488387,-116.11643104100945,1.3342374025675465,-0.8922686982158013,2.6610502564735765
HDOK,PLOK,17472,27,27,-112,1,11,2,33,-116.395581083716,-109.45599111923455,-112.15484606018036,-110.53981194016674,-112.82868401882858,-113.93086312306073,-111.42611316843525,-111.03471897373332,-113.15456683839251,-111.69161614333119,-111.91021439316478,-113.46988991488135,-111.28444029683394,-112.94101667468274,-112.58168270013465,-111.04254960213476,-110.62838851834576,-113.59245869704401,-112.3936523868241,-110.58075333410383,-112.82452038680654,-111.62601747459748,-112.23314403772697,-111.70376154437577,-113.41320342815119,-112.28951612196305,-113.13869887462762,-110.76215964857887,-113.9287723874568,-112.04282580504925,-112.22943242326058,-112.49878448095336,-111.91235118640073,56,-112.2315462662781,-112.22943242326058,-116.395581083716,1.6543832678727084,-0.7025514760842284,2.1209678017828035
HDOK,PLOK,17472,27,27,-112,1,11,2,33,-114.91219481737237,-110.34279973393227,-111.11878849093226,-113.42227352751628,-114.09602549731099,-111.81164874330733,-114.05981077595219,-111.85207127612179,-111.78767633382878,-112.04649166033566,-110.41587921907173,-111.91102071893482,-111.6952032721145,-112.90562388108911,-110.9255621640869,-112.06605111807353,-111.51410370240546,-111.97841765019326,-113.27296815445682,-111.84805305213399,-111.83946933399527,-113.98614203026739,-111.3794780173868,-113.8172011791216,-113.48236245634995,-111.72205656085565,-112.56471294479769,-114.13139269825157,-112.31328507575066,-111.9436486808407,-113.38539575270133,-112.11696880409835,-111.50587203158024,56,-112.36880755621716,-111.97841765019326,-114.91219481737237,1.2672929010718028,-0.4240751462473118,-0.5315015888007779
HDOK,PLOK,17472,27,27,-112,1,11,2,33,-115.76758852053393,-109.84663272930415,-111.05902069955945,-112.67968097627454,-112.95120307617388,-112.00196309822738,-110.985954594546,-111.43317534568156,-112.15310131713039,-111.29226444641701,-113.04217650506796,-110.72324991226958,-112.2458825603282,-111.47009549738364,-113.20536945267563,-112.38940422774648,-111.14734909817423,-113.2468357473034,-112.07281468396698,-111.16618087292971,-112.58895738835004,-112.64714130454827,-112.12005464748532,-112.5504303975399,-112.18440077853646,-114.07671799583272,-112.5929594624702,-111.07837138266822,-111.84540861833453,-113.70653548923839,-112.03386815471139,-113.37251002867208,-113.24868279919133,56,-112.2704842972507,-112.18440077853646,-115.76758852053393,1.248448355264053,-0.6415671403107422,1.7292482970589407
HDOK,PLOK,17472,27,27,-112,1,11,2,33,-114.80349831571964,-113.53408949799025,-112.19063153086562,-111.50602852916253,-112.17174094508712,-113.21329969961707,-112.93510529194143,-112.40390616053386,-109.7635671869511,-111.26469552710353,-111.58641850885019,-111.84491441422749,-111.55496193677358,-111.38365294394761,-112.63039733597053,-111.70411967678186,-112.1614137444929,-112.87640016234224,-112.66030662135746,-112.365232645187,-112.93341610436727,-112.7206166694952,-112.02947621685537,-112.44561775745065,-114.053476124297,-111.70192743978545,-114.77178446072774,-112.36643837549298,-112.66858426612048,-111.86596254436904,-113.0529803843467,-114.43945144192602,-112.24718424604067,56,-112.48034232442961,-112.36643837549298,-114.80349831571964,1.0569924023562658,-0.31545556254617885,1.164094231393134
HDOK,PLOK,17472,28,28,-111,3,11,2,33,-110.7941774329406,-110.63733139177681,-113.24645263067319,-113.16135901327223,-113.01954741181927,-113.82987780884295,-112.41154943477152,-114.51968143574194,-113.55450777386802,-113.16181210627252,-113.86769795354013,-113.47613465051981,-113.33627347095224,-112.72342378782335,-114.45976110278183,-113.91499462877152,-114.01033769973648,-112.81673282074685,-114.08755568644456,-112.76974236735998,-113.3515151097981,-112.2099413076027,-113.695386157493,-112.5069782109524,-114.42177267121453,-113.61600778764591,-112.1115442002507,-111.72452241985103,-112.82837635370504,-114.87026590856729,-112.61284872162899,-110.89199720109632,-112.28681567625833,56,-113.0583915859006,-113.16181210627252,-114.87026590856729,1.0742137761780237,0.6352647539923331,0.20285414951638625
HDOK,PLOK,17472,28,28,-111,3,11,2,33,-112.36063994155018,-111.1250125408869,-113.71617332831501,-113.51757312672686,-113.99049975147807,-112.25790554207036,-112.5875924772312,-112.94365454273218,-111.31128748298083,-112.86584117025434,-113.54846854396257,-112.35610740833458,-112.28591820626485,-111.70406888238739,-111.96224720281809,-112.14370987868232,-114.14746846588493,-112.6535324832388,-111.92596375464775,-113.72674996908039,-111.0033680536257,-113.72323305903393,-113.75081680550497,-113.29489528189026,-112.50552840765904,-112.70035686553327,-112.3520178937325,-114.24604549348066,-112.84510263298918,-112.28639387536691,-112.80620797002308,-111.36812335120118,-111.25226248723753,56,-112.64438687505472,-112.5875924772312,-114.24604549348066,0.8089574180129926,0.006930580795807088,-0.8379706733812093
HDOK,PLOK,17472,28,28,-111,3,11,2,33,-109.0519139973679,-111.69195952130373,-114.45373300490557,-112.96147198913515,-112.97967774376093,-111.57484358097551,-111.77183545085764,-112.55061085743692,-113.03498401050156,-112.73566683022611,-113.30116546252691,-112.98295543977703,-111.99286342901817,-112.40720071405046,-111.99396787083404,-112.05883208605233,-113.90115085397017,-114.17474028585107,-112.11218159661178,-113.31730284047167,-110.2989224915239,-112.19577262472127,-111.35640160276347,-112.42843966859344,-114.17353821496539,-114.44188202039693,-112.95817461917355,-112.7931446403103,-112.88997154958471,-113.706877588058,-113.33439644960932,-112.9569073469566,-115.1346991408929,56,-112.71873289464195,-112.88997154958471,-115.1346991408929,1.41529980596869,0.6965302822763969,1.7825798293655013
HDOK,PLOK,17472,28,28,-111,3,11,2,33,-109.80656576069404,-112.32674434526297,-113.97006684290882,-113.0527514247755,-112.6498163542797,-111.0753109998829,-112.93691133067938,-111.72075850991241,-113.36682060160389,-112.3655725647171,-113.59377722987736,-112.10620981773766,-113.28688209211998,-113.44348742320973,-113.43785885587178,-114.18285420784376,-113.66583736999515,-111.18904538556428,-113.52877386339917,-113.64467982833375,-112.16123798584378,-111.58466209319235,-112.65174221138152,-113.3217026296649,-113.81040658124175,-113.41820789801406,-112.93938426810197,-112.43055295682707,-111.46357561988903,-112.2426276361976,-113.01779008014121,-112.90955742931783,-110.99894424769904,56,-112.67579140746003,-112.93691133067938,-114.18285420784376,0.9881330613129162,0.8913576583289345,0.5473625756526412
HDOK,PLOK,17472,28,28,-111,3,11,2,33,-112.22708526191482,-113.56899237322547,-112.50522912626842,-112.69729981469581,-114.35642954542072,-112.48775653160439,-113.68334808812719,-111.38630378381231,-111.94368361768666,-114.06856908567724,-112.40836995379732,-111.77089650241452,-113.92839345639214,-113.590299595219,-114.02291898220443,-111.71299218606255,-111.91253969919784,-112.19131403610281,-113.19287309897516,-112.76766416805911,-112.58869332756136,-112.28202880677587,-112.40746414707978,-113.72675625458115,-112.361793602071,-112.51714888446715,-112.29562073098614,-112.52509077134873,-111.36016086564995,-111.51066733868393,-111.54258462983198,-113.41275054177025,-111.87800019509721,56,-112.63126421220494,-112.48775653160439,-114.35642954542072,0.7057496670683167,-0.4461689510395337,-0.8381851210301479
HDOK,PLOK,17472,28,28,-111,3,11,2,33,-114.26099886967307,-111.80811786023091,-113.89422544793591,-112.32807722381212,-113.3949479182821,-112.2310631575129,-111.40854650402325,-111.61269641608939,-112.38687149268296,-113.98091610076389,-113.16520378811165,-112.964557438325,-115.40924820078801,-114.02865652928988,-112.75252130992699,-113.0208196414151,-113.22305066892996,-112.35435108614234,-113.20770626244374,-113.42005793509888,-111.74254067080304,-112.49082769384478,-113.3106358577443,-111.07933168049426,-115.5554894679715,-111.76726662211976,-112.21176913506979,-112.91321755922635,-112.79893870224008,-112.52015897666556,-111.79955720879468,-110.8742182017651,-113.78889471985732,56,-112.83956001054773,-112.79893870224008,-115.5554894679715,1.1743053178046494,-0.5542741702037406,0.4163721411777148
HDOK,PLOK,17472,28,28,-111,3,11,2,33,-111.38912009914934,-112.32979617304362,-113.00783312503954,-113.25542486059354,-112.96784779407977,-112.07415297480357,-113.4537273502365,-113.01158567995752,-114.77922211136169,-113.25787343943777,-113.99409536520655,-112.99013384560688,-112.78364591216597,-114.06604935568048,-113.38159544749224,-111.88566382994269,-113.02509809474655,-113.94100617430897,-113.2494198516879,-111.09943454221279,-113.44508617754305,-115.16513958953549,-112.59981310937944,-112.5265110882437,-114.02544479550701,-114.80233147376485,-113.40385765474375,-114.10642263710004,-109.88061915941104,-112.2185921379993,-110.46779180748531,-112.60554989698453,-111.13330852439181,56,-112.91888466905584,-113.01158567995752,-115.16513958953549,1.4139059580275053,0.5387845727414542,0.38401446916410764
HDOK,PLOK,17472,28,28,-111,3,11,2,33,-112.09587353076195,-110.71615501274785,-113.66179874039094,-114.2081843333613,-110.14351197311403,-112.21023479050011,-113.76861609812234,-114.41022147096432,-111.26261867022323,-112.28315288862521,-113.37350519940958,-113.74640827475048,-113.10550297566172,-112.39344564857825,-112.8048789402983,-112.6034179855271,-113.74232317558575,-113.11014557768074,-112.51377866025891,-113.02942513531683,-112.98012857833217,-111.33234138656118,-111.78432315482657,-112.81615634074367,-112.0754788215978,-114.07577992706928,-113.02674431746416,-113.01583487606574,-112.16123824632928,-113.37625211791088,-113.31894349501826,-113.39872558727306,-111.34910312255946,56,-112.72406815314031,-112.98012857833217,-114.41022147096432,0.9855305678055053,0.6360970233279333,0.16391016304016182
HDOK,PLOK,17472,28,28,-111,3,11,2,33,-112.0534606074474,-112.37412505899127,-114.25410696642263,-111.32598893921067,-112.6275049286353,-112.31947010191378,-113.66445453706066,-113.15241970512388,-111.79648302610772,-114.38389220843767,-112.41083429728465,-112.68380233726086,-114.07854566664365,-113.266196571684,-113.83007922952936,-113.76733267982037,-111.71254059129997,-112.98792410582254,-113.86541754698314,-114.36780443442834,-114.56735236536946,-111.40129446022792,-111.46805093735853,-112.26105772680147,-113.53052282455404,-113.49565238409139,-113.71424033013983,-112.26019188136772,-113.99733915526994,-112.57190925684968,-113.18226859323045,-114.11409267354902,-111.2680889293663,56,-112.9925589411601,-113.15241970512388,-114.56735236536946,0.9778651729799164,0.19764160450565016,-1.1884614412948644
HDOK,PLOK,17472,28,28,-111,3,11,2,33,-110.24552802584611,-113.66138526256736,-113.93139699380531,-112.32389064151495,-113.3922177439749,-112.28962160199538,-112.80536062677254,-114.20891297595769,-111.73922250615868,-112.88594527785492,-112.22178742097971,-110.75975568705945,-114.89643049850434,-112.60969332602184,-111.77685773890492,-113.25776752925007,-111.8202785072423,-112.09339739990868,-114.17455039664395,-112.80350324296887,-111.39890112530847,-112.58046127501417,-112.91668673017038,-115.01964323145731,-113.32052712134136,-112.78281293166637,-114.30824798156853,-114.54527244811926,-111.6423470027827,-114.16527704553363,-111.55052880467515,-112.54250277247635,-111.74506356696384,56,-112.80047804366697,-112.78281293166637,-115.01964323145731,1.3492207251598802,-0.054545342102527386,-0.49002361014209406
HDOK,PLOK,17472,28,28,-111,3,11,2,33,-110.90244452813832,-111.66497383451829,-115.18992574559583,-112.47031720279485,-113.15676640409603,-113.1979483299029,-113.53010982816164,-113.59140339706376,-112.81449825169935,-112.35607446867708,-114.46295459651313,-112.3077505413663,-112.5834582526695,-114.39296728464036,-114.82933178548625,-113.50246364275061,-113.41207817080917,-111.53033710663698,-111.5220786943451,-112.69348581872072,-113.68031160873322,-112.26027563936596,-112.75507285591473,-113.7219185544066,-114.05663810579766,-112.07927047817161,-112.33205447064665,-114.10836754490589,-112.40910044848077,-112.72146282527129,-111.01153216215889,-112.53273979086761,-112.62110938638607,56,-112.92124914411191,-112.72146282527129,-115.18992574559583,1.0639431509751371,-0.17238687682118936,-0.2906895074284561
HDOK,PLOK,17472,28,28,-111,3,11,2,33,-111.26860789440407,-112.26888884317621,-113.18675793124694,-114.2008769404775,-113.85430446762376,-111.47424407197818,-114.30021477110779,-113.6094507736948,-112.07951737927222,-111.41367819361216,-112.57297635602954,-114.97636870782118,-113.57331609264766,-112.80715106859914,-113.52404552464164,-114.7759105316418,-112.38065451507127,-112.19325013386096,-115.03866766748894,-114.60075784147313,-111.87600565863397,-113.66313906126442,-111.57970519401627,-113.51169089584872,-113.92176303092674,-113.18087709716178,-113.73479210673368,-114.01551408762593,-111.59508886852456,-114.59098234224604,-112.27046398844114,-115.00062034902038,-111.99756851439997,56,-113.18296517880947,-113.51169089584872,-115.03866766748894,1.348607574075956,0.043175826303599736,-1.2490109006706218
HDOK,PLOK,17472,28,28,-111,3,11,2,33,-111.28496566159309,-113.55398264591501,-113.33724618581464,-113.12387196102334,-112.84917797549042,-112.78683721744308,-111.60901877301916,-113.21064294309049,-113.14945883590525,-114.8097711867458,-113.000942292978,-113.02947999650142,-112.54840656905195,-114.68840497435806,-111.13882232265748,-115.32120797832849,-111.34499489565651,-116.47445007675704,-113.49664872690752,-112.21945076094507,-113.53510797348618,-113.57153947461636,-112.19163725948412,-113.28097456945984,-112.1656236568737,-112.92098206580224,-112.4907284348391,-113.81413546857434,-114.03598417933851,-113.37636549949954,-111.51765008223992,-113.40975912640708,-114.15337492676845,56,-113.13459529386577,-113.14945883590525,-116.47445007675704,1.320582014347076,-0.5805007597652647,1.08420255188777
HDOK,PLOK,17472,28,28,-111,3,11,2,33,-110.81439356349274,-110.51695118736687,-112.67107237910939,-112.43442070064908,-112.2193659889313,-112.38891071193876,-113.0785169769554,-110.92602322349606,-113.04703675658821,-112.88252739235166,-113.38235737096416,-112.13731159123105,-113.39416879622503,-112.78407875079391,-114.06818372424999,-112.55702093485796,-113.2563859988362,-113.83665298819086,-113.65075988126533,-113.05653293717373,-112.4637690640369,-112.38890900969658,-113.04490267575235,-113.40723371302184,-111.40350321891293,-113.17904902403917,-111.79158226110418,-111.5794472723343,-111.8294421552775,-113.36562044000678,-112.04290032714945,-113.63968245784439,-112.61579179021655,56,-112.60165167466849,-112.67107237910939,-114.06818372424999,0.7553670413145573,0.6521506070870307,-0.04684605461639313
HDOK,PLOK,17472,28,28,-111,3,11,2,33,-110.65948363466812,-113.8452104329578,-114.13420802502063,-113.94826900755655,-112.87132817629998,-112.51579414278753,-111.36291127571873,-111.94222970048118,-111.44815768209435,-112.20105140050154,-113.84975589465213,-114.50972175394371,-111.18553705494757,-113.21875938702439,-112.3095247867438,-114.03758116382559,-113.71958250163937,-114.45964036884595,-112.19325241059427,-113.64162828948103,-113.10056808451506,-112.71163611154876,-112.20595181041472,-114.68355702068206,-113.56925299405088,-112.74334429423395,-112.88729544540412,-114.67341992372174,-112.7076504055377,-112.1649705556337,-112.16449841509217,-111.81046252236249,-111.88778417711228,56,-112.88981875303314,-112.74334429423395,-114.68355702068206,1.1385915357759053,0.011087730140771529,-0.8694723187384783
HDOK,PLOK,17472,28,28,-111,3,11,2,33,-109.38750814050603,-113.3651025009002,-113.59014331765371,-112.6465567424649,-113.82254847340609,-114.69824231698549,-112.41200023758212,-113.69260300689741,-114.12037986251683,-111.21800172157353,-111.88241452967067,-114.28192029033598,-113.78522843331041,-113.62703204125573,-113.754598329802,-113.1420479672914,-112.82580237179413,-113.41351251464079,-113.13454370815742,-113.38173086872186,-112.06144584202922,-111.83842337842778,-112.94817814629317,-113.15726336962342,-111.89611244744238,-111.32106976279562,-112.69520666942847,-113.99402792798557,-111.87641667022731,-113.6901122350674,-111.06843226216232,-112.9034638353632,-111.58945055345046,56,-112.82489455987158,-113.13454370815742,-114.69824231698549,1.2473617413698301,0.9216959626794956,1.0990792208434805
HDOK,PLOK,17472,28,28,-111,3,11,2,33,-113.85017203378742,-111.2857098087267,-113.68131394727831,-114.34204587892515,-111.73085047164263,-111.8583610368966,-112.79459474591752,-111.59802822514264,-113.50759525073262,-113.29904077275962,-114.12226572809072,-112.89939708205706,-113.53724140122542,-114.44748893615227,-111.72270341940147,-116.12744460197023,-112.59090879823577,-114.39116168200263,-114.42553023965935,-112.19315448421655,-113.55915864171247,-111.9719153348756,-114.30617219500931,-112.78152533702851,-111.32337948671936,-112.3405707320061,-113.2458050829097,-113.53013126346659,-110.09027998410171,-113.5709395985222,-112.2392857618769,-111.27304031301612,-112.39642386573693,56,-112.94041321641825,-112.89939708205706,-116.12744460197023,1.5260259355103403,-0.09254372119583275,0.15630251359860337
HDOK,PLOK,17472,28,28,-111,3,11,2,33,-109.87414595695505,-111.30650862607212,-115.17830281409796,-114.0057472884003,-112.28969054237503,-110.30789869726358,-112.61174011985126,-111.91858715264173,-112.91148567418807,-112.76308258624091,-112.25626277072887,-114.76204032455074,-113.01994106085698,-113.74579275299956,-112.62991109826785,-113.04552284824277,-111.07133870986664,-113.7056771375966,-113.30068762814639,-114.78431227420499,-111.94208132318536,-112.86012672553058,-113.88471809353267,-114.26467837493036,-114.74102139058341,-113.54161209961336,-111.60536702153763,-113.18495201187874,-112.8570221679732,-112.8185570960504,-111.53328405461554,-113.36938656336739,-112.92783121840426,56,-112.87937315771971,-112.91148567418807,-115.17830281409796,1.5172027464974915,0.36753629763844853,0.134697849135053
HDOK,PLOK,17472,28,28,-111,3,11,2,33,-111.32740978277036,-112.31575300922833,-112.91094577605485,-115.36473118365573,-110.31603970953729,-113.1456487778832,-113.89711963003413,-113.45314969759693,-113.60199692564038,-110.96230490542645,-110.77952768036535,-112.26630821132414,-112.9020151760537,-113.2555143305574,-111.57404298699424,-113.87304473274553,-110.56659891973464,-113.8544164733121,-112.17953008455281,-112.40594579225515,-113.4183409974311,-111.22798076986304,-111.45402904465575,-113.41502240243662,-113.96463145072508,-113.97492817870864,-112.88293438959302,-111.37157584752956,-113.17069913190608,-114.70715259089927,-111.65670883234382,-114.34774871628066,-112.43164692857717,56,-112.69622554747492,-112.9020151760537,-115.36473118365573,1.572667833725559,0.08395588860385277,-0.737458712854234
HDOK,PLOK,17472,28,28,-111,3,11,2,33,-109.89293598289953,-111.55189770204113,-111.92135510994397,-113.77885540160351,-114.00130365157723,-113.00657658304637,-112.10341671315759,-111.05117146197371,-114.3312968777895,-113.45880836446152,-112.96477034713381,-111.52341744612244,-112.19344975328691,-112.50968645699304,-112.11896467027329,-111.83221093801066,-113.16640653877445,-113.8118066285958,-114.49371120213449,-111.38368848347983,-114.47635871218057,-112.57584631154494,-113.60394269860666,-113.36827409692516,-113.61153976872934,-111.68439499083941,-112.30800901806406,-111.7574854346328,-113.68623962924109,-111.79910831837532,-113.0277368307216,-112.36689456989967,-113.9707304743723,56,-112.7070391262858,-112.57584631154494,-114.49371120213449,1.1897921302908587,0.27564331352177424,-0.32592309923828866
HDOK,PLOK,17472,29,29,-111,2,11,2,33,-112.28132973691933,-111.87047040559021,-113.27845557789784,-114.82310294654079,-112.73490147982344,-114.54837365672222,-112.49234345861906,-112.72866060602358,-113.4502092605179,-114.05399435576852,-112.97890117667107,-113.51918408921986,-113.51238636821313,-114.02273577083514,-112.81722798420678,-113.06567281015121,-112.2198823337091,-112.76458354296054,-114.28223942126192,-112.33312965482595,-111.34482408071685,-112.48515407683156,-112.84534096381068,-114.37097556886812,-112.58742937484615,-113.35205424550483,-113.04916499224225,-113.02572840196943,-112.44144251555873,-111.45668581098036,-114.05988535916538,-112.72123519132211,-113.07001782997139,56,-113.04811281964442,-112.97890117667107,-114.82310294654079,0.6880038454513522,-0.20316765396470238,-0.177695493683939
HDOK,PLOK,17472,29,29,-111,2,11,2,33,-113.17529908752674,-111.48356744573918,-112.59960821442264,-113.36745896383303,-111.97225791966395,-111.59164382259709,-115.05405558386168,-112.541806190055,-114.9542708179793,-113.75874896856095,-113.96212535002391,-114.07349071280478,-112.79678675614528,-111.71462172032022,-111.89080449072655,-112.23499016051048,-111.95057101000604,-111.86318796458698,-115.1467807244173,-114.46229736051764,-113.71673182400676,-111.6065173592373,-113.19710543020645,-113.45620306465928,-112.72636836885609,-112.49916078807865,-113.58596088227634,-113.8329082469699,-112.73268845950574,-111.2070122367995,-112.20482105616561,-113.93024512624257,-112.61028412075316,56,-112.96667818872899,-112.73268845950574,-115.1467807244173,1.1570148889311374,-0.3662695878901247,-0.7468921900231775
HDOK,PLOK,17472,29,29,-111,2,11,2,33,-112.46139393725929,-111.27504390592483,-112.54806735227906,-113.24390008266492,-111.08257096674723,-111.38838009879619,-111.17744719174468,-113.95915209498152,-112.77935956207102,-112.6826589120676,-111.58078610664231,-110.79511749109011,-112.97511496234671,-112.93451550659691,-113.73346943821299,-113.70332696755561,-113.93171951211335,-112.2256984016902,-111.91789754248673,-112.85939164422554,-113.51020013770459,-112.58257092912162,-110.09160969116796,-111.70533508944966,-113.68179319808883,-113.78183328958437,-112.8002269285532,-113.69301679274359,-113.58885187324056,-113.22142615766705,-113.12721853498583,-113.52200198153393,-113.58350406750229,56,-112.6710484954194,-112.85939164422554,-113.95915209498152,1.0419865046936219,0.7616274645102471,-0.3262400128335199
HDOK,PLOK,17472,29,29,-111,2,11,2,33,-113.3120299284197,-111.8157355558956,-114.49352307363858,-113.66113979589989,-112.2026851077918,-112.98146339416466,-112.9657593117457,-115.03384789406029,-114.2750417573352,-113.9152832060909,-111.84927810871186,-110.79339827981084,-112.76799727664769,-112.66949851202489,-111.53670897157855,-111.61536321878081,-113.1780461332062,-112.69417000861755,-112.13879198077261,-114.07945303903361,-114.0744082559644,-114.26492324436822,-112.15415522101578,-112.26393659514567,-112.07767460995333,-111.56256767397214,-114.71062043675258,-111.96716551969574,-114.42495405918044,-112.10717552686563,-113.32087565496113,-113.7555264613433,-113.52580956188774,56,-112.97542446591919,-112.9657593117457,-115.03384789406029,1.1676099317839823,-0.0823182931911428,-1.0044385151064494
HDOK,PLOK,17472,29,29,-111,2,11,2,33,-114.18376663173976,-112.20080055007794,-112.52352689337505,-112.55910281918248,-112.63202186842258,-112.69358737051805,-112.89365834371758,-115.04681494078477,-111.90935111415085,-113.60343405822755,-112.76062373892002,-111.44999870197135,-114.31200724686315,-112.45730801358289,-111.4540338986173,-112.90115757613458,-112.38371663545728,-112.3402553163953,-113.3480422658139,-114.64875333394576,-111.90361298892309,-113.9634924104952,-113.63410887279034,-111.60032435112655,-113.06977592536055,-111.98158981491622,-113.09097841706377,-112.29602305703646,-112.1721351458188,-113.43799258204494,-113.9595679117085,-112.86282630639828,-112.59877629955716,56,-112.87494440609511,-112.69358737051805,-115.04681494078477,0.8022525910549454,-0.5771345564016996,-0.16854024117571198
HDOK,PLOK,17472,29,29,-111,2,11,2,33,-112.51773752028109,-112.79214299627807,-113.35917078748342,-112.7361551544394,-113.35671109537343,-113.55833506175433,-112.78196451947245,-112.35664954025424,-111.86752324281449,-113.74405561241963,-111.23021391883492,-112.10970082114424,-112.37333688165315,-112.02087355607054,-111.7691146710652,-113.08348030957717,-114.40204608324615,-112.08485176305703,-112.5281776236031,-113.42499449576869,-112.80727581223199,-113.92474657950298,-113.97234183983537,-113.5635291852656,-113.93986421333105,-112.95777159336012,-113.4394214653534,-113.77156678361811,-111.64200723979434,-111.41892868212082,-112.1452092150236,-113.96332319035372,-111.02930949218202,56,-112.80825851353222,-112.79214299627807,-114.40204608324615,0.7793165453030232,0.1886640082634618,-0.9131233124080786
HDOK,PLOK,17472,29,29,-111,2,11,2,33,-114.22404000765268,-114.22963110012425,-113.0962750943246,-113.5535000753267,-112.62232376861708,-113.86660101936705,-113.04568715077887,-111.87329946591964,-112.95280583167437,-112.34116121230308,-113.97607794445179,-112.9729588710545,-112.77424002996536,-111.9580407650167,-112.89950356908312,-114.68527087330278,-112.33748289175084,-112.64854939102867,-112.6737983168927,-112.29221288940555,-113.67278225105738,-113.01209435200484,-113.78857723276998,-112.12078488215427,-110.78911711437246,-111.95201194302474,-113.01296150251761,-112.53886832272833,-113.49657798808038,-113.1932522491806,-115.8369711091407,-112.8010785173082,-114.13607619781283,56,-113.07195799788464,-112.9729588710545,-115.8369711091407,0.8962420422098031,-0.4746061408450258,1.3709094595224314
HDOK,PLOK,17472,29,29,-111,2,11,2,33,-113.14752739122305,-114.44718645193582,-112.89026699149903,-112.64924614351247,-113.39285190843722,-112.44232782123827,-113.90603832464433,-113.44891444338559,-114.93655591641196,-115.47972155196136,-114.17205151321578,-111.23991472092605,-112.23643875200396,-111.93228301700479,-111.03635810669363,-113.01113691481328,-111.38029194869864,-112.59552017502571,-112.2748648167868,-112.96626131666994,-113.6280574940943,-112.75901216499845,-112.5584216963884,-110.21452925649389,-115.28386515788564,-112.7888515333299,-114.22263256899207,-112.71024046463201,-113.21695209496038,-111.11776166988523,-112.93114042626517,-112.06109949249498,-113.92974032394449,56,-112.93963825971068,-112.89026699149903,-115.47972155196136,1.4384552188209963,-0.048077734240484025,0.0515794881916003
HDOK,PLOK,17472,29,29,-111,2,11,2,33,-115.10859586284927,-112.00549740579812,-114.25580826519725,-113.4955742057998,-112.6878224487372,-111.55607723895693,-112.51748104892026,-113.27108956251934,-113.44280496872601,-114.98259770175756,-112.41006058404218,-112.85242411232635,-113.95062551324071,-113.32215038505196,-110.968183536242,-112.42701268028442,-114.00615844420297,-111.32331617862658,-111.64551914553192,-111.951022400498,-113.22138158991426,-111.98885304354756,-114.35663071901904,-112.73844962923883,-113.17086548678759,-113.21132947819282,-114.50850511996335,-114.40743134422942,-112.2865256421639,-113.08100904295111,-113.48088696250409,-112.57935801847592,-113.44190585201675,56,-113.05008950358526,-113.17086548678759,-115.10859586284927,1.0549288411293685,-0.06537956866663419,-0.5076209234518885
HDOK,PLOK,17472,29,29,-111,2,11,2,33,-112.44013930078214,-113.03556839525872,-113.34572265327873,-110.10743183114162,-110.76366872847522,-113.60707293736576,-113.81405567588804,-113.12964262253875,-112.7961077335999,-110.97245592417829,-113.94181936684083,-112.61021246503952,-112.40228431664912,-112.99569360481333,-113.36385514777376,-112.3904986356734,-113.28341571325025,-111.09437030734266,-112.28658248037131,-112.54483305332515,-112.86063230707536,-112.89459802003007,-112.45187732843515,-113.84556639297901,-113.97181620978918,-114.69672031859889,-113.78198387032042,-112.6378935189044,-112.84532499611375,-111.27435975024987,-113.63072479807418,-114.03028985261156,-112.99381903792222,56,-112.81336476650577,-112.89459802003007,-114.69672031859889,1.0380121879498723,0.8351376566389462,0.6307723888834214
HDOK,PLOK,17472,29,29,-111,2,11,2,33,-116.27184602303362,-111.17864203843548,-114.20256360436538,-113.67045106222676,-111.58767402539951,-111.73930138169163,-114.07513662598578,-113.06630388863344,-113.01853128470138,-112.64029673321505,-112.9131099266958,-114.31129355286444,-110.8941347925139,-113.71958283922133,-113.44461756892818,-113.44947088551407,-113.25869749572264,-110.46127369710375,-113.31997985865256,-113.72056238852176,-113.09586599234751,-114.54735422175284,-112.2449892847811,-114.47992906589133,-112.28104474481125,-114.73145375140365,-114.11880603508622,-113.1380420029368,-112.81105548533856,-113.1199544234368,-112.03158582041883,-111.92731662798614,-111.74753879227703,56,-113.06722442187561,-113.1199544234368,-116.27184602303362,1.4700714048141164,-0.06701876094462102,0.3805461894011333
HDOK,PLOK,17472,29,29,-111,2,11,2,33,-113.44420545555015,-112.32555937144157,-114.62341459410608,-112.45576836928483,-113.99089038501553,-113.74123059428636,-114.71697660454794,-113.57774608708354,-114.29105689302757,-111.63064023448251,-112.47822209351932,-112.33830210555776,-112.31981451923276,-112.32581126467566,-113.14609938831371,-112.31061104463492,-113.31964832065879,-112.20887755704095,-114.73928987816466,-113.45709159451194,-112.60513708280315,-112.35108795161345,-113.13929910045577,-112.42532675462519,-113.53059034620877,-112.8518891297297,-112.10158381960099,-109.93428850190114,-112.12388496362574,-114.23931784198979,-112.45026085599868,-114.44568268926726,-111.87237431558954,56,-112.95490847601654,-112.60513708280315,-114.73928987816466,1.0715425326202905,0.25319146565347156,0.7268191120898382
HDOK,PLOK,17472,29,29,-111,2,11,2,33,-114.14193193061459,-112.27658588498905,-113.83733531499624,-113.60828315216101,-111.55309401817692,-113.48197643956047,-113.46664979807558,-110.6562226920199,-113.14948660694965,-111.57196196908043,-112.8014882018529,-114.93167789712159,-112.47792822194492,-110.99470790830141,-111.9965982731081,-113.82130932548648,-113.61763637734062,-111.61714161642132,-113.59902267993206,-112.5459667049323,-111.78966395268696,-112.18659572447821,-114.05317896420993,-113.72075280472501,-115.08329062912586,-112.25868129032398,-112.8750307247494,-114.6526702700347,-115.85459769787268,-110.0977750712229,-113.18501909512779,-111.61686964482337,-113.2811863227139,56,-112.93340355167152,-113.14948660694965,-115.85459769787268,1.680154115019495,0.011128568079667443,-0.20065563613182436
HDOK,PLOK,17472,29,29,-111,2,11,2,33,-114.86233588430522,-112.582827750724,-112.6011354591645,-112.03206272628701,-113.07687012928456,-112.6668070343301,-113.28376583564935,-112.24584334518211,-112.74864653904122,-113.26692247659568,-114.35338608665597,-112.74617948032186,-112.5847462916147,-113.3181006228383,-113.0211920551613,-112.27193359271513,-112.60129860221689,-111.98821730297138,-113.10294814983165,-112.92210297581853,-111.58636129754129,-111.52157290067387,-111.26359504920764,-111.75441327609157,-113.32054016596534,-112.09418281961473,-112.03298465396294,-112.09313594799536,-112.47087358111638,-110.93967640102261,-114.17015916129434,-112.3674275331983,-112.28653457515536,56,-112.61147817283484,-112.5847462916147,-114.86233588430522,0.6906677421953742,-0.6045267245782796,0.8990339288141276
HDOK,PLOK,17472,29,29,-111,2,11,2,33,-112.28395354434183,-112.78068241889008,-112.86640985886375,-114.43514821104247,-114.97004690818913,-112.81839451028868,-113.87282835449717,-112.68061239023832,-112.44651902439935,-112.6660570912608,-113.9480626933351,-113.31027612004705,-113.87876597001251,-112.16864113790254,-112.93191173835514,-112.92530282495638,-113.81382302378083,-113.48017565236498,-114.14525946755516,-112.90662165055305,-112.16913389736555,-113.41905972303111,-113.25207870530527,-112.74807126686795,-114.37768462467415,-112.58228315694711,-114.06338193341111,-113.4591402407674,-112.46773395261675,-112.29124211534072,-113.91575469323011,-113.58150517984286,-112.44085127709363,56,-113.21507313204144,-112.93191173835514,-114.97004690818913,0.5355040201123893,-0.45973775394375493,-0.6777687565492077
HDOK,PLOK,17472,29,29,-111,2,11,2,33,-114.24645573536415,-112.24927636499068,-113.36167525967714,-112.64619192373712,-113.81977865058126,-113.48215834422632,-113.01728414295599,-113.57438625755877,-112.21093552906392,-113.15840936942628,-111.50125524448546,-113.23668049357482,-111.68225581357551,-112.42865217629759,-113.93020453021352,-113.36611504452524,-114.38880980387475,-113.32947860376348,-114.27037603934458,-111.23425274805956,-113.06917861249767,-114.01292256666855,-113.02933261907205,-111.96315101554504,-112.26275927147591,-111.95095587473341,-113.1254357129654,-112.66710977896953,-114.1445611364763,-110.81138733740235,-111.56121915624739,-113.96578326932266,-111.56404189191599,56,-112.88674152480571,-113.06917861249767,-114.38880980387475,0.9396372287751283,0.31168014306414143,-0.8894167720243162
HDOK,PLOK,17472,29,29,-111,2,11,2,33,-113.6480826743307,-112.62957228610952,-114.09483190084887,-114.3458608545692,-112.8688328359192,-112.6172280311862,-114.38944426956513,-113.26353428561896,-111.55314956800503,-114.40512551589751,-112.84739869370438,-113.27223513623608,-111.49914496696482,-113.50267703447622,-111.4304004099732,-111.77007873041845,-110.88851838992693,-112.833988202454,-112.79083928368901,-112.06845084228563,-114.67793551325802,-111.78676844044402,-114.33396823350513,-113.21946936611826,-112.42993540575286,-110.45944826940601,-113.47356594383491,-112.80100709188564,-113.46936251865317,-113.47271721039725,-114.92627883574852,-112.7032560337727,-111.55992418237511,56,-112.91009184719184,-112.84739869370438,-114.92627883574852,1.2419048323957358,0.19695252156024434,-0.5619724925115155
HDOK,PLOK,17472,29,29,-111,2,11,2,33,-112.96006690248178,-112.13072918300986,-112.19007498707589,-113.17856383919977,-112.50407618680947,-113.04095733266793,-113.91124263803376,-113.04547004256301,-112.57885974645943,-112.25456567579883,-113.59369557761605,-112.05405652267247,-112.67211351292914,-112.32795425187246,-113.52352172125062,-114.6087176382139,-112.48165394863423,-112.32038091879724,-112.51174497016474,-111.79662893490153,-111.80697701241549,-112.96337171706318,-111.68961009154457,-114.12023483640188,-113.0176628463636,-113.24471746610072,-111.75523753382706,-114.69604204135345,-113.28335939495558,-112.6910269613543,-113.55346102018713,-113.90101333965787,-112.17349573418082,56,-112.86609953110779,-112.6910269613543,-114.69604204135345,0.6246043018830093,-0.585149124805986,-0.2544712623222263
HDOK,PLOK,17472,29,29,-111,2,11,2,33,-113.27315414474945,-111.8787174501942,-113.51037824474156,-112.8344450549553,-113.54079138952464,-114.4804892577274,-111.9433480454807,-112.66114911173895,-112.38283614548112,-113.93899359899294,-113.94694840213221,-112.43360884664318,-111.88595616054442,-111.15670240439616,-113.91017407156042,-113.67688753464108,-112.69361875314398,-111.15765064846619,-112.56673513246928,-112.95035276028378,-110.85189748740726,-113.03630890698516,-112.5264738999079,-113.37444651409926,-113.24183360285913,-112.83567922304718,-113.69497965536542,-113.11164128179743,-112.92223473500111,-114.12695751211524,-113.57706210700145,-112.93957654729272,-111.97444896504473,56,-112.87989326047851,-112.93957654729272,-114.4804892577274,0.7626894997360898,0.5107776497219849,-0.11708545302177864
HDOK,PLOK,17472,29,29,-111,2,11,2,33,-114.04371053144524,-113.3659330171333,-112.63279761014954,-113.28587331290655,-113.27785467199708,-113.22346982246621,-113.74943691554547,-112.98548157494,-115.01578137742405,-114.98879183463696,-113.4488904147238,-112.54131416493406,-112.34351693849119,-112.70528069311656,-114.41774496152898,-113.25323063168334,-114.05043654823508,-112.80948409467958,-114.70296402890035,-112.10895414664971,-110.85902080822257,-112.36058620126619,-113.05575190960238,-114.218163101979,-112.32583596101968,-112.89022277987377,-111.81733152511966,-114.90722415350619,-112.62089001260428,-113.94953024128817,-113.43387514864368,-112.35717941668639,-114.13993085360431,56,-113.2692875577274,-113.25323063168334,-115.01578137742405,0.9248708262346877,0.0317349714563718,-0.09962107954079658
HDOK,PLOK,17472,30,30,-112,1,11,2,33,-114.36982957995423,-112.75015446807706,-114.58438591929882,-114.50945926202569,-115.47250560211015,-115.28443175071718,-113.31624280471719,-113.44518041698069,-114.10548405807239,-114.95827409143376,-113.03221149866957,-114.97845518038679,-116.42531110420717,-114.26892209545444,-113.67148084390242,-111.9257681789023,-112.42983121956154,-112.88758776863199,-113.08459395058055,-114.0802056231503,-114.21726341568001,-113.7829429205025,-112.2280614854032,-113.29633246541526,-111.09117489036164,-111.55747521815414,-112.93357663172529,-112.62425049259198,-114.18356759976538,-112.55493697744718,-113.09168978142681,-113.81958749750454,-113.36536047963382,56,-113.58565258401352,-113.44518041698069,-116.42531110420717,1.3191482773140015,-0.14673457283896427,0.11150764976055338
HDOK,PLOK,17472,30,30,-112,1,11,2,33,-113.38913831286091,-113.99566974717736,-113.758598364624,-115.21424234711057,-113.12533373097601,-116.45158018835808,-114.41923450835569,-116.12163441385552,-113.9150479251423,-114.09924708392309,-112.76675836758825,-115.20386267422184,-115.48472548345974,-114.4066045553694,-111.67938399930334,-114.13685568711836,-112.76744175246739,-113.1420642808326,-114.4120144164179,-112.51405903594934,-112.0030241632742,-112.0531393063698,-112.4713423927185,-112.49342519283567,-112.9202718861359,-112.3698686845172,-112.16165828265561,-113.88478223305785,-110.73082539931104,-112.26206962731676,-113.3596447011051,-114.56994784960669,-112.92867748486877,56,-113.49127800239044,-113.3596447011051,-116.45158018835808,1.6788803492046243,-0.3431811414839576,-0.1511011304997858
HDOK,PLOK,17472,30,30,-112,1,11,2,33,-114.2385322136638,-113.11939177374911,-114.58941814830627,-115.26275089822842,-115.23695750724633,-114.93149913364425,-114.65880197144695,-113.75821975162393,-113.32863557359727,-114.9220063528184,-115.05252789425315,-112.76491613926306,-112.71488058190145,-115.30524808264627,-112.32271172663621,-113.61265998242062,-115.02603606639892,-113.41699208729351,-111.74794419321601,-111.53547705620447,-112.58992887002296,-113.93129821904617,-113.01261089799985,-111.87300627092193,-114.9635426513774,-112.73925391777261,-113.55306653449833,-113.17375164263166,-112.91946376054831,-112.46343779940102,-113.21486847371214,-114.64419076151339,-111.59910878754357,56,-113.58251926428935,-113.41699208729351,-115.30524808264627,1.3309250433637418,0.05354711781708407,-1.1584184093932524
HDOK,PLOK,17472,30,30,-112,1,11,2,33,-112.95342727692156,-112.1918242883297,-116.46677969695378,-113.38738018320953,-116.89870040008779,-115.04824556048806,-113.56621392250825,-113.76224985359153,-114.73700057731659,-113.59607806213384,-114.20985218683506,-113.54109215601007,-114.9031446088102,-115.17254893201203,-114.63015718248175,-113.30817970888478,-114.9399515051726,-113.7591443665459,-112.91103948181593,-114.79098138835046,-112.09956523633959,-113.18526168242555,-113.76443195333387,-113.11132202624394,-114.12287778298378,-113.2432128544371,-112.69179580355275,-111.34295994492267,-114.4729595215646,-113.13000283317267,-115.38159009148823,-112.94766200441704,-114.44705378179286,56,-113.90044505621617,-113.7591443665459,-116.89870040008779,1.3848688904559898,-0.40565905931486507,0.488127683445609
HDOK,PLOK,17472,30,30,-112,1,11,2,33,-115.78194337097662,-113.34555204422729,-114.42898108195931,-115.15977810962565,-117.0937652612554,-115.3085393489588,-114.47426542487938,-113.18815155164351,-115.04499604767611,-115.33064951767432,-113.78242002334252,-112.40608959039677,-114.13565129073702,-111.17918919184586,-114.24148409205573,-111.48904403037564,-114.21992687177612,-113.2027645723047,-113.71163737150094,-113.6172274189607,-113.71298810154887,-113.01504920370104,-112.14862221900799,-113.6889336221671,-112.66026819313808,-113.96288244307154,-114.0925071636549,-112.68497947845569,-115.04686220492944,-113.16805343064827,-112.17349303200224,-113.67326761208487,-112.40336909851112,56,-113.7446464246998,-113.71163737150094,-117.0937652612554,1.5679549557037873,-0.2842597251358923,0.40595628721249133
HDOK,PLOK,17472,30,30,-112,1,11,2,33,-113.86483843693452,-113.99523814603701,-114.19531661819946,-116.80058243715445,-113.67905699440755,-112.9386974362487,-112.4840353232319,-115.78549465370416,-116.09907416633361,-113.60812386678916,-114.65292220262833,-112.8071643747596,-113.41611210534185,-114.64979051466628,-112.84498022561877,-111.60958562578149,-114.67652604833795,-112.53673836327245,-113.5547438424167,-111.90865942106457,-113.04327340015112,-112.67007006506293,-113.66304312284853,-113.80543647307353,-112.62404123070611,-112.05594685259828,-114.56135588436351,-113.03283931114089,-112.94896297763101,-113.81692209232001,-112.95756195766046,-111.27967599106258,-113.47614144802351,56,-113.5164530790779,-113.47614144802351,-116.80058243715445,1.452975149280391,-0.7308417615453303,0.8529914493426074
HDOK,PLOK,17472,30,30,-112,1,11,2,33,-113.74806104121319,-112.23471541428579,-115.42699545310738,-115.55431391710697,-113.79673016232518,-115.02381475355108,-114.07398270233148,-114.49798248486064,-113.5651415510311,-113.41695594242015,-114.58391167266649,-112.95635529358596,-114.70560866041531,-112.62540033446504,-113.047888392977,-113.8507114791782,-113.81300418493879,-112.7477492410272,-112.45696082952749,-114.80813163601492,-112.8532074567439,-112.97084979406625,-112.68924039217899,-113.14726041672084,-111.80576595660582,-112.96729171440002,-114.0401730946717,-112.90739289186743,-111.85172146491604,-115.15239861705162,-112.56784930473225,-113.66211412369412,-116.21991662550104,56,-113.62938172727813,-113.5651415510311,-116.21991662550104,1.1905178751013548,-0.474075910421878,-0.4294568494769977
HDOK,PLOK,17472,30,30,-112,1,11,2,33,-114.046021218568,-111.91806324872384,-115.3199779009999,-115.18890086828556,-116.14207758396785,-113.36914185608036,-115.43682151254556,-115.47761320712794,-115.05038366722974,-114.95726481213532,-112.75620048167994,-114.21461563896054,-112.95583739273212,-112.89787510100992,-112.78616157563279,-114.63612857802205,-113.78671875086575,-114.35752991242849,-113.80755996210756,-113.84189759668467,-110.8238887569465,-114.70318811070236,-113.1706153848422,-114.01988797460234,-111.17771378530549,-112.150954683639,-111.76817087320944,-112.35371590757688,-112.7100541327116,-112.53058394978981,-112.08392075750162,-113.7028175849054,-111.25166966153519,56,-113.4967870433047,-113.7028175849054,-116.14207758396785,1.875260221415528,0.06544087187791699,-0.8385062806365005
HDOK,PLOK,17472,30,30,-112,1,11,2,33,-114.00208944805337,-112.6158328967581,-114.6337616319091,-115.7944470865226,-115.46338095535799,-114.86620679254094,-113.78040060819148,-113.93071156087069,-112.1380336382727,-114.1337999303922,-112.4112457778652,-113.7408938791183,-114.34903785558734,-112.48459035923511,-114.54905057857609,-112.80978144962047,-112.36094965366337,-113.77371435041732,-114.68644011146664,-113.07900329186974,-112.80884308942126,-112.27088916277003,-113.40754442314078,-113.47050584233219,-113.58697589991061,-110.15094169987175,-112.86728547711466,-112.49557391724024,-112.26745233438298,-113.00338455310074,-113.74317819352865,-112.69020705179298,-112.40879574054635,56,-113.35681664368008,-113.40754442314078,-115.7944470865226,1.2418505941444555,0.15964760061128785,0.945636365404201
HDOK,PLOK,17472,30,30,-112,1,11,2,33,-115.3593171102632,-112.15735795426922,-114.7477915107483,-115.70236576240491,-114.82539135168794,-113.29885340706379,-113.90588956740444,-115.06869767462996,-114.1822232383134,-114.37053280245765,-113.63210667622025,-114.72155772502957,-112.92493678202366,-115.6820144546035,-112.93365473000965,-114.51321600043028,-113.71896361228085,-111.93515262645295,-113.94242250617188,-114.72112244490835,-112.29131613639372,-112.22586765486167,-112.68499010847778,-112.9944970484237,-113.05277998691815,-113.53969415475565,-112.093885704434,-114.27787677289396,-115.16668579063861,-112.95369505652785,-112.60637078497484,-111.78755376461856,-113.00154988791381,56,-113.66728275118808,-113.63210667622025,-115.70236576240491,1.2838125684350619,-0.11167497891224382,-1.1163575738897045
HDOK,PLOK,17472,30,30,-112,1,11,2,33,-113.93630274761716,-112.71988967591606,-117.24488716794538,-115.43225298747086,-115.29347457793736,-114.13412843703419,-114.5130537197136,-114.03266625488554,-112.79576502821139,-112.27768381963816,-114.09067822873169,-114.76527075909623,-116.25507186356529,-114.13754617506835,-115.00423097203041,-112.71364314172172,-114.3723944646312,-112.29108669300757,-114.58557010476508,-112.01547796306664,-112.42442620852901,-114.4975951122796,-112.79459002349496,-113.47069294131802,-113.37720062341076,-110.78088705170468,-112.59213973811342,-112.02721671281354,-113.39177284573806,-112.69270505270877,-113.58584526165284,-112.48662210508942,-115.28470236553196,56,-113.69749911589209,-113.58584526165284,-117.24488716794538,1.835035097046212,-0.3953531528609158,0.230561063259906
HDOK,PLOK,17472,30,30,-112,1,11,2,33,-113.52631191636881,-111.81672747885445,-113.62916855091376,-115.80018126872726,-116.00128307387608,-113.78562603958325,-114.78356178936842,-114.34359775982799,-113.44289488836357,-115.38176158627006,-113.96928301704779,-114.8946815156533,-112.8728605475308,-112.75604598744333,-113.39527024361014,-113.88014441464065,-113.82573526090941,-113.92436206624232,-114.23197584575941,-115.0060898924938,-112.28138106573064,-113.99392847659156,-112.24169844518974,-113.50651112050572,-112.68144435357799,-113.74870150488877,-110.60736328291503,-113.53116985107569,-112.0675182535303,-112.8393180965757,-111.66931102204545,-113.25522803857099,-113.27423531367089,56,-113.54440521116224,-113.53116985107569,-116.00128307387608,1.3648270726235217,0.10411811797858694,0.35070766727615954
HDOK,PLOK,17472,30,30,-112,1,11,2,33,-114.39524111048885,-113.33350267687652,-115.54585536575192,-113.74982332088523,-114.76502495466941,-114.39160928805184,-115.7992523726874,-115.0114844152072,-115.2578224695082,-114.8646578283481,-114.55468569842833,-113.20514197482255,-113.56560901453986,-114.25562189612658,-114.24266601882731,-112.41463500974038,-114.28681356922326,-112.30888794205457,-113.88471337446424,-111.69694302083818,-113.60463235002472,-113.76919565673533,-113.53353740835823,-114.01063254085442,-112.98916179783413,-113.11513837128376,-111.56054690684532,-113.82386824167422,-113.74383252171025,-114.55661911957789,-112.09884228845063,-114.46817661221941,-112.59166660192028,56,-113.79987399209178,-113.82386824167422,-115.7992523726874,1.0755009058799623,0.34764278169018914,-0.23825277499742858
HDOK,PLOK,17472,30,30,-112,1,11,2,33,-115.29557838984528,-111.91326008895264,-114.53673021666812,-115.57244286098339,-115.12336383945798,-114.03483676341916,-113.34166081533616,-114.6354083654779,-113.78560909528372,-113.31589519597745,-115.90856867156585,-115.12461888137057,-114.12524483259774,-113.12601319019869,-113.12867038245666,-115.36932265920963,-112.77281581113591,-111.74316118657055,-114.96415898789013,-112.41418172725578,-113.01172278425396,-112.75866935703976,-111.86758242349072,-112.63751917984047,-111.92542396880675,-112.7735740067054,-112.31177089087248,-112.93730910206783,-112.73258008004657,-112.32411834209354,-114.4981046694732,-113.63194568016033,-114.86706802728266,56,-113.5911797113269,-113.31589519597745,-115.90856867156585,1.4701915902544733,-0.2712450632961988,-1.1849731848241674
HDOK,PLOK,17472,30,30,-112,1,11,2,33,-113.9464414800896,-112.33198788181997,-114.56723086207937,-114.86949201493678,-115.7484516668954,-114.5390351038246,-112.83508137466625,-114.24555307917241,-113.6500575346917,-114.87005323905436,-112.95752845031828,-114.67396214001806,-113.30801776029458,-114.27179544363703,-113.91081771258695,-113.77341069280811,-112.92352322876957,-113.76462621089674,-114.18541764612422,-113.43147266233024,-113.06695099459611,-111.43337432136425,-112.53283482503765,-112.72743968290567,-112.67440060631914,-112.55478352775647,-114.35215830194039,-114.38544882079428,-111.80187744706996,-114.37170135568272,-113.3274712957068,-112.68320317983819,-113.10699400050895,56,-113.57038165286471,-113.6500575346917,-115.7484516668954,0.9225283086331614,0.07309740874580717,-0.340547195089405
HDOK,PLOK,17472,30,30,-112,1,11,2,33,-113.60998145095955,-113.85253534617388,-113.8056623488299,-115.58158795233014,-115.6102494190974,-114.3933213928817,-116.19912739101538,-112.77012218794654,-113.17184021672215,-114.66740409537584,-114.38495880632946,-113.86429847403835,-114.45421268322748,-112.62367962025952,-115.1733256383327,-112.65516882901585,-113.8243011496592,-113.66075152412704,-112.68776820558908,-111.21482230589957,-112.84617488047446,-111.19884725218998,-115.17102020258207,-112.01727437063293,-113.02166163929361,-114.80060245292748,-112.55808601954111,-112.83973127605341,-112.87345619177403,-112.73144007758258,-112.78039867350485,-112.88752836434965,-112.29010158209447,56,-113.52186187941851,-113.17184021672215,-116.19912739101538,1.469840982912972,-0.2901421942324783,-0.36845990951567664
HDOK,PLOK,17472,30,30,-112,1,11,2,33,-113.28440539987463,-112.83765191780672,-115.98556005813707,-116.0279862782095,-114.61100061405509,-113.50960725063973,-114.69990154012862,-112.93006682831363,-114.17641855989234,-115.47519117222821,-113.76496656760504,-115.32440500112415,-114.6345743846689,-112.60457664766484,-115.10874801611139,-114.03147663138127,-113.5442170269865,-113.70085018829494,-114.17029587493862,-111.90008277635607,-111.4695164897814,-114.06149957728032,-111.5470896465593,-112.37214879183736,-112.25414269925648,-113.39972496255737,-113.77169178065837,-112.2469406969016,-113.20451746608244,-113.18841566670754,-113.18294951769307,-114.62351673959039,-112.72044941111457,56,-113.64741170243751,-113.5442170269865,-116.0279862782095,1.3936197443988567,-0.1728975226006387,-0.490525509296051
HDOK,PLOK,17472,30,30,-112,1,11,2,33,-113.33125951828326,-112.53031004685342,-113.4888035951795,-113.31347512960512,-114.16060920452438,-114.7352323777536,-113.76027206065515,-113.18737393619315,-113.65774501462312,-113.82760832314567,-114.80111873488985,-112.36156281285345,-113.98334195870608,-114.23104392471636,-113.84369632895144,-114.16516481536915,-112.99603341589624,-113.51046106136252,-114.22539162141496,-115.40148646422548,-115.71929174975057,-113.1379413039285,-113.33498450398751,-113.15005338424471,-115.20187993341236,-112.46542849699932,-111.64660851557944,-113.5257362411674,-112.02211637232108,-111.80118104283693,-111.84834211706706,-112.73039756157809,-114.19229381044703,56,-113.52388622359156,-113.51046106136252,-115.71929174975057,1.0132242881223832,-0.09670807324180157,-0.2548552620066826
HDOK,PLOK,17472,30,30,-112,1,11,2,33,-114.23017975561459,-115.49410329209756,-113.88041635430106,-117.94332851271,-116.22856593275083,-115.47136157767002,-114.54469601874908,-113.78802191380906,-114.17584877623914,-113.86742279352319,-113.2624906332122,-115.87485545473203,-113.42162969277167,-112.50972541068892,-113.31054105507108,-113.13974520703246,-113.38543581665628,-113.42011495924154,-113.16063899204259,-113.80788987943465,-113.24170150957559,-112.55394917080808,-113.59167232760393,-114.3204526582835,-112.2710067628076,-113.61667276472285,-112.47501703358802,-112.32404294598956,-112.41769270762606,-112.16315931613138,-112.45193712547389,-114.72932500035681,-115.8316593800086,56,-113.84561517367648,-113.59167232760393,-117.94332851271,1.7344548449210713,-1.1415663600291894,1.4090184339817884
HDOK,PLOK,17472,30,30,-112,1,11,2,33,-113.95946408728588,-113.80611795373574,-114.6713148833801,-113.97283302761126,-114.31022548550249,-113.98530395715828,-114.11867600660918,-113.40103230005317,-113.0056179112036,-115.06053601380422,-114.11926501384697,-114.01392002622202,-114.63976631755841,-114.80008618376444,-111.8112019079881,-113.8387804374554,-113.71244910265158,-113.99416348191554,-113.39163026025345,-114.61425199680203,-114.5193839558604,-114.65070082935698,-111.98653183097734,-111.91154044167786,-113.39690422573109,-113.55052893075627,-111.96625558314135,-110.9186464282566,-113.80621945954678,-112.67059020832292,-114.175132339468,-112.28885809337787,-114.02433719505153,56,-113.60885654170688,-113.95946408728588,-115.06053601380422,0.9940958618512641,0.9979265722472311,0.34296607378736343
HDOK,PLOK,17472,31,31,-111,2,11,2,33,-113.52093583935903,-114.57526789301228,-114.72097963640786,-112.840552603932,-112.16286274214282,-113.67362459649158,-115.06558224557286,-113.08040506407278,-114.30434337221199,-113.25479349440822,-115.11461865637642,-112.94270397387459,-114.29477507261079,-114.5384969586447,-113.84545369586162,-114.99691618449317,-114.39447050022393,-114.55770053395196,-114.60072997510636,-115.65792052002544,-111.98692652528962,-114.71178314790758,-114.04450077347929,-113.63010213248776,-112.22170991545369,-112.75579542875226,-114.41723489063008,-114.83700576531183,-114.39100166254771,-115.28071474718644,-114.41000901634989,-114.38678314157252,-113.63617501092708,56,-114.02584471868714,-114.38678314157252,-115.65792052002544,0.8597083464727477,0.6221073562469837,-0.3513872475817257
HDOK,PLOK,17472,31,31,-111,2,11,2,33,-114.78220828738112,-114.6816400253253,-115.71354649466362,-113.13297159130737,-113.6186493236291,-116.53081533333051,-113.17238010863963,-113.11124510865218,-114.09240038719406,-113.56106221363518,-115.46615665784616,-115.35973715760107,-115.51068992495432,-115.87383374513122,-113.65915900544482,-116.925464659365,-114.40034895402856,-114.22512323785074,-114.42412561104918,-113.11246787819525,-114.83104099817885,-114.64833648751983,-113.45307764429397,-113.82892129447792,-114.59916082192342,-113.94201788524508,-113.78384545471036,-113.76106613925585,-115.22771770641734,-112.60872872404154,-114.03364052739657,-114.31810883154832,-114.67115865699489,56,-114.39578323870387,-114.31810883154832,-116.925464659365,1.0111497213956688,-0.5878302562896232,0.04696359082532675
HDOK,PLOK,17472,31,31,-111,2,11,2,33,-114.88732553290109,-115.61953202463111,-114.70174824552198,-116.3540842209195,-115.36544628167756,-113.56981663524252,-114.49659913695035,-114.75462776092841,-113.66663707957125,-114.98760502977994,-113.95245393259096,-114.62829593030698,-116.25901847112857,-113.18324229629098,-116.14127737230004,-113.58035517362028,-114.6618617493662,-114.18858781147159,-114.54010963301867,-114.70579592218596,-115.11023077141668,-114.85966091307652,-113.54280716639413,-115.62823377372649,-113.66303676751468,-114.12423563210793,-112.69236438994875,-114.40855411743674,-113.99426557872235,-114.38417512763058,-111.82650302460387,-114.66522122308889,-114.52502414191234,56,-114.47481008690859,-114.54010963301867,-116.3540842209195,0.9265520008057935,0.3124982777583847,0.8210823716341822
HDOK,PLOK,17472,31,31,-111,2,11,2,33,-115.16877231725752,-114.07427665712801,-114.40460147108803,-115.29705565415394,-113.06775555929178,-114.95561162914206,-115.46056815165703,-115.50962247346062,-114.16125525572066,-115.5555054893548,-114.28870024693732,-115.34551139520407,-114.97794049207634,-115.17453367545346,-113.74121864764668,-113.97323163771918,-112.80230215230056,-113.96715498824317,-114.95393330413462,-112.93566189803455,-115.58783988430095,-114.89527866566658,-114.92111637499339,-114.02041873903114,-115.98905691234391,-114.96230449068067,-113.0037830337824,-113.65821155444849,-112.368381211138,-115.82102565356402,-112.94609749038635,-115.82455726522697,-114.83259994305963,56,-114.50442073680688,-114.89527866566658,-115.98905691234391,0.985193698514894,0.51485553420683,-0.8010766201690376
HDOK,PLOK,17472,31,31,-111,2,11,2,33,-113.742434184046,-113.21939710641281,-114.70191006647482,-114.04252975335064,-113.76493159492995,-113.42057521450059,-113.62644059009025,-114.86879532204748,-116.88128947328018,-115.1889166457575,-114.42637158063793,-114.73815210843549,-115.38136653083652,-113.18227367111474,-113.31184276773439,-114.15660822213371,-113.82640973580186,-114.00999926099605,-116.2499263089547,-112.88336119237022,-114.52011682477352,-114.90735740418899,-114.55116910029457,-115.45184054857924,-112.54272845571892,-116.53786801542768,-115.3106502545101,-115.40235647889322,-115.22697893853815,-114.78680695545523,-113.09733678331744,-113.55985341812735,-113.39678031460015,56,-114.39137499461607,-114.42637158063793,-116.88128947328018,1.1063092276074777,-0.4617540164412404,-0.2664856179311954
HDOK,PLOK,17472,31,31,-111,2,11,2,33,-114.8774358428059,-114.21181813979074,-114.72191711818692,-113.50471678312016,-114.67659377126002,-116.1650708519632,-112.87865266531975,-113.64110785485032,-113.39471676794703,-115.35266997544133,-116.26816712522557,-114.8103240085718,-114.04737690890651,-113.79674330272411,-113.92578886538062,-115.81351655959332,-112.65616455943564,-114.3086915092508,-116.49889282062993,-112.01969625671208,-114.13066079304623,-115.32342166986774,-115.08656727741467,-114.20561292298302,-114.4201381977579,-113.82640142791287,-113.96456991050329,-114.7280463467574,-115.9934129323519,-114.47589575988236,-114.08726905328126,-113.2600428660852,-113.44018678189099,56,-114.3791602311167,-114.21181813979074,-116.49889282062993,1.0778530441565095,-0.14336055011491847,-0.08263818377682997
HDOK,PLOK,17472,31,31,-111,2,11,2,33,-115.38955798996109,-115.54507245267959,-114.11750006379116,-113.21560249330412,-113.84622449144055,-116.02301412952106,-114.73357991305481,-114.06997598498397,-113.98032129050057,-113.7645686127346,-114.50915101852215,-114.62415755108746,-113.95741315391668,-113.16613695761859,-113.65445860601373,-114.75548733745957,-113.12705059292848,-114.42118988078343,-113.88501092886244,-113.14094620332651,-113.74782834838805,-114.52957842450219,-110.22034475777976,-114.20506355020824,-114.38799674709658,-115.90165394909043,-113.31509322462107,-113.42262105764755,-115.44961468587209,-114.19126853498277,-112.88438213547269,-112.15616746370837,-112.47483072788184,56,-113.9640261593861,-113.98032129050057,-116.02301412952106,1.2635133808750498,0.8404062167151829,2.555901937161703
HDOK,PLOK,17472,31,31,-111,2,11,2,33,-115.14506941287078,-114.14640416897022,-113.47340235060604,-114.18648036327521,-114.15024165309248,-113.64120578723582,-114.38953013097219,-116.27012960822513,-114.31261335051829,-113.98194342075801,-115.65500327198234,-116.83186428241946,-113.96156549111662,-112.9930379527331,-114.78801384009408,-114.74340005479712,-112.97358903137203,-115.5657635809255,-113.96449789917878,-113.84900764688115,-115.64397159964749,-114.1693050571136,-114.59326142783553,-114.57231735089401,-114.79192152737973,-114.9460446885478,-113.62789599078114,-115.66737176706363,-112.88927607029133,-112.00271444490856,-115.0925867449027,-113.1221426949576,-116.52895914005133,56,-114.44456156976968,-114.31261335051829,-116.83186428241946,1.169347980398013,-0.17229331297790235,-0.01953992220427514
HDOK,PLOK,17472,31,31,-111,2,11,2,33,-114.05631900145058,-114.52862635815795,-114.08720398175342,-114.14737210522938,-115.94944297272892,-113.16388335897798,-112.79683672458181,-113.1037367386777,-115.43815703059433,-114.89242716669635,-114.06920229387316,-115.48104395234873,-112.22651793450859,-114.70465468959537,-112.78590054155245,-116.29526759198806,-114.2017624121635,-114.98110337961869,-115.73324702904151,-115.80444287300102,-112.00376106965255,-114.29777801323668,-115.65515738909436,-113.92645213590382,-115.98104504383517,-113.70417490638513,-114.78747142098521,-114.90063425305367,-115.16657436909036,-114.46560893590174,-112.492455579521,-113.39078637191841,-114.65189689497483,56,-114.35972559151797,-114.46560893590174,-116.29526759198806,1.285177526285142,0.3240130148624508,-0.6583413471863211
HDOK,PLOK,17472,31,31,-111,2,11,2,33,-115.82136899099254,-116.6481128839291,-113.7586506831859,-116.2915528042838,-115.17781515463102,-114.08527242003984,-115.48598284051388,-114.08121376960976,-113.93940421270328,-114.95607799317956,-115.00184381135578,-114.86613336560612,-113.35204005914757,-115.39369139352063,-113.76363480116518,-114.84799573168466,-114.4767084792007,-114.87860846491206,-115.7459400736231,-114.74124446572611,-115.05559155016245,-113.22770862180799,-113.41825423725274,-115.06147546243957,-113.16035356915397,-113.60746981394014,-115.930490655496,-113.82074695309018,-112.56990430794626,-114.3626201507476,-113.44541671428169,-115.33533559476464,-114.2193746591983,56,-114.5614555966452,-114.74124446572611,-116.6481128839291,0.9503357016679951,-0.08761384948358782,-0.62572324361944
HDOK,PLOK,17472,31,31,-111,2,11,2,33,-115.64647747868837,-115.37068560419908,-116.77552641364451,-114.47237633779655,-114.90879223565088,-114.37490366561741,-112.93729821203705,-113.30549948077356,-115.19124780871287,-114.19346060314402,-115.39010776489937,-113.60950682166919,-113.0489205069893,-115.06424976910088,-114.84995870775693,-114.2948094183301,-116.1723505047544,-113.28082470218975,-114.69462279468424,-112.6863066203943,-114.99308578587946,-114.99937069748785,-113.15096115600385,-114.870031839545,-115.3727850208393,-115.4612177872697,-113.68315087604891,-111.10076503158004,-113.60317855445687,-115.89130880136811,-113.70625495980588,-114.04968604151848,-114.32901664198324,56,-114.40844662560058,-114.47237633779655,-116.77552641364451,1.3133819904429913,0.5120685539627996,0.7382941554564968
HDOK,PLOK,17472,31,31,-111,2,11,2,33,-113.66874122482312,-114.40163052889612,-115.6130063810843,-113.56000175002694,-113.12994501792285,-114.02248194782257,-112.61976292688227,-115.58063923955717,-114.34084046775456,-115.37234516988738,-113.2769824284336,-115.45590638265988,-114.81253235883098,-112.54289739240183,-114.39804703783405,-115.68000134037165,-112.69659787345326,-113.26985116916917,-114.87010640504998,-113.60321953009735,-113.5367538804708,-113.32793160794503,-114.40017654269958,-114.56385942490493,-113.73750487835547,-114.17300705515608,-113.83552790066611,-113.21600580893167,-113.21784850023396,-114.47006390204683,-113.98746671277368,-115.00675871317029,-112.48708162041167,56,-114.02653100365835,-113.98746671277368,-115.68000134037165,0.8417285225624941,-0.1927531122511975,-0.8436867403636246
HDOK,PLOK,17472,31,31,-111,2,11,2,33,-114.74769355074591,-116.0931724627096,-113.35093836204665,-114.68095436721762,-115.63248783074258,-115.34097363120108,-112.05025056618891,-115.07484472171782,-114.90536229760215,-112.6822280336497,-116.02852573900222,-116.54051079303433,-114.89251019459682,-113.68917930334722,-114.85148644936122,-115.47919872782525,-114.86467898179664,-114.93168307997244,-113.01428589613901,-114.37572066780965,-113.4650738369183,-113.44847252259343,-114.14188018799001,-113.85020418852157,-113.09536155586143,-113.1224883014668,-112.82507425625148,-113.77573611896578,-113.7328432621737,-114.34706575267475,-114.43963540949437,-115.8134095290399,-114.71870198003542,56,-114.36371613814222,-114.43963540949437,-116.54051079303433,1.163093275352234,0.04787411786980672,-0.6111989737280696
HDOK,PLOK,17472,31,31,-111,2,11,2,33,-115.16021991197769,-114.36778345045424,-116.25268658758282,-114.13617631071503,-114.53044331224545,-117.30853429148918,-115.42255540733667,-114.15488198968833,-114.63855399713941,-115.90269875394868,-115.51987564535234,-114.79085830378283,-114.73127635495635,-114.36573487231631,-113.04180367747702,-114.44234146285444,-114.38378286820588,-113.75826124594872,-114.35342701743133,-115.14848245114415,-114.20630009514848,-113.21150556136395,-113.63046630635539,-114.82711855419933,-115.27377551377585,-116.49407173242328,-111.7053394939279,-114.33047963824599,-116.09487218315029,-115.53436390286744,-112.49112950969943,-113.33205824552263,-114.25391043266194,56,-114.5998717903451,-114.44234146285444,-117.30853429148918,1.2910031251846228,0.09613315743194009,0.6970640619011994
HDOK,PLOK,17472,31,31,-111,2,11,2,33,-114.7408050699808,-114.42305476207264,-114.11523033962494,-114.20739467993185,-113.97676412295687,-114.38911286145837,-114.79572091779805,-114.41595917998752,-113.27719198965968,-113.40866046202069,-114.82814582906317,-112.58300047456935,-114.31275346107793,-113.5168253928071,-114.74077383946755,-115.61164335743068,-116.29256360112818,-115.03901633793885,-114.6644831521603,-115.73521766897149,-113.39517314475542,-113.8173890737403,-112.41860723029976,-116.58373980099842,-116.02127924063579,-115.43870606151553,-113.65365172781985,-112.29270727042687,-115.33867138266578,-113.25478689999053,-114.18956210071505,-114.09327458564,-114.03171151424976,56,-114.351623561623,-114.31275346107793,-116.58373980099842,1.080370922882645,-0.10463806184661464,-0.1852903920908262
HDOK,PLOK,17472,31,31,-111,2,11,2,33,-115.75819840418407,-112.42994012291594,-113.61360143122677,-113.59103455297016,-114.77935328353115,-114.53365205124064,-114.0766118572708,-114.85870115317891,-112.06344886811328,-115.26999222251258,-114.70794579928152,-112.6492471847927,-112.91714388131983,-114.6204355789495,-115.29327941673844,-113.30373101439777,-114.89483613333124,-114.55894729720264,-116.44280869895492,-114.56434945336834,-115.71713710685631,-113.61702900293811,-115.83595473423345,-114.89142938046834,-115.80523493170567,-113.95934719046127,-113.33074534997573,-114.63281835256532,-113.9486740382894,-114.13140420626338,-113.70113975640359,-112.11218710220378,-114.23993416871842,56,-114.2681907189868,-114.53365205124064,-116.44280869895492,1.1829556406592991,0.22780468981619076,-0.38454737679547923
HDOK,PLOK,17472,31,31,-111,2,11,2,33,-114.87360697553743,-116.13344233248638,-113.00690061771118,-113.30619905247761,-114.0775161709848,-113.25921824800865,-114.05817940451698,-114.04383267674142,-114.58665092444971,-115.4415561400387,-114.92507335431297,-115.76647222695797,-113.11230425356423,-114.64154440544573,-113.34499973903215,-113.52418147110082,-114.22450262814161,-114.12242487510375,-116.13922369119041,-114.40625302886109,-113.46223139938594,-113.86995387897414,-114.37150767202596,-113.11416472562851,-114.46286943502957,-112.7078653428221,-113.6392906763931,-113.40536970781827,-113.76295921040521,-113.93034493171884,-113.00608332040997,-114.4010051703384,-112.28514752451093,56,-114.04281440036743,-114.04383267674142,-116.13922369119041,0.8511794402547955,-0.5866880253543137,0.13486427090952446
HDOK,PLOK,17472,31,31,-111,2,11,2,33,-115.0193219778997,-116.8581987357411,-114.76233428998344,-113.48893091630951,-115.42240916203374,-113.673327746852,-113.69067374124216,-114.73193053102106,-114.34156128005966,-115.14472209566732,-112.46226224935334,-112.82928216615504,-115.7851001369667,-116.09254385447124,-114.98218693359499,-114.20351967099369,-115.2650385199475,-116.25644735121367,-114.7133792072062,-115.58271630161875,-113.18673461881602,-113.81542748203356,-112.72278075249392,-115.55736653792093,-114.8853747137773,-114.31591906917579,-113.76359731641416,-114.08902153811731,-113.38847488259519,-113.25809875922972,-115.83101704452538,-113.01304700786714,-113.18396662098003,56,-114.43383979431142,-114.34156128005966,-116.8581987357411,1.2623331568319835,-0.15271080694148295,-0.8616753770494818
HDOK,PLOK,17472,31,31,-111,2,11,2,33,-114.94825830239641,-114.74259190469809,-114.0136792226122,-114.31980439430136,-115.42219274310389,-113.86397739669192,-113.06476744275368,-113.65094893018069,-114.99468832181404,-113.5343361558961,-114.38277211703823,-115.03732254144026,-116.16863449448599,-115.41186291593282,-113.19240459463221,-111.95504622859426,-113.92899983672223,-114.10597046610869,-111.94628183642614,-116.47891571145693,-115.25976024596595,-114.26347826621674,-115.08825436349755,-112.23988301597358,-116.30112324156313,-114.46486737808486,-114.50234565052025,-113.4498381212057,-113.10515166589983,-113.11453325287073,-115.25892241679506,-114.37573402532128,-112.35405097551524,56,-114.21034539929444,-114.31980439430136,-116.47891571145693,1.378603312830149,0.13476998239555987,-0.4253537460853267
HDOK,PLOK,17472,31,31,-111,2,11,2,33,-116.22608946696776,-115.71780581335919,-114.01706175664073,-115.319582694616,-114.06536635434941,-113.21908961962012,-114.6629319583629,-113.41198519498636,-112.52987492340878,-114.86139510234688,-113.69365352298226,-113.59646769241212,-114.73684230003063,-113.37374706258748,-112.89672976710908,-113.28238644404321,-114.20858065439016,-115.27323606975747,-113.16495381340715,-113.73732926451345,-111.75097983723897,-115.08698772119186,-113.26836412097553,-113.55628851415239,-115.24273897412102,-113.85171779172254,-114.7322837375386,-115.3656697786146,-111.56916773024325,-114.44120665175518,-113.68414402372306,-113.42840668542819,-114.79605062531574,56,-114.02330653539127,-113.85171779172254,-116.22608946696776,1.1330544928495032,0.18512055433731267,-0.07191746694566037
HDOK,PLOK,17472,32,32,-111,3,11,2,33,-111.21863042140762,-112.18413517468409,-114.28577514967424,-113.29910475148085,-113.28279346782612,-115.36006973084582,-112.76457952358311,-114.70995424456011,-113.84374453574047,-112.39962402261284,-111.66582850320341,-113.56681672974082,-112.31139898409538,-112.47115737028021,-112.13166046464455,-112.1113672750952,-114.86209130695856,-110.14407138139225,-113.51558674875965,-112.49531650181416,-110.95700856745167,-113.04690675727832,-111.26079524984976,-113.70561796187948,-111.75346747403522,-112.87010170073226,-111.97128867402081,-114.07490139836935,-111.14033071309463,-112.88561439025646,-112.03358897514485,-114.11378443378985,-111.53595844162751,56,-112.72645669775544,-112.49531650181416,-115.36006973084582,1.4736209278310943,-0.1759995204437439,-0.42335491097361455
HDOK,PLOK,17472,32,32,-111,3,11,2,33,-112.00225752140787,-114.27604802462334,-112.57739632388967,-113.8986123912159,-113.70644795611554,-114.6767237174301,-113.49996884755232,-114.52226077486111,-111.91150950713983,-112.80761972566107,-110.63470800437325,-112.66183809257689,-112.25909738303346,-112.37856598286353,-112.95869261467342,-112.82726377132659,-112.58890614598766,-111.5163436588808,-113.02675073292437,-112.37879422592947,-112.93247218072604,-114.47482068380981,-113.67829977684265,-113.86604936945052,-111.92412821400524,-114.05419765218711,-111.37810434828809,-114.23873085084347,-112.7384805213827,-112.19676677732481,-114.17502697703466,-113.42568642131741,-112.6708535880599,56,-112.9958612958709,-112.82726377132659,-114.6767237174301,0.9802654418393217,0.1663475774864139,-0.5088500434133518
HDOK,PLOK,17472,32,32,-111,3,11,2,33,-111.71219591916733,-111.4611907780917,-112.28265271657509,-112.38497531064559,-114.83256623362627,-112.82348958260089,-112.95378650979697,-113.91453826844294,-113.72971038850137,-114.66214640134987,-111.6304300250116,-112.27397451637493,-112.10627774588217,-111.69591731209456,-112.98422347253415,-112.03221339732372,-113.16951074312479,-111.9545130158221,-111.73824218908253,-111.48722497865194,-113.39373228958578,-113.83144733131904,-113.78718918953406,-111.79470156393644,-112.33640876597347,-111.74040420382056,-114.00996983011541,-111.76362125632976,-114.09182309462915,-112.04391682912164,-112.01152824840716,-112.3061518251476,-112.12102907356947,56,-112.63823342443,-112.28265271657509,-114.83256623362627,0.9332270601152733,-0.7671138520358647,-0.6283514348948049
HDOK,PLOK,17472,32,32,-111,3,11,2,33,-112.0333307886724,-112.9124962174767,-114.3096429087324,-111.37925275023382,-114.57128997461277,-114.16278116572428,-114.31091392467859,-112.45534040484718,-113.72329381890603,-113.85812151498595,-114.15047373795348,-111.06171291393528,-111.47460853642922,-113.89698256334798,-112.34875345025296,-112.15684038780064,-112.74373286826042,-113.95398935358706,-114.05427597638601,-112.18884666752335,-114.17190750544204,-113.06219042973419,-111.27876869100612,-112.77582554427002,-113.66016115294536,-112.13237873140173,-112.52452416091424,-113.58503182494381,-111.93631652771985,-113.40166512611462,-112.5648175102391,-111.80742414227736,-111.96370658199014,56,-112.92761811676803,-112.77582554427002,-114.57128997461277,1.043164740453097,0.07904287522609307,-1.2876613247291093
HDOK,PLOK,17472,32,32,-111,3,11,2,33,-112.23499910125575,-112.42458029012097,-112.832660129508,-113.75659810185647,-113.74454627331241,-112.89184226755411,-114.03431884985119,-112.65117030484281,-113.92174633956918,-112.5928167070702,-113.0052627617087,-112.73148491397815,-112.88112123831307,-113.2961322797291,-113.2729837828589,-113.22711039107742,-112.74378283462255,-112.45680743397418,-112.25914489144533,-111.82564253308337,-111.72262281240643,-112.4026630171075,-112.47123396413355,-111.86473739348575,-111.78122240202951,-112.70478742075103,-112.12585417397082,-111.96886108005803,-114.24892981812171,-111.41128305870139,-113.2049086070344,-113.44826270021399,-111.93111324746802,56,-112.72943124609742,-112.70478742075103,-114.24892981812171,0.5117815608067012,-0.3022968593605885,-0.5830791649359157
HDOK,PLOK,17472,32,32,-111,3,11,2,33,-110.18211168923116,-113.77425848721597,-111.48491938500317,-113.23346959946252,-114.08720711137293,-112.3595768591349,-114.5352488759971,-113.49598685297906,-113.17371136937246,-111.93058874590983,-112.1573565279127,-114.39901446825677,-112.32841458586141,-112.38881298664084,-113.80759801052231,-113.9389643974294,-114.70608050922186,-111.44652516249545,-113.02055947360896,-112.15397010429838,-114.10450128018113,-111.69332627027096,-113.70759545154185,-113.61829413053955,-112.62855399081394,-111.30919071378081,-112.9045718340984,-113.02863450546256,-114.13091537376584,-112.2924867014211,-111.04418855653674,-112.41016042217237,-111.85102457326195,56,-112.8281157274477,-112.9045718340984,-114.70608050922186,1.2254457152631972,0.24647869979652273,-0.5930652074473675
HDOK,PLOK,17472,32,32,-111,3,11,2,33,-111.309875002923,-110.32265417315936,-113.78519251209876,-113.79617887880116,-113.13436978617122,-114.00181828700406,-112.45581366868777,-112.7346176462082,-112.10407958728598,-112.83699689512626,-112.75142515309429,-111.9144760874988,-114.42779777125568,-113.02686595978619,-111.95666419349763,-110.1134925246137,-111.84244157214249,-112.36128499700803,-113.89523242295586,-112.40315787397718,-113.45365124530598,-112.61718113007021,-111.67844037514762,-113.46927951629935,-112.21061004527596,-112.18288714657436,-113.07132314479533,-112.17852565100465,-110.36529687739537,-112.2136416666009,-111.76683925630275,-112.23408311800696,-112.97887267653365,56,-112.47257778310934,-112.40315787397718,-114.42779777125568,1.0265452444913448,0.43427340039924034,0.314607003366302
HDOK,PLOK,17472,32,32,-111,3,11,2,33,-110.63261065344376,-113.11372155869422,-113.00051622488186,-113.30214920657842,-113.04061655549647,-112.71981155374125,-111.64801756692209,-112.06479905134366,-112.15531238580665,-112.3143458106787,-111.4800037012456,-112.44849267028941,-112.79185104237519,-113.56112878566796,-114.13037629314866,-111.36531651203215,-110.56909540867896,-111.81146979559351,-112.82855981525674,-111.34456360346942,-113.5998742434204,-113.84128791436346,-114.0010081178308,-114.22502627999047,-111.92218318967686,-112.24290203278441,-112.6990464945776,-111.67203439587279,-113.67918024219084,-114.00324564529463,-113.19185827005731,-111.23015496016609,-112.25019098202974,56,-112.57214396859393,-112.6990464945776,-114.22502627999047,1.0002080039708414,0.14553210843295986,-0.8287838498441711
HDOK,PLOK,17472,32,32,-111,3,11,2,33,-112.0807593408811,-113.05606601126847,-113.14164414083479,-112.73601507791679,-113.67071020362869,-111.22165854360874,-112.7304931598085,-113.39218766455609,-113.68134049107289,-111.60329688279067,-115.30895809716648,-113.6419791822771,-112.7563638652649,-110.7334228408168,-114.18418772985784,-112.04609022407236,-110.99374221285274,-112.0312649023959,-115.22637247494845,-113.0036191919682,-112.52096983810377,-112.41115659316564,-113.9266622688203,-111.02399968919386,-114.49114460940561,-113.45250368443956,-114.1216994888948,-111.45622860574939,-110.68911829625713,-112.68481482978638,-112.63266550036244,-111.43617713696027,-112.80589883988151,56,-112.75433974603052,-112.73601507791679,-115.30895809716648,1.449688293097741,-0.15791002473766533,-0.4621373252662573
HDOK,PLOK,17472,32,32,-111,3,11,2,33,-110.15972944725598,-110.13718944065863,-113.8717526101041,-112.53616145031557,-112.88692025429381,-113.67440267529673,-113.02995019703673,-112.52844506467534,-114.07609235468695,-112.80211906503148,-112.42259156496132,-113.57493873317952,-113.96949888701165,-111.56222186618699,-111.23255473101916,-113.27444305366717,-112.84263320009788,-115.09110892483059,-113.50876587564724,-111.99370786686755,-111.65439377769283,-113.50891572061832,-113.11817574109597,-111.8054577256064,-113.251329435313,-112.96183985438218,-113.13206480973844,-111.38767536563337,-112.12318597489791,-111.98790484225422,-113.21362094694327,-111.52147110269735,-112.04219046344971,56,-112.63283190979233,-112.84263320009788,-115.09110892483059,1.1621445527067191,0.3499269291503289,0.301879589370762
HDOK,PLOK,17472,32,32,-111,3,11,2,33,-111.30795004053029,-113.02037200193872,-114.66996628934936,-111.81784573797906,-113.70309605523543,-114.42947192375102,-112.14711001774155,-112.57447181872837,-115.05350226212732,-112.36615292143338,-112.76291340126465,-113.07400610889664,-113.19902121982588,-113.00488130852608,-113.74173103279759,-113.64269023540326,-111.99243433678508,-113.31798689617932,-113.25662196070904,-113.22461724528259,-112.5967070911034,-114.66013331447972,-112.26405113060333,-114.81900969191773,-112.50927936878395,-112.41074408789918,-112.26307745958405,-112.67550236876912,-113.01364337211807,-113.71492921527273,-113.72649095887988,-112.13513556015225,-112.13020179063656,56,-113.06744691589955,-113.01364337211807,-115.05350226212732,0.8427497431566596,-0.49360596004391283,-0.3384989302040462
HDOK,PLOK,17472,32,32,-111,3,11,2,33,-108.79647000996461,-111.24541287424674,-114.73974631790391,-112.96726625660267,-115.28622828247646,-114.46044052617287,-112.69792640507325,-112.6219286450951,-112.04354649404314,-112.94036102879495,-111.92487003975322,-112.98083413920318,-109.8332187062006,-112.64230926779564,-113.45999389034392,-114.74775705306212,-112.57173067562076,-112.01053940346114,-113.47480791657117,-113.05508644642083,-111.67433309489103,-113.28597901505148,-111.39634464654735,-110.99957264311679,-113.01633130933634,-113.24036389734121,-112.26048810261372,-112.45902062722347,-112.13119747376155,-112.14417858144782,-114.06501743977799,-110.89584330377984,-112.29698391966312,56,-112.55654934646533,-112.6219286450951,-115.28622828247646,1.7764298613635146,0.43885213606696877,1.1433981526478996
HDOK,PLOK,17472,32,32,-111,3,11,2,33,-111.34770772887303,-112.33024498475542,-114.02149079287827,-114.19076829807857,-113.07702560429242,-113.52234815311809,-113.41393308469674,-113.5610285624611,-112.84275299061969,-112.42047766124792,-111.17064173681207,-114.12331107233653,-111.02522679418502,-112.83142529232578,-112.84456398465174,-112.41180109177466,-112.46311056236553,-110.70001887973285,-113.28052902380861,-109.95607335699255,-112.03787423234084,-112.82728872171941,-110.81619529873412,-112.61016515501575,-113.84701702909862,-114.23011657507375,-112.075235403128,-111.32405331371045,-111.69154139367762,-113.41462017409823,-113.1158091600413,-111.20747087206516,-112.2180168503171,56,-112.51363284348565,-112.61016515501575,-114.23011657507375,1.2206475812010678,0.35845677516805735,-0.6099462876994415
HDOK,PLOK,17472,32,32,-111,3,11,2,33,-111.37010164651147,-113.50003266553412,-115.39944644309348,-113.46404186277995,-112.78970565720691,-114.08334607205823,-114.46768706753238,-113.36949263918387,-114.01772526770853,-113.17103358534708,-112.86609424669419,-112.02927401939515,-112.71396648100382,-113.5840056525426,-114.2627955127866,-112.58880890069307,-113.73133298766835,-112.16267728244347,-112.870834438126,-111.17742387717472,-112.2239120592829,-113.45802428528648,-112.90057389355061,-114.31342835453766,-111.30411092838362,-113.3572436631228,-112.82088272516262,-111.12674785393622,-112.24982833682682,-111.74575475544862,-113.09845804523673,-112.56852358666451,-111.61448344679538,56,-112.92126661332483,-112.870834438126,-115.39944644309348,1.0397819735859668,-0.10972089020241377,-0.24740027227051442
HDOK,PLOK,17472,32,32,-111,3,11,2,33,-110.22782282377483,-111.86177428869888,-114.5853212153459,-110.97846172080017,-113.87093435865731,-113.85497055460293,-115.81463341408384,-111.10600647342633,-113.63259843967667,-113.02593036348057,-112.44588756641703,-112.42522430189264,-112.67568949080115,-114.15487460437794,-112.39734213123262,-112.82158332716254,-112.77071893406172,-112.61974885655154,-111.46479119492095,-112.3349606340584,-113.41066992302049,-113.68217779506632,-113.81502037310271,-113.40658370922245,-112.98685912139203,-113.13160496858467,-112.69635083518207,-110.96416536190938,-112.42354979909409,-112.17704378455444,-111.94825601362999,-111.72150313671453,-113.52293035410258,56,-112.7562421172606,-112.69635083518207,-115.81463341408384,1.2796546897624843,-0.15274023971188963,0.6501276767771142
HDOK,PLOK,17472,32,32,-111,3,11,2,33,-110.70531282329235,-114.00447912941411,-112.92628088386417,-113.88631188248792,-113.30890665666698,-112.44650945038713,-111.94082529049535,-112.20191363818503,-113.21120674538186,-114.18383551843024,-111.76831986412628,-114.00164231266054,-111.96679198029214,-114.311342764751,-112.80895334146769,-112.65735209914811,-113.61875420212392,-112.77564338356382,-110.1637229182169,-111.87224323915433,-111.74884754068856,-110.80228826153413,-112.40572053648364,-114.32575658263806,-114.69032372169474,-113.9449892000176,-113.21511184728874,-112.79660686959787,-111.04038592668525,-114.25603704358835,-112.04547366453612,-113.79011937841378,-113.32703601437733,56,-112.82269832459559,-112.80895334146769,-114.69032372169474,1.3409003112831186,0.43509693538757205,-0.5437096814670204
HDOK,PLOK,17472,32,32,-111,3,11,2,33,-112.39894333646413,-112.4462681272214,-112.72857070329013,-113.351649174358,-114.68332760164738,-114.47351531471875,-113.56104731789605,-112.25665778458307,-113.4828645412179,-112.50153880435803,-112.1483156386361,-112.34090323302196,-111.76110198713357,-112.55821547223212,-112.58394522828819,-112.01953321461171,-113.40165104752491,-111.92414111887402,-112.4221405916356,-113.74158956463917,-112.93783557928597,-112.58327582018843,-113.5119468014144,-114.3438682663792,-112.33111750996612,-114.19154907085453,-113.70463316966217,-113.17766469612131,-112.77996539907488,-112.99989341027369,-112.33912009511386,-112.83912055673696,-113.42435676665256,56,-112.96818990739625,-112.77996539907488,-114.68332760164738,0.5680158895956966,-0.6149632313357322,-0.40873882774697323
HDOK,PLOK,17472,32,32,-111,3,11,2,33,-110.90881542189166,-110.59236302186305,-114.99395795183987,-114.46192623746262,-115.08575781008062,-114.811096436834,-114.38856408866246,-112.4098955052334,-112.31984108071372,-112.61725798668907,-112.41848556322364,-112.97705456304313,-113.59933719057528,-112.37218529884014,-113.12256299489732,-112.4730994753196,-112.15480378639477,-111.90559544955818,-112.58562987143611,-111.80991564215482,-113.85844645709811,-113.75239620634005,-112.87706652875508,-113.40118957792944,-114.60402606148243,-113.64452679256617,-113.1833032975002,-110.63000835142047,-110.65030521921186,-112.44514052570521,-112.70107206001492,-112.12075320566404,-112.36404158865052,56,-112.85577034088037,-112.61725798668907,-115.08575781008062,1.4609315361100532,-0.0015136707409141332,-0.3813181799995764
HDOK,PLOK,17472,32,32,-111,3,11,2,33,-110.28294089058973,-110.08920214131693,-113.215855609678,-112.62620233655592,-112.94073248004695,-113.63045360866683,-112.16025117081604,-113.19212166876346,-112.06147983607352,-112.29809903754497,-112.58864978771513,-114.0873231303154,-113.8296018240043,-110.58988500145426,-113.90751495610321,-113.1623983249909,-112.95114377324661,-112.419937855514,-111.71413392710524,-112.3251601282751,-111.97669685415732,-112.41080205952883,-112.49605628448234,-112.57617046186846,-113.54894989323171,-114.20378394518815,-113.7821296024478,-114.36546361028755,-113.32437001084945,-110.77129651962612,-111.46759075084638,-111.90710274563317,-111.85018512251753,56,-112.5682934954376,-112.57617046186846,-114.36546361028755,1.1983490891254838,0.4962792665831874,-0.15991030644139448
HDOK,PLOK,17472,32,32,-111,3,11,2,33,-109.58869215882176,-111.67008583030098,-113.03036818139552,-112.52196836899878,-112.03899571740251,-112.80651749524682,-111.98138040047024,-112.15145604868889,-113.09762977041886,-111.87989883403053,-111.61079242494118,-111.34024577390886,-111.03955592193529,-113.3880559853744,-113.30841553571862,-111.85373268198023,-112.34949530017845,-111.43300708094395,-111.86583842034007,-112.79100768542902,-113.62472321507633,-112.64890045325978,-112.56223926544017,-112.56653700185441,-113.403431775857,-113.50481818099868,-112.40476801530139,-111.84282928968149,-111.1833460539971,-110.61227039105297,-112.43993705808754,-113.54553160439276,-111.79692546235975,56,-112.23889082981468,-112.34949530017845,-113.62472321507633,0.8139950658306803,0.645908045554604,0.7822687071545489
HDOK,PLOK,17472,33,33,-110,3,11,2,33,-113.535564045062,-110.32450296681414,-111.55679377093448,-110.53675013053092,-112.75308077714898,-110.53192822374297,-111.20497979325478,-110.66491522985915,-112.23873360032682,-112.05900368172018,-113.74385084353085,-112.69606038100362,-113.52955551285082,-113.61428784753687,-112.05260217716558,-112.6795026518565,-113.12087964648407,-112.0915457072145,-111.89098787976462,-112.73205594071594,-110.9801318951657,-114.3762823719078,-113.17123927746269,-112.44088314602233,-112.5265063258483,-112.90785987062289,-112.2251894680308,-112.01004366016885,-112.2993816991485,-112.90116861833437,-111.95115111693893,-111.59255273200415,-112.3686793418929,56,-112.28208031306261,-112.2993816991485,-114.3762823719078,0.9525354744788952,0.20547480428709897,-0.24133286869308535
HDOK,PLOK,17472,33,33,-110,3,11,2,33,-114.55387323919057,-111.04818853811521,-109.3270931943141,-112.12173855219169,-113.01355040235119,-110.6968421262916,-112.35635161384633,-112.10592664892674,-112.23741137133335,-113.4512895401963,-113.08542378244472,-112.81473494336706,-111.21271144359885,-110.59834896171644,-111.51366261764012,-113.50823328012022,-114.09774819024936,-113.42349685121903,-111.96123324374943,-112.53708381715713,-111.31593604481984,-114.08683704407757,-110.9902269408037,-113.47672090681269,-113.10599411987477,-113.18053780336066,-110.32357163080923,-114.49963950973121,-113.80068985719632,-112.09938529467222,-110.88346620736363,-112.45364968409524,-112.36151299718429,56,-112.37100334541879,-112.36151299718429,-114.55387323919057,1.6139472032127848,0.2897611461080841,-0.46850310964499897
HDOK,PLOK,17472,33,33,-110,3,11,2,33,-115.14003326782048,-109.80149979855314,-111.23919869230402,-111.8481651853988,-112.38304189314839,-111.34079416627117,-113.54327784524523,-109.85784549206346,-112.41150223445551,-114.44560242185216,-112.72445524742261,-111.32356813827208,-111.0927708106772,-112.7641132944658,-111.13716301885235,-112.57916415121394,-113.91231659718814,-111.78579652854664,-111.27759961188772,-111.92756097510606,-111.12884846681318,-112.8777706333991,-111.79919551757357,-111.19632439699508,-112.1006942984813,-111.34639999541517,-111.84573428917467,-114.57821354861389,-112.31751000944259,-110.53836219841955,-112.88178401304933,-113.64456999095147,-112.71817374777918,56,-112.16694092354098,-111.92756097510606,-115.14003326782048,1.5556287484109355,-0.44243220879831746,0.08859319792231934
HDOK,PLOK,17472,33,33,-110,3,11,2,33,-114.66340231187831,-113.11489868703995,-111.33957635433684,-113.05991114799608,-109.83548253798745,-111.18855402471597,-112.76030736052489,-111.59079652776073,-111.89815943171305,-114.26848455231604,-114.30691831733243,-111.74157437844133,-111.22784620190532,-114.34047026942226,-112.97553549082899,-112.80005959484555,-111.4811458617798,-112.23588139165338,-112.74425389588828,-112.22796507594644,-110.73242216669496,-113.8561611005455,-113.03127758448247,-111.3591158728231,-112.29848012563738,-111.70503513567435,-114.26546924287555,-112.33427617385541,-111.48134473514551,-112.02885245345297,-111.73767646716313,-110.89954034377817,-114.22649345041093,56,-112.4168899474804,-112.23588139165338,-114.66340231187831,1.4498518416770565,-0.23806357206565618,-0.6306768319175307
HDOK,PLOK,17472,33,33,-110,3,11,2,33,-112.98297644820694,-109.89225305476586,-111.8336097812822,-110.3361479736259,-109.52238603632675,-111.6852993338275,-110.95153297468796,-111.50435746225027,-111.53825096737907,-113.55992752017329,-112.06579864715444,-110.55044629937001,-113.33878590961223,-112.83142972184095,-113.09250821276605,-112.19757373765766,-113.26402340617986,-113.1907856698268,-112.93828083828454,-112.30194793079085,-113.02226941060249,-114.09513264663681,-110.78346242523105,-114.57503540170455,-112.43426950520676,-114.62771322300861,-113.18417400766636,-112.23926773775048,-112.76834972127861,-110.99166963851809,-113.02220597776548,-111.66214887599901,-111.93102068615624,56,-112.2701527631374,-112.30194793079085,-114.62771322300861,1.5364833323063916,0.2649743676320778,-0.2755790546332073
HDOK,PLOK,17472,33,33,-110,3,11,2,33,-115.93819454552298,-112.96847325529421,-112.67874677753791,-111.58572633565406,-111.54383256511342,-111.7803533794321,-112.97851071974007,-112.13772728106464,-114.23148138675339,-109.71348367973322,-111.5700254756498,-112.19411680165767,-112.40089038506119,-113.8567823975148,-112.06513590879909,-113.5681697989144,-110.24351572250686,-113.67531374753446,-113.61996375878994,-112.48174988185403,-111.38042326041624,-112.98839092158487,-113.21671094417998,-112.89641684212901,-113.7281936171908,-113.11309056299196,-112.36601713729364,-113.49888558855926,-110.0888735456542,-112.16881365052758,-111.13018365355309,-113.04099720786145,-111.66661829938556,56,-112.50047906168047,-112.48174988185403,-115.93819454552298,1.550913790534986,-0.029603504182309934,0.9570349235145206
HDOK,PLOK,17472,33,33,-110,3,11,2,33,-115.58359803836666,-113.04235947840957,-111.45489445143163,-110.89635870698095,-109.28775915886102,-110.02453204276453,-112.57759964872263,-111.3894498932862,-113.11988143477599,-111.63313990539905,-112.37558105686678,-112.7340820367802,-111.54442949824305,-112.5565139219107,-112.80479113639755,-114.42579678948162,-113.07243861187543,-111.62380508426041,-111.44584364417416,-112.24182396621201,-111.67584810434028,-111.95607071388359,-111.88066071599012,-112.75445772891393,-112.43949714603967,-110.31256569486075,-112.44556319046632,-112.24440779195356,-113.53614638412883,-110.53208147997387,-112.84604978853228,-111.42638195675937,-113.2131797568399,56,-112.15447239266311,-112.24440779195356,-115.58359803836666,1.4671914291524746,-0.2061761375741644,1.361344795397636
HDOK,PLOK,17472,33,33,-110,3,11,2,33,-115.05932520902975,-111.25726908567711,-110.16477994106738,-112.90306128860968,-111.89277401447991,-112.09955043678771,-110.79138310688893,-111.94719276169891,-112.18732090596701,-114.09586425699494,-111.61581503969748,-112.26635233941893,-111.52817284515687,-112.10176572964558,-112.58630091044553,-114.05549378923035,-111.42027397799134,-113.09715433887327,-112.9547930053613,-114.29828896129064,-112.28134581916292,-113.47915553322858,-110.81979545949551,-112.87433419204457,-113.02449667804866,-112.16579708750722,-112.98696952951967,-112.64067711453184,-110.71300209229646,-112.04197050970505,-110.1919775302666,-111.81268604873054,-113.69519657603036,56,-112.33485867014791,-112.18732090596701,-115.05932520902975,1.3267539003922222,-0.1932005258708794,-0.10931515531281955
HDOK,PLOK,17472,33,33,-110,3,11,2,33,-115.351775666344,-110.45795244817087,-111.34823806770505,-111.59240027050778,-112.93721207081016,-110.33434862212616,-112.58116663755487,-113.06717505895077,-116.06861748988307,-111.6380125352134,-114.34505917912765,-111.80443301617059,-112.22421827556363,-114.54914921005728,-114.86674439464454,-111.58559902745675,-112.90320427174075,-112.48750555186211,-110.57248483646478,-113.32028730018146,-111.94363575498954,-113.07722320194951,-110.84403008092237,-113.48707090338242,-112.87935303986397,-109.78099203705546,-113.44528500611193,-111.84089100644321,-112.22519712533415,-112.59149408994489,-112.19474215320096,-111.18548471956845,-114.04927790973281,56,-112.53273518057681,-112.48750555186211,-116.06861748988307,2.1147317553531453,-0.4058441700044692,-0.020057166526864734
HDOK,PLOK,17472,33,33,-110,3,11,2,33,-117.20090635726872,-110.30329255683621,-112.09331665426642,-110.85045902034608,-110.10560125535378,-113.26129084091826,-111.25086390747137,-112.86160779496112,-111.84520611251232,-112.6672807593412,-112.04035978010873,-112.62959592933754,-113.76198655873817,-111.78447238848044,-112.20612054784344,-111.48128964413878,-113.56545715615952,-112.43540615901273,-113.28376824897666,-112.13202136972778,-112.65206971881608,-112.86171200894819,-113.83279005486843,-111.58356418188984,-113.14310184227924,-113.1293631578956,-111.83268222260698,-111.79675793645133,-113.07475495336242,-113.05276240625413,-110.96762284298163,-110.30705846172455,-111.31251591749869,56,-112.34263814385987,-112.20612054784344,-117.20090635726872,1.71280381541535,-1.250448881554769,4.468348609514962
HDOK,PLOK,17472,33,33,-110,3,11,2,33,-114.41917992193996,-112.45304605120161,-110.69694251569666,-111.78455022919685,-111.69870171632566,-111.49678238351136,-111.8820591392596,-112.60177369812952,-112.85953816776964,-113.2249688530262,-114.15195739179974,-112.72743851037815,-112.30738214290646,-110.98627511271803,-113.39711602826192,-112.62950308608038,-114.0570517029547,-113.63395234278003,-111.84257300500862,-112.32089450714267,-110.70765150205789,-113.19018798371326,-112.2568197599289,-112.51556799479586,-111.24868575221794,-112.86249046048647,-112.65390574932556,-112.3376379257044,-114.19166495526495,-112.86583067904843,-114.39948474133168,-112.43391550393095,-113.07959052722057,56,-112.6034884860944,-112.60177369812952,-114.41917992193996,0.9798536732921681,-0.023817183900267228,-0.3749023473546256
HDOK,PLOK,17472,33,33,-110,3,11,2,33,-114.11160773865349,-111.81809321332587,-111.75918456015165,-112.1927202136602,-111.14597352626527,-110.66871963239018,-112.06207512719479,-112.07756366837543,-111.4822415717738,-112.45061519680122,-110.89016895458064,-112.56687171305806,-113.12903214187514,-112.74967556308391,-112.19593744375614,-113.42748083393974,-112.98765539707647,-113.23955268485074,-112.85503003311804,-111.5007387420153,-112.00199417996365,-111.3158473872696,-112.0903450875279,-113.02670005983589,-113.25527792320374,-112.77657122127036,-113.50692934308766,-112.84535197416194,-112.66722417003534,-112.31647622777591,-113.11681163598787,-112.9144964369771,-113.2357907746205,56,-112.43578043568675,-112.56687171305806,-114.11160773865349,0.6397511326574303,0.3344829806062295,-0.3509278256422115
HDOK,PLOK,17472,33,33,-110,3,11,2,33,-116.21576964483656,-108.31198996144538,-110.4581331152451,-110.54741652284564,-111.93897371704884,-111.5087931645605,-110.66565156577833,-112.1560007498222,-111.29905588378803,-113.19217826195225,-112.6148069647144,-112.67519727738853,-112.7775733219538,-112.2120743814773,-113.22927951682628,-110.84768829001308,-112.82777491495794,-113.46638935848627,-112.21863144294505,-114.07618424701597,-112.99288768104891,-113.16557145578676,-111.96718719894844,-113.40596505315494,-112.63752079951657,-112.10411783649607,-113.48137991679391,-111.90731599939019,-112.63071401027337,-114.95944521820043,-114.30852710487854,-111.95514492743736,-110.96077224516048,56,-112.41563975000571,-112.6148069647144,-116.21576964483656,2.0651274797542136,0.10942721416435892,1.7543129749176791
HDOK,PLOK,17472,33,33,-110,3,11,2,33,-114.83829420999021,-111.78835170499806,-110.113597237804,-112.51976333755975,-111.09458591818559,-113.17841572825348,-111.79050986875582,-112.12742199844462,-112.1281993683644,-115.8080526661047,-112.46344369669926,-112.66850065528885,-113.17541670077995,-111.96416991057772,-111.54752716791785,-111.96429054292638,-111.11817320037038,-112.58695435421038,-112.58907239439908,-111.1673704606926,-112.2860581312131,-112.52874055302287,-112.48960522097819,-112.87394801641808,-111.24333920061017,-112.78467689106238,-112.54257228173347,-113.60707415904947,-113.23867750729555,-112.83840134789143,-112.24845247258119,-113.00207645129316,-113.54652628890726,56,-112.48067453467816,-112.51976333755975,-115.8080526661047,1.1099734318088998,-0.8015648074492997,2.5247505774574672
HDOK,PLOK,17472,33,33,-110,3,11,2,33,-114.75829466632001,-112.78872973631312,-111.53035152538635,-112.40161538267456,-110.09854758846232,-110.31031458898765,-111.85459643713013,-112.32263006080755,-111.8303801853302,-112.7954360735352,-112.45898840034798,-111.64856612009191,-113.8161141215066,-113.17091402524889,-113.04947287881959,-112.23220857570679,-112.2809857514012,-114.01917140929389,-112.04341145113841,-113.11364700000904,-112.04446979061267,-110.8749037515761,-110.6108881837429,-111.89658025317266,-113.91766478613184,-109.90251812785847,-112.60577027022639,-112.54416954332505,-113.25200656288374,-112.38259676798864,-111.05725604200258,-112.9221379457097,-113.15758599608336,56,-112.29372496969174,-112.38259676798864,-114.75829466632001,1.252132699310805,0.24730812439607056,0.03374312879059982
HDOK,PLOK,17472,33,33,-110,3,11,2,33,-115.12526480737678,-110.23777859207789,-110.70522848429711,-110.89076175124626,-113.19215577576728,-110.15817885206434,-112.34591639385222,-113.71149727284778,-113.3642334190325,-112.23340968486976,-113.26811063757611,-112.10710973013852,-112.90214813699279,-111.55377718740046,-112.6037804930739,-111.26867525720851,-111.11770137203658,-113.85807019075743,-111.76453520068523,-115.18474225778576,-111.91500645181738,-110.8392875774588,-112.44684168983002,-113.9322787512493,-111.352520466578,-112.73691938415494,-114.07496045407107,-113.82976298940333,-112.09030021257293,-112.21491143738785,-112.33119748330651,-110.744737120177,-111.30045745479374,56,-112.34552293848145,-112.23340968486976,-115.18474225778576,1.6882239297410455,-0.3569133438669051,-0.462589345566188
HDOK,PLOK,17472,33,33,-110,3,11,2,33,-113.95778623661039,-110.61161748669497,-111.61644740423186,-109.63077526755528,-110.96663928682595,-111.91444228198162,-111.52907782863217,-112.27373129618888,-115.83013897277587,-111.6415686425482,-111.30652711619172,-113.11299948447456,-113.22004971577572,-112.50870841328465,-113.80844626941906,-112.40944348673565,-111.51563358099916,-110.58976598352481,-112.21426511332636,-111.53403014886845,-112.96875561008497,-113.21717029504892,-112.32415110449472,-111.47508550722324,-111.45450314583985,-111.35720540554254,-112.97124119184873,-114.03751153980684,-112.43175396795586,-112.2464266110973,-113.4675637431015,-110.87993003097117,-111.1586666939901,56,-112.18733511708035,-112.21426511332636,-115.83013897277587,1.4816347077565888,-0.6605297596072065,1.1385874056131526
HDOK,PLOK,17472,33,33,-110,3,11,2,33,-114.95719770188988,-112.02004940514584,-112.11129270640838,-110.69082900314255,-110.96417247737118,-110.65012970737305,-111.34486676138712,-114.1957966210105,-111.58509730930422,-113.35562099794133,-113.5045898907743,-112.32062128211321,-111.42332002578043,-111.77239775672382,-112.2138634409794,-112.25708609248792,-113.8662011516246,-111.88176090010428,-112.84822053544002,-113.85370269722785,-113.00824897457447,-112.01664577298587,-112.27555821249618,-112.25826198730654,-112.10215123676802,-112.35738504992553,-113.16576964667976,-112.05959123639506,-112.24554493373314,-114.64921569870813,-110.74508110550434,-112.06875890150742,-112.95395069034025,56,-112.4158478760956,-112.24554493373314,-114.95719770188988,1.1413423728183634,-0.5300548170919607,0.016879977490819265
HDOK,PLOK,17472,33,33,-110,3,11,2,33,-113.19629693335673,-110.4942004319358,-111.61768239382727,-111.05575826835765,-111.79830878094594,-111.02818267852113,-111.91900329154865,-111.99884706142986,-113.51814366002522,-110.48379290506941,-113.28776696431261,-112.50384020794158,-111.97213263039978,-112.80524828120167,-113.5012084228927,-113.00623940450045,-113.95162368402498,-112.7239076668904,-112.51110571789235,-112.63561519588085,-110.93791582582818,-112.51449115816042,-113.5543020971695,-113.46967545331765,-111.67986670686592,-111.50868169688724,-110.96539632501398,-113.91212897601217,-112.81350433071078,-113.66300759103999,-112.05296462642606,-111.84589731698549,-113.05703883585414,56,-112.36314471276442,-112.51110571789235,-113.95162368402498,0.9822957081522664,0.2317488383702585,-0.9626471519512432
HDOK,PLOK,17472,33,33,-110,3,11,2,33,-114.87339473537699,-110.66824867469656,-112.36765198835487,-111.07766938338686,-111.01798993761611,-113.70113520856303,-113.93665454881817,-111.06612039391672,-112.16153869695708,-112.88323337517771,-112.16806875634288,-112.14550538802455,-112.90027991087338,-111.01432503219566,-112.97166533012351,-112.95199461442424,-112.93207742199722,-112.18941858907927,-112.58804826232229,-111.01262066581711,-114.5212347539499,-113.25278869095702,-112.40857241292159,-111.75959517626399,-110.99753608758017,-114.02642504630911,-112.39148691585815,-113.64095738555041,-113.29700370476132,-111.4628879239776,-111.37802602430435,-112.68529306159631,-110.87109548252381,56,-112.4036528357763,-112.39148691585815,-114.87339473537699,1.243732030411685,-0.2748135873541823,-0.6786934896041044
HDOK,PLOK,17472,34,34,-112,2,11,2,33,-111.85298675466748,-112.15954738025833,-113.96686136136098,-114.24922987447059,-114.15749869589202,-111.47366944186224,-111.51494428950625,-112.18534302058534,-113.52517969353048,-111.7655977282266,-112.8827609838915,-112.98258050051828,-112.14537862449828,-111.26752112423725,-112.3083399238764,-113.54103753682007,-113.62814727863056,-112.48612690599748,-112.77932736628067,-111.77418344180377,-110.73551833649832,-112.05263433603035,-114.7888543500478,-113.37061286452435,-111.55356840051547,-112.41516240318599,-113.82282338687936,-112.274225363577,-114.09211863942112,-114.4965331846945,-113.00345896955992,-112.49194608178293,-112.46089026432551,56,-112.7334729850896,-112.48612690599748,-114.7888543500478,1.0369727180483668,-0.24274278054546367,-0.803019102481529
HDOK,PLOK,17472,34,34,-112,2,11,2,33,-110.86505120319788,-110.94946101154314,-115.01125098130314,-112.94349271632252,-114.84502379784615,-113.45435632078684,-113.00220130219299,-112.42743429247304,-112.46209750297795,-111.06489276384704,-110.51380847368377,-112.20394029628585,-112.9968901607679,-112.18862331538008,-112.79333446948027,-112.62805164425728,-113.29292079554743,-113.15266904740264,-111.57703368998929,-114.23847392208793,-114.92438376148932,-112.9798898268385,-111.88681057397366,-111.5138546204922,-114.14288586817011,-112.16207700077081,-113.14853142091424,-114.19944538475161,-112.5403494437828,-112.54912649107222,-111.57731675687289,-113.24252223930439,-113.3875959666923,56,-112.75350900189387,-112.79333446948027,-115.01125098130314,1.3141990780135322,-0.1225925579632823,-0.3352940343557669
HDOK,PLOK,17472,34,34,-112,2,11,2,33,-110.56750637705741,-110.38532978612437,-113.50877577342473,-112.57935907001541,-113.65780641214134,-113.02449036540665,-113.09861180129161,-112.91859268407552,-111.47770590318554,-111.99543346757808,-111.64836821161899,-111.72347418055443,-112.48875345000941,-111.24155200212402,-113.92341875603091,-113.76254751920636,-113.70380946444672,-113.5053809954822,-111.94118006815009,-110.8080961725523,-113.25962250988628,-111.05846171993252,-112.11410143105878,-113.78140819720821,-111.4889733415955,-112.05647602479716,-113.12745261660132,-113.11539815240668,-111.81048607230886,-112.17798005692357,-110.63236686222221,-111.76849387822433,-113.49294690179579,56,-112.35892000683144,-112.17798005692357,-113.92341875603091,1.0974185983615585,0.20218547615681587,-1.1375297557027029
HDOK,PLOK,17472,34,34,-112,2,11,2,33,-112.31977376786402,-112.51430634737339,-112.59931226335785,-113.40986373606313,-114.21659901818641,-112.27943343467477,-111.92848452268842,-113.02955299291261,-112.99458159608233,-113.03800172777368,-110.26086598140945,-112.16364574839903,-112.38907438305408,-112.42697064209185,-112.38201470850738,-112.3764339210927,-110.53343215412423,-112.42401971225561,-113.13028734649522,-112.52912968668915,-111.06010740684242,-113.06091286832384,-112.69294214628142,-113.1259306362978,-112.18572286630993,-113.16554887296833,-111.85209176635642,-112.39290576911827,-113.86871733837788,-113.16154598896263,-114.44998775886489,-112.23172574569018,-113.29613931751452,56,-112.59060794463649,-112.51430634737339,-114.44998775886489,0.7512154082085086,0.5447626982830752,1.4894456861278562
HDOK,PLOK,17472,34,34,-112,2,11,2,33,-110.0064648733565,-110.35916128148541,-114.17369083526359,-114.07977259549918,-110.72084370025173,-111.68615516881384,-111.2198271259999,-112.667102176945,-111.75434213370093,-112.82662177992889,-112.79142096253045,-113.32443748380665,-111.86778475912638,-111.96104245047337,-113.39816485268052,-111.82100550605516,-111.29963079116457,-112.58509386400058,-112.15500251066,-112.8900963926523,-113.37213564132843,-113.71922514656042,-111.54275312550102,-113.00976549914273,-112.46072834232994,-114.6672238054216,-112.12593340519291,-113.59325097360717,-111.97043280744482,-111.73640055763555,-113.12413111259569,-111.8701043392249,-110.96403392180399,56,-112.35587211885404,-112.15500251066,-114.6672238054216,1.1962799200976633,0.008344716927292573,-0.3488413171064204
HDOK,PLOK,17472,34,34,-112,2,11,2,33,-111.8767013911667,-113.18296419708611,-114.36945421684061,-113.71519563365278,-112.793588418265,-113.02567005942561,-114.61977059178551,-113.27471516227406,-114.24552324561782,-111.10677651648491,-112.46865903227756,-113.35802058730236,-111.8111523742075,-111.72462992507776,-111.61294353340745,-109.29541358292916,-112.90045927868022,-114.10823147307606,-112.39308163368646,-113.5025267590795,-113.49920285904349,-113.60303556087258,-112.0792509378386,-112.05153869801741,-112.7607970569356,-112.61704969046805,-111.03443972120316,-111.18633743507792,-113.13510016718794,-113.50187225100845,-113.29597103549867,-112.27642285866209,-111.17751928085846,56,-112.65466712621196,-112.793588418265,-114.61977059178551,1.287929758134631,0.6733045711018313,0.7832996643137702
HDOK,PLOK,17472,34,34,-112,2,11,2,33,-111.23169856715778,-113.46129741114672,-112.7025018398434,-112.96778735401202,-114.47060027171727,-113.28702392877346,-112.48293238692371,-112.79847367009631,-112.70758475690637,-112.43178080414654,-109.9409680693208,-109.91455586278319,-112.77307581802884,-110.07712121530508,-110.95501458125023,-113.35724132826354,-112.01248813146982,-112.27866369720674,-111.65555894072432,-111.16987620693997,-113.19157227273345,-113.2989077799832,-112.47298515157,-113.20628763091392,-112.48041999613625,-112.84222540252833,-111.42265784703558,-112.47494105792703,-113.89937731804868,-112.15203756465436,-110.57842623302398,-113.71972067208722,-112.57815966163508,56,-112.33315040697858,-112.48293238692371,-114.47060027171727,1.2649399396551961,0.643077917982087,-0.0539011778552716
HDOK,PLOK,17472,34,34,-112,2,11,2,33,-109.94981467997745,-110.61875478528415,-114.201621418306,-113.80668339416914,-113.6070491930027,-111.35122925153762,-114.08034731015897,-112.73543195761852,-113.60082087556376,-113.31439900849274,-112.68718537688824,-113.76864997424266,-112.77746147540113,-112.72850758201072,-114.04482203563724,-112.50636878177448,-112.02436233547465,-113.69692462991412,-112.93190596373411,-112.18161941414571,-113.30164249746679,-113.55303383308302,-113.35483807422715,-111.68254529639128,-112.05219998905002,-112.77246903467605,-112.89450543569154,-110.78031249374499,-112.64604756127389,-113.54600195120557,-112.97110150893229,-112.31326773315772,-112.61984788359487,56,-112.76065977987362,-112.77746147540113,-114.201621418306,1.0123748522042098,0.9910686451294097,0.8477984586842839
HDOK,PLOK,17472,34,34,-112,2,11,2,33,-111.98578731551893,-113.92520918068216,-112.75669221400378,-112.72535588229358,-113.05961682315778,-113.68660390280229,-111.53020154876971,-114.37253653036832,-114.37503796583539,-112.70903509904143,-110.6497088659798,-112.81171900780129,-111.2666987775148,-112.9630280799657,-112.53695813341606,-112.60441755531636,-113.23643119072379,-112.88065717160421,-111.43216196305667,-111.24804870737977,-112.86911077218312,-112.56429781323476,-111.3141670600845,-112.65069650787882,-110.3364394450072,-111.95133733207048,-111.3630286439015,-112.16988261674744,-113.8699882432165,-111.8102749801004,-112.585913798972,-113.2043289755464,-113.7963179161508,56,-112.52247545516138,-112.65069650787882,-114.37503796583539,1.0083642871644172,0.15062036614925078,-0.41570216115663294
HDOK,PLOK,17472,34,34,-112,2,11,2,33,-109.63580337017224,-112.25887931852311,-113.14557315578887,-114.09152370422768,-113.38602314923443,-112.19389794720546,-110.04005808485174,-110.38358317802657,-112.16268004733634,-112.65356408144079,-112.38059878936907,-109.92149821824167,-110.62099795080631,-111.99221786808812,-112.58420592106695,-111.92838362104149,-111.33216127679624,-112.25367555452519,-113.77383360890515,-111.43371446701195,-111.67387345656238,-113.51660460681165,-112.74386283522155,-111.11187655578763,-113.0853857258943,-112.90551631342612,-112.62035239632448,-111.59215884677715,-112.25082645499657,-114.28295848500795,-111.75746545555428,-112.7145206779797,-111.03135801303014,56,-112.10483736775859,-112.25082645499657,-114.28295848500795,1.321753346331428,0.3055422764922907,-0.2550489330588994
HDOK,PLOK,17472,34,34,-112,2,11,2,33,-113.22195060880324,-112.00869082223501,-113.53149416975813,-112.89684943181771,-113.703656128365,-113.93662704605752,-112.75456503904641,-113.52627750539895,-113.1950269975518,-112.52993333928369,-111.3512430204598,-112.19737527245302,-113.7910212351137,-112.791581236842,-111.35223061741466,-113.2255198243084,-111.62064287652683,-113.08589164956939,-109.68136175555512,-111.71615809915352,-114.53391807825997,-114.25997586715872,-111.83756579334305,-112.5240850394025,-112.68479161251973,-112.6092920435739,-113.38044970430744,-112.2993576430939,-112.93983049780223,-113.68338996079979,-113.21018876600536,-112.95678851172823,-112.85059558216726,56,-112.78449472048108,-112.89684943181771,-114.53391807825997,0.9113731566663975,0.9574412635188958,2.0229431742279567
HDOK,PLOK,17472,34,34,-112,2,11,2,33,-109.64127863099833,-110.88004265191161,-113.95531999461993,-112.4388047712911,-112.86322836218672,-111.57826848010203,-111.52028059034134,-112.58363238418278,-112.02332258438285,-113.79055002420057,-110.04957345042293,-110.68251999382109,-112.44977240022186,-112.51573070458423,-111.850958496485,-112.46613364212874,-112.12206192627794,-111.84562397786266,-114.13287415453449,-113.76618006122708,-114.4446785691641,-111.50637123599513,-111.65798826002187,-112.74059618246496,-112.34008414836445,-112.62818163308192,-114.86793598974457,-110.63764105745972,-113.99061361301963,-111.7470872264667,-113.59651097596664,-113.26159635793081,-113.19060691913754,56,-112.41715301365461,-112.44977240022186,-114.86793598974457,1.5396348372926503,0.1476391268727387,-0.29486149042325627
HDOK,PLOK,17472,34,34,-112,2,11,2,33,-111.61033018229249,-111.6814765131451,-112.4124476406827,-114.26928142344444,-113.94671129856242,-113.54567888048496,-111.35166168608792,-113.4324459721401,-114.75687120852716,-112.96655627023011,-113.95686573836356,-115.12792585329854,-112.55002300799629,-112.83831431511963,-113.6068732477784,-112.33562509689985,-111.2912133670943,-113.35972880849623,-114.6858453930865,-112.49193079970993,-113.32591692552681,-113.03336602224356,-112.9234050354705,-113.10696793509011,-112.01999540599311,-113.13512542508069,-112.01590064144494,-113.70051080615197,-113.83629847097971,-111.71673193158317,-113.64086225765065,-109.48846329752988,-112.90131723520402,56,-112.94129297252695,-113.03336602224356,-115.12792585329854,1.3027132213799244,0.6309949789676991,1.1966875050371786
HDOK,PLOK,17472,34,34,-112,2,11,2,33,-110.17680042828974,-111.90052108333322,-114.41194985894109,-113.08319999457723,-113.81448086801507,-112.3833504672982,-112.14407561237769,-112.08939628024746,-112.78240826061642,-110.63116535133489,-111.38783130920154,-114.52317339131588,-112.65111616905064,-112.99170839371027,-112.34287382614619,-113.36762759646679,-111.64568797178032,-111.90559665146543,-113.02846765271187,-111.72278032693241,-113.70136744690623,-113.1590622846525,-112.72846924335926,-113.2721891180461,-113.65243592839852,-113.03196406788902,-112.48556150378477,-112.8087629250823,-111.95747471354335,-113.81956400168521,-112.21685059767839,-113.25259075893227,-113.38380848826165,56,-112.68043371430402,-112.78240826061642,-114.52317339131588,0.9188410998720713,0.45320725043479404,0.46056297753348785
HDOK,PLOK,17472,34,34,-112,2,11,2,33,-112.34901101366015,-113.07424087467206,-114.6929249053184,-114.8412707105365,-112.96291291487348,-113.51277433344275,-114.84070707097447,-110.64637296075583,-112.84536188581939,-110.09115521823627,-110.81189681823565,-114.96478598281142,-111.84541653729245,-111.71971655936593,-110.93023890116936,-111.62436658342845,-112.01569022788077,-113.51765149776895,-113.21496467671537,-111.23066970792067,-113.39562215596906,-112.45739877848371,-112.53046441892478,-112.9423116429973,-114.04060849233895,-112.8516050784943,-112.99335096823425,-112.08028814573815,-114.55662978506966,-111.6834424824088,-112.86286730883458,-110.9557575737563,-113.1185736048859,56,-112.67275908536405,-112.8516050784943,-114.96478598281142,1.637364603701956,-0.03767611024080623,-0.5884846222788234
HDOK,PLOK,17472,34,34,-112,2,11,2,33,-112.25709544665736,-111.05133004429646,-114.79481121595663,-112.297302410204,-113.21774575940391,-113.87859441714359,-111.51328338256894,-111.75554105909623,-114.29475031500698,-110.81754257007509,-111.18342309962334,-110.86960463000523,-112.20013642154088,-112.13563375411907,-113.47347723503303,-114.11655679506447,-111.94443238785006,-115.34882884106722,-112.812773623857,-111.41412741720674,-113.23903793975505,-111.8812693342982,-113.6145437698024,-115.32138592492777,-111.53297427169278,-112.51672218292306,-113.14700100666579,-111.11742943793966,-113.12403343679904,-113.06294139062122,-112.02926820020124,-113.12518543060685,-114.47542902751655,56,-112.71406703574321,-112.51672218292306,-115.34882884106722,1.5891700722325204,-0.42516626100544064,-0.6481859006171504
HDOK,PLOK,17472,34,34,-112,2,11,2,33,-109.35611637146012,-111.45673677236556,-115.56041219427158,-111.0433152957927,-114.19373128702752,-114.16658252876172,-113.39935857671514,-113.24582632348228,-112.05437731225751,-113.52793161910749,-112.98677248370737,-111.27842619582523,-113.18667441351452,-110.24928743273037,-111.04342344923002,-112.37573291265358,-111.13964258191268,-112.24919855071244,-113.3519447268631,-111.36987336724894,-112.48242100162607,-112.18543503117174,-112.27689342308548,-112.214042110483,-113.45081865915348,-111.82597757685656,-112.24607808883124,-112.83079660161928,-111.9050904421026,-112.72937698440029,-112.88551916681907,-111.66472585297227,-114.08036810200937,56,-112.42463355869002,-112.27689342308548,-115.56041219427158,1.4961510057343566,-0.011520193636687591,0.7174407591452581
HDOK,PLOK,17472,34,34,-112,2,11,2,33,-110.21514837264783,-112.4259758091159,-113.38557094444391,-112.58117237924445,-112.59162386345265,-112.96819197250758,-111.65662005074236,-112.85015914347835,-112.84656862934855,-111.43643853138545,-113.49121092350936,-112.0990416958167,-113.1251809161884,-112.52699492370502,-111.8873687499131,-113.28568766770547,-112.06196736802426,-112.28835513333813,-112.96919712056587,-112.99701524792383,-113.81433064925474,-113.77005134762746,-113.56279475065502,-111.74680828867474,-113.73015458570859,-114.79708468912537,-112.7523266299945,-113.75871564630548,-111.76946158750162,-112.54851359099338,-112.95361970315439,-111.99965688331116,-112.65482382433171,56,-112.71357065514228,-112.7523266299945,-114.79708468912537,0.743850954059434,0.3312102127057433,1.2262717379715222
HDOK,PLOK,17472,34,34,-112,2,11,2,33,-110.54880980979162,-113.75448474353054,-114.59450823103847,-114.24132050818352,-113.3627510003981,-114.01248948253104,-111.9722542954342,-112.62852902039768,-113.40086093122632,-111.54869840671982,-111.17117876042057,-113.63004662893566,-114.18112857848159,-112.06125227409593,-113.72506650084641,-111.86191980434337,-111.91833674359023,-113.72278173355498,-112.73236704885237,-112.95827151611175,-113.22001629168062,-114.27442423220967,-113.20192727482542,-112.1244536365975,-112.20027490568697,-113.49068380006668,-114.13358543005495,-111.79075846783451,-111.70771497761993,-112.86090134705141,-113.26669231410904,-113.00287274606558,-111.23011320032006,56,-112.86459014068507,-113.00287274606558,-114.59450823103847,1.0690566401900978,0.31557654837611976,-0.8264043887928025
HDOK,PLOK,17472,34,34,-112,2,11,2,33,-111.39158420537342,-112.9837085896666,-113.8848369725031,-112.44992838166277,-112.46002734980429,-111.27820860767426,-112.9992123694927,-111.65234309842414,-111.5266767767045,-111.89116581792216,-112.80164274027884,-112.50356639287038,-111.68239743131294,-112.57123714098987,-111.64099051201468,-111.26467368220688,-112.07380627170362,-114.34498273502328,-111.93396207081538,-112.95397521618885,-114.60249379184192,-114.21217565144912,-112.62332865361645,-113.10507808066134,-111.34771459007274,-113.18899521138873,-111.44218630416066,-112.15017609355007,-112.30497188685524,-111.68346931506771,-110.08391412850872,-110.68070587941864,-113.26809892101213,56,-112.33279499606778,-112.30497188685524,-114.60249379184192,1.0484901097810995,-0.30835049450557955,0.007580405387405786
HDOK,PLOK,17472,35,35,-111,3,11,2,33,-115.74634551728886,-110.15475926690856,-110.94547774678433,-113.00994707489252,-112.1233410570753,-111.56372274769146,-112.51384140031033,-112.39412040572282,-113.57925203055915,-110.7039898865387,-112.16601327755521,-111.26768930644604,-109.95028226454687,-110.63602672497876,-111.99121214393423,-113.84222930957036,-112.11658640917567,-112.49512279582981,-113.67542885288813,-112.19561791511717,-114.18541532757989,-113.96462199156679,-112.06547149529527,-113.17158732495682,-111.53416036459662,-113.56320936127214,-113.85735520837159,-113.16519198894677,-111.3545285316611,-111.42325138285582,-111.78584863526946,-110.89268440295243,-113.98216287476916,56,-112.36413621284568,-112.16601327755521,-115.74634551728886,1.713622557563671,-0.30458321741248645,-0.15746934883569308
HDOK,PLOK,17472,35,35,-111,3,11,2,33,-115.58613259970352,-111.84037048786895,-110.7620498454654,-112.58695942611713,-110.20420419880621,-112.6215647145436,-111.51735710957303,-112.68455380787881,-113.42269144506398,-113.06427084210125,-111.65844668948438,-112.3846645818656,-112.41910046252994,-111.54736842360555,-113.0377128896859,-113.29470427901498,-112.76963443699458,-111.27291250863003,-110.91992865210509,-113.56811024107185,-112.97139746250399,-111.98162780811624,-111.43833282809206,-114.10088688857846,-112.63406371415977,-111.96698331618417,-111.71255582598734,-112.1783937484747,-112.3145806151194,-113.3886135362624,-113.59580930745102,-113.65010370255311,-111.47470980675365,56,-112.44153927885895,-112.41910046252994,-115.58613259970352,1.1426326804674771,-0.4602552123714128,0.9842629108813434
HDOK,PLOK,17472,35,35,-111,3,11,2,33,-113.16804874260444,-113.54511658145708,-110.78704379477946,-109.65415745347262,-113.02731619025914,-112.8194854859781,-113.2841159847815,-112.12978064532358,-112.10372335922835,-112.00430535349533,-110.80616210214407,-112.32301544730508,-113.53717519409747,-112.46363718368913,-113.96952744416181,-113.52696353041456,-113.04615685094532,-111.90741257776973,-112.74082886116801,-112.10529778012351,-111.17777585310216,-113.63706378264119,-111.80345593099214,-112.87264195315908,-113.24086107784899,-111.33254337033003,-112.84445692493199,-112.56615159417288,-113.12138546818053,-110.99635269592862,-112.56028131407903,-112.32360915598328,-110.88806377664744,56,-112.37314889276351,-112.56028131407903,-113.96952744416181,0.9881963189365459,0.7418209604613594,0.17970022546762232
HDOK,PLOK,17472,35,35,-111,3,11,2,33,-115.0162459374822,-110.21118166693363,-112.04709018757939,-111.0575847938609,-109.70858784696536,-113.75476456570328,-111.03750904696868,-113.6970621195193,-113.11324491285076,-109.74095933810403,-111.86924395933816,-113.44008285325086,-113.5927462497355,-112.61503762020443,-112.43839172339494,-111.35681497011598,-111.40147565902997,-112.33693661225867,-112.56972975188384,-112.04655125165169,-112.34852686265829,-114.16005411064937,-112.14328907951771,-113.16792650019143,-111.52989586992682,-110.27714738614614,-111.9310150625626,-111.70702709576786,-113.70950962282694,-112.31211468642874,-113.50437044389615,-112.60845992330532,-111.59320448998747,56,-112.24375097577865,-112.31211468642874,-115.0162459374822,1.5571777091809889,0.12764704748071,-0.1680572912853533
HDOK,PLOK,17472,35,35,-111,3,11,2,33,-113.59263500434548,-109.87672711212734,-112.0304197017172,-112.99123857145065,-113.45756890307861,-110.58485768535081,-111.63750709527183,-111.64789149024769,-111.99929532669316,-113.41057824031847,-112.8467478161712,-112.51186942881408,-112.42343577839699,-111.25603554470547,-110.95617231466714,-111.67332010429723,-113.27605570667774,-111.19168449413431,-113.2726276675641,-112.17917332077319,-112.66154057347222,-112.67971786534201,-112.02316104467366,-112.46449907805767,-110.47615134028685,-111.76043599474681,-112.17999219330129,-113.69458041739131,-113.25721955324485,-112.74132915649619,-112.34802179577567,-111.76179685483544,-112.31120683963105,56,-112.21743921254722,-112.31120683963105,-113.69458041739131,0.863213520540765,0.5218422058358727,-0.05429196904084632
HDOK,PLOK,17472,35,35,-111,3,11,2,33,-115.83310294921013,-110.85686195620569,-112.28567499210678,-112.2711148997689,-112.77126548583982,-110.73469759243528,-113.22461702164179,-112.35919499545739,-111.94661752210611,-111.9743106760985,-112.6621434923031,-112.20830456774027,-113.83955159935788,-112.49698694994257,-114.59304659934669,-114.91565853396055,-112.64069569681959,-112.3613525020984,-112.76903345815062,-110.95457196364777,-112.38571891915238,-111.83307906479209,-112.86603793879,-113.44694118142549,-111.77386733462751,-114.09509622237316,-113.69312986800836,-111.8108921124051,-111.42774855538416,-111.45403835568877,-113.59838034812783,-111.5698922069038,-112.86815434993882,56,-112.62187211854108,-112.38571891915238,-115.83310294921013,1.3110964835546859,-0.784843707878455,0.7365397532743265
HDOK,PLOK,17472,35,35,-111,3,11,2,33,-114.84634124681311,-110.82024443888007,-112.65384881398622,-112.03997488197825,-112.63288388395208,-112.63315300183275,-110.39246007241162,-113.33664474407351,-113.15701661928975,-114.23519822752962,-112.29924093550034,-111.5554348988792,-109.93334201718658,-112.97483794601382,-112.16554208192782,-112.93498928101286,-111.59552588349396,-111.71084490816573,-114.94310339119714,-111.127546129913,-112.31835827197268,-112.35681187280852,-112.22116264324522,-112.21020721527097,-113.1497975814639,-111.60031679178907,-114.17451076962651,-112.7269025887181,-112.61721190711269,-112.2747694298537,-112.95790210339429,-111.03143578135098,-113.11368565094591,56,-112.44670442459365,-112.35681187280852,-114.94310339119714,1.2587253047383737,-0.1343871271887749,0.4207320411092166
HDOK,PLOK,17472,35,35,-111,3,11,2,33,-115.45600367680538,-113.30924225743604,-112.61015581804976,-112.63753079473497,-111.64093073522983,-110.98553516166993,-112.40310614872477,-110.89518494542243,-111.43472797245886,-111.75526556541229,-112.47368079256351,-111.67883649136235,-112.0035881769304,-112.78528290508706,-111.65344912092904,-111.35452375686427,-112.27745381749038,-111.46161246103736,-111.14736665936721,-109.39225891783494,-112.18934226511912,-111.71547641234788,-113.22261477382887,-112.29799294890162,-111.07754867608858,-112.28688500711895,-111.54696296865242,-110.73348804928101,-112.82043750536,-113.29456085179481,-114.0614885616741,-112.4519030083071,-113.52784677310572,56,-112.13885709021184,-112.18934226511912,-115.45600367680538,1.2023149493294005,-0.49818799962451205,1.906024995460362
HDOK,PLOK,17472,35,35,-111,3,11,2,33,-115.21192229029586,-109.86524663593072,-111.65536449284679,-112.48497426421838,-111.56054037608965,-111.34899326519918,-111.26223252116043,-111.34524429266908,-111.36366966272237,-113.25668348342546,-112.77822190969275,-111.2073980305651,-111.20339609783662,-109.93538052792857,-112.0011407752117,-111.0048712342663,-112.7604416991365,-113.80122382289917,-114.80190153974127,-111.37232474463526,-113.75996515003543,-113.70062202345693,-113.63664692950864,-113.1035566519721,-112.10362873132718,-114.03247828056809,-113.08684473884456,-112.83255014275248,-111.8460791927338,-112.57069566517609,-111.62413653701586,-112.03133549333963,-112.79411038478928,56,-112.3437521693331,-112.10362873132718,-115.21192229029586,1.5489478335588425,-0.24406001912374292,-0.16184221097887885
HDOK,PLOK,17472,35,35,-111,3,11,2,33,-116.5925286172654,-110.98294807604707,-112.64458149315655,-111.16937271400488,-112.24157630280625,-111.5896357858252,-113.08606534081596,-112.543150235864,-109.48532376635399,-111.41966630980065,-112.11576779640478,-112.6109012197421,-111.24949991206832,-110.60981300294198,-113.44589355374777,-111.99014617797863,-111.8989799317458,-111.8758880849904,-112.82544645032993,-112.52891831756317,-111.98391161976603,-113.80163990124875,-113.8365291155614,-111.86575879915414,-110.07013656236126,-111.55285540291901,-112.86146716559497,-111.62020465532996,-112.35774364989537,-113.43922138957763,-115.89389380419252,-111.07091141281495,-111.71747130459866,56,-112.27205599613538,-111.99014617797863,-116.5925286172654,1.9655375926232297,-1.090866479895666,2.539023232603188
HDOK,PLOK,17472,35,35,-111,3,11,2,33,-116.82830293072934,-112.25989601291137,-113.58375878420891,-109.99519380265633,-112.38418841914401,-112.0717420706741,-114.0157181297413,-111.78425177094472,-112.68315996351019,-112.72057666220768,-110.79357490897885,-112.14330220497602,-111.905631831236,-113.5188977050494,-110.88254548259447,-111.40148167605152,-111.75097185382498,-111.16090062039378,-112.17481706715948,-114.42131345292356,-111.12215405268367,-112.08607420370171,-111.84342267546913,-113.36530946657105,-111.90737225510395,-113.82140152778345,-113.38843149386386,-112.28041418817797,-112.46611237730241,-111.42306548639286,-113.70397028068673,-111.13660384559182,-111.93052425219244,56,-112.3925782259223,-112.14330220497602,-116.82830293072934,1.6464043565344388,-1.2028045021480847,2.9515949723685924
HDOK,PLOK,17472,35,35,-111,3,11,2,33,-114.82757413658663,-111.89077292696386,-110.88332057311396,-110.17324147885549,-111.96558188105158,-111.1587214343436,-110.96026393555161,-111.33617285208088,-111.61961982342206,-112.0215178357481,-112.99646955727955,-113.93541529087044,-111.26878558123067,-111.51992637262457,-112.53721486857799,-110.54833445226475,-111.47093737875436,-113.30052296764833,-112.74048418769793,-113.05987926976559,-114.29666911925578,-111.00827222471983,-111.48043054347643,-112.55399610523953,-110.38139554213278,-113.4867749377175,-110.7868296732331,-113.1142001437396,-113.55502484728521,-111.83007036956988,-113.6355912732268,-113.49266147846681,-111.14071331384396,56,-112.1508298901921,-111.89077292696386,-114.82757413658663,1.4614003457093199,-0.3637644179622714,-0.8630601471150339
HDOK,PLOK,17472,35,35,-111,3,11,2,33,-115.66855422133264,-109.40259497728846,-112.6479702827505,-111.84283664388678,-113.17384386995944,-113.60128862727403,-113.71254125046018,-111.90567951554348,-112.58570014302443,-111.8737258697903,-112.28124232009506,-111.55528900947144,-111.889841929016,-110.78934952569428,-111.27506122195267,-111.94775673459488,-110.12871651656813,-111.35260928299381,-114.04073137976799,-112.81875004510515,-112.81180315107353,-112.00732686070958,-113.42241039929425,-112.40550141055262,-113.46341208909392,-110.48904001640587,-112.92516978867398,-112.26945426109693,-113.62043771401743,-112.63871119210067,-111.6572337101915,-111.52445756668395,-113.15690759456675,56,-112.32987724609184,-112.28124232009506,-115.66855422133264,1.4622869249256982,-0.07211137940786658,1.0658564613781834
HDOK,PLOK,17472,35,35,-111,3,11,2,33,-116.52212059920558,-110.30995839322259,-111.14641218233739,-111.54845290417617,-113.84502181737199,-110.53837572182113,-113.20529535446256,-112.64963980811368,-113.88505269750189,-112.86296673729281,-113.00115967348265,-112.40185724875128,-113.81570926043153,-111.97451666570046,-111.38874547096668,-111.84735807266728,-112.70121860420657,-113.8243679557689,-111.30481950473035,-111.27335091895063,-112.78121827863377,-112.81671569935428,-112.58785965419612,-111.73666559753777,-112.09860750375658,-112.78243879285532,-113.72351486480058,-113.8376769924797,-112.61456723422114,-111.34685806331377,-113.10501865549143,-111.64135491927802,-112.498710885315,56,-112.53386687067866,-112.61456723422114,-116.52212059920558,1.4333384744752078,-0.8439928636678967,2.3034548163263016
HDOK,PLOK,17472,35,35,-111,3,11,2,33,-116.45478913649673,-110.06391555163368,-112.89015092630719,-113.56125548920672,-111.58831920435485,-113.05064184589031,-111.48035898057222,-113.53688227585734,-111.97087632506569,-112.32464488234854,-111.45522343321267,-110.90051493712006,-111.61442768070721,-113.21490943162456,-111.51249560050799,-112.12451147148265,-111.50145014949256,-112.31132801313639,-112.80586060726442,-112.95186322273939,-113.19908089929304,-111.51353174265797,-111.85613530386642,-114.45129937946338,-111.50820062694022,-112.80671572861559,-111.33307131926199,-113.51037993416558,-113.45990017645076,-112.17887974686462,-112.11322170540585,-112.35845444789825,-111.95244163482263,56,-112.41077975184022,-112.17887974686462,-116.45478913649673,1.3388074283792242,-1.1897297788887924,3.3058642379316674
HDOK,PLOK,17472,35,35,-111,3,11,2,33,-113.09015687519894,-111.24085824298521,-110.77088339430443,-112.66433067601047,-112.64897680455987,-109.1556577439617,-113.8482833787434,-112.6409787488991,-111.42861987004228,-112.75507016519751,-113.02226868319977,-111.33360607950402,-111.11850349404067,-113.44381278769637,-112.95368918799575,-112.39755672507742,-112.4387696287622,-112.03111777402204,-111.54930160166242,-112.42000052958379,-112.82740831870382,-111.11907659307447,-112.64252013275728,-112.16709086111698,-112.64746478129885,-112.54641222145041,-110.5897936166028,-113.73541977303233,-113.71725507039756,-113.11881180893103,-112.3270582687659,-112.45338085489693,-112.560843297346,56,-112.28499933302491,-112.54641222145041,-113.8482833787434,0.9912146848664412,1.013316454868904,1.5317955954414129
HDOK,PLOK,17472,35,35,-111,3,11,2,33,-113.69009185905722,-110.4875862946051,-111.09902258970781,-111.46768617631245,-112.2668330570956,-110.42415911831313,-114.5696302623404,-110.58180139028713,-114.06196777359078,-111.28888216432493,-110.97208136276325,-113.69892930709818,-113.48808379352816,-111.75189359890894,-111.32343538589245,-112.04302680229904,-110.65778519621816,-112.20719681299857,-113.5181388643039,-111.6476775730298,-113.52847882071207,-114.96262403058988,-112.00703813377653,-112.83565706387023,-112.11245464083909,-111.78605403093623,-113.13476240833774,-113.15662376360362,-112.40477156780445,-111.30301363576241,-111.94394984059682,-113.25573288408489,-112.08094810440174,56,-112.29569752448455,-112.08094810440174,-114.96262403058988,1.4231322132374558,-0.36111299465024016,-0.6621227705357344
HDOK,PLOK,17472,35,35,-111,3,11,2,33,-116.27820511081059,-110.99662491420463,-110.94829865313814,-112.10210718086397,-111.06649717761563,-111.42582468060768,-113.22846816979326,-112.98749280681008,-112.32583858142472,-113.27477405923138,-113.52260075546576,-111.51726527154509,-113.38169754919784,-111.59985257172298,-111.91312645625432,-111.57614288916653,-112.78986815489623,-113.2427694382201,-111.24087865361031,-113.15662120587713,-113.00894407043158,-112.58570324763447,-111.35327276291962,-113.61894586134053,-113.22601343305384,-113.59950858082833,-112.63489940405931,-112.66112314458103,-113.24178157749535,-112.31593597193046,-112.59424722940307,-111.25657386196715,-110.30183902321288,56,-112.45374977119134,-112.59424722940307,-116.27820511081059,1.2930941097212165,-0.7960018258589545,2.3261564106913526
HDOK,PLOK,17472,35,35,-111,3,11,2,33,-113.47420783003979,-111.96848425236459,-113.91259861098199,-110.62213888358771,-111.98934651632537,-112.36400531868229,-113.14431659658999,-112.5287542883123,-111.24086716324602,-113.47913333944632,-112.5846632803156,-110.98120713400832,-112.8493465902646,-112.3254570832685,-112.47573566615755,-111.87227798792652,-113.69947841987823,-110.99001142317154,-112.7213127468774,-111.79490522074866,-111.52579687154385,-112.32232166385938,-112.17180704873677,-112.97078285882601,-113.12437069456377,-110.87773220679784,-110.4073982801621,-111.48157516332112,-112.05428565929797,-112.9050563766269,-112.12783150546932,-112.0359854258186,-113.1411782823992,56,-112.24740516332169,-112.32232166385938,-113.91259861098199,0.784502879192983,0.20989665329588528,-0.5388778368262641
HDOK,PLOK,17472,35,35,-111,3,11,2,33,-115.45436819723281,-110.04145083817163,-112.53081788658343,-112.42814680831904,-111.90897205376402,-112.42634325481103,-111.07722680516085,-111.57852178528535,-112.53068501258858,-110.71363250288051,-112.05058376523559,-112.23688388699362,-113.53678169830029,-110.68179805811394,-114.0301244031121,-110.90864157187329,-111.98241347483192,-111.96076806480184,-112.64244213340604,-111.41951253385811,-111.80620258296777,-111.971427931569,-111.21124124494987,-112.25445830777579,-113.09076436474035,-112.84174548306127,-112.49211330432497,-111.81892585157806,-112.98275624094667,-112.42065580305356,-110.6056219355772,-112.74871323091423,-113.00058630051893,56,-112.16319173688795,-112.23688388699362,-115.45436819723281,1.0993864773212811,-0.6342383650379098,1.8502278499464002
HDOK,PLOK,17472,36,36,-111,3,11,2,33,-112.11901314929435,-112.11663997048865,-112.7933619644514,-112.6653638252369,-111.78851867873996,-112.1580955293535,-110.76291672306675,-112.02717346020165,-112.9349760620725,-110.60587542128513,-111.53012214385245,-111.15227766667968,-113.11642125785255,-111.59902877201944,-113.26761867549025,-111.47456800226458,-112.68749910693066,-112.14635993237243,-113.935002797295,-113.50031483233819,-112.2297743734867,-113.15938064861231,-110.81230030032081,-113.24140224369977,-110.96315443021447,-112.54377897614833,-113.79443920268601,-112.48070761388969,-112.83046683054857,-111.93389529487462,-111.36124683499213,-113.57073444622671,-113.08281453321767,56,-112.31470435455161,-112.2297743734867,-113.935002797295,0.8145833723072875,0.16179634658308772,-0.8481775190554082
HDOK,PLOK,17472,36,36,-111,3,11,2,33,-112.4592102719812,-109.91634032389594,-112.83466585798901,-111.10322633179045,-111.26633277757178,-112.06463419392159,-114.52813842036446,-111.32653348030125,-111.82484743175203,-112.05988208921914,-112.27104065703601,-113.72564515126619,-113.74482551401304,-111.40425100962892,-112.50897063960909,-112.4937528130424,-111.89539423342372,-111.40179041879438,-112.31593896112429,-112.3347019611969,-113.40502244299643,-112.91769446450947,-112.14850101341355,-114.26701630950444,-112.46405074891963,-112.05051790462824,-112.53019446074656,-113.83580084180615,-112.47128890445,-112.91879250195998,-113.71668039987468,-112.67294692576232,-112.79965392547514,56,-112.47509949642331,-112.46405074891963,-114.52813842036446,0.9246345146690332,0.06815141487537218,0.5573385953128023
HDOK,PLOK,17472,36,36,-111,3,11,2,33,-112.22118470990118,-109.78958818555239,-112.27349007644035,-112.1300241800577,-110.90613574612951,-113.09425046396515,-111.95938837128043,-113.07983333168231,-113.26197614255636,-111.2422188907411,-113.32958369104429,-111.14456580028512,-111.13119643695849,-111.80788923925377,-112.80417273410232,-111.60164414251395,-111.8548507389809,-112.13227618236847,-112.92284415086513,-112.66835131210647,-111.84452057571666,-112.6827466508593,-111.61148373142086,-112.281489310631,-114.43726643035592,-112.16888872370858,-112.18609330088707,-111.18191695430056,-112.75813121032911,-112.41974211455441,-111.8625307856639,-111.83380594579005,-112.83170730792123,56,-112.16532689602802,-112.16888872370858,-114.43726643035592,0.7323919800530995,0.10986810181333123,1.37883782701187
HDOK,PLOK,17472,36,36,-111,3,11,2,33,-112.68030107834967,-109.50309082842487,-112.59626985667043,-112.68576161883361,-112.0114234416443,-111.3892050982487,-113.91002309559737,-111.74165282416382,-112.35439368945515,-114.20870532327275,-113.40559990347877,-113.8203917865944,-112.01427639702634,-111.72252732643031,-112.79952439882297,-111.51375850830166,-110.45118396920887,-112.70127459108645,-112.85782082725788,-113.67660443999594,-113.81844140717621,-111.2613030554543,-112.94036898427674,-113.96572801028736,-113.31254431955013,-112.72430348052741,-113.46192820714896,-112.04817723728937,-112.48416865117555,-111.10961738909599,-113.31455850835472,-112.91060193806203,-111.928549853229,56,-112.52497212256036,-112.68576161883361,-114.20870532327275,1.1144784596580413,0.7148458843622766,0.6322944089863638
HDOK,PLOK,17472,36,36,-111,3,11,2,33,-111.686825168256,-109.28988705597345,-111.61727543628113,-111.02672221622495,-112.53378571415796,-112.31779307255995,-112.57159286118949,-112.43863219896964,-110.48243094115855,-112.03015676030766,-112.5218237064363,-113.34727059333973,-113.97954451867378,-111.47188179115871,-113.55526670847722,-111.8873754205706,-111.17116496472603,-112.43258248534585,-112.40421021830895,-112.89094807499104,-113.14452136354646,-113.45566839096107,-110.92022273522822,-114.4258305793292,-112.52734355380035,-112.93185649557351,-113.0178536272343,-111.63717717180745,-113.37559433294125,-110.87179426223535,-112.72307439635884,-113.10380861153985,-112.75333985000283,56,-112.31955319023227,-112.5218237064363,-114.4258305793292,1.1269977959068274,0.6255533371429164,0.7331294560797148
HDOK,PLOK,17472,36,36,-111,3,11,2,33,-112.3973893748499,-111.30410191496512,-112.89023598502365,-112.64010997728423,-111.98574040314408,-110.77599156195542,-114.01481288285694,-110.9143070960104,-113.33609102819223,-111.92081215700118,-113.13874696092716,-111.8490467492738,-112.53502497569778,-112.78333853051441,-112.03329169953015,-111.78817748377841,-113.36365949953235,-111.36043464265308,-112.65727466128364,-111.33357524135833,-111.4100001329398,-113.28902841358126,-112.68977362649828,-112.73838941205865,-113.21864384322102,-113.00659943001467,-112.88856283386316,-110.8677523123311,-111.04465560015282,-113.2925963288077,-112.04701537126807,-113.88952928490772,-113.15735387899439,56,-112.38066858468093,-112.64010997728423,-114.01481288285694,0.7908077365016618,0.2162786466273662,-0.9514774776859518
HDOK,PLOK,17472,36,36,-111,3,11,2,33,-110.54551229503777,-111.44704009408737,-112.94611129679639,-112.11909247427046,-110.17205991686761,-111.39544165243713,-113.13229002379612,-109.38840349534227,-113.52337047170552,-113.0974131735714,-111.13945178497534,-111.02240024828889,-112.42707058529432,-113.00698913104355,-112.38028864652088,-112.08341047404171,-113.25152406161035,-112.2900824247528,-112.53654746613392,-112.64167808249785,-112.45484885605349,-110.91113219085432,-114.30637437351466,-112.04485391623778,-110.34157480477214,-111.7471512919882,-113.46953314043276,-112.55108665254397,-111.73139363371571,-112.10558657951857,-111.91309943852944,-113.14746392016768,-111.66204149885266,56,-112.08885812412893,-112.11909247427046,-114.30637437351466,1.1306633738414993,0.44717550177005394,0.16287825568187397
HDOK,PLOK,17472,36,36,-111,3,11,2,33,-111.58100014339449,-112.07630053860498,-110.64632210838434,-110.39439467774845,-111.0129172744935,-111.739929533864,-113.35210439810442,-112.76578934458242,-112.56478633888631,-112.89210647905475,-111.81589598474595,-113.30885470012318,-112.67091069176907,-111.1777972293384,-113.45305539647265,-112.68098295702919,-112.70217433699851,-111.88242739115069,-112.09368922881356,-111.99477688984005,-110.45707997614765,-111.40381726302876,-112.46869170032255,-113.22589155447253,-110.71513179320962,-113.23535962471819,-112.78220277019825,-112.14477643373031,-111.37919205910866,-110.9126930168662,-112.49133599759837,-112.98156095773444,-112.5870359182817,56,-112.10881771844902,-112.14477643373031,-113.45305539647265,0.7915702706489242,0.39114695262467347,-0.9259706637046876
HDOK,PLOK,17472,36,36,-111,3,11,2,33,-110.8459683775781,-110.43468089025112,-113.68215975869894,-112.37826464656875,-112.27113272600246,-111.88763646648766,-112.74517183456722,-111.5738833413072,-113.16150075656905,-111.21245516270993,-112.04948217177193,-110.2618172623877,-112.01976703518024,-110.26416073500923,-111.23484698076876,-111.88098651852181,-112.32147569652483,-112.2319995334571,-112.68307276871447,-113.02911782508588,-112.48146739065409,-112.32216878879677,-113.40366513617136,-112.02908597601015,-112.55619183952936,-114.10468626991937,-110.76196551034201,-113.54935633948635,-112.94059524915588,-113.32613746137562,-112.14635693216789,-113.55206393303868,-111.6139692025512,56,-112.21082698537458,-112.27113272600246,-114.10468626991937,0.9879308461398968,0.27350698007186935,-0.46617064752922355
HDOK,PLOK,17472,36,36,-111,3,11,2,33,-110.67572297960382,-111.08735744163377,-110.453466015756,-113.05831636324896,-114.12391833772871,-112.84273879536852,-111.26165782794499,-111.67023585956467,-112.08557860164079,-110.93289056211205,-110.56539375128509,-112.03108478534257,-112.53184045281147,-111.76532471202248,-110.82063383227974,-112.84118702471993,-111.71560488647954,-113.06958015959106,-110.29881174307167,-112.30199723585353,-111.33886489644769,-112.14883885766909,-112.11006194296962,-112.62806808930338,-112.78477247253507,-112.67943858547314,-111.9369854338169,-115.02122493128118,-112.63800173594637,-111.77308889230636,-114.16111674115693,-112.1479341504855,-112.12902555011647,56,-112.11002314083538,-112.11006194296962,-115.02122493128118,1.1414652965089684,-0.5621539187676295,0.6054724456961651
HDOK,PLOK,17472,36,36,-111,3,11,2,33,-111.86275356873779,-111.49947795465646,-111.94327012913814,-111.8054603320503,-112.08946738267383,-110.92357570661144,-109.93506801948824,-114.18496986693238,-111.38965056359098,-113.15177076039741,-111.24148974350847,-112.0502969470498,-111.20130769434543,-112.137245422966,-110.79477516304703,-111.21440660685681,-112.09058113822353,-110.63310488024405,-113.48485976264911,-113.746504688366,-114.20167647532264,-113.34155546259555,-111.89744224964527,-112.71192300345912,-112.1607780018995,-113.1293125661414,-112.81579237027384,-113.55141165876958,-111.70501344967721,-111.67795131087634,-111.72028342490852,-113.34402687066034,-114.64346291917342,56,-112.25092927560411,-112.0502969470498,-114.64346291917342,1.24769088023616,-0.29368212950051853,-0.4903124899389151
HDOK,PLOK,17472,36,36,-111,3,11,2,33,-112.5310994584216,-110.94026375185172,-111.75414074741957,-110.51177260904039,-110.52788098994651,-111.8364917263047,-111.33799768597636,-110.18788163599086,-111.43964427194422,-112.20443422979815,-113.74995929035859,-113.43891341459468,-111.81599269312906,-113.80935054248924,-110.40035752245859,-112.09637506183522,-110.27564309766603,-110.07155726125676,-113.1836945015843,-112.61204900372093,-111.73127573907593,-114.74103447969907,-112.78642797091887,-113.05921141569294,-113.5062564541151,-113.32592661873866,-113.10936725610294,-111.71840382210445,-113.0510148693611,-110.97727834510209,-111.76518322743226,-113.32949961322863,-112.76494806465364,56,-112.13913113248525,-112.09637506183522,-114.74103447969907,1.4548813403407608,0.03826220394869899,-0.8419385243113577
HDOK,PLOK,17472,36,36,-111,3,11,2,33,-111.98738660362751,-110.43330808015797,-111.34184011486937,-112.54885815249983,-111.77075079042011,-111.98308191754235,-111.83888890583424,-112.07435366913218,-109.83231378807078,-113.32599502709806,-113.62566941166905,-113.29922513260101,-112.87236300885954,-111.58701205956201,-113.84477441958325,-112.79875615615923,-111.73458852108088,-113.38314117634063,-112.95976449379373,-110.25895613729192,-113.723429813046,-111.68377257190708,-111.46666900976494,-113.71912343202209,-112.40467833068587,-110.84250859038745,-114.97655819281954,-114.33414187874018,-112.4797317918241,-110.85334640427101,-113.84294659250702,-111.51151219403026,-112.2924251785982,56,-112.35248095596356,-112.2924251785982,-114.97655819281954,1.4623412485463458,-0.003343855053992003,-0.4535155503705548
HDOK,PLOK,17472,36,36,-111,3,11,2,33,-111.71039148403565,-111.59420633889741,-112.42283552427396,-112.56072636881653,-112.98228207530725,-109.8900197956142,-112.15547635884796,-113.26381132068687,-113.14525156587764,-112.61703551394021,-111.40686548228878,-111.21381112365295,-112.17411323467638,-112.5721372683905,-114.93251999691866,-112.86933867690395,-111.6917939530539,-111.29338692379882,-112.54826979310228,-112.08050548404198,-112.73623143693679,-111.51430683695436,-113.61147446734064,-111.97418528493489,-112.88172450420586,-111.99908626494728,-112.27572481087834,-112.11487482877315,-112.81426848412991,-111.48672091799334,-113.96167209177251,-111.39055069385266,-113.63659270874653,56,-112.3491573216543,-112.27572481087834,-114.93251999691866,0.8818267872293687,-0.23141222846137502,1.2991620243410735
HDOK,PLOK,17472,36,36,-111,3,11,2,33,-112.32052499005547,-111.06652968111032,-111.64325900385577,-110.5442785926559,-111.95559059202868,-111.21878204610677,-112.11568705512653,-112.0397620931271,-112.71761435100488,-114.06517805095463,-113.14224183156182,-111.90965675753557,-113.99204058867579,-112.53163648203109,-111.8969424316831,-113.30820427370686,-112.23320934347473,-112.73087127021321,-111.54274193512975,-113.09350437528855,-113.47274531733798,-112.42637411912699,-111.30499118183377,-114.67203865814878,-113.86763864263756,-110.75689538957988,-113.21371366521458,-111.97982580993657,-111.71082209123637,-111.6141947754301,-112.96996687038448,-112.8510793316087,-112.32086331643681,56,-112.40089105800725,-112.32052499005547,-114.67203865814878,0.9419501448936245,-0.2972354039165046,-0.2705185681740563
HDOK,PLOK,17472,36,36,-111,3,11,2,33,-112.39792791105285,-113.10578740916459,-111.1961758281876,-111.79321181383234,-111.91605330511335,-112.08065394374329,-113.26268635164297,-111.30331854074828,-112.67459287183578,-111.84039108012585,-112.26038050089637,-111.62773950724579,-111.82641688342403,-111.56656440149595,-109.99305925250037,-111.00511877740121,-111.68976774650751,-112.70671580423002,-112.68628713302678,-111.5214881753373,-113.2475106931135,-112.63523326718432,-110.17102729768959,-111.13988171872296,-110.24464344458659,-111.99012625376427,-112.14976653431366,-112.49779200588323,-112.70738626144035,-113.58646214667966,-113.24686078573832,-114.06639971033293,-111.72906789303012,56,-112.05656046212094,-111.99012625376427,-114.06639971033293,0.8965936656468065,0.2081649825196806,-0.016438781825203197
HDOK,PLOK,17472,36,36,-111,3,11,2,33,-111.88723825411775,-110.40229461430764,-113.15054283389809,-113.30770264457631,-111.51530973152298,-110.94333759066694,-111.80424718722134,-113.15855320823287,-112.06323460882105,-113.53035424775564,-112.54884792791256,-112.21815359429222,-111.73500439405892,-112.60137459716276,-112.47596861110276,-112.93164450581789,-111.72732003688434,-113.13094176402197,-112.82871171123257,-113.0572286201657,-113.09806903976614,-113.39916262111004,-112.63021295098878,-112.06266455056938,-113.6178412091657,-110.18225050416908,-112.60252567607175,-112.5491550459285,-114.12235026697712,-114.04989296462911,-112.4064455972545,-112.51285958289094,-112.3457832595039,56,-112.50294618038781,-112.5491550459285,-114.12235026697712,0.8111440994198109,0.6634243361446011,0.6639517124807703
HDOK,PLOK,17472,36,36,-111,3,11,2,33,-112.5530542690617,-112.05780831220616,-110.74959311269306,-112.30810272523942,-109.60524974701052,-111.4349554098408,-112.53837863730398,-112.15138441288572,-112.51531742350477,-114.45408517805474,-110.94804138881743,-111.47953892191326,-112.34123820834485,-111.62817413915485,-112.16859724856342,-112.79242387589882,-111.49216434666552,-111.61865221038966,-111.86929285491581,-111.85108380834146,-112.20402524658566,-111.92702214491608,-111.81576037345114,-112.2327877298066,-113.29074777331182,-111.80435392157645,-113.48525755341531,-112.66254057089222,-113.42027213413236,-114.36852549308315,-112.09781167149399,-111.44491445003752,-111.18476288251954,56,-112.13623994472816,-112.09781167149399,-114.45408517805474,0.9040896367373924,-0.26926457537202714,1.484663917127055
HDOK,PLOK,17472,36,36,-111,3,11,2,33,-111.61891363311167,-111.24313419733384,-112.30229814829072,-111.26185467797008,-110.88230131255564,-111.4778782513648,-113.40611758296443,-111.99425676893995,-112.99001417797074,-114.37657120070172,-112.60692919099243,-112.86472641983336,-112.29631032387414,-111.79493121064226,-110.86088793948439,-112.88856889691561,-112.61095414966357,-112.38101628104067,-112.1395797622722,-113.51126083005387,-111.07265737471995,-111.48436902529939,-113.22682477317936,-112.8857537567815,-114.0006156920597,-112.21604213495442,-113.65119230671725,-112.87385919883238,-111.96324846694652,-111.58557697305093,-111.51576126369149,-112.42911191448964,-114.4822741631582,56,-112.39078157575324,-112.30229814829072,-114.4822741631582,0.9183392210411713,-0.4008556285931594,-0.47137380830238307
HDOK,PLOK,17472,36,36,-111,3,11,2,33,-112.38155526054753,-110.63098154594745,-111.50516369104398,-111.07836432934364,-110.94384359543493,-109.45468126831126,-109.370041379609,-112.8522424620001,-112.55581538224953,-113.50694034084182,-110.18852773128927,-112.42310502396575,-113.05774047947966,-111.95585349412247,-111.91326071682825,-112.42044280732121,-113.04112755673502,-111.82713279979326,-113.012418776549,-112.20633957249312,-113.6285412132499,-112.81604572181004,-112.60754830394801,-111.62065562309515,-112.13172344933012,-112.21704535981887,-112.7235853543281,-111.7765700884221,-112.52931849776208,-111.62662274833613,-112.94400404849253,-113.16146507910913,-110.87259666891498,56,-112.02973637486433,-112.21704535981887,-113.6285412132499,1.0984404037509945,0.9451229375731808,0.5630327032406819
HDOK,PLOK,17472,37,37,-111,3,11,2,33,-115.72099896904369,-109.63893334442054,-112.18425081901582,-112.90129339720966,-113.70571702789054,-113.79050752802716,-112.66546072691118,-112.76345876601727,-114.46994722588889,-113.62764828593679,-113.29756257723729,-110.93614223967381,-113.42725204546953,-109.80377811579169,-113.06815836020583,-113.54295007005132,-111.81729439898079,-112.67569602030159,-113.64297364357317,-110.27893927199865,-112.63572475122031,-112.70686632835994,-112.31903233411151,-111.78896985495727,-111.65357328029523,-110.96795509631568,-109.81884074366624,-110.93674795764322,-113.45931640947258,-112.33175476154223,-111.31924326287579,-113.28200654551529,-114.12531715374897,56,-112.46376700949604,-112.67569602030159,-115.72099896904369,1.9816915775210513,0.27421331898935525,-0.10902668174544772
HDOK,PLOK,17472,37,37,-111,3,11,2,33,-116.06758617953486,-111.90866596873367,-113.28248414535686,-112.2332791174017,-112.91731433109491,-111.72425765189034,-112.5746638348629,-110.36438636275214,-111.76988008772898,-113.09977143531218,-110.7842904988036,-113.0071343320841,-112.6313948323145,-113.108353082184,-111.57466726560541,-111.49252695315965,-112.12679902619313,-111.44986530798212,-114.01928289835585,-111.10337066659409,-111.96497485247532,-111.90451931292051,-112.22661234061691,-113.47108883555777,-113.4357756847196,-112.24409062221973,-115.18383221555267,-111.47259351035652,-111.02676082537825,-113.31237368274473,-113.7602520635986,-112.3480801241079,-112.51852725897837,56,-112.48816531233857,-112.24409062221973,-116.06758617953486,1.4015735628270733,-0.9376268982357155,1.568015440232696
HDOK,PLOK,17472,37,37,-111,3,11,2,33,-116.42791157723916,-109.4598791147443,-112.39812638994779,-112.68522210414443,-113.00252995331421,-110.21284467997076,-110.23109972582694,-112.98294521875683,-112.99576218185307,-112.11163748365948,-113.82513449703971,-112.92917238882555,-113.11806516284662,-112.54892461763045,-114.56148253696425,-112.07575515389772,-112.09782120850994,-111.8781696312186,-114.35688773100642,-112.5528006484782,-114.3065332101681,-112.66246916493803,-112.3631414798368,-112.70917218374389,-111.1696295822837,-111.66956024679855,-112.07161641991576,-111.02733319099806,-113.48111471079982,-112.7598864854825,-111.0334280892246,-112.46493795469966,-111.46130871965094,56,-112.47370616498226,-112.54892461763045,-116.42791157723916,1.7919045586237936,-0.36617138903571766,1.547350562132245
HDOK,PLOK,17472,37,37,-111,3,11,2,33,-113.98284721666285,-112.05995166396171,-112.87291568524708,-113.3391331837927,-113.50099477230232,-111.8985730237604,-112.70973006624602,-113.9799766432985,-111.99911722573508,-111.10963551517429,-111.34234193186727,-113.05543272954137,-111.37799566805954,-112.06606699597884,-111.03144300368055,-111.74140495076591,-112.88011153714417,-114.14577168835841,-111.92497605021177,-112.34342758625701,-113.25098163038712,-111.57263282772182,-109.96136046409057,-112.70264158192683,-112.68815505535784,-111.60603401344405,-112.49602360899978,-112.10098144391553,-109.57942649006189,-112.4265083506831,-111.85598546990454,-112.3977947854794,-111.7661998603125,56,-112.23535068849488,-112.10098144391553,-114.14577168835841,1.0346965356694018,0.3763780643938208,0.6653677002568514
HDOK,PLOK,17472,37,37,-111,3,11,2,33,-114.56642095149941,-110.8844909148061,-113.18082213598578,-111.48626500164146,-111.74087421504373,-113.13763960355072,-112.20428876129559,-113.44323377227809,-113.64656619579969,-113.38851141948001,-112.83807265892912,-113.34304742731489,-112.26523808490347,-112.85053609744398,-112.91989024302657,-111.20144550632597,-112.26886822950927,-112.62412526770237,-113.78290099373811,-111.60922749797803,-110.80989066598242,-112.29077084136898,-113.05197086472309,-113.31128162965882,-112.44252808147377,-111.64254541803471,-112.41241499160687,-111.96175735681514,-113.09263385672789,-112.08666225065821,-112.56670172243216,-112.2379092053582,-112.53897256460671,56,-112.54025770993032,-112.53897256460671,-114.56642095149941,0.7045801887618987,0.05052441923220056,-0.010354115259018304
HDOK,PLOK,17472,37,37,-111,3,11,2,33,-115.90024914380461,-111.92181272140888,-114.36296997372943,-110.71670290598551,-113.45225313082743,-112.35014123035096,-110.03732026637186,-112.08592483767927,-112.3725257697379,-114.8838843547409,-112.86074664613379,-112.10973095720064,-112.50803060802566,-114.4659383889615,-112.64825523713284,-113.96117098941728,-112.1333104375611,-111.56077388115283,-113.34376575320633,-112.66659821134786,-111.98239793595897,-114.83009283215549,-112.8604584154891,-113.90253979102634,-114.06571489820122,-112.98340644211586,-111.46509108819528,-111.08356242703368,-111.1644383872907,-111.25477429440528,-113.26823727340411,-111.3045909296948,-112.16437046800128,56,-112.68702365538631,-112.50803060802566,-115.90024914380461,1.7376008514193952,-0.3754762213972898,-0.16763761300281566
HDOK,PLOK,17472,37,37,-111,3,11,2,33,-112.89901833919036,-110.81214514547604,-111.84941166785882,-111.08108722686268,-114.75670199358498,-111.23242929635771,-112.88618743453422,-113.91807762536197,-112.0514154293293,-112.80025204753966,-112.07452089034312,-113.7533010226956,-112.30071920296908,-111.79233016617883,-112.63519609181407,-112.40871737641761,-112.50837889980242,-112.4984000746684,-112.51389370387555,-113.08110163744152,-111.49199198383634,-111.65407846092872,-113.04033148487596,-111.84723138721992,-113.26807033500715,-111.95961562031243,-111.773067162773,-112.56373399738023,-112.12745928282052,-111.43168791880721,-111.54233907198818,-111.65690927143825,-113.514311918269,56,-112.35527615660479,-112.30071920296908,-114.75670199358498,0.7382490753554409,-0.6653596590921315,0.5175308818946434
HDOK,PLOK,17472,37,37,-111,3,11,2,33,-116.76862912190164,-110.36395332544484,-114.47289450220525,-112.52629409739949,-112.70479487950136,-112.0608093611076,-114.8999576710885,-112.29502245257635,-112.37562142735517,-111.88169728397556,-112.19936512484111,-113.80897992689766,-112.61819107500779,-111.9401371243186,-113.55229498664097,-112.60495595027162,-113.4708154187769,-112.66966670983011,-111.91911673747423,-112.54502392165084,-113.57272209011184,-113.09293120655927,-112.84723747053705,-113.90451181241112,-111.29596744663652,-112.70518852250362,-111.06398898596942,-110.9051828384689,-112.75672450548794,-111.92774980621184,-110.39689519617659,-110.89069407380964,-110.80314307553928,56,-112.5406411554148,-112.54502392165084,-116.76862912190164,1.7453210883899644,-0.869238743616965,1.9180566192803101
HDOK,PLOK,17472,37,37,-111,3,11,2,33,-115.52717565030211,-110.76326968822323,-111.53010250567038,-110.92482420414058,-113.10832396667303,-112.90480002915174,-114.67843591680477,-111.54910795204124,-111.68675476464286,-113.55313774372723,-112.04776449517682,-113.06704553676884,-111.91707648903974,-113.57688740364172,-114.01030075467678,-113.49064000762034,-113.93292429460574,-113.72389895980297,-112.11658829291837,-114.79877639785697,-114.27540261511653,-111.71565671562296,-111.42675618821328,-114.15830646179307,-111.66135880472551,-112.74253688278696,-112.32990393184365,-112.8352881174976,-114.06982287273892,-112.32251884845537,-113.03138718350704,-112.37054905980445,-111.57369231415265,56,-112.8309398499922,-112.8352881174976,-115.52717565030211,1.4072110577907302,-0.2724212169942742,-0.7216269689633044
HDOK,PLOK,17472,37,37,-111,3,11,2,33,-115.33615684471833,-111.8650744069704,-112.47925041213853,-111.74389932026959,-113.65894241942789,-112.71058984770158,-112.27221638157019,-111.81576252189227,-111.15936676220238,-112.6103143775236,-110.63953645123533,-112.67642814381203,-113.64060219375376,-114.48272548018343,-111.08446387007315,-112.40458057803048,-111.9086950385265,-113.36499596493914,-113.00065697602638,-112.96059641198336,-112.59967648353988,-111.91078116041652,-112.48430522387218,-113.24387948745058,-110.22132397280568,-112.62614104194556,-109.05589161050902,-111.90131674648221,-114.74907016496564,-111.32937864343134,-112.43677347988647,-110.92221559794307,-112.97426635713438,56,-112.37181437495036,-112.47925041213853,-115.33615684471833,1.5750987634941502,0.08129790281409528,0.9634540969878551
HDOK,PLOK,17472,37,37,-111,3,11,2,33,-115.24497646483333,-111.7442447373053,-114.0620220093595,-113.93775795865112,-113.66450519133286,-114.03509136559224,-109.80648652047348,-111.17272828195159,-112.69245720975583,-113.63911475591732,-113.17018426639103,-110.660449608661,-112.01542918837337,-113.62077505946289,-113.83360097312298,-112.89262421554973,-115.43364620695901,-113.09789965508527,-112.35742708192144,-112.6384230334057,-114.10861490812985,-113.36887437296312,-111.19155593091577,-113.14453100586121,-113.40472796917933,-112.46705773882688,-113.22226863266226,-112.85367492518117,-111.52850724677371,-111.82977516894367,-112.74183204535032,-111.8362102772599,-111.63528110360195,56,-112.81978045787133,-112.89262421554973,-115.43364620695901,1.4890485655219412,0.19675062435203122,0.21253854027388108
HDOK,PLOK,17472,37,37,-111,3,11,2,33,-116.8250948484422,-109.43172754297439,-112.17950075412608,-112.10124007842825,-112.71662146486834,-113.10893580587823,-110.82464810687543,-111.68793847648183,-112.93050132889724,-113.26690386665719,-110.15909538960996,-110.8465599522882,-111.3686511512487,-113.09202348496136,-114.11689589684454,-113.53125122802912,-111.531806744263,-111.48677146352999,-111.88201834312557,-112.64875976374486,-113.03086650304074,-113.98064140185353,-112.88663380180347,-111.98123477407103,-112.37349728901043,-112.4449467713399,-112.28583467928166,-113.23157294024927,-111.33394913088117,-112.7368305580638,-111.5868309278894,-112.90395601782122,-111.64763118606972,56,-112.36852641432272,-112.37349728901043,-116.8250948484422,1.6664155116234747,-0.8059628740448999,3.4386433918192796
HDOK,PLOK,17472,37,37,-111,3,11,2,33,-114.88999709111384,-111.05984579577812,-113.22467260058605,-112.9301668432798,-114.59650972959572,-113.52338279060913,-113.25686176346149,-111.33827742650664,-112.61566882713782,-112.23683420344584,-110.70623947015066,-112.00152253081298,-112.83480084891042,-112.34965012172847,-112.77485207746567,-114.85543930597285,-112.35591976054316,-113.39299238817684,-110.89108550718434,-113.80142345880364,-113.71310550071607,-112.31617429174214,-113.65027147691261,-112.06415641628391,-115.09001754504715,-113.2345503362336,-113.7629086678672,-112.13793488466364,-113.28688039215072,-111.31192050949196,-113.51522647767145,-111.4890781769001,-112.71934768936067,56,-112.84629439110014,-112.83480084891042,-115.09001754504715,1.2859201650929764,-0.05600292958306416,-0.45286374085302716
HDOK,PLOK,17472,37,37,-111,3,11,2,33,-115.30921030136908,-111.10707413076713,-114.41285338906857,-113.11334771110027,-115.43063744066275,-112.06472194324236,-111.9273503978431,-112.85159220984637,-113.34229082089767,-111.8573283845106,-113.87790913510958,-111.57689748129785,-112.20184992481096,-112.40744915792898,-112.41103096065756,-113.18764692906186,-111.52387967860103,-113.0435976554571,-111.84890011386327,-114.06144730041834,-109.57808356830976,-114.29086356806722,-112.54792351125971,-113.26252442412564,-113.3785543261532,-111.49545689978345,-113.03548350729643,-113.26616680934697,-112.28883358062566,-113.02049733499376,-111.25704715438623,-113.986136709006,-110.8374009323413,56,-112.72127234521851,-112.85159220984637,-115.43063744066275,1.5714962665218204,-0.007807618281179909,0.2948184087038208
HDOK,PLOK,17472,37,37,-111,3,11,2,33,-114.62029530319018,-112.57124830635054,-114.76015024452389,-112.64723794730139,-111.63076720906659,-111.30193511402067,-113.05312974054738,-110.98049809714273,-110.96524409967941,-111.9954072696795,-113.23362407273942,-113.17015695436923,-111.9471204118099,-111.42246493159637,-112.23323818268685,-112.62260548276956,-113.24775317162246,-112.41425131673164,-112.11055972559846,-111.49886794505703,-111.59461534790115,-112.78262419119733,-113.72643177869408,-113.10756559704953,-112.75977503336536,-112.41032749632525,-112.46536596796427,-113.52969499628456,-110.03974171737956,-112.93005185319308,-112.39199414077856,-113.18817752199693,-112.93600647097662,56,-112.49360386786634,-112.57124830635054,-114.76015024452389,0.9736032599420207,0.0361909098361839,0.5996201111547501
HDOK,PLOK,17472,37,37,-111,3,11,2,33,-114.30729490596597,-110.28653178199556,-112.21953528174768,-114.21908900676806,-113.57924498833826,-113.48086024055051,-111.42415235597961,-113.85631673842624,-111.94943103716392,-111.24130954283893,-112.97458646331549,-111.6357641646296,-112.09982186529705,-111.6356629814082,-113.56831206013302,-112.38181032434365,-111.61589367476353,-111.77817240529092,-112.1821981996907,-113.91428837888208,-111.87199373461381,-112.34969301361762,-113.16764316037852,-111.49518133114638,-112.96647616341639,-110.8056817357642,-113.51222777991771,-111.88570381961144,-111.28185383781883,-113.38494795505511,-111.98282256409618,-114.0654161111068,-111.66524027465847,56,-112.44803508723427,-112.1821981996907,-114.30729490596597,1.1092397910751888,-0.1602255779601283,-0.9615357792105059
HDOK,PLOK,17472,37,37,-111,3,11,2,33,-112.90535702119368,-110.89790789970368,-112.60707997215565,-112.8215361019244,-114.23651228052039,-113.2649949934495,-112.20847964699833,-111.3344588627903,-113.75148156198483,-112.46372766281446,-113.12861735574286,-112.53143531498863,-111.62222891745878,-111.61231245576589,-112.46889196256701,-112.25099856559999,-112.65400930705601,-111.5193369714931,-112.46268788291268,-114.5075298181853,-112.18597434168237,-109.73559995790055,-113.71890953915081,-111.090012001609,-112.77926142221521,-111.59022111336311,-113.70057785209711,-111.7569634099069,-112.424147766011,-112.09839783684093,-112.35314029493574,-113.44241666521725,-111.97471234642832,56,-112.4272702758383,-112.46268788291268,-114.5075298181853,0.9631439716392403,0.20011854903537976,0.69805514870801
HDOK,PLOK,17472,37,37,-111,3,11,2,33,-116.35787790284974,-113.82952863358507,-112.41292556999576,-113.9350303059435,-114.380851768607,-111.28724489609414,-114.88756666078808,-112.51943072932026,-111.88832461733642,-111.92235530985344,-111.3951620293354,-112.24223349699682,-110.94950816751833,-112.27449713720502,-112.0838732181541,-113.39471830690061,-112.81566590841936,-113.7471701327099,-114.8105018586161,-113.13041707980439,-112.51124850472804,-112.0203124589571,-112.14197110126118,-114.22649785520125,-111.22992905213134,-112.45560685674711,-112.98181445261294,-111.07369056853992,-113.3740284298554,-111.4091670225627,-111.27315773831194,-110.49204210540958,-114.69798956609489,56,-112.73188907401352,-112.45560685674711,-116.35787790284974,1.8184760383180174,-0.6336464058899883,0.02137068887893312
HDOK,PLOK,17472,37,37,-111,3,11,2,33,-114.86609900886768,-109.74190868203797,-113.69491284264731,-111.33397588237236,-112.73738110352754,-112.89056506619849,-111.21931582986663,-114.44083070185158,-113.7806912734574,-111.45833237271626,-113.5616523855852,-114.59635458539611,-112.71560604344513,-111.74001650377502,-111.46711639009358,-112.54141725178478,-113.55448385325971,-111.4978221305698,-113.37907340904978,-113.11231693979468,-112.4894847161014,-113.18509627225136,-112.07328744965824,-113.60681834438377,-111.31282456223337,-113.99556323304917,-112.05375777120906,-112.8832992888674,-112.84791492077532,-110.9641834135784,-110.65556282301931,-113.22636358615352,-111.61344902823369,56,-112.58295386866095,-112.73738110352754,-114.86609900886768,1.4439219033007782,0.18698470458533736,-0.4604887197425449
HDOK,PLOK,17472,37,37,-111,3,11,2,33,-114.90139024792151,-112.66102473428721,-112.36973152633793,-113.35323456044891,-114.10705090271726,-113.90854047528653,-111.7776030851716,-112.89634805652493,-110.77782943559112,-111.94561032063993,-111.67061900872498,-111.72292399679215,-112.5435196326202,-112.56422152283511,-112.36707163780785,-112.43352210712168,-111.30512810131457,-112.16651331407233,-112.29660463255219,-111.5117566697578,-112.59916728731675,-112.41099613125387,-112.99667595186756,-112.76886641782644,-112.73535901789116,-111.48055507687378,-111.64212123320102,-111.38533950020799,-111.2331374617318,-112.0376298033648,-112.40920140795059,-111.69370605183991,-113.16714768585102,56,-112.35879233320311,-112.36973152633793,-114.90139024792151,0.7456691799647908,-0.8535124986946924,1.2055414186606694
HDOK,PLOK,17472,38,38,-111,3,11,2,33,-113.19327815330516,-112.71945787385427,-114.24283824325599,-112.9496408660933,-113.11609088371408,-111.76727744849914,-112.75944692430213,-111.6833011162984,-114.44738736192495,-114.83555446089687,-111.75595922709088,-111.34600817609989,-111.47268032282042,-111.46080726886937,-111.52047176413781,-113.6649051504866,-112.73510016810137,-112.47550824082374,-112.74545911434402,-113.41541508857078,-111.79597122216705,-113.0555581027172,-112.02116244975005,-111.5544677962857,-113.57541895983472,-114.92328308516994,-113.10307392623774,-113.22970863814231,-112.63657094114618,-112.84134211815334,-112.82605308768146,-112.28626500200436,-111.19468815977024,56,-112.70758034371362,-112.74545911434402,-114.92328308516994,0.9811877980325521,-0.4830932733362044,-0.2835023960168823
HDOK,PLOK,17472,38,38,-111,3,11,2,33,-110.86380481616314,-112.72482649302546,-113.73369702018398,-112.38523887629675,-112.7961314156399,-112.61383653817595,-114.22897129890042,-112.31874431432364,-113.47831557576882,-116.49794334210574,-114.13986137853573,-112.80175894538895,-114.26775952009397,-112.38715096617076,-112.91359762621698,-113.58676066228644,-111.86140029160724,-112.13853804571245,-110.83404910995715,-113.10256240836989,-111.99183986105257,-111.42242997321789,-111.1758853374805,-112.18421806155325,-111.05383621183134,-113.43242538989816,-114.12283199452379,-113.10005990923348,-114.03356075139753,-110.70688131990836,-111.32551775156585,-113.47082898009894,-111.25141801512422,56,-112.69535400611542,-112.72482649302546,-116.49794334210574,1.5966284621091913,-0.5785151745095715,0.8441694276123068
HDOK,PLOK,17472,38,38,-111,3,11,2,33,-111.84003267440396,-112.59604105220969,-113.25204031816816,-112.72823532536839,-113.07135410531818,-112.89123289132726,-113.5436571275706,-113.44200063607624,-114.01956517511412,-113.12637712255521,-111.49436912523693,-112.91371912614188,-113.4679471949391,-112.2016203753356,-112.15696824721843,-112.37545683337348,-112.58918300219894,-114.7274086762703,-112.55076897534948,-112.7493628155265,-111.80808921495245,-113.23368562087971,-112.1002290665222,-112.22206729381587,-112.26386947010923,-112.68587397704978,-113.61134920183743,-112.96592166299733,-113.82800107671876,-113.94305090447966,-113.23170743318593,-114.79469766826261,-114.20947150671834,56,-112.98895014840097,-112.91371912614188,-114.79469766826261,0.6385491098935271,-0.40956943655607575,-0.18885591623527276
HDOK,PLOK,17472,38,38,-111,3,11,2,33,-112.67523587034243,-114.1391584013206,-112.5411454311143,-111.8452937252741,-113.7305982899093,-113.01269994863962,-112.98545379537009,-114.80221889841715,-113.0069313576977,-113.99916819878635,-112.43820147730192,-114.59695681695688,-114.24402976813232,-113.59433473430329,-112.60122658104719,-112.62090041304579,-112.8080242703596,-113.03555266899257,-112.16875079985245,-113.5954248727271,-113.75085508637262,-112.00953283472742,-111.19632413711338,-112.87258284870583,-111.90051083919771,-112.46792146069242,-113.38336056659958,-112.47182919982649,-113.48535351769327,-111.98897887944972,-112.06032537212894,-112.90815671710804,-113.8291982149175,56,-112.99291624224614,-112.90815671710804,-114.80221889841715,0.7105436230212486,-0.20795729452498385,-0.4183728663771529
HDOK,PLOK,17472,38,38,-111,3,11,2,33,-112.92664040109341,-113.32635309783845,-112.86739942777137,-112.8564112048567,-113.96397799856408,-113.98694167849872,-113.72707385295068,-113.7256337375584,-112.85347664736362,-112.70940819833054,-112.53346396556341,-113.27082955770886,-113.51648915038353,-112.66073177319124,-112.81296126191683,-110.63354673535908,-113.59411904987253,-113.20037127181737,-112.67709097577335,-110.9940094474053,-111.95148650949977,-111.84339444841187,-111.67207125612116,-111.48947204415713,-112.3875365298797,-112.64668867726125,-111.44955564298012,-110.98358356085377,-112.37957042973851,-111.8867746115376,-111.60133245749044,-111.56228202128173,-112.26466361279661,56,-112.51379821926749,-112.66073177319124,-113.98694167849872,0.7843358222638113,0.24560051602450328,-0.7057265808946673
HDOK,PLOK,17472,38,38,-111,3,11,2,33,-110.63483898208375,-111.60940028379825,-114.86534423024843,-112.72000988083661,-112.59934609175815,-111.10970276670928,-112.56486052126672,-111.95765249341466,-113.72566034789014,-113.38920250867588,-113.66511276394624,-113.92766595222423,-111.31080856378142,-111.91295578248776,-112.02738574585062,-111.06718663280925,-111.62126762012456,-112.03548920180062,-112.38082057734502,-113.46593743577577,-111.34653834440356,-112.57625209364245,-112.38891481984139,-114.85790194450794,-112.87108971269562,-114.25023007603819,-113.38735248331041,-112.65855863609,-113.0503817294447,-113.3501514082716,-112.49131074770843,-112.65595352322909,-113.4066732394449,56,-112.66308961034714,-112.59934609175815,-114.86534423024843,1.0827757513244163,-0.19800560387578794,-0.33015342771434986
HDOK,PLOK,17472,38,38,-111,3,11,2,33,-111.71125070599012,-112.98701167825234,-112.70208698175361,-114.26946860550603,-112.19143862500859,-111.61523880395973,-113.91355625839806,-111.37398377103449,-113.35805455326933,-112.6550758193885,-113.81679540812468,-112.72166748304855,-110.19421880490577,-114.23532734646065,-112.32956871464745,-113.3118051483505,-112.08079484160201,-112.35832601015701,-113.52915452839346,-113.2311355611617,-110.95042597958346,-111.5768566343569,-111.29844129572325,-113.80320514811278,-111.29636873373221,-113.27061125339354,-111.95486767064253,-113.86063822696684,-111.86631073668812,-113.87710254992035,-114.05479911248898,-113.26014618729737,-111.46576112873547,56,-112.64004528203196,-112.70208698175361,-114.26946860550603,1.146253689027002,0.25401278811529154,-0.9080146081307268
HDOK,PLOK,17472,38,38,-111,3,11,2,33,-112.86439597671328,-112.30260808434323,-112.48682269876151,-113.8051519203432,-113.18662669599189,-113.69150875939519,-112.73614010570672,-111.39623638919706,-110.85936884111588,-112.20681591862082,-111.27174628183023,-113.13867826302636,-112.55553207148662,-113.58528985989476,-111.65006411071981,-112.26533474388543,-110.67834762152137,-111.12416338410117,-112.1922767730211,-111.8512305116694,-110.97383949469109,-112.39524029798314,-112.79443355914162,-113.2062853290179,-113.66702830980977,-111.54317078261768,-110.54003963047431,-109.97097717236633,-113.19992929813088,-112.93543931712404,-112.49959679747795,-111.87577897585577,-112.82290644650578,56,-112.25069710371336,-112.39524029798314,-113.8051519203432,0.9691816191512355,0.4297268855346452,-0.5636878268144359
HDOK,PLOK,17472,38,38,-111,3,11,2,33,-111.48539398498491,-111.1179166927787,-112.52150818948844,-113.01652143923032,-112.13705458392884,-112.8341036836245,-113.69034711683416,-112.77275251399887,-113.01476374812273,-113.08867012751584,-111.68968311503069,-113.58745094896047,-113.26542838564932,-114.24760112143353,-114.58028366976856,-110.85359798827365,-112.99424191242302,-113.51305762005302,-113.23758825966306,-111.91688547911437,-112.72198953603599,-112.42194145351223,-113.1948155988812,-113.719492857131,-111.53796927525464,-111.77076237504131,-111.46321347640355,-112.79890744460461,-113.67242354868166,-113.14512692786087,-112.65672778742422,-113.51457007604313,-112.2218156956159,56,-112.73953353434443,-112.8341036836245,-114.58028366976856,0.7848646993792301,0.24816789541719597,-0.41585088478370036
HDOK,PLOK,17472,38,38,-111,3,11,2,33,-112.6841567711218,-113.3862069445723,-111.25840676319228,-111.75477755605846,-112.42543389999541,-112.04689969439593,-113.08229766576595,-112.3504065680639,-115.28424737041104,-113.86998492078432,-114.36273281103621,-112.97744600926343,-112.36922543154013,-113.3929685316844,-113.27024454127337,-113.3473849135266,-113.15185213779269,-112.93559404626144,-113.97057707002136,-112.62341110030454,-113.26078706666233,-111.31724478154806,-112.31071956898913,-112.84070641824516,-111.32885729575239,-114.13585711411683,-113.7075382113665,-112.65036147208365,-112.82573564355016,-112.32825632828265,-112.6374825711008,-111.90306965929125,-112.93094012562902,56,-112.87035790920257,-112.84070641824516,-115.28424737041104,0.7745908057023565,-0.35857099902502293,0.6057820820212347
HDOK,PLOK,17472,38,38,-111,3,11,2,33,-111.81537115788025,-112.39939941449911,-111.58391065031401,-113.55887861782706,-112.56133167107171,-112.15860590168653,-113.07738985516626,-112.4387430187365,-113.5989006658523,-114.3793884851392,-112.39515467708249,-114.05415507699372,-113.98777913763526,-113.04289059165598,-113.29411247788512,-110.42574221440195,-111.43488933401224,-110.67749437644406,-112.42816149195538,-112.15935872700268,-113.28757270194401,-114.12410063079548,-113.3918246088246,-113.58478366985449,-112.95035844808967,-112.71617163150032,-113.69766459872204,-112.80621057864651,-112.66931120666672,-113.2590910269928,-114.3742651347959,-112.65983188532766,-111.04455577956972,56,-112.78901210439311,-112.80621057864651,-114.3793884851392,0.98770769276776,0.5439350957917738,-0.039982324340751774
HDOK,PLOK,17472,38,38,-111,3,11,2,33,-111.3162118515864,-113.60847236325083,-113.06621114866897,-110.45359195035113,-112.26380120693638,-111.28639384460227,-114.35396913248626,-112.56395368158532,-113.06052609194404,-112.79716394210543,-112.28537692646492,-114.56367753735638,-111.09278715089783,-112.03687206969907,-112.18188316397946,-111.87162711941198,-112.35949299131805,-112.77868344560987,-112.87297048456661,-111.88481816047826,-112.69923725595953,-111.52220655907296,-111.87380573434719,-112.59849832730406,-111.81850913598582,-110.906222445824,-113.80918647587467,-113.01602364705786,-113.55765550128736,-112.5204952949208,-110.88892586053905,-112.1285078341477,-112.66249738823437,56,-112.38485623405617,-112.35949299131805,-114.56367753735638,0.907434950711048,-0.21069389555010143,-0.00298601819164368
HDOK,PLOK,17472,38,38,-111,3,11,2,33,-112.09149951799886,-111.64704130554242,-113.28427092903429,-113.59116087534261,-113.13819820745942,-114.10355344470685,-112.1271187941669,-112.93605725927269,-113.70896298879426,-114.14264867332372,-112.67623497138933,-113.14987819101525,-114.17574790982903,-111.99938066352216,-111.28094193982312,-113.02056281528397,-112.43150191563892,-112.66280028101403,-110.94715941870697,-113.49494177032045,-110.91548718544857,-113.57010503878959,-112.48008637932354,-112.46661748266548,-112.65093094660074,-112.48800458619202,-112.78057415279797,-111.4713486782929,-110.99250808004788,-111.10146919985868,-113.17546683107122,-113.73425647101325,-112.77762429955851,56,-112.64285276375291,-112.67623497138933,-114.17574790982903,0.8878282878114893,0.3143579000427789,-0.7304749805726485
HDOK,PLOK,17472,38,38,-111,3,11,2,33,-111.80331580433256,-113.16683534473945,-111.86262844878047,-111.97327254818512,-112.49668337441055,-111.96907220388411,-112.74492934228779,-112.08736727800867,-114.49581493358264,-114.84932275575795,-112.14022596136869,-111.8045972194597,-111.70563717749373,-113.34627563616141,-111.91652305289756,-111.09485636565464,-111.91758721521808,-111.51982149295743,-111.07558633647254,-113.00500769917372,-112.94452878705206,-114.35652846360887,-113.57209456938583,-110.19920053863196,-113.57999913831362,-113.09701087725666,-111.74318279817281,-112.50971740356842,-110.83527244783292,-114.56447998350356,-112.7688938619899,-111.65472170830547,-112.92097314865335,56,-112.4764231490031,-112.14022596136869,-114.84932275575795,1.201503831011057,-0.3900567814197991,-0.15063770126529796
HDOK,PLOK,17472,38,38,-111,3,11,2,33,-111.74596816971442,-113.00247792698424,-112.98585039269176,-113.32994734604215,-112.85640156963191,-112.42093414345173,-113.05879726928075,-113.37190624553007,-112.89504437023159,-113.1819741923747,-113.37633358837239,-114.61524096300852,-112.64592590845552,-112.77059686596098,-113.62442510936403,-112.53321093811103,-113.58909180354236,-113.14170790439822,-112.92089270094978,-112.08939917921099,-113.39795904089932,-112.14744834132127,-113.95348169493582,-113.27542983457793,-114.09268624170139,-113.70320462963444,-112.61769411717346,-112.22418358410431,-111.14483130572061,-112.58824540826537,-112.09463307332192,-114.80383743820863,-113.6090176041037,56,-113.0245084515538,-113.00247792698424,-114.80383743820863,0.5849999359698133,-0.04734635637140445,0.5344416124281088
HDOK,PLOK,17472,38,38,-111,3,11,2,33,-112.44113224765385,-112.14414199196175,-111.97022762103559,-113.17393516089614,-112.36962813580386,-112.74324088999161,-111.53841480492687,-111.75948646655371,-114.22551185418975,-113.53566794965809,-112.21718925933143,-113.96001792070857,-112.38604430021375,-111.17627558813737,-112.43094163062173,-113.62328937630792,-111.49905082176217,-111.92619065458518,-114.18438346656016,-113.79607809986658,-113.62253650242751,-111.67476124854424,-114.7224724793714,-112.61607834218972,-113.77721952008649,-112.30003679746254,-114.53295648414132,-113.10862621869991,-111.25213986420127,-113.25627517285126,-112.72156766468417,-111.93913154284698,-111.6668795947823,56,-112.73610695978954,-112.44113224765385,-114.7224724793714,0.9688321071981643,-0.34067992435695355,-0.966001653232174
HDOK,PLOK,17472,38,38,-111,3,11,2,33,-112.91979540584532,-112.91383701720174,-113.37532743961731,-113.25005324529737,-113.01939561625142,-110.61009589669763,-111.98673515053741,-114.15837636788827,-111.646770806523,-114.31088180406876,-114.80435366349884,-111.60106407238969,-113.03313123052868,-115.86912907716454,-110.99619406953336,-111.7673719322827,-112.9504142976646,-111.3758211750664,-111.78766404591683,-112.19490118802142,-113.13893432055056,-111.1053664688654,-111.80473900417532,-112.45770325118458,-112.85186010444812,-112.85583884521049,-114.10048007762693,-114.85141255020602,-110.93883857116803,-113.35529361022742,-113.73739915976196,-112.3270380829641,-111.77696154142741,56,-112.72342966938822,-112.85583884521049,-115.86912907716454,1.51339975848725,-0.47178947354529904,-0.0762821119602437
HDOK,PLOK,17472,38,38,-111,3,11,2,33,-113.02567673272675,-112.56963014824507,-114.55533716894931,-111.21853984747798,-110.97959292636304,-113.17118855715442,-112.87599717417835,-112.09712467487263,-112.4133443920845,-112.65774891011142,-111.72188610795969,-114.6120649657646,-111.52822641633041,-112.45127770100285,-112.41007712675457,-112.93648043776538,-112.69360627106444,-111.7148410356314,-112.71412133760704,-112.27571579174146,-112.95335281979663,-112.10343273100885,-110.99618458556607,-111.91232263068483,-111.44437250674251,-113.23332403296871,-113.64214198507655,-113.58588165528057,-111.27288529231414,-113.30505599589222,-112.74734030361788,-112.3878224159894,-111.86457563470712,56,-112.48700516101306,-112.45127770100285,-114.6120649657646,0.7860269830127917,-0.4101172530045555,0.19757499353275199
HDOK,PLOK,17472,38,38,-111,3,11,2,33,-113.45702463225604,-114.13758014098312,-113.93941330299607,-111.65073563268624,-114.12698237464936,-113.38920217690351,-111.9902413325859,-111.29156223573527,-114.03346362391892,-113.31507535471592,-111.56958645733926,-112.99350118488681,-112.41692169769141,-111.51752173864354,-112.15604694197278,-113.51720378263383,-111.6419460233675,-113.21010727874001,-112.23848458033645,-111.83164052209166,-110.21518006577074,-113.0497178166384,-111.41373629908831,-112.17226635068705,-112.02091646418631,-112.31702305783833,-111.8785280881795,-113.76825280348176,-111.26877210395509,-112.14616065162532,-113.94625362695987,-111.40378120481384,-111.01101806854061,56,-112.45563174596661,-112.17226635068705,-114.13758014098312,1.082083034802156,-0.09996887675175326,-0.9638865310007803
HDOK,PLOK,17472,38,38,-111,3,11,2,33,-109.63675468927302,-112.32604226144035,-113.94367224857409,-113.19935378546046,-110.20914831271524,-111.06659696198824,-114.23964343199826,-112.14553651468214,-114.86045489869902,-112.50897762203617,-113.28504958671901,-115.18332544538642,-114.12281878732594,-114.68581395609391,-111.3857588047156,-112.77710874907572,-112.61917692137398,-113.92662491406435,-113.07666930937671,-112.37851956641092,-112.32339947583276,-113.03826786216253,-110.77941971542486,-112.82939265252085,-112.25159479951114,-113.56657354785871,-112.77033096388689,-111.42806070311262,-111.01764579524404,-112.75057235251475,-113.84665927634899,-114.40438425391677,-112.18027962138504,56,-112.75041296324636,-112.77033096388689,-115.18332544538642,1.736836803717108,0.31767844807073226,-0.18227644167225598
HDOK,PLOK,17472,39,39,-111,3,11,2,33,-114.17547765178293,-111.53257589725676,-113.41693538322808,-112.39345649643896,-113.4263201561749,-113.27975947675849,-114.24990545775952,-112.3982833432133,-113.45086325352543,-112.41350081340198,-112.29230018930062,-112.77718975354782,-113.69967228871887,-112.31689155455629,-111.39572857841173,-114.21498477087734,-112.75267663996809,-111.81453966529719,-111.28591558308396,-112.51148179014622,-111.41551973924005,-112.74433371481076,-112.70511928334538,-112.81904246850455,-112.37403984050745,-113.84689414635685,-113.96932013236413,-112.3447982296551,-113.00420416409435,-112.13478281359534,-111.77426613299082,-113.09270500028171,-112.7797088404105,56,-112.75161191665471,-112.74433371481076,-114.24990545775952,0.6804216200964223,-0.12625052001794757,-0.6757260191330148
HDOK,PLOK,17472,39,39,-111,3,11,2,33,-115.2004092844093,-110.75582397119717,-113.29168221197494,-112.8128773390104,-112.7801900537349,-112.80330078314988,-113.68402453836134,-113.48588492842823,-113.73812867467133,-111.56971808573473,-112.12316764065798,-113.62512213134197,-114.31835968173125,-112.42225823879178,-111.7621485742432,-111.96915193371656,-113.5324698225337,-112.70310050922369,-113.26935375153626,-115.21502046604866,-113.04658969210463,-113.0881135952231,-112.5237513394415,-111.69939192300461,-111.35622933136301,-114.83970263132191,-113.72988092154932,-113.71391251630138,-112.65390130444555,-113.11605119115647,-114.25948536251919,-112.78964503307616,-109.78550201728375,56,-112.95952574179661,-113.04658969210463,-115.21502046604866,1.3835343256055135,0.3618799145529291,0.6446056572402199
HDOK,PLOK,17472,39,39,-111,3,11,2,33,-116.16870973369184,-112.43410891502454,-114.319407788297,-114.5764358295895,-115.44950916400511,-113.84596855630815,-111.57655356695913,-114.91200691237262,-114.51544867195894,-114.31977620450554,-112.67350701139755,-113.4406691638195,-112.04578490491197,-111.6467325134726,-112.67464146113831,-114.13884260925616,-112.33695221652044,-110.99483510899756,-113.44221504355599,-112.50011141612877,-111.09916801337563,-111.94295002984175,-112.7590106615637,-112.91206910750492,-114.05457280251004,-113.31335171248304,-112.61194032856405,-113.19137140674012,-112.51775431078937,-111.34551275753321,-112.55333941252361,-112.51134470708251,-111.75987309253789,56,-113.0480143980291,-112.67464146113831,-116.16870973369184,1.5587320617906668,-0.5176428109551542,-0.18676436421712905
HDOK,PLOK,17472,39,39,-111,3,11,2,33,-117.30526510140749,-113.09261602839116,-113.27070318129127,-112.65530146190383,-111.88402934429458,-112.1370913283047,-113.74353704843443,-112.81099149516646,-111.97789961969099,-113.82634043880194,-114.3354290810682,-112.5858182771794,-112.2630527238636,-111.91379350916988,-114.04751221483383,-113.95551917342186,-111.08163052828334,-112.66106668961778,-112.04700619418762,-112.7430867448646,-112.95075936488608,-112.64272626068993,-114.46527859631702,-111.72139176748753,-112.0940225760449,-112.4681716759736,-112.81145775488889,-112.86060662166221,-112.84313695895808,-111.15810961504532,-111.19354232984335,-112.06763173558643,-111.64537487734115,56,-112.76545152481522,-112.65530146190383,-117.30526510140749,1.3981626036900026,-1.726790166110078,5.259934022867011
HDOK,PLOK,17472,39,39,-111,3,11,2,33,-115.59018180724819,-112.551592004476,-114.14557309959898,-114.29172554213427,-114.70628592447667,-113.21838986102229,-114.08052652645671,-115.03855892615114,-113.17897195469992,-112.20992836548355,-111.87799101004347,-112.70555586187558,-114.09417524085117,-110.79949169016112,-111.01045168272579,-113.06959279177839,-112.61824045585216,-112.57785100332259,-113.98813900931549,-111.01951434521884,-113.31622153022799,-111.03759901918899,-113.75926637666754,-114.38146273274285,-112.07328905453204,-112.03764191261403,-113.70591005679034,-112.13981927995675,-112.06446561703859,-111.68922809275902,-112.84351975132218,-113.33548574261013,-113.55808753422858,56,-112.9913555698052,-113.06959279177839,-115.59018180724819,1.4514840738329584,-0.027854241457823774,-0.5998258696240639
HDOK,PLOK,17472,39,39,-111,3,11,2,33,-115.07622746274538,-110.99026065177353,-113.66262610599294,-113.81928252459724,-113.20972331021395,-112.70011167481186,-114.07620357050486,-113.69759917739997,-113.90452268124754,-110.47167417210188,-114.72603984440994,-111.6635259337465,-113.25185627025279,-112.03457279784446,-112.54837289783352,-111.51266514095623,-114.48425671348335,-111.84577055237881,-111.10133090774382,-112.12094719545074,-112.14251387164659,-113.32658883059564,-113.88252814058231,-114.53735864004342,-111.72069075171922,-112.15235195379731,-110.35015894085085,-113.8716302598536,-113.65329598081998,-113.59610783761956,-111.90103764940005,-110.11357945991857,-112.89267279904958,56,-112.75872983943594,-112.89267279904958,-115.07622746274538,1.7294546942208242,0.2726010264462162,-0.8275270587875263
HDOK,PLOK,17472,39,39,-111,3,11,2,33,-114.69334870095383,-112.64845122657958,-113.88734977007297,-113.4738454160565,-115.13912646337211,-113.62289200777671,-113.24609294089774,-113.51118055956921,-112.55053798027285,-113.39331205317792,-112.50310808993774,-112.96764592800021,-113.09757231287328,-113.42618040207135,-112.05444416911818,-112.03711848662253,-112.27723298111766,-112.838122624965,-113.01986374070027,-110.9391202485276,-113.20291009194355,-112.56152363627625,-113.25631654959227,-112.70271040808043,-112.18781500401154,-113.4378011003437,-113.63234178992636,-111.5163138949733,-116.43603046018187,-112.90881432147187,-112.58888146475016,-111.36549750523463,-112.71104068467156,56,-113.02528918224607,-112.96764592800021,-116.43603046018187,1.0684708763320725,-0.9988337571786844,2.8652179471656196
HDOK,PLOK,17472,39,39,-111,3,11,2,33,-116.4834580963017,-111.65435621379743,-113.28362150272375,-114.70433881093389,-113.19947952772016,-113.54809606959124,-113.04179872242872,-112.56186587363362,-113.81166417754548,-113.70002338785824,-112.30479848180778,-114.4644777195455,-112.74284674225433,-114.41290194316605,-111.48955292023793,-112.88520696105753,-110.51345744374674,-112.13925887492589,-112.5660942771973,-112.13519536388313,-112.16479294534652,-112.30117766743432,-111.98501709110324,-111.88719507067873,-113.44257111167458,-112.91659903478195,-111.26036028752776,-112.31441975778989,-111.44707845215287,-112.92291575699662,-111.33838641038054,-112.93746219534358,-113.57246845058998,56,-112.7919071921866,-112.74284674225433,-116.4834580963017,1.3543309367882657,-0.8545031412219234,1.7813830766096745
HDOK,PLOK,17472,39,39,-111,3,11,2,33,-117.5731180966942,-110.61319758025091,-113.54890443385267,-115.38072403069951,-115.40353724304234,-110.69783038331701,-116.05311851530749,-111.05671920863941,-114.35927794975967,-112.84273186258466,-112.35767134607593,-114.10089670992092,-113.24839985521577,-111.92787134798333,-111.91569531668644,-111.32648389161798,-113.34843588720418,-112.70338654141673,-113.50597116373056,-113.03424139930591,-112.50129328467415,-112.49256622460089,-112.71640223605841,-111.80706402247468,-112.14600976402681,-113.08820141533766,-109.79079817643787,-113.53189434268499,-114.20598124820953,-111.81246765900585,-113.09489535272708,-112.0612187579391,-113.46912152353852,56,-112.961094750637,-112.84273186258466,-117.5731180966942,2.5199700286139612,-0.7036774117947528,1.2028335899998068
HDOK,PLOK,17472,39,39,-111,3,11,2,33,-115.96562163937017,-113.3356006004145,-110.78252918294461,-116.5220374492156,-112.82172060317816,-112.73210142484062,-112.68214964163235,-112.56305608579017,-111.59978775118817,-112.88831459007886,-113.38949858277576,-113.03624178134257,-112.90147395639354,-112.32970223638397,-111.59590182600235,-114.76043231594713,-110.19212187741132,-113.82568311938834,-112.97889242033129,-114.35883009631925,-113.5225642417219,-111.45396504717773,-112.9119590086544,-112.66216330006078,-111.92963636024001,-114.0762065980519,-113.09834727308933,-112.93706209446714,-113.03154927599293,-113.67477327857206,-112.87471576758874,-113.74207345731877,-113.93450328721303,56,-113.06397624760903,-112.93706209446714,-116.5220374492156,1.5623363804942239,-0.4465677602949006,1.642208634550688
HDOK,PLOK,17472,39,39,-111,3,11,2,33,-116.2071342958889,-113.81570772977076,-113.28138624273943,-113.51877554785732,-113.85669196414115,-112.67473483436028,-114.59826773409608,-114.30191308350447,-113.69432578681437,-112.09739728721593,-113.0398902073013,-113.86348947089506,-114.0587784868569,-112.76533341658502,-112.97900734433316,-113.97102056487758,-113.78235584698383,-113.8582680519795,-113.38259403879802,-112.93363114190004,-112.36434284562884,-114.35418686610411,-113.78284341249457,-113.30798071548877,-111.91191296845288,-114.25828892628616,-111.90648660563689,-111.46340357495203,-113.75948167820653,-113.15028547657236,-111.78524378492082,-112.50868869556652,-113.10780436110078,56,-113.34368645419121,-113.38259403879802,-116.2071342958889,0.9015513968342298,-0.33754113979862993,1.2393200249941896
HDOK,PLOK,17472,39,39,-111,3,11,2,33,-114.63242053855994,-111.15013429228001,-112.20423732567104,-112.51981243315593,-112.41027772938851,-115.51207523804848,-112.74008930809231,-112.25219015729472,-111.66604792904725,-111.71496045330575,-110.67844640873605,-111.61776924517311,-112.8546183487294,-113.21188898956923,-112.95970610637237,-112.44295807499574,-113.2209665655732,-112.2830478062987,-112.78352640296016,-112.61381272857629,-111.6853462259219,-111.79430890380308,-112.92034457905942,-112.98268704757686,-111.96943552128485,-113.47912832764442,-113.02233635232054,-113.1684507493186,-112.99112447214641,-113.02027748810119,-113.67342068964199,-112.78377110124248,-115.42634719267055,56,-112.73896862825944,-112.78352640296016,-115.51207523804848,1.0530888839254855,-0.8745180854359708,1.695121426247462
HDOK,PLOK,17472,39,39,-111,3,11,2,33,-115.54797185216133,-112.05520470618077,-114.16936435400606,-113.82224995403162,-112.68834123698511,-115.12674212017552,-113.33827687779728,-113.01384403482848,-112.19831934727863,-112.64404497106312,-113.247822829716,-114.1966715524981,-113.3709398629845,-110.61713568460456,-112.28634732890669,-113.84830783819304,-111.83366622117208,-111.3610020903826,-111.04648967594284,-112.63163778707379,-112.73362588465703,-113.27383048463217,-112.24939972155714,-112.50653352150255,-113.15393107076977,-114.37461518779429,-112.67148232203252,-113.81649115615103,-111.63547129880986,-111.18983988134399,-112.55591864138427,-112.14763304699153,-112.82294631248178,56,-112.85382117745729,-112.68834123698511,-115.54797185216133,1.2272205440624124,-0.3077334101328454,0.14758290038043764
HDOK,PLOK,17472,39,39,-111,3,11,2,33,-115.97091790565071,-111.94891072500042,-113.95105241386956,-111.32794787608722,-114.23269290594699,-114.02848352091527,-114.97970245191647,-113.85594923366345,-114.25068035774649,-112.52694569004782,-114.49457612057462,-113.98776666998258,-112.78309113981189,-113.22571027818799,-111.67513645150873,-110.47870086997533,-111.04578386604751,-112.00957764738192,-112.65647462294568,-112.5445489191967,-114.03287992273387,-111.39630660874789,-113.84804222390346,-115.40866652662768,-112.6616858682094,-113.32726986259769,-111.67951902250213,-113.16246926645572,-112.39898189872159,-112.35071753247996,-112.49346840564479,-115.39007610911229,-111.98352630164749,56,-113.09418967320734,-112.78309113981189,-115.97091790565071,1.7829390122687,-0.21900839523117677,-0.577937753812884
HDOK,PLOK,17472,39,39,-111,3,11,2,33,-117.600167771252,-112.05341386348566,-113.10050633349582,-112.2258771197743,-113.89656240809782,-113.86210127506897,-114.89469878708485,-112.6009209307577,-113.8418412822167,-110.82379637413895,-114.86538113370955,-112.73749583705094,-113.65976715454015,-112.61446399944217,-110.8854467375776,-111.49768240236915,-113.93789856465533,-112.93722523112652,-112.5690189744603,-111.69258857459079,-112.08262190220037,-111.74742245661898,-111.77987921614069,-114.43419522462942,-113.42871129567598,-112.11957450417854,-114.93504688444203,-109.91152303594141,-111.9184951662397,-111.39029744336055,-113.49715637019614,-112.40529521678363,-113.48939173314058,56,-112.89201409710435,-112.61446399944217,-117.600167771252,2.165504174263828,-0.799021206494803,1.8401966927008329
HDOK,PLOK,17472,39,39,-111,3,11,2,33,-115.95695652985859,-111.83122255716015,-114.75547552880695,-112.26187264646184,-116.44969875961891,-113.25390014346462,-114.51373851021886,-112.66047606488729,-112.68075803703834,-112.9014980542136,-112.31281413748935,-113.93267589277916,-113.08860679354588,-111.91780199745722,-112.95651405054937,-112.11336417431976,-112.67910758894963,-112.17054326331076,-112.63555806470438,-112.1337168767599,-114.13020573444602,-112.86869942392653,-111.93871154251262,-112.82217686618908,-111.61336533873609,-112.90379579727045,-112.25563226046889,-111.68070070180099,-112.15307857094116,-112.0564755276284,-112.85307523577718,-113.79405966156699,-113.91302615731276,56,-112.9754334087931,-112.68075803703834,-116.44969875961891,1.301674017912366,-1.471468470227308,2.094585028451536
HDOK,PLOK,17472,39,39,-111,3,11,2,33,-117.02917851378419,-110.96795639068098,-112.6036234694589,-113.38970037912621,-113.13219441693964,-113.37472827618785,-114.27297087326868,-114.96203465613547,-114.63319502769582,-112.21418745629967,-113.05457584997049,-111.74402621812811,-113.3875399812507,-111.89655952264779,-112.96513377143687,-112.7853305028081,-111.61480401613248,-112.85322685809558,-112.55839838762812,-112.98649402440863,-110.520972680244,-113.73738063380542,-112.642532366548,-113.50492758360865,-111.69585412876751,-112.38453688101995,-111.572850075711,-111.76287546842107,-112.28255021827847,-111.43115518706104,-111.97611783967254,-111.8788022858572,-111.49533535575728,56,-112.70641664535867,-112.6036234694589,-117.02917851378419,1.5798860945126134,-1.2663704619447544,2.9587058115988145
HDOK,PLOK,17472,39,39,-111,3,11,2,33,-117.78526073271439,-112.64726402867261,-113.31736246904669,-112.99743239961123,-113.47013390231069,-113.9215682866222,-113.03161447104404,-113.1756065831784,-111.17950701083566,-113.21998249040462,-111.67998725339211,-112.54339687122766,-112.60966560875703,-114.02226376240922,-113.5870965346901,-111.17353997421424,-113.09436969056506,-113.403350943665,-113.3262727421124,-111.79757055901158,-112.14590521724706,-111.83368452634322,-112.96792081880064,-113.3510143107587,-111.35869276916273,-113.88559343857749,-113.05923940833036,-113.10230390187587,-112.71443976444465,-113.6935857288916,-114.5213941630569,-113.4593893620288,-112.45505460669274,56,-113.04640801002111,-113.09436969056506,-117.78526073271439,1.3685383551697523,-1.7282459211828758,7.16333899079992
HDOK,PLOK,17472,39,39,-111,3,11,2,33,-116.85130712967566,-113.01777168509759,-112.91437433621606,-116.00669493345156,-113.68205432957231,-111.13008110187502,-114.16979465519488,-113.99224610506354,-113.49697464390952,-112.02861871057841,-112.56596509888465,-112.57737918836554,-112.61423666749756,-112.86464822843561,-112.75214895100994,-112.64904769808582,-111.58679623883,-112.31453881607779,-113.12667975877049,-112.17721156848194,-114.83261302807242,-113.5768076719761,-111.41996244414977,-112.18853321881478,-111.24164923516697,-112.37739417137288,-112.29620565987348,-110.92627684900137,-112.78726024630798,-112.8739713968764,-113.76633380744673,-113.1625401986881,-113.38961734599236,56,-112.95023439753982,-112.78726024630798,-116.85130712967566,1.5494146286637132,-1.1686808153353092,2.352337138607615
HDOK,PLOK,17472,39,39,-111,3,11,2,33,-115.43162397890706,-111.68758310304545,-113.38441945361521,-114.05124933466269,-113.57710121448768,-113.11221000415422,-113.76117017259912,-113.65491081810184,-113.5508327718457,-112.65869131449669,-112.88703482059665,-112.35237272730224,-112.18396727008978,-112.57121684357868,-110.59148269852436,-113.08285079548811,-111.54880226661659,-112.2712395671275,-110.7245620807452,-113.82063519948704,-113.65000826445737,-114.95869506143086,-112.54476287993496,-114.36323429672669,-112.39746325687501,-111.23690283340304,-111.88422485757954,-112.86720015804492,-113.42455528291532,-112.71928221985915,-112.2911817314322,-113.8862711232673,-113.88801879512665,56,-112.93987143019771,-112.88703482059665,-115.43162397890706,1.1974205508368914,0.09194215212493555,0.05170606180676618
HDOK,PLOK,17472,40,40,-111,2,11,2,33,-113.15364699336439,-111.39750159685543,-114.45755569068649,-111.08695923264818,-114.14026669143209,-114.48320627845054,-113.46831661255331,-112.9009540449192,-114.31200319281388,-112.61477459244551,-113.28947543911124,-112.20518485490615,-113.53874250070022,-112.14274172512164,-111.41395957901062,-112.11228750252562,-112.03157978426509,-113.22313285076503,-112.07492091593488,-112.85784187765836,-113.26174383391019,-111.69016325076541,-111.23177407903634,-112.66113064864273,-114.40080893970341,-113.20327273175617,-112.36291060824395,-113.08913971588025,-114.28686435211664,-112.92847465737246,-114.24197916597727,-114.31380140477668,-111.7385896494804,56,-112.91865772708574,-112.92847465737246,-114.48320627845054,1.049339461352086,0.024310058336263284,-1.0687430240357334
HDOK,PLOK,17472,40,40,-111,2,11,2,33,-114.12483000446566,-113.21921393125494,-113.05032794187576,-112.20316984653876,-112.75720876002417,-113.0091547596191,-113.06246575203609,-113.21358179442339,-112.91613830732165,-110.24593542911218,-113.87364160808664,-114.06904043135427,-113.46016633423412,-111.94574516026978,-112.60496346077423,-113.54765089773404,-111.90469800353686,-113.5784386125162,-113.1205674108659,-114.1106364439149,-113.4399464474611,-110.73442831288503,-111.64680220849854,-111.84418761170599,-113.67070979952993,-112.45723401344246,-112.69593313491872,-112.28553574727924,-112.42752675567424,-112.51562612015917,-112.11880159172627,-113.62603328812781,-112.81674725745607,56,-112.79688142966127,-112.91613830732165,-114.12483000446566,0.7988628521960659,0.8461864197095805,0.9665002028946108
HDOK,PLOK,17472,40,40,-111,2,11,2,33,-110.65665989264728,-112.66385011289326,-112.00963445620764,-113.5968983206522,-114.3105682903747,-113.71382701598544,-113.8978798982132,-113.9161744741039,-112.27783187185318,-112.97198954510593,-112.51405049904697,-113.7280114606998,-113.85033025848534,-114.11716613554873,-112.31847491338506,-112.58553228639671,-113.06478492806028,-112.83040876764387,-112.0545191054231,-113.0666051301197,-113.72571616951257,-111.0238032385557,-113.40105402011122,-114.91811610468513,-113.8061043010896,-114.80734985391167,-113.33731054171788,-111.2836423176518,-113.16382172248775,-112.00048564572859,-113.55588370575269,-113.71868925371687,-110.94601494435969,56,-113.02524815703416,-113.16382172248775,-114.91811610468513,1.1193466437849622,0.525998110058678,-0.2070133531133047
HDOK,PLOK,17472,40,40,-111,2,11,2,33,-110.98123905861702,-112.63619170786892,-112.63472574933321,-112.75477195439059,-114.52416358327771,-111.5467566727292,-113.85984106881224,-113.58151072957432,-113.00105448728736,-113.05074690955585,-113.38858443937309,-114.0476647498753,-112.06267357362243,-113.46145037484307,-112.89237745815585,-112.7856335141298,-114.07296519708001,-113.79380971357324,-113.35350995273632,-113.77951600312876,-111.61576639453155,-113.43486036916629,-114.63625317410008,-113.1307329028538,-113.71432541691107,-112.37598503475037,-113.14188012677774,-112.8456860132976,-113.09651741853799,-112.82890899070462,-113.31042557981829,-114.14271457610494,-112.64708445406785,56,-113.12516143483595,-113.1307329028538,-114.63625317410008,0.6551387198662284,0.5441781652032779,0.5662141956301925
HDOK,PLOK,17472,40,40,-111,2,11,2,33,-113.68722318201867,-112.69206572579321,-112.94913022601122,-112.10175771311144,-115.92010123763315,-113.8911356378001,-114.1127820035662,-111.95472620654307,-112.00550277677542,-112.80559739293543,-113.05137229309615,-113.81719507801235,-113.07668086545961,-112.95149649654803,-113.68479982701169,-112.49496180596321,-113.16254371131873,-113.9629512775697,-112.84440773704378,-115.1047764086701,-112.81785908790646,-111.56489797843189,-113.0181117734376,-112.57835671257615,-110.88940520585862,-111.92084347386029,-111.09009317420977,-114.84287699077728,-110.51735664359818,-112.00701830985162,-113.19131963395517,-113.5485311660035,-113.02926855416062,56,-112.9480953426518,-112.95149649654803,-115.92010123763315,1.309058346396853,-0.24598511819288718,0.6320984235537508
HDOK,PLOK,17472,40,40,-111,2,11,2,33,-112.32738503428214,-111.40997624380289,-114.23687252059385,-115.47290365970446,-115.23929100601472,-112.05375718981925,-114.12083553627558,-113.25588658416211,-112.10967666190135,-112.20579331028436,-111.7377860590847,-113.79645005721787,-112.54942885651698,-112.99615378286923,-113.08748227796208,-112.4133090566352,-113.08199896542476,-115.27647826518519,-111.6207444378102,-111.60947813640931,-113.02831624819731,-113.41125940487905,-113.44513639280292,-112.4227147423357,-113.11437349022528,-112.39928163893681,-113.89891597189579,-112.69674771962208,-111.8801390014112,-113.37978577315371,-113.62362237353362,-113.56677354206266,-111.7872885906002,56,-113.00775886459434,-113.02831624819731,-115.47290365970446,1.1103182919447077,-0.6750941532132009,0.04401996131033714
HDOK,PLOK,17472,40,40,-111,2,11,2,33,-111.69913564652101,-111.48334915554874,-111.62710434509032,-114.05137888867787,-113.56414817447993,-113.40442208746319,-115.55670670559032,-113.6721563858318,-112.54051181206914,-113.60984985009227,-112.90035768243322,-112.52583800999288,-113.19849963796544,-114.24167839719973,-113.92722119941457,-109.66070222466462,-112.706993860539,-110.62911219620376,-112.27208402989658,-112.17065709429392,-111.80872316381524,-112.68687152406021,-111.19624165729061,-113.05903649506303,-112.46579764450416,-113.566343574497,-113.24644513271399,-113.41950416668806,-113.88349799743396,-114.46811752925557,-111.96865971001513,-114.59770510567002,-113.08117691081394,56,-112.8754553938118,-113.05903649506303,-115.55670670559032,1.4379202335860686,0.39607312079152385,0.5827168091830361
HDOK,PLOK,17472,40,40,-111,2,11,2,33,-110.72581826570536,-112.59838246713822,-114.42570580285498,-114.41647914474333,-113.26070709431701,-111.78363482481063,-112.97823660266454,-114.00392785180601,-113.47261622857202,-114.17105078646546,-114.52941075096096,-112.76343250071393,-115.64356577374122,-112.6685071413238,-113.04237499243575,-113.51020968140051,-112.09631083820629,-112.58607152410929,-114.24230079918806,-111.80491762503394,-113.69460053497792,-111.55767876360979,-113.13118385706093,-114.131781056928,-113.03471536682612,-113.91704838582548,-110.90048853821564,-114.94042690251747,-114.4947107469791,-113.3732747306561,-113.52511798631998,-110.98373010657085,-112.15334128597492,56,-113.16853815026224,-113.26070709431701,-115.64356577374122,1.4123694210388416,0.2836917542162573,-0.3821934945343606
HDOK,PLOK,17472,40,40,-111,2,11,2,33,-111.4941640035695,-113.28004701041328,-113.46994161350487,-112.47487995569936,-114.02270124023774,-113.40713058505578,-112.09349360904989,-113.38963855456211,-114.01062616075318,-113.14858770033182,-113.30773161268066,-114.18674602390924,-112.55173455164184,-112.63769539654767,-112.67540963753461,-111.78738807018681,-114.53437686988471,-113.87498126947561,-112.60003032292234,-113.4810826472319,-112.4154381138709,-114.04766017945846,-113.69261545954656,-112.29770536906828,-114.45957523066527,-112.45315035882886,-113.3105290960186,-114.17139773115665,-114.18606790080781,-113.12932741384328,-114.2865724993662,-113.53063945898545,-111.60136077222944,56,-113.2124371642133,-113.3105290960186,-114.53437686988471,0.7009430945364227,0.335420091374811,-0.8180231917606533
HDOK,PLOK,17472,40,40,-111,2,11,2,33,-112.10767343834004,-110.85302965420763,-112.07007918368943,-110.38679247572827,-112.86808299032556,-112.41787962898736,-113.87870733686162,-113.82618144554928,-113.11809153390519,-112.03768512754536,-112.64337370998712,-114.32745117876053,-113.00725274175306,-112.51406695840492,-113.5590993033745,-114.24479658695803,-112.06712242953694,-114.26568088486601,-113.36145553999528,-110.66897710354887,-113.35590898673786,-112.18543696414812,-112.641420002987,-114.23807186701572,-111.2252721317073,-113.41857292685694,-112.3339608279263,-112.25643050985427,-112.28422666582233,-113.01458573108079,-113.86764534435373,-112.79565348960787,-113.17074952348031,56,-112.75792164314862,-112.79565348960787,-114.32745117876053,1.0318115733839104,0.4731353658221298,-0.08173814102932564
HDOK,PLOK,17472,40,40,-111,2,11,2,33,-110.9187897839538,-112.82048666858427,-112.13735297237066,-112.85665431682769,-113.08618580949968,-112.9673812646474,-113.93307541127983,-112.94766092221516,-114.87993589686057,-112.36062115148196,-112.94364685904057,-113.48100638364438,-113.07141088873816,-113.61523731041142,-110.85553799230388,-113.745909432895,-111.04304313456794,-112.97318928149846,-113.91689741595712,-112.47525770105568,-111.52860833958104,-112.59446748277098,-112.80799345890127,-111.63469933722862,-113.49174019698019,-112.24320182435558,-112.79863344278827,-113.18345866611361,-111.7173416393169,-111.21980384369064,-111.88896658367355,-110.64780491243631,-111.16896927118606,56,-112.54408998778354,-112.80799345890127,-114.87993589686057,1.0262741611160353,0.10356455364952999,-0.45235357362390705
HDOK,PLOK,17472,40,40,-111,2,11,2,33,-110.81633298798013,-111.34370961854731,-115.04431305041645,-110.97526417296733,-115.26890703126361,-116.08582046222422,-112.0476436990449,-114.41582553249735,-111.2934756834303,-112.9374262971437,-112.83728333779523,-113.36004790133892,-114.33403975548234,-114.13239212795573,-112.58939189146538,-112.23643335256351,-113.00139090997111,-112.48927267482014,-115.48393045772082,-111.9987022830646,-114.89257911407843,-113.33293118985864,-113.21455072570429,-113.32803876069664,-112.23300437532878,-112.24165963648893,-114.19056667555706,-111.92197000684922,-112.6243705003103,-111.53154369934776,-112.71713816843875,-112.69130109507121,-113.56975085723815,56,-113.06609115250487,-112.83728333779523,-116.08582046222422,1.7555754925814417,-0.44687701532075563,-0.4174263993293552
HDOK,PLOK,17472,40,40,-111,2,11,2,33,-112.5884473771429,-113.27363995564623,-113.80216575444999,-115.44722693141237,-113.57390466364488,-114.34117346926107,-114.81453418700914,-114.64764347291704,-112.7935227965019,-114.59222040762965,-113.85086468245922,-113.70565509900132,-112.74797104778332,-112.4614967586901,-112.7019633274979,-113.32359663369401,-111.65569007282988,-113.85614761680145,-112.94547662767177,-111.0338260915514,-113.62011293028611,-113.66279683879009,-111.67287705198099,-113.82923674616566,-113.0692059311579,-113.61244791691414,-111.3138153007069,-111.69695988458571,-113.04081722269639,-112.49977986362279,-112.67892151821563,-112.15362107872278,-112.68882480341138,56,-113.14232072911673,-113.0692059311579,-115.44722693141237,1.0442800197452933,0.0005402624779108151,-0.20341760308691237
HDOK,PLOK,17472,40,40,-111,2,11,2,33,-112.33468890724468,-111.48551999465315,-114.86635445770942,-113.31658931372512,-114.07059663249957,-112.59492774476647,-111.2019698936195,-112.77219908622632,-114.45450786110324,-112.41872942206793,-111.32858935321319,-112.532708382657,-114.88003523618944,-113.724644641887,-113.06366240362303,-112.96350588582054,-112.36379863471514,-113.98093834953907,-114.41160110143393,-114.41031872536429,-111.7890554745354,-112.31325385859799,-114.50756267735176,-113.87654168398932,-114.9508487378328,-113.10301737307786,-113.2771426921698,-113.27733530051975,-112.68457560284608,-113.67368199665279,-112.42334232322067,-113.79549765211875,-113.30821272723443,56,-113.2168470947941,-113.2771426921698,-114.9508487378328,1.0547001072627125,0.09838752234355631,-0.753682061720442
HDOK,PLOK,17472,40,40,-111,2,11,2,33,-111.35598652588547,-112.20300243632312,-114.44833891452862,-112.33031266121951,-113.80474265869259,-113.10668879122694,-112.5771650059307,-112.38370780380569,-112.49039001922941,-113.3504837353673,-112.8872964469268,-113.79770204377681,-112.01611890840599,-112.84793472882494,-113.04757894717281,-112.3621269696451,-113.93727682333046,-111.7293875438206,-113.14847198049505,-113.63741680560904,-111.52404112342195,-113.34914225532893,-112.13837276025113,-113.61787941230806,-113.83778882414478,-111.8496681441217,-112.06693597247863,-112.64401873266372,-113.77142673959113,-112.409360863902,-110.28597620344071,-112.0464368887848,-111.74550025651085,56,-112.68935387658074,-112.5771650059307,-114.44833891452862,0.803342910868392,0.2654007481284471,0.0707034744287851
HDOK,PLOK,17472,40,40,-111,2,11,2,33,-111.78411424529554,-113.13694618922482,-112.34635317106546,-114.00119451533126,-115.31754609065712,-113.70401993129424,-112.72742161518356,-114.74284666961464,-112.8926770719198,-113.02180519001668,-112.80882260178363,-112.96986255449755,-111.61509807782626,-112.15267777677556,-113.49166153931796,-112.4152280620504,-111.78258077258387,-113.60514146578765,-112.92144537610953,-113.69715169839563,-112.71407556905211,-112.62057850838723,-113.32977407421023,-110.49755036130479,-113.50727891841888,-114.75951306271035,-112.61360400071798,-113.09362700874628,-112.09406920252076,-112.91369094202938,-112.50668489725003,-112.03116101032775,-112.91135612930617,56,-112.93113813029436,-112.91135612930617,-115.31754609065712,0.8934650387547404,-0.245862145702776,1.1439366831901032
HDOK,PLOK,17472,40,40,-111,2,11,2,33,-110.25742927816731,-111.33345502066582,-113.97847847279533,-115.33319930294326,-114.12207273609631,-114.65971181580336,-113.90562722161536,-113.42006038495123,-114.33256608032572,-113.6619203845588,-112.03630791451107,-113.28609235603821,-113.53994914905908,-112.22126637173551,-114.18138775324755,-112.14171805017654,-113.44730883008317,-112.87920318861833,-111.58684815210242,-113.1186341382892,-111.18023749288778,-112.83974918770812,-111.90436361815364,-112.35731399042932,-112.52184940374468,-111.60358960114613,-113.38985445346839,-114.43255408975749,-113.14190498681154,-112.49819050223249,-112.32606284413147,-115.25494596414987,-112.21662760450924,56,-113.00334788911859,-113.1186341382892,-115.33319930294326,1.3923869018273363,0.046666568090610615,-0.32076098826371435
HDOK,PLOK,17472,40,40,-111,2,11,2,33,-113.10708093126348,-111.80127536027818,-114.27555143323657,-112.9077848921746,-114.09725582370264,-114.73144291851402,-112.37552572767618,-113.91329698011081,-114.3371549164482,-114.0811581260066,-111.38580056978594,-112.16009534710982,-111.8600439272589,-111.62145700874898,-112.59572815172025,-114.41716475945934,-112.67586096677913,-113.42980445822265,-114.19892173311148,-112.70173685492591,-112.90959205525913,-112.13391076458969,-113.80878649776436,-114.28668037400031,-113.4315699567053,-113.057301608427,-113.10471108617604,-112.07689564925586,-112.9555148612365,-112.92880836041434,-112.06764162258918,-112.70365114241427,-111.37861074338022,56,-113.01569138208319,-112.92880836041434,-114.73144291851402,0.8991280315728615,-0.054699724893030516,-1.051089116213919
HDOK,PLOK,17472,40,40,-111,2,11,2,33,-112.35256381541589,-111.9019024351316,-112.20162665147748,-112.79207380997204,-113.869533930009,-113.57504451168555,-114.41853323740332,-112.50306574621007,-112.69840207880023,-112.31044365214515,-112.00381710410424,-112.81794627557856,-113.32472312805452,-112.41627517210344,-113.35947047600179,-115.53442097847527,-113.6963796683799,-114.24449699080043,-112.59116303508127,-112.37633452703204,-111.716130196601,-115.82401919391125,-111.86440554872368,-113.07717654093588,-113.80090320095333,-113.58463801781743,-112.93479232380092,-112.37703888872255,-112.83032115771297,-112.68841616493066,-112.83068537622748,-110.1594813387695,-112.1347628973914,56,-112.93366630516242,-112.79207380997204,-115.82401919391125,1.150093711772687,-0.5563070971439021,1.8247114018653723
HDOK,PLOK,17472,40,40,-111,2,11,2,33,-113.54702877760998,-112.48736500636625,-110.44348811467897,-111.45375087220131,-114.34981526102777,-112.61748375184257,-113.91548411325455,-113.80729583402399,-113.05666410347158,-112.30902850404277,-114.05551836689368,-114.1863927001402,-112.79352041685839,-111.18746307699281,-115.20855286724367,-114.78557067049297,-114.20480738404912,-112.30982076537275,-112.61595189659523,-114.27868535203314,-113.95814211920035,-112.47928048093952,-113.06081476177948,-112.45642317761069,-111.25844235722367,-111.44909155659583,-114.17702060375207,-111.37796774496826,-112.68993906397465,-113.38078865715086,-113.288730112807,-112.61287865013513,-112.75961755850983,56,-112.98675226302544,-112.79352041685839,-115.20855286724367,1.2885722533305959,0.2087279912455222,-0.514182565459496
HDOK,PLOK,17472,41,41,-112,3,11,2,33,-115.93002739820501,-113.44556687650298,-110.94071499245703,-111.32738106706272,-112.79098936424465,-112.40230444254094,-111.73728577306215,-111.68729325707707,-113.87684386012006,-111.3915274806668,-112.23360479584233,-112.46491362533976,-113.50980745278507,-112.4088318228654,-112.1104627060671,-113.2824515537635,-110.81307401326747,-110.89756779914427,-113.20709950067071,-112.21771735192775,-113.88008673519539,-111.90501822806853,-113.40386393637058,-110.88354053620347,-113.06642392576313,-110.60393819763071,-110.94717616360124,-112.56282978406621,-112.00849200729353,-112.62378251601362,-111.63083147446515,-112.72585429845631,-112.39023045104967,56,-112.34265252690274,-112.39023045104967,-115.93002739820501,1.2442987787251962,-0.8292880970605371,1.6586679812906966
HDOK,PLOK,17472,41,41,-112,3,11,2,33,-113.87941032025306,-111.81383109763676,-113.95632984465452,-113.31132440144583,-112.67812014744642,-113.0130232076646,-111.04380664794488,-110.82328622956624,-113.14699676081786,-111.40596382863754,-109.97230709147883,-111.24054344835137,-113.07304434996992,-111.97771370299127,-112.12261976798656,-111.80033362166876,-112.85671135918395,-112.89751463658487,-112.57673119284865,-111.07384972565846,-112.90009878552858,-112.41965563330834,-111.92872725575529,-112.12401310377325,-113.46274249834157,-113.24453046850057,-113.26903788663546,-111.02361153313556,-112.33392605304012,-112.82965458714476,-112.50810230930395,-112.62711628927022,-111.78227552084776,56,-112.33687737295077,-112.50810230930395,-113.95632984465452,0.8546903562555694,0.4860605553265076,-0.1442324778221873
HDOK,PLOK,17472,41,41,-112,3,11,2,33,-114.95591249476304,-112.19472974207665,-112.13460272418297,-111.03448062122273,-113.30954695250942,-113.11802875943322,-112.7908478770175,-114.03896369692868,-111.95370026825039,-111.65706755791294,-113.5779797733292,-112.99379810260221,-111.9493333775548,-111.36499546445552,-113.06598705441772,-112.90119241345846,-112.48337458444021,-110.97405814656642,-111.0564552116137,-112.64737208318348,-111.74385069839774,-110.7229120813231,-112.28173613811308,-112.27649351558934,-112.18716393281541,-112.56046987696097,-112.72753544917431,-113.23873480850307,-112.40412272201907,-112.14290324053742,-113.93535750143003,-113.68617974728868,-112.42602607372349,56,-112.50108826338774,-112.42602607372349,-114.95591249476304,0.8773957960977682,-0.2897796049971953,0.2741058474085598
HDOK,PLOK,17472,41,41,-112,3,11,2,33,-116.32984846975151,-111.98644703079282,-114.88696766564468,-110.81943314890508,-111.88186048529776,-110.6241720082522,-111.17483471654205,-111.30096650820734,-112.70967455202276,-110.98559036669256,-111.39825636541273,-113.12994291994036,-114.09830069557505,-111.94267670298741,-111.09737300885084,-112.86609357642102,-113.40267226250384,-114.21014529564383,-113.75002306034479,-112.11796158689233,-111.16906190120727,-111.13534811584776,-113.1623788914099,-112.63669178243717,-110.91969063127138,-113.02868838616796,-113.11678859338818,-113.60041318483798,-111.9934762201856,-111.7218574429592,-113.6039939987315,-113.89072588995842,-115.13368021650672,56,-112.60078896004818,-112.63669178243717,-116.32984846975151,1.938966232741099,-0.6326403575380465,-0.04694477123627827
HDOK,PLOK,17472,41,41,-112,3,11,2,33,-115.52006666567954,-112.30306692986679,-111.91238490236213,-112.3181445193107,-111.86307198327327,-113.23965083522694,-112.27406472647401,-112.56313832523354,-112.50797927868611,-112.69591954439363,-112.340266417621,-113.44514867594975,-112.26004431118166,-113.54860150161997,-111.56410388972667,-112.16950038775481,-114.10103341366104,-111.51014069910869,-114.07015282682238,-111.58177493541179,-111.04600032386459,-113.17307061107098,-111.84796154135486,-113.88196418031836,-112.53329420409283,-112.55256301386859,-114.62027360010325,-114.47197268295247,-112.11665679450827,-111.73784094453993,-111.33219421568688,-111.46969151127563,-113.36729257033525,56,-112.66481912010111,-112.340266417621,-115.52006666567954,1.115031621511069,-0.8294539414496898,0.1852860212166707
HDOK,PLOK,17472,41,41,-112,3,11,2,33,-117.1232801089432,-112.23454684421853,-112.82725986895656,-112.42249738826914,-112.00943271923896,-111.38693809935012,-111.365861581488,-112.23234303490322,-110.42356811351729,-111.83324698719619,-112.07619214264635,-112.86288917001119,-110.55842016426237,-111.67682348319913,-110.84708040808867,-113.38378011698201,-112.85669027580607,-111.38798098167867,-112.75184654222461,-111.23612701557316,-113.23694120398578,-114.16626964512132,-112.44031295741628,-113.13624039565391,-112.75323355063138,-113.09566210980509,-112.15412991755133,-112.99017925200488,-113.82474688827641,-112.89253503661746,-112.95469498512999,-113.35534249946693,-111.55889757474866,56,-112.48654518372615,-112.44031295741628,-117.1232801089432,1.475218539405493,-1.4426376812209605,5.216282715244777
HDOK,PLOK,17472,41,41,-112,3,11,2,33,-113.26998167578516,-110.67899484436786,-112.47314547812233,-112.17940942331091,-112.72712477856189,-113.33156379270692,-112.64188773430969,-111.42225634677263,-112.59873923815988,-114.11625597658758,-113.00249194165671,-112.11472566334109,-112.45427750220047,-113.142201182548,-112.51100451810656,-111.01889578870066,-111.66383253804909,-109.69206619407628,-113.05966071856771,-112.04136587689744,-112.44456205655679,-110.61900367351329,-111.99318384673072,-113.0193767230187,-111.94420274351468,-113.4519889513396,-113.14028636437602,-112.67808274937522,-112.41998893343202,-113.92303625887237,-112.56601758015978,-109.44000084919217,-113.08152104864105,56,-112.32912524216822,-112.51100451810656,-114.11625597658758,1.1264971505011705,1.0535147976916135,1.1629470850396344
HDOK,PLOK,17472,41,41,-112,3,11,2,33,-116.51939439638836,-109.65425203634123,-115.09278304675529,-112.18607823048487,-110.73003074201843,-113.21063923433361,-111.82773277452358,-111.21198048051153,-112.62923198876632,-111.08605225334954,-110.3303296750626,-111.98827588347719,-112.12733025105125,-111.96285859169055,-110.41907598732061,-112.37658594419042,-113.31901710451298,-112.11489316883556,-112.58453274469524,-111.84670160032617,-112.15637377389203,-111.42628241166598,-110.18963536393277,-112.21979522699804,-112.7687069192325,-112.86240245067866,-113.03330863659447,-112.58847302671913,-112.336399441381,-114.02440261182034,-112.77651239932258,-112.23608283599991,-113.43392741252188,56,-112.28091147410284,-112.21979522699804,-116.51939439638836,1.7819018356530134,-0.7935638557213242,2.298621560433816
HDOK,PLOK,17472,41,41,-112,3,11,2,33,-112.69729622438727,-113.26776868065255,-111.72421493797134,-110.62421581600198,-111.98779254703443,-111.67370974869691,-114.32898554173491,-113.63413974526185,-110.69321421353014,-112.47272968222758,-113.58997485761695,-112.10467522126568,-112.09129945601497,-110.8536227890133,-111.12020191815196,-112.807718791326,-114.01682162140378,-112.3424956891918,-113.5472728877331,-112.44068470994927,-112.47606308594496,-114.46212201194555,-112.3459817725361,-113.75583745690304,-113.13379432523604,-112.21344809348334,-112.75917564780495,-112.01719687461828,-113.49641012667611,-112.65145107657821,-113.24049269089699,-113.18185624659968,-111.29324719615413,56,-112.57714883892555,-112.47606308594496,-114.46212201194555,0.992763427620713,0.15606467717797476,-0.5134419045130123
HDOK,PLOK,17472,41,41,-112,3,11,2,33,-113.84664997891397,-111.04336324861981,-110.84384675721152,-112.12890289762933,-113.07258951496671,-112.42156605625753,-111.59182306694281,-112.79076724010943,-112.44588013767502,-112.85080674079494,-113.21302651758617,-111.58366791968513,-111.39052082004424,-111.11701157904622,-113.43002123616436,-113.00069177723519,-111.4555006008627,-111.15340809558458,-112.44227848593678,-112.28476873822856,-110.15568633827517,-110.24319611972919,-112.39117946564285,-111.93077860644378,-112.44015579250645,-111.06323584894403,-110.96843799112774,-113.22641992660891,-113.32447684477334,-111.33428736336059,-113.01469936225529,-113.63679139069147,-113.38510793477047,56,-112.15822861801892,-112.39117946564285,-113.84664997891397,1.0041540931619186,0.22055416601460132,-1.0073748705216485
HDOK,PLOK,17472,41,41,-112,3,11,2,33,-114.44352474833211,-111.91371785176305,-112.18358685894823,-110.73174899076875,-111.33333182417222,-111.76538528584013,-112.16044613494334,-111.98526359706455,-111.99381260406788,-113.79052292154319,-113.71067347470583,-112.41278511863744,-113.11899293105398,-110.30169821595993,-112.95657969399812,-113.39754062421183,-112.51332828732578,-112.41825307362795,-113.06251389236776,-111.89893323718681,-112.74556649451542,-112.01390261305198,-111.40663151026375,-111.8322912478866,-113.90610423470781,-112.43260896557426,-112.62529711346944,-113.92373443851771,-112.60923577153308,-113.16072249229983,-113.1242156725861,-113.21315647347475,-114.2105207694732,56,-112.5847462776931,-112.51332828732578,-114.44352474833211,0.9071528724735973,0.1530389473911562,-0.08097727744273042
HDOK,PLOK,17472,41,41,-112,3,11,2,33,-116.0840085286732,-110.94763292471005,-112.53007721818568,-111.79022347806577,-111.98242965105115,-112.49991309404737,-111.1042092103535,-112.33118867927855,-111.60286689330005,-112.41600828878435,-112.9519223577673,-113.02877162374429,-113.58625958537478,-110.11350845137379,-112.149905202821,-111.58681538081969,-111.3895776049652,-113.00073930775694,-112.97366906840475,-112.43826754161026,-112.95979423497138,-112.26236074738814,-113.02195935657315,-112.74725221185415,-113.17056801078756,-111.45410131400875,-114.19032126758279,-113.15898715210359,-112.55924201678836,-112.21822076016385,-111.37645649570709,-112.66996076035352,-111.27840818745685,56,-112.4113826244493,-112.43826754161026,-116.0840085286732,1.1178022222105375,-0.952215892561009,3.4037941733001724
HDOK,PLOK,17472,41,41,-112,3,11,2,33,-116.10688725574526,-111.66278922061584,-112.00041667125456,-112.92515535473731,-114.26818775130064,-112.22126330991507,-113.07649276624623,-111.82916671055878,-110.51599014184366,-114.07090993603158,-112.65902177197952,-112.26695613021504,-111.97597743726718,-110.09305981648004,-111.94102077692041,-113.28605021046471,-111.76565475108553,-112.08828998447008,-113.78854381422815,-114.53095789911593,-113.28345365651894,-114.14342036185113,-111.49123672779405,-111.03712886357744,-109.79940351374985,-114.71692380477865,-114.38831157326902,-112.28151043619974,-113.60457917746065,-112.13227835520155,-111.07739483306976,-112.2622645124725,-114.76860211839472,56,-112.6684636256004,-112.26695613021504,-116.10688725574526,2.0618969271296166,-0.1956722772002285,-0.24070748225690242
HDOK,PLOK,17472,41,41,-112,3,11,2,33,-114.67564543474408,-112.95107443141005,-110.5587646717057,-112.69012532987355,-110.95658142286139,-113.0954616885145,-112.26984606352889,-110.28003881872206,-112.3645744630043,-110.60712126232562,-112.68890214162606,-112.89829356081633,-111.77047819844267,-111.4874206219468,-110.89812050513315,-114.53299947637343,-112.13334603112196,-112.55836798875464,-112.39259643784901,-114.26064820033346,-111.34897164110328,-111.68126603079334,-113.13432603813854,-111.56882281332788,-112.66821542365935,-110.95831006374361,-113.18492820872893,-112.78905672310256,-111.69311991944569,-112.92744195794542,-111.74835856700045,-112.63082770771858,-113.22439283063585,56,-112.29177105074032,-112.39259643784901,-114.67564543474408,1.1664563782006727,-0.20515452406947435,-0.15103622731209
HDOK,PLOK,17472,41,41,-112,3,11,2,33,-114.20694079031999,-112.34219428323857,-113.21893317662699,-113.25189516242128,-114.38949224094564,-112.5982764899404,-111.90149323794483,-110.94785340993862,-112.08116600168894,-112.48391536697589,-111.4204338303641,-111.23427454881363,-112.05934903609204,-112.07681874884089,-111.6329379954616,-111.5205290123999,-113.82803310608864,-112.80848500861876,-113.95659883570761,-112.65534598456115,-112.59845691297522,-112.82111464073964,-111.84533166239251,-112.32430806200817,-112.34397503493118,-113.97306887300809,-113.09052506084977,-113.00881479903201,-113.19030521134106,-112.82002022923372,-112.70734221669949,-113.47141018085324,-111.96000437095502,56,-112.62938313703059,-112.59845691297522,-114.38949224094564,0.7296706039654358,-0.19891693647563097,-0.4568064664381657
HDOK,PLOK,17472,41,41,-112,3,11,2,33,-113.72702572498672,-112.57043454085499,-112.93869858406069,-111.84195863262102,-111.32909601508779,-112.18452553862986,-112.31647656851055,-111.80555752625564,-111.60123755678863,-112.53438630312658,-112.34339933833381,-111.7716374972331,-111.71378757056267,-113.61124266480739,-112.56608576931923,-110.11861362029725,-111.80643115145661,-111.90254882555897,-112.15480872554892,-111.40582581281255,-111.26982589316312,-112.54699636944032,-113.79418931223978,-112.30633408597309,-112.44368656982294,-112.2810065341648,-112.61393250528309,-111.98437047422716,-114.00205158170417,-110.82082723647433,-110.56034862192438,-111.31038112550836,-111.81977130858085,56,-112.1211363510715,-112.15480872554892,-114.00205158170417,0.7486773356290449,-0.16787885020107382,0.4432614048985828
HDOK,PLOK,17472,41,41,-112,3,11,2,33,-114.24610144633306,-110.89420385735883,-111.82867095860892,-113.32541051722056,-112.17894731143598,-112.0190085412691,-112.47469595474689,-110.57278690104096,-111.29029765501464,-113.59334258810394,-111.83789681435739,-111.22496937587519,-110.53534426317155,-111.51045356565518,-111.45559895025288,-112.04768337295418,-112.18139570056142,-111.37136574939062,-113.92123557874274,-113.4840411739857,-111.11929494741204,-112.67387930149634,-112.62289383236235,-112.21402213041907,-112.53638175943509,-111.52510448558064,-110.47648058936822,-112.36251403239345,-112.26521599787631,-113.70963181891635,-112.34424018430752,-112.59875827984018,-112.41313871540258,56,-112.14712140457243,-112.18139570056142,-114.24610144633306,0.9266331474105433,-0.2705124037285628,-0.35381247911969993
HDOK,PLOK,17472,41,41,-112,3,11,2,33,-114.67943234992853,-110.76944227718481,-110.9876330077578,-113.65926248209698,-114.56884481441706,-114.3776391494735,-111.83048790764066,-112.3072665816448,-110.80078537611497,-111.49209013442632,-114.1026882143009,-112.97504985557713,-111.11773950546473,-111.10349219923904,-113.4808933563842,-110.87059916986304,-111.08298326743072,-112.68313722049848,-114.03577043876268,-111.36577505235985,-113.60486559614863,-113.54876317538695,-112.28586194551843,-110.87246241451042,-111.64835802808437,-113.63345952020845,-112.91989361143592,-113.81720407387267,-113.17316785814697,-114.74074302261363,-111.82194038284933,-111.0951242616899,-112.6974443861274,56,-112.5500091102169,-112.68313722049848,-114.74074302261363,1.706959093053815,-0.12405441955211788,-1.428421468149256
HDOK,PLOK,17472,41,41,-112,3,11,2,33,-115.45857809499805,-113.19161701511126,-112.06728271909529,-113.06242619180476,-112.05088177961133,-113.06797448628045,-110.8823734166158,-110.11426215102888,-113.66304933576548,-111.82013635711843,-111.96110663582266,-112.50353300700276,-113.84146488954062,-113.32318035769401,-112.09528125117158,-113.47738045624999,-114.30838641341361,-113.39600039258531,-113.50835198008015,-112.49610013925013,-112.31812469039936,-112.89318315779789,-112.55581577393943,-111.20118489982057,-112.92276303307821,-113.339957084289,-111.11331416099945,-111.23486592808291,-114.22855008647078,-112.0933672446643,-113.29182448833735,-111.51276556861835,-113.65646608721849,56,-112.6864105840593,-112.89318315779789,-115.45857809499805,1.2300071517777627,0.03931480511617878,0.21187113446900963
HDOK,PLOK,17472,41,41,-112,3,11,2,33,-114.22847803263694,-110.25745723207322,-111.56626848210074,-111.95700358043868,-112.9835692348125,-111.89678391199224,-112.02334569600144,-111.10990467899998,-113.6112715650013,-112.7216310998062,-112.59885440489359,-112.33107582985382,-112.9112638002397,-110.93562136646038,-113.18574988101422,-113.65238978367265,-113.33672657783808,-112.65943146994464,-111.9292526418127,-110.71851860033841,-111.09342585278293,-112.72361382796244,-111.92940455284423,-113.28642184976793,-110.69214815301142,-113.6818841415797,-111.57825374802637,-112.60821626401123,-112.90568774324441,-111.39908384291657,-113.13630676063894,-113.72253552705041,-112.82287719985158,56,-112.36952901010967,-112.60821626401123,-114.22847803263694,1.0066717834204133,0.29402813256641985,-0.7627628185016233
HDOK,PLOK,17472,42,42,-111,2,11,2,33,-112.68329320221218,-110.990852191092,-114.62531640883243,-110.96322774142648,-114.80159086017584,-112.7433375831471,-113.54757696332892,-114.64304160886832,-113.69961903566512,-112.82497839044078,-113.4100686136254,-113.95126474333445,-115.07018297026998,-112.63978195685358,-114.06122884428108,-113.35024513196446,-112.55504051570823,-111.40718649039363,-113.26190915661836,-113.70886663890636,-112.67080444686171,-112.43140222030097,-112.92170642600176,-112.87203517159202,-113.45123014269151,-113.1062977437414,-112.90620678564866,-111.35477765736591,-112.49455272096803,-111.87435386313375,-112.01579173087659,-112.31211021526072,-112.71586677215153,56,-112.97168924071936,-112.87203517159202,-115.07018297026998,1.0365159330780398,-0.035317205869178955,-0.1292077910292586
HDOK,PLOK,17472,42,42,-111,2,11,2,33,-113.17783583458844,-113.48339228525883,-113.26406010835032,-114.3170044476546,-111.79831658702635,-111.74372074762599,-111.45722035114507,-111.80400102403529,-112.60437524314263,-112.64634538289458,-114.88562835676869,-114.40668178729689,-111.98510246810984,-112.81281612908374,-112.84156479706304,-112.39396455713307,-113.8980999293671,-112.80462977308481,-111.9413677043327,-113.8527684208131,-111.62360775310901,-113.82960647195179,-113.04977128525583,-112.46278738348128,-113.84681058856756,-112.7342310571307,-112.22049615924666,-110.5697551700361,-112.91105909163984,-113.89386764009946,-112.52499623200752,-112.93050799799671,-112.28362990474616,56,-112.81818250515282,-112.80462977308481,-114.88562835676869,0.8940392727906862,-0.0629037971871893,-0.11927550691483368
HDOK,PLOK,17472,42,42,-111,2,11,2,33,-112.75673476137057,-111.53619136230247,-113.43538355951716,-112.78716423800242,-112.8550642282656,-112.4000177796608,-113.08415848099636,-113.07741734993822,-113.33235207034016,-113.63888113074265,-113.60769400914484,-113.80458684998007,-113.0540488823304,-114.31187718620001,-114.6961360332858,-113.21196205945874,-113.01383009945549,-113.0208672042627,-111.72827418085846,-113.05842095827758,-113.07062960480141,-110.82908703581066,-112.59787742642065,-113.03612088119054,-112.60848828812077,-113.59266111740779,-112.40975516846935,-113.38424570403953,-114.39234367285448,-113.34829116415655,-110.79015628518597,-111.7019664302751,-112.38605663398685,56,-112.92602247991246,-113.0540488823304,-114.6961360332858,0.7678534530695684,0.5802630614617246,0.7861860182716192
HDOK,PLOK,17472,42,42,-111,2,11,2,33,-114.92906803623973,-114.19363406311419,-114.15597324432376,-113.47734095766324,-113.95300713480104,-113.40287720671257,-113.8237811895967,-112.94654303326182,-113.12548495919535,-112.35269115119824,-114.8808253414183,-113.20195660038709,-113.04990487004359,-112.26296967142659,-112.20482899654536,-113.9944832620693,-112.05492781658839,-113.4294437095597,-114.1335839131387,-113.43018795496687,-113.49618189039673,-111.86456704127018,-111.96667141213796,-112.83362068834442,-111.36389125228624,-114.41900576971035,-114.74630532504216,-113.81891099785854,-112.66492089856033,-112.86267362422032,-112.37655439621227,-115.22233199829486,-114.10125932282294,56,-113.35576993119419,-113.4294437095597,-115.22233199829486,0.9310863946197802,0.038249365262833436,-0.708748411479486
HDOK,PLOK,17472,42,42,-111,2,11,2,33,-113.17053733329766,-112.91024615762248,-111.61263744985673,-114.60786731347353,-113.86082067413899,-112.41645669803087,-112.36851088069845,-113.44296536162395,-112.06646933966542,-114.39902233051916,-114.84883357823631,-112.05105942392076,-113.53027651554868,-114.05043741760161,-113.16255867129719,-112.59438194993311,-113.86841281406737,-112.52945469861756,-113.1108472207255,-115.3216795932824,-112.96839233991754,-111.4759881752845,-112.93868803201669,-110.7891837156555,-110.96107528177788,-112.23190480794521,-113.45397539379175,-114.18061138919283,-112.80753780947813,-112.90308490627903,-112.3072021222801,-113.60161238291361,-112.13445450438847,56,-112.99021776615392,-112.93868803201669,-115.3216795932824,1.1067045909502684,-0.06088074838107216,-0.14177773220435164
HDOK,PLOK,17472,42,42,-111,2,11,2,33,-112.85512885488619,-112.50022231450575,-113.66042794388198,-112.9257564194765,-112.68267675519496,-111.82810049939123,-112.73916259672458,-113.08173134661442,-114.27040729539311,-114.00659802579031,-112.65824181064332,-113.48312434941467,-114.4893610654836,-112.77399600269277,-114.35746719714955,-111.51757765303839,-112.46908683172099,-112.72472012959341,-112.25879993505075,-114.4912736950599,-111.6775606570076,-113.32600913839974,-113.24618370070453,-112.96081314698955,-113.31766702437585,-115.07707437199026,-111.70503252879878,-112.26676839023315,-112.14102928953993,-112.48389256753954,-111.97332382461413,-112.97785328800957,-112.71951618954915,56,-112.95898741937754,-112.77399600269277,-115.07707437199026,0.7669084487380505,-0.5828759351114888,-0.13086968259629783
HDOK,PLOK,17472,42,42,-111,2,11,2,33,-113.43538588688332,-112.16998678653484,-112.10343837251132,-112.35805107451498,-114.18938165186822,-112.68326940769575,-113.96157357628351,-112.03809133785728,-112.95976752422635,-114.68491143082888,-112.8816793815742,-113.06448835111068,-112.99409293208399,-112.40791873786137,-113.16436611906764,-113.8072095593192,-112.04547047737633,-111.99900196377435,-112.63713106924244,-114.02009264005792,-113.40332129765413,-113.83147372769187,-110.65786258999053,-114.1081925082923,-113.0217673916776,-112.13473108043566,-111.79943001528977,-114.36676136596185,-111.04794088725441,-113.25494073973691,-113.20238521484715,-115.03721673254725,-111.76858729821969,56,-112.94666421606885,-112.99409293208399,-115.03721673254725,1.016607850673916,0.05279451119795234,-0.28677422828733556
HDOK,PLOK,17472,42,42,-111,2,11,2,33,-113.43250058475624,-111.97539088518626,-114.76904972643148,-113.00466915819726,-114.19562787299358,-112.50458284911542,-112.3164950092093,-113.55370475098121,-112.54947963770896,-112.85065536479499,-112.92113554141775,-114.71730118632722,-112.53228888448065,-114.58115449353257,-112.31326115242216,-113.49795049356393,-113.40030771399177,-112.34187206108263,-111.34439864262413,-112.37026053771218,-112.77915905769281,-112.40193289645272,-112.44841843148507,-114.35301259032144,-111.05488879675646,-112.3541022302195,-110.90628510005187,-113.32312487059106,-112.38804296938319,-113.95417807033462,-113.09823678851563,-110.9829382599693,-112.3960479564842,56,-112.83674104741779,-112.54947963770896,-114.76904972643148,1.0073782937271492,-0.11124653902451787,-0.21263259227489062
HDOK,PLOK,17472,42,42,-111,2,11,2,33,-112.13007059815469,-112.29250742857474,-113.92325393124052,-113.07720540250912,-112.57819806615701,-112.59205872164996,-113.61073536295915,-113.65726187907906,-112.93521808283703,-112.51924604255117,-113.74848547246528,-115.89409538117508,-114.2606794397314,-113.7861927812124,-113.52000618440393,-111.67246491878153,-112.75708317430349,-112.2646102213721,-111.66389304795327,-114.30755639096802,-112.19564996878194,-112.36086558428813,-113.61371091643954,-113.51114058515407,-113.68378463645622,-111.75743225438903,-113.05697132406866,-110.22722019370131,-111.20222003438055,-113.38961967213423,-112.29141601899943,-112.00582722629619,-112.83906595360627,56,-112.88865899687195,-112.83906595360627,-115.89409538117508,1.1108716245873635,-0.17049240485024342,1.2709098542712502
HDOK,PLOK,17472,42,42,-111,2,11,2,33,-113.61117206475048,-111.02395352831334,-114.01410962807293,-113.47447026530696,-112.83360060797015,-113.72951723570668,-113.68592510282829,-113.26917681315383,-113.183122566107,-113.13980018016795,-111.53265396547346,-112.02915346937802,-115.0926858112578,-113.0206042842941,-112.32374907643936,-113.16120112660613,-111.58320702426253,-113.32182840291003,-111.04879807460743,-113.09835912574906,-111.88105026007172,-111.36883554896687,-113.32426123658249,-111.91596748213311,-112.24349743520018,-112.78706944060498,-111.67943338068072,-113.02426829205208,-112.84875247695497,-111.33583050315187,-111.08313013171446,-111.31698630249662,-112.44404093277643,56,-112.58879429626488,-112.83360060797015,-115.0926858112578,0.9744759069535007,-0.1514859813601678,-0.4237038029274651
HDOK,PLOK,17472,42,42,-111,2,11,2,33,-112.29806262238728,-110.92990419406286,-113.78753428187916,-112.811737261835,-113.23237024861713,-112.7028541665189,-112.60451007120984,-112.91253227437915,-112.48938709197203,-113.4898959728679,-114.09456302884958,-113.25433229305682,-111.80739113862244,-114.37474669295698,-112.36259099335267,-113.79256331582893,-113.10650655119359,-114.30634755088309,-114.72578028963053,-113.85309322005389,-113.98799586612593,-113.72034577404634,-112.99171739854901,-111.67265065812484,-112.5059693938018,-112.54032522206121,-111.83008948110667,-111.99436089464687,-113.55215976097323,-112.81696962321854,-113.0983835734575,-112.27364636453717,-112.17167730048874,56,-112.97251498700895,-112.91253227437915,-114.72578028963053,0.7546462692708017,0.0454300878767948,-0.3765936982138398
HDOK,PLOK,17472,42,42,-111,2,11,2,33,-114.33766322776825,-112.42782928245687,-113.46879950993099,-112.29351922611801,-112.75005211184893,-112.0974924394193,-112.97428069147014,-114.02620028389343,-113.56238209088077,-112.5819117539394,-113.1477888234121,-113.75598872750679,-115.2672727983751,-112.43395772401382,-113.45635672513066,-113.29349006467164,-113.64517813215195,-112.14826079232974,-113.22385813892478,-113.18479686011352,-112.1114154347232,-112.53821510421153,-111.26691028026748,-113.89663125728289,-112.3464338117147,-112.74950411052893,-112.94841648848137,-112.26412623279694,-112.56512561843863,-112.81833913067892,-112.44631484534388,-112.39762855360858,-111.88819364768673,56,-112.9186161793976,-112.75005211184893,-115.2672727983751,0.6238063969141028,-0.7287726670233041,1.123391419230694
HDOK,PLOK,17472,42,42,-111,2,11,2,33,-112.97568098327302,-111.37861936270265,-113.63762177132583,-113.6701143128905,-111.55495495718911,-110.56950884714146,-112.00473839356201,-113.39618515164587,-115.2258823024612,-113.72066725945348,-113.77877472912361,-112.37407747934621,-113.81631803992188,-113.20924814291367,-114.25380215126685,-114.61401490252622,-112.35758589913894,-113.22847874919627,-113.44879610721338,-113.90758935743582,-111.91343015666627,-112.45025316402715,-112.44388804412918,-112.40314420877043,-114.13638549241763,-112.50831827119153,-112.81208553418571,-111.62789453945192,-113.68207497557356,-114.12574209989377,-114.09651098907406,-113.62553314690417,-112.472728167138,56,-113.07335296027732,-113.22847874919627,-115.2258823024612,1.0455617504438384,0.31429392734132083,-0.19195106190851963
HDOK,PLOK,17472,42,42,-111,2,11,2,33,-112.69715634977649,-110.33838526461577,-112.15844560947023,-110.57978329253693,-113.26703381902833,-113.4787732465436,-113.52494946145373,-112.40806681953124,-112.80137411699208,-115.72433308527609,-112.73522767980435,-112.86972021707307,-113.61813828935007,-112.96430401474672,-114.82062727715427,-109.72330212841409,-113.62430576721266,-114.78802157234644,-113.23137475306066,-112.55287556691385,-113.12821034770313,-112.5043660437035,-113.89328025961636,-113.74909328298679,-114.15069786375726,-112.91047187695906,-112.05182751451377,-112.209351314781,-112.60706772567991,-112.77570422232351,-113.1699029920187,-111.65585049014233,-114.83399705309358,56,-112.9559399793509,-112.91047187695906,-115.72433308527609,1.5245110197187977,0.42037209492792277,1.1321152209954017
HDOK,PLOK,17472,42,42,-111,2,11,2,33,-112.22002102801578,-112.24095331979153,-114.56078590267845,-113.07073545853257,-112.6500170917016,-112.26571871570187,-113.50569830705626,-112.381648638206,-114.23727097985366,-113.42563084309545,-112.85993545798078,-114.26949483977928,-113.39916993829783,-109.74478443121546,-111.99127743891421,-112.82463177558652,-113.0417830685301,-112.4981065086238,-112.5781389424768,-111.44824277281937,-113.2016305209768,-113.65191801861094,-112.26949405407221,-111.89044304560868,-112.62152113095179,-113.06430803712979,-113.29288124996305,-112.25599696783955,-111.97214734735945,-114.17974535430218,-113.44249913398227,-114.02948226639974,-112.84655661938132,56,-112.84644452137684,-112.84655661938132,-114.56078590267845,0.8751095534715023,0.7682494969756261,2.327498998932174
HDOK,PLOK,17472,42,42,-111,2,11,2,33,-112.49889229869284,-111.3923564604735,-114.02205925421327,-114.48772806979414,-113.67814193507408,-112.71257982515175,-113.17367816966039,-111.84698075473624,-115.13585094239592,-111.70606129031754,-113.5194042351504,-115.43843026444495,-113.09405769319469,-112.28737261303544,-112.51572363038402,-112.678823865092,-113.4410829476081,-113.73594447207101,-114.12025997656552,-112.20736006019577,-112.12841801101558,-113.04399460723904,-114.53661725614293,-112.06944805421963,-113.05699408012262,-112.12323249082887,-112.30715454955251,-112.93144456495877,-111.9996997346542,-112.61037107731536,-111.14954651514428,-112.16911409985717,-113.35109255490251,56,-112.9445429198244,-112.71257982515175,-115.43843026444495,1.044105209147251,-0.6224502820431607,-0.007352629870547744
HDOK,PLOK,17472,42,42,-111,2,11,2,33,-113.26544460868142,-112.82079724010262,-113.88987531191505,-114.08795774392387,-112.71602745131695,-111.70445084697855,-111.46436293700495,-113.50898248391448,-113.98374887874861,-112.75034953858837,-113.82188721576738,-114.65728589406342,-114.21765642753692,-112.92358161075524,-112.88220318401778,-113.98593218046459,-111.6019954971099,-114.2342687412408,-113.60895976452721,-113.79679171525282,-113.47045351442723,-112.29559370706782,-114.50290137524871,-113.92681041129805,-113.04979302087611,-112.98951221159386,-110.7640045178863,-110.96136599786968,-112.10163429203473,-112.82974390445078,-111.2278223872459,-111.72490083701925,-112.81046879921938,56,-112.98719891661058,-112.98951221159386,-114.65728589406342,1.1057933936879554,0.4828997705101288,-0.6975456195990768
HDOK,PLOK,17472,42,42,-111,2,11,2,33,-112.32737836327641,-112.62482059836057,-114.77124227389136,-113.96961329993101,-111.95285376522381,-111.64446021965382,-113.48638733742267,-115.67867650056664,-115.03307952747245,-113.16354879035484,-112.96112351638446,-113.23314404126965,-111.86685981140576,-113.15475803165083,-112.89133828517394,-113.6778088266045,-112.69369290293109,-114.13668938667475,-113.17370746108382,-111.35501458641721,-113.50528527362788,-112.38675102568585,-113.36583104706285,-110.7294721058976,-113.59099940523102,-113.15875938228663,-112.01606402509049,-113.83662389555714,-115.79322328305989,-111.47331653458315,-112.38829726567263,-113.67018602219412,-113.30722603675893,56,-113.1217646311654,-113.16354879035484,-115.79322328305989,1.3229738206772828,-0.34433038381928194,0.30424166535170594
HDOK,PLOK,17472,42,42,-111,2,11,2,33,-113.54635534222322,-112.2445814982567,-115.07027395448443,-111.89107092087885,-112.82079417362141,-113.16658725172479,-111.82263550673075,-112.785127716427,-114.67214886770101,-112.63614345038155,-113.72494247295893,-114.33323376767876,-113.66706377586871,-112.01295051520056,-112.56738054882857,-113.83433679181789,-112.33154339523534,-113.6405397438293,-113.38009733678508,-113.21742046873979,-111.92685528765709,-115.10760444581297,-113.12939587037518,-112.75738882975915,-113.38283793071957,-113.61716108909607,-111.41126489346057,-111.81647441862279,-112.1842795151506,-113.65815616561332,-112.55854074803734,-112.50274244024637,-111.8102535411116,56,-113.00691462651623,-112.82079417362141,-115.10760444581297,0.8950364544825129,-0.4807338130965152,-0.31684925747433246
HDOK,PLOK,17472,42,42,-111,2,11,2,33,-113.45149237269493,-110.28117955123318,-112.97567598776457,-112.64161390937602,-112.50276843904804,-113.12145806749486,-113.52232128354427,-114.11405923756956,-113.48450864352215,-113.79626208200519,-112.53757229526788,-114.37136950269534,-112.85596561076746,-113.9030271572957,-114.35610062960063,-113.95865758017247,-111.67530888693678,-114.97550468431055,-112.70628364725185,-114.03910291330307,-113.37878097617039,-113.19113714327014,-111.5350257480177,-113.87099604481608,-111.99734904892962,-111.85043890230928,-113.89544778742187,-114.33309760646075,-112.11898815593734,-110.77786879909917,-113.37974440858193,-112.6247016312815,-111.03851960279471,56,-113.00794934354377,-113.19113714327014,-114.97550468431055,1.2338404456393859,0.6256271631337366,-0.10771157902903195
HDOK,PLOK,17472,43,43,-111,2,11,2,33,-115.8767692588291,-111.19362650971046,-113.49335264726218,-112.29614880408073,-113.58219389183589,-113.86891583782435,-110.84854535677076,-112.47174787741291,-111.15851164217571,-111.33358122458797,-110.86833422492504,-111.49092693795515,-112.10316246553107,-111.97512602275285,-111.17108023863891,-112.82979005295893,-113.79830433891699,-112.52799531059783,-111.4894518137376,-111.3413989853038,-114.33178581268707,-114.1291806706996,-112.76701923161659,-110.47920804287747,-112.89997608461594,-114.11082301666863,-112.19136007890656,-112.82137831838436,-111.04264681728418,-111.94284825681511,-112.85232899607598,-115.04280982075119,-112.11564690862177,56,-112.49836289387311,-112.29614880408073,-115.8767692588291,1.6787529228769915,-0.6455414351811328,-0.07205208859523538
HDOK,PLOK,17472,43,43,-111,2,11,2,33,-114.74203502503072,-111.94988769151026,-113.21612097338812,-113.87651494664745,-111.77959725791654,-111.80838569621302,-112.91625016511355,-111.8050898803599,-112.18886297342057,-113.67910613967977,-113.10166077220885,-109.00983570967628,-114.7265892323191,-114.44168630809621,-111.82384429843718,-112.4059751632292,-114.15117510947262,-113.2674763390478,-113.6610525917091,-113.15512547554346,-113.8527228225685,-111.62865404964795,-112.34669390124974,-112.88707125074228,-112.95519300580395,-113.5117359919658,-113.11036815068182,-111.58757395124879,-113.11739675593154,-111.87312034234284,-114.62836235453412,-112.90675846443551,-112.05958932254568,56,-112.8536821852339,-112.95519300580395,-114.74203502503072,1.3466996407622436,0.7980635489287022,2.124020618145168
HDOK,PLOK,17472,43,43,-111,2,11,2,33,-118.52369124676503,-110.71561513626382,-112.90481429325288,-112.4132106395813,-112.57966101224149,-111.2357334930988,-111.26385515681046,-113.85837386212151,-112.1395101967132,-111.85469478482936,-112.9139229715288,-113.8597886463806,-110.32312753670061,-112.325663582192,-112.67157564111746,-114.38498489501893,-113.3047366322328,-113.12141148976283,-114.29515023699307,-113.07022068700411,-110.81282350232894,-113.80914694192009,-111.44107626655325,-113.20005749206999,-112.2557595893141,-114.82771185973569,-110.82629243191721,-113.60285011349511,-113.56294238369107,-112.25749626766955,-114.38869388679711,-114.8087944803284,-112.50561247662604,56,-112.91087878281988,-112.90481429325288,-118.52369124676503,2.43335733977127,-1.1861552077627455,3.6612863288819404
HDOK,PLOK,17472,43,43,-111,2,11,2,33,-113.70859436137587,-110.92676042190033,-114.07838727517989,-113.05381338858624,-112.0187255774574,-111.88610274073362,-112.38348190643013,-111.99801727181757,-112.41531477033178,-112.02608378496743,-114.19828717605725,-112.2699407765016,-111.89375065328962,-112.94411209814464,-112.98564144487239,-113.48464779964988,-114.82538541545142,-113.98468538451667,-113.7884463884178,-112.06481633877888,-113.19308177998049,-111.78675590699463,-114.51753958551717,-113.71263526814052,-112.07866957231933,-113.47678761786607,-112.65875636051689,-112.57248740818608,-112.20764571793909,-113.76808447171884,-113.75633600749559,-113.07266921037544,-113.15561838397521,56,-112.93612309895411,-112.98564144487239,-114.82538541545142,0.8319138324623815,-0.07354232715704397,-0.6803821405902553
HDOK,PLOK,17472,43,43,-111,2,11,2,33,-115.87170135879354,-111.93925277702107,-115.22671886743949,-112.0142795648752,-114.2717596609784,-110.89183969552353,-114.63187005480269,-111.24563689772829,-114.23600011155038,-113.28538726194303,-112.04399029860019,-112.63288605133808,-114.1164286099861,-113.18693696533286,-110.81648797433883,-112.34403206129912,-113.81897562672033,-112.97777433174505,-113.1445089044231,-112.68394024856956,-113.96511567034788,-113.71029417199432,-112.55809777339324,-115.22903865975924,-113.16240588676277,-113.32147918110309,-113.65808470930217,-111.96616490251574,-112.91886033327054,-113.43817547138302,-112.0146311092562,-113.01739039696743,-113.33394725643832,56,-113.1416391771365,-113.16240588676277,-115.87170135879354,1.39043360940576,-0.1444652397536631,0.0025904181344191812
HDOK,PLOK,17472,43,43,-111,2,11,2,33,-116.71702318625924,-110.84855673432804,-113.72449184309977,-111.8268782017801,-111.65721276946655,-112.47134364423174,-111.5377844705361,-111.50158274691597,-113.43704300033839,-114.31240876639784,-113.55010328155198,-112.63099254012161,-113.21036553539767,-112.68092341453891,-111.04544243464782,-113.97043071711288,-113.56214792471859,-114.43299118526906,-111.39463885956647,-110.87903546889363,-112.9423134938945,-112.09796251685245,-112.63537103880014,-112.71791410450192,-112.45653042812484,-113.64491939298617,-113.16457222493527,-113.43859939193621,-112.88375333822599,-114.50334463919873,-114.72420454584689,-113.88637618997535,-113.46218195522705,56,-112.96816484805085,-112.9423134938945,-116.71702318625924,1.5663616033545809,-0.48733388873439026,0.9786281206080889
HDOK,PLOK,17472,43,43,-111,2,11,2,33,-117.06321455733632,-111.97035307722574,-112.66336530885532,-113.50242163711985,-113.81085331652116,-112.11883075843132,-111.7968749032882,-112.82384696679931,-112.53663155190382,-113.54968447176479,-110.74101348768595,-112.67046991215483,-114.18352491487984,-113.6686519312816,-112.04952609438794,-113.85553719958017,-113.19255366604872,-115.23573739067774,-112.32695117410753,-111.8506825052915,-110.78740617312786,-111.05272808884598,-113.4568456095192,-112.63747439631288,-112.02726535319712,-111.99692357122848,-112.90793743427298,-112.68600551657018,-111.54289227735364,-112.11327380337029,-111.18429862517158,-112.24597080878758,-112.58164267678993,56,-112.6918602775724,-112.58164267678993,-117.06321455733632,1.568871195816127,-1.328527092048237,3.347007703755463
HDOK,PLOK,17472,43,43,-111,2,11,2,33,-115.88259203086632,-112.90216970335565,-112.75456674578061,-113.16928420292555,-112.32183516297115,-112.97985685713273,-113.48864585662383,-114.27182483534868,-113.31792502349609,-112.63483926195975,-114.45369182717607,-111.49819225107171,-113.97169283793325,-112.67697529673089,-112.85958224685155,-111.54621702005771,-112.8605960851668,-114.75165258655156,-111.20938469869729,-112.06066460827772,-112.9068725691659,-114.1603040138318,-113.65645963868508,-113.86211198649804,-112.50270112026256,-112.00474599503019,-113.97663823355109,-110.71500369592388,-111.81527807325367,-113.17047429244093,-114.42330517914719,-112.72826181100449,-111.97512090794169,56,-113.01543838350636,-112.90216970335565,-115.88259203086632,1.2182546165010462,-0.2533884359202254,0.1743386275460077
HDOK,PLOK,17472,43,43,-111,2,11,2,33,-113.80032798612943,-112.97914471187393,-114.56853317499994,-111.38813027596501,-111.37504442252902,-113.36936621620166,-113.36169349722539,-113.67368263982348,-112.37074208475599,-112.23128954295527,-111.84369290494588,-111.20381317930982,-111.87445524060945,-112.77377700486514,-112.9856062313165,-113.39508039624101,-111.09970040461744,-112.06924010613389,-112.57802564574632,-112.92799891141726,-112.2545595000618,-113.40070595974707,-113.42475891926935,-113.27994358282332,-114.34101739190052,-113.06865046380547,-112.51883718883504,-113.62170658697526,-113.49165871684863,-113.16542129146886,-112.5114066583914,-111.78501048392933,-112.51454097768038,56,-112.7650776454363,-112.92799891141726,-114.56853317499994,0.7436599207778882,0.13651689046091958,-0.4872124496547694
HDOK,PLOK,17472,43,43,-111,2,11,2,33,-114.47545420223959,-112.17767299830237,-113.97612794992548,-112.71876445195991,-112.63313256047111,-110.6257289071345,-113.71762694978858,-111.4223085843426,-111.35454282761185,-113.3126526267053,-113.75752916931837,-111.12269544924084,-111.23099218394044,-110.62002040046893,-114.19593569580603,-114.81144751081843,-113.67487363001518,-114.81970124673424,-112.79300518324108,-111.79361595609096,-110.97206438615733,-116.00353547881544,-113.50451272384693,-112.3287696356749,-114.66570887055475,-110.43606585424776,-112.88761847439388,-113.16541307983518,-113.01387064225123,-112.13543267196458,-112.3501588489725,-111.89661606775728,-113.96873596885398,56,-112.8049191268934,-112.79300518324108,-116.00353547881544,1.9282365007587605,-0.13826613324039777,-0.6379332755286211
HDOK,PLOK,17472,43,43,-111,2,11,2,33,-113.75396846310775,-110.6988482466955,-113.94543336955817,-112.62792450794612,-113.84745022951516,-110.6466241592813,-113.74759010466056,-113.44800579936508,-112.31517769150598,-111.58703132297528,-112.19296073447335,-112.93124978955589,-112.68674672158164,-111.6822303499651,-111.77542025940649,-114.13976652174905,-112.38047830376254,-112.39146137893246,-114.95556828445305,-113.25062274586901,-112.34099123869548,-112.93745126431003,-111.49712176244317,-112.86952392795413,-111.10157858111143,-111.47965010634549,-111.4296773479773,-111.7475266013835,-111.76466133133317,-112.18304120959534,-112.23560727808682,-110.84307988285711,-112.0616953074241,56,-112.40897469163265,-112.31517769150598,-114.95556828445305,1.0834963102033977,-0.40567667890444964,-0.2830470551666986
HDOK,PLOK,17472,43,43,-111,2,11,2,33,-116.75874528509122,-112.28406288204273,-112.06048458054747,-111.67384362989513,-112.87908321572888,-111.24378071749399,-111.23242835981873,-112.4737073875515,-113.62223805009931,-111.71697132439569,-112.47876075891405,-113.4613913548219,-113.84291476214743,-113.21057273887651,-111.23889058356671,-112.18128578297774,-112.88027080297515,-113.69398099027967,-114.5607795086198,-112.4365718975758,-111.92394447302411,-114.11467433750907,-113.65930668481055,-113.28857562974909,-113.78461651858177,-111.91240105574123,-112.48545330304256,-113.06913077012166,-112.95805263612046,-111.3460493277287,-111.83702687656609,-113.19624324996951,-112.11520628888283,56,-112.77640744743235,-112.48545330304256,-116.75874528509122,1.2825487763031014,-1.2381416714564462,3.0680157272126896
HDOK,PLOK,17472,43,43,-111,2,11,2,33,-115.58196314148839,-112.5790807392765,-113.96254809605992,-112.92718724704167,-111.52429510577957,-113.15717470814583,-112.45910671258407,-111.7398632695234,-111.74498336056664,-112.155168009976,-112.34428796455515,-113.3096650387762,-114.90206414217994,-113.14116209433824,-113.9326741312385,-113.22986477885395,-112.66585712568228,-113.98083159087822,-112.99010664125841,-112.56828322376532,-111.2610880771519,-114.09377906497741,-113.88322681835115,-112.10031260556389,-113.72912472586384,-114.08392750229842,-112.77959571778666,-114.10699688340208,-113.32634710420375,-112.00367988077772,-113.56666520319119,-113.40365842190305,-112.02108890071251,56,-113.06835327358039,-113.14116209433824,-115.58196314148839,0.9597353015758807,-0.31185862545809817,-0.05764980031516709
HDOK,PLOK,17472,43,43,-111,2,11,2,33,-114.64562023616112,-112.11134053651435,-113.72442380756681,-111.59169485580117,-112.56610098730496,-113.14397347807535,-111.98554516509873,-110.14350584559074,-113.87245715166641,-112.95797480511621,-112.37254270308819,-111.10925096822122,-113.71722539756415,-112.10545350592021,-110.53432352670887,-111.43396124863601,-112.39642532938029,-111.32550465678935,-112.9336508281149,-112.77699986650958,-111.66650692420606,-114.58413106083694,-112.46103036879789,-113.26081826507543,-113.92566530493828,-112.90994901921319,-112.69223892720451,-111.8813226502671,-111.44294307995487,-113.87721945659202,-113.8996523010836,-114.66969249276849,-111.09778216288491,56,-112.60051293677735,-112.56610098730496,-114.66969249276849,1.369837783225844,0.020341753479447833,-0.6712109234669312
HDOK,PLOK,17472,43,43,-111,2,11,2,33,-114.09476020021025,-112.55376382890772,-113.1816160607599,-114.58634551389233,-112.06815448117857,-113.91975141255492,-111.23687527434198,-112.31205921852934,-113.76707891037906,-112.23321708556055,-112.22149956405117,-113.17103073637978,-113.04936045365703,-114.05618176951666,-113.76815407739502,-113.7372355254202,-111.15072410806484,-112.38401189555347,-111.21937040985904,-111.80961597693722,-111.99317726009757,-111.87558651113451,-111.44728801285889,-112.24424330066006,-112.54486497853871,-111.82329264107722,-111.36761203662368,-111.90302702148522,-114.15961344591443,-112.45021611101555,-112.92648028137086,-114.29860074493958,-113.54818261604521,56,-112.70009065045181,-112.45021611101555,-114.58634551389233,1.0025553850056366,-0.23584167828845143,-1.1537734928719612
HDOK,PLOK,17472,43,43,-111,2,11,2,33,-113.93840406946086,-112.79628770700079,-114.98610963535504,-113.57242428876636,-113.55547953283784,-111.5011889850219,-112.4091550627777,-112.51852830131811,-111.63264686440307,-114.05281458810512,-111.86876800171393,-111.42892620626426,-112.93674433317106,-113.57724166829664,-111.07700917499992,-111.50378271710258,-112.8777250273253,-113.26778693074505,-112.22124114631923,-111.65239317215968,-111.0698687253175,-112.69665075179284,-112.5976890514329,-112.49952592115972,-112.63014008095458,-113.8843052120411,-112.79057845357504,-112.28618335741442,-112.44701769210246,-112.34170190018058,-112.54433407095793,-113.62293782992698,-113.43853450579923,56,-112.67345833229697,-112.5976890514329,-114.98610963535504,0.8348359633210086,-0.2587900320099346,-0.14034507341950953
HDOK,PLOK,17472,43,43,-111,2,11,2,33,-114.82655493731151,-110.15166994268473,-113.96580608583618,-114.12641286900697,-112.40748565164625,-112.71649539240711,-113.94550237026439,-113.88163535333567,-112.89816463283489,-113.27981445541641,-113.67159890361597,-113.5489502040942,-110.78524313770133,-113.0462008812934,-112.77304422829062,-112.65856296316062,-112.77638339797107,-112.83292422826882,-114.14306681543921,-113.59565767827014,-112.92177669656989,-112.28249681909388,-110.8055004312279,-112.30379027071527,-112.884360972927,-113.66733088850393,-110.61008659170675,-113.05844657477557,-114.75406438756147,-112.22283813037784,-113.57072879672171,-112.69696608920884,-112.93143930934606,56,-112.93154545719955,-112.92177669656989,-114.82655493731151,1.1925136806323735,0.8189730543153729,0.7686147318238059
HDOK,PLOK,17472,43,43,-111,2,11,2,33,-115.57840356984536,-110.97926542156296,-114.77880171815055,-114.53169875445042,-112.95181279644974,-110.74224449153341,-112.40351653533462,-111.87717173102195,-114.23039693849792,-111.72896151537752,-113.45764202787657,-112.75012178287527,-112.26238010897214,-112.94688202359357,-113.26251248525264,-111.41027545090881,-113.57423590261185,-115.13353211545677,-112.60742087515148,-111.4230439850539,-112.18103719901654,-112.03415214568885,-113.65160308739416,-112.40276929222188,-114.89771624891786,-111.4747192057859,-113.49632572331659,-113.01081413170122,-114.18824175481699,-113.25945315784479,-113.85874324508785,-115.07070636479865,-112.48157896533561,56,-113.0496418409668,-112.95181279644974,-115.57840356984536,1.584123332040778,-0.18613448709514926,-0.7499006251824425
HDOK,PLOK,17472,43,43,-111,2,11,2,33,-115.56550411628218,-110.50071530812623,-113.16798435482185,-113.78970266003773,-110.25768342990726,-112.79019108633345,-112.82676517255504,-108.7516822612303,-112.651216416789,-112.59426372761527,-112.79391536052357,-112.93301678806556,-114.94039009778542,-112.31677025742418,-113.64215638898409,-112.39749996200673,-114.72633485525509,-113.16796718627975,-112.10422392850224,-113.8197027426811,-112.1374443341517,-112.03791308586997,-111.42124161653085,-112.2467426713244,-113.44295116532284,-113.33962189950903,-112.24146658275066,-111.98875611348917,-113.03057913489708,-112.53856839989756,-111.7800863912585,-114.08285617469195,-112.8178285546819,56,-112.69223461289641,-112.79019108633345,-115.56550411628218,1.6777877176527316,0.5766516074202697,2.016671301327531
HDOK,PLOK,17472,43,43,-111,2,11,2,33,-115.7399399042659,-112.2514078576832,-115.46497135942604,-114.3527436151788,-113.46069042396405,-112.24477902290273,-112.90699482965309,-111.46357844297128,-112.64898727368492,-114.27922111088861,-112.60793673439618,-112.43676880165052,-114.1384103769037,-113.80362400376563,-114.20793145869963,-113.00290416189468,-111.13859089909221,-113.78270403814412,-113.42861217707586,-112.23576360170225,-112.93206509463357,-113.2930030587236,-113.7375877117865,-112.43857758820874,-112.07027004945428,-112.3835364992653,-113.49056579175893,-112.23885517479091,-111.33730495757858,-113.35834495047982,-112.34592766705964,-112.70808715008259,-115.49690688347539,56,-113.1341694748861,-112.93206509463357,-115.7399399042659,1.2625088057752687,-0.5737715481674576,0.0958559892532409
HDOK,PLOK,17472,44,44,-111,3,11,2,33,-108.35613017444376,-112.10631903527464,-114.2308407610999,-112.42300617549505,-114.03649403594181,-113.75817989150318,-115.6679732037699,-112.4382597334787,-114.87577254210709,-113.26074853326475,-113.78528648993546,-113.83526896576289,-113.45632029910124,-112.1129170358848,-113.07466604825122,-112.63635246953459,-111.95493199490328,-112.91277674743152,-113.02896181307521,-112.84218328839607,-111.78525772771313,-113.74283208661456,-112.22443755056499,-114.37902819419321,-112.18519578956561,-112.21489062681867,-113.09099324475449,-112.7984005750303,-113.13755365791113,-112.85044276632674,-110.31619215344575,-112.2795138832466,-112.15097007898368,56,-112.84694235072193,-112.85044276632674,-115.6679732037699,1.6371223728750162,1.04013636522183,3.9167566220565635
HDOK,PLOK,17472,44,44,-111,3,11,2,33,-109.14583201817995,-112.41678762479415,-114.9521574213045,-113.59667643700325,-112.99453517895529,-113.34413997585307,-112.2290209788723,-112.7718281820264,-111.6945617668829,-113.33133340061521,-113.97518682338372,-111.0612733405499,-114.08861419342028,-112.04527465707747,-111.18308533057846,-113.17234897138798,-112.01993784944318,-112.37117916430849,-112.95074262046735,-111.85511389864872,-112.95646629452311,-112.02049821657958,-113.9127587415213,-114.24862279710523,-114.64778954478291,-115.05573478528912,-113.17296916566819,-111.9840185105362,-111.6920234032433,-111.44170455821586,-111.47094506877042,-112.7819300782089,-112.89714384801695,56,-112.7115828741277,-112.7819300782089,-115.05573478528912,1.5119351047979093,0.3212265714641549,0.8451071469533384
HDOK,PLOK,17472,44,44,-111,3,11,2,33,-109.97274671212253,-113.93088020995134,-113.98712293933832,-113.02558269394022,-115.91389184539075,-113.66578400999121,-113.6365310697128,-113.39199037832785,-113.38014347923254,-112.62105403337304,-113.1908887843608,-112.41791555894918,-111.29475865219943,-112.56886741997205,-112.84771704764105,-113.79482768297301,-111.92333242793462,-111.63378448329314,-113.38750849036006,-112.78695460267765,-115.1298482630037,-113.51304147181698,-113.04899376991136,-114.18169005228825,-113.23720189786458,-112.6354729955201,-113.93756904333058,-112.25894216853374,-111.78068862679515,-111.75987758101921,-111.80364891619989,-112.8834326320352,-111.12341609820173,56,-112.92927594055338,-113.02558269394022,-115.91389184539075,1.3264742071949047,0.00027782105829864074,0.9975987011307859
HDOK,PLOK,17472,44,44,-111,3,11,2,33,-108.39952110404026,-114.3027620520922,-113.064473867419,-112.52238153509956,-114.40042880681024,-112.41477011678533,-114.29142547568655,-114.59245190850145,-111.85883498459125,-113.81329507086426,-112.9341296255752,-113.30056654260241,-113.52508652412345,-111.02596349995015,-110.24893015629371,-113.28053294496452,-111.44180461677729,-113.52993149835112,-113.56977951806518,-111.98823480823793,-113.45620815621753,-111.30563411342624,-111.23954591212353,-112.57885980374904,-113.17908814639722,-112.4604951785445,-112.11561264333717,-113.23612687781471,-112.21431192641474,-112.7449270442392,-111.46065059433701,-115.35426617172074,-111.93204579556881,56,-112.66009324305215,-112.7449270442392,-115.35426617172074,1.8477369274302318,0.7620450683659913,1.6588089759636309
HDOK,PLOK,17472,44,44,-111,3,11,2,33,-108.41058220525395,-114.83737217644892,-112.80006634672938,-112.61360002929082,-113.82929579032994,-112.34183793807767,-114.43318734979427,-113.72280717705392,-111.42938276816047,-114.18862470685565,-112.3584791435335,-113.49054511524767,-113.38835478213691,-113.07314458382477,-113.06130879332962,-112.69465895002453,-113.43303965995155,-112.9323686837478,-112.63743766229227,-112.12185937470325,-114.33688600946644,-113.51293018386266,-112.90415713600136,-112.20647113994059,-113.38299940902147,-112.66230902406109,-113.22894695930776,-112.97550905769053,-113.4498444192857,-114.09851075782021,-113.48324452828584,-112.31863069470181,-113.85774605016327,56,-113.0368526850423,-113.07314458382477,-114.83737217644892,1.2122972394887372,2.1514271879822293,8.473306495131538
HDOK,PLOK,17472,44,44,-111,3,11,2,33,-110.60396397601157,-112.45443877452468,-113.1749573593184,-114.50693941457511,-113.8514897415265,-113.81508076641701,-114.95220104571787,-113.87399932469394,-112.92276480891847,-114.1604920232486,-113.42644903852818,-113.52115979616681,-113.77957780124193,-113.76015838744969,-111.85862955507444,-112.83167416513614,-112.11315386290072,-113.38219857631273,-111.84467026839488,-111.91907370328695,-114.29420843416064,-111.44664152606276,-111.90287262690693,-111.83037492004658,-112.35499727599436,-113.18670591585673,-111.40687882767958,-112.8608853073593,-113.59691583978412,-113.56842556652148,-113.46051238671522,-111.84531707880858,-112.74252862379208,56,-112.9469799005798,-113.1749573593184,-114.95220104571787,1.028158268854688,0.24186036146133516,-0.5950035759078136
HDOK,PLOK,17472,44,44,-111,3,11,2,33,-109.71092296336684,-113.64496640012581,-115.68524975563196,-114.80184593158764,-115.75665011037015,-112.39925005393042,-112.9688232057856,-114.27619262953242,-114.04970057794755,-113.16457896088781,-112.36461706975236,-113.8568582923176,-113.23809100618689,-114.01505278281515,-113.29753941651646,-112.11802727084613,-111.53862348433448,-112.36492214311356,-113.30767033163694,-112.07166811591316,-111.8807385658633,-113.88019235844136,-112.15558337264041,-112.06519706170322,-112.59620228427441,-111.90151418055747,-113.64804786235652,-113.88168478802683,-113.17904623198763,-112.51898899097444,-113.43391138237929,-113.23803135009922,-112.4315337170274,56,-113.07399765602821,-113.17904623198763,-115.75665011037015,1.3887531496512349,0.04774730198444902,1.3741244439478115
HDOK,PLOK,17472,44,44,-111,3,11,2,33,-109.90965761735916,-114.2131188652847,-114.3060783809169,-113.2992029529685,-112.87014660728768,-113.50654414895334,-113.84350635470358,-113.13051773138586,-112.52716052859867,-113.4429106556564,-114.17065713459544,-111.06741533866726,-114.36006999610815,-112.15125317796021,-112.18026296421179,-112.36401431832626,-113.84442591423249,-112.55121714652851,-112.72695789098175,-113.00945871298167,-113.46386794448202,-113.55751829562607,-113.07374238108605,-114.64473792103597,-113.02940882265793,-112.3975696344601,-113.05705639242355,-113.86216110605864,-113.37390222358185,-112.40790673723,-113.48800580545806,-113.36646309522604,-112.84119648329104,56,-113.09206403879773,-113.13051773138586,-114.64473792103597,0.8768275080785237,1.224658422685701,2.987922176996689
HDOK,PLOK,17472,44,44,-111,3,11,2,33,-109.81482637678673,-112.89747988118215,-114.01496750391557,-112.63419557844557,-114.74245683845373,-113.39082796967209,-115.57085806806197,-113.45409731706953,-113.35356114768612,-113.23145387408772,-112.08275166198956,-113.76092527550114,-113.50036214702357,-113.21870945822684,-112.329023118457,-113.31989822189247,-112.75030073262326,-115.03067486514352,-113.4302344676482,-112.25039473403969,-112.49886142696364,-112.67507067162123,-113.37989737989506,-111.56618291096773,-113.99345190723348,-111.83519780492034,-112.71281919807699,-113.43853154304607,-113.26516002730753,-112.59183307899585,-112.46261045697074,-112.87632393052202,-112.82647431457146,56,-113.05758829966662,-113.21870945822684,-115.57085806806197,1.040725124722533,0.32967985690882784,2.7462574146917738
HDOK,PLOK,17472,44,44,-111,3,11,2,33,-108.92739390676661,-113.55889987552482,-115.04780841387256,-113.29848418426323,-115.75944258601494,-111.49895121808608,-113.75718824485621,-113.80986331067092,-112.66849764183844,-112.19080082821316,-113.99326607975148,-114.05316565788533,-113.39754477481418,-112.26179869247731,-113.4040384256865,-113.5987148262002,-112.77131530099192,-112.53030576403661,-113.2682064489584,-111.32467066454902,-112.2086488696895,-113.00268753873625,-113.04478181054748,-113.10969323196028,-113.6044392695466,-114.75403059634746,-113.82180715956541,-114.86126188979932,-112.07999638712234,-112.93611947562935,-113.10787117725081,-113.83368702350185,-111.28784218535414,56,-113.1143401048639,-113.2682064489584,-115.75944258601494,1.5695092598239515,0.8779913072711049,2.751150563851866
HDOK,PLOK,17472,44,44,-111,3,11,2,33,-109.79580210868482,-112.82209419213956,-113.33777713593867,-112.65845899826985,-113.43572174907975,-111.92369051358203,-113.68361675817977,-113.14078564027845,-112.8289801356465,-111.74459668444847,-114.00759631743708,-114.40929647828568,-112.01213936354765,-110.78155034560554,-114.42752041545599,-113.48429568279006,-114.15557826641967,-112.45436113457316,-114.89793543435314,-112.63094391790281,-112.65163998640347,-111.86180525027545,-113.8679765879009,-115.36320418821434,-113.96635301712415,-112.05100765051395,-112.44666138637741,-112.56456475820542,-112.71020598087662,-113.12795294596314,-113.62995994348616,-112.56996701865776,-113.02724683081317,56,-112.98397838840698,-112.8289801356465,-115.36320418821434,1.2506709234699902,0.41645857258469776,1.0701984901256574
HDOK,PLOK,17472,44,44,-111,3,11,2,33,-108.04581309824117,-113.33775755563798,-112.75390599528514,-112.93369361594125,-114.23416836657331,-114.25112838186077,-113.73652009619836,-114.2421614918327,-113.38408927576135,-113.1888216273751,-112.05731660622345,-113.46709817124196,-113.38427498776305,-112.1926873199326,-110.90800370388654,-112.12371161914538,-113.09815203971614,-113.85140110709338,-113.59293362947425,-110.69874219070421,-113.9216461663752,-113.73622232125523,-112.45023126263473,-112.78349473991199,-111.31202410810353,-112.22598916826671,-112.420380629216,-113.72831307574104,-113.23453696421113,-112.76080010926987,-112.22493352908226,-113.2662887000572,-112.7761462346369,56,-112.7976784208682,-113.09815203971614,-114.25112838186077,1.4863952599919295,1.9673997546865083,5.795316174292955
HDOK,PLOK,17472,44,44,-111,3,11,2,33,-109.48824954721944,-111.8459482620705,-114.79264194410662,-113.64590508973903,-113.20458775138569,-113.43048162789887,-112.32228232646968,-112.8620829747106,-114.08154807062472,-113.8314243820132,-113.07597228968338,-114.7037979572234,-115.56784041123805,-111.76934207115474,-113.17924047477923,-112.54634580874458,-112.85148486383817,-112.47162881846974,-112.88127932162507,-112.91893201996228,-110.67186200899248,-112.45501987777119,-113.161768199067,-113.6811934381852,-113.22406659349478,-112.78092255198212,-114.21196554325866,-112.04326242936638,-113.3505935705172,-112.33886077946137,-113.14278904893447,-111.70205044909905,-114.18939569980894,56,-112.98256867281499,-113.07597228968338,-115.56784041123805,1.3272088240390858,0.5700485422089354,1.859320237819325
HDOK,PLOK,17472,44,44,-111,3,11,2,33,-108.49207194533936,-111.04437915137879,-112.44470035037237,-112.34327687504705,-114.66034045377778,-114.44896837963508,-114.07570272512956,-114.47451241701619,-113.73420700899659,-113.42373621389359,-113.06059200737855,-114.61838652343472,-112.39293527102659,-110.95940597496988,-114.65811898360043,-111.15392055559188,-112.03817690119917,-114.075096801158,-111.13638305474136,-111.7412234513881,-112.40480510773651,-111.22603604727074,-111.84437445131948,-111.74858719652285,-111.74705919811869,-112.69657066001834,-114.12053523276865,-113.81566120337025,-111.63300380407135,-112.6324966536787,-112.23210784645507,-113.4309219810897,-112.19845064214319,56,-112.62747712332238,-112.40480510773651,-114.66034045377778,1.9112293828337918,0.50457534115141,0.7138639343534785
HDOK,PLOK,17472,44,44,-111,3,11,2,33,-108.50900338968356,-113.28980544760194,-113.98207255274416,-114.80647725024612,-111.71461867475504,-112.80088437955577,-113.2183773195745,-114.46122859789055,-114.99826088680344,-113.01646538045175,-114.63444835630617,-114.47306270165332,-114.15625719222882,-115.02697468999878,-111.16837027151468,-114.50731192029812,-112.58176276957825,-111.55430281959052,-113.72383154268134,-112.51417651140444,-112.55436935764197,-113.07030810693546,-112.57946092801728,-113.51806343220163,-116.42053451337087,-112.652788938373,-113.42147003863434,-112.06092059812462,-112.5001869811696,-112.10959530810436,-112.01563262803501,-114.42936689334333,-113.70282084350973,56,-113.21737003703097,-113.2183773195745,-116.42053451337087,2.054723943331307,0.7195787307726756,2.372271573889892
HDOK,PLOK,17472,44,44,-111,3,11,2,33,-106.59232080537718,-112.75927223040286,-115.75951867016732,-113.4245721137855,-115.01035240712984,-113.63731805183663,-112.2573113972947,-114.93880105154798,-112.90058743828314,-113.0479897829306,-114.30127641748216,-112.83440862854177,-114.0022127193275,-112.95071126210236,-113.57630334478586,-112.48394131877416,-112.18666695080005,-112.58265480437048,-113.88665020275266,-112.19834434858237,-113.39762746811999,-111.89606777785045,-113.17112830266598,-113.24482287793687,-113.27333686764774,-111.97564091237231,-111.42052548654247,-113.34147799692748,-112.12158612457887,-112.46519591204817,-113.34243152476253,-110.53789558304322,-113.20782882499223,56,-112.87050847290195,-113.0479897829306,-115.75951867016732,2.27880334220141,1.9997471604133392,8.349157273126186
HDOK,PLOK,17472,44,44,-111,3,11,2,33,-108.71726905195764,-113.30093114807775,-114.32808414118293,-112.65522238708272,-113.8783283167529,-113.54765348427955,-113.97934071502877,-113.34101484188984,-113.666576564641,-114.79432657248198,-111.85647878266181,-113.39711303928229,-112.37931025299399,-112.2864985686592,-113.75828865944946,-112.54162507832339,-112.29896774201103,-110.5403344257746,-114.04827709076278,-113.86067474505124,-114.83981356748369,-112.98093079267983,-113.23104130781032,-111.80090009768827,-112.67385071860214,-111.65701403789186,-112.17395496012537,-113.72380505376121,-112.98655298563015,-111.43906372991654,-112.02412829748096,-112.01136685379271,-112.9459872884763,56,-112.83832500908133,-112.98093079267983,-114.83981356748369,1.4894261545856586,1.1063179353476453,2.6018197425768386
HDOK,PLOK,17472,44,44,-111,3,11,2,33,-107.88582408022076,-112.14358833935749,-114.18068539386213,-112.73368764219478,-114.19217330957393,-114.36349141210144,-113.05838331948772,-113.62924964343324,-113.66748457740967,-111.33597675990316,-111.40657809363995,-111.64149500904905,-112.92171302870925,-113.57525039919919,-112.7199552749265,-114.49558950833206,-113.72754583380502,-113.10004784637218,-112.81304205850671,-113.8413182315094,-112.14843539334102,-113.57022920998037,-112.6237617968602,-113.21826248323013,-112.07798867843303,-111.99904078027778,-114.35023988554146,-113.88489509124113,-112.05624891532878,-114.74202115028348,-114.11556113229194,-113.10493109253737,-113.33213526858273,56,-112.98960092847041,-113.10493109253737,-114.74202115028348,1.6530783737855652,1.8860085971929719,6.146521259759252
HDOK,PLOK,17472,44,44,-111,3,11,2,33,-109.88755310151899,-114.83151030924012,-113.4682570340942,-112.9488914682963,-114.39463393386765,-114.54260827780554,-114.42145464282243,-113.30282426653463,-113.92411833344381,-113.28524211202107,-113.54768377562473,-113.42079667240004,-113.91968713786416,-112.17295752780434,-113.10923377638349,-112.75737950653041,-112.25496782983276,-112.67611764925677,-111.51639596997234,-113.20913772051018,-112.16220756468893,-113.34393250401592,-112.38526285691592,-114.20956842871375,-112.17876409640071,-114.0446618686679,-114.64447475991314,-112.91577636250567,-113.43420598298242,-114.31492937460615,-112.38545270474704,-112.33449688458593,-114.00765281476755,56,-113.2106920378586,-113.30282426653463,-114.83151030924012,1.0619752937869338,0.8899521366893598,1.6783428744750313
HDOK,PLOK,17472,44,44,-111,3,11,2,33,-107.29754591694557,-113.41261932677996,-113.61687071558914,-114.43601770830763,-114.01618788859918,-112.93059403425787,-114.8750541549175,-114.38796240460569,-115.76056632869933,-113.46397460935748,-114.97785773890186,-111.13607502316944,-112.93530719007398,-112.15425746890928,-111.3908724347358,-114.61865934592115,-112.02790402286664,-111.54488935155325,-114.03069053997207,-114.38044176123545,-112.73534802970954,-112.25860861358167,-112.57995975951076,-113.59248600061592,-115.12177989398587,-113.16736109114532,-113.65183359513544,-113.63367464488978,-112.54585488124053,-112.89807288963262,-113.01936228427765,-112.54338221732051,-111.95297339885437,56,-113.1240922807666,-113.16736109114532,-115.76056632869933,2.312394739410907,1.5381552632885676,5.239511837253717
HDOK,PLOK,17472,45,45,-111,2,11,2,33,-114.62919723115967,-112.28257770176022,-113.70906201873214,-111.09301130505852,-114.77803031231765,-109.62057029910741,-111.4311688953106,-111.9898863433768,-113.29487369636556,-114.20633735038636,-112.66461609813346,-112.64953028450333,-112.31603078840932,-111.70913433578943,-112.7955151970685,-112.98013028059671,-110.86385295253254,-112.45980558616152,-114.0076076466411,-112.45605789304615,-112.38058159350628,-111.53540993779586,-113.5365119697698,-113.12394710795073,-112.6841796505621,-113.67581035143142,-115.24275465934974,-113.35752638569124,-114.76960514754191,-113.08164190542018,-112.57797731496271,-113.06463547950584,-112.6056797749134,56,-112.83555325741995,-112.6841796505621,-115.24275465934974,1.412771926511216,0.2530623250830975,0.5924113512466631
HDOK,PLOK,17472,45,45,-111,2,11,2,33,-114.2813533530668,-112.81593895377884,-112.894741414162,-112.48103401742992,-111.91785684410557,-111.79922565307612,-114.00745803161489,-112.27182317898031,-112.39501825016589,-112.56232621572114,-113.93607049242416,-112.63862890433685,-113.23440341224625,-110.9870013863632,-113.41062053074526,-112.27409896803873,-112.92122152700843,-113.39503132591943,-112.23111579548845,-111.41123661433902,-111.76343059241455,-112.79807710259398,-113.61384757840155,-113.91742456811974,-113.74211075891809,-112.6434351519364,-113.00095914994591,-113.24792227948609,-112.9585082749176,-112.63422913773059,-110.79916208898344,-112.02232194761328,-111.2820165017479,56,-112.6754439394491,-112.6434351519364,-114.2813533530668,0.748393597811758,0.2382166054957708,-0.3726373814215864
HDOK,PLOK,17472,45,45,-111,2,11,2,33,-115.11744226195471,-110.91905453830546,-114.21544409054735,-113.72963731803017,-111.69074478065764,-114.1212708153812,-113.11132363605921,-113.33335211536902,-112.96671871863732,-112.33460164979094,-112.09016646852122,-112.44453734096993,-112.74992442202814,-114.02971570580834,-111.79996187173042,-111.73866834131358,-113.71600917575309,-114.41398563331569,-111.65502381610253,-112.27916770237148,-113.94634991554577,-112.48532088483474,-112.75924127698649,-111.95414693563008,-112.90266864030232,-111.70395085484375,-112.17543720940073,-112.7821804485378,-110.07218091174931,-112.62460375184223,-113.33635846021147,-114.51618236591992,-112.5904127243423,56,-112.79714499341802,-112.74992442202814,-115.11744226195471,1.186569115389411,0.0591653170290579,0.04239903980857873
HDOK,PLOK,17472,45,45,-111,2,11,2,33,-115.57389922010918,-112.47743520289572,-114.2356310798749,-114.41083181390943,-110.96816241193056,-112.80450015440098,-111.13295011256116,-112.08707591330574,-111.7502373176126,-114.08525790715365,-113.10609655856975,-112.32393413707678,-113.33850080171696,-112.27267713840617,-111.74599572820132,-111.98455666374495,-113.37629878006514,-112.93632321313873,-111.63848511585499,-111.32459205615554,-111.96689058507444,-111.5855399976585,-111.82058663797083,-113.43383507757432,-112.21426369962207,-111.7290297572035,-111.82837200060521,-113.37705161039668,-113.10649030098652,-111.63460255338511,-111.4402378043379,-111.00952097008174,-111.49414920561503,56,-112.43072762203626,-112.08707591330574,-115.57389922010918,1.1636785849968214,-0.9834835581940188,0.6749264513115292
HDOK,PLOK,17472,45,45,-111,2,11,2,33,-113.87458045188224,-113.23497776645982,-114.12230232937463,-113.69220542289013,-113.30840478362353,-112.45946262377197,-112.9085007028753,-113.3393561791101,-114.07676120385307,-111.54399663573886,-113.57609161923082,-113.93318925556245,-112.12813427383476,-113.5222809218699,-114.67721561642611,-112.05306809776205,-111.73258550121713,-112.35621123911903,-111.84548906443096,-111.59260962659354,-111.67209468169447,-112.8438265546059,-112.88786351011696,-112.80311642859989,-112.01075460153216,-112.2347486482618,-113.43897676084444,-110.64357246995857,-112.08847158349104,-111.9615608458826,-113.71041499769466,-111.46730374232054,-115.48777110053237,56,-112.82508785579276,-112.8438265546059,-115.48777110053237,1.112728641361471,-0.30239722713856415,-0.1737496313947089
HDOK,PLOK,17472,45,45,-111,2,11,2,33,-113.83540508000827,-111.94141518929013,-112.61896615015797,-112.64193142976504,-112.3396431507958,-112.16262040637523,-112.77512285371236,-111.10902969475158,-112.24405941121248,-111.90830579844933,-115.0099200030634,-112.3217636826989,-112.44305536948299,-112.23038197622893,-111.81920513378795,-112.58700470894264,-112.31746782535178,-112.06861736189474,-113.26126788493836,-110.59412739611565,-112.51655558035206,-112.9395499074222,-111.71999104258138,-112.83342373092464,-112.76346679323738,-111.93029680641357,-112.4695447573076,-112.18019912373978,-112.2983945323827,-113.46863480272886,-112.95363068886145,-113.15203187227043,-111.37745442996848,56,-112.44946922955195,-112.3396431507958,-115.0099200030634,0.612148917667229,-0.699688783415309,2.9120700769036065
HDOK,PLOK,17472,45,45,-111,2,11,2,33,-115.52885236995922,-112.15172222028765,-112.06001609705055,-112.95144555918462,-112.06350505592134,-111.48338606861972,-113.53766280510506,-113.31502742515777,-112.62158402884845,-112.04081109261793,-112.44071356242335,-111.03768268359374,-112.2805810990697,-110.84883661291539,-113.7248570465339,-112.01414904004865,-111.25977609277565,-111.54651014523014,-111.18318071218236,-113.11660567590957,-113.5779679347337,-113.56347740729416,-112.15100556505313,-112.10744597124182,-112.67622923890586,-112.89156559346104,-112.51066859142827,-113.25075517666147,-112.10568597612749,-112.70951798851056,-112.4214602038975,-112.59594620326641,-112.60059622852336,56,-112.49603719613758,-112.44071356242335,-115.52885236995922,0.8375426270720272,-0.8520570157274844,2.3076453004122874
HDOK,PLOK,17472,45,45,-111,2,11,2,33,-112.67423283240805,-113.22745926306429,-112.04259452295032,-111.46396858908808,-111.40492593897099,-111.15177258350425,-115.30059450831953,-112.72104007602539,-114.50241262982647,-112.05067662853797,-112.31440518236631,-111.80517399090292,-113.21551464675423,-112.82295696624952,-113.0562093967937,-112.80925138826485,-110.54894849118058,-113.11911425745731,-114.09166023554161,-113.7739160124086,-113.23438945402968,-112.80232887141342,-112.08145269737346,-111.81361117354487,-113.29241621462843,-112.5382970424598,-112.15602917311645,-113.24007634390173,-110.77186994752473,-112.24979879650685,-112.68525079094121,-112.48946020204023,-112.51216774166807,56,-112.60496898756861,-112.67423283240805,-115.30059450831953,0.9739358384168896,-0.3325873327731113,0.8822345204653463
HDOK,PLOK,17472,45,45,-111,2,11,2,33,-113.86859359607296,-112.80000795345893,-113.01614633679347,-112.40136024002501,-111.56344874357123,-111.65363150273811,-112.84091600510536,-111.21319041491365,-113.0787258782896,-111.99216381147696,-112.99651578498207,-114.75587651835409,-114.17167729920908,-113.4003634075246,-109.06495241579094,-113.19148167130365,-112.34582281827682,-112.05270020959806,-111.71550528820984,-112.1249932541712,-111.32447917738274,-111.15358555444037,-110.69706653076406,-110.48339126703041,-112.94065080830646,-111.2976124165442,-112.44895588845291,-112.70057413868344,-113.55788726023489,-112.6375639302113,-113.06122320625668,-113.16519620448132,-111.59878705511896,56,-112.34288019962949,-112.44895588845291,-114.75587651835409,1.2873816525707118,0.5055727130539005,0.9286266901556659
HDOK,PLOK,17472,45,45,-111,2,11,2,33,-114.09555244661665,-113.16748784912392,-112.83631444612118,-113.62963515585395,-112.27878209354488,-112.72077693180539,-111.88054040673626,-110.40483226298565,-112.34930294369488,-112.71460100217583,-112.63566368348907,-112.74186846760242,-112.3730455583286,-112.70526279838667,-113.80344113983303,-111.68599903944224,-112.81770797824372,-112.72683778043867,-112.80506975864246,-111.37794228081992,-113.69242472238665,-113.32950432056555,-112.98784228278949,-112.28750226037766,-112.32530043874432,-113.9809939443534,-113.49488459477831,-111.86496931033271,-113.06956034626373,-111.66448962281324,-113.36314102628901,-113.80734193061929,-113.30213144322484,56,-112.75517425052799,-112.74186846760242,-114.09555244661665,0.6455426696836968,0.6582889576037779,0.7956646582585933
HDOK,PLOK,17472,45,45,-111,2,11,2,33,-114.61247488740327,-112.9661543648706,-114.52498401126915,-111.45430621335453,-112.45464717787675,-110.3242338329761,-111.57339696422227,-112.4841216311999,-113.68281744088056,-113.07654238895176,-112.89755188576328,-113.8704103080076,-113.54837645824401,-112.91408988592352,-112.8935851793018,-111.70094032702053,-112.78352471588627,-112.95666970979086,-113.40594984919176,-113.6520532735107,-112.3585786540699,-113.78143358097942,-110.48889911546758,-113.29565468080426,-111.29197467750257,-112.27288608384416,-112.95494085175905,-112.03956589949367,-112.18457662625245,-112.27417294861019,-112.86686002635508,-110.91976025632104,-111.37494696352093,56,-112.60245699607952,-112.86686002635508,-114.61247488740327,1.08206835192789,0.294666849301237,-0.20084696980416128
HDOK,PLOK,17472,45,45,-111,2,11,2,33,-113.73453423631415,-113.33050204113746,-112.15318033493729,-110.40639582305734,-112.76000638337042,-113.72614619894392,-113.09015497528256,-112.11414066153104,-109.11205347917989,-111.13993175691482,-112.79575815115089,-112.19892822721758,-113.59604831028562,-112.74923478457647,-113.25412441739375,-113.19586596219433,-111.81964164820161,-113.96625189285868,-111.25724106219046,-110.73728447494007,-114.60653877097363,-113.69065185617292,-111.73414062783438,-112.46535534873773,-112.94009214116313,-113.81543087355024,-112.23900422789994,-112.79166968322392,-112.19207559545978,-111.86919765232639,-110.63859700995098,-112.16750518503169,-113.40534466604906,56,-112.47554631697126,-112.74923478457647,-114.60653877097363,1.3715297062755407,0.7588081747930341,0.7021463617962698
HDOK,PLOK,17472,45,45,-111,2,11,2,33,-110.81086755471412,-112.55205769461492,-115.1555856501281,-113.108858628731,-110.87546475515742,-111.39226491986356,-114.79168309854774,-110.53113023502019,-111.83716254408021,-112.23747006558884,-112.61357224539907,-111.0283460475129,-112.56497538096252,-109.60565762490428,-112.5124392577852,-113.856480040707,-112.72697778730934,-113.94602691098153,-112.00662495512798,-111.99586501751178,-112.43411529296478,-111.13995426794212,-109.72387490227942,-112.43216386233829,-112.4406556362205,-113.51531270289549,-114.76407518355744,-111.98749138278404,-112.18703483359013,-111.73100739843723,-113.38345091264607,-112.27213646302401,-112.4394406915159,56,-112.32121890741948,-112.43216386233829,-115.1555856501281,1.6751834296945851,-0.13286349471225983,0.2224838399751965
HDOK,PLOK,17472,45,45,-111,2,11,2,33,-113.98241591709076,-112.51230968248056,-112.66681757941895,-113.0697433345162,-113.29952019652514,-112.47215468397266,-112.35283275166191,-112.52542496487418,-112.14722226296114,-113.23153146222917,-113.18218641806325,-114.0214694968777,-111.70492229608747,-113.36154006338843,-113.70177596801385,-113.46353352566037,-112.64338897253106,-110.3092256576491,-112.90287086710875,-113.55838997227934,-112.0277144200904,-112.4249370232774,-111.73587916125507,-110.54036708292234,-111.24897805020318,-112.25085655947736,-114.41919803265766,-112.21402262396553,-112.52034686077154,-113.15372412601758,-111.47584929979432,-111.85200347961239,-111.50874771624125,56,-112.5600575912023,-112.52034686077154,-114.41919803265766,0.8880900773084924,0.3296300334062954,0.04443403886173547
HDOK,PLOK,17472,45,45,-111,2,11,2,33,-114.03549018717453,-110.61134486005135,-115.07555261516812,-112.7741988011104,-112.61860130562918,-112.54830110107658,-112.35548463895728,-113.04995113999495,-113.420941519238,-110.79934569251007,-114.01287302910649,-111.43592505786222,-112.1587054833564,-110.82952975597074,-111.6236050504325,-113.90316239272478,-112.09861555284628,-113.28967724809227,-113.84765015542439,-112.23948551887572,-113.20123313057208,-110.99957235657973,-112.66348667914446,-111.97894732373156,-114.68493348032494,-112.36250267781578,-112.38378550320857,-111.71222418344017,-113.12498873188126,-112.04843237731475,-110.89152849200181,-112.62611515172598,-112.46410895043032,56,-112.54152424678104,-112.46410895043032,-115.07555261516812,1.2138580586991232,-0.24436050051296607,-0.2404366421659061
HDOK,PLOK,17472,45,45,-111,2,11,2,33,-115.84343737043748,-113.2968573396786,-114.27153785075842,-113.38093432566892,-111.19060399159055,-111.20745993938152,-111.56200583152841,-111.02926038897613,-113.03864860057148,-114.25184625145641,-112.45831477760055,-111.03477714131822,-112.88764353188675,-111.20639222103976,-112.35313714973286,-111.75103193258242,-112.99276273532938,-113.37123624680582,-113.33547400331427,-111.66113752488548,-112.37477829262832,-111.72170214615875,-112.98173001891789,-111.92011669774627,-111.81353195324041,-112.51405956416527,-112.52195498925994,-113.1519942962218,-113.26032991228855,-113.15270202455181,-112.79011070487242,-112.16328803023961,-113.3736814741857,56,-112.60195391693999,-112.52195498925994,-115.84343737043748,1.0964324328089678,-0.7196608580183321,1.2692438962336445
HDOK,PLOK,17472,45,45,-111,2,11,2,33,-112.42054687914613,-113.01023655962088,-112.5884263463291,-112.37183678644226,-110.25043612250539,-112.59104180893969,-111.70174312748647,-110.79838039982477,-111.05764050530517,-113.13919428213123,-113.04538799732276,-112.99499272871222,-113.86697756040734,-112.76441764933229,-112.42436429988436,-113.14226506552477,-111.7311662900818,-112.0937038338894,-112.67644852776374,-113.12986762399768,-113.68061405062731,-109.78190893556312,-113.12136595821907,-111.94023364891831,-114.87762546110878,-111.30102982487728,-112.58876554536423,-114.81241252304225,-113.33594515280234,-111.70466621483776,-114.55249024075412,-114.17900506396866,-113.95062950843045,56,-112.65532625827763,-112.67644852776374,-114.87762546110878,1.426153441461881,0.3059079827124447,0.13175377145760425
HDOK,PLOK,17472,45,45,-111,2,11,2,33,-115.36103604439842,-113.67891419495277,-113.8141896385423,-114.2766839095974,-111.94711971062057,-111.66720087765339,-113.00157974607598,-111.72428784045765,-114.80076556570266,-113.42523782627708,-112.24781422916399,-111.63404880798917,-113.78718403420595,-113.33831428472362,-112.18960861656106,-111.41397743186907,-111.42863346393311,-112.21383162138969,-113.73363128795455,-112.74351409097362,-114.42051719670201,-112.40863126652701,-110.76062753110682,-113.03536014401631,-112.83798460210068,-112.51123616367224,-113.87748793726675,-112.50916034854313,-112.952803217555,-111.53077058175069,-112.11216911405292,-112.40467010220694,-113.89732388535602,56,-112.83897925193634,-112.74351409097362,-115.36103604439842,1.1577615423280232,-0.31983792257685034,-0.44911850023557465
HDOK,PLOK,17472,45,45,-111,2,11,2,33,-112.84363317037902,-112.66787064064924,-114.09565655168456,-114.97902991807958,-111.38956210131565,-112.96430939480709,-112.73819750011813,-111.87242487687365,-113.02496203260912,-114.01856559681279,-112.80525295069498,-111.33690906668153,-113.05741631812566,-112.12696975189712,-111.07943125845424,-111.05316619990609,-112.76813195448143,-111.98399633865439,-111.18672213739995,-113.87223152576802,-112.2791118248237,-112.4879121200143,-112.73505178822836,-114.1098682179371,-113.35411232564283,-113.01447609503137,-114.80492974205934,-113.04906690906327,-113.28908916736988,-116.18449675614802,-111.75131833496307,-112.29358937758776,-112.887176156892,56,-112.85165570003495,-112.80525295069498,-116.18449675614802,1.3165603800141457,-0.7272160264105435,0.9440750331618255
HDOK,PLOK,17472,45,45,-111,2,11,2,33,-115.6979448310353,-110.59279192612357,-114.01448605348288,-112.49763317166509,-111.2849509709977,-112.00411338864913,-110.59269842346976,-112.11396011149122,-111.76672064879719,-112.9187714580422,-112.17416889860864,-112.74933880987547,-112.1157949607851,-111.83754112251508,-111.95697706636959,-113.05082813509856,-111.64800861713202,-110.86454754731675,-111.33949721698048,-110.55071941450157,-112.17593610861746,-111.50646015121012,-113.14693417318853,-112.37727566447315,-111.72128914638307,-112.37254195585201,-113.70902008740343,-112.13537543800045,-111.14897098770624,-111.05994154809916,-112.25278649039375,-111.19529906943761,-111.84486181144652,56,-112.07327834561059,-112.00411338864913,-115.6979448310353,1.0941178707024608,-1.3045853956636362,3.132667309986458
HDOK,PLOK,17472,46,46,-111,3,11,2,33,-110.82483427394281,-110.86000688369603,-112.6202688685559,-111.68732228453094,-113.43339960975852,-112.6417213853291,-112.71486686320051,-111.9206287818193,-112.69589339403477,-113.35423911180379,-112.80771461718798,-113.17095943850106,-112.4379977674049,-111.77678771664002,-112.33731572743689,-112.28747734490688,-112.1695985016682,-112.03030770406731,-114.4238185967728,-111.92895468973971,-112.07350136705138,-112.76599245192166,-110.33419264335649,-113.19379349122835,-112.05467350072391,-112.01658711252264,-113.93412723605606,-111.9604470014396,-111.80332164671448,-114.1074113177415,-112.80267035257177,-112.32839079075933,-111.81686386814981,56,-112.4035177679162,-112.32839079075933,-114.4238185967728,0.7656514954297112,-0.09093422437613735,0.5944532985556963
HDOK,PLOK,17472,46,46,-111,3,11,2,33,-109.53741053387841,-112.20948495725587,-113.8952050685584,-111.66512125362792,-111.90104833492474,-112.05247605003203,-111.45601492727884,-113.69321188925787,-113.22938799499316,-112.3312525597634,-113.45319413492459,-113.1416901691387,-113.9817403559486,-111.75534719336504,-112.07920301111774,-113.65224119375806,-114.01026816897576,-111.60527231887365,-113.04420741941378,-112.99473044330749,-111.53728376638583,-111.75129315018565,-113.20164438652328,-112.62002628806965,-111.12497715323076,-113.62531507491092,-113.14047851286622,-113.24971014669151,-111.97210053341861,-111.98184341359001,-112.19539004361944,-112.44370502282558,-113.47306619416437,56,-112.54561641408714,-112.44370502282558,-114.01026816897576,0.9691008574473017,0.6674333192433296,0.8597680410609834
HDOK,PLOK,17472,46,46,-111,3,11,2,33,-110.0742784605244,-113.85573139734275,-114.30177731293034,-113.93449840522425,-111.85700466467391,-112.26915618423932,-113.42110897448656,-110.65999467429499,-112.02788426343977,-112.03209168950994,-114.29235623072005,-111.23308080993303,-113.96734990856785,-112.45956455158152,-111.61661940772254,-112.79575513405915,-112.27692131543667,-113.71600645122214,-112.8162651637902,-110.63982599432443,-113.53054069952624,-112.51253103686349,-114.8948306182329,-111.80078725737316,-113.79903472848454,-111.65392669511698,-111.71218971225068,-110.54111303468817,-111.09187171280111,-112.62713090020765,-111.8091318620259,-113.00631725287063,-112.95009275156137,56,-112.4902051289705,-112.45956455158152,-114.8948306182329,1.459921763053774,0.013085188220914534,-0.7335899570984772
HDOK,PLOK,17472,46,46,-111,3,11,2,33,-109.48087584924382,-111.77412671461784,-112.07412970307452,-111.41321765182057,-111.70349507104575,-112.40540060362692,-112.51221846107217,-112.89684996104468,-111.29317760024007,-113.25289426548831,-112.43156689434232,-111.54429225042576,-111.92959969500924,-111.47113764143079,-111.42898943667707,-112.19733752632051,-112.7118000205556,-113.2159346993246,-112.97230438120995,-113.41160670601343,-114.32536430283527,-112.26736206060406,-112.05197575332569,-112.5697257923954,-111.4879000785813,-112.75692273891443,-112.18621472851267,-113.29029600311873,-110.8009255228013,-111.93716017971062,-112.3851173207567,-114.76405135805447,-112.23594558739046,56,-112.27817928968442,-112.23594558739046,-114.76405135805447,0.9446878905916111,0.005935568176543081,1.8580554661853488
HDOK,PLOK,17472,46,46,-111,3,11,2,33,-108.607639599878,-111.51765330328914,-111.24489307288394,-113.34718926193486,-113.6525260292244,-111.9352440869052,-113.55783173494837,-111.50288683622185,-112.81195658407415,-114.56658794691857,-112.39461114382944,-111.74198063520939,-110.80752465164113,-111.45013813692833,-112.78556536555973,-112.37532860678704,-112.07778576115079,-113.47266239947064,-113.5230837294949,-113.02010806264207,-113.35408421173862,-112.00014436107664,-114.03647130125538,-113.37098923760625,-114.07485175549317,-112.95576206259622,-111.09488848853529,-112.59790680837814,-111.55886537598812,-112.98522931253889,-113.04257705277311,-111.48300993712394,-114.46384165420577,56,-112.52763086388791,-112.78556536555973,-114.56658794691857,1.4751495379007609,0.8388441607316592,1.6882390624111259
HDOK,PLOK,17472,46,46,-111,3,11,2,33,-112.49065939865183,-112.36342444036488,-114.80108076963329,-113.0552283066644,-112.10102095812967,-112.44118251765403,-112.69573386482384,-114.7110634637054,-113.86843742339286,-112.92316325817629,-111.66681839108301,-111.00465512180561,-112.37506684652169,-111.52850306160003,-112.0630592143042,-111.84136348054024,-112.21911703493474,-113.16789573597954,-112.48436417473204,-114.49712430621523,-112.45756243828993,-111.93818814046408,-113.28395118609286,-111.96192081588266,-113.35356455696262,-113.03164873768873,-113.55521347827269,-113.9727058213711,-113.88802490851575,-112.9549259190549,-111.30044688579385,-112.55979429271238,-112.09253268452359,56,-112.7469527768042,-112.49065939865183,-114.80108076963329,0.8798856790393618,-0.5015475599162449,-0.20513814763751093
HDOK,PLOK,17472,46,46,-111,3,11,2,33,-111.53140246292907,-110.78851461738152,-113.43517624167563,-112.33804506469822,-112.32070196672642,-110.83208754855767,-113.94907280526171,-111.2677347457662,-114.0772296608385,-112.03326890970058,-111.61027080794373,-112.89657410158996,-111.9410795326011,-112.45044185826958,-113.0458864708898,-112.73384115955125,-111.40683790997885,-110.4963739241961,-113.01652637819903,-111.86779926867524,-112.29521171380001,-113.42949431211197,-112.95682840150192,-113.4835522325079,-113.20120689727223,-114.49033186768163,-111.8924564182662,-114.21190861384041,-112.83680557950734,-112.85735569879283,-112.46126430272592,-111.4982671457827,-111.58572490776999,56,-112.4617961674846,-112.45044185826958,-114.49033186768163,1.0080933071677562,-0.06671094173607264,-0.5931224001633337
HDOK,PLOK,17472,46,46,-111,3,11,2,33,-111.18731757065042,-112.18837830522713,-112.98403578239197,-112.03300710750904,-113.30864068081088,-111.6099372642439,-111.50935756548857,-113.5513744335355,-113.11062884489989,-112.92078550077204,-113.55514668182848,-112.28433163150704,-112.16124574611607,-111.75296595790334,-111.37985359673245,-112.10114848498064,-113.15021589965554,-113.99004476967548,-111.47411315873211,-111.72584871413798,-110.91608932357535,-111.68076218312731,-113.00640287204786,-113.92611647517944,-112.33521586186666,-112.09213520870264,-111.02353630713804,-111.1463105584326,-111.07884481091035,-111.11885336420899,-112.16137611846912,-110.06040436656222,-113.35681539471766,56,-112.17821941035562,-112.10114848498064,-113.99004476967548,0.93586433380094,-0.12379634334212399,-0.7122852059888949
HDOK,PLOK,17472,46,46,-111,3,11,2,33,-109.17135429392322,-112.7388597436377,-112.05894066198061,-112.6942940112263,-111.73313730100968,-112.96995620833259,-112.40016345774227,-111.0925178284068,-113.1103460158025,-112.51199751706774,-113.02458714607758,-112.35490407023788,-110.65436936725791,-112.40882794312934,-113.2845002735678,-113.15184758098388,-113.99383178822283,-111.25710887211804,-115.09736434701755,-112.5183237743019,-111.9756252672405,-112.0146929687912,-113.23613392411336,-112.66498500442762,-111.69946987231397,-111.51763929738057,-114.93071642913594,-113.55021697164939,-113.93112654166035,-113.21139528631424,-112.49864891323548,-111.42187381744311,-111.40083635617394,56,-112.49335129854313,-112.51199751706774,-115.09736434701755,1.3465482177507182,0.21356141850554677,1.3353576731229855
HDOK,PLOK,17472,46,46,-111,3,11,2,33,-110.22225171588161,-109.85860299141714,-111.2790546645584,-112.85231896517928,-112.14929375337796,-111.43963594095557,-113.10320842874874,-111.52571989149229,-112.34162094829406,-113.46465624230491,-113.61116300973178,-112.26384538572619,-112.23502569832661,-111.00505188245306,-111.7131199448447,-111.48104415561893,-112.8907531281116,-111.3346104987998,-113.45070600006576,-111.13925691488915,-114.13673849293522,-113.58833578159928,-112.2672903771227,-113.55083694343647,-113.94864810038462,-111.95269561015016,-111.48949769400664,-112.46405931711902,-113.41304096376062,-111.51845966020173,-113.58864797405607,-112.13055959821239,-113.12574198301354,56,-112.31925735323564,-112.26384538572619,-114.13673849293522,1.14211706035089,0.23946813927919156,-0.5969743539960075
HDOK,PLOK,17472,46,46,-111,3,11,2,33,-112.10903625429123,-112.68813690251682,-113.17218022157023,-112.85890624774113,-112.41044799516567,-112.81435680180509,-114.17175111650609,-112.03083852642781,-114.60501893452395,-113.40125389004149,-112.17665016170527,-111.90200754712963,-112.48609055742656,-112.5926088864784,-112.2622799243318,-111.74191535352048,-112.57494955039897,-110.22719341042854,-112.56626907428934,-110.98070538011012,-113.00663464494897,-110.92012891793298,-113.27816018784273,-112.0019353076496,-110.97168180457213,-110.94380378864683,-111.78136868750923,-112.58349354724038,-113.1018124198486,-112.44702288258956,-110.92773606066383,-111.96849750878042,-113.22063569551392,56,-112.33107600576206,-112.44702288258956,-114.60501893452395,0.8880095686345589,0.022654532523812138,0.3090055638422413
HDOK,PLOK,17472,46,46,-111,3,11,2,33,-109.3654680571439,-109.80453203714896,-112.2751126337237,-114.14322907738045,-111.21944270279371,-113.3479864369778,-115.10711982138707,-113.0193016375231,-113.6506892235444,-112.8265439062071,-112.96752750218658,-111.45401391109417,-113.49568208679712,-112.81463284454443,-113.25371627783313,-112.8667814403796,-110.7318559370025,-112.19209448377057,-112.47143260915531,-113.1500930074456,-111.88802853536154,-111.27409263779211,-115.24847349965079,-112.77060347776913,-111.52907996430186,-113.29900084826772,-112.42015697695328,-113.80914944572501,-114.12642537774586,-112.85698344810635,-111.63428812606281,-111.31043745823013,-110.76598400840288,56,-112.51787755873966,-112.81463284454443,-115.24847349965079,1.7632645012960164,0.25269957359785544,0.16245945517704374
HDOK,PLOK,17472,46,46,-111,3,11,2,33,-111.10781366458643,-111.44711389014991,-112.51829403914356,-112.47413826835334,-111.5622496547648,-112.34658300378598,-112.37075147893965,-114.31097463342437,-112.05421732827145,-112.94417039372014,-111.28954158825137,-112.3595018470813,-112.64387082873667,-112.59636434872846,-111.40009295554697,-112.04473794267858,-113.34958377113745,-111.40743534734162,-112.03210975281027,-112.86325358609261,-114.02666001499733,-113.17246121748022,-113.14131862032603,-113.65946458285254,-114.06960867773469,-111.97921726917187,-111.29289545110963,-112.59310012634974,-113.04199270724673,-113.85468780802269,-112.41548755737885,-111.37345602460502,-111.73266939615593,56,-112.46896417505988,-112.41548755737885,-114.31097463342437,0.7740229086232033,-0.3775785774084606,-0.6754789065599707
HDOK,PLOK,17472,46,46,-111,3,11,2,33,-110.61795190908663,-112.63212300457758,-110.87520521961383,-113.83051242935093,-110.60823123089673,-112.85715179405283,-113.20531035008644,-111.38863771058769,-113.58555529518772,-112.52803920690889,-111.55321525668909,-113.32111876809928,-111.99334997817417,-112.67780649620772,-112.1162538901021,-111.50345749780742,-112.28562055119156,-113.47645964128156,-113.70090238176367,-115.19932795376906,-111.64554919831889,-112.93659508149648,-112.53521772233196,-110.44452748954959,-111.35629056937,-112.35098667010014,-111.66589595325085,-114.5922833004832,-111.82004872782838,-113.88224802850596,-114.67579156337142,-111.23438468566005,-113.04678119155183,56,-112.48917668931075,-112.52803920690889,-115.19932795376906,1.450596118796133,-0.2902288421850562,-0.49947300017073903
HDOK,PLOK,17472,46,46,-111,3,11,2,33,-109.28883761642915,-110.6240160341249,-113.26954109140014,-113.35349068808647,-113.57686650996594,-111.36618303589242,-112.09619032220847,-112.8793149342103,-114.01351424819373,-113.28501699183275,-111.33441850109372,-112.02973669945732,-112.61120312955642,-112.85278168747965,-111.99019577862428,-111.98632157644946,-112.59375895622966,-112.35414520276048,-112.8062483501591,-113.18682748475582,-112.72578440329755,-113.7220120117535,-110.20990154915287,-111.58007069572585,-112.6894678931207,-113.03968209865711,-112.71093954741065,-113.2469531143028,-111.23656948818157,-111.37225244936664,-112.8098669740004,-114.11418816897174,-113.25103592866161,56,-112.43052524731856,-112.71093954741065,-114.11418816897174,1.1571420294653725,0.9608272701340729,0.9624470112344521
HDOK,PLOK,17472,46,46,-111,3,11,2,33,-110.78435703131007,-112.72529711129337,-113.17500510864718,-113.03653460750894,-113.91712824503492,-114.65511434081526,-111.57695536418483,-111.5419349587184,-112.7458978512226,-112.06867867654704,-112.59040948677354,-111.69830382779442,-111.88534816246788,-112.80114345936934,-111.46785006381322,-112.66415923068067,-113.69115276954838,-115.45170807700713,-113.70793588834593,-113.24798490661593,-113.97668265506569,-113.62380898023734,-111.84229120088669,-111.74140500709113,-112.74321448969917,-112.96973648547927,-112.3174390068909,-113.13743021359574,-112.58899221608772,-112.89809405470731,-111.8206988082059,-111.86377628983274,-110.32345691318326,56,-112.64484622692918,-112.72529711129337,-115.45170807700713,1.1217330145311843,-0.3103314007250552,0.5500075521419361
HDOK,PLOK,17472,46,46,-111,3,11,2,33,-111.82610837637394,-112.95200851349485,-111.6482063615937,-113.78025481170522,-111.84036778628295,-112.67216884289286,-113.2146235686889,-112.70791716003319,-111.8013885171615,-113.23604485462876,-112.27489584922175,-113.00487548675753,-111.55310666879022,-111.50267532399934,-113.59471444793957,-112.88410023657066,-111.95192707736472,-111.66029469670015,-112.39205449678602,-113.12856101694054,-112.40909212068193,-113.59375930269582,-112.63607543546809,-114.23975029268621,-111.80570815024137,-111.74220192669225,-111.88023541051726,-114.55331878962564,-112.10294209309092,-113.6213384202171,-112.95599827666223,-112.88391366428547,-113.73898204194967,56,-112.66029121268913,-112.67216884289286,-114.55331878962564,0.6784988197335811,-0.4134740473838566,-0.7253663412893108
HDOK,PLOK,17472,46,46,-111,3,11,2,33,-110.23013801568001,-112.65353704581503,-111.09279168438054,-112.35046982582574,-112.25008949701811,-113.4221529684261,-113.0303410509789,-112.35876512087253,-113.4562583924892,-113.3103006819719,-113.79160022169275,-112.86372509871556,-113.97400852153599,-112.90980325619729,-111.97246911298993,-110.4110979162388,-113.88223398535298,-112.61871077860096,-112.8516297522685,-113.03964263557526,-113.39200955512264,-112.5829048757465,-112.0416635689984,-112.4410893273598,-112.53657115261208,-112.28605963523798,-111.87293117907022,-113.04904285139264,-112.76200437448324,-113.23920039724902,-111.65688583412502,-111.39804751965706,-111.01265765245421,56,-112.50729798442832,-112.61871077860096,-113.97400852153599,0.8361963564546631,0.7474030878718693,0.3258339687212519
HDOK,PLOK,17472,46,46,-111,3,11,2,33,-112.2842256844807,-111.1296719826636,-112.78666733757181,-112.13096347213887,-112.46885317322362,-110.6606313671095,-110.77376038525331,-112.98602446182777,-114.35692772492767,-114.11339153642781,-111.99937390763422,-113.33365158020005,-112.13003867054033,-112.55009504190778,-111.4891100873046,-112.71247134124239,-111.98338019931995,-110.4111602463852,-114.52925680682459,-111.9185315641143,-113.76198795078703,-111.95895089365818,-112.2096629712068,-112.5468683195937,-114.21522623457537,-111.5770942876395,-111.05133747936675,-112.23630322496379,-112.10957529381538,-112.34099577120206,-110.83154106444059,-112.15882974481897,-112.80059253522279,56,-112.31961067704208,-112.2096629712068,-114.52925680682459,1.0927458923828115,-0.3627505356202019,-0.1281856496496161
HDOK,PLOK,17472,46,46,-111,3,11,2,33,-110.48676709422686,-111.8305120208406,-111.286295513893,-112.58552002310869,-113.67643035852304,-114.89278603297498,-114.11662193539962,-112.18475430837353,-113.29468737959068,-113.36609207662822,-110.58835550751537,-113.56850747741481,-112.96842657267585,-113.04632939376673,-112.73464201210079,-113.50355254832107,-112.88369323510015,-113.51936366016304,-110.98907116582602,-112.31439179723637,-113.80963218878205,-111.15750035349619,-112.70675108871713,-110.03028530037486,-112.03284730997645,-112.44021599702455,-113.36151892281977,-112.02363897520438,-111.72739053949697,-111.10424969365309,-110.30128839436199,-111.9249145099804,-112.56216714066713,56,-112.39452122812831,-112.56216714066713,-114.89278603297498,1.3716029031278303,0.21412153205487053,-0.5236069106597583
HDOK,PLOK,17472,47,47,-111,3,11,2,33,-115.77294842214425,-111.68579527659723,-111.95787881137515,-110.86088503085158,-114.25613626884672,-112.69667003261107,-111.66295904478278,-112.08480867605275,-113.15942305326513,-112.67923620093609,-113.43829373286756,-111.85679718957373,-111.41562075541323,-111.62380393067819,-113.23669633006743,-112.64047416318775,-112.8957243037277,-113.26594828963427,-111.89280687363367,-113.28117712938734,-112.82929896060442,-112.41368360846353,-111.32214045507406,-112.89250955971951,-114.26561747451112,-112.59594070469669,-112.34160544207928,-113.91087906585325,-114.39261483680133,-111.91073633842703,-112.68798785923147,-113.84997462657613,-114.21349432040674,56,-112.787592932366,-112.68798785923147,-115.77294842214425,1.1252717067329427,-0.6071335785282603,0.40490288700167865
HDOK,PLOK,17472,47,47,-111,3,11,2,33,-117.58689859745583,-110.3476421160215,-111.34062139912122,-112.88747312817962,-113.65093383303262,-112.37956738655905,-111.38871869374495,-112.1008109964081,-113.96261997008241,-112.75775558679851,-113.28521627630438,-111.76483881117494,-111.9853521319414,-111.90694754506625,-111.39774304427424,-113.9504263958308,-113.69749706223823,-114.44655007041881,-113.16433942105664,-111.90293563290552,-112.69713995166536,-113.48228174642723,-110.01853215291749,-112.98718027047427,-111.93990222391254,-114.25636038060901,-111.12180315445758,-111.80966599256767,-114.07390862329346,-112.25226592195013,-112.75959863070211,-112.6744065469475,-111.28678645918768,56,-112.64438545920387,-112.6744065469475,-117.58689859745583,1.9590723161221384,-1.1135654375147404,3.3596616649783075
HDOK,PLOK,17472,47,47,-111,3,11,2,33,-114.5203134044878,-111.71451209053811,-112.76722354692147,-111.86082835949253,-113.24155516746114,-111.97839007342438,-112.20024424876098,-113.2151309925629,-112.13867616962126,-113.8870217813876,-112.95542004399363,-111.28192508432295,-113.3133510980422,-111.55351780179984,-112.5511436563003,-113.13108896302249,-114.7560925316019,-113.41632988973862,-112.51032850276975,-113.6294315747802,-111.72454806617148,-112.35677301530497,-114.50492155714909,-111.89771879418012,-114.20569620536978,-112.74093749923081,-112.97050274303298,-112.75016461905302,-112.50726397145904,-113.09619550129258,-112.62125336723405,-112.8264221514871,-113.46026421757753,56,-112.85712686938096,-112.76722354692147,-114.7560925316019,0.7562636300567558,-0.38777182932798343,-0.29588020576629237
HDOK,PLOK,17472,47,47,-111,3,11,2,33,-115.53363982465434,-112.32090673014694,-113.1182712307521,-112.28323641359444,-111.30941821484835,-113.38722407419424,-111.47555297150487,-112.68193804511101,-114.66678121555383,-113.01472696385049,-114.34450853109473,-114.58987247753548,-113.04251664003866,-111.71510317077166,-112.5784029703649,-111.44129987831718,-113.0306886293892,-114.04533814702488,-110.63377385506091,-112.30983850088165,-112.98027316184223,-111.55523765598174,-111.87790999380381,-113.03504424856978,-110.11039709482128,-112.76740291317408,-112.8517915022155,-112.19303091067322,-112.49481334831542,-112.21470124680363,-112.18036261313728,-113.52763097568328,-111.01594761601093,56,-112.61598732623399,-112.5784029703649,-115.53363982465434,1.3545914367104601,-0.3090704836186345,0.36655980452036196
HDOK,PLOK,17472,47,47,-111,3,11,2,33,-115.88339835738523,-113.34951558057215,-111.68729594117924,-112.49443572106973,-110.02509803772266,-113.0413264664184,-113.95788800310062,-113.34983544732563,-114.00345337840766,-111.82799919615998,-113.54782426413811,-113.47895361611978,-112.65084846530127,-112.67085726132979,-113.39956080383206,-114.86929170644574,-113.09225168417863,-112.56797135516878,-110.80433805106706,-112.62495829735403,-113.30603658378105,-112.82746818117168,-113.0285088647604,-111.6333634451957,-113.07884533224244,-111.76201713530575,-112.96755830121202,-111.94945068143439,-111.21946022098307,-113.75086256045428,-113.51922487837425,-113.20739449378082,-111.83945497568534,56,-112.83081052389869,-113.0285088647604,-115.88339835738523,1.2527860177829113,-0.013929723302873417,1.2723005386551463
HDOK,PLOK,17472,47,47,-111,3,11,2,33,-114.70777538996445,-111.81766877969766,-112.4279605517424,-111.10169332106499,-112.58387511479486,-111.42674915892717,-111.82461039757231,-111.65597708091774,-113.19199664574701,-112.54902879316276,-112.92781784235336,-112.2766042011233,-113.29246441768922,-113.28751237142811,-113.77062434507927,-113.93550522860967,-111.45939816726273,-113.23385673079716,-113.34946288681513,-112.00945085414193,-114.94797879673034,-112.06035778103832,-112.78483559750761,-111.70523354919078,-113.08198044353777,-111.83183158357532,-112.3261562116445,-112.07669211140532,-113.68230638688549,-112.52048478386817,-112.2599192172847,-112.11422433349779,-111.9168976614478,56,-112.61027062837896,-112.4279605517424,-114.94797879673034,0.8268359978337293,-0.7587202970114811,0.257110306303022
HDOK,PLOK,17472,47,47,-111,3,11,2,33,-115.8998779004629,-111.30039323058381,-112.78196242917096,-113.27498225172923,-111.45529876035097,-111.10562336099896,-114.09819193773593,-112.1083790149742,-114.6172764970678,-112.7298584024474,-112.72486549770039,-111.40783894163074,-112.13701992603467,-112.35132406269335,-111.91224292684184,-111.31485595046064,-113.04201920636952,-114.93516858784922,-111.738675379662,-110.1481918133367,-112.79168827576339,-113.86385329062688,-110.79955109433824,-111.45553300039899,-112.72212893665731,-112.81518268747097,-112.02097766690683,-114.66816976255653,-112.33774681281145,-112.97232797548017,-112.93573243847153,-114.37086808357346,-114.13745845991356,56,-112.69622013827485,-112.72486549770039,-115.8998779004629,1.6907832358559267,-0.4382982940802032,-0.13668261692807482
HDOK,PLOK,17472,47,47,-111,3,11,2,33,-115.40192198357745,-113.75179210900133,-112.00881009571938,-111.92848273773387,-113.18170527011426,-111.56389362898992,-112.53044730375328,-111.70668393745758,-113.40458777768917,-115.53168411945423,-112.06586697575108,-113.61832138785196,-111.32075871519396,-112.48335660233687,-113.06102875559496,-114.0790015037738,-111.85698756258526,-111.43546501006985,-111.6857618755093,-111.43168659924233,-114.61237999003805,-112.67617560124124,-113.26564067182794,-112.78224978702174,-110.54136069361404,-111.90159012048565,-112.57135656215894,-113.3318101931008,-115.18754388514975,-113.2767246409248,-113.60969873518394,-112.39807712856019,-112.5074512686073,56,-112.80940312816102,-112.57135656215894,-115.53168411945423,1.438941885351059,-0.610938511431671,0.019774207056076687
HDOK,PLOK,17472,47,47,-111,3,11,2,33,-115.181863151281,-111.58318583536251,-113.49435559655655,-111.4123760360726,-111.61625799906281,-111.64171965606813,-112.19437536513345,-113.36177848744403,-113.52116716685853,-113.95086459029501,-113.27588865994475,-113.03902198249425,-112.35673260288897,-111.87063383810293,-111.16811512857406,-113.22647668844229,-110.55074372624182,-112.6583508805913,-113.0996751954697,-110.96807302720109,-111.51355178691607,-111.89912070124555,-112.97843316946965,-113.2488432463285,-112.642730080017,-110.40771312270925,-112.48851100799487,-112.72069479143636,-114.82330931259199,-110.1349622228198,-111.40415837668728,-112.75252726028224,-112.62706366213528,56,-112.41858407135511,-112.62706366213528,-115.181863151281,1.3476346766096798,-0.16922803501518147,0.0068879884113641765
HDOK,PLOK,17472,47,47,-111,3,11,2,33,-116.05138750290972,-112.46979730331167,-113.60882744919111,-112.80414139223326,-112.57548655722073,-111.51559352363675,-113.42284921496605,-111.79513953081762,-112.38225121721247,-112.3222921261355,-111.7029387758565,-112.23459999157947,-112.61148273604961,-111.55710141991023,-112.4455350301586,-111.89894164471507,-112.55854367580649,-113.07241925545891,-114.44926467924418,-113.46307527875278,-113.1305329742271,-110.3470354360729,-111.73051519506505,-113.31760029860091,-114.43059585208727,-110.9894378981902,-110.51787284337736,-112.93199011188688,-113.0627512993971,-111.6231993527417,-113.21254133577673,-111.73787228621866,-112.42713398594053,56,-112.55759839923483,-112.46979730331167,-116.05138750290972,1.2673135764706465,-0.6937932211025933,1.763074312610582
HDOK,PLOK,17472,47,47,-111,3,11,2,33,-116.92691399257362,-112.58281495336144,-111.84674698827023,-112.73888157060443,-111.85313053272199,-112.0297174730928,-113.00040066523445,-112.62439904863096,-114.9813189156179,-114.46007710125085,-111.18220978670712,-114.42888529700782,-111.63944684267213,-113.76539136997376,-112.91155353310886,-113.17885791761992,-113.80502460407872,-112.2072764401968,-111.57865450948552,-114.28732284465724,-113.14560410527594,-114.76625458049567,-111.94526854725683,-112.61765162796566,-113.1313229117082,-113.07905482562079,-111.74634839099915,-111.94635778275043,-111.98311147770063,-111.31303782323829,-113.33421359284756,-112.6544375515403,-112.88899209865895,56,-112.92668726372501,-112.73888157060443,-116.92691399257362,1.4932014028771592,-1.1771697335361617,1.9568053725919072
HDOK,PLOK,17472,47,47,-111,3,11,2,33,-116.58271220584562,-110.69346638831615,-112.51151836689263,-111.97757957655,-111.18728889648447,-110.1616282799265,-112.14534908834088,-113.58948583054226,-114.84685656534762,-113.6539249399539,-111.64068766774083,-114.40692770937521,-111.59672901224812,-111.8390877994782,-112.91647740863186,-113.25701150236354,-113.1903432284933,-111.14143564674103,-111.64069827267913,-112.21562163604352,-113.28516227780517,-111.756025678327,-113.61857700696359,-111.1242376179343,-111.08470659345646,-113.85929404480076,-111.92704396713675,-112.57370798183975,-113.26604191266705,-110.55809414396876,-114.42300002855508,-112.70883709272387,-111.89607991411056,56,-112.52350419037225,-112.21562163604352,-116.58271220584562,1.8790349307035252,-0.7354167048614008,0.8141116598286211
HDOK,PLOK,17472,47,47,-111,3,11,2,33,-116.08660677976457,-113.56969680241454,-112.0333713198289,-114.12971853612711,-112.99531415392299,-111.35450590425654,-111.30040061794469,-113.06251434175373,-112.36682949075595,-112.94996312318939,-112.89753294498647,-113.49173977538723,-113.50617787296122,-112.29004398893399,-111.93713019381123,-111.97913894379306,-113.8197063380748,-113.11583971504443,-112.40634306344721,-112.98860946906836,-113.98951009573135,-112.07809070756508,-112.05948040556623,-112.15752754730637,-113.41051702956398,-114.22625422883448,-112.7500544137804,-114.9725008069154,-113.07013631608652,-112.81997123934273,-112.55184596043422,-113.85518861668402,-114.9132419132621,56,-113.06471220171329,-112.98860946906836,-116.08660677976457,1.0857249982224082,-0.768672696605539,0.8744752602205836
HDOK,PLOK,17472,47,47,-111,3,11,2,33,-116.90192831512726,-111.66662145574783,-112.1695215994551,-112.06409532059556,-110.96916644563538,-111.33521120387583,-113.2415958291953,-112.31266521350284,-112.70172997084157,-112.7658949607596,-112.73621991528562,-112.87254539399406,-113.01380700208244,-113.24076268269455,-111.84769418077309,-113.76203355320497,-113.8680827180938,-112.20643105407625,-113.70256523002182,-113.18680481199117,-112.62509070991321,-111.5989789577129,-111.454647560467,-111.72113765661419,-112.64759207239071,-111.27607954071229,-111.52325909801877,-113.49138592890854,-111.83179021679015,-113.04043740457409,-113.36956453798493,-111.91987645391764,-111.71106501335204,56,-112.56897824267608,-112.62509070991321,-116.90192831512726,1.2105691155941836,-1.7700290789111852,5.856819128012468
HDOK,PLOK,17472,47,47,-111,3,11,2,33,-115.5470895634418,-110.25371838417396,-112.69421413829015,-112.16366273720213,-112.55690721351161,-112.2209244178637,-112.09978279755326,-112.9292809110959,-112.67545555781274,-113.35329296999532,-112.88731154951633,-112.68128714118016,-113.09047181351815,-113.10648935237332,-113.35493180999082,-112.48986558339162,-111.92347558870928,-114.12309041586226,-111.40797146461456,-112.59055725663902,-114.68298838891661,-112.98136417890329,-112.76795684691916,-111.56957067538671,-112.96839677812643,-113.8169752635713,-113.57570064380013,-112.37756314619489,-113.24100973249284,-111.5716309934011,-113.65605166691584,-112.19708999225399,-112.69444525875319,56,-112.795470431284,-112.69444525875319,-115.5470895634418,0.9248586213999257,-0.28685288415342286,1.9432964036232971
HDOK,PLOK,17472,47,47,-111,3,11,2,33,-116.03905949531007,-111.76734998172799,-112.97352006521405,-109.83127768146164,-113.09973933171588,-111.81898693552968,-112.8097678033459,-113.10011320875691,-111.57749246420715,-114.13278002524126,-114.12537183841553,-113.17475981674463,-113.13697566507874,-114.17610117141247,-111.57451252569193,-112.8900384200317,-111.86429752752277,-113.0318067186717,-113.31374651418626,-111.7897833572058,-112.30844662699958,-113.68409676690754,-112.46026291467301,-112.08785308957971,-111.44052994564021,-112.54014056157722,-112.78062796198445,-112.87757915425408,-112.25111282949622,-111.9447750040504,-112.56916869514663,-112.02602528110478,-114.06959085694358,56,-112.7050815222979,-112.78062796198445,-116.03905949531007,1.1821184843259012,-0.43039045569958606,2.2400274017667736
HDOK,PLOK,17472,47,47,-111,3,11,2,33,-117.60674581913783,-110.43327599040724,-111.09956912077004,-112.4267760841809,-113.20112119649336,-112.5156230693583,-110.78101961433585,-112.5919790442291,-113.39902550144264,-112.89533036858003,-112.64201579665969,-115.13729779163991,-114.53904708975675,-113.17532020945694,-112.64294860803446,-111.79819807500368,-112.35075607570757,-111.86380918999988,-114.74857546446508,-114.32879384305929,-112.3152464937713,-111.71452112024313,-113.8060588639823,-112.92717881254413,-114.03713414923735,-111.49548320113684,-112.10616241591867,-111.86475954376083,-113.57356148641696,-113.72238369505706,-112.93131069187885,-112.72512074224603,-113.10481183464016,56,-112.9242715455622,-112.72512074224603,-117.60674581913783,1.861976048430849,-1.105660559830666,2.9466548390515217
HDOK,PLOK,17472,47,47,-111,3,11,2,33,-114.77175048427027,-113.12225374766582,-111.8300247341925,-111.2035956027928,-112.48096288377775,-111.66579820757212,-113.13169135414847,-112.81554921144208,-113.21859933447787,-113.25593951537202,-111.99986815330995,-114.80857546711356,-114.24330466650484,-111.8747241279486,-112.70122893120792,-110.45381947742204,-112.65393851955109,-112.59165350115444,-112.82273753212209,-112.67976943050348,-113.08267354112355,-113.59836765217935,-113.12241886576642,-113.83837165322205,-110.57739308077996,-114.43764624610778,-111.31761504313901,-113.81521107066949,-111.98468096965097,-113.45161763030187,-111.54820743851053,-116.0381860569032,-113.0295845312876,56,-112.85356844430885,-112.82273753212209,-116.0381860569032,1.4672758499631526,-0.27071611870154916,0.39101751530274065
HDOK,PLOK,17472,47,47,-111,3,11,2,33,-116.2508601375438,-112.11432903444084,-113.36920838850324,-114.4528352760395,-111.21566620669701,-111.93167576830687,-112.09675342859524,-112.45081499494927,-113.35789329162505,-113.42537173042302,-111.5315852790717,-111.91620562413621,-113.85889142370768,-112.8415361591856,-113.7079297537992,-112.65048560831875,-114.06454926740766,-113.07628616182959,-113.52578643952272,-110.92685540655643,-112.96035867080263,-113.98160786879701,-111.14954951050771,-111.90813987412821,-111.72089545526941,-116.44047099638153,-110.55131576462274,-111.85287838523476,-114.26543858253358,-113.59962755647919,-112.78654674034291,-113.32894376359606,-111.5586817329343,56,-112.87484770552395,-112.8415361591856,-116.44047099638153,1.812823050923436,-0.7234518987739472,0.79019378993728
HDOK,PLOK,17472,47,47,-111,3,11,2,33,-117.39989082814463,-111.087263848759,-111.68702435904369,-111.56315570866352,-112.17774925207297,-112.8741589565522,-111.90784347130553,-113.48621460310824,-112.85882779226553,-112.09595722657491,-114.55449503295878,-113.49465608068758,-113.09056595943214,-111.65990872786237,-112.98674165336833,-112.51319201753043,-111.28842691252592,-111.09679785911307,-112.58629899751136,-113.50309998582051,-111.96561488588996,-113.63143488682707,-113.58952473840932,-112.71269779985198,-113.18498691530036,-113.39821765655344,-112.3650250266682,-110.59564232255731,-111.13020533202503,-112.53515364728234,-113.60946789250801,-111.43775259281949,-113.82801254214291,56,-112.66351531854956,-112.58629899751136,-117.39989082814463,1.6118754010725573,-1.404831704560251,4.4484141099891055
HDOK,PLOK,17472,48,48,-111,3,11,2,33,-109.50693522803834,-111.97490090953725,-114.25998814147603,-113.20114450495103,-114.04324136126175,-112.57758567263907,-113.03023330676744,-112.41910663681007,-113.99863280246106,-111.96397418362862,-111.47052840937654,-111.57591783521067,-112.6931896108046,-111.3168461912048,-114.75548969610215,-112.76371487024811,-113.19211526992208,-111.43755548207304,-113.11175669978934,-113.40320650508853,-111.55825592422126,-111.7111683393715,-112.4574493603062,-112.3397790159794,-112.68124328879675,-112.98012416251429,-109.80939246167657,-114.22877848113906,-112.78044366610636,-113.60571226256283,-112.93691857118644,-110.75600254520035,-114.31694224803913,56,-112.57146283771186,-112.6931896108046,-114.75548969610215,1.4858134757818147,0.5255099896085925,0.2997850506314905
HDOK,PLOK,17472,48,48,-111,3,11,2,33,-110.89479720893124,-111.0307838660038,-115.41122278399881,-114.18033890831326,-113.71469949026054,-112.73867228085165,-114.92217022879207,-113.17747976284545,-113.35654164313502,-113.24176852284594,-112.56985525940078,-113.57722396614506,-111.96297625273411,-112.25440538528812,-112.96077197275059,-113.012304741638,-112.5902521830028,-113.93241428958804,-114.54973331142851,-111.46059994207083,-113.86870133589699,-110.97581916701668,-113.13637134545328,-114.00208930326812,-113.19292543319314,-112.11693522942456,-113.13827117062257,-112.48812573688295,-114.07528113765066,-111.95461278371843,-113.30703439776578,-111.6849504412912,-114.18300654987927,56,-113.0200950312754,-113.13827117062257,-115.41122278399881,1.2242269305325966,0.11155212480093292,-0.3474733612905321
HDOK,PLOK,17472,48,48,-111,3,11,2,33,-110.57881243993903,-113.34357807641858,-113.53311157146173,-113.31008690038068,-113.49835910844646,-112.15782997303614,-112.50209174130515,-113.27009671288793,-113.22589294122989,-112.80974065176893,-110.7174818338768,-113.24975877639127,-114.14221591567531,-111.80703054801793,-110.90018911690076,-112.46525469878415,-112.58873668490452,-112.41904618664766,-114.29829421769723,-112.76200296185156,-113.89446683524909,-111.10788426653531,-114.09240226728156,-114.16112347786539,-112.46374683380812,-112.61659078276456,-113.14270333999382,-111.93973633665766,-113.8778477070368,-112.61364601583993,-112.08636446075406,-112.32324810963813,-112.99154211933906,56,-112.75427010940557,-112.76200296185156,-114.29829421769723,0.9512493346881811,0.5321227479197773,-0.11769994268948158
HDOK,PLOK,17472,48,48,-111,3,11,2,33,-111.64641124971335,-111.77372565278473,-114.27330444034405,-112.36770270292212,-111.77059727357948,-112.93995820385415,-114.55079231842976,-113.2108430449698,-114.284020747976,-113.7779067136844,-112.50488042746646,-112.53642909235488,-111.48352367551972,-113.00753958618813,-112.74730697597317,-112.60019291144697,-110.30407715167908,-113.25623587740864,-112.36752023888836,-111.63520763922739,-111.71425096468624,-111.64599906861656,-113.93392591151482,-114.98195029579848,-111.4562465900383,-112.34422219053528,-110.80796330773553,-113.05346694002279,-112.51976916836799,-111.24484790576133,-113.83768772846202,-113.53045499462417,-113.35605191806252,56,-112.65045493662537,-112.53642909235488,-114.98195029579848,1.2258233422269658,-0.1026803034508535,-0.5004689033144625
HDOK,PLOK,17472,48,48,-111,3,11,2,33,-113.35689846969612,-111.2251409763254,-115.78143565827784,-112.03096561602366,-111.05743599505423,-112.20585283170944,-113.76434267881974,-112.17465713913487,-112.80754566458214,-112.68915140140739,-113.67887030445969,-110.37588288224707,-111.51751427428555,-112.18622399196161,-112.2120019585565,-112.41536856572907,-112.12615196764602,-112.62306494040311,-112.55266892642884,-112.35574594784259,-113.08108205967488,-113.2944186009441,-111.88932954390998,-113.38345322932233,-112.61300075102348,-113.07989500481091,-112.74758339195952,-113.32698056447173,-111.85040273209046,-111.75869669896174,-113.30284992372547,-112.46266845878615,-115.1833215482626,56,-112.63971523328887,-112.55266892642884,-115.78143565827784,1.0901059827854351,-0.8290681777261687,2.1592721353447337
HDOK,PLOK,17472,48,48,-111,3,11,2,33,-111.03688735976371,-112.0375530403895,-115.09459178212114,-112.69243115038722,-111.57324085311157,-113.55036282467466,-111.97051869893924,-113.31977021070223,-112.83588677698128,-113.58138979666317,-115.37996117240168,-112.44370378461292,-112.07948021444945,-112.17897940466312,-111.55273277353228,-112.52875505654178,-113.964710362004,-112.54949669300356,-112.80546536919869,-112.37760120710114,-114.21300783342905,-114.47457251131834,-112.65166819887484,-113.21007941588523,-114.30201545443093,-115.21922216660838,-114.03052487917209,-112.14595100522419,-111.95058514371901,-113.72735619460573,-112.33958370734507,-111.63980905325481,-113.03891551223013,56,-112.98475180628303,-112.69243115038722,-115.37996117240168,1.2312555633569875,-0.5428128247900165,-0.4626621067566581
HDOK,PLOK,17472,48,48,-111,3,11,2,33,-110.58295398095689,-113.3582946334838,-112.20970885737184,-115.31323989511084,-115.44406126167975,-112.73344352548553,-111.87790132907386,-112.9608316692901,-111.21746037087493,-111.2617543128951,-113.51696234072513,-113.77639645616856,-113.95133136232394,-111.30722044079177,-113.5122437183317,-112.78136678483239,-113.64640472105401,-112.37748114869055,-112.67414158222014,-111.73044505801589,-114.13785191709111,-113.13008774152622,-112.45195733867021,-112.24358919496935,-111.78540110115613,-113.20281335655898,-112.09110194819495,-113.3138604984331,-112.47001854972675,-112.90059761030926,-112.49635149625097,-113.00436474521226,-111.67716014508147,56,-112.76178179068359,-112.73344352548553,-115.44406126167975,1.15063885071367,-0.4662038379062225,0.5669040729955994
HDOK,PLOK,17472,48,48,-111,3,11,2,33,-110.49240667927135,-111.42654953862267,-113.98853387257833,-114.36699619341888,-113.65973471945993,-112.52025173382341,-114.1424877819678,-112.42774011481842,-112.80676237267528,-112.09714025763473,-112.55270046807081,-112.57675978339165,-112.54909596225619,-112.37057318270246,-111.50862765739964,-110.44229062248981,-111.9710725395164,-113.80041210243385,-113.89680979440766,-113.50101319195393,-114.15055836127686,-113.73405738744974,-114.10124798071874,-113.25052091210289,-112.82631802567428,-111.97546794451375,-113.87183913175988,-112.18547395519951,-113.9065843349448,-112.67146548306332,-112.98450525860814,-115.20702971267345,-110.69768398923728,56,-112.86850639533687,-112.80676237267528,-115.20702971267345,1.3161320420786515,0.3558497110854617,-0.27782118866756766
HDOK,PLOK,17472,48,48,-111,3,11,2,33,-113.55480756775349,-112.92219137355939,-113.74675574997822,-113.1819725161937,-112.33494199947597,-113.91260802433067,-114.67017575424249,-112.49645518392204,-113.67917826218248,-112.28647086680355,-111.15885388220113,-112.85833751940167,-113.11537094904902,-113.86523961530789,-111.41029045291955,-111.08267275149876,-113.75171736225323,-111.81451279828707,-113.7118717231739,-111.99350282993531,-113.50798821806995,-113.18446329047076,-112.10228873069914,-113.88397509476916,-113.29313746981751,-112.26559372189139,-111.89198177240756,-111.41826718286426,-112.93884155495385,-114.50345393114803,-112.66719168372467,-112.56289758707207,-111.93776383391513,56,-112.83956882588706,-112.92219137355939,-114.67017575424249,0.8829638434720906,0.09055989774048968,-0.805519896941147
HDOK,PLOK,17472,48,48,-111,3,11,2,33,-113.50985190830059,-112.255250177961,-113.62524610984663,-113.85978010712911,-114.96949816817063,-115.03120677576634,-110.9664164296076,-111.3945946926128,-113.30221851605899,-112.65075133509539,-112.39017989901141,-114.61428712115229,-113.408464651435,-112.22860381595417,-114.24669829458277,-111.3619608829727,-113.51206921545615,-112.7649070830553,-113.12369436888807,-111.24690541911772,-112.70913849276666,-112.57849513414908,-112.93846898132038,-112.87887853733265,-112.94615417669516,-113.29179431267883,-114.40699456784874,-111.37387890587475,-113.00222706373422,-113.59457577874322,-113.37072288086036,-112.05735334943196,-111.21721386863058,56,-112.93419639461338,-112.94615417669516,-115.03120677576634,1.141408397418352,0.012117003953748911,-0.4665755806143861
HDOK,PLOK,17472,48,48,-111,3,11,2,33,-111.00789409199233,-111.7563820229122,-114.4695491219613,-114.23063653270357,-113.78548586063016,-111.11284263065443,-112.75161919656347,-111.81967017254324,-113.32325194406215,-112.06099432868257,-112.85092548839177,-113.90921424951263,-114.08023226870077,-113.11725302339939,-113.32277047478101,-114.07222236673842,-112.89444897352831,-115.11701400411955,-113.4680348479114,-112.31028426000336,-113.1380467466917,-114.00625471869613,-111.9918088023156,-113.53009658445085,-114.52820678407606,-114.78989809138727,-112.85684075501202,-112.36264120000688,-112.90955416606307,-112.51010337228152,-112.37415295192287,-112.35034415554648,-113.20621308239747,56,-113.09136022032243,-113.11725302339939,-115.11701400411955,1.0122280716956882,0.04884380090204148,-0.467987858977124
HDOK,PLOK,17472,48,48,-111,3,11,2,33,-112.13889802889592,-110.8087054246656,-114.87646081142483,-112.82402746612976,-111.96868075052494,-112.7502270524317,-113.04749970421275,-112.98229117821023,-113.54928250288,-112.61521296765841,-113.44016391329498,-111.07407837837273,-113.39458229428374,-113.32262643138411,-112.53386622807949,-113.76613941299159,-114.10288509110383,-112.29137674196006,-112.6898009868456,-113.87909491901608,-112.61809448728395,-113.07686177484531,-112.51119123453745,-112.55564791326105,-113.58980739939705,-113.60254593285019,-111.70430786277643,-113.23942667207442,-110.60859732896056,-113.28645552702478,-111.80458109197286,-112.18727573157896,-111.98405047933217,56,-112.75226496122006,-112.7502270524317,-114.87646081142483,0.8533533354028562,0.3245775942741154,0.3375478244897123
HDOK,PLOK,17472,48,48,-111,3,11,2,33,-111.86864533369284,-112.29918180088103,-115.1162680081161,-112.83499808753422,-112.82031560249243,-113.81009741688989,-112.58416538655781,-110.58510041933918,-112.59762282732477,-113.97002120944094,-111.62121804821568,-112.30597346111784,-113.49312660440623,-112.45585567426727,-111.6139442567802,-111.73462701925605,-114.64239268892894,-112.04866364939407,-112.95766921709203,-112.69079994859155,-113.96283658930777,-111.0162471317322,-111.99964827764985,-111.97798830764192,-112.04394351834158,-114.27311301061897,-114.33331394301648,-115.22073450039277,-113.01771821293883,-113.11111891834372,-115.00658785382846,-114.13617821589486,-114.5647106282421,56,-112.99135835661423,-112.82031560249243,-115.22073450039277,1.458932375099254,-0.19665419101311998,-0.8168225759911278
HDOK,PLOK,17472,48,48,-111,3,11,2,33,-111.01563496920954,-113.61725233821812,-115.89423183126871,-113.79128936588212,-112.0079522604629,-114.25683409710385,-114.74389174271477,-112.66555127086467,-113.8476400170166,-113.43357387058637,-113.46707098540968,-113.89285482442597,-113.29556176642086,-111.64953403744639,-110.95010640327362,-113.60458270220168,-113.19976363161663,-113.87926607224011,-112.00807220882905,-111.49610560077805,-112.18512103275793,-113.36273722706416,-113.0081357507883,-111.05821441581864,-113.13695358669136,-112.1277733593307,-112.79365917931217,-112.29951031573263,-112.04132724938057,-113.6895826357939,-112.38589626648948,-111.4140626685458,-113.60889845081186,56,-112.90389824649965,-113.13695358669136,-115.89423183126871,1.2645232790382726,-0.20337451298379947,0.07413458108598325
HDOK,PLOK,17472,48,48,-111,3,11,2,33,-111.31013739392776,-112.78502284869563,-112.43048916194306,-112.71186016492794,-115.03241837078569,-112.75384149757217,-112.42129977459317,-111.69424077484148,-112.30480554554904,-113.19917879665812,-114.19598535285762,-111.78425847870162,-112.33611365108982,-110.92086292857607,-112.65093731871085,-113.05377813509142,-112.767628705935,-113.40205275774566,-113.44655145486664,-113.63408933986122,-111.80272905760799,-113.34189384869727,-112.96538167262543,-113.3338419432052,-112.37419144398703,-113.34741040315478,-113.22710824390609,-113.17634358180437,-112.93605224326805,-113.92208365512015,-111.47779845760192,-111.13405420297742,-113.14024652223382,56,-112.75802084027633,-112.78502284869563,-115.03241837078569,0.7780545141727204,0.01760033632141596,0.3810064131819084
HDOK,PLOK,17472,48,48,-111,3,11,2,33,-109.42468421121592,-113.92297820193195,-113.36725512506204,-114.2791483275309,-113.7280213939452,-112.31926726328687,-111.0112134134133,-112.51367562345015,-111.79702008443564,-114.94666049501525,-113.13257341604442,-111.64290221789379,-112.69057673819408,-112.4661803352811,-113.26368273804665,-113.15213152937001,-112.1969786327497,-113.01957024685602,-113.89235267198988,-112.37309267539369,-111.88797580792536,-113.34845192912503,-113.52731490590108,-113.49250684394723,-112.51070200101124,-112.05841227392057,-112.60240559580767,-112.84269483730631,-113.01770573022102,-114.63993070898216,-113.92409548851444,-114.11919733506193,-111.0893027828221,56,-112.85456550247433,-113.01770573022102,-114.94666049501525,1.2403453290776103,0.741810177126262,1.4344619878238567
HDOK,PLOK,17472,48,48,-111,3,11,2,33,-112.41346765961347,-110.3761302677534,-115.68190252112082,-114.04405017017355,-113.65536921382295,-112.34680709673995,-112.96663257041864,-112.78682043705113,-112.056407055748,-113.8203947711253,-112.05858686614305,-112.56584276654637,-114.92709940451496,-111.32221808961734,-111.97545623629459,-113.66139286655898,-112.3558498763466,-112.62601692046897,-113.196116913553,-114.03331386088894,-112.00164619281843,-113.58685172749253,-110.8861132052745,-113.05316237575103,-112.8537522415536,-112.04098125302744,-112.78277079846383,-113.54140458574547,-113.73877425993068,-113.16707412633883,-111.78778788983898,-113.03723952340317,-112.68593324597622,56,-112.84949596939742,-112.78682043705113,-115.68190252112082,1.1278358745291805,-0.21022563690707338,0.9161875879155796
HDOK,PLOK,17472,48,48,-111,3,11,2,33,-110.69265684681768,-111.15295419891306,-114.96137228792792,-113.83076307238652,-112.42315869125969,-113.49639519857735,-113.41897945390852,-112.15736890794709,-114.1075876647918,-113.90438772855236,-112.39508359788489,-112.52931953652148,-112.65247020875461,-113.70021625166008,-112.8556796620778,-111.51948448412405,-115.13119577304025,-114.35508978175233,-114.17315060140103,-115.23349918179325,-113.4435044777891,-113.55696056236829,-112.28960305477938,-113.22137845011774,-113.58820948819054,-113.14392295650016,-112.16755367501943,-112.95101727929827,-113.12648443699084,-111.73176317390288,-112.75737034049072,-114.13512112831674,-112.373450948763,56,-113.12658039704907,-113.14392295650016,-115.23349918179325,1.1483202651115256,0.07901665159838764,-0.14540416019761793
HDOK,PLOK,17472,48,48,-111,3,11,2,33,-112.39057239128553,-110.80756771553786,-113.18148682534834,-113.13717572124212,-113.99957288861556,-111.38454167249115,-112.38871858272026,-111.82624851745882,-114.29276233973961,-113.54970127462124,-113.32157038707362,-111.83930733118528,-113.13324051342127,-113.6033642950418,-112.4731610534058,-114.82832198738792,-112.28999003191917,-112.75392518430183,-112.70139693930354,-115.04457594466172,-113.1427305752108,-112.63877792002062,-114.11986068916922,-112.98807528134846,-112.80857769627808,-113.33237239642352,-115.58361307687848,-112.87482219038966,-112.0091002371207,-112.76745106500076,-113.52187094511888,-112.50512246344402,-112.2094670959876,56,-113.01360737058039,-112.87482219038966,-115.58361307687848,1.0080411970247642,-0.47484748924513026,0.6641265519757877
HDOK,PLOK,17472,48,48,-111,3,11,2,33,-109.4038563903938,-113.09170949840491,-114.27494449737819,-113.74391415597458,-112.90496864022849,-114.57960915409818,-112.72213140569283,-113.03023111040335,-113.03383207655176,-113.38050702138398,-112.80869545526295,-112.9754103137135,-115.13549639444929,-111.86814569252745,-113.42453299783848,-114.56656334029633,-113.23813430516817,-111.90954410125111,-111.72336947239523,-114.41652628829996,-113.13632390755058,-114.6201206452583,-110.91850940860692,-112.65845934501334,-113.12255596116756,-114.91687140215221,-112.32791586303298,-112.4361049814999,-112.98746776310982,-114.46656412157263,-113.63626981769038,-113.8297632732183,-112.32426509193758,56,-113.13979739071279,-113.09170949840491,-115.13549639444929,1.3894135657140112,0.8195080547365475,1.7694827371042101
HDOK,PLOK,17472,49,49,-111,3,11,2,33,-114.28848232543423,-110.6131219649155,-112.27078680963547,-111.8496148700232,-112.27246546809248,-112.83883921961512,-113.33448902491709,-112.16858170411722,-114.33761767725422,-111.68712601825352,-112.37217570773934,-113.78862025925967,-113.08654626267531,-113.0051395085298,-110.9995465758931,-111.18346663348542,-113.50806838313679,-111.96003703059417,-111.93094902933207,-112.88228058411488,-113.87483185058908,-115.4186456868524,-113.11805485638901,-113.53912625348707,-114.84300464351307,-112.34656661589702,-113.17943210194385,-110.93338113195036,-111.22226679272562,-113.37170636503073,-112.01604856408478,-111.93589957434205,-112.4832550644658,56,-112.68667195631181,-112.4832550644658,-115.4186456868524,1.2841861908271532,-0.3271119532307886,-0.18980673679262994
HDOK,PLOK,17472,49,49,-111,3,11,2,33,-116.29491339616189,-109.8232037328229,-112.51868619026288,-114.68817481682659,-111.43791760408354,-112.68119481510301,-110.87254528312694,-112.75104979691993,-112.33496647346195,-111.50312336590198,-114.21277818001141,-111.51060124450063,-113.38294625180583,-113.25592204357807,-111.60802367473391,-112.04685112904647,-113.17379463409463,-114.79281062637875,-112.57858477968153,-113.27163571351481,-110.71364357048152,-112.71971750236088,-114.61492100909285,-112.44359978874944,-113.40409128274965,-113.09866151995939,-113.71687913135708,-114.32831392108884,-115.09165686495831,-114.15300740780165,-110.47750228163015,-113.54024611385982,-113.59426213967195,56,-112.92837049350847,-113.09866151995939,-116.29491339616189,2.039513271596597,0.04038569948172216,-0.08400856991960426
HDOK,PLOK,17472,49,49,-111,3,11,2,33,-115.12857264669516,-112.67765572469906,-109.7881578867149,-113.52603540042686,-111.85807496669173,-115.21580655181167,-111.12117941916694,-112.38610653160214,-109.01166078401472,-113.09880375992716,-111.781095883056,-113.0341069403978,-111.18656858114643,-112.00431726076698,-111.79848847623431,-111.89376598757482,-113.08924506471597,-112.71939372578231,-112.49410080308486,-113.23856857812126,-113.43297083658642,-114.0989194836786,-111.53393918942989,-112.59149798122039,-113.46809081411705,-113.64263173162172,-111.20735460906293,-111.1554106755556,-112.74572009135787,-111.67158083297014,-113.75907155132526,-111.9067287583397,-112.99398885127513,56,-112.46241243573247,-112.59149798122039,-115.21580655181167,1.6703524074269243,0.2790363929852429,0.8918544341373198
HDOK,PLOK,17472,49,49,-111,3,11,2,33,-116.31263676750235,-110.2202467380069,-112.97286615850958,-110.13580522068116,-111.60326361366293,-111.86238593632798,-111.73193714934229,-114.28499452282357,-113.57032711055757,-112.79459206040504,-111.6039393802722,-112.08506099541664,-112.46840151636503,-111.32631676090116,-114.94013238134754,-112.5432673392584,-111.14688858362064,-112.29301531878724,-110.88150376021333,-111.84826402823364,-111.91453666318307,-113.70466989609598,-111.97999347354332,-113.02752015000223,-113.4848405397785,-113.41175374206918,-113.54717604478773,-113.49466223446471,-114.9005083943296,-114.0240483894645,-113.88781826035883,-112.05385633650806,-112.07849533626226,56,-112.67077953948736,-112.46840151636503,-116.31263676750235,1.8378408424721522,-0.4479245699643092,0.3134782704398864
HDOK,PLOK,17472,49,49,-111,3,11,2,33,-117.14274788445084,-111.85875731607092,-111.31388915040083,-110.46682085278854,-110.30160051213856,-111.3923997916211,-112.71174100418075,-112.49973479599721,-113.70197580639214,-113.49755629698033,-111.01845587501595,-112.49023748136214,-111.96020786670415,-111.93340640199902,-112.7091054378688,-113.33066733748136,-113.44373121718809,-113.18384131907436,-112.75515279294703,-112.96252765359068,-111.54303630948066,-112.66656568809154,-112.9341762241624,-112.05358950549397,-111.50607463707935,-112.10687767559303,-113.2473183724768,-113.87694817491351,-114.09005428824013,-113.90282146543676,-113.37521515287705,-112.57890631686939,-111.99486974490681,56,-112.62275788939014,-112.66656568809154,-117.14274788445084,1.5510427845365302,-1.1228033293095339,4.019511908801908
HDOK,PLOK,17472,49,49,-111,3,11,2,33,-114.36992375898436,-109.25247162488101,-111.96511329880109,-111.6649125997901,-112.91965466406522,-112.31751477710577,-111.88727815806648,-111.46832845422655,-112.5966986305272,-114.99140724629514,-111.7960724936238,-112.15134195783611,-112.1035133674671,-113.81542501218391,-112.62041807679293,-113.42782879002037,-112.81912741844012,-111.89027157327757,-113.79275817163382,-112.32284884044425,-114.66743329074275,-112.42260644867436,-112.39915293291655,-111.13341476758633,-114.97338790454565,-113.21879980482701,-113.30367382602994,-113.64766478679452,-112.35987658956533,-111.06318275151274,-112.76196358310796,-112.4311935540789,-111.88784506053979,56,-112.6194880065268,-112.42260644867436,-114.99140724629514,1.3844917508469379,0.08015573836752508,1.1109849877383549
HDOK,PLOK,17472,49,49,-111,3,11,2,33,-113.256528144471,-109.78762373311054,-111.86276986518037,-110.6699024129133,-112.64576690999499,-109.70497034091471,-112.44228614854107,-114.4672683302107,-111.87992894229896,-112.11903261106792,-113.81250745374419,-113.6758047656351,-112.59555555505393,-111.82628864557262,-112.86617138082701,-112.38859481158474,-112.21251115416386,-112.00700034362244,-111.94561896094447,-113.97834185439957,-113.28880875191864,-112.221000330886,-112.96155231030154,-113.324000062729,-113.99113380588851,-112.69888937903521,-113.23252323150878,-111.54919796767251,-115.00084759955713,-114.69986754749192,-113.19926121828537,-113.04528713594677,-112.2221849017384,56,-112.65390989718823,-112.64576690999499,-115.00084759955713,1.421986666806247,0.46664835986713593,0.7383330947956916
HDOK,PLOK,17472,49,49,-111,3,11,2,33,-115.3910944498029,-111.37304200368885,-112.34196841130274,-113.73821983174007,-113.04004959083545,-113.5133514647066,-112.2146975667739,-113.709513635771,-112.4819073070432,-113.44861430399746,-112.68664421631831,-112.43709532122749,-113.13988377079933,-112.95436039374277,-112.67337433430617,-112.12605190142688,-111.81514651215846,-112.76302360341225,-113.15779396079955,-111.42831094237546,-114.17575164695123,-113.2980348641746,-114.52326002549326,-111.4270863019211,-114.12256795035114,-114.51561986892503,-112.53956999965277,-112.93971600728483,-110.86403371592148,-111.77582800383519,-112.38596906648219,-112.99668591499197,-111.79622424627196,56,-112.8422573071056,-112.76302360341225,-115.3910944498029,1.0170896506285831,-0.35698897328447987,0.0433993282609193
HDOK,PLOK,17472,49,49,-111,3,11,2,33,-113.86624610405931,-111.06268096364529,-111.86107419924265,-111.41101853658986,-112.53701611921903,-113.15082162434513,-111.5900732451198,-113.4855678170713,-114.31390186961693,-113.94501283164102,-112.31979300057849,-113.10786137146225,-111.63829230030265,-111.6258046447359,-115.47604246927956,-111.9507903776458,-112.77654230009573,-110.76055676738059,-112.50493852860728,-112.28731730017164,-112.56327175857344,-111.68046261474727,-110.3723703148536,-112.54868114571823,-112.91342466395835,-113.17533510833212,-113.88287006984575,-113.38221508514803,-111.10598570121542,-112.05188393795737,-113.14476383645042,-113.1492736925377,-113.06471274460745,56,-112.56686675893198,-112.54868114571823,-115.47604246927956,1.1823916159359649,-0.2707856388189686,0.2727707709631888
HDOK,PLOK,17472,49,49,-111,3,11,2,33,-116.99487987466192,-109.71644230693481,-112.49116958333217,-111.08670183232856,-111.99483726461764,-112.61459032620438,-113.1129782361112,-111.47445800181414,-112.11071396026716,-111.80890912827971,-112.20762875797521,-110.08949317912615,-112.15029223511874,-113.09608458415345,-112.5835059195744,-112.84797972593982,-112.06514297137498,-111.29137424170318,-113.12216411337224,-112.81501454922464,-113.96194671480882,-112.49046181859711,-113.01301979099472,-113.31021615103056,-111.58253520560811,-112.998241962184,-112.01998979916462,-111.96328577576585,-113.94661309977954,-110.72346177329999,-113.31999868780534,-113.18560902502294,-111.64797567004328,56,-112.41932473533997,-112.49046181859711,-116.99487987466192,1.5903137484363083,-0.9968525736640017,4.403740418651177
HDOK,PLOK,17472,49,49,-111,3,11,2,33,-113.83076827882232,-110.89087922630499,-112.23422636469074,-111.45972189188689,-110.95260134257305,-112.41892361282304,-111.97373616484228,-113.22227961297628,-111.13279262868743,-111.78175496617531,-114.94164539413205,-113.3181555328385,-112.67679071494454,-112.93629792961963,-110.22975161488043,-112.63067129342652,-113.55600834497399,-111.90330049506423,-112.45978017601455,-114.39147896668445,-114.39561745909079,-113.2723793404896,-114.35805432938656,-111.52968653955993,-113.97451987002896,-111.92801647862763,-112.54958365425702,-111.73643516839651,-113.08261304367868,-113.08376368539614,-113.97615798517364,-110.85993686321132,-113.24418731854442,56,-112.63431867540007,-112.63067129342652,-114.94164539413205,1.3742497498308681,0.030010341610985033,-0.7261359484761445
HDOK,PLOK,17472,49,49,-111,3,11,2,33,-112.80796691456112,-112.04953831815175,-112.03292037059296,-111.27508682004985,-112.00625447751345,-112.42547120006007,-114.03927631273466,-113.68044432599024,-112.72991321901245,-111.22452543101389,-110.19147895472125,-113.20104907100453,-112.57364621195431,-112.62790773305117,-114.0053353592258,-111.73908011744271,-112.12526960008222,-112.37944303046845,-112.93384002367058,-113.78686180636845,-112.76758626268139,-113.21349499000131,-114.11011205032989,-112.4805088545445,-112.94686095705467,-113.14048665293834,-113.76667757155931,-114.58864242426526,-113.87711875802248,-113.21542588194785,-112.29181168700761,-112.15983043138193,-111.20382854371752,56,-112.71508164736734,-112.72991321901245,-114.58864242426526,0.9353358885935806,0.3216868404622772,0.11130418986579782
HDOK,PLOK,17472,49,49,-111,3,11,2,33,-114.88324089256429,-111.37151779052796,-111.21963279472641,-110.27580421985773,-111.71629670013893,-112.61988565290811,-112.48586277141965,-112.92285407971656,-114.23793426609767,-111.6091915281872,-112.11118024876325,-112.13245626883199,-113.99490385333527,-113.9456923980478,-112.52511651889378,-113.33983819080818,-109.87646918330984,-110.43005175545387,-113.53206650429242,-110.99528272143066,-112.8679176600969,-112.7770230517941,-112.83101737777416,-112.90865932990475,-112.1716050803495,-113.07836638098823,-113.763218808064,-111.96921177516094,-114.52443060554937,-113.74921809379556,-111.63173245873817,-114.11421846787302,-111.65769602027056,56,-112.5536240439294,-112.61988565290811,-114.88324089256429,1.5277780234351106,0.2013229509913649,-0.4978831276222948
HDOK,PLOK,17472,49,49,-111,3,11,2,33,-114.58591846866507,-111.29891877230695,-112.04537813421429,-111.21577687014748,-112.8482771280082,-111.90014520922406,-113.37445172037035,-112.30706729195525,-113.63400785790635,-113.85076126504984,-112.81033885080913,-112.77112398408617,-112.76351469877278,-112.90450286742973,-113.53972854519455,-111.13973093935299,-113.06436705932875,-113.28616182788579,-113.58260269691371,-113.38823863789997,-112.05731309621353,-111.60027225170577,-112.37803509495447,-114.24760435945396,-112.12293339797112,-112.6985329340202,-114.17734767770219,-112.4823196378892,-113.24000395457404,-112.7202328777422,-113.00128353041409,-113.22028869565094,-111.12549360185476,56,-112.76917193744451,-112.81033885080913,-114.58591846866507,0.7942212132887635,0.15154145277837566,-0.44603075996267494
HDOK,PLOK,17472,49,49,-111,3,11,2,33,-116.37486120441328,-112.41856912585145,-110.86933015976913,-112.08814060626686,-111.88156560937595,-113.71010548891692,-111.94820970693779,-112.98609468471584,-112.5099233908522,-113.79433770995708,-113.09935063923176,-113.2049958341579,-111.42426811173011,-113.29862431744489,-112.29333708287469,-112.69195308613898,-112.35310961121945,-112.39943437652896,-111.51747498864471,-113.02619682725052,-114.3629518987495,-111.83592328647356,-112.89533117276669,-114.01558985400301,-111.81801338952707,-111.97567024273008,-113.8186949657327,-113.1113940205213,-113.02427662683101,-113.10647147564259,-111.42230871620755,-112.63766984813854,-112.9295831038283,56,-112.7528412473767,-112.69195308613898,-116.37486120441328,1.0616126041388496,-1.1706799564224883,3.2761755570072704
HDOK,PLOK,17472,49,49,-111,3,11,2,33,-113.75638107962277,-110.73137871409116,-111.91122691632866,-113.19028427371381,-112.20054310414534,-111.55954222357423,-111.44125861835651,-113.2646001242516,-114.18255827622114,-112.44583403002741,-111.33387313549919,-112.41599621409725,-111.62617146689588,-112.71597143267819,-112.48325811703292,-112.68518450516589,-112.4751587325418,-112.83997659787109,-111.9906044273839,-114.93831066167688,-112.66307770143781,-113.12514473299457,-115.82272689788651,-112.70495553323524,-112.35392027279951,-112.54460121578474,-111.90611875886412,-112.42873937515704,-111.90121009254713,-111.59450531876523,-112.91122904907621,-112.49281765186923,-113.3405117829938,56,-112.60538397074504,-112.48325811703292,-115.82272689788651,1.004383266457959,-1.193670850581979,2.53867608497552
HDOK,PLOK,17472,49,49,-111,3,11,2,33,-116.87351257507662,-111.12634269447683,-111.07842594351841,-112.59924770611164,-112.45752842134702,-112.46496193551184,-113.63358213337455,-113.27139913385909,-111.99658714427487,-113.67677189594465,-113.25581843541458,-112.6913916898529,-111.22223958269497,-111.4382171435408,-111.4118938665085,-112.75949908874907,-113.10802796184718,-112.8506245623551,-113.26513050902201,-112.5752877823764,-111.94550708582929,-113.44881958804528,-114.16096780382588,-112.97376600171438,-113.20663728847778,-113.28267043492498,-111.54750249753573,-112.34092617612,-112.04821714066722,-111.62626731568332,-112.78004856461929,-114.24877476102895,-115.6297778385655,56,-112.81807190008772,-112.75949908874907,-116.87351257507662,1.4868512827714344,-1.2428082219357237,2.778333789954274
HDOK,PLOK,17472,49,49,-111,3,11,2,33,-115.2819184361195,-109.73108774547848,-113.1653410974448,-112.95521848387635,-111.98130832070875,-113.75665552242849,-112.18816808528273,-111.77951464847398,-112.81570879481112,-113.6401276469534,-111.24117303760293,-112.13909428274313,-110.97547667355259,-113.44778548065177,-112.5835230015402,-111.69833162826927,-112.51178433395285,-112.05879262797814,-112.62057862729581,-112.30288398346923,-113.69878493605738,-112.73800582750809,-113.8416569074657,-113.97647807224472,-115.39590216568308,-113.28682408304152,-111.67984656746401,-112.17082554222338,-112.73355672569429,-114.5669579516677,-111.85988703865176,-112.16932604089004,-114.86193312989437,56,-112.78346840748848,-112.62057862729581,-115.39590216568308,1.4784329081168304,-0.16502793339329366,0.4128810109220473
HDOK,PLOK,17472,49,49,-111,3,11,2,33,-115.67197860906201,-111.69220421034535,-113.35487608779475,-110.4613788350126,-112.21488286324544,-111.65427623392415,-111.16141074103857,-111.16177363686532,-112.84143031924803,-112.72951601397179,-111.80347366637417,-110.09658320125811,-113.9289557448442,-110.26487180355764,-113.6650123158638,-113.33513713992733,-113.58184452130467,-113.52570673612796,-113.16361715920407,-111.6080383721131,-113.34424248299,-114.64629638409441,-113.34347124186856,-113.17603503984209,-113.27457906286571,-113.38698627585211,-113.0135804614422,-112.60192485334632,-111.94651627089948,-112.69608375246362,-113.71024301054386,-113.60456510359252,-113.15971489931643,56,-112.72185475909697,-113.15971489931643,-115.67197860906201,1.4833593384165795,0.3025504839060568,0.2884403684853938
HDOK,PLOK,17472,49,49,-111,3,11,2,33,-112.95881656065495,-111.52330400941759,-111.3167094581858,-113.9851540571987,-112.49982382760848,-112.43757397075625,-113.40866782147825,-113.09333945809836,-112.53409335912193,-112.92233676207215,-112.8473150483199,-112.9133719289106,-112.11564223787269,-112.54659667754656,-110.44950468428345,-113.39832256030799,-112.3088968597473,-112.81299669217698,-112.7992484894152,-112.49342297716363,-113.13363626073233,-114.11193869887289,-113.98484855457728,-112.21556849603594,-113.34212804912491,-113.26139112842202,-112.77865509063469,-113.53775634938799,-112.85706129626531,-110.9024569717593,-111.34670271200741,-112.31290788662815,-115.43950386461626,56,-112.74514220604246,-112.81299669217698,-115.43950386461626,0.9163562908731162,-0.03625821483201708,1.415676019782436
HDOK,PLOK,17472,50,50,-111,2,11,2,33,-112.54599512386149,-112.7953754196887,-112.82258806569911,-113.37081871027327,-113.61981836384629,-113.76208386162642,-112.11600242290658,-112.26780421993568,-112.44506224675463,-112.89253737812449,-115.58793829257215,-113.3118056212365,-112.75685423127646,-113.36107311019889,-114.4531824156543,-113.46938146700597,-113.20886496560358,-113.98187447490835,-113.96282983315551,-110.6460047569596,-112.36289838511975,-112.46257670463835,-112.6591527206658,-112.23394526522041,-113.52771215349452,-114.70679447161837,-112.55705623557141,-112.93712006637075,-112.01452236598598,-112.26494479828821,-111.81835597793986,-112.01652948012237,-114.0549049395492,56,-112.99983056199615,-112.82258806569911,-115.58793829257215,0.8966222583813597,-0.377996673969135,1.0185905315387118
HDOK,PLOK,17472,50,50,-111,2,11,2,33,-111.50340475215894,-112.3620039830668,-113.23767112528157,-113.43672675277504,-113.28266460895024,-111.58013963157761,-113.4360344042836,-114.06431365702363,-113.05894844440643,-113.45431779436647,-111.04182955432586,-113.31256543208954,-114.40988906726986,-113.06383819252736,-112.93786242628849,-112.90173642453017,-113.24688602196369,-113.07128127062283,-113.6190747186144,-110.14811291842108,-115.19408678527508,-113.15359820839905,-112.83274055630025,-113.5176205372471,-111.54544124391083,-113.07898044948041,-112.84920630583152,-112.0153773162698,-113.1074651222887,-114.01745874218972,-111.8381820872494,-112.89769579637645,-112.43828126665596,56,-112.89864956357631,-113.07128127062283,-115.19408678527508,0.9598215038622077,0.5726954117347827,1.2548441891075819
HDOK,PLOK,17472,50,50,-111,2,11,2,33,-112.14004971805976,-113.42675298462885,-114.03138302945699,-113.8320381736857,-112.85435073122159,-112.21026748443069,-111.21532407753931,-113.72783433377677,-113.67971611667828,-114.1113572425834,-113.60374057593421,-113.76083728740316,-114.86138486942127,-112.91716402864935,-114.28674195327949,-112.90206891093952,-112.70794232618995,-111.81366110827305,-114.15055987447695,-112.80286840669658,-112.9602927811692,-110.57384458156942,-112.82962081824903,-112.22137029836247,-111.91635393433252,-114.94560714221637,-113.3377167199316,-112.61876407266763,-112.51782368469165,-112.303937736401,-113.0201077167009,-114.46424212734358,-112.82036842289516,56,-113.07776040211684,-112.91716402864935,-114.94560714221637,0.9729223629558735,0.24616581512107127,0.08590717253617841
HDOK,PLOK,17472,50,50,-111,2,11,2,33,-111.78156402698936,-112.49783976997678,-113.67329516501208,-113.68467941537384,-112.33742945549236,-114.47140161249104,-111.5789111449012,-113.76702519338343,-114.41874507571134,-112.92938778557348,-113.76505230113341,-111.16989135272394,-112.2826725073303,-111.48306876389834,-114.47537312592229,-112.72379897780607,-112.99489484739297,-112.25705991176739,-112.0025840034206,-112.65273049563433,-112.21851462827917,-111.8149068382618,-111.75593549656604,-112.10335035357201,-113.8451204711323,-112.33635155789328,-112.60423298251528,-110.84392102623656,-110.69802890688797,-111.97823686061429,-111.63930108447933,-113.25359568725798,-111.75626389275119,56,-112.53924741570853,-112.33635155789328,-114.47537312592229,1.0207912077269006,-0.3623348592448744,-0.6076995092521673
HDOK,PLOK,17472,50,50,-111,2,11,2,33,-112.43319246710242,-111.36655326251775,-113.33950924819626,-114.16581910318057,-112.21261426419652,-114.36340132677161,-112.73410241489556,-112.311530787541,-113.34803213302993,-113.61297569815687,-113.35125062294334,-113.72575534353562,-111.66190878385233,-114.97527019765096,-112.80850441738758,-113.55819838879309,-110.83177538107653,-114.09275971601596,-114.32052721350675,-111.4637162486905,-113.46079985373355,-112.61350797784864,-111.40839912309313,-112.31645175210603,-112.59479677575379,-112.84597278723577,-114.25634533773128,-113.97838364885067,-113.19584486967179,-111.20542439508513,-111.83011395327475,-112.32620257888411,-112.2269374958926,56,-112.87686598691523,-112.80850441738758,-114.97527019765096,1.0890455072678327,0.04238559415081052,-0.8165916756671581
HDOK,PLOK,17472,50,50,-111,2,11,2,33,-114.37283441458305,-114.00749520835353,-115.74660071993077,-112.0219572121389,-110.87296191218178,-110.71997007584139,-112.64029724610724,-113.94762553595378,-110.67717376234539,-113.99264870941455,-112.92965695197749,-113.47993328377791,-112.14998726390246,-113.50064014672682,-113.78244678347058,-112.26580008350038,-112.07407777996784,-113.79444634478212,-114.27655151172735,-112.97709414520702,-114.54791491529896,-112.18714594879897,-113.96082475491107,-114.66544317209149,-112.92449301098672,-112.88285547124418,-112.51469250500251,-113.6000824128438,-112.23611528439893,-112.06512084885654,-113.22497008255675,-112.79616463264753,-113.24229973999466,56,-113.06297945065218,-112.97709414520702,-115.74660071993077,1.29865727193004,0.1698376214112342,0.12084564690254229
HDOK,PLOK,17472,50,50,-111,2,11,2,33,-112.716999017978,-113.47988029129799,-113.252945453596,-112.8351757711427,-112.80309276129061,-112.21590958976293,-114.21515430484227,-114.11955712599529,-114.27463511749325,-113.67519895239569,-114.75068376381728,-112.63250530922735,-113.23813308751542,-112.74095268075791,-110.06363604860603,-113.9671552351917,-115.04574399954775,-113.07276120087646,-113.09318798792346,-112.1157170268519,-111.81584546720815,-112.44611164043346,-112.3156020543574,-112.65255550804113,-112.45793565419667,-112.15456597916375,-113.21297622232223,-114.95019759544915,-112.98111618211856,-114.2802636378483,-112.44236105974088,-114.27006062350885,-110.64208070631602,56,-113.05850597141863,-112.98111618211856,-115.04574399954775,1.2089000463166668,0.42343138079737086,0.7426803792213001
HDOK,PLOK,17472,50,50,-111,2,11,2,33,-112.74104832333421,-113.72017800184736,-113.73735833288313,-112.67792639133438,-113.71027270891624,-113.51958915783702,-114.29458528255368,-113.32238878075648,-113.0568040223825,-113.44730498105072,-113.01374388938441,-113.88236802707972,-113.43754159592443,-111.96310850303135,-111.85770525614518,-111.79959424869686,-111.7052730147332,-114.53674063134943,-112.71990208623706,-111.93351858202838,-112.21515109482989,-113.65482878214725,-112.03905620899816,-113.09215175081002,-114.14790198566408,-113.94354616904454,-113.7409657295043,-111.87953145528088,-114.29853142151966,-111.75840894304514,-111.47356094293009,-112.34439971235973,-112.33761122562191,56,-112.96977567391701,-113.0568040223825,-114.53674063134943,0.8006359861498408,0.045175942877656056,-1.3337228688811387
HDOK,PLOK,17472,50,50,-111,2,11,2,33,-112.20872984483074,-113.1217348146476,-115.01852834486967,-113.07794729430657,-112.88742955458267,-113.87827448159837,-113.43078089383452,-115.29528985275857,-112.13638781902361,-113.26090951739775,-112.25049137146998,-112.87841869653042,-112.731613398533,-114.07626632979182,-111.94102313498207,-112.79163550288183,-113.36111062025714,-113.12138130243406,-113.40135353623162,-112.0706595374804,-112.98585158824622,-112.98148873150575,-112.2039991616452,-112.36678917248038,-112.24781719037823,-113.09421459168776,-113.62207810196756,-112.75719230701127,-113.63968313822585,-113.372695465526,-112.88265564112886,-112.97034816475279,-114.36357035068667,56,-113.10388937738438,-112.98585158824622,-115.29528985275857,0.6071697189001408,-0.972272618026431,1.217581111131023
HDOK,PLOK,17472,50,50,-111,2,11,2,33,-111.80559501388056,-111.70991700841175,-112.84762456297618,-113.1685984283308,-112.79415315293629,-112.69370808066881,-112.06738448800003,-112.42681189597009,-114.5213299768911,-112.76377421525649,-113.64460027333574,-113.79703134357025,-113.2912873988498,-115.7835820407762,-113.47652722496046,-113.79461053638542,-113.9096860968104,-113.00812325722079,-112.55883238677669,-114.61955338217803,-113.26269608060515,-113.68158211349139,-112.68581863042564,-112.58611530122771,-113.11185561723505,-113.5743552642806,-112.38955068562177,-112.85663224097965,-111.83407421531226,-114.03819309347034,-111.79766770217141,-113.11723415529683,-112.20172006627355,56,-113.08546139183568,-113.00812325722079,-115.7835820407762,0.78990595617997,-0.7823908057148151,1.1667509793850361
HDOK,PLOK,17472,50,50,-111,2,11,2,33,-111.54456524067052,-112.52242403427401,-114.04162168590273,-111.56802487470068,-113.01822645526995,-113.58155521888814,-112.78340089036992,-111.23895856750651,-114.1603563787703,-114.22155186052841,-111.03799176040314,-113.43300713200668,-113.5707482884207,-113.47951216712443,-113.12554820374977,-113.4722889896364,-113.4293468140847,-113.00165147762895,-113.81283829155701,-113.50523270728272,-111.00597725936002,-111.82817895313563,-113.72107238576379,-113.97078087621267,-113.29761142664002,-113.36673049275065,-112.09336555963021,-112.8757631628263,-111.65847932466245,-113.46440004225359,-113.62796918116683,-114.12496545032258,-112.572611533008,56,-112.97444717231845,-113.36673049275065,-114.22155186052841,0.8923486743308168,0.7760230972190952,-0.5560959771831251
HDOK,PLOK,17472,50,50,-111,2,11,2,33,-111.07348974613532,-112.74034780652418,-113.97710319976566,-112.99042775890314,-113.73586090892698,-112.6972932294658,-113.43027756316614,-111.24820141064995,-114.50706206584745,-114.31656798046886,-112.05260753683785,-112.70734944353073,-113.27781343055753,-111.74027872444782,-112.01544705363855,-110.56172507848963,-114.34280805134529,-113.37257696548771,-114.2397875612131,-113.19611565929422,-113.83499701034813,-114.16656752946982,-112.54244318800339,-113.39661010034935,-113.90284855665593,-114.30215880212845,-113.40732815905534,-113.8698702847428,-110.30354943163503,-112.1202777046082,-112.26688421130456,-112.08712635614941,-112.34870939633176,56,-112.93250036077205,-113.19611565929422,-114.50706206584745,1.2500635139428269,0.611837398571998,-0.3394408391411088
HDOK,PLOK,17472,50,50,-111,2,11,2,33,-110.8020306187227,-113.30124692711014,-113.91341371242814,-112.45671474929239,-111.34766967892189,-114.08030744065982,-114.49374747367854,-111.88438859322918,-112.86152582478122,-113.20546924786792,-112.93032861412111,-113.6437867971987,-112.68016159302856,-111.3667583157111,-113.67531330334533,-114.74396205493484,-113.4008109934646,-112.48504685935353,-113.6219450634062,-113.39422551742133,-112.64038351980342,-112.89278683538608,-112.67490165128416,-112.6037643216299,-113.23197052973256,-113.8719042787378,-111.23795029455955,-113.14106177115328,-110.60627598875175,-113.3455838437396,-113.13296318921283,-112.91046236139913,-114.43691965082499,56,-112.93987217014826,-113.13296318921283,-114.74396205493484,1.0091863279801037,0.6015604682413769,0.12701812832574877
HDOK,PLOK,17472,50,50,-111,2,11,2,33,-111.1432393691898,-112.72070016893288,-114.13715576039691,-112.40956572222146,-112.87754028456665,-112.48054190120409,-111.94170270560448,-113.38318929946514,-114.99443139945313,-115.22957765594664,-114.67389577152929,-113.23472477368102,-112.76137981659616,-110.05498993848693,-111.76088105916374,-111.19693168402748,-112.75648346397573,-113.66242602396602,-113.08545737978422,-111.8628891779074,-114.11208137786639,-113.28044167627232,-112.77102642876622,-113.55854745807143,-112.97415841425546,-115.11718395074578,-112.34191890956859,-112.78550132471678,-111.91224185770318,-114.87552665023463,-113.3532163265847,-114.26925456402218,-112.31712867688456,56,-113.03139184763005,-112.87754028456665,-115.22957765594664,1.4349109427004216,0.07111931237500091,0.00547288112046207
HDOK,PLOK,17472,50,50,-111,2,11,2,33,-111.27091705182613,-113.7840980980219,-113.38162089236342,-113.81088910296688,-112.36812820441016,-114.78649785485736,-111.66191626172352,-112.05691806097933,-114.47503424023634,-113.22836562325176,-113.2095363877272,-112.75917312547769,-112.92791652717446,-113.26716514389365,-114.13893376058425,-114.2280382883789,-112.80595861765647,-114.0416688368385,-111.17149253158088,-112.27808200904116,-112.85017826637349,-113.54942608350952,-111.91266505467287,-112.05520211278161,-111.83348646626088,-110.98361814844274,-114.55452372240853,-112.79057071266499,-112.19835559692491,-112.42984996896716,-113.03877907834003,-111.59576903710092,-111.98350629221068,56,-112.83116003514087,-112.80595861765647,-114.78649785485736,1.0362778182852292,-0.12858061605335067,-0.8458380892651745
HDOK,PLOK,17472,50,50,-111,2,11,2,33,-113.59702671891786,-115.16784337891545,-111.10180892473834,-112.36139337994977,-112.56744941474217,-111.38691690039744,-113.29931002901685,-112.19307445834959,-112.20276011068896,-114.16086693693434,-113.26028590155006,-113.4896985834125,-113.91000119708227,-111.81927828343466,-113.8388228888887,-111.61542543128648,-113.59671926137955,-111.74936786704511,-114.251350625937,-111.71398739357434,-111.16334122669493,-112.04115981154783,-111.42985895135955,-112.60974572487233,-113.10440761794014,-112.19181104227529,-112.55194578775502,-113.1958607589258,-112.3358569473919,-112.51868800028991,-112.39650024436646,-114.68441087290259,-111.8261225961272,56,-112.70706355359668,-112.51868800028991,-115.16784337891545,1.0637635068685887,-0.5051993204483654,-0.4619140112189086
HDOK,PLOK,17472,50,50,-111,2,11,2,33,-112.39262980851755,-113.26220315680001,-114.88738847779878,-112.19959492267385,-113.84122161461784,-112.7820014960834,-113.15929508619107,-111.71918269877442,-113.05635044638063,-114.20654042885818,-112.47833157401976,-114.39734063536673,-112.04844494689738,-113.43527481851984,-112.37111019232518,-114.18056187686983,-111.99488751719119,-112.75991095538276,-112.54780007259086,-114.11102538211009,-114.2996760892165,-112.70298114892294,-112.95643921048628,-112.51864263326779,-111.66829063001707,-113.89550041560756,-112.9575589532974,-112.48726670068874,-113.3939224561201,-114.79241450548334,-114.74185694402621,-113.6675002546107,-112.25508733360232,56,-113.15661313282777,-112.9575589532974,-114.88738847779878,0.8357628543958081,-0.32783047305028074,-0.9788751487601983
HDOK,PLOK,17472,50,50,-111,2,11,2,33,-109.78030608442772,-112.70708501763657,-114.48818065317866,-112.71473855578505,-112.68250525509231,-112.8561871788955,-111.95548750092475,-111.38861175725216,-114.02047179910112,-113.44801967865233,-114.05233488034706,-112.33483395714765,-113.98752435397829,-110.52467284790546,-113.63845321140704,-111.8180001383305,-113.80829473611368,-114.47318516004559,-113.42585097126359,-113.64743458155479,-113.69003212019157,-112.3139381003414,-112.98686283793256,-113.64603576143664,-114.0877226430385,-114.53263738776083,-113.12403827076704,-112.11356777606532,-112.62823132944897,-113.55397015465914,-110.89533869252752,-112.85263972879571,-112.31418133202402,56,-112.9239810440615,-112.98686283793256,-114.53263738776083,1.2895241078210444,0.8748259829206958,0.6025532107507696
HDOK,PLOK,17472,50,50,-111,2,11,2,33,-114.45660059581155,-112.4755793165495,-114.75654730757336,-111.79267586507362,-113.44947677738898,-113.11793297285891,-112.72131539355703,-112.80319253675681,-115.30482203354916,-114.33329955349068,-112.59744141921352,-114.07182365785766,-114.00989344499234,-112.73381501480438,-110.73937138781626,-111.74760890603315,-114.92853036988078,-113.60185383047958,-112.56711690637708,-112.53771047333937,-112.40690161803359,-114.14033545775061,-111.96257650258626,-112.98024832268058,-113.66063260145091,-113.09951236014567,-112.23451774569035,-113.28774626065629,-113.0600906384974,-111.21987245569218,-112.9974697975885,-113.48814827817012,-111.98045142948321,56,-113.06863973429785,-112.9974697975885,-115.30482203354916,1.0928403408848362,-0.08772824574669554,-0.17251071663376205
HDOK,PLOK,17472,50,50,-111,2,11,2,33,-112.0756105593076,-111.74820340133205,-112.43562271371522,-112.33914114218486,-113.27392373880397,-114.46843314148555,-111.39374267448339,-114.14818324008029,-114.18506651235816,-112.75925875629949,-113.55683803835936,-112.90084687815495,-111.89946588228698,-111.55410454047579,-113.24221134529411,-112.58556194889618,-112.22390958154665,-112.8908500592333,-112.21440390319228,-114.01553090309727,-114.51214307416421,-112.0047820082948,-113.11281396484682,-111.76446677322134,-111.4694699560257,-111.13379443758251,-112.8881489327159,-114.40776516975362,-111.48798632722942,-112.06584916393251,-113.8610840452733,-113.61344670996847,-113.05574062942988,56,-112.7663151561523,-112.75925875629949,-114.51214307416421,0.9696092154343424,-0.2522229413241702,-1.0578597897421917
