rssi,average_rssi,rssi_variance,snr,average_snr,sf,tp,location_id
-0.7866666666666666,-0.8533333333333334,0.01604824695901053,0.34285714285714286,-12.0,11.0,2.0,0.0
-0.7866666666666666,-0.8733333333333333,0.015332720024532355,0.2571428571428571,-15.0,11.0,2.0,0.0
-0.7866666666666666,-0.8666666666666667,0.01512828375753859,0.3142857142857143,-13.0,11.0,2.0,0.0
-0.7666666666666667,-0.8533333333333334,0.01604824695901053,0.34285714285714286,-12.0,11.0,2.0,0.0
-0.7866666666666666,-0.86,0.022181334968823473,0.3142857142857143,-13.0,11.0,2.0,0.0
-0.78,-0.86,0.011448430951650821,0.3142857142857143,-13.0,11.0,2.0,0.0
-0.7733333333333333,-0.8533333333333334,0.013492793621588468,0.34285714285714286,-12.0,11.0,2.0,0.0
-0.7733333333333333,-0.86,0.017070428293979357,0.3142857142857143,-13.0,11.0,2.0,0.0
-0.7666666666666667,-0.86,0.012777266687110298,0.3142857142857143,-13.0,11.0,2.0,0.0
-0.7666666666666667,-0.86,0.016150465092507414,0.3142857142857143,-13.0,11.0,2.0,0.0
-0.78,-0.86,0.009404068281713177,0.34285714285714286,-12.0,11.0,2.0,0.0
-0.7733333333333333,-0.86,0.008995195747725648,0.3142857142857143,-13.0,11.0,2.0,0.0
-0.78,-0.8533333333333334,0.017581518961463767,0.34285714285714286,-12.0,11.0,2.0,0.0
-0.7666666666666667,-0.8666666666666667,0.01604824695901053,0.2857142857142857,-14.0,11.0,2.0,0.0
-0.78,-0.8533333333333334,0.011959521619135237,0.34285714285714286,-12.0,11.0,2.0,0.0
-0.7866666666666666,-0.86,0.007973014412756824,0.3142857142857143,-13.0,11.0,2.0,0.0
-0.7866666666666666,-0.8533333333333334,0.01604824695901053,0.34285714285714286,-12.0,11.0,2.0,0.0
-0.7866666666666666,-0.8733333333333333,0.014003884289072881,0.2857142857142857,-14.0,11.0,2.0,0.0
-0.7733333333333333,-0.8533333333333334,0.016661555759991828,0.34285714285714286,-12.0,11.0,2.0,0.0
-0.78,-0.8533333333333334,0.006950833077788,0.34285714285714286,-12.0,11.0,2.0,0.0
-0.78,-0.86,0.009404068281713177,0.34285714285714286,-12.0,11.0,2.0,0.0
-0.7866666666666666,-0.8533333333333334,0.012777266687110298,0.34285714285714286,-12.0,11.0,2.0,0.0
-0.78,-0.86,0.008995195747725648,0.3142857142857143,-13.0,11.0,2.0,0.0
-0.78,-0.86,0.011448430951650821,0.3142857142857143,-13.0,11.0,2.0,0.0
-0.7933333333333333,-0.8666666666666667,0.013083921087600946,0.2857142857142857,-14.0,11.0,2.0,0.0
-0.78,-0.8666666666666667,0.011039558417663296,0.2857142857142857,-14.0,11.0,2.0,0.0
-0.7733333333333333,-0.8533333333333334,0.01604824695901053,0.34285714285714286,-12.0,11.0,2.0,0.0
-0.78,-0.8533333333333334,0.011550649085147706,0.34285714285714286,-12.0,11.0,2.0,0.0
-0.7933333333333333,-0.86,0.015332720024532358,0.3142857142857143,-13.0,11.0,2.0,0.0
-0.7866666666666666,-0.8666666666666667,0.007461923745272413,0.2857142857142857,-14.0,11.0,2.0,0.0
-0.78,-0.8533333333333334,0.016661555759991828,0.34285714285714286,-12.0,11.0,2.0,0.0
-0.7733333333333333,-0.8533333333333334,0.006950833077788,0.34285714285714286,-12.0,11.0,2.0,0.0
-0.7733333333333333,-0.8533333333333334,0.01604824695901053,0.34285714285714286,-12.0,11.0,2.0,0.0
-0.78,-0.8533333333333334,0.01604824695901053,0.34285714285714286,-12.0,11.0,2.0,0.0
-0.7933333333333333,-0.8733333333333333,0.014106102422569766,0.2571428571428571,-15.0,11.0,2.0,0.0
-0.7866666666666666,-0.8666666666666667,0.011039558417663296,0.2857142857142857,-14.0,11.0,2.0,0.0
-0.7733333333333333,-0.8666666666666667,0.020239190432382707,0.2857142857142857,-14.0,11.0,2.0,0.0
-0.7866666666666666,-0.86,0.01257283042011653,0.3142857142857143,-13.0,11.0,2.0,0.0
-0.78,-0.86,0.008995195747725648,0.3142857142857143,-13.0,11.0,2.0,0.0
-0.7733333333333333,-0.86,0.022181334968823473,0.3142857142857143,-13.0,11.0,2.0,0.0
-0.78,-0.86,0.009404068281713177,0.34285714285714286,-12.0,11.0,2.0,0.0
-0.7866666666666666,-0.8533333333333334,0.016661555759991828,0.34285714285714286,-12.0,11.0,2.0,0.0
-0.7733333333333333,-0.8733333333333333,0.017070428293979357,0.2571428571428571,-15.0,11.0,2.0,0.0
-0.78,-0.8533333333333334,0.013492793621588468,0.34285714285714286,-12.0,11.0,2.0,0.0
-0.7933333333333333,-0.86,0.022181334968823473,0.3142857142857143,-13.0,11.0,2.0,0.0
-0.78,-0.86,0.008892977614228765,0.3142857142857143,-13.0,11.0,2.0,0.0
-0.78,-0.8533333333333334,0.01604824695901053,0.34285714285714286,-12.0,11.0,2.0,0.0
-0.78,-0.8533333333333334,0.007461923745272413,0.34285714285714286,-12.0,11.0,2.0,0.0
-0.78,-0.86,0.007973014412756824,0.3142857142857143,-13.0,11.0,2.0,0.0
-0.7866666666666666,-0.8666666666666667,0.01512828375753859,0.3142857142857143,-13.0,11.0,2.0,0.0
-0.7866666666666666,-0.8533333333333334,0.01604824695901053,0.34285714285714286,-12.0,11.0,2.0,0.0
-0.78,-0.8666666666666667,0.01604824695901053,0.2857142857142857,-14.0,11.0,2.0,0.0
-0.7733333333333333,-0.86,0.016150465092507414,0.3142857142857143,-13.0,11.0,2.0,0.0
-0.7666666666666667,-0.8733333333333333,0.014106102422569766,0.2571428571428571,-15.0,11.0,2.0,0.0
-0.78,-0.8533333333333334,0.01604824695901053,0.34285714285714286,-12.0,11.0,2.0,0.0
-0.7866666666666666,-0.86,0.01512828375753859,0.3142857142857143,-13.0,11.0,2.0,0.0
-0.78,-0.86,0.01512828375753859,0.3142857142857143,-13.0,11.0,2.0,0.0
-0.78,-0.8666666666666667,0.007461923745272413,0.2857142857142857,-14.0,11.0,2.0,0.0
-0.78,-0.8533333333333334,0.006950833077788,0.34285714285714286,-12.0,11.0,2.0,0.0
-0.7733333333333333,-0.8666666666666667,0.015332720024532355,0.2857142857142857,-14.0,11.0,2.0,0.0
-0.7733333333333333,-0.86,0.01768373709496065,0.3142857142857143,-13.0,11.0,2.0,0.0
-0.7733333333333333,-0.86,0.011448430951650821,0.3142857142857143,-13.0,11.0,2.0,0.0
-0.7733333333333333,-0.86,0.01257283042011653,0.3142857142857143,-13.0,11.0,2.0,0.0
-0.7866666666666666,-0.8466666666666667,0.012061739752632118,0.37142857142857144,-11.0,11.0,2.0,0.0
-0.78,-0.84,0.008892977614228765,0.4,-10.0,11.0,2.0,0.0
-0.7666666666666667,-0.86,0.01768373709496065,0.3142857142857143,-13.0,11.0,2.0,0.0
-0.7866666666666666,-0.86,0.011959521619135237,0.3142857142857143,-13.0,11.0,2.0,0.0
-0.7733333333333333,-0.86,0.022181334968823473,0.3142857142857143,-13.0,11.0,2.0,0.0
-0.7866666666666666,-0.8666666666666667,0.01512828375753859,0.3142857142857143,-13.0,11.0,2.0,0.0
-0.78,-0.86,0.012777266687110298,0.3142857142857143,-13.0,11.0,2.0,0.0
-0.7866666666666666,-0.86,0.015332720024532355,0.3142857142857143,-13.0,11.0,2.0,0.0
-0.7733333333333333,-0.86,0.011959521619135237,0.3142857142857143,-13.0,11.0,2.0,0.0
-0.78,-0.8533333333333334,0.006950833077788,0.34285714285714286,-12.0,11.0,2.0,0.0
-0.78,-0.8733333333333333,0.017070428293979357,0.2571428571428571,-15.0,11.0,2.0,0.0
-0.78,-0.8666666666666667,0.020239190432382707,0.2857142857142857,-14.0,11.0,2.0,0.0
-0.7933333333333333,-0.8533333333333334,0.013492793621588468,0.34285714285714286,-12.0,11.0,2.0,0.0
-0.78,-0.8533333333333334,0.006950833077788,0.34285714285714286,-12.0,11.0,2.0,0.0
-0.7866666666666666,-0.8666666666666667,0.01604824695901053,0.2857142857142857,-14.0,11.0,2.0,0.0
-0.7733333333333333,-0.8533333333333334,0.006950833077788,0.34285714285714286,-12.0,11.0,2.0,0.0
-0.7866666666666666,-0.8733333333333333,0.014106102422569766,0.2571428571428571,-15.0,11.0,2.0,0.0
-0.78,-0.8733333333333333,0.015332720024532355,0.2571428571428571,-15.0,11.0,2.0,0.0
-0.78,-0.8666666666666667,0.009506286415210058,0.3142857142857143,-13.0,11.0,2.0,0.0
-0.7866666666666666,-0.86,0.008892977614228765,0.3142857142857143,-13.0,11.0,2.0,0.0
-0.78,-0.8666666666666667,0.011039558417663296,0.2857142857142857,-14.0,11.0,2.0,0.0
-0.7866666666666666,-0.86,0.011039558417663296,0.3142857142857143,-13.0,11.0,2.0,0.0
-0.7733333333333333,-0.86,0.008995195747725648,0.3142857142857143,-13.0,11.0,2.0,0.0
-0.78,-0.8733333333333333,0.014106102422569766,0.2571428571428571,-15.0,11.0,2.0,0.0
-0.78,-0.8666666666666667,0.015332720024532355,0.2857142857142857,-14.0,11.0,2.0,0.0
-0.7866666666666666,-0.86,0.017070428293979357,0.3142857142857143,-13.0,11.0,2.0,0.0
-0.7733333333333333,-0.8666666666666667,0.015332720024532355,0.2857142857142857,-14.0,11.0,2.0,0.0
-0.7733333333333333,-0.8533333333333334,0.016661555759991828,0.34285714285714286,-12.0,11.0,2.0,0.0
-0.7666666666666667,-0.8733333333333333,0.008892977614228765,0.2857142857142857,-14.0,11.0,2.0,0.0
-0.7866666666666666,-0.8533333333333334,0.01604824695901053,0.34285714285714286,-12.0,11.0,2.0,0.0
-0.7733333333333333,-0.8533333333333334,0.01604824695901053,0.34285714285714286,-12.0,11.0,2.0,0.0
-0.7733333333333333,-0.86,0.01768373709496065,0.3142857142857143,-13.0,11.0,2.0,0.0
-0.78,-0.86,0.008892977614228765,0.3142857142857143,-13.0,11.0,2.0,0.0
-0.7866666666666666,-0.8666666666666667,0.010426249616682003,0.3142857142857143,-13.0,11.0,2.0,0.0
-0.7866666666666666,-0.8666666666666667,0.010426249616682003,0.3142857142857143,-13.0,11.0,2.0,0.0
-0.78,-0.8733333333333333,0.014003884289072881,0.2857142857142857,-14.0,11.0,2.0,0.0
-0.7733333333333333,-0.86,0.011039558417663296,0.3142857142857143,-13.0,11.0,2.0,0.0
-0.78,-0.86,0.012777266687110296,0.3142857142857143,-13.0,11.0,2.0,0.0
-0.78,-0.8733333333333333,0.014003884289072881,0.2857142857142857,-14.0,11.0,2.0,0.0
-0.7866666666666666,-0.8666666666666667,0.013083921087600946,0.2857142857142857,-14.0,11.0,2.0,0.0
-0.78,-0.8733333333333333,0.014106102422569766,0.2571428571428571,-15.0,11.0,2.0,0.0
-0.7866666666666666,-0.86,0.01512828375753859,0.3142857142857143,-13.0,11.0,2.0,0.0
-0.7933333333333333,-0.86,0.01512828375753859,0.3142857142857143,-13.0,11.0,2.0,0.0
-0.7733333333333333,-0.8533333333333334,0.012777266687110298,0.34285714285714286,-12.0,11.0,2.0,0.0
-0.78,-0.86,0.01257283042011653,0.3142857142857143,-13.0,11.0,2.0,0.0
-0.7866666666666666,-0.8533333333333334,0.012777266687110298,0.34285714285714286,-12.0,11.0,2.0,0.0
-0.7733333333333333,-0.86,0.008892977614228765,0.3142857142857143,-13.0,11.0,2.0,0.0
-0.7933333333333333,-0.86,0.015332720024532355,0.3142857142857143,-13.0,11.0,2.0,0.0
-0.78,-0.86,0.017070428293979357,0.3142857142857143,-13.0,11.0,2.0,0.0
-0.78,-0.8533333333333334,0.01604824695901053,0.34285714285714286,-12.0,11.0,2.0,0.0
-0.7733333333333333,-0.86,0.009404068281713177,0.34285714285714286,-12.0,11.0,2.0,0.0
-0.7733333333333333,-0.86,0.01257283042011653,0.3142857142857143,-13.0,11.0,2.0,0.0
-0.7733333333333333,-0.8666666666666667,0.01604824695901053,0.2857142857142857,-14.0,11.0,2.0,0.0
-0.78,-0.8533333333333334,0.01604824695901053,0.34285714285714286,-12.0,11.0,2.0,0.0
-0.78,-0.8533333333333334,0.007461923745272413,0.34285714285714286,-12.0,11.0,2.0,0.0
-0.78,-0.86,0.008892977614228765,0.3142857142857143,-13.0,11.0,2.0,0.0
-0.78,-0.86,0.008892977614228765,0.3142857142857143,-13.0,11.0,2.0,0.0
-0.7866666666666666,-0.86,0.011448430951650821,0.3142857142857143,-13.0,11.0,2.0,0.0
-0.7866666666666666,-0.86,0.011448430951650821,0.3142857142857143,-13.0,11.0,2.0,0.0
-0.7866666666666666,-0.8666666666666667,0.015332720024532355,0.2857142857142857,-14.0,11.0,2.0,0.0
-0.78,-0.8533333333333334,0.013492793621588468,0.34285714285714286,-12.0,11.0,2.0,0.0
-0.7866666666666666,-0.8533333333333334,0.01604824695901053,0.34285714285714286,-12.0,11.0,2.0,0.0
-0.78,-0.8733333333333333,0.015332720024532355,0.2571428571428571,-15.0,11.0,2.0,0.0
-0.78,-0.86,0.01512828375753859,0.3142857142857143,-13.0,11.0,2.0,0.0
-0.7866666666666666,-0.8533333333333334,0.016661555759991828,0.34285714285714286,-12.0,11.0,2.0,0.0
-0.78,-0.8533333333333334,0.014514974956557297,0.34285714285714286,-12.0,11.0,2.0,0.0
-0.7866666666666666,-0.86,0.01257283042011653,0.3142857142857143,-13.0,11.0,2.0,0.0
-0.7866666666666666,-0.86,0.011039558417663296,0.3142857142857143,-13.0,11.0,2.0,0.0
-0.7866666666666666,-0.8733333333333333,0.014106102422569766,0.2571428571428571,-15.0,11.0,2.0,0.0
-0.7866666666666666,-0.86,0.01257283042011653,0.3142857142857143,-13.0,11.0,2.0,0.0
-0.7866666666666666,-0.8733333333333333,0.014106102422569766,0.2571428571428571,-15.0,11.0,2.0,0.0
-0.7733333333333333,-0.8733333333333333,0.008892977614228765,0.2857142857142857,-14.0,11.0,2.0,0.0
-0.7733333333333333,-0.8733333333333333,0.008892977614228765,0.2857142857142857,-14.0,11.0,2.0,0.0
-0.7866666666666666,-0.86,0.01512828375753859,0.3142857142857143,-13.0,11.0,2.0,0.0
-0.78,-0.86,0.01512828375753859,0.3142857142857143,-13.0,11.0,2.0,0.0
-0.78,-0.86,0.01257283042011653,0.3142857142857143,-13.0,11.0,2.0,0.0
-0.7733333333333333,-0.8666666666666667,0.009506286415210058,0.3142857142857143,-13.0,11.0,2.0,0.0
-0.7733333333333333,-0.8533333333333334,0.007461923745272413,0.34285714285714286,-12.0,11.0,2.0,0.0
-0.7866666666666666,-0.86,0.012777266687110296,0.3142857142857143,-13.0,11.0,2.0,0.0
-0.78,-0.86,0.011039558417663296,0.3142857142857143,-13.0,11.0,2.0,0.0
-0.78,-0.86,0.008892977614228765,0.3142857142857143,-13.0,11.0,2.0,0.0
-0.78,-0.86,0.016150465092507414,0.3142857142857143,-13.0,11.0,2.0,0.0
-0.7733333333333333,-0.86,0.011959521619135237,0.3142857142857143,-13.0,11.0,2.0,0.0
-0.78,-0.8666666666666667,0.009506286415210058,0.3142857142857143,-13.0,11.0,2.0,0.0
-0.7733333333333333,-0.86,0.019114790963917,0.3142857142857143,-13.0,11.0,2.0,0.0
-0.78,-0.86,0.009404068281713177,0.34285714285714286,-12.0,11.0,2.0,0.0
-0.78,-0.86,0.008892977614228765,0.3142857142857143,-13.0,11.0,2.0,0.0
-0.7866666666666666,-0.8666666666666667,0.013083921087600946,0.2857142857142857,-14.0,11.0,2.0,0.0
-0.78,-0.86,0.017070428293979357,0.3142857142857143,-13.0,11.0,2.0,0.0
-0.7866666666666666,-0.8733333333333333,0.014003884289072881,0.2857142857142857,-14.0,11.0,2.0,0.0
-0.7866666666666666,-0.8733333333333333,0.015332720024532355,0.2571428571428571,-15.0,11.0,2.0,0.0
-0.7933333333333333,-0.8466666666666667,0.012061739752632118,0.37142857142857144,-11.0,11.0,2.0,0.0
-0.78,-0.86,0.008892977614228765,0.3142857142857143,-13.0,11.0,2.0,0.0
-0.78,-0.8733333333333333,0.014003884289072881,0.2857142857142857,-14.0,11.0,2.0,0.0
-0.7866666666666666,-0.86,0.01512828375753859,0.3142857142857143,-13.0,11.0,2.0,0.0
-0.7866666666666666,-0.86,0.017070428293979357,0.3142857142857143,-13.0,11.0,2.0,0.0
-0.7933333333333333,-0.8666666666666667,0.013083921087600946,0.2857142857142857,-14.0,11.0,2.0,0.0
-0.7933333333333333,-0.86,0.01257283042011653,0.3142857142857143,-13.0,11.0,2.0,0.0
-0.78,-0.8733333333333333,0.014106102422569766,0.2571428571428571,-15.0,11.0,2.0,0.0
-0.7866666666666666,-0.86,0.016150465092507414,0.3142857142857143,-13.0,11.0,2.0,0.0
-0.7666666666666667,-0.86,0.01512828375753859,0.3142857142857143,-13.0,11.0,2.0,0.0
-0.78,-0.8533333333333334,0.007461923745272413,0.34285714285714286,-12.0,11.0,2.0,0.0
-0.7733333333333333,-0.8666666666666667,0.015332720024532355,0.2857142857142857,-14.0,11.0,2.0,0.0
-0.78,-0.8533333333333334,0.01604824695901053,0.34285714285714286,-12.0,11.0,2.0,0.0
-0.78,-0.8666666666666667,0.007461923745272413,0.2857142857142857,-14.0,11.0,2.0,0.0
-0.78,-0.8666666666666667,0.013083921087600946,0.2857142857142857,-14.0,11.0,2.0,0.0
-0.78,-0.8666666666666667,0.011039558417663296,0.2857142857142857,-14.0,11.0,2.0,0.0
-0.7733333333333333,-0.8466666666666667,0.012061739752632118,0.37142857142857144,-11.0,11.0,2.0,0.0
-0.78,-0.8666666666666667,0.007461923745272413,0.2857142857142857,-14.0,11.0,2.0,0.0
-0.7866666666666666,-0.8666666666666667,0.010426249616682003,0.3142857142857143,-13.0,11.0,2.0,0.0
-0.78,-0.86,0.011448430951650821,0.3142857142857143,-13.0,11.0,2.0,0.0
-0.78,-0.86,0.008892977614228765,0.3142857142857143,-13.0,11.0,2.0,0.0
-0.7733333333333333,-0.86,0.01512828375753859,0.3142857142857143,-13.0,11.0,2.0,0.0
-0.7866666666666666,-0.86,0.015332720024532358,0.3142857142857143,-13.0,11.0,2.0,0.0
-0.7866666666666666,-0.8733333333333333,0.017070428293979357,0.2571428571428571,-15.0,11.0,2.0,0.0
-0.7866666666666666,-0.8533333333333334,0.016661555759991828,0.34285714285714286,-12.0,11.0,2.0,0.0
-0.78,-0.8666666666666667,0.010426249616682003,0.3142857142857143,-13.0,11.0,2.0,0.0
-0.7866666666666666,-0.86,0.01768373709496065,0.3142857142857143,-13.0,11.0,2.0,0.0
-0.7866666666666666,-0.86,0.01257283042011653,0.3142857142857143,-13.0,11.0,2.0,0.0
-0.78,-0.8666666666666667,0.01512828375753859,0.3142857142857143,-13.0,11.0,2.0,0.0
-0.7866666666666666,-0.86,0.007973014412756824,0.3142857142857143,-13.0,11.0,2.0,0.0
-0.7733333333333333,-0.86,0.017070428293979357,0.3142857142857143,-13.0,11.0,2.0,0.0
-0.7866666666666666,-0.8533333333333334,0.014514974956557297,0.34285714285714286,-12.0,11.0,2.0,0.0
-0.78,-0.86,0.019114790963917,0.3142857142857143,-13.0,11.0,2.0,0.0
-0.78,-0.8666666666666667,0.01512828375753859,0.3142857142857143,-13.0,11.0,2.0,0.0
-0.7933333333333333,-0.8533333333333334,0.016661555759991828,0.34285714285714286,-12.0,11.0,2.0,0.0
-0.78,-0.86,0.01512828375753859,0.3142857142857143,-13.0,11.0,2.0,0.0
-0.78,-0.86,0.011448430951650821,0.3142857142857143,-13.0,11.0,2.0,0.0
-0.7866666666666666,-0.8666666666666667,0.007461923745272413,0.2857142857142857,-14.0,11.0,2.0,0.0
-0.7733333333333333,-0.86,0.008892977614228765,0.3142857142857143,-13.0,11.0,2.0,0.0
-0.78,-0.86,0.01512828375753859,0.3142857142857143,-13.0,11.0,2.0,0.0
-0.78,-0.86,0.01768373709496065,0.3142857142857143,-13.0,11.0,2.0,0.0
-0.7866666666666666,-0.8533333333333334,0.01604824695901053,0.34285714285714286,-12.0,11.0,2.0,0.0
-0.7866666666666666,-0.8533333333333334,0.006950833077788,0.34285714285714286,-12.0,11.0,2.0,0.0
-0.7866666666666666,-0.86,0.01512828375753859,0.3142857142857143,-13.0,11.0,2.0,0.0
-0.7733333333333333,-0.8666666666666667,0.01512828375753859,0.3142857142857143,-13.0,11.0,2.0,0.0
-0.7666666666666667,-0.8533333333333334,0.01604824695901053,0.34285714285714286,-12.0,11.0,2.0,0.0
-0.78,-0.8533333333333334,0.01604824695901053,0.34285714285714286,-12.0,11.0,2.0,0.0
-0.78,-0.8533333333333334,0.006950833077788,0.34285714285714286,-12.0,11.0,2.0,0.0
-0.7733333333333333,-0.86,0.011959521619135237,0.3142857142857143,-13.0,11.0,2.0,0.0
-0.7866666666666666,-0.8533333333333334,0.016661555759991828,0.34285714285714286,-12.0,11.0,2.0,0.0
-0.7866666666666666,-0.8533333333333334,0.01604824695901053,0.34285714285714286,-12.0,11.0,2.0,0.0
-0.78,-0.86,0.01768373709496065,0.3142857142857143,-13.0,11.0,2.0,0.0
-0.7866666666666666,-0.8533333333333334,0.011550649085147706,0.34285714285714286,-12.0,11.0,2.0,0.0
-0.7866666666666666,-0.86,0.012777266687110298,0.3142857142857143,-13.0,11.0,2.0,0.0
-0.7733333333333333,-0.8533333333333334,0.012777266687110298,0.34285714285714286,-12.0,11.0,2.0,0.0
-0.78,-0.86,0.017070428293979357,0.3142857142857143,-13.0,11.0,2.0,0.0
-0.7733333333333333,-0.8533333333333334,0.011550649085147706,0.34285714285714286,-12.0,11.0,2.0,0.0
-0.7733333333333333,-0.86,0.008995195747725648,0.3142857142857143,-13.0,11.0,2.0,0.0
-0.7866666666666666,-0.8733333333333333,0.014106102422569766,0.2571428571428571,-15.0,11.0,2.0,0.0
-0.7866666666666666,-0.86,0.012777266687110298,0.3142857142857143,-13.0,11.0,2.0,0.0
-0.78,-0.84,0.008892977614228765,0.4,-10.0,11.0,2.0,0.0
-0.7866666666666666,-0.8733333333333333,0.014003884289072881,0.2857142857142857,-14.0,11.0,2.0,0.0
-0.78,-0.86,0.015332720024532355,0.3142857142857143,-13.0,11.0,2.0,0.0
-0.7666666666666667,-0.8666666666666667,0.016661555759991828,0.3142857142857143,-13.0,11.0,2.0,0.0
-0.7733333333333333,-0.8533333333333334,0.017581518961463767,0.34285714285714286,-12.0,11.0,2.0,0.0
-0.7666666666666667,-0.86,0.01512828375753859,0.3142857142857143,-13.0,11.0,2.0,0.0
-0.7866666666666666,-0.8533333333333334,0.013492793621588468,0.34285714285714286,-12.0,11.0,2.0,0.0
-0.8266666666666667,-0.8533333333333334,0.014514974956557297,0.34285714285714286,-12.0,11.0,2.0,0.0
-0.78,-0.86,0.017070428293979357,0.3142857142857143,-13.0,11.0,2.0,0.0
-0.7733333333333333,-0.86,0.01257283042011653,0.3142857142857143,-13.0,11.0,2.0,0.0
-0.7733333333333333,-0.86,0.015332720024532358,0.3142857142857143,-13.0,11.0,2.0,0.0
-0.7933333333333333,-0.8533333333333334,0.013492793621588468,0.34285714285714286,-12.0,11.0,2.0,0.0
-0.7866666666666666,-0.8666666666666667,0.01604824695901053,0.2857142857142857,-14.0,11.0,2.0,0.0
-0.7866666666666666,-0.8666666666666667,0.007461923745272413,0.2857142857142857,-14.0,11.0,2.0,0.0
-0.78,-0.86,0.011448430951650821,0.3142857142857143,-13.0,11.0,2.0,0.0
-0.7866666666666666,-0.8733333333333333,0.014003884289072881,0.2857142857142857,-14.0,11.0,2.0,0.0
-0.7733333333333333,-0.86,0.011448430951650821,0.3142857142857143,-13.0,11.0,2.0,0.0
-0.7866666666666666,-0.8733333333333333,0.015332720024532355,0.2571428571428571,-15.0,11.0,2.0,0.0
-0.78,-0.86,0.007973014412756824,0.3142857142857143,-13.0,11.0,2.0,0.0
-0.7866666666666666,-0.8533333333333334,0.007461923745272413,0.34285714285714286,-12.0,11.0,2.0,0.0
-0.7733333333333333,-0.8733333333333333,0.014106102422569766,0.2571428571428571,-15.0,11.0,2.0,0.0
-0.7733333333333333,-0.86,0.01512828375753859,0.3142857142857143,-13.0,11.0,2.0,0.0
-0.78,-0.8733333333333333,0.008892977614228765,0.2857142857142857,-14.0,11.0,2.0,0.0
-0.7866666666666666,-0.8533333333333334,0.017581518961463767,0.34285714285714286,-12.0,11.0,2.0,0.0
-0.78,-0.8533333333333334,0.017581518961463767,0.34285714285714286,-12.0,11.0,2.0,0.0
-0.7733333333333333,-0.8533333333333334,0.011959521619135237,0.34285714285714286,-12.0,11.0,2.0,0.0
-0.7933333333333333,-0.8533333333333334,0.013492793621588468,0.34285714285714286,-12.0,11.0,2.0,0.0
-0.78,-0.86,0.011959521619135237,0.3142857142857143,-13.0,11.0,2.0,0.0
-0.7733333333333333,-0.86,0.011039558417663296,0.3142857142857143,-13.0,11.0,2.0,0.0
-0.78,-0.8666666666666667,0.011039558417663296,0.2857142857142857,-14.0,11.0,2.0,0.0
-0.7866666666666666,-0.86,0.015332720024532358,0.3142857142857143,-13.0,11.0,2.0,0.0
-0.78,-0.86,0.016150465092507414,0.3142857142857143,-13.0,11.0,2.0,0.0
-0.7733333333333333,-0.86,0.008995195747725648,0.3142857142857143,-13.0,11.0,2.0,0.0
-0.78,-0.8666666666666667,0.009506286415210058,0.3142857142857143,-13.0,11.0,2.0,0.0
-0.78,-0.8533333333333334,0.012777266687110298,0.34285714285714286,-12.0,11.0,2.0,0.0
-0.7866666666666666,-0.86,0.019114790963917,0.3142857142857143,-13.0,11.0,2.0,0.0
-0.78,-0.8533333333333334,0.014514974956557297,0.34285714285714286,-12.0,11.0,2.0,0.0
-0.7733333333333333,-0.86,0.015332720024532355,0.3142857142857143,-13.0,11.0,2.0,0.0
-0.78,-0.86,0.01257283042011653,0.3142857142857143,-13.0,11.0,2.0,0.0
-0.7933333333333333,-0.8533333333333334,0.016661555759991828,0.34285714285714286,-12.0,11.0,2.0,0.0
-0.7866666666666666,-0.8666666666666667,0.007461923745272413,0.2857142857142857,-14.0,11.0,2.0,0.0
-0.78,-0.8533333333333334,0.017581518961463767,0.34285714285714286,-12.0,11.0,2.0,0.0
-0.7866666666666666,-0.8533333333333334,0.012777266687110298,0.34285714285714286,-12.0,11.0,2.0,0.0
-0.78,-0.8533333333333334,0.007461923745272413,0.34285714285714286,-12.0,11.0,2.0,0.0
-0.7666666666666667,-0.8733333333333333,0.014003884289072881,0.2857142857142857,-14.0,11.0,2.0,0.0
-0.7733333333333333,-0.86,0.01512828375753859,0.3142857142857143,-13.0,11.0,2.0,0.0
-0.7866666666666666,-0.8666666666666667,0.010426249616682003,0.3142857142857143,-13.0,11.0,2.0,0.0
-0.78,-0.86,0.019114790963917,0.3142857142857143,-13.0,11.0,2.0,0.0
-0.78,-0.86,0.022181334968823473,0.3142857142857143,-13.0,11.0,2.0,0.0
-0.78,-0.86,0.015332720024532358,0.3142857142857143,-13.0,11.0,2.0,0.0
-0.7866666666666666,-0.8666666666666667,0.010426249616682003,0.3142857142857143,-13.0,11.0,2.0,0.0
-0.7866666666666666,-0.86,0.009404068281713177,0.34285714285714286,-12.0,11.0,2.0,0.0
-0.7933333333333333,-0.86,0.012777266687110298,0.3142857142857143,-13.0,11.0,2.0,0.0
-0.7866666666666666,-0.84,0.008892977614228765,0.4,-10.0,11.0,2.0,0.0
-0.78,-0.8666666666666667,0.01604824695901053,0.2857142857142857,-14.0,11.0,2.0,0.0
-0.7733333333333333,-0.86,0.019114790963917,0.3142857142857143,-13.0,11.0,2.0,0.0
-0.7866666666666666,-0.8666666666666667,0.013083921087600946,0.2857142857142857,-14.0,11.0,2.0,0.0
-0.7666666666666667,-0.8533333333333334,0.017581518961463767,0.34285714285714286,-12.0,11.0,2.0,0.0
-0.7733333333333333,-0.8733333333333333,0.008892977614228765,0.2857142857142857,-14.0,11.0,2.0,0.0
-0.7733333333333333,-0.8533333333333334,0.007461923745272413,0.34285714285714286,-12.0,11.0,2.0,0.0
-0.78,-0.86,0.01257283042011653,0.3142857142857143,-13.0,11.0,2.0,0.0
-0.78,-0.86,0.008995195747725648,0.3142857142857143,-13.0,11.0,2.0,0.0
-0.78,-0.8533333333333334,0.006950833077788,0.34285714285714286,-12.0,11.0,2.0,0.0
-0.78,-0.8666666666666667,0.015332720024532355,0.2857142857142857,-14.0,11.0,2.0,0.0
-0.7866666666666666,-0.8733333333333333,0.015332720024532355,0.2571428571428571,-15.0,11.0,2.0,0.0
-0.78,-0.86,0.008892977614228765,0.3142857142857143,-13.0,11.0,2.0,0.0
-0.7866666666666666,-0.8733333333333333,0.015332720024532355,0.2571428571428571,-15.0,11.0,2.0,0.0
-0.7733333333333333,-0.86,0.016150465092507414,0.3142857142857143,-13.0,11.0,2.0,0.0
-0.7666666666666667,-0.8533333333333334,0.014514974956557297,0.34285714285714286,-12.0,11.0,2.0,0.0
-0.7733333333333333,-0.86,0.012777266687110296,0.3142857142857143,-13.0,11.0,2.0,0.0
-0.78,-0.86,0.016150465092507414,0.3142857142857143,-13.0,11.0,2.0,0.0
-0.78,-0.8533333333333334,0.011959521619135237,0.34285714285714286,-12.0,11.0,2.0,0.0
-0.7866666666666666,-0.86,0.016150465092507414,0.3142857142857143,-13.0,11.0,2.0,0.0
-0.78,-0.8666666666666667,0.009506286415210058,0.3142857142857143,-13.0,11.0,2.0,0.0
-0.7733333333333333,-0.86,0.01512828375753859,0.3142857142857143,-13.0,11.0,2.0,0.0
-0.7933333333333333,-0.8666666666666667,0.013083921087600946,0.2857142857142857,-14.0,11.0,2.0,0.0
-0.78,-0.8533333333333334,0.007461923745272413,0.34285714285714286,-12.0,11.0,2.0,0.0
-0.7866666666666666,-0.86,0.01768373709496065,0.3142857142857143,-13.0,11.0,2.0,0.0
-0.78,-0.8666666666666667,0.013083921087600946,0.2857142857142857,-14.0,11.0,2.0,0.0
-0.7866666666666666,-0.8666666666666667,0.016661555759991828,0.3142857142857143,-13.0,11.0,2.0,0.0
-0.78,-0.86,0.01257283042011653,0.3142857142857143,-13.0,11.0,2.0,0.0
-0.7733333333333333,-0.86,0.016150465092507414,0.3142857142857143,-13.0,11.0,2.0,0.0
-0.7733333333333333,-0.8666666666666667,0.015332720024532355,0.2857142857142857,-14.0,11.0,2.0,0.0
-0.78,-0.86,0.012777266687110298,0.3142857142857143,-13.0,11.0,2.0,0.0
-0.78,-0.8533333333333334,0.01604824695901053,0.34285714285714286,-12.0,11.0,2.0,0.0
-0.7733333333333333,-0.86,0.011039558417663296,0.3142857142857143,-13.0,11.0,2.0,0.0
-0.78,-0.8533333333333334,0.012777266687110298,0.34285714285714286,-12.0,11.0,2.0,0.0
-0.7733333333333333,-0.86,0.012777266687110296,0.3142857142857143,-13.0,11.0,2.0,0.0
-0.7666666666666667,-0.86,0.01512828375753859,0.3142857142857143,-13.0,11.0,2.0,0.0
-0.7866666666666666,-0.8666666666666667,0.011039558417663296,0.2857142857142857,-14.0,11.0,2.0,0.0
-0.7733333333333333,-0.86,0.01768373709496065,0.3142857142857143,-13.0,11.0,2.0,0.0
-0.7733333333333333,-0.8666666666666667,0.009506286415210058,0.3142857142857143,-13.0,11.0,2.0,0.0
-0.78,-0.8733333333333333,0.014106102422569766,0.2571428571428571,-15.0,11.0,2.0,0.0
-0.7733333333333333,-0.86,0.009404068281713177,0.34285714285714286,-12.0,11.0,2.0,0.0
-0.7866666666666666,-0.8666666666666667,0.013083921087600946,0.2857142857142857,-14.0,11.0,2.0,0.0
-0.78,-0.86,0.011959521619135237,0.3142857142857143,-13.0,11.0,2.0,0.0
-0.7733333333333333,-0.8533333333333334,0.017581518961463767,0.34285714285714286,-12.0,11.0,2.0,0.0
-0.7733333333333333,-0.86,0.008892977614228765,0.3142857142857143,-13.0,11.0,2.0,0.0
-0.78,-0.86,0.008892977614228765,0.3142857142857143,-13.0,11.0,2.0,0.0
-0.78,-0.8533333333333334,0.01604824695901053,0.34285714285714286,-12.0,11.0,2.0,0.0
-0.78,-0.8733333333333333,0.014003884289072881,0.2857142857142857,-14.0,11.0,2.0,0.0
-0.78,-0.8733333333333333,0.014003884289072881,0.2857142857142857,-14.0,11.0,2.0,0.0
-0.78,-0.86,0.019114790963917,0.3142857142857143,-13.0,11.0,2.0,0.0
-0.7666666666666667,-0.86,0.017070428293979357,0.3142857142857143,-13.0,11.0,2.0,0.0
-0.78,-0.84,0.008892977614228765,0.4,-10.0,11.0,2.0,0.0
-0.78,-0.86,0.01512828375753859,0.3142857142857143,-13.0,11.0,2.0,0.0
-0.7733333333333333,-0.8666666666666667,0.01512828375753859,0.3142857142857143,-13.0,11.0,2.0,0.0
-0.78,-0.8733333333333333,0.017070428293979357,0.2571428571428571,-15.0,11.0,2.0,0.0
-0.7866666666666666,-0.8733333333333333,0.014106102422569766,0.2571428571428571,-15.0,11.0,2.0,0.0
-0.7666666666666667,-0.8533333333333334,0.011550649085147706,0.34285714285714286,-12.0,11.0,2.0,0.0
-0.78,-0.8533333333333334,0.014514974956557297,0.34285714285714286,-12.0,11.0,2.0,0.0
-0.7933333333333333,-0.8733333333333333,0.017070428293979357,0.2571428571428571,-15.0,11.0,2.0,0.0
-0.7866666666666666,-0.8733333333333333,0.014106102422569766,0.2571428571428571,-15.0,11.0,2.0,0.0
-0.7733333333333333,-0.86,0.012777266687110298,0.3142857142857143,-13.0,11.0,2.0,0.0
-0.78,-0.8533333333333334,0.013492793621588468,0.34285714285714286,-12.0,11.0,2.0,0.0
-0.7866666666666666,-0.8533333333333334,0.016661555759991828,0.34285714285714286,-12.0,11.0,2.0,0.0
-0.7866666666666666,-0.8666666666666667,0.011039558417663296,0.2857142857142857,-14.0,11.0,2.0,0.0
-0.78,-0.8666666666666667,0.007461923745272413,0.2857142857142857,-14.0,11.0,2.0,0.0
-0.78,-0.8666666666666667,0.011039558417663296,0.2857142857142857,-14.0,11.0,2.0,0.0
-0.78,-0.8533333333333334,0.013492793621588468,0.34285714285714286,-12.0,11.0,2.0,0.0
-0.78,-0.8733333333333333,0.015332720024532355,0.2571428571428571,-15.0,11.0,2.0,0.0
-0.7866666666666666,-0.8533333333333334,0.01604824695901053,0.34285714285714286,-12.0,11.0,2.0,0.0
-0.7866666666666666,-0.8666666666666667,0.01604824695901053,0.2857142857142857,-14.0,11.0,2.0,0.0
-0.7866666666666666,-0.8533333333333334,0.006950833077788,0.34285714285714286,-12.0,11.0,2.0,0.0
-0.78,-0.86,0.012777266687110296,0.3142857142857143,-13.0,11.0,2.0,0.0
-0.7866666666666666,-0.8533333333333334,0.01604824695901053,0.34285714285714286,-12.0,11.0,2.0,0.0
-0.78,-0.86,0.015332720024532355,0.3142857142857143,-13.0,11.0,2.0,0.0
-0.7866666666666666,-0.8533333333333334,0.011959521619135237,0.34285714285714286,-12.0,11.0,2.0,0.0
-0.78,-0.8533333333333334,0.017581518961463767,0.34285714285714286,-12.0,11.0,2.0,0.0
-0.7866666666666666,-0.8666666666666667,0.016661555759991828,0.3142857142857143,-13.0,11.0,2.0,0.0
-0.7733333333333333,-0.86,0.019114790963917,0.3142857142857143,-13.0,11.0,2.0,0.0
-0.78,-0.8533333333333334,0.013492793621588468,0.34285714285714286,-12.0,11.0,2.0,0.0
-0.7866666666666666,-0.8533333333333334,0.014514974956557297,0.34285714285714286,-12.0,11.0,2.0,0.0
-0.78,-0.8533333333333334,0.013492793621588468,0.34285714285714286,-12.0,11.0,2.0,0.0
-0.7666666666666667,-0.8666666666666667,0.015332720024532355,0.2857142857142857,-14.0,11.0,2.0,0.0
-0.78,-0.86,0.011448430951650821,0.3142857142857143,-13.0,11.0,2.0,0.0
-0.7866666666666666,-0.8666666666666667,0.01512828375753859,0.3142857142857143,-13.0,11.0,2.0,0.0
-0.78,-0.86,0.011448430951650821,0.3142857142857143,-13.0,11.0,2.0,0.0
-0.7733333333333333,-0.86,0.011448430951650821,0.3142857142857143,-13.0,11.0,2.0,0.0
-0.7666666666666667,-0.8666666666666667,0.015332720024532355,0.2857142857142857,-14.0,11.0,2.0,0.0
-0.78,-0.8533333333333334,0.007461923745272413,0.34285714285714286,-12.0,11.0,2.0,0.0
-0.7866666666666666,-0.8533333333333334,0.016661555759991828,0.34285714285714286,-12.0,11.0,2.0,0.0
-0.7666666666666667,-0.8533333333333334,0.016661555759991828,0.34285714285714286,-12.0,11.0,2.0,0.0
-0.78,-0.86,0.009404068281713177,0.34285714285714286,-12.0,11.0,2.0,0.0
-0.7866666666666666,-0.8533333333333334,0.013492793621588468,0.34285714285714286,-12.0,11.0,2.0,0.0
-0.78,-0.8666666666666667,0.015332720024532355,0.2857142857142857,-14.0,11.0,2.0,0.0
-0.7933333333333333,-0.8533333333333334,0.01604824695901053,0.34285714285714286,-12.0,11.0,2.0,0.0
-0.7733333333333333,-0.86,0.008995195747725648,0.3142857142857143,-13.0,11.0,2.0,0.0
-0.78,-0.86,0.01512828375753859,0.3142857142857143,-13.0,11.0,2.0,0.0
-0.78,-0.86,0.01257283042011653,0.3142857142857143,-13.0,11.0,2.0,0.0
-0.7866666666666666,-0.8466666666666667,0.012061739752632118,0.37142857142857144,-11.0,11.0,2.0,0.0
-0.78,-0.8533333333333334,0.01604824695901053,0.34285714285714286,-12.0,11.0,2.0,0.0
-0.78,-0.8533333333333334,0.011959521619135237,0.34285714285714286,-12.0,11.0,2.0,0.0
-0.7866666666666666,-0.8533333333333334,0.011959521619135237,0.34285714285714286,-12.0,11.0,2.0,0.0
-0.7866666666666666,-0.8733333333333333,0.008892977614228765,0.2857142857142857,-14.0,11.0,2.0,0.0
-0.78,-0.86,0.012777266687110296,0.3142857142857143,-13.0,11.0,2.0,0.0
-0.78,-0.8666666666666667,0.01512828375753859,0.3142857142857143,-13.0,11.0,2.0,0.0
-0.78,-0.86,0.01257283042011653,0.3142857142857143,-13.0,11.0,2.0,0.0
-0.78,-0.8533333333333334,0.012777266687110298,0.34285714285714286,-12.0,11.0,2.0,0.0
-0.7733333333333333,-0.8533333333333334,0.014514974956557297,0.34285714285714286,-12.0,11.0,2.0,0.0
-0.7933333333333333,-0.86,0.012777266687110298,0.3142857142857143,-13.0,11.0,2.0,0.0
-0.78,-0.86,0.01512828375753859,0.3142857142857143,-13.0,11.0,2.0,0.0
-0.78,-0.8666666666666667,0.016661555759991828,0.3142857142857143,-13.0,11.0,2.0,0.0
-0.78,-0.86,0.008892977614228765,0.3142857142857143,-13.0,11.0,2.0,0.0
-0.7866666666666666,-0.86,0.017070428293979357,0.3142857142857143,-13.0,11.0,2.0,0.0
-0.7866666666666666,-0.86,0.01257283042011653,0.3142857142857143,-13.0,11.0,2.0,0.0
-0.7733333333333333,-0.8666666666666667,0.020239190432382707,0.2857142857142857,-14.0,11.0,2.0,0.0
-0.78,-0.86,0.008995195747725648,0.3142857142857143,-13.0,11.0,2.0,0.0
-0.7866666666666666,-0.8666666666666667,0.01604824695901053,0.2857142857142857,-14.0,11.0,2.0,0.0
-0.7866666666666666,-0.8466666666666667,0.012061739752632118,0.37142857142857144,-11.0,11.0,2.0,0.0
-0.7866666666666666,-0.8533333333333334,0.011550649085147706,0.34285714285714286,-12.0,11.0,2.0,0.0
-0.7866666666666666,-0.86,0.019114790963917,0.3142857142857143,-13.0,11.0,2.0,0.0
-0.78,-0.8533333333333334,0.016661555759991828,0.34285714285714286,-12.0,11.0,2.0,0.0
-0.7866666666666666,-0.86,0.012777266687110298,0.3142857142857143,-13.0,11.0,2.0,0.0
-0.7733333333333333,-0.86,0.011959521619135237,0.3142857142857143,-13.0,11.0,2.0,0.0
-0.7866666666666666,-0.8733333333333333,0.015332720024532355,0.2571428571428571,-15.0,11.0,2.0,0.0
-0.7866666666666666,-0.8666666666666667,0.009506286415210058,0.3142857142857143,-13.0,11.0,2.0,0.0
-0.78,-0.8533333333333334,0.011959521619135237,0.34285714285714286,-12.0,11.0,2.0,0.0
-0.7866666666666666,-0.8533333333333334,0.011550649085147706,0.34285714285714286,-12.0,11.0,2.0,0.0
-0.78,-0.8666666666666667,0.01512828375753859,0.3142857142857143,-13.0,11.0,2.0,0.0
-0.78,-0.8533333333333334,0.016661555759991828,0.34285714285714286,-12.0,11.0,2.0,0.0
-0.7733333333333333,-0.8533333333333334,0.017581518961463767,0.34285714285714286,-12.0,11.0,2.0,0.0
-0.78,-0.86,0.007973014412756824,0.3142857142857143,-13.0,11.0,2.0,0.0
-0.78,-0.8733333333333333,0.014003884289072881,0.2857142857142857,-14.0,11.0,2.0,0.0
-0.7866666666666666,-0.86,0.01512828375753859,0.3142857142857143,-13.0,11.0,2.0,0.0
-0.7866666666666666,-0.8666666666666667,0.015332720024532355,0.2857142857142857,-14.0,11.0,2.0,0.0
-0.7866666666666666,-0.86,0.007973014412756824,0.3142857142857143,-13.0,11.0,2.0,0.0
-0.78,-0.8533333333333334,0.01604824695901053,0.34285714285714286,-12.0,11.0,2.0,0.0
-0.7733333333333333,-0.86,0.009404068281713177,0.34285714285714286,-12.0,11.0,2.0,0.0
-0.78,-0.8533333333333334,0.014514974956557297,0.34285714285714286,-12.0,11.0,2.0,0.0
-0.7733333333333333,-0.8533333333333334,0.013492793621588468,0.34285714285714286,-12.0,11.0,2.0,0.0
-0.7933333333333333,-0.86,0.012777266687110298,0.3142857142857143,-13.0,11.0,2.0,0.0
-0.7866666666666666,-0.86,0.015332720024532358,0.3142857142857143,-13.0,11.0,2.0,0.0
-0.78,-0.86,0.01257283042011653,0.3142857142857143,-13.0,11.0,2.0,0.0
-0.78,-0.8666666666666667,0.016661555759991828,0.3142857142857143,-13.0,11.0,2.0,0.0
-0.78,-0.8533333333333334,0.007461923745272413,0.34285714285714286,-12.0,11.0,2.0,0.0
-0.7866666666666666,-0.86,0.017070428293979357,0.3142857142857143,-13.0,11.0,2.0,0.0
-0.78,-0.8733333333333333,0.008892977614228765,0.2857142857142857,-14.0,11.0,2.0,0.0
-0.7733333333333333,-0.8666666666666667,0.020239190432382707,0.2857142857142857,-14.0,11.0,2.0,0.0
-0.7733333333333333,-0.8666666666666667,0.007461923745272413,0.2857142857142857,-14.0,11.0,2.0,0.0
-0.78,-0.86,0.011039558417663296,0.3142857142857143,-13.0,11.0,2.0,0.0
-0.7733333333333333,-0.8533333333333334,0.011550649085147706,0.34285714285714286,-12.0,11.0,2.0,0.0
-0.7666666666666667,-0.8666666666666667,0.020239190432382707,0.2857142857142857,-14.0,11.0,2.0,0.0
-0.78,-0.86,0.008892977614228765,0.3142857142857143,-13.0,11.0,2.0,0.0
-0.7933333333333333,-0.86,0.007973014412756824,0.3142857142857143,-13.0,11.0,2.0,0.0
-0.78,-0.8733333333333333,0.008892977614228765,0.2857142857142857,-14.0,11.0,2.0,0.0
-0.76,-0.86,0.01512828375753859,0.3142857142857143,-13.0,11.0,2.0,0.0
-0.7866666666666666,-0.8666666666666667,0.016661555759991828,0.3142857142857143,-13.0,11.0,2.0,0.0
-0.78,-0.8533333333333334,0.017581518961463767,0.34285714285714286,-12.0,11.0,2.0,0.0
-0.7866666666666666,-0.86,0.016150465092507414,0.3142857142857143,-13.0,11.0,2.0,0.0
-0.78,-0.8666666666666667,0.01604824695901053,0.2857142857142857,-14.0,11.0,2.0,0.0
-0.78,-0.8666666666666667,0.01512828375753859,0.3142857142857143,-13.0,11.0,2.0,0.0
-0.7666666666666667,-0.86,0.01512828375753859,0.3142857142857143,-13.0,11.0,2.0,0.0
-0.7733333333333333,-0.86,0.01768373709496065,0.3142857142857143,-13.0,11.0,2.0,0.0
-0.7866666666666666,-0.8666666666666667,0.020239190432382707,0.2857142857142857,-14.0,11.0,2.0,0.0
-0.78,-0.86,0.01512828375753859,0.3142857142857143,-13.0,11.0,2.0,0.0
-0.7666666666666667,-0.86,0.015332720024532358,0.3142857142857143,-13.0,11.0,2.0,0.0
-0.78,-0.8666666666666667,0.011039558417663296,0.2857142857142857,-14.0,11.0,2.0,0.0
-0.7666666666666667,-0.86,0.01257283042011653,0.3142857142857143,-13.0,11.0,2.0,0.0
-0.78,-0.8533333333333334,0.012777266687110298,0.34285714285714286,-12.0,11.0,2.0,0.0
-0.7866666666666666,-0.8533333333333334,0.01604824695901053,0.34285714285714286,-12.0,11.0,2.0,0.0
-0.7866666666666666,-0.84,0.008892977614228765,0.4,-10.0,11.0,2.0,0.0
-0.8066666666666666,-0.86,0.012777266687110298,0.3142857142857143,-13.0,11.0,2.0,0.0
-0.7866666666666666,-0.86,0.01512828375753859,0.3142857142857143,-13.0,11.0,2.0,0.0
-0.7866666666666666,-0.8533333333333334,0.016661555759991828,0.34285714285714286,-12.0,11.0,2.0,0.0
-0.78,-0.86,0.015332720024532358,0.3142857142857143,-13.0,11.0,2.0,0.0
-0.7866666666666666,-0.86,0.007973014412756824,0.3142857142857143,-13.0,11.0,2.0,0.0
-0.7866666666666666,-0.8666666666666667,0.01604824695901053,0.2857142857142857,-14.0,11.0,2.0,0.0
-0.7933333333333333,-0.8466666666666667,0.012061739752632118,0.37142857142857144,-11.0,11.0,2.0,0.0
-0.7866666666666666,-0.86,0.01257283042011653,0.3142857142857143,-13.0,11.0,2.0,0.0
-0.7866666666666666,-0.8533333333333334,0.007461923745272413,0.34285714285714286,-12.0,11.0,2.0,0.0
-0.7866666666666666,-0.8533333333333334,0.01604824695901053,0.34285714285714286,-12.0,11.0,2.0,0.0
-0.7866666666666666,-0.86,0.015332720024532355,0.3142857142857143,-13.0,11.0,2.0,0.0
-0.78,-0.8666666666666667,0.016661555759991828,0.3142857142857143,-13.0,11.0,2.0,0.0
-0.7866666666666666,-0.8533333333333334,0.007461923745272413,0.34285714285714286,-12.0,11.0,2.0,0.0
-0.78,-0.8733333333333333,0.008892977614228765,0.2857142857142857,-14.0,11.0,2.0,0.0
-0.78,-0.86,0.008995195747725648,0.3142857142857143,-13.0,11.0,2.0,0.0
-0.78,-0.86,0.011039558417663296,0.3142857142857143,-13.0,11.0,2.0,0.0
-0.78,-0.86,0.011039558417663296,0.3142857142857143,-13.0,11.0,2.0,0.0
-0.78,-0.8533333333333334,0.011959521619135237,0.34285714285714286,-12.0,11.0,2.0,0.0
-0.78,-0.8666666666666667,0.011039558417663296,0.2857142857142857,-14.0,11.0,2.0,0.0
-0.7733333333333333,-0.86,0.017070428293979357,0.3142857142857143,-13.0,11.0,2.0,0.0
-0.78,-0.8533333333333334,0.006950833077788,0.34285714285714286,-12.0,11.0,2.0,0.0
-0.78,-0.8666666666666667,0.011039558417663296,0.2857142857142857,-14.0,11.0,2.0,0.0
-0.7866666666666666,-0.86,0.008892977614228765,0.3142857142857143,-13.0,11.0,2.0,0.0
-0.78,-0.8533333333333334,0.007461923745272413,0.34285714285714286,-12.0,11.0,2.0,0.0
-0.7533333333333333,-0.86,0.011959521619135237,0.3142857142857143,-13.0,11.0,2.0,0.0
-0.78,-0.8533333333333334,0.01604824695901053,0.34285714285714286,-12.0,11.0,2.0,0.0
-0.78,-0.86,0.007973014412756824,0.3142857142857143,-13.0,11.0,2.0,0.0
-0.7733333333333333,-0.8466666666666667,0.012061739752632118,0.37142857142857144,-11.0,11.0,2.0,0.0
-0.7733333333333333,-0.86,0.009404068281713177,0.34285714285714286,-12.0,11.0,2.0,0.0
-0.78,-0.86,0.008892977614228765,0.3142857142857143,-13.0,11.0,2.0,0.0
-0.7733333333333333,-0.86,0.012777266687110298,0.3142857142857143,-13.0,11.0,2.0,0.0
-0.78,-0.86,0.008892977614228765,0.3142857142857143,-13.0,11.0,2.0,0.0
-0.7733333333333333,-0.8533333333333334,0.01604824695901053,0.34285714285714286,-12.0,11.0,2.0,0.0
-0.7866666666666666,-0.86,0.015332720024532355,0.3142857142857143,-13.0,11.0,2.0,0.0
-0.7866666666666666,-0.8533333333333334,0.017581518961463767,0.34285714285714286,-12.0,11.0,2.0,0.0
-0.78,-0.8666666666666667,0.01604824695901053,0.2857142857142857,-14.0,11.0,2.0,0.0
-0.7866666666666666,-0.8666666666666667,0.01604824695901053,0.2857142857142857,-14.0,11.0,2.0,0.0
-0.7866666666666666,-0.8533333333333334,0.014514974956557297,0.34285714285714286,-12.0,11.0,2.0,0.0
-0.7866666666666666,-0.8533333333333334,0.014514974956557297,0.34285714285714286,-12.0,11.0,2.0,0.0
-0.7733333333333333,-0.8666666666666667,0.01604824695901053,0.2857142857142857,-14.0,11.0,2.0,0.0
-0.7866666666666666,-0.8733333333333333,0.014003884289072881,0.2857142857142857,-14.0,11.0,2.0,0.0
-0.7866666666666666,-0.8733333333333333,0.015332720024532355,0.2571428571428571,-15.0,11.0,2.0,0.0
-0.7866666666666666,-0.8466666666666667,0.012061739752632118,0.37142857142857144,-11.0,11.0,2.0,0.0
-0.7866666666666666,-0.8533333333333334,0.011550649085147706,0.34285714285714286,-12.0,11.0,2.0,0.0
-0.7866666666666666,-0.86,0.01257283042011653,0.3142857142857143,-13.0,11.0,2.0,0.0
-0.78,-0.84,0.008892977614228765,0.4,-10.0,11.0,2.0,0.0
-0.7733333333333333,-0.86,0.01512828375753859,0.3142857142857143,-13.0,11.0,2.0,0.0
-0.78,-0.86,0.008892977614228765,0.3142857142857143,-13.0,11.0,2.0,0.0
-0.7733333333333333,-0.86,0.012777266687110296,0.3142857142857143,-13.0,11.0,2.0,0.0
-0.78,-0.86,0.019114790963917,0.3142857142857143,-13.0,11.0,2.0,0.0
-0.7866666666666666,-0.86,0.016150465092507414,0.3142857142857143,-13.0,11.0,2.0,0.0
-0.7866666666666666,-0.86,0.012777266687110296,0.3142857142857143,-13.0,11.0,2.0,0.0
-0.7866666666666666,-0.8666666666666667,0.013083921087600946,0.2857142857142857,-14.0,11.0,2.0,0.0
-0.78,-0.86,0.01257283042011653,0.3142857142857143,-13.0,11.0,2.0,0.0
-0.78,-0.8666666666666667,0.007461923745272413,0.2857142857142857,-14.0,11.0,2.0,0.0
-0.7866666666666666,-0.8533333333333334,0.011959521619135237,0.34285714285714286,-12.0,11.0,2.0,0.0
-0.7733333333333333,-0.86,0.01512828375753859,0.3142857142857143,-13.0,11.0,2.0,0.0
-0.7733333333333333,-0.86,0.01512828375753859,0.3142857142857143,-13.0,11.0,2.0,0.0
-0.7733333333333333,-0.86,0.012777266687110298,0.3142857142857143,-13.0,11.0,2.0,0.0
-0.78,-0.86,0.022181334968823473,0.3142857142857143,-13.0,11.0,2.0,0.0
-0.78,-0.8733333333333333,0.014106102422569766,0.2571428571428571,-15.0,11.0,2.0,0.0
-0.7866666666666666,-0.86,0.011448430951650821,0.3142857142857143,-13.0,11.0,2.0,0.0
-0.7733333333333333,-0.8533333333333334,0.014514974956557297,0.34285714285714286,-12.0,11.0,2.0,0.0
-0.78,-0.8666666666666667,0.015332720024532355,0.2857142857142857,-14.0,11.0,2.0,0.0
-0.7733333333333333,-0.8533333333333334,0.016150465092507414,0.34285714285714286,-12.0,11.0,2.0,1.0
-0.76,-0.7733333333333333,0.023231393976564173,0.5714285714285714,-4.0,8.0,2.0,1.0
-0.78,-0.8666666666666667,0.009404068281713177,0.2857142857142857,-14.0,11.0,2.0,1.0
-0.7866666666666666,-0.8733333333333333,0.011039558417663296,0.2571428571428571,-15.0,11.0,2.0,1.0
-0.78,-0.8466666666666667,0.012777266687110296,0.34285714285714286,-12.0,11.0,2.0,1.0
-0.7733333333333333,-0.8533333333333334,0.014003884289072881,0.34285714285714286,-12.0,11.0,2.0,1.0
-0.7533333333333333,-0.7666666666666667,0.03167917360440568,0.6,-3.0,8.0,2.0,1.0
-0.7533333333333333,-0.7866666666666666,0.013727641895242462,0.5142857142857142,-6.0,8.0,2.0,1.0
-0.7733333333333333,-0.8333333333333334,0.010937340284166413,0.42857142857142855,-9.0,11.0,2.0,1.0
-0.78,-0.8733333333333333,0.01768373709496065,0.2571428571428571,-15.0,11.0,2.0,1.0
-0.7533333333333333,-0.76,0.01319965566850237,0.6285714285714286,-2.0,8.0,2.0,1.0
-0.78,-0.8733333333333333,0.019217009097413886,0.2571428571428571,-15.0,11.0,2.0,1.0
-0.7666666666666667,-0.7866666666666666,0.00791979340110142,0.5142857142857142,-6.0,8.0,2.0,1.0
-0.8733333333333333,-0.76,0.029567228697445307,0.6285714285714286,-2.0,8.0,2.0,1.0
-0.7533333333333333,-0.7933333333333333,0.017951531709163217,0.5142857142857142,-6.0,8.0,2.0,1.0
-0.7466666666666667,-0.7666666666666667,0.023759380203304262,0.6,-3.0,8.0,2.0,1.0
-0.7533333333333333,-0.7666666666666667,0.02534333888352455,0.6,-3.0,8.0,2.0,1.0
-0.7733333333333333,-0.8533333333333334,0.014003884289072881,0.34285714285714286,-12.0,11.0,2.0,1.0
-0.7866666666666666,-0.84,0.019114790963917,0.4,-10.0,11.0,2.0,1.0
-0.7533333333333333,-0.7733333333333333,0.03167917360440568,0.5714285714285714,-4.0,8.0,2.0,1.0
-0.7733333333333333,-0.8466666666666667,0.010221813349688236,0.37142857142857144,-11.0,11.0,2.0,1.0
-0.7866666666666666,-0.84,0.008381886946744355,0.4,-10.0,11.0,2.0,1.0
-0.76,-0.78,0.00791979340110142,0.5428571428571428,-5.0,8.0,2.0,1.0
-0.7733333333333333,-0.86,0.011039558417663296,0.3142857142857143,-13.0,11.0,2.0,1.0
-0.7733333333333333,-0.8466666666666667,0.01512828375753859,0.37142857142857144,-11.0,11.0,2.0,1.0
-0.78,-0.8533333333333334,0.01768373709496065,0.34285714285714286,-12.0,11.0,2.0,1.0
-0.78,-0.8666666666666667,0.016150465092507414,0.2857142857142857,-14.0,11.0,2.0,1.0
-0.78,-0.86,0.011039558417663296,0.3142857142857143,-13.0,11.0,2.0,1.0
-0.7733333333333333,-0.86,0.012470612286619645,0.3142857142857143,-13.0,11.0,2.0,1.0
-0.7533333333333333,-0.7733333333333333,0.03167917360440568,0.5714285714285714,-4.0,8.0,2.0,1.0
-0.7533333333333333,-0.78,0.00791979340110142,0.5428571428571428,-5.0,8.0,2.0,1.0
-0.78,-0.8666666666666667,0.009404068281713177,0.2857142857142857,-14.0,11.0,2.0,1.0
-0.7733333333333333,-0.8466666666666667,0.010221813349688236,0.37142857142857144,-11.0,11.0,2.0,1.0
-0.7666666666666667,-0.7666666666666667,0.03167917360440568,0.6,-3.0,8.0,2.0,1.0
-0.78,-0.8466666666666667,0.010221813349688236,0.37142857142857144,-11.0,11.0,2.0,1.0
-0.7733333333333333,-0.86,0.016150465092507414,0.3142857142857143,-13.0,11.0,2.0,1.0
-0.7866666666666666,-0.8466666666666667,0.02299908003679853,0.37142857142857144,-11.0,11.0,2.0,1.0
-0.78,-0.86,0.01512828375753859,0.2857142857142857,-14.0,11.0,2.0,1.0
-0.7666666666666667,-0.84,0.019114790963917,0.4,-10.0,11.0,2.0,1.0
-0.7533333333333333,-0.7666666666666667,0.02903924247070522,0.6,-3.0,8.0,2.0,1.0
-0.7666666666666667,-0.76,0.03167917360440568,0.6285714285714286,-2.0,8.0,2.0,1.0
-0.7666666666666667,-0.7733333333333333,0.03167917360440568,0.5714285714285714,-4.0,8.0,2.0,1.0
-0.7733333333333333,-0.78,0.023759380203304262,0.5428571428571428,-5.0,8.0,2.0,1.0
-0.7866666666666666,-0.8533333333333334,0.019625881631401415,0.34285714285714286,-12.0,11.0,2.0,1.0
-0.7666666666666667,-0.78,0.0047518760406608535,0.5428571428571428,-5.0,8.0,2.0,1.0
-0.7733333333333333,-0.7733333333333333,0.007391807174361327,0.5714285714285714,-4.0,8.0,2.0,1.0
-0.7533333333333333,-0.78,0.01953549038938351,0.5428571428571428,-5.0,8.0,2.0,1.0
-0.7866666666666666,-0.8666666666666667,0.011039558417663296,0.2857142857142857,-14.0,11.0,2.0,1.0
-0.78,-0.8466666666666667,0.01512828375753859,0.37142857142857144,-11.0,11.0,2.0,1.0
-0.7733333333333333,-0.8533333333333334,0.01768373709496065,0.34285714285714286,-12.0,11.0,2.0,1.0
-0.7666666666666667,-0.7533333333333333,0.02534333888352455,0.6285714285714286,-2.0,8.0,2.0,1.0
-0.78,-0.8466666666666667,0.010221813349688236,0.37142857142857144,-11.0,11.0,2.0,1.0
-0.7733333333333333,-0.8733333333333333,0.019217009097413886,0.2571428571428571,-15.0,11.0,2.0,1.0
-0.78,-0.88,0.01257283042011653,0.22857142857142856,-16.0,11.0,2.0,1.0
-0.7666666666666667,-0.8466666666666667,0.010221813349688236,0.37142857142857144,-11.0,11.0,2.0,1.0
-0.7666666666666667,-0.7866666666666666,0.00791979340110142,0.5142857142857142,-6.0,8.0,2.0,1.0
-0.78,-0.76,0.027983270017225035,0.6285714285714286,-2.0,8.0,2.0,1.0
-0.7666666666666667,-0.7666666666666667,0.03167917360440568,0.6285714285714286,-2.0,8.0,2.0,1.0
-0.7866666666666666,-0.86,0.01257283042011653,0.3142857142857143,-13.0,11.0,2.0,1.0
-0.7533333333333333,-0.76,0.02534333888352455,0.6,-3.0,8.0,2.0,1.0
-0.78,-0.8266666666666667,0.012777266687110296,0.42857142857142855,-9.0,11.0,2.0,1.0
-0.78,-0.84,0.012981702954104063,0.4,-10.0,11.0,2.0,1.0
-0.7666666666666667,-0.78,0.00791979340110142,0.5428571428571428,-5.0,8.0,2.0,1.0
-0.7666666666666667,-0.76,0.0026399311337004724,0.6285714285714286,-2.0,8.0,2.0,1.0
-0.76,-0.78,0.00791979340110142,0.5428571428571428,-5.0,8.0,2.0,1.0
-0.7266666666666667,-0.8533333333333334,0.014106102422569766,0.34285714285714286,-12.0,11.0,2.0,1.0
-0.7533333333333333,-0.76,0.0311511873776656,0.6285714285714286,-2.0,8.0,2.0,1.0
-0.7466666666666667,-0.7733333333333333,0.03167917360440568,0.5714285714285714,-4.0,8.0,2.0,1.0
-0.78,-0.8733333333333333,0.011039558417663296,0.2571428571428571,-15.0,11.0,2.0,1.0
-0.7733333333333333,-0.8733333333333333,0.01768373709496065,0.2571428571428571,-15.0,11.0,2.0,1.0
-0.7533333333333333,-0.7733333333333333,0.02217542152308398,0.5714285714285714,-4.0,8.0,2.0,1.0
-0.7866666666666666,-0.88,0.01257283042011653,0.22857142857142856,-16.0,11.0,2.0,1.0
-0.7533333333333333,-0.76,0.0026399311337004724,0.6285714285714286,-2.0,8.0,2.0,1.0
-0.7733333333333333,-0.8466666666666667,0.02299908003679853,0.37142857142857144,-11.0,11.0,2.0,1.0
-0.7866666666666666,-0.8733333333333333,0.019114790963917,0.2571428571428571,-15.0,11.0,2.0,1.0
-0.7733333333333333,-0.7933333333333333,0.007391807174361327,0.5142857142857142,-6.0,8.0,2.0,1.0
-0.7666666666666667,-0.7733333333333333,0.03167917360440568,0.5714285714285714,-4.0,8.0,2.0,1.0
-0.7866666666666666,-0.8733333333333333,0.014003884289072881,0.2571428571428571,-15.0,11.0,2.0,1.0
-0.78,-0.8666666666666667,0.012777266687110296,0.2857142857142857,-14.0,11.0,2.0,1.0
-0.7733333333333333,-0.8733333333333333,0.019217009097413886,0.2571428571428571,-15.0,11.0,2.0,1.0
-0.76,-0.7866666666666666,0.0,0.5428571428571428,-5.0,8.0,2.0,1.0
-0.7666666666666667,-0.7733333333333333,0.023759380203304262,0.6,-3.0,8.0,2.0,1.0
-0.7466666666666667,-0.7666666666666667,0.0,0.6,-3.0,8.0,2.0,1.0
-0.7533333333333333,-0.76,0.03167917360440568,0.6285714285714286,-2.0,8.0,2.0,1.0
-0.7466666666666667,-0.76,0.024815352656784456,0.6,-3.0,8.0,2.0,1.0
-0.7733333333333333,-0.8466666666666667,0.02299908003679853,0.37142857142857144,-11.0,11.0,2.0,1.0
-0.76,-0.78,0.017951531709163217,0.5714285714285714,-4.0,8.0,2.0,1.0
-0.7666666666666667,-0.76,0.029567228697445307,0.6285714285714286,-2.0,8.0,2.0,1.0
-0.7466666666666667,-0.76,0.02798327001722503,0.6285714285714286,-2.0,8.0,2.0,1.0
-0.7666666666666667,-0.86,0.020443626699376473,0.3142857142857143,-13.0,11.0,2.0,1.0
-0.7666666666666667,-0.76,0.02534333888352455,0.6,-3.0,8.0,2.0,1.0
-0.78,-0.86,0.010221813349688236,0.3142857142857143,-13.0,11.0,2.0,1.0
-0.7733333333333333,-0.84,0.019114790963917,0.4,-10.0,11.0,2.0,1.0
-0.76,-0.8333333333333334,0.018194827762445066,0.4,-10.0,11.0,2.0,1.0
-0.78,-0.8733333333333333,0.02473678830624553,0.2571428571428571,-15.0,11.0,2.0,1.0
-0.7733333333333333,-0.8266666666666667,0.010221813349688236,0.45714285714285713,-8.0,11.0,2.0,1.0
-0.7733333333333333,-0.8266666666666667,0.011550649085147706,0.45714285714285713,-8.0,11.0,2.0,1.0
-0.78,-0.8733333333333333,0.014003884289072881,0.2571428571428571,-15.0,11.0,2.0,1.0
-0.78,-0.86,0.014003884289072881,0.3142857142857143,-13.0,11.0,2.0,1.0
-0.7866666666666666,-0.8466666666666667,0.010221813349688236,0.37142857142857144,-11.0,11.0,2.0,1.0
-0.78,-0.8466666666666667,0.010221813349688236,0.37142857142857144,-11.0,11.0,2.0,1.0
-0.78,-0.8533333333333334,0.016150465092507414,0.34285714285714286,-12.0,11.0,2.0,1.0
-0.7533333333333333,-0.7666666666666667,0.023231393976564173,0.6,-3.0,8.0,2.0,1.0
-0.78,-0.8733333333333333,0.019114790963917,0.2571428571428571,-15.0,11.0,2.0,1.0
-0.78,-0.8466666666666667,0.012777266687110296,0.34285714285714286,-12.0,11.0,2.0,1.0
-0.7533333333333333,-0.7666666666666667,0.03167917360440568,0.6,-3.0,8.0,2.0,1.0
-0.7533333333333333,-0.7666666666666667,0.01900750416264341,0.6,-3.0,8.0,2.0,1.0
-0.7666666666666667,-0.7666666666666667,0.03167917360440568,0.6,-3.0,8.0,2.0,1.0
-0.78,-0.8733333333333333,0.011448430951650821,0.2571428571428571,-15.0,11.0,2.0,1.0
-0.7866666666666666,-0.8333333333333334,0.018194827762445066,0.4,-10.0,11.0,2.0,1.0
-0.7866666666666666,-0.8733333333333333,0.01768373709496065,0.2571428571428571,-15.0,11.0,2.0,1.0
-0.7533333333333333,-0.7666666666666667,0.01900750416264341,0.6,-3.0,8.0,2.0,1.0
-0.7733333333333333,-0.8533333333333334,0.019625881631401415,0.34285714285714286,-12.0,11.0,2.0,1.0
-0.7733333333333333,-0.8733333333333333,0.019217009097413886,0.2571428571428571,-15.0,11.0,2.0,1.0
-0.78,-0.86,0.01257283042011653,0.3142857142857143,-13.0,11.0,2.0,1.0
-0.7666666666666667,-0.76,0.0311511873776656,0.6285714285714286,-2.0,8.0,2.0,1.0
-0.76,-0.8333333333333334,0.018194827762445066,0.4,-10.0,11.0,2.0,1.0
-0.7533333333333333,-0.76,0.024815352656784456,0.6,-3.0,8.0,2.0,1.0
-0.7666666666666667,-0.8533333333333334,0.019625881631401415,0.34285714285714286,-12.0,11.0,2.0,1.0
-0.76,-0.88,0.010017377082694472,0.22857142857142856,-16.0,11.0,2.0,1.0
-0.7866666666666666,-0.88,0.010017377082694472,0.22857142857142856,-16.0,11.0,2.0,1.0
-0.7733333333333333,-0.8533333333333334,0.01768373709496065,0.34285714285714286,-12.0,11.0,2.0,1.0
-0.7666666666666667,-0.7666666666666667,0.01900750416264341,0.6,-3.0,8.0,2.0,1.0
-0.7866666666666666,-0.8466666666666667,0.012777266687110296,0.34285714285714286,-12.0,11.0,2.0,1.0
-0.7666666666666667,-0.8266666666666667,0.010221813349688236,0.45714285714285713,-8.0,11.0,2.0,1.0
-0.78,-0.8733333333333333,0.01257283042011653,0.2571428571428571,-15.0,11.0,2.0,1.0
-0.78,-0.88,0.01257283042011653,0.22857142857142856,-16.0,11.0,2.0,1.0
-0.7733333333333333,-0.8266666666666667,0.011550649085147706,0.45714285714285713,-8.0,11.0,2.0,1.0
-0.7866666666666666,-0.86,0.012470612286619645,0.3142857142857143,-13.0,11.0,2.0,1.0
-0.7666666666666667,-0.76,0.0026399311337004724,0.6285714285714286,-2.0,8.0,2.0,1.0
-0.78,-0.8666666666666667,0.016150465092507414,0.2857142857142857,-14.0,11.0,2.0,1.0
-0.76,-0.7933333333333333,0.007391807174361327,0.5142857142857142,-6.0,8.0,2.0,1.0
-0.7666666666666667,-0.86,0.020443626699376473,0.3142857142857143,-13.0,11.0,2.0,1.0
-0.7866666666666666,-0.86,0.017888173361954415,0.3142857142857143,-13.0,11.0,2.0,1.0
-0.78,-0.86,0.020443626699376473,0.3142857142857143,-13.0,11.0,2.0,1.0
-0.78,-0.8533333333333334,0.014003884289072881,0.34285714285714286,-12.0,11.0,2.0,1.0
-0.78,-0.86,0.020443626699376473,0.3142857142857143,-13.0,11.0,2.0,1.0
-0.78,-0.8333333333333334,0.010937340284166413,0.42857142857142855,-9.0,11.0,2.0,1.0
-0.78,-0.8533333333333334,0.016150465092507414,0.34285714285714286,-12.0,11.0,2.0,1.0
-0.78,-0.8666666666666667,0.008484105080241236,0.2857142857142857,-14.0,11.0,2.0,1.0
-0.7866666666666666,-0.8733333333333333,0.01768373709496065,0.2571428571428571,-15.0,11.0,2.0,1.0
-0.78,-0.86,0.01257283042011653,0.3142857142857143,-13.0,11.0,2.0,1.0
-0.7666666666666667,-0.76,0.029567228697445307,0.6285714285714286,-2.0,8.0,2.0,1.0
-0.7733333333333333,-0.86,0.014003884289072881,0.3142857142857143,-13.0,11.0,2.0,1.0
-0.7866666666666666,-0.86,0.013595011755085354,0.3142857142857143,-13.0,11.0,2.0,1.0
-0.7533333333333333,-0.7533333333333333,0.0,0.6285714285714286,-2.0,8.0,2.0,1.0
-0.78,-0.8266666666666667,0.012777266687110296,0.42857142857142855,-9.0,11.0,2.0,1.0
-0.7733333333333333,-0.8533333333333334,0.01512828375753859,0.34285714285714286,-12.0,11.0,2.0,1.0
-0.78,-0.8533333333333334,0.01257283042011653,0.34285714285714286,-12.0,11.0,2.0,1.0
-0.7666666666666667,-0.78,0.023759380203304262,0.5428571428571428,-5.0,8.0,2.0,1.0
-0.7733333333333333,-0.8466666666666667,0.012777266687110296,0.34285714285714286,-12.0,11.0,2.0,1.0
-0.7733333333333333,-0.86,0.01512828375753859,0.2857142857142857,-14.0,11.0,2.0,1.0
-0.7866666666666666,-0.8733333333333333,0.01257283042011653,0.2571428571428571,-15.0,11.0,2.0,1.0
-0.78,-0.86,0.01257283042011653,0.3142857142857143,-13.0,11.0,2.0,1.0
-0.7533333333333333,-0.78,0.01953549038938351,0.5428571428571428,-5.0,8.0,2.0,1.0
-0.7533333333333333,-0.78,0.01953549038938351,0.5428571428571428,-5.0,8.0,2.0,1.0
-0.78,-0.86,0.016150465092507414,0.3142857142857143,-13.0,11.0,2.0,1.0
-0.7266666666666667,-0.8266666666666667,0.010221813349688236,0.45714285714285713,-8.0,11.0,2.0,1.0
-0.7533333333333333,-0.7666666666666667,0.01900750416264341,0.6,-3.0,8.0,2.0,1.0
-0.78,-0.8666666666666667,0.009404068281713177,0.2857142857142857,-14.0,11.0,2.0,1.0
-0.76,-0.7933333333333333,0.007391807174361327,0.5142857142857142,-6.0,8.0,2.0,1.0
-0.7666666666666667,-0.7666666666666667,0.03167917360440568,0.6,-3.0,8.0,2.0,1.0
-0.78,-0.8533333333333334,0.016150465092507414,0.34285714285714286,-12.0,11.0,2.0,1.0
-0.78,-0.76,0.0026399311337004724,0.6285714285714286,-2.0,8.0,2.0,1.0
-0.78,-0.8333333333333334,0.018194827762445066,0.4,-10.0,11.0,2.0,1.0
-0.7533333333333333,-0.76,0.03167917360440568,0.6285714285714286,-2.0,8.0,2.0,1.0
-0.7866666666666666,-0.8666666666666667,0.009404068281713177,0.2857142857142857,-14.0,11.0,2.0,1.0
-0.7533333333333333,-0.7666666666666667,0.0026399311337004724,0.6,-3.0,8.0,2.0,1.0
-0.7533333333333333,-0.76,0.02798327001722503,0.6285714285714286,-2.0,8.0,2.0,1.0
-0.7866666666666666,-0.8533333333333334,0.014106102422569766,0.34285714285714286,-12.0,11.0,2.0,1.0
-0.7866666666666666,-0.8733333333333333,0.019114790963917,0.2571428571428571,-15.0,11.0,2.0,1.0
-0.78,-0.76,0.03167917360440568,0.6285714285714286,-2.0,8.0,2.0,1.0
-0.88,-0.86,0.01257283042011653,0.3142857142857143,-13.0,11.0,2.0,1.0
-0.7866666666666666,-0.8733333333333333,0.019217009097413886,0.2571428571428571,-15.0,11.0,2.0,1.0
-0.7733333333333333,-0.8533333333333334,0.016150465092507414,0.34285714285714286,-12.0,11.0,2.0,1.0
-0.7533333333333333,-0.7666666666666667,0.01900750416264341,0.6,-3.0,8.0,2.0,1.0
-0.78,-0.8533333333333334,0.01512828375753859,0.34285714285714286,-12.0,11.0,2.0,1.0
-0.74,-0.7533333333333333,0.017423545482423128,0.6285714285714286,-2.0,8.0,2.0,1.0
-0.7533333333333333,-0.7666666666666667,0.03167917360440568,0.6285714285714286,-2.0,8.0,2.0,1.0
-0.7666666666666667,-0.7733333333333333,0.027983270017225035,0.5714285714285714,-4.0,8.0,2.0,1.0
-0.7666666666666667,-0.8733333333333333,0.014003884289072881,0.2571428571428571,-15.0,11.0,2.0,1.0
-0.7533333333333333,-0.7666666666666667,0.02534333888352455,0.6,-3.0,8.0,2.0,1.0
-0.78,-0.86,0.020443626699376473,0.3142857142857143,-13.0,11.0,2.0,1.0
-0.7466666666666667,-0.76,0.010559724534801893,0.6285714285714286,-2.0,8.0,2.0,1.0
-0.7666666666666667,-0.76,0.03167917360440568,0.6,-3.0,8.0,2.0,1.0
-0.78,-0.7666666666666667,0.02534333888352455,0.6,-3.0,8.0,2.0,1.0
-0.7666666666666667,-0.7666666666666667,0.03167917360440568,0.6,-3.0,8.0,2.0,1.0
-0.7533333333333333,-0.7666666666666667,0.01900750416264341,0.6,-3.0,8.0,2.0,1.0
-0.7866666666666666,-0.8533333333333334,0.01257283042011653,0.34285714285714286,-12.0,11.0,2.0,1.0
-0.7866666666666666,-0.8733333333333333,0.019114790963917,0.2571428571428571,-15.0,11.0,2.0,1.0
-0.7666666666666667,-0.8733333333333333,0.014003884289072881,0.2571428571428571,-15.0,11.0,2.0,1.0
-0.7533333333333333,-0.78,0.023759380203304262,0.5428571428571428,-5.0,8.0,2.0,1.0
-0.7666666666666667,-0.76,0.03167917360440568,0.6285714285714286,-2.0,8.0,2.0,1.0
-0.7533333333333333,-0.76,0.0026399311337004724,0.6285714285714286,-2.0,8.0,2.0,1.0
-0.78,-0.8733333333333333,0.02473678830624553,0.2571428571428571,-15.0,11.0,2.0,1.0
-0.7666666666666667,-0.8533333333333334,0.016150465092507414,0.34285714285714286,-12.0,11.0,2.0,1.0
-0.7733333333333333,-0.78,0.017951531709163217,0.5714285714285714,-4.0,8.0,2.0,1.0
-0.78,-0.8666666666666667,0.011039558417663296,0.2857142857142857,-14.0,11.0,2.0,1.0
-0.7866666666666666,-0.8666666666666667,0.016150465092507414,0.2857142857142857,-14.0,11.0,2.0,1.0
-0.7733333333333333,-0.8666666666666667,0.017070428293979357,0.2857142857142857,-14.0,11.0,2.0,1.0
-0.7733333333333333,-0.8333333333333334,0.010937340284166413,0.42857142857142855,-9.0,11.0,2.0,1.0
-0.7733333333333333,-0.8333333333333334,0.018194827762445066,0.4,-10.0,11.0,2.0,1.0
-0.7533333333333333,-0.7666666666666667,0.02534333888352455,0.6,-3.0,8.0,2.0,1.0
-0.7866666666666666,-0.8666666666666667,0.017070428293979357,0.2857142857142857,-14.0,11.0,2.0,1.0
-0.7466666666666667,-0.7666666666666667,0.02534333888352455,0.6,-3.0,8.0,2.0,1.0
-0.7733333333333333,-0.86,0.017888173361954415,0.3142857142857143,-13.0,11.0,2.0,1.0
-0.7533333333333333,-0.76,0.010559724534801893,0.6285714285714286,-2.0,8.0,2.0,1.0
-0.7466666666666667,-0.7666666666666667,0.02534333888352455,0.6,-3.0,8.0,2.0,1.0
-0.7533333333333333,-0.7733333333333333,0.027983270017225035,0.5714285714285714,-4.0,8.0,2.0,1.0
-0.78,-0.8666666666666667,0.011039558417663296,0.2857142857142857,-14.0,11.0,2.0,1.0
-0.7533333333333333,-0.76,0.01319965566850237,0.6285714285714286,-2.0,8.0,2.0,1.0
-0.7666666666666667,-0.7733333333333333,0.007391807174361327,0.5714285714285714,-4.0,8.0,2.0,1.0
-0.78,-0.8666666666666667,0.011039558417663296,0.2857142857142857,-14.0,11.0,2.0,1.0
-0.7866666666666666,-0.8533333333333334,0.01512828375753859,0.34285714285714286,-12.0,11.0,2.0,1.0
-0.7666666666666667,-0.78,0.023759380203304262,0.5428571428571428,-5.0,8.0,2.0,1.0
-0.7466666666666667,-0.7666666666666667,0.0047518760406608535,0.6,-3.0,8.0,2.0,1.0
-0.78,-0.8733333333333333,0.019114790963917,0.2571428571428571,-15.0,11.0,2.0,1.0
-0.7466666666666667,-0.76,0.01953549038938351,0.6285714285714286,-2.0,8.0,2.0,1.0
-0.78,-0.8733333333333333,0.014003884289072881,0.2571428571428571,-15.0,11.0,2.0,1.0
-0.78,-0.7666666666666667,0.03167917360440568,0.6,-3.0,8.0,2.0,1.0
-0.7666666666666667,-0.8733333333333333,0.02126137176735153,0.2571428571428571,-15.0,11.0,2.0,1.0
-0.7666666666666667,-0.8733333333333333,0.019217009097413886,0.2571428571428571,-15.0,11.0,2.0,1.0
-0.7866666666666666,-0.8733333333333333,0.01768373709496065,0.2571428571428571,-15.0,11.0,2.0,1.0
-0.7733333333333333,-0.86,0.014003884289072881,0.3142857142857143,-13.0,11.0,2.0,1.0
-0.7866666666666666,-0.8733333333333333,0.019114790963917,0.2571428571428571,-15.0,11.0,2.0,1.0
-0.7666666666666667,-0.7666666666666667,0.013727641895242467,0.6,-3.0,8.0,2.0,1.0
-0.7533333333333333,-0.7733333333333333,0.023231393976564173,0.5714285714285714,-4.0,8.0,2.0,1.0
-0.7666666666666667,-0.7866666666666666,0.01900750416264341,0.5142857142857142,-6.0,8.0,2.0,1.0
-0.7533333333333333,-0.76,0.02534333888352455,0.6,-3.0,8.0,2.0,1.0
-0.7666666666666667,-0.7666666666666667,0.0047518760406608535,0.6,-3.0,8.0,2.0,1.0
-0.7866666666666666,-0.8266666666666667,0.012777266687110296,0.42857142857142855,-9.0,11.0,2.0,1.0
-0.7533333333333333,-0.7666666666666667,0.01953549038938351,0.6,-3.0,8.0,2.0,1.0
-0.7533333333333333,-0.7533333333333333,0.01900750416264341,0.6571428571428571,-1.0,8.0,2.0,1.0
-0.7666666666666667,-0.7533333333333333,0.0,0.6285714285714286,-2.0,8.0,2.0,1.0
-0.7666666666666667,-0.7733333333333333,0.007391807174361327,0.5714285714285714,-4.0,8.0,2.0,1.0
-0.7733333333333333,-0.8733333333333333,0.011039558417663296,0.2571428571428571,-15.0,11.0,2.0,1.0
-0.7466666666666667,-0.76,0.02534333888352455,0.6285714285714286,-2.0,8.0,2.0,1.0
-0.7866666666666666,-0.8733333333333333,0.02473678830624553,0.2571428571428571,-15.0,11.0,2.0,1.0
-0.7466666666666667,-0.7666666666666667,0.03167917360440568,0.6,-3.0,8.0,2.0,1.0
-0.7733333333333333,-0.8533333333333334,0.01768373709496065,0.34285714285714286,-12.0,11.0,2.0,1.0
-0.7733333333333333,-0.86,0.012470612286619645,0.3142857142857143,-13.0,11.0,2.0,1.0
-0.7533333333333333,-0.7733333333333333,0.03167917360440568,0.5714285714285714,-4.0,8.0,2.0,1.0
-0.7933333333333333,-0.8533333333333334,0.016150465092507414,0.34285714285714286,-12.0,11.0,2.0,1.0
-0.7466666666666667,-0.7533333333333333,0.017423545482423128,0.6285714285714286,-2.0,8.0,2.0,1.0
-0.76,-0.7733333333333333,0.023759380203304262,0.6,-3.0,8.0,2.0,1.0
-0.7733333333333333,-0.8733333333333333,0.011039558417663296,0.2571428571428571,-15.0,11.0,2.0,1.0
-0.7733333333333333,-0.8466666666666667,0.013492793621588471,0.34285714285714286,-12.0,11.0,2.0,1.0
-0.7666666666666667,-0.76,0.02798327001722503,0.6285714285714286,-2.0,8.0,2.0,1.0
-0.7466666666666667,-0.7533333333333333,0.0,0.6285714285714286,-2.0,8.0,2.0,1.0
-0.7866666666666666,-0.8533333333333334,0.01768373709496065,0.34285714285714286,-12.0,11.0,2.0,1.0
-0.7666666666666667,-0.8733333333333333,0.01768373709496065,0.2571428571428571,-15.0,11.0,2.0,1.0
-0.6733333333333333,-0.8333333333333334,0.010937340284166413,0.42857142857142855,-9.0,11.0,2.0,1.0
-0.7666666666666667,-0.7733333333333333,0.02217542152308398,0.5714285714285714,-4.0,8.0,2.0,1.0
-0.76,-0.84,0.012981702954104063,0.4,-10.0,11.0,2.0,1.0
-0.7533333333333333,-0.7666666666666667,0.023759380203304262,0.6,-3.0,8.0,2.0,1.0
-0.7866666666666666,-0.8666666666666667,0.016150465092507414,0.2857142857142857,-14.0,11.0,2.0,1.0
-0.78,-0.8733333333333333,0.02126137176735153,0.2571428571428571,-15.0,11.0,2.0,1.0
-0.7733333333333333,-0.8733333333333333,0.011039558417663296,0.2571428571428571,-15.0,11.0,2.0,1.0
-0.7733333333333333,-0.8733333333333333,0.01768373709496065,0.2571428571428571,-15.0,11.0,2.0,1.0
-0.78,-0.8733333333333333,0.011448430951650821,0.2571428571428571,-15.0,11.0,2.0,1.0
-0.78,-0.84,0.008381886946744355,0.4,-10.0,11.0,2.0,1.0
-0.78,-0.8533333333333334,0.01768373709496065,0.34285714285714286,-12.0,11.0,2.0,1.0
-0.7733333333333333,-0.86,0.010221813349688236,0.3142857142857143,-13.0,11.0,2.0,1.0
-0.7866666666666666,-0.86,0.017888173361954415,0.3142857142857143,-13.0,11.0,2.0,1.0
-0.7533333333333333,-0.7666666666666667,0.01953549038938351,0.6,-3.0,8.0,2.0,1.0
-0.7733333333333333,-0.8666666666666667,0.008484105080241236,0.2857142857142857,-14.0,11.0,2.0,1.0
-0.78,-0.8533333333333334,0.016150465092507414,0.34285714285714286,-12.0,11.0,2.0,1.0
-0.7866666666666666,-0.8533333333333334,0.01257283042011653,0.34285714285714286,-12.0,11.0,2.0,1.0
-0.7866666666666666,-0.8733333333333333,0.019217009097413886,0.2571428571428571,-15.0,11.0,2.0,1.0
-0.76,-0.78,0.00791979340110142,0.5428571428571428,-5.0,8.0,2.0,1.0
-0.7533333333333333,-0.7666666666666667,0.03167917360440568,0.6,-3.0,8.0,2.0,1.0
-0.7466666666666667,-0.7666666666666667,0.013727641895242467,0.6,-3.0,8.0,2.0,1.0
-0.7666666666666667,-0.76,0.029567228697445307,0.6285714285714286,-2.0,8.0,2.0,1.0
-0.78,-0.8733333333333333,0.011039558417663296,0.2571428571428571,-15.0,11.0,2.0,1.0
-0.78,-0.8533333333333334,0.014003884289072881,0.34285714285714286,-12.0,11.0,2.0,1.0
-0.7866666666666666,-0.86,0.01257283042011653,0.3142857142857143,-13.0,11.0,2.0,1.0
-0.76,-0.76,0.01319965566850237,0.6285714285714286,-2.0,8.0,2.0,1.0
-0.7533333333333333,-0.7666666666666667,0.0026399311337004724,0.6,-3.0,8.0,2.0,1.0
-0.7533333333333333,-0.7666666666666667,0.01953549038938351,0.6,-3.0,8.0,2.0,1.0
-0.78,-0.88,0.01257283042011653,0.22857142857142856,-16.0,11.0,2.0,1.0
-0.7666666666666667,-0.78,0.023759380203304262,0.5428571428571428,-5.0,8.0,2.0,1.0
-0.7466666666666667,-0.7533333333333333,0.0,0.6285714285714286,-2.0,8.0,2.0,1.0
-0.7466666666666667,-0.7666666666666667,0.01900750416264341,0.6,-3.0,8.0,2.0,1.0
-0.7733333333333333,-0.8666666666666667,0.012777266687110296,0.2857142857142857,-14.0,11.0,2.0,1.0
-0.78,-0.8733333333333333,0.02126137176735153,0.2571428571428571,-15.0,11.0,2.0,1.0
-0.7733333333333333,-0.8666666666666667,0.016150465092507414,0.2857142857142857,-14.0,11.0,2.0,1.0
-0.78,-0.8733333333333333,0.011039558417663296,0.2571428571428571,-15.0,11.0,2.0,1.0
-0.78,-0.8733333333333333,0.01768373709496065,0.2571428571428571,-15.0,11.0,2.0,1.0
-0.78,-0.8666666666666667,0.009404068281713177,0.2857142857142857,-14.0,11.0,2.0,1.0
-0.7466666666666667,-0.7666666666666667,0.0047518760406608535,0.6,-3.0,8.0,2.0,1.0
-0.7666666666666667,-0.86,0.017888173361954415,0.3142857142857143,-13.0,11.0,2.0,1.0
-0.78,-0.8533333333333334,0.014003884289072881,0.34285714285714286,-12.0,11.0,2.0,1.0
-0.74,-0.76,0.010559724534801893,0.6285714285714286,-2.0,8.0,2.0,1.0
-0.7533333333333333,-0.7666666666666667,0.023231393976564173,0.6,-3.0,8.0,2.0,1.0
-0.7666666666666667,-0.7733333333333333,0.027983270017225035,0.5714285714285714,-4.0,8.0,2.0,1.0
-0.78,-0.86,0.011039558417663296,0.3142857142857143,-13.0,11.0,2.0,1.0
-0.78,-0.8533333333333334,0.019625881631401415,0.34285714285714286,-12.0,11.0,2.0,1.0
-0.7733333333333333,-0.8733333333333333,0.011039558417663296,0.2571428571428571,-15.0,11.0,2.0,1.0
-0.7866666666666666,-0.8533333333333334,0.014106102422569766,0.34285714285714286,-12.0,11.0,2.0,1.0
-0.7733333333333333,-0.8266666666666667,0.011550649085147706,0.45714285714285713,-8.0,11.0,2.0,1.0
-0.7666666666666667,-0.7733333333333333,0.03167917360440568,0.5714285714285714,-4.0,8.0,2.0,1.0
-0.78,-0.78,0.0047518760406608535,0.5428571428571428,-5.0,8.0,2.0,1.0
-0.7533333333333333,-0.7733333333333333,0.02217542152308398,0.5714285714285714,-4.0,8.0,2.0,1.0
-0.7733333333333333,-0.86,0.01257283042011653,0.3142857142857143,-13.0,11.0,2.0,1.0
-0.7733333333333333,-0.84,0.019114790963917,0.4,-10.0,11.0,2.0,1.0
-0.7533333333333333,-0.76,0.01953549038938351,0.6285714285714286,-2.0,8.0,2.0,1.0
-0.7666666666666667,-0.7866666666666666,0.01900750416264341,0.5142857142857142,-6.0,8.0,2.0,1.0
-0.7533333333333333,-0.7733333333333333,0.023759380203304262,0.6,-3.0,8.0,2.0,1.0
-0.78,-0.88,0.01257283042011653,0.22857142857142856,-16.0,11.0,2.0,1.0
-0.7866666666666666,-0.8533333333333334,0.01768373709496065,0.34285714285714286,-12.0,11.0,2.0,1.0
-0.7533333333333333,-0.7533333333333333,0.0,0.6285714285714286,-2.0,8.0,2.0,1.0
-0.7866666666666666,-0.86,0.012470612286619645,0.3142857142857143,-13.0,11.0,2.0,1.0
-0.7666666666666667,-0.76,0.02534333888352455,0.6285714285714286,-2.0,8.0,2.0,1.0
-0.7866666666666666,-0.8733333333333333,0.01768373709496065,0.2571428571428571,-15.0,11.0,2.0,1.0
-0.7733333333333333,-0.8533333333333334,0.019625881631401415,0.34285714285714286,-12.0,11.0,2.0,1.0
-0.78,-0.8533333333333334,0.01512828375753859,0.34285714285714286,-12.0,11.0,2.0,1.0
-0.76,-0.78,0.0047518760406608535,0.5428571428571428,-5.0,8.0,2.0,1.0
-0.7866666666666666,-0.86,0.017888173361954415,0.3142857142857143,-13.0,11.0,2.0,1.0
-0.7533333333333333,-0.76,0.0026399311337004724,0.6285714285714286,-2.0,8.0,2.0,1.0
-0.7666666666666667,-0.86,0.016150465092507414,0.3142857142857143,-13.0,11.0,2.0,1.0
-0.7866666666666666,-0.84,0.019114790963917,0.4,-10.0,11.0,2.0,1.0
-0.7733333333333333,-0.8733333333333333,0.019217009097413886,0.2571428571428571,-15.0,11.0,2.0,1.0
-0.78,-0.8733333333333333,0.019114790963917,0.2571428571428571,-15.0,11.0,2.0,1.0
-0.7666666666666667,-0.7533333333333333,0.0,0.6285714285714286,-2.0,8.0,2.0,1.0
-0.78,-0.86,0.013595011755085354,0.3142857142857143,-13.0,11.0,2.0,1.0
-0.78,-0.8666666666666667,0.009404068281713177,0.2857142857142857,-14.0,11.0,2.0,1.0
-0.78,-0.8666666666666667,0.011039558417663296,0.2857142857142857,-14.0,11.0,2.0,1.0
-0.7466666666666667,-0.76,0.010559724534801893,0.6285714285714286,-2.0,8.0,2.0,1.0
-0.7533333333333333,-0.7533333333333333,0.0,0.6285714285714286,-2.0,8.0,2.0,1.0
-0.7533333333333333,-0.7666666666666667,0.0026399311337004724,0.6,-3.0,8.0,2.0,1.0
-0.7733333333333333,-0.8733333333333333,0.019114790963917,0.2571428571428571,-15.0,11.0,2.0,1.0
-0.76,-0.7666666666666667,0.023759380203304262,0.6,-3.0,8.0,2.0,1.0
-0.78,-0.8666666666666667,0.017070428293979357,0.2857142857142857,-14.0,11.0,2.0,1.0
-0.7666666666666667,-0.7666666666666667,0.01900750416264341,0.6,-3.0,8.0,2.0,1.0
-0.7733333333333333,-0.84,0.008381886946744355,0.4,-10.0,11.0,2.0,1.0
-0.7466666666666667,-0.76,0.029567228697445307,0.6285714285714286,-2.0,8.0,2.0,1.0
-0.78,-0.8666666666666667,0.012777266687110296,0.2857142857142857,-14.0,11.0,2.0,1.0
-0.7733333333333333,-0.86,0.013595011755085354,0.3142857142857143,-13.0,11.0,2.0,1.0
-0.7466666666666667,-0.7533333333333333,0.017423545482423128,0.6571428571428571,-1.0,8.0,2.0,1.0
-0.78,-0.8533333333333334,0.01512828375753859,0.34285714285714286,-12.0,11.0,2.0,1.0
-0.78,-0.86,0.013595011755085354,0.3142857142857143,-13.0,11.0,2.0,1.0
-0.78,-0.86,0.014003884289072881,0.3142857142857143,-13.0,11.0,2.0,1.0
-0.7733333333333333,-0.8333333333333334,0.010937340284166413,0.42857142857142855,-9.0,11.0,2.0,1.0
-0.7733333333333333,-0.8666666666666667,0.011039558417663296,0.2857142857142857,-14.0,11.0,2.0,1.0
-0.7666666666666667,-0.76,0.03167917360440568,0.6285714285714286,-2.0,8.0,2.0,1.0
-0.7533333333333333,-0.7666666666666667,0.013727641895242467,0.6,-3.0,8.0,2.0,1.0
-0.7533333333333333,-0.7533333333333333,0.02534333888352455,0.6285714285714286,-2.0,8.0,2.0,1.0
-0.7533333333333333,-0.7533333333333333,0.017423545482423128,0.6571428571428571,-1.0,8.0,2.0,1.0
-0.76,-0.7933333333333333,0.017951531709163217,0.5142857142857142,-6.0,8.0,2.0,1.0
-0.7666666666666667,-0.7866666666666666,0.013727641895242462,0.5142857142857142,-6.0,8.0,2.0,1.0
-0.7666666666666667,-0.7866666666666666,0.01319965566850237,0.5142857142857142,-6.0,8.0,2.0,1.0
-0.76,-0.7866666666666666,0.00791979340110142,0.5142857142857142,-6.0,8.0,2.0,1.0
-0.78,-0.8466666666666667,0.012777266687110296,0.34285714285714286,-12.0,11.0,2.0,1.0
-0.7733333333333333,-0.86,0.014003884289072881,0.3142857142857143,-13.0,11.0,2.0,1.0
-0.7866666666666666,-0.8733333333333333,0.011448430951650821,0.2571428571428571,-15.0,11.0,2.0,1.0
-0.7266666666666667,-0.8733333333333333,0.01768373709496065,0.2571428571428571,-15.0,11.0,2.0,1.0
-0.78,-0.84,0.012981702954104063,0.4,-10.0,11.0,2.0,1.0
-0.7466666666666667,-0.7666666666666667,0.01900750416264341,0.6,-3.0,8.0,2.0,1.0
-0.78,-0.8533333333333334,0.01257283042011653,0.34285714285714286,-12.0,11.0,2.0,1.0
-0.7866666666666666,-0.86,0.01257283042011653,0.3142857142857143,-13.0,11.0,2.0,1.0
-0.7533333333333333,-0.78,0.029567228697445307,0.5714285714285714,-4.0,8.0,2.0,1.0
-0.7733333333333333,-0.86,0.011039558417663296,0.3142857142857143,-13.0,11.0,2.0,1.0
-0.7466666666666667,-0.7666666666666667,0.023759380203304262,0.6,-3.0,8.0,2.0,1.0
-0.7733333333333333,-0.8266666666666667,0.010221813349688236,0.45714285714285713,-8.0,11.0,2.0,1.0
-0.7733333333333333,-0.8533333333333334,0.014003884289072881,0.34285714285714286,-12.0,11.0,2.0,1.0
-0.7466666666666667,-0.76,0.029567228697445307,0.6285714285714286,-2.0,8.0,2.0,1.0
-0.7866666666666666,-0.8266666666666667,0.012777266687110296,0.42857142857142855,-9.0,11.0,2.0,1.0
-0.7666666666666667,-0.7666666666666667,0.01900750416264341,0.6,-3.0,8.0,2.0,1.0
-0.7866666666666666,-0.8666666666666667,0.012777266687110296,0.2857142857142857,-14.0,11.0,2.0,1.0
-0.7533333333333333,-0.76,0.03167917360440568,0.6285714285714286,-2.0,8.0,2.0,1.0
-0.7733333333333333,-0.86,0.011039558417663296,0.3142857142857143,-13.0,11.0,2.0,1.0
-0.7533333333333333,-0.76,0.03167917360440568,0.6285714285714286,-2.0,8.0,2.0,1.0
-0.7733333333333333,-0.86,0.01257283042011653,0.3142857142857143,-13.0,11.0,2.0,1.0
-0.7733333333333333,-0.8733333333333333,0.01768373709496065,0.2571428571428571,-15.0,11.0,2.0,1.0
-0.76,-0.7666666666666667,0.023231393976564173,0.6,-3.0,8.0,2.0,1.0
-0.7533333333333333,-0.76,0.01953549038938351,0.6285714285714286,-2.0,8.0,2.0,1.0
-0.7533333333333333,-0.7733333333333333,0.023759380203304262,0.6,-3.0,8.0,2.0,1.0
-0.78,-0.84,0.008381886946744355,0.4,-10.0,11.0,2.0,1.0
-0.78,-0.8733333333333333,0.01257283042011653,0.2571428571428571,-15.0,11.0,2.0,1.0
-0.7466666666666667,-0.76,0.03167917360440568,0.6,-3.0,8.0,2.0,1.0
-0.7533333333333333,-0.7666666666666667,0.02534333888352455,0.6,-3.0,8.0,2.0,1.0
-0.7866666666666666,-0.8733333333333333,0.019114790963917,0.2571428571428571,-15.0,11.0,2.0,1.0
-0.78,-0.8533333333333334,0.01512828375753859,0.34285714285714286,-12.0,11.0,2.0,1.0
-0.7533333333333333,-0.7533333333333333,0.017423545482423128,0.6571428571428571,-1.0,8.0,2.0,1.0
-0.7733333333333333,-0.7866666666666666,0.0,0.5428571428571428,-5.0,8.0,2.0,1.0
-0.7733333333333333,-0.7733333333333333,0.02217542152308398,0.5714285714285714,-4.0,8.0,2.0,1.0
-0.78,-0.8266666666666667,0.010221813349688236,0.45714285714285713,-8.0,11.0,2.0,1.0
-0.7533333333333333,-0.76,0.029567228697445307,0.6285714285714286,-2.0,8.0,2.0,1.0
-0.7733333333333333,-0.84,0.019114790963917,0.4,-10.0,11.0,2.0,1.0
-0.78,-0.8266666666666667,0.011550649085147706,0.45714285714285713,-8.0,11.0,2.0,1.0
-0.7866666666666666,-0.8266666666666667,0.012777266687110296,0.42857142857142855,-9.0,11.0,2.0,1.0
-0.7666666666666667,-0.7666666666666667,0.01900750416264341,0.6,-3.0,8.0,2.0,1.0
-0.78,-0.8733333333333333,0.01257283042011653,0.2571428571428571,-15.0,11.0,2.0,1.0
-0.7533333333333333,-0.78,0.00791979340110142,0.5428571428571428,-5.0,8.0,2.0,1.0
-0.7733333333333333,-0.86,0.010221813349688236,0.3142857142857143,-13.0,11.0,2.0,1.0
-0.76,-0.7666666666666667,0.01900750416264341,0.6,-3.0,8.0,2.0,1.0
-0.7533333333333333,-0.7533333333333333,0.014255628121982562,0.6285714285714286,-2.0,8.0,2.0,1.0
-0.7933333333333333,-0.8666666666666667,0.017070428293979357,0.2857142857142857,-14.0,11.0,2.0,1.0
-0.7666666666666667,-0.7666666666666667,0.023231393976564173,0.6,-3.0,8.0,2.0,1.0
-0.7666666666666667,-0.7533333333333333,0.029567228697445307,0.6285714285714286,-2.0,8.0,2.0,1.0
-0.7666666666666667,-0.7733333333333333,0.03167917360440568,0.5714285714285714,-4.0,8.0,2.0,1.0
-0.78,-0.86,0.013595011755085354,0.3142857142857143,-13.0,11.0,2.0,1.0
-0.7733333333333333,-0.78,0.029567228697445307,0.5714285714285714,-4.0,8.0,2.0,1.0
-0.7933333333333333,-0.84,0.008381886946744355,0.4,-10.0,11.0,2.0,1.0
-0.78,-0.8333333333333334,0.010937340284166413,0.42857142857142855,-9.0,11.0,2.0,1.0
-0.78,-0.8733333333333333,0.014003884289072881,0.2571428571428571,-15.0,11.0,2.0,1.0
-0.78,-0.7666666666666667,0.02534333888352455,0.6,-3.0,8.0,2.0,1.0
-0.7533333333333333,-0.7533333333333333,0.017423545482423128,0.6571428571428571,-1.0,8.0,2.0,1.0
-0.78,-0.86,0.016150465092507414,0.3142857142857143,-13.0,11.0,2.0,1.0
-0.7733333333333333,-0.8266666666666667,0.012777266687110296,0.42857142857142855,-9.0,11.0,2.0,1.0
-0.7866666666666666,-0.8333333333333334,0.018194827762445066,0.4,-10.0,11.0,2.0,1.0
-0.7866666666666666,-0.8733333333333333,0.011039558417663296,0.2571428571428571,-15.0,11.0,2.0,1.0
-0.7666666666666667,-0.76,0.03167917360440568,0.6285714285714286,-2.0,8.0,2.0,1.0
-0.7466666666666667,-0.76,0.0311511873776656,0.6285714285714286,-2.0,8.0,2.0,1.0
-0.7666666666666667,-0.76,0.04699077417986843,0.6285714285714286,-2.0,8.0,2.0,1.0
-0.7733333333333333,-0.8466666666666667,0.01512828375753859,0.37142857142857144,-11.0,11.0,2.0,1.0
-0.7533333333333333,-0.7666666666666667,0.013727641895242467,0.6,-3.0,8.0,2.0,1.0
-0.7666666666666667,-0.76,0.029567228697445307,0.6285714285714286,-2.0,8.0,2.0,1.0
-0.7733333333333333,-0.8733333333333333,0.01257283042011653,0.2571428571428571,-15.0,11.0,2.0,1.0
-0.7666666666666667,-0.7733333333333333,0.027983270017225035,0.5714285714285714,-4.0,8.0,2.0,1.0
-0.7733333333333333,-0.86,0.013595011755085354,0.3142857142857143,-13.0,11.0,2.0,1.0
-0.7733333333333333,-0.8733333333333333,0.01768373709496065,0.2571428571428571,-15.0,11.0,2.0,1.0
-0.7533333333333333,-0.7666666666666667,0.01900750416264341,0.6,-3.0,8.0,2.0,1.0
-0.7733333333333333,-0.8333333333333334,0.018194827762445066,0.4,-10.0,11.0,2.0,1.0
-0.7666666666666667,-0.8733333333333333,0.02473678830624553,0.2571428571428571,-15.0,11.0,2.0,1.0
-0.7666666666666667,-0.76,0.03167917360440568,0.6,-3.0,8.0,2.0,1.0
-0.78,-0.86,0.01512828375753859,0.2857142857142857,-14.0,11.0,2.0,1.0
-0.7666666666666667,-0.7533333333333333,0.0,0.6285714285714286,-2.0,8.0,2.0,1.0
-0.7533333333333333,-0.76,0.024815352656784456,0.6,-3.0,8.0,2.0,1.0
-0.78,-0.8733333333333333,0.01768373709496065,0.2571428571428571,-15.0,11.0,2.0,1.0
-0.7533333333333333,-0.76,0.0026399311337004724,0.6285714285714286,-2.0,8.0,2.0,1.0
-0.7466666666666667,-0.7533333333333333,0.029567228697445307,0.6285714285714286,-2.0,8.0,2.0,1.0
-0.78,-0.8733333333333333,0.011448430951650821,0.2571428571428571,-15.0,11.0,2.0,1.0
-0.7733333333333333,-0.8533333333333334,0.01768373709496065,0.34285714285714286,-12.0,11.0,2.0,1.0
-0.7866666666666666,-0.86,0.017888173361954415,0.3142857142857143,-13.0,11.0,2.0,1.0
-0.7533333333333333,-0.76,0.03167917360440568,0.6285714285714286,-2.0,8.0,2.0,1.0
-0.78,-0.8533333333333334,0.01257283042011653,0.34285714285714286,-12.0,11.0,2.0,1.0
-0.7666666666666667,-0.76,0.03167917360440568,0.6285714285714286,-2.0,8.0,2.0,1.0
-0.78,-0.8733333333333333,0.011448430951650821,0.2571428571428571,-15.0,11.0,2.0,1.0
-0.7533333333333333,-0.76,0.0311511873776656,0.6285714285714286,-2.0,8.0,2.0,1.0
-0.7666666666666667,-0.7866666666666666,0.01319965566850237,0.5142857142857142,-6.0,8.0,2.0,1.0
-0.78,-0.86,0.010221813349688236,0.3142857142857143,-13.0,11.0,2.0,1.0
-0.7733333333333333,-0.7866666666666666,0.0,0.5428571428571428,-5.0,8.0,2.0,1.0
-0.7666666666666667,-0.7933333333333333,0.017951531709163217,0.5142857142857142,-6.0,8.0,2.0,1.0
-0.7866666666666666,-0.8533333333333334,0.01768373709496065,0.34285714285714286,-12.0,11.0,2.0,1.0
-0.7733333333333333,-0.8733333333333333,0.019114790963917,0.2571428571428571,-15.0,11.0,2.0,1.0
-0.78,-0.8733333333333333,0.014003884289072881,0.2571428571428571,-15.0,11.0,2.0,1.0
-0.7866666666666666,-0.8333333333333334,0.010937340284166413,0.42857142857142855,-9.0,11.0,2.0,1.0
-0.78,-0.88,0.010017377082694472,0.22857142857142856,-16.0,11.0,2.0,1.0
-0.7533333333333333,-0.7733333333333333,0.023759380203304262,0.6,-3.0,8.0,2.0,1.0
-0.7733333333333333,-0.8666666666666667,0.017070428293979357,0.2857142857142857,-14.0,11.0,2.0,1.0
-0.7533333333333333,-0.76,0.0026399311337004724,0.6285714285714286,-2.0,8.0,2.0,1.0
-0.7666666666666667,-0.7666666666666667,0.01900750416264341,0.6,-3.0,8.0,2.0,1.0
-0.78,-0.7666666666666667,0.01953549038938351,0.6,-3.0,8.0,2.0,1.0
-0.76,-0.7666666666666667,0.013727641895242467,0.6,-3.0,8.0,2.0,1.0
-0.7666666666666667,-0.7733333333333333,0.023231393976564173,0.5714285714285714,-4.0,8.0,2.0,1.0
-0.7533333333333333,-0.7866666666666666,0.01900750416264341,0.5142857142857142,-6.0,8.0,2.0,1.0
-0.78,-0.8533333333333334,0.014003884289072881,0.34285714285714286,-12.0,11.0,2.0,1.0
-0.7866666666666666,-0.8533333333333334,0.014003884289072881,0.34285714285714286,-12.0,11.0,2.0,1.0
-0.7733333333333333,-0.8666666666666667,0.011039558417663296,0.2857142857142857,-14.0,11.0,2.0,1.0
-0.7733333333333333,-0.8533333333333334,0.014003884289072881,0.34285714285714286,-12.0,11.0,2.0,1.0
-0.78,-0.86,0.014003884289072881,0.3142857142857143,-13.0,11.0,2.0,1.0
-0.7533333333333333,-0.76,0.04699077417986843,0.6285714285714286,-2.0,8.0,2.0,1.0
-0.7866666666666666,-0.8733333333333333,0.011039558417663296,0.2571428571428571,-15.0,11.0,2.0,1.0
-0.78,-0.8733333333333333,0.01768373709496065,0.2571428571428571,-15.0,11.0,2.0,1.0
-0.7666666666666667,-0.7866666666666666,0.013727641895242462,0.5142857142857142,-6.0,8.0,2.0,1.0
-0.7666666666666667,-0.86,0.012470612286619645,0.3142857142857143,-13.0,11.0,2.0,1.0
-0.78,-0.8466666666666667,0.010221813349688236,0.37142857142857144,-11.0,11.0,2.0,1.0
-0.7666666666666667,-0.76,0.04699077417986843,0.6285714285714286,-2.0,8.0,2.0,1.0
-0.78,-0.84,0.008381886946744355,0.4,-10.0,11.0,2.0,1.0
-0.7733333333333333,-0.86,0.012470612286619645,0.3142857142857143,-13.0,11.0,2.0,1.0
-0.7733333333333333,-0.8533333333333334,0.01768373709496065,0.34285714285714286,-12.0,11.0,2.0,1.0
-0.78,-0.8266666666666667,0.011550649085147706,0.45714285714285713,-8.0,11.0,2.0,1.0
-0.7733333333333333,-0.8533333333333334,0.019625881631401415,0.34285714285714286,-12.0,11.0,2.0,1.0
-0.74,-0.7866666666666666,0.01900750416264341,0.5142857142857142,-6.0,8.0,2.0,1.0
-0.7733333333333333,-0.8733333333333333,0.019217009097413886,0.2571428571428571,-15.0,11.0,2.0,1.0
-0.78,-0.8333333333333334,0.010937340284166413,0.42857142857142855,-9.0,11.0,2.0,1.0
-0.78,-0.8533333333333334,0.014003884289072881,0.34285714285714286,-12.0,11.0,2.0,1.0
-0.7666666666666667,-0.76,0.024815352656784456,0.6,-3.0,8.0,2.0,1.0
-0.7666666666666667,-0.7666666666666667,0.03167917360440568,0.6,-3.0,8.0,2.0,1.0
-0.7533333333333333,-0.7533333333333333,0.017423545482423128,0.6285714285714286,-2.0,8.0,2.0,1.0
-0.78,-0.88,0.01257283042011653,0.22857142857142856,-16.0,11.0,2.0,1.0
-0.7733333333333333,-0.8533333333333334,0.01512828375753859,0.34285714285714286,-12.0,11.0,2.0,1.0
-0.7666666666666667,-0.7666666666666667,0.023231393976564173,0.6,-3.0,8.0,2.0,1.0
-0.7866666666666666,-0.86,0.020443626699376473,0.3142857142857143,-13.0,11.0,2.0,1.0
-0.7666666666666667,-0.7533333333333333,0.02534333888352455,0.6285714285714286,-2.0,8.0,2.0,1.0
-0.7866666666666666,-0.8733333333333333,0.02473678830624553,0.2571428571428571,-15.0,11.0,2.0,1.0
-0.7733333333333333,-0.7733333333333333,0.02217542152308398,0.5714285714285714,-4.0,8.0,2.0,1.0
-0.7533333333333333,-0.76,0.01953549038938351,0.6285714285714286,-2.0,8.0,2.0,1.0
-0.7533333333333333,-0.7533333333333333,0.017423545482423128,0.6285714285714286,-2.0,8.0,2.0,1.0
-0.7733333333333333,-0.8266666666666667,0.010221813349688236,0.45714285714285713,-8.0,11.0,2.0,1.0
-0.7866666666666666,-0.8466666666666667,0.02299908003679853,0.37142857142857144,-11.0,11.0,2.0,1.0
-0.7533333333333333,-0.78,0.025871325110264645,0.5428571428571428,-5.0,8.0,2.0,1.0
-0.7533333333333333,-0.7533333333333333,0.029567228697445307,0.6285714285714286,-2.0,8.0,2.0,1.0
-0.78,-0.86,0.013595011755085354,0.3142857142857143,-13.0,11.0,2.0,1.0
-0.7533333333333333,-0.76,0.010559724534801893,0.6285714285714286,-2.0,8.0,2.0,1.0
-0.78,-0.84,0.008381886946744355,0.4,-10.0,11.0,2.0,1.0
-0.76,-0.7933333333333333,0.017951531709163217,0.5142857142857142,-6.0,8.0,2.0,1.0
-0.7933333333333333,-0.8533333333333334,0.01257283042011653,0.34285714285714286,-12.0,11.0,2.0,1.0
-0.78,-0.8733333333333333,0.011039558417663296,0.2571428571428571,-15.0,11.0,2.0,1.0
-0.78,-0.8,0.014003884289072881,0.5428571428571428,-5.0,11.0,2.0,2.0
-0.7533333333333333,-0.7933333333333333,0.03167917360440568,0.4857142857142857,-7.0,8.0,2.0,2.0
-0.7733333333333333,-0.8066666666666666,0.00735970561177553,0.5142857142857142,-6.0,11.0,2.0,2.0
-0.78,-0.8266666666666667,0.005110906674844118,0.42857142857142855,-9.0,11.0,2.0,2.0
-0.7666666666666667,-0.8266666666666667,0.012470612286619645,0.45714285714285713,-8.0,11.0,2.0,2.0
-0.7733333333333333,-0.82,0.015537156291526119,0.4857142857142857,-7.0,11.0,2.0,2.0
-0.7533333333333333,-0.8066666666666666,0.017951531709163224,0.42857142857142855,-9.0,8.0,2.0,2.0
-0.7666666666666667,-0.8066666666666666,0.0047518760406608535,0.42857142857142855,-9.0,8.0,2.0,2.0
-0.7733333333333333,-0.8266666666666667,0.007973014412756824,0.45714285714285713,-8.0,11.0,2.0,2.0
-0.7733333333333333,-0.8066666666666666,0.010017377082694472,0.5142857142857142,-6.0,11.0,2.0,2.0
-0.7533333333333333,-0.8066666666666666,0.023231393976564173,0.45714285714285713,-8.0,8.0,2.0,2.0
-0.78,-0.8266666666666667,0.017172646427476238,0.45714285714285713,-8.0,11.0,2.0,2.0
-0.76,-0.7866666666666666,0.00791979340110142,0.5142857142857142,-6.0,8.0,2.0,2.0
-0.7666666666666667,-0.8066666666666666,0.007391807174361327,0.42857142857142855,-9.0,8.0,2.0,2.0
-0.7533333333333333,-0.8133333333333334,0.02217542152308398,0.4,-10.0,8.0,2.0,2.0
-0.7733333333333333,-0.8066666666666666,0.023231393976564173,0.42857142857142855,-9.0,8.0,2.0,2.0
-0.7533333333333333,-0.82,0.01900750416264341,0.37142857142857144,-11.0,8.0,2.0,2.0
-0.78,-0.82,0.015537156291526119,0.4857142857142857,-7.0,11.0,2.0,2.0
-0.78,-0.8133333333333334,0.02075028109986712,0.4857142857142857,-7.0,11.0,2.0,2.0
-0.7666666666666667,-0.82,0.0047518760406608535,0.37142857142857144,-11.0,8.0,2.0,2.0
-0.7866666666666666,-0.8133333333333334,0.017070428293979357,0.4857142857142857,-7.0,11.0,2.0,2.0
-0.7733333333333333,-0.7933333333333333,0.012777266687110296,0.5714285714285714,-4.0,11.0,2.0,2.0
-0.76,-0.8266666666666667,0.013727641895242462,0.37142857142857144,-11.0,8.0,2.0,2.0
-0.7733333333333333,-0.8133333333333334,0.006439742410303589,0.4857142857142857,-7.0,11.0,2.0,2.0
-0.7666666666666667,-0.82,0.013083921087600944,0.45714285714285713,-8.0,11.0,2.0,2.0
-0.78,-0.8266666666666667,0.007973014412756824,0.45714285714285713,-8.0,11.0,2.0,2.0
-0.78,-0.8133333333333334,0.015639374425023004,0.4857142857142857,-7.0,11.0,2.0,2.0
-0.7733333333333333,-0.8133333333333334,0.006439742410303589,0.4857142857142857,-7.0,11.0,2.0,2.0
-0.7733333333333333,-0.8266666666666667,0.012981702954104063,0.45714285714285713,-8.0,11.0,2.0,2.0
-0.7533333333333333,-0.82,0.017423545482423128,0.37142857142857144,-11.0,8.0,2.0,2.0
-0.7666666666666667,-0.8266666666666667,0.013727641895242462,0.37142857142857144,-11.0,8.0,2.0,2.0
-0.78,-0.8333333333333334,0.014617193090054178,0.42857142857142855,-9.0,11.0,2.0,2.0
-0.78,-0.8133333333333334,0.017070428293979357,0.4857142857142857,-7.0,11.0,2.0,2.0
-0.74,-0.8,0.01900750416264341,0.45714285714285713,-8.0,8.0,2.0,2.0
-0.78,-0.8133333333333334,0.017070428293979357,0.4857142857142857,-7.0,11.0,2.0,2.0
-0.7733333333333333,-0.8266666666666667,0.012777266687110298,0.42857142857142855,-9.0,11.0,2.0,2.0
-0.7866666666666666,-0.82,0.02330573443728918,0.4857142857142857,-7.0,11.0,2.0,2.0
-0.78,-0.82,0.019217009097413886,0.4857142857142857,-7.0,11.0,2.0,2.0
-0.7733333333333333,-0.8133333333333334,0.02075028109986712,0.4857142857142857,-7.0,11.0,2.0,2.0
-0.7533333333333333,-0.82,0.0047518760406608535,0.4,-10.0,8.0,2.0,2.0
-0.7533333333333333,-0.8133333333333334,0.016367573028942938,0.4,-10.0,8.0,2.0,2.0
-0.7733333333333333,-0.82,0.017423545482423128,0.37142857142857144,-11.0,8.0,2.0,2.0
-0.7533333333333333,-0.8066666666666666,0.017423545482423128,0.42857142857142855,-9.0,8.0,2.0,2.0
-0.7733333333333333,-0.8,0.020443626699376473,0.5428571428571428,-5.0,11.0,2.0,2.0
-0.7666666666666667,-0.7733333333333333,0.02903924247070522,0.5714285714285714,-4.0,8.0,2.0,2.0
-0.7666666666666667,-0.8133333333333334,0.020063476616123604,0.42857142857142855,-9.0,8.0,2.0,2.0
-0.7533333333333333,-0.8133333333333334,0.0026399311337004724,0.37142857142857144,-11.0,8.0,2.0,2.0
-0.7733333333333333,-0.8333333333333334,0.007666360012266177,0.4,-10.0,11.0,2.0,2.0
-0.7733333333333333,-0.82,0.013083921087600944,0.45714285714285713,-8.0,11.0,2.0,2.0
-0.7733333333333333,-0.8266666666666667,0.007973014412756824,0.45714285714285713,-8.0,11.0,2.0,2.0
-0.78,-0.8133333333333334,0.019535490389383507,0.4,-10.0,8.0,2.0,2.0
-0.78,-0.8133333333333334,0.017070428293979357,0.4857142857142857,-7.0,11.0,2.0,2.0
-0.7666666666666667,-0.8266666666666667,0.017172646427476238,0.45714285714285713,-8.0,11.0,2.0,2.0
-0.78,-0.8266666666666667,0.02330573443728918,0.42857142857142855,-9.0,11.0,2.0,2.0
-0.7733333333333333,-0.8133333333333334,0.017070428293979357,0.4857142857142857,-7.0,11.0,2.0,2.0
-0.76,-0.7866666666666666,0.00791979340110142,0.5142857142857142,-6.0,8.0,2.0,2.0
-0.7533333333333333,-0.82,0.029567228697445307,0.37142857142857144,-11.0,8.0,2.0,2.0
-0.7733333333333333,-0.8133333333333334,0.013727641895242462,0.4,-10.0,8.0,2.0,2.0
-0.7733333333333333,-0.8266666666666667,0.02810998671164265,0.45714285714285713,-8.0,11.0,2.0,2.0
-0.7666666666666667,-0.8,0.017951531709163224,0.45714285714285713,-8.0,8.0,2.0,2.0
-0.7733333333333333,-0.82,0.015332720024532355,0.45714285714285713,-8.0,11.0,2.0,2.0
-0.78,-0.82,0.010937340284166411,0.4857142857142857,-7.0,11.0,2.0,2.0
-0.7733333333333333,-0.8266666666666667,0.013727641895242462,0.37142857142857144,-11.0,8.0,2.0,2.0
-0.7533333333333333,-0.8066666666666666,0.01900750416264341,0.42857142857142855,-9.0,8.0,2.0,2.0
-0.7666666666666667,-0.8266666666666667,0.013727641895242462,0.37142857142857144,-11.0,8.0,2.0,2.0
-0.7733333333333333,-0.8133333333333334,0.015537156291526119,0.4857142857142857,-7.0,11.0,2.0,2.0
-0.7666666666666667,-0.8066666666666666,0.00791979340110142,0.42857142857142855,-9.0,8.0,2.0,2.0
-0.76,-0.82,0.0047518760406608535,0.37142857142857144,-11.0,8.0,2.0,2.0
-0.78,-0.8266666666666667,0.005110906674844118,0.42857142857142855,-9.0,11.0,2.0,2.0
-0.7733333333333333,-0.8066666666666666,0.010017377082694472,0.5142857142857142,-6.0,11.0,2.0,2.0
-0.7666666666666667,-0.8133333333333334,0.019535490389383507,0.42857142857142855,-9.0,8.0,2.0,2.0
-0.7733333333333333,-0.8266666666666667,0.02330573443728918,0.42857142857142855,-9.0,11.0,2.0,2.0
-0.7666666666666667,-0.8333333333333334,0.010559724534801893,0.34285714285714286,-12.0,8.0,2.0,2.0
-0.7666666666666667,-0.82,0.02330573443728918,0.4857142857142857,-7.0,11.0,2.0,2.0
-0.78,-0.8133333333333334,0.017172646427476238,0.5142857142857142,-6.0,11.0,2.0,2.0
-0.76,-0.8266666666666667,0.017951531709163217,0.34285714285714286,-12.0,8.0,2.0,2.0
-0.78,-0.82,0.017423545482423128,0.37142857142857144,-11.0,8.0,2.0,2.0
-0.7733333333333333,-0.8266666666666667,0.010221813349688236,0.45714285714285713,-8.0,11.0,2.0,2.0
-0.7666666666666667,-0.8333333333333334,0.007870796279259943,0.42857142857142855,-9.0,11.0,2.0,2.0
-0.78,-0.8266666666666667,0.017172646427476238,0.45714285714285713,-8.0,11.0,2.0,2.0
-0.7533333333333333,-0.8133333333333334,0.01214368321502218,0.4,-10.0,8.0,2.0,2.0
-0.76,-0.8066666666666666,0.007391807174361327,0.42857142857142855,-9.0,8.0,2.0,2.0
-0.78,-0.82,0.011615696988282085,0.4,-10.0,8.0,2.0,2.0
-0.7666666666666667,-0.8133333333333334,0.0316791736044057,0.42857142857142855,-9.0,8.0,2.0,2.0
-0.7666666666666667,-0.82,0.02217542152308398,0.37142857142857144,-11.0,8.0,2.0,2.0
-0.7866666666666666,-0.82,0.02330573443728918,0.4857142857142857,-7.0,11.0,2.0,2.0
-0.7666666666666667,-0.84,0.006335834720881137,0.37142857142857144,-11.0,8.0,2.0,2.0
-0.7666666666666667,-0.8333333333333334,0.014255628121982562,0.34285714285714286,-12.0,8.0,2.0,2.0
-0.7533333333333333,-0.8066666666666666,0.025871325110264645,0.42857142857142855,-9.0,8.0,2.0,2.0
-0.7733333333333333,-0.7933333333333333,0.013595011755085354,0.5714285714285714,-4.0,11.0,2.0,2.0
-0.78,-0.8,0.017951531709163224,0.45714285714285713,-8.0,8.0,2.0,2.0
-0.7733333333333333,-0.8266666666666667,0.010426249616682003,0.45714285714285713,-8.0,11.0,2.0,2.0
-0.7733333333333333,-0.8133333333333334,0.02075028109986712,0.4857142857142857,-7.0,11.0,2.0,2.0
-0.7733333333333333,-0.8266666666666667,0.010221813349688236,0.45714285714285713,-8.0,11.0,2.0,2.0
-0.7533333333333333,-0.8266666666666667,0.015026065624041707,0.45714285714285713,-8.0,11.0,2.0,2.0
-0.78,-0.8133333333333334,0.022692425636307884,0.5142857142857142,-6.0,11.0,2.0,2.0
-0.7666666666666667,-0.8066666666666666,0.015332720024532358,0.5142857142857142,-6.0,11.0,2.0,2.0
-0.7733333333333333,-0.8266666666666667,0.010221813349688236,0.45714285714285713,-8.0,11.0,2.0,2.0
-0.7733333333333333,-0.82,0.010221813349688236,0.4857142857142857,-7.0,11.0,2.0,2.0
-0.7733333333333333,-0.8133333333333334,0.017070428293979357,0.4857142857142857,-7.0,11.0,2.0,2.0
-0.78,-0.8133333333333334,0.017070428293979357,0.4857142857142857,-7.0,11.0,2.0,2.0
-0.78,-0.8,0.014003884289072881,0.5428571428571428,-5.0,11.0,2.0,2.0
-0.78,-0.8066666666666666,0.0,0.42857142857142855,-9.0,8.0,2.0,2.0
-0.7666666666666667,-0.8133333333333334,0.017172646427476238,0.5142857142857142,-6.0,11.0,2.0,2.0
-0.78,-0.8266666666666667,0.012470612286619645,0.45714285714285713,-8.0,11.0,2.0,2.0
-0.7533333333333333,-0.82,0.020063476616123604,0.4,-10.0,8.0,2.0,2.0
-0.7533333333333333,-0.8133333333333334,0.020063476616123604,0.4,-10.0,8.0,2.0,2.0
-0.7666666666666667,-0.82,0.007391807174361327,0.4,-10.0,8.0,2.0,2.0
-0.78,-0.8333333333333334,0.010221813349688236,0.42857142857142855,-9.0,11.0,2.0,2.0
-0.7733333333333333,-0.8266666666666667,0.010221813349688236,0.45714285714285713,-8.0,11.0,2.0,2.0
-0.78,-0.8066666666666666,0.010017377082694472,0.5142857142857142,-6.0,11.0,2.0,2.0
-0.7666666666666667,-0.8133333333333334,0.01319965566850237,0.4,-10.0,8.0,2.0,2.0
-0.7733333333333333,-0.8,0.020443626699376473,0.5428571428571428,-5.0,11.0,2.0,2.0
-0.7866666666666666,-0.8266666666666667,0.017172646427476238,0.45714285714285713,-8.0,11.0,2.0,2.0
-0.7666666666666667,-0.8266666666666667,0.02810998671164265,0.45714285714285713,-8.0,11.0,2.0,2.0
-0.78,-0.8133333333333334,0.014255628121982562,0.4,-10.0,8.0,2.0,2.0
-0.7733333333333333,-0.8266666666666667,0.010221813349688236,0.45714285714285713,-8.0,11.0,2.0,2.0
-0.7533333333333333,-0.82,0.02217542152308398,0.37142857142857144,-11.0,8.0,2.0,2.0
-0.7666666666666667,-0.8,0.020443626699376473,0.5428571428571428,-5.0,11.0,2.0,2.0
-0.7733333333333333,-0.8333333333333334,0.012061739752632118,0.4,-10.0,11.0,2.0,2.0
-0.7733333333333333,-0.8333333333333334,0.012061739752632118,0.4,-10.0,11.0,2.0,2.0
-0.7733333333333333,-0.8266666666666667,0.007973014412756824,0.45714285714285713,-8.0,11.0,2.0,2.0
-0.7666666666666667,-0.82,0.03167917360440568,0.37142857142857144,-11.0,8.0,2.0,2.0
-0.7866666666666666,-0.8266666666666667,0.012470612286619645,0.45714285714285713,-8.0,11.0,2.0,2.0
-0.7733333333333333,-0.8133333333333334,0.022692425636307884,0.5142857142857142,-6.0,11.0,2.0,2.0
-0.7733333333333333,-0.84,0.01860370029643259,0.4,-10.0,11.0,2.0,2.0
-0.7733333333333333,-0.8266666666666667,0.02330573443728918,0.42857142857142855,-9.0,11.0,2.0,2.0
-0.7733333333333333,-0.8066666666666666,0.015332720024532358,0.5142857142857142,-6.0,11.0,2.0,2.0
-0.78,-0.8266666666666667,0.012981702954104063,0.45714285714285713,-8.0,11.0,2.0,2.0
-0.7533333333333333,-0.8066666666666666,0.01900750416264341,0.42857142857142855,-9.0,8.0,2.0,2.0
-0.7733333333333333,-0.8133333333333334,0.015639374425023004,0.4857142857142857,-7.0,11.0,2.0,2.0
-0.7666666666666667,-0.8266666666666667,0.017951531709163217,0.34285714285714286,-12.0,8.0,2.0,2.0
-0.78,-0.7933333333333333,0.013595011755085354,0.5714285714285714,-4.0,11.0,2.0,2.0
-0.78,-0.82,0.009915158949197589,0.4857142857142857,-7.0,11.0,2.0,2.0
-0.7733333333333333,-0.7933333333333333,0.013595011755085354,0.5714285714285714,-4.0,11.0,2.0,2.0
-0.78,-0.82,0.015537156291526119,0.4857142857142857,-7.0,11.0,2.0,2.0
-0.7733333333333333,-0.7933333333333333,0.013595011755085354,0.5714285714285714,-4.0,11.0,2.0,2.0
-0.7733333333333333,-0.8266666666666667,0.007973014412756824,0.45714285714285713,-8.0,11.0,2.0,2.0
-0.7733333333333333,-0.8,0.014003884289072881,0.5428571428571428,-5.0,11.0,2.0,2.0
-0.7733333333333333,-0.8266666666666667,0.019217009097413886,0.45714285714285713,-8.0,11.0,2.0,2.0
-0.7733333333333333,-0.8066666666666666,0.010017377082694472,0.5142857142857142,-6.0,11.0,2.0,2.0
-0.7666666666666667,-0.8266666666666667,0.02810998671164265,0.45714285714285713,-8.0,11.0,2.0,2.0
-0.7666666666666667,-0.8333333333333334,0.014255628121982562,0.34285714285714286,-12.0,8.0,2.0,2.0
-0.7666666666666667,-0.82,0.010221813349688236,0.4857142857142857,-7.0,11.0,2.0,2.0
-0.78,-0.82,0.010937340284166411,0.4857142857142857,-7.0,11.0,2.0,2.0
-0.7666666666666667,-0.8333333333333334,0.01214368321502218,0.34285714285714286,-12.0,8.0,2.0,2.0
-0.78,-0.82,0.015332720024532355,0.45714285714285713,-8.0,11.0,2.0,2.0
-0.7866666666666666,-0.8066666666666666,0.019114790963917,0.5142857142857142,-6.0,11.0,2.0,2.0
-0.7866666666666666,-0.82,0.008381886946744355,0.45714285714285713,-8.0,11.0,2.0,2.0
-0.78,-0.82,0.0047518760406608535,0.4,-10.0,8.0,2.0,2.0
-0.78,-0.8266666666666667,0.012470612286619645,0.45714285714285713,-8.0,11.0,2.0,2.0
-0.7866666666666666,-0.82,0.019217009097413886,0.4857142857142857,-7.0,11.0,2.0,2.0
-0.7866666666666666,-0.84,0.01860370029643259,0.4,-10.0,11.0,2.0,2.0
-0.7733333333333333,-0.8266666666666667,0.02810998671164265,0.45714285714285713,-8.0,11.0,2.0,2.0
-0.7466666666666667,-0.8133333333333334,0.0026399311337004724,0.37142857142857144,-11.0,8.0,2.0,2.0
-0.7533333333333333,-0.8133333333333334,0.0026399311337004724,0.37142857142857144,-11.0,8.0,2.0,2.0
-0.78,-0.8266666666666667,0.012777266687110298,0.42857142857142855,-9.0,11.0,2.0,2.0
-0.7733333333333333,-0.8133333333333334,0.022692425636307884,0.5142857142857142,-6.0,11.0,2.0,2.0
-0.7533333333333333,-0.8066666666666666,0.013727641895242462,0.42857142857142855,-9.0,8.0,2.0,2.0
-0.7866666666666666,-0.8333333333333334,0.014617193090054178,0.42857142857142855,-9.0,11.0,2.0,2.0
-0.7733333333333333,-0.8266666666666667,0.017951531709163217,0.34285714285714286,-12.0,8.0,2.0,2.0
-0.78,-0.8133333333333334,0.00791979340110142,0.42857142857142855,-9.0,8.0,2.0,2.0
-0.78,-0.8,0.014003884289072881,0.5428571428571428,-5.0,11.0,2.0,2.0
-0.78,-0.8333333333333334,0.010559724534801893,0.34285714285714286,-12.0,8.0,2.0,2.0
-0.7733333333333333,-0.8266666666666667,0.010221813349688236,0.45714285714285713,-8.0,11.0,2.0,2.0
-0.7666666666666667,-0.8133333333333334,0.01900750416264341,0.4,-10.0,8.0,2.0,2.0
-0.78,-0.8333333333333334,0.014617193090054178,0.42857142857142855,-9.0,11.0,2.0,2.0
-0.7666666666666667,-0.8333333333333334,0.0047518760406608535,0.34285714285714286,-12.0,8.0,2.0,2.0
-0.7533333333333333,-0.8066666666666666,0.025871325110264645,0.42857142857142855,-9.0,8.0,2.0,2.0
-0.7666666666666667,-0.8133333333333334,0.015537156291526119,0.4857142857142857,-7.0,11.0,2.0,2.0
-0.78,-0.8133333333333334,0.017172646427476238,0.5142857142857142,-6.0,11.0,2.0,2.0
-0.7533333333333333,-0.8133333333333334,0.01900750416264341,0.4,-10.0,8.0,2.0,2.0
-0.7733333333333333,-0.8266666666666667,0.02810998671164265,0.45714285714285713,-8.0,11.0,2.0,2.0
-0.7733333333333333,-0.8266666666666667,0.017172646427476238,0.45714285714285713,-8.0,11.0,2.0,2.0
-0.76,-0.8,0.014003884289072881,0.5428571428571428,-5.0,11.0,2.0,2.0
-0.7533333333333333,-0.82,0.02217542152308398,0.37142857142857144,-11.0,8.0,2.0,2.0
-0.7733333333333333,-0.8066666666666666,0.019114790963917,0.5142857142857142,-6.0,11.0,2.0,2.0
-0.7533333333333333,-0.8133333333333334,0.029567228697445307,0.4,-10.0,8.0,2.0,2.0
-0.7533333333333333,-0.8133333333333334,0.013727641895242462,0.4,-10.0,8.0,2.0,2.0
-0.76,-0.8266666666666667,0.02798327001722503,0.37142857142857144,-11.0,8.0,2.0,2.0
-0.7666666666666667,-0.8266666666666667,0.010221813349688236,0.45714285714285713,-8.0,11.0,2.0,2.0
-0.7666666666666667,-0.8066666666666666,0.01214368321502218,0.45714285714285713,-8.0,8.0,2.0,2.0
-0.7733333333333333,-0.7933333333333333,0.013595011755085354,0.5714285714285714,-4.0,11.0,2.0,2.0
-0.7666666666666667,-0.8333333333333334,0.005807848494141042,0.3142857142857143,-13.0,8.0,2.0,2.0
-0.7733333333333333,-0.82,0.024815352656784456,0.4,-10.0,8.0,2.0,2.0
-0.7533333333333333,-0.8066666666666666,0.01214368321502218,0.45714285714285713,-8.0,8.0,2.0,2.0
-0.7666666666666667,-0.8133333333333334,0.00791979340110142,0.42857142857142855,-9.0,8.0,2.0,2.0
-0.7666666666666667,-0.8133333333333334,0.020063476616123604,0.4,-10.0,8.0,2.0,2.0
-0.7733333333333333,-0.82,0.008381886946744355,0.45714285714285713,-8.0,11.0,2.0,2.0
-0.7733333333333333,-0.8133333333333334,0.017172646427476238,0.5142857142857142,-6.0,11.0,2.0,2.0
-0.7666666666666667,-0.8266666666666667,0.010221813349688236,0.45714285714285713,-8.0,11.0,2.0,2.0
-0.74,-0.8066666666666666,0.017423545482423128,0.42857142857142855,-9.0,8.0,2.0,2.0
-0.78,-0.8133333333333334,0.0316791736044057,0.42857142857142855,-9.0,8.0,2.0,2.0
-0.7466666666666667,-0.8066666666666666,0.01900750416264341,0.42857142857142855,-9.0,8.0,2.0,2.0
-0.78,-0.8266666666666667,0.015026065624041707,0.45714285714285713,-8.0,11.0,2.0,2.0
-0.78,-0.8,0.014003884289072881,0.5428571428571428,-5.0,11.0,2.0,2.0
-0.7666666666666667,-0.84,0.006335834720881137,0.37142857142857144,-11.0,8.0,2.0,2.0
-0.7666666666666667,-0.8333333333333334,0.007666360012266177,0.4,-10.0,11.0,2.0,2.0
-0.78,-0.8133333333333334,0.015639374425023004,0.4857142857142857,-7.0,11.0,2.0,2.0
-0.78,-0.8066666666666666,0.012981702954104063,0.5142857142857142,-6.0,11.0,2.0,2.0
-0.7733333333333333,-0.8266666666666667,0.007973014412756824,0.45714285714285713,-8.0,11.0,2.0,2.0
-0.7866666666666666,-0.8266666666666667,0.010221813349688236,0.45714285714285713,-8.0,11.0,2.0,2.0
-0.74,-0.8066666666666666,0.01214368321502218,0.45714285714285713,-8.0,8.0,2.0,2.0
-0.78,-0.8066666666666666,0.012981702954104063,0.5142857142857142,-6.0,11.0,2.0,2.0
-0.7533333333333333,-0.82,0.01900750416264341,0.37142857142857144,-11.0,8.0,2.0,2.0
-0.78,-0.82,0.009915158949197589,0.4857142857142857,-7.0,11.0,2.0,2.0
-0.7466666666666667,-0.8333333333333334,0.005807848494141042,0.3142857142857143,-13.0,8.0,2.0,2.0
-0.76,-0.8066666666666666,0.01214368321502218,0.45714285714285713,-8.0,8.0,2.0,2.0
-0.7733333333333333,-0.8266666666666667,0.02798327001722503,0.37142857142857144,-11.0,8.0,2.0,2.0
-0.7733333333333333,-0.8333333333333334,0.007666360012266177,0.4,-10.0,11.0,2.0,2.0
-0.7533333333333333,-0.8066666666666666,0.023231393976564173,0.45714285714285713,-8.0,8.0,2.0,2.0
-0.78,-0.8133333333333334,0.020063476616123604,0.42857142857142855,-9.0,8.0,2.0,2.0
-0.78,-0.8333333333333334,0.007666360012266177,0.4,-10.0,11.0,2.0,2.0
-0.7733333333333333,-0.8066666666666666,0.019114790963917,0.5142857142857142,-6.0,11.0,2.0,2.0
-0.7666666666666667,-0.8066666666666666,0.017423545482423128,0.42857142857142855,-9.0,8.0,2.0,2.0
-0.7733333333333333,-0.82,0.01319965566850237,0.4,-10.0,8.0,2.0,2.0
-0.7733333333333333,-0.8133333333333334,0.017172646427476238,0.5142857142857142,-6.0,11.0,2.0,2.0
-0.76,-0.8066666666666666,0.01953549038938351,0.42857142857142855,-9.0,8.0,2.0,2.0
-0.7533333333333333,-0.8266666666666667,0.010221813349688236,0.45714285714285713,-8.0,11.0,2.0,2.0
-0.7533333333333333,-0.82,0.007391807174361327,0.4,-10.0,8.0,2.0,2.0
-0.7733333333333333,-0.8266666666666667,0.016150465092507414,0.45714285714285713,-8.0,11.0,2.0,2.0
-0.7666666666666667,-0.8266666666666667,0.017172646427476238,0.45714285714285713,-8.0,11.0,2.0,2.0
-0.7666666666666667,-0.8066666666666666,0.010017377082694472,0.5142857142857142,-6.0,11.0,2.0,2.0
-0.7733333333333333,-0.82,0.010221813349688236,0.4857142857142857,-7.0,11.0,2.0,2.0
-0.78,-0.8133333333333334,0.017172646427476238,0.5142857142857142,-6.0,11.0,2.0,2.0
-0.7466666666666667,-0.8,0.03167917360440568,0.4857142857142857,-7.0,8.0,2.0,2.0
-0.7666666666666667,-0.7933333333333333,0.03167917360440568,0.4857142857142857,-7.0,8.0,2.0,2.0
-0.7066666666666667,-0.8133333333333334,0.01900750416264341,0.4,-10.0,8.0,2.0,2.0
-0.7533333333333333,-0.8,0.017951531709163224,0.45714285714285713,-8.0,8.0,2.0,2.0
-0.7533333333333333,-0.82,0.01319965566850237,0.4,-10.0,8.0,2.0,2.0
-0.7666666666666667,-0.82,0.015332720024532355,0.45714285714285713,-8.0,11.0,2.0,2.0
-0.7666666666666667,-0.8066666666666666,0.025871325110264645,0.42857142857142855,-9.0,8.0,2.0,2.0
-0.7666666666666667,-0.8333333333333334,0.035375077191586356,0.3142857142857143,-13.0,8.0,2.0,2.0
-0.7466666666666667,-0.8333333333333334,0.01214368321502218,0.34285714285714286,-12.0,8.0,2.0,2.0
-0.7533333333333333,-0.8133333333333334,0.020063476616123604,0.42857142857142855,-9.0,8.0,2.0,2.0
-0.78,-0.8266666666666667,0.005110906674844118,0.42857142857142855,-9.0,11.0,2.0,2.0
-0.76,-0.8266666666666667,0.020063476616123604,0.37142857142857144,-11.0,8.0,2.0,2.0
-0.7733333333333333,-0.8266666666666667,0.015026065624041707,0.45714285714285713,-8.0,11.0,2.0,2.0
-0.7533333333333333,-0.82,0.020063476616123604,0.4,-10.0,8.0,2.0,2.0
-0.78,-0.8266666666666667,0.007973014412756824,0.45714285714285713,-8.0,11.0,2.0,2.0
-0.78,-0.8266666666666667,0.012981702954104063,0.45714285714285713,-8.0,11.0,2.0,2.0
-0.78,-0.82,0.0047518760406608535,0.37142857142857144,-11.0,8.0,2.0,2.0
-0.7733333333333333,-0.8,0.014003884289072881,0.5428571428571428,-5.0,11.0,2.0,2.0
-0.7666666666666667,-0.8133333333333334,0.029567228697445307,0.4,-10.0,8.0,2.0,2.0
-0.7733333333333333,-0.8066666666666666,0.007391807174361327,0.42857142857142855,-9.0,8.0,2.0,2.0
-0.78,-0.8266666666666667,0.005110906674844118,0.42857142857142855,-9.0,11.0,2.0,2.0
-0.7666666666666667,-0.8266666666666667,0.007973014412756824,0.42857142857142855,-9.0,11.0,2.0,2.0
-0.7466666666666667,-0.8066666666666666,0.025871325110264645,0.42857142857142855,-9.0,8.0,2.0,2.0
-0.7666666666666667,-0.8333333333333334,0.01214368321502218,0.34285714285714286,-12.0,8.0,2.0,2.0
-0.78,-0.8266666666666667,0.007973014412756824,0.45714285714285713,-8.0,11.0,2.0,2.0
-0.7733333333333333,-0.8066666666666666,0.010017377082694472,0.5142857142857142,-6.0,11.0,2.0,2.0
-0.78,-0.8266666666666667,0.007973014412756824,0.45714285714285713,-8.0,11.0,2.0,2.0
-0.7533333333333333,-0.8133333333333334,0.019535490389383507,0.42857142857142855,-9.0,8.0,2.0,2.0
-0.78,-0.82,0.010937340284166411,0.4857142857142857,-7.0,11.0,2.0,2.0
-0.7333333333333333,-0.8066666666666666,0.023231393976564173,0.42857142857142855,-9.0,8.0,2.0,2.0
-0.7666666666666667,-0.8133333333333334,0.015639374425023004,0.4857142857142857,-7.0,11.0,2.0,2.0
-0.7866666666666666,-0.8266666666666667,0.016150465092507414,0.45714285714285713,-8.0,11.0,2.0,2.0
-0.78,-0.8266666666666667,0.005110906674844118,0.42857142857142855,-9.0,11.0,2.0,2.0
-0.7866666666666666,-0.8066666666666666,0.010017377082694472,0.5142857142857142,-6.0,11.0,2.0,2.0
-0.7866666666666666,-0.8333333333333334,0.010221813349688236,0.42857142857142855,-9.0,11.0,2.0,2.0
-0.7733333333333333,-0.7933333333333333,0.012777266687110296,0.5714285714285714,-4.0,11.0,2.0,2.0
-0.78,-0.8266666666666667,0.007973014412756824,0.45714285714285713,-8.0,11.0,2.0,2.0
-0.7733333333333333,-0.8266666666666667,0.010426249616682003,0.45714285714285713,-8.0,11.0,2.0,2.0
-0.78,-0.82,0.009915158949197589,0.4857142857142857,-7.0,11.0,2.0,2.0
-0.7533333333333333,-0.8066666666666666,0.025871325110264645,0.42857142857142855,-9.0,8.0,2.0,2.0
-0.78,-0.8266666666666667,0.019217009097413886,0.45714285714285713,-8.0,11.0,2.0,2.0
-0.7733333333333333,-0.8,0.014003884289072881,0.5428571428571428,-5.0,11.0,2.0,2.0
-0.78,-0.82,0.008381886946744355,0.45714285714285713,-8.0,11.0,2.0,2.0
-0.7666666666666667,-0.8266666666666667,0.017172646427476238,0.45714285714285713,-8.0,11.0,2.0,2.0
-0.7666666666666667,-0.8266666666666667,0.013727641895242462,0.37142857142857144,-11.0,8.0,2.0,2.0
-0.7666666666666667,-0.8,0.01900750416264341,0.45714285714285713,-8.0,8.0,2.0,2.0
-0.7666666666666667,-0.8333333333333334,0.006335834720881137,0.34285714285714286,-12.0,8.0,2.0,2.0
-0.78,-0.8333333333333334,0.014255628121982562,0.34285714285714286,-12.0,8.0,2.0,2.0
-0.7733333333333333,-0.8266666666666667,0.005110906674844118,0.42857142857142855,-9.0,11.0,2.0,2.0
-0.76,-0.82,0.015537156291526119,0.4857142857142857,-7.0,11.0,2.0,2.0
-0.7866666666666666,-0.82,0.03403863845446183,0.45714285714285713,-8.0,11.0,2.0,2.0
-0.7666666666666667,-0.8066666666666666,0.023231393976564173,0.45714285714285713,-8.0,8.0,2.0,2.0
-0.7666666666666667,-0.8333333333333334,0.0047518760406608535,0.34285714285714286,-12.0,8.0,2.0,2.0
-0.7666666666666667,-0.8066666666666666,0.025871325110264645,0.42857142857142855,-9.0,8.0,2.0,2.0
-0.7866666666666666,-0.8266666666666667,0.02330573443728918,0.42857142857142855,-9.0,11.0,2.0,2.0
-0.7666666666666667,-0.8066666666666666,0.017423545482423128,0.42857142857142855,-9.0,8.0,2.0,2.0
-0.7533333333333333,-0.8066666666666666,0.016367573028942938,0.42857142857142855,-9.0,8.0,2.0,2.0
-0.76,-0.82,0.02217542152308398,0.37142857142857144,-11.0,8.0,2.0,2.0
-0.78,-0.8333333333333334,0.007870796279259943,0.42857142857142855,-9.0,11.0,2.0,2.0
-0.78,-0.8266666666666667,0.016150465092507414,0.45714285714285713,-8.0,11.0,2.0,2.0
-0.7866666666666666,-0.8133333333333334,0.015639374425023004,0.4857142857142857,-7.0,11.0,2.0,2.0
-0.78,-0.8266666666666667,0.005110906674844118,0.42857142857142855,-9.0,11.0,2.0,2.0
-0.7733333333333333,-0.8066666666666666,0.010017377082694472,0.5142857142857142,-6.0,11.0,2.0,2.0
-0.78,-0.8066666666666666,0.00735970561177553,0.5142857142857142,-6.0,11.0,2.0,2.0
-0.76,-0.82,0.01319965566850237,0.4,-10.0,8.0,2.0,2.0
-0.7733333333333333,-0.82,0.009915158949197589,0.4857142857142857,-7.0,11.0,2.0,2.0
-0.78,-0.82,0.015537156291526119,0.4857142857142857,-7.0,11.0,2.0,2.0
-0.7533333333333333,-0.8,0.027983270017225035,0.45714285714285713,-8.0,8.0,2.0,2.0
-0.7733333333333333,-0.8066666666666666,0.0,0.42857142857142855,-9.0,8.0,2.0,2.0
-0.76,-0.8266666666666667,0.02798327001722503,0.37142857142857144,-11.0,8.0,2.0,2.0
-0.7866666666666666,-0.8133333333333334,0.006439742410303589,0.4857142857142857,-7.0,11.0,2.0,2.0
-0.78,-0.8,0.020443626699376473,0.5428571428571428,-5.0,11.0,2.0,2.0
-0.78,-0.8266666666666667,0.005110906674844118,0.42857142857142855,-9.0,11.0,2.0,2.0
-0.7733333333333333,-0.8133333333333334,0.015537156291526119,0.4857142857142857,-7.0,11.0,2.0,2.0
-0.7733333333333333,-0.8066666666666666,0.015332720024532358,0.5142857142857142,-6.0,11.0,2.0,2.0
-0.78,-0.82,0.017423545482423128,0.37142857142857144,-11.0,8.0,2.0,2.0
-0.7533333333333333,-0.7733333333333333,0.02903924247070522,0.5714285714285714,-4.0,8.0,2.0,2.0
-0.7666666666666667,-0.8133333333333334,0.019535490389383507,0.42857142857142855,-9.0,8.0,2.0,2.0
-0.76,-0.82,0.03403863845446183,0.45714285714285713,-8.0,11.0,2.0,2.0
-0.7666666666666667,-0.8133333333333334,0.02075028109986712,0.4857142857142857,-7.0,11.0,2.0,2.0
-0.7733333333333333,-0.8066666666666666,0.01953549038938351,0.42857142857142855,-9.0,8.0,2.0,2.0
-0.7666666666666667,-0.8133333333333334,0.01900750416264341,0.4,-10.0,8.0,2.0,2.0
-0.76,-0.8066666666666666,0.007391807174361327,0.42857142857142855,-9.0,8.0,2.0,2.0
-0.7666666666666667,-0.8266666666666667,0.02330573443728918,0.42857142857142855,-9.0,11.0,2.0,2.0
-0.7733333333333333,-0.8266666666666667,0.007973014412756824,0.45714285714285713,-8.0,11.0,2.0,2.0
-0.7666666666666667,-0.8333333333333334,0.01214368321502218,0.34285714285714286,-12.0,8.0,2.0,2.0
-0.7666666666666667,-0.8266666666666667,0.012981702954104063,0.45714285714285713,-8.0,11.0,2.0,2.0
-0.7666666666666667,-0.8266666666666667,0.020063476616123604,0.37142857142857144,-11.0,8.0,2.0,2.0
-0.7666666666666667,-0.8066666666666666,0.010017377082694472,0.5142857142857142,-6.0,11.0,2.0,2.0
-0.7666666666666667,-0.8,0.020443626699376473,0.5428571428571428,-5.0,11.0,2.0,2.0
-0.7733333333333333,-0.8066666666666666,0.019114790963917,0.5142857142857142,-6.0,11.0,2.0,2.0
-0.7666666666666667,-0.7733333333333333,0.02903924247070522,0.5714285714285714,-4.0,8.0,2.0,2.0
-0.7733333333333333,-0.82,0.009915158949197589,0.4857142857142857,-7.0,11.0,2.0,2.0
-0.7666666666666667,-0.8066666666666666,0.01900750416264341,0.42857142857142855,-9.0,8.0,2.0,2.0
-0.7666666666666667,-0.8266666666666667,0.012777266687110298,0.42857142857142855,-9.0,11.0,2.0,2.0
-0.7933333333333333,-0.8133333333333334,0.02075028109986712,0.4857142857142857,-7.0,11.0,2.0,2.0
-0.7733333333333333,-0.8266666666666667,0.017172646427476238,0.45714285714285713,-8.0,11.0,2.0,2.0
-0.78,-0.8133333333333334,0.017172646427476238,0.5142857142857142,-6.0,11.0,2.0,2.0
-0.7666666666666667,-0.8066666666666666,0.016367573028942938,0.42857142857142855,-9.0,8.0,2.0,2.0
-0.78,-0.82,0.010937340284166411,0.4857142857142857,-7.0,11.0,2.0,2.0
-0.7866666666666666,-0.8066666666666666,0.00735970561177553,0.5142857142857142,-6.0,11.0,2.0,2.0
-0.78,-0.8333333333333334,0.007666360012266177,0.4,-10.0,11.0,2.0,2.0
-0.7533333333333333,-0.8,0.027983270017225035,0.45714285714285713,-8.0,8.0,2.0,2.0
-0.7666666666666667,-0.8066666666666666,0.016367573028942938,0.42857142857142855,-9.0,8.0,2.0,2.0
-0.7733333333333333,-0.8333333333333334,0.0047518760406608535,0.34285714285714286,-12.0,8.0,2.0,2.0
-0.78,-0.8133333333333334,0.017172646427476238,0.5142857142857142,-6.0,11.0,2.0,2.0
-0.7533333333333333,-0.8066666666666666,0.023231393976564173,0.42857142857142855,-9.0,8.0,2.0,2.0
-0.7866666666666666,-0.8066666666666666,0.012981702954104063,0.5142857142857142,-6.0,11.0,2.0,2.0
-0.7533333333333333,-0.82,0.03167917360440568,0.37142857142857144,-11.0,8.0,2.0,2.0
-0.7666666666666667,-0.7933333333333333,0.012777266687110296,0.5714285714285714,-4.0,11.0,2.0,2.0
-0.7666666666666667,-0.8333333333333334,0.014255628121982562,0.34285714285714286,-12.0,8.0,2.0,2.0
-0.78,-0.8333333333333334,0.007870796279259943,0.42857142857142855,-9.0,11.0,2.0,2.0
-0.78,-0.82,0.010937340284166411,0.4857142857142857,-7.0,11.0,2.0,2.0
-0.76,-0.8133333333333334,0.006335834720881137,0.4,-10.0,8.0,2.0,2.0
-0.78,-0.8066666666666666,0.019114790963917,0.5142857142857142,-6.0,11.0,2.0,2.0
-0.7733333333333333,-0.82,0.010937340284166411,0.4857142857142857,-7.0,11.0,2.0,2.0
-0.78,-0.82,0.010221813349688236,0.4857142857142857,-7.0,11.0,2.0,2.0
-0.78,-0.8266666666666667,0.007973014412756824,0.45714285714285713,-8.0,11.0,2.0,2.0
-0.7733333333333333,-0.8333333333333334,0.007666360012266177,0.4,-10.0,11.0,2.0,2.0
-0.7533333333333333,-0.8066666666666666,0.008447779627841517,0.42857142857142855,-9.0,8.0,2.0,2.0
-0.7533333333333333,-0.8,0.03167917360440568,0.4857142857142857,-7.0,8.0,2.0,2.0
-0.7666666666666667,-0.8133333333333334,0.019535490389383507,0.4,-10.0,8.0,2.0,2.0
-0.7666666666666667,-0.8133333333333334,0.006335834720881137,0.4,-10.0,8.0,2.0,2.0
-0.7733333333333333,-0.8133333333333334,0.02217542152308398,0.4,-10.0,8.0,2.0,2.0
-0.7666666666666667,-0.8066666666666666,0.0047518760406608535,0.42857142857142855,-9.0,8.0,2.0,2.0
-0.7666666666666667,-0.82,0.007391807174361327,0.37142857142857144,-11.0,8.0,2.0,2.0
-0.78,-0.7866666666666666,0.00791979340110142,0.5142857142857142,-6.0,8.0,2.0,2.0
-0.76,-0.8266666666666667,0.012470612286619645,0.45714285714285713,-8.0,11.0,2.0,2.0
-0.78,-0.82,0.010221813349688236,0.4857142857142857,-7.0,11.0,2.0,2.0
-0.7733333333333333,-0.8333333333333334,0.010221813349688236,0.42857142857142855,-9.0,11.0,2.0,2.0
-0.7733333333333333,-0.8066666666666666,0.010017377082694472,0.5142857142857142,-6.0,11.0,2.0,2.0
-0.78,-0.82,0.010937340284166411,0.4857142857142857,-7.0,11.0,2.0,2.0
-0.7666666666666667,-0.8066666666666666,0.013727641895242462,0.42857142857142855,-9.0,8.0,2.0,2.0
-0.78,-0.82,0.008381886946744355,0.45714285714285713,-8.0,11.0,2.0,2.0
-0.7666666666666667,-0.82,0.03403863845446183,0.45714285714285713,-8.0,11.0,2.0,2.0
-0.76,-0.84,0.010559724534801893,0.3142857142857143,-13.0,8.0,2.0,2.0
-0.78,-0.8133333333333334,0.006439742410303589,0.4857142857142857,-7.0,11.0,2.0,2.0
-0.7666666666666667,-0.8066666666666666,0.023231393976564173,0.42857142857142855,-9.0,8.0,2.0,2.0
-0.7666666666666667,-0.8133333333333334,0.022692425636307884,0.5142857142857142,-6.0,11.0,2.0,2.0
-0.78,-0.82,0.015537156291526119,0.4857142857142857,-7.0,11.0,2.0,2.0
-0.7666666666666667,-0.8333333333333334,0.014255628121982562,0.34285714285714286,-12.0,8.0,2.0,2.0
-0.7733333333333333,-0.82,0.015332720024532355,0.45714285714285713,-8.0,11.0,2.0,2.0
-0.7533333333333333,-0.82,0.02217542152308398,0.37142857142857144,-11.0,8.0,2.0,2.0
-0.7733333333333333,-0.8333333333333334,0.007870796279259943,0.42857142857142855,-9.0,11.0,2.0,2.0
-0.7666666666666667,-0.8133333333333334,0.01900750416264341,0.4,-10.0,8.0,2.0,2.0
-0.78,-0.8133333333333334,0.006439742410303589,0.4857142857142857,-7.0,11.0,2.0,2.0
-0.7666666666666667,-0.82,0.029567228697445314,0.37142857142857144,-11.0,8.0,2.0,2.0
-0.7733333333333333,-0.82,0.03403863845446183,0.45714285714285713,-8.0,11.0,2.0,2.0
-0.78,-0.8066666666666666,0.010017377082694472,0.5142857142857142,-6.0,11.0,2.0,2.0
-0.7666666666666667,-0.8066666666666666,0.0,0.42857142857142855,-9.0,8.0,2.0,2.0
-0.7533333333333333,-0.8066666666666666,0.01953549038938351,0.42857142857142855,-9.0,8.0,2.0,2.0
-0.7666666666666667,-0.8066666666666666,0.007391807174361327,0.42857142857142855,-9.0,8.0,2.0,2.0
-0.7866666666666666,-0.7933333333333333,0.012777266687110296,0.5714285714285714,-4.0,11.0,2.0,2.0
-0.7733333333333333,-0.84,0.01860370029643259,0.4,-10.0,11.0,2.0,2.0
-0.7466666666666667,-0.82,0.024815352656784456,0.4,-10.0,8.0,2.0,2.0
-0.7666666666666667,-0.82,0.01900750416264341,0.37142857142857144,-11.0,8.0,2.0,2.0
-0.7666666666666667,-0.8133333333333334,0.017172646427476238,0.5142857142857142,-6.0,11.0,2.0,2.0
-0.7666666666666667,-0.8066666666666666,0.019114790963917,0.5142857142857142,-6.0,11.0,2.0,2.0
-0.7533333333333333,-0.8133333333333334,0.006335834720881137,0.4,-10.0,8.0,2.0,2.0
-0.7733333333333333,-0.8133333333333334,0.01214368321502218,0.4,-10.0,8.0,2.0,2.0
-0.7666666666666667,-0.8133333333333334,0.019535490389383507,0.42857142857142855,-9.0,8.0,2.0,2.0
-0.76,-0.8133333333333334,0.022692425636307884,0.5142857142857142,-6.0,11.0,2.0,2.0
-0.7666666666666667,-0.8,0.027983270017225035,0.45714285714285713,-8.0,8.0,2.0,2.0
-0.7866666666666666,-0.8133333333333334,0.02075028109986712,0.4857142857142857,-7.0,11.0,2.0,2.0
-0.78,-0.8066666666666666,0.015332720024532358,0.5142857142857142,-6.0,11.0,2.0,2.0
-0.78,-0.82,0.015332720024532355,0.45714285714285713,-8.0,11.0,2.0,2.0
-0.7666666666666667,-0.8133333333333334,0.01319965566850237,0.4,-10.0,8.0,2.0,2.0
-0.7866666666666666,-0.84,0.01860370029643259,0.4,-10.0,11.0,2.0,2.0
-0.7466666666666667,-0.8266666666666667,0.013727641895242462,0.37142857142857144,-11.0,8.0,2.0,2.0
-0.7666666666666667,-0.8266666666666667,0.010426249616682003,0.45714285714285713,-8.0,11.0,2.0,2.0
-0.7666666666666667,-0.8066666666666666,0.013727641895242462,0.42857142857142855,-9.0,8.0,2.0,2.0
-0.76,-0.8133333333333334,0.01953549038938351,0.4,-10.0,8.0,2.0,2.0
-0.7866666666666666,-0.8066666666666666,0.012981702954104063,0.5142857142857142,-6.0,11.0,2.0,2.0
-0.7666666666666667,-0.8066666666666666,0.0,0.42857142857142855,-9.0,8.0,2.0,2.0
-0.76,-0.82,0.01214368321502218,0.4,-10.0,8.0,2.0,2.0
-0.76,-0.82,0.017423545482423128,0.37142857142857144,-11.0,8.0,2.0,2.0
-0.78,-0.82,0.010937340284166411,0.4857142857142857,-7.0,11.0,2.0,2.0
-0.7733333333333333,-0.84,0.010559724534801893,0.3142857142857143,-13.0,8.0,2.0,2.0
-0.7666666666666667,-0.7933333333333333,0.012777266687110296,0.5714285714285714,-4.0,11.0,2.0,2.0
-0.78,-0.8266666666666667,0.007973014412756824,0.45714285714285713,-8.0,11.0,2.0,2.0
-0.78,-0.8266666666666667,0.010221813349688236,0.45714285714285713,-8.0,11.0,2.0,2.0
-0.78,-0.8066666666666666,0.01214368321502218,0.45714285714285713,-8.0,8.0,2.0,2.0
-0.76,-0.8133333333333334,0.006335834720881137,0.4,-10.0,8.0,2.0,2.0
-0.78,-0.8266666666666667,0.012777266687110298,0.42857142857142855,-9.0,11.0,2.0,2.0
-0.7733333333333333,-0.82,0.015332720024532355,0.45714285714285713,-8.0,11.0,2.0,2.0
-0.7733333333333333,-0.8266666666666667,0.010221813349688236,0.45714285714285713,-8.0,11.0,2.0,2.0
-0.7733333333333333,-0.8266666666666667,0.005110906674844118,0.42857142857142855,-9.0,11.0,2.0,2.0
-0.7666666666666667,-0.8066666666666666,0.008447779627841517,0.42857142857142855,-9.0,8.0,2.0,2.0
-0.76,-0.8133333333333334,0.014255628121982562,0.4,-10.0,8.0,2.0,2.0
-0.7533333333333333,-0.8,0.017951531709163224,0.45714285714285713,-8.0,8.0,2.0,2.0
-0.7933333333333333,-0.82,0.013083921087600944,0.45714285714285713,-8.0,11.0,2.0,2.0
-0.7666666666666667,-0.8,0.03167917360440568,0.4857142857142857,-7.0,8.0,2.0,2.0
-0.7866666666666666,-0.8,0.027983270017225035,0.45714285714285713,-8.0,8.0,2.0,2.0
-0.7733333333333333,-0.84,0.01860370029643259,0.4,-10.0,11.0,2.0,2.0
-0.78,-0.8266666666666667,0.02798327001722503,0.37142857142857144,-11.0,8.0,2.0,2.0
-0.78,-0.82,0.010937340284166411,0.4857142857142857,-7.0,11.0,2.0,2.0
-0.7866666666666666,-0.8066666666666666,0.010017377082694472,0.5142857142857142,-6.0,11.0,2.0,2.0
-0.78,-0.82,0.03167917360440568,0.37142857142857144,-11.0,8.0,2.0,2.0
-0.7733333333333333,-0.8266666666666667,0.010221813349688236,0.45714285714285713,-8.0,11.0,2.0,2.0
-0.78,-0.8266666666666667,0.015026065624041707,0.45714285714285713,-8.0,11.0,2.0,2.0
-0.7533333333333333,-0.8266666666666667,0.025871325110264645,0.37142857142857144,-11.0,8.0,2.0,2.0
-0.7733333333333333,-0.82,0.019217009097413886,0.4857142857142857,-7.0,11.0,2.0,2.0
-0.76,-0.8066666666666666,0.016367573028942938,0.42857142857142855,-9.0,8.0,2.0,2.0
-0.7666666666666667,-0.82,0.02217542152308398,0.37142857142857144,-11.0,8.0,2.0,2.0
-0.7733333333333333,-0.8066666666666666,0.010017377082694472,0.5142857142857142,-6.0,11.0,2.0,2.0
-0.7666666666666667,-0.8333333333333334,0.010559724534801893,0.34285714285714286,-12.0,8.0,2.0,2.0
-0.7666666666666667,-0.82,0.01214368321502218,0.4,-10.0,8.0,2.0,2.0
-0.7866666666666666,-0.8333333333333334,0.010221813349688236,0.42857142857142855,-9.0,11.0,2.0,2.0
-0.7866666666666666,-0.8266666666666667,0.007973014412756824,0.45714285714285713,-8.0,11.0,2.0,2.0
-0.7666666666666667,-0.82,0.009915158949197589,0.4857142857142857,-7.0,11.0,2.0,2.0
-0.78,-0.82,0.029567228697445314,0.37142857142857144,-11.0,8.0,2.0,2.0
-0.7733333333333333,-0.82,0.008381886946744355,0.45714285714285713,-8.0,11.0,2.0,2.0
-0.7733333333333333,-0.8133333333333334,0.0316791736044057,0.42857142857142855,-9.0,8.0,2.0,2.0
-0.7866666666666666,-0.8333333333333334,0.010221813349688236,0.42857142857142855,-9.0,11.0,2.0,2.0
-0.7666666666666667,-0.8133333333333334,0.014255628121982562,0.4,-10.0,8.0,2.0,2.0
-0.7666666666666667,-0.82,0.007391807174361327,0.37142857142857144,-11.0,8.0,2.0,2.0
-0.78,-0.8266666666666667,0.010426249616682003,0.45714285714285713,-8.0,11.0,2.0,2.0
-0.7666666666666667,-0.8133333333333334,0.01214368321502218,0.4,-10.0,8.0,2.0,2.0
-0.76,-0.8133333333333334,0.02217542152308398,0.4,-10.0,8.0,2.0,2.0
-0.7733333333333333,-0.8266666666666667,0.007973014412756824,0.45714285714285713,-8.0,11.0,2.0,2.0
-0.7733333333333333,-0.8133333333333334,0.017172646427476238,0.5142857142857142,-6.0,11.0,2.0,2.0
-0.7733333333333333,-0.8266666666666667,0.010221813349688236,0.45714285714285713,-8.0,11.0,2.0,2.0
-0.7733333333333333,-0.8266666666666667,0.007973014412756824,0.45714285714285713,-8.0,11.0,2.0,2.0
-0.7733333333333333,-0.8333333333333334,0.012061739752632118,0.4,-10.0,11.0,2.0,2.0
-0.7666666666666667,-0.8066666666666666,0.007391807174361327,0.42857142857142855,-9.0,8.0,2.0,2.0
-0.7866666666666666,-0.8066666666666666,0.012981702954104063,0.5142857142857142,-6.0,11.0,2.0,2.0
-0.78,-0.8333333333333334,0.010559724534801893,0.34285714285714286,-12.0,8.0,2.0,2.0
-0.7666666666666667,-0.8133333333333334,0.01319965566850237,0.4,-10.0,8.0,2.0,2.0
-0.7666666666666667,-0.8066666666666666,0.025871325110264645,0.42857142857142855,-9.0,8.0,2.0,2.0
-0.76,-0.8333333333333334,0.006335834720881137,0.34285714285714286,-12.0,8.0,2.0,2.0
-0.7533333333333333,-0.7933333333333333,0.03167917360440568,0.4857142857142857,-7.0,8.0,2.0,2.0
-0.7733333333333333,-0.8133333333333334,0.01900750416264341,0.4,-10.0,8.0,2.0,2.0
-0.78,-0.82,0.015537156291526119,0.4857142857142857,-7.0,11.0,2.0,2.0
-0.78,-0.82,0.015537156291526119,0.4857142857142857,-7.0,11.0,2.0,2.0
-0.7733333333333333,-0.8333333333333334,0.007666360012266177,0.4,-10.0,11.0,2.0,2.0
-0.7733333333333333,-0.82,0.015537156291526119,0.4857142857142857,-7.0,11.0,2.0,2.0
-0.7733333333333333,-0.82,0.010221813349688236,0.4857142857142857,-7.0,11.0,2.0,2.0
-0.76,-0.8,0.017951531709163224,0.45714285714285713,-8.0,8.0,2.0,2.0
-0.7733333333333333,-0.8266666666666667,0.005110906674844118,0.42857142857142855,-9.0,11.0,2.0,2.0
-0.7866666666666666,-0.8066666666666666,0.010017377082694472,0.5142857142857142,-6.0,11.0,2.0,2.0
-0.7666666666666667,-0.8066666666666666,0.0047518760406608535,0.42857142857142855,-9.0,8.0,2.0,2.0
-0.7866666666666666,-0.8266666666666667,0.012981702954104063,0.45714285714285713,-8.0,11.0,2.0,2.0
-0.7733333333333333,-0.8133333333333334,0.017070428293979357,0.4857142857142857,-7.0,11.0,2.0,2.0
-0.7666666666666667,-0.8,0.017951531709163224,0.45714285714285713,-8.0,8.0,2.0,2.0
-0.78,-0.7933333333333333,0.012777266687110296,0.5714285714285714,-4.0,11.0,2.0,2.0
-0.7733333333333333,-0.8266666666666667,0.012981702954104063,0.45714285714285713,-8.0,11.0,2.0,2.0
-0.78,-0.8266666666666667,0.007973014412756824,0.45714285714285713,-8.0,11.0,2.0,2.0
-0.7866666666666666,-0.8066666666666666,0.015332720024532358,0.5142857142857142,-6.0,11.0,2.0,2.0
-0.7733333333333333,-0.8,0.020443626699376473,0.5428571428571428,-5.0,11.0,2.0,2.0
-0.76,-0.8133333333333334,0.01900750416264341,0.4,-10.0,8.0,2.0,2.0
-0.78,-0.8266666666666667,0.017172646427476238,0.45714285714285713,-8.0,11.0,2.0,2.0
-0.7733333333333333,-0.8266666666666667,0.007973014412756824,0.45714285714285713,-8.0,11.0,2.0,2.0
-0.7866666666666666,-0.82,0.015537156291526119,0.4857142857142857,-7.0,11.0,2.0,2.0
-0.76,-0.82,0.02217542152308398,0.37142857142857144,-11.0,8.0,2.0,2.0
-0.7666666666666667,-0.8,0.01900750416264341,0.45714285714285713,-8.0,8.0,2.0,2.0
-0.76,-0.82,0.007391807174361327,0.4,-10.0,8.0,2.0,2.0
-0.78,-0.8266666666666667,0.02330573443728918,0.42857142857142855,-9.0,11.0,2.0,2.0
-0.78,-0.8066666666666666,0.019114790963917,0.5142857142857142,-6.0,11.0,2.0,2.0
-0.7666666666666667,-0.8066666666666666,0.0,0.42857142857142855,-9.0,8.0,2.0,2.0
-0.7666666666666667,-0.7933333333333333,0.013595011755085354,0.5714285714285714,-4.0,11.0,2.0,2.0
-0.7666666666666667,-0.8133333333333334,0.019535490389383507,0.4,-10.0,8.0,2.0,2.0
-0.78,-0.8266666666666667,0.015026065624041707,0.45714285714285713,-8.0,11.0,2.0,2.0
-0.76,-0.8133333333333334,0.019535490389383507,0.42857142857142855,-9.0,8.0,2.0,2.0
-0.76,-0.8066666666666666,0.01953549038938351,0.42857142857142855,-9.0,8.0,2.0,2.0
-0.7666666666666667,-0.8133333333333334,0.029567228697445307,0.4,-10.0,8.0,2.0,2.0
-0.7666666666666667,-0.8133333333333334,0.022692425636307884,0.5142857142857142,-6.0,11.0,2.0,2.0
-0.7666666666666667,-0.82,0.02330573443728918,0.4857142857142857,-7.0,11.0,2.0,2.0
-0.76,-0.8333333333333334,0.01319965566850237,0.3142857142857143,-13.0,8.0,2.0,2.0
-0.7733333333333333,-0.82,0.01214368321502218,0.4,-10.0,8.0,2.0,2.0
-0.7866666666666666,-0.82,0.010937340284166411,0.4857142857142857,-7.0,11.0,2.0,2.0
-0.7666666666666667,-0.8,0.027983270017225035,0.45714285714285713,-8.0,8.0,2.0,2.0
-0.7666666666666667,-0.7933333333333333,0.012777266687110296,0.5714285714285714,-4.0,11.0,2.0,2.0
-0.7666666666666667,-0.8133333333333334,0.02217542152308398,0.4,-10.0,8.0,2.0,2.0
-0.78,-0.82,0.008381886946744355,0.45714285714285713,-8.0,11.0,2.0,2.0
-0.7733333333333333,-0.8266666666666667,0.005110906674844118,0.42857142857142855,-9.0,11.0,2.0,2.0
-0.7733333333333333,-0.78,0.03352754778697742,0.6285714285714286,-2.0,11.0,2.0,3.0
-0.7533333333333333,-0.7733333333333333,0.014255628121982562,0.5142857142857142,-6.0,8.0,2.0,3.0
-0.7666666666666667,-0.7666666666666667,0.020443626699376473,0.6285714285714286,-2.0,11.0,2.0,3.0
-0.7666666666666667,-0.78,0.012061739752632118,0.6285714285714286,-2.0,11.0,2.0,3.0
-0.7666666666666667,-0.7866666666666666,0.01655933762649494,0.6,-3.0,11.0,2.0,3.0
-0.7933333333333333,-0.7933333333333333,0.023714606971276708,0.5714285714285714,-4.0,11.0,2.0,3.0
-0.74,-0.76,0.005807848494141042,0.5428571428571428,-5.0,8.0,2.0,3.0
-0.7466666666666667,-0.78,0.00791979340110142,0.4857142857142857,-7.0,8.0,2.0,3.0
-0.7733333333333333,-0.7666666666666667,0.017172646427476238,0.6285714285714286,-2.0,11.0,2.0,3.0
-0.7666666666666667,-0.7866666666666666,0.016150465092507414,0.6,-3.0,11.0,2.0,3.0
-0.7333333333333333,-0.7533333333333333,0.01900750416264341,0.6,-3.0,8.0,2.0,3.0
-0.7666666666666667,-0.7866666666666666,0.02810998671164265,0.6,-3.0,11.0,2.0,3.0
-0.74,-0.7533333333333333,0.007391807174361327,0.6,-3.0,8.0,2.0,3.0
-0.7533333333333333,-0.76,0.006335834720881137,0.5714285714285714,-4.0,8.0,2.0,3.0
-0.7466666666666667,-0.7733333333333333,0.013199655668502371,0.4857142857142857,-7.0,8.0,2.0,3.0
-0.7466666666666667,-0.76,0.006335834720881137,0.5714285714285714,-4.0,8.0,2.0,3.0
-0.7466666666666667,-0.76,0.00791979340110142,0.5714285714285714,-4.0,8.0,2.0,3.0
-0.7666666666666667,-0.7933333333333333,0.023714606971276708,0.5714285714285714,-4.0,11.0,2.0,3.0
-0.7733333333333333,-0.78,0.017172646427476238,0.6285714285714286,-2.0,11.0,2.0,3.0
-0.7466666666666667,-0.78,0.006335834720881137,0.4857142857142857,-7.0,8.0,2.0,3.0
-0.7733333333333333,-0.7866666666666666,0.011959521619135237,0.6,-3.0,11.0,2.0,3.0
-0.7733333333333333,-0.7866666666666666,0.01758151896146377,0.6,-3.0,11.0,2.0,3.0
-0.7333333333333333,-0.7466666666666667,0.016367573028942938,0.6,-3.0,8.0,2.0,3.0
-0.7733333333333333,-0.7866666666666666,0.014514974956557297,0.6,-3.0,11.0,2.0,3.0
-0.78,-0.78,0.02524787897372995,0.6285714285714286,-2.0,11.0,2.0,3.0
-0.7866666666666666,-0.7866666666666666,0.019217009097413886,0.6,-3.0,11.0,2.0,3.0
-0.78,-0.78,0.022999080036798538,0.6285714285714286,-2.0,11.0,2.0,3.0
-0.78,-0.7866666666666666,0.014514974956557297,0.6,-3.0,11.0,2.0,3.0
-0.78,-0.7733333333333333,0.022283553102320355,0.6,-3.0,11.0,2.0,3.0
-0.74,-0.74,0.007391807174361327,0.6285714285714286,-2.0,8.0,2.0,3.0
-0.74,-0.7466666666666667,0.016367573028942938,0.6,-3.0,8.0,2.0,3.0
-0.76,-0.7866666666666666,0.022283553102320355,0.6,-3.0,11.0,2.0,3.0
-0.7733333333333333,-0.7866666666666666,0.011959521619135237,0.6,-3.0,11.0,2.0,3.0
-0.7466666666666667,-0.7533333333333333,0.006335834720881137,0.6,-3.0,8.0,2.0,3.0
-0.7733333333333333,-0.7866666666666666,0.011959521619135237,0.6,-3.0,11.0,2.0,3.0
-0.7733333333333333,-0.7733333333333333,0.019114790963917,0.6,-3.0,11.0,2.0,3.0
-0.7733333333333333,-0.7866666666666666,0.019625881631401415,0.6,-3.0,11.0,2.0,3.0
-0.78,-0.7733333333333333,0.020443626699376473,0.6,-3.0,11.0,2.0,3.0
-0.7733333333333333,-0.78,0.017172646427476238,0.6285714285714286,-2.0,11.0,2.0,3.0
-0.7533333333333333,-0.76,0.00791979340110142,0.5714285714285714,-4.0,8.0,2.0,3.0
-0.74,-0.7733333333333333,0.017951531709163217,0.5428571428571428,-5.0,8.0,2.0,3.0
-0.74,-0.74,0.007391807174361327,0.6285714285714286,-2.0,8.0,2.0,3.0
-0.7466666666666667,-0.7466666666666667,0.00791979340110142,0.6,-3.0,8.0,2.0,3.0
-0.7666666666666667,-0.7866666666666666,0.023816825104773592,0.6,-3.0,11.0,2.0,3.0
-0.7466666666666667,-0.76,0.007391807174361327,0.5714285714285714,-4.0,8.0,2.0,3.0
-0.7333333333333333,-0.7466666666666667,0.01900750416264341,0.6,-3.0,8.0,2.0,3.0
-0.7266666666666667,-0.76,0.014255628121982562,0.5142857142857142,-6.0,8.0,2.0,3.0
-0.7666666666666667,-0.78,0.013083921087600946,0.6285714285714286,-2.0,11.0,2.0,3.0
-0.7666666666666667,-0.78,0.02524787897372995,0.6285714285714286,-2.0,11.0,2.0,3.0
-0.7666666666666667,-0.7866666666666666,0.019217009097413886,0.6,-3.0,11.0,2.0,3.0
-0.7266666666666667,-0.7533333333333333,0.013727641895242462,0.6,-3.0,8.0,2.0,3.0
-0.7666666666666667,-0.7866666666666666,0.011959521619135237,0.6,-3.0,11.0,2.0,3.0
-0.7733333333333333,-0.7866666666666666,0.02810998671164265,0.6,-3.0,11.0,2.0,3.0
-0.7733333333333333,-0.7866666666666666,0.016661555759991828,0.6,-3.0,11.0,2.0,3.0
-0.7666666666666667,-0.7866666666666666,0.011959521619135237,0.6,-3.0,11.0,2.0,3.0
-0.7533333333333333,-0.7533333333333333,0.007391807174361327,0.6,-3.0,8.0,2.0,3.0
-0.7533333333333333,-0.76,0.00791979340110142,0.5714285714285714,-4.0,8.0,2.0,3.0
-0.74,-0.78,0.01319965566850237,0.4857142857142857,-7.0,8.0,2.0,3.0
-0.6733333333333333,-0.78,0.02330573443728918,0.6285714285714286,-2.0,11.0,2.0,3.0
-0.74,-0.78,0.014255628121982562,0.4857142857142857,-7.0,8.0,2.0,3.0
-0.7666666666666667,-0.7866666666666666,0.02473678830624553,0.6,-3.0,11.0,2.0,3.0
-0.78,-0.7866666666666666,0.013492793621588471,0.6,-3.0,11.0,2.0,3.0
-0.74,-0.7466666666666667,0.016367573028942938,0.6,-3.0,8.0,2.0,3.0
-0.7333333333333333,-0.76,0.007391807174361327,0.5428571428571428,-5.0,8.0,2.0,3.0
-0.7466666666666667,-0.7466666666666667,0.016367573028942938,0.6,-3.0,8.0,2.0,3.0
-0.7866666666666666,-0.7866666666666666,0.03577634672390883,0.6,-3.0,11.0,2.0,3.0
-0.7333333333333333,-0.7466666666666667,0.010559724534801893,0.6,-3.0,8.0,2.0,3.0
-0.7533333333333333,-0.78,0.006335834720881137,0.4857142857142857,-7.0,8.0,2.0,3.0
-0.7666666666666667,-0.78,0.012061739752632118,0.6285714285714286,-2.0,11.0,2.0,3.0
-0.7733333333333333,-0.7866666666666666,0.016150465092507414,0.6,-3.0,11.0,2.0,3.0
-0.7533333333333333,-0.76,0.00791979340110142,0.5714285714285714,-4.0,8.0,2.0,3.0
-0.7666666666666667,-0.7866666666666666,0.016661555759991828,0.6,-3.0,11.0,2.0,3.0
-0.7466666666666667,-0.7733333333333333,0.006335834720881137,0.5142857142857142,-6.0,8.0,2.0,3.0
-0.7733333333333333,-0.7866666666666666,0.019625881631401415,0.6,-3.0,11.0,2.0,3.0
-0.76,-0.7866666666666666,0.011959521619135237,0.6,-3.0,11.0,2.0,3.0
-0.7466666666666667,-0.7733333333333333,0.011615696988282085,0.5142857142857142,-6.0,8.0,2.0,3.0
-0.74,-0.74,0.007391807174361327,0.6285714285714286,-2.0,8.0,2.0,3.0
-0.7733333333333333,-0.7866666666666666,0.013595011755085354,0.6,-3.0,11.0,2.0,3.0
-0.7666666666666667,-0.7866666666666666,0.022999080036798538,0.6,-3.0,11.0,2.0,3.0
-0.78,-0.7866666666666666,0.02810998671164265,0.6,-3.0,11.0,2.0,3.0
-0.7333333333333333,-0.74,0.014255628121982562,0.6285714285714286,-2.0,8.0,2.0,3.0
-0.7466666666666667,-0.76,0.00791979340110142,0.5714285714285714,-4.0,8.0,2.0,3.0
-0.7466666666666667,-0.7733333333333333,0.01214368321502218,0.4857142857142857,-7.0,8.0,2.0,3.0
-0.74,-0.76,0.008447779627841517,0.5714285714285714,-4.0,8.0,2.0,3.0
-0.7533333333333333,-0.76,0.01319965566850237,0.5428571428571428,-5.0,8.0,2.0,3.0
-0.7666666666666667,-0.7866666666666666,0.019625881631401415,0.6,-3.0,11.0,2.0,3.0
-0.7466666666666667,-0.7533333333333333,0.006335834720881137,0.6,-3.0,8.0,2.0,3.0
-0.7466666666666667,-0.76,0.006335834720881137,0.5714285714285714,-4.0,8.0,2.0,3.0
-0.7466666666666667,-0.7466666666666667,0.010559724534801893,0.6,-3.0,8.0,2.0,3.0
-0.7733333333333333,-0.78,0.012777266687110296,0.6285714285714286,-2.0,11.0,2.0,3.0
-0.7466666666666667,-0.78,0.014255628121982562,0.4857142857142857,-7.0,8.0,2.0,3.0
-0.78,-0.7866666666666666,0.016661555759991828,0.6,-3.0,11.0,2.0,3.0
-0.78,-0.78,0.017172646427476238,0.6285714285714286,-2.0,11.0,2.0,3.0
-0.7733333333333333,-0.7866666666666666,0.020239190432382707,0.6,-3.0,11.0,2.0,3.0
-0.7733333333333333,-0.7933333333333333,0.01512828375753859,0.5714285714285714,-4.0,11.0,2.0,3.0
-0.7733333333333333,-0.7733333333333333,0.015026065624041707,0.6,-3.0,11.0,2.0,3.0
-0.7666666666666667,-0.78,0.009506286415210058,0.6285714285714286,-2.0,11.0,2.0,3.0
-0.78,-0.7866666666666666,0.013595011755085354,0.6,-3.0,11.0,2.0,3.0
-0.7733333333333333,-0.7866666666666666,0.015332720024532355,0.6,-3.0,11.0,2.0,3.0
-0.7666666666666667,-0.7866666666666666,0.011959521619135237,0.6,-3.0,11.0,2.0,3.0
-0.7733333333333333,-0.7866666666666666,0.011959521619135237,0.6,-3.0,11.0,2.0,3.0
-0.76,-0.78,0.03352754778697742,0.6285714285714286,-2.0,11.0,2.0,3.0
-0.7333333333333333,-0.76,0.013727641895242467,0.5714285714285714,-4.0,8.0,2.0,3.0
-0.76,-0.7866666666666666,0.011959521619135237,0.6,-3.0,11.0,2.0,3.0
-0.7733333333333333,-0.7866666666666666,0.01655933762649494,0.6,-3.0,11.0,2.0,3.0
-0.7666666666666667,-0.7466666666666667,0.0047518760406608535,0.6,-3.0,8.0,2.0,3.0
-0.7533333333333333,-0.7733333333333333,0.01214368321502218,0.5142857142857142,-6.0,8.0,2.0,3.0
-0.7266666666666667,-0.7466666666666667,0.0047518760406608535,0.6,-3.0,8.0,2.0,3.0
-0.78,-0.7866666666666666,0.019728099764898296,0.6,-3.0,11.0,2.0,3.0
-0.78,-0.7866666666666666,0.020239190432382707,0.6,-3.0,11.0,2.0,3.0
-0.76,-0.7866666666666666,0.016150465092507414,0.6,-3.0,11.0,2.0,3.0
-0.7466666666666667,-0.7666666666666667,0.011615696988282085,0.5428571428571428,-5.0,8.0,2.0,3.0
-0.7666666666666667,-0.7866666666666666,0.023816825104773592,0.6,-3.0,11.0,2.0,3.0
-0.76,-0.7866666666666666,0.02810998671164265,0.6,-3.0,11.0,2.0,3.0
-0.78,-0.78,0.02330573443728918,0.6285714285714286,-2.0,11.0,2.0,3.0
-0.7466666666666667,-0.7533333333333333,0.006335834720881137,0.6,-3.0,8.0,2.0,3.0
-0.7733333333333333,-0.7866666666666666,0.020239190432382707,0.6,-3.0,11.0,2.0,3.0
-0.7533333333333333,-0.76,0.01319965566850237,0.5428571428571428,-5.0,8.0,2.0,3.0
-0.7666666666666667,-0.7866666666666666,0.023816825104773592,0.6,-3.0,11.0,2.0,3.0
-0.7666666666666667,-0.7866666666666666,0.014617193090054178,0.6,-3.0,11.0,2.0,3.0
-0.7733333333333333,-0.7866666666666666,0.014617193090054178,0.6,-3.0,11.0,2.0,3.0
-0.78,-0.7866666666666666,0.019217009097413886,0.6,-3.0,11.0,2.0,3.0
-0.7533333333333333,-0.7533333333333333,0.02534333888352455,0.5714285714285714,-4.0,8.0,2.0,3.0
-0.7733333333333333,-0.7866666666666666,0.01655933762649494,0.6,-3.0,11.0,2.0,3.0
-0.7666666666666667,-0.7733333333333333,0.015026065624041707,0.6,-3.0,11.0,2.0,3.0
-0.78,-0.78,0.02330573443728918,0.6285714285714286,-2.0,11.0,2.0,3.0
-0.7666666666666667,-0.7866666666666666,0.016661555759991828,0.6,-3.0,11.0,2.0,3.0
-0.7733333333333333,-0.78,0.009506286415210058,0.6285714285714286,-2.0,11.0,2.0,3.0
-0.7666666666666667,-0.7733333333333333,0.022283553102320355,0.6,-3.0,11.0,2.0,3.0
-0.7333333333333333,-0.76,0.007391807174361327,0.5428571428571428,-5.0,8.0,2.0,3.0
-0.7866666666666666,-0.78,0.022999080036798538,0.6285714285714286,-2.0,11.0,2.0,3.0
-0.7266666666666667,-0.7733333333333333,0.011615696988282085,0.5142857142857142,-6.0,8.0,2.0,3.0
-0.7666666666666667,-0.78,0.012777266687110296,0.6285714285714286,-2.0,11.0,2.0,3.0
-0.78,-0.7866666666666666,0.01860370029643259,0.6,-3.0,11.0,2.0,3.0
-0.7733333333333333,-0.78,0.012777266687110296,0.6285714285714286,-2.0,11.0,2.0,3.0
-0.7666666666666667,-0.7933333333333333,0.023714606971276708,0.5714285714285714,-4.0,11.0,2.0,3.0
-0.78,-0.78,0.012777266687110296,0.6285714285714286,-2.0,11.0,2.0,3.0
-0.78,-0.7666666666666667,0.017172646427476238,0.6285714285714286,-2.0,11.0,2.0,3.0
-0.7466666666666667,-0.78,0.03352754778697742,0.6285714285714286,-2.0,11.0,2.0,3.0
-0.7733333333333333,-0.7866666666666666,0.01257283042011653,0.6,-3.0,11.0,2.0,3.0
-0.7866666666666666,-0.7866666666666666,0.016150465092507414,0.6,-3.0,11.0,2.0,3.0
-0.7733333333333333,-0.78,0.02330573443728918,0.6285714285714286,-2.0,11.0,2.0,3.0
-0.74,-0.76,0.006335834720881137,0.5714285714285714,-4.0,8.0,2.0,3.0
-0.78,-0.7866666666666666,0.015332720024532355,0.6,-3.0,11.0,2.0,3.0
-0.7666666666666667,-0.78,0.030358785648574062,0.6285714285714286,-2.0,11.0,2.0,3.0
-0.7466666666666667,-0.7466666666666667,0.02217542152308398,0.6,-3.0,8.0,2.0,3.0
-0.78,-0.7866666666666666,0.02473678830624553,0.6,-3.0,11.0,2.0,3.0
-0.76,-0.7666666666666667,0.02013697229888583,0.6285714285714286,-2.0,11.0,2.0,3.0
-0.78,-0.7866666666666666,0.021670244301339056,0.6,-3.0,11.0,2.0,3.0
-0.7333333333333333,-0.78,0.014255628121982562,0.45714285714285713,-8.0,8.0,2.0,3.0
-0.76,-0.7866666666666666,0.01655933762649494,0.6,-3.0,11.0,2.0,3.0
-0.7533333333333333,-0.7733333333333333,0.020443626699376473,0.6,-3.0,11.0,2.0,3.0
-0.78,-0.78,0.02330573443728918,0.6285714285714286,-2.0,11.0,2.0,3.0
-0.7666666666666667,-0.78,0.02330573443728918,0.6285714285714286,-2.0,11.0,2.0,3.0
-0.7333333333333333,-0.76,0.014255628121982562,0.5142857142857142,-6.0,8.0,2.0,3.0
-0.74,-0.76,0.014255628121982562,0.5142857142857142,-6.0,8.0,2.0,3.0
-0.7733333333333333,-0.7733333333333333,0.019114790963917,0.6,-3.0,11.0,2.0,3.0
-0.7733333333333333,-0.7733333333333333,0.015026065624041707,0.6,-3.0,11.0,2.0,3.0
-0.74,-0.7666666666666667,0.00791979340110142,0.5428571428571428,-5.0,8.0,2.0,3.0
-0.78,-0.7866666666666666,0.022283553102320355,0.6,-3.0,11.0,2.0,3.0
-0.7466666666666667,-0.7733333333333333,0.011615696988282085,0.5142857142857142,-6.0,8.0,2.0,3.0
-0.7466666666666667,-0.7466666666666667,0.00791979340110142,0.6,-3.0,8.0,2.0,3.0
-0.7866666666666666,-0.78,0.03352754778697742,0.6285714285714286,-2.0,11.0,2.0,3.0
-0.7533333333333333,-0.7733333333333333,0.006335834720881137,0.5142857142857142,-6.0,8.0,2.0,3.0
-0.7666666666666667,-0.7866666666666666,0.020239190432382707,0.6,-3.0,11.0,2.0,3.0
-0.7466666666666667,-0.76,0.00791979340110142,0.5714285714285714,-4.0,8.0,2.0,3.0
-0.7666666666666667,-0.7866666666666666,0.022283553102320355,0.6,-3.0,11.0,2.0,3.0
-0.7466666666666667,-0.7466666666666667,0.014255628121982562,0.6,-3.0,8.0,2.0,3.0
-0.74,-0.7466666666666667,0.010559724534801893,0.6,-3.0,8.0,2.0,3.0
-0.78,-0.7866666666666666,0.03577634672390883,0.6,-3.0,11.0,2.0,3.0
-0.78,-0.7866666666666666,0.011959521619135237,0.6,-3.0,11.0,2.0,3.0
-0.74,-0.76,0.00791979340110142,0.5714285714285714,-4.0,8.0,2.0,3.0
-0.76,-0.78,0.02330573443728918,0.6285714285714286,-2.0,11.0,2.0,3.0
-0.78,-0.7866666666666666,0.02810998671164265,0.6,-3.0,11.0,2.0,3.0
-0.7666666666666667,-0.78,0.03352754778697742,0.6285714285714286,-2.0,11.0,2.0,3.0
-0.7333333333333333,-0.74,0.006335834720881137,0.6285714285714286,-2.0,8.0,2.0,3.0
-0.76,-0.7666666666666667,0.02013697229888583,0.6285714285714286,-2.0,11.0,2.0,3.0
-0.7333333333333333,-0.7466666666666667,0.017951531709163224,0.6,-3.0,8.0,2.0,3.0
-0.74,-0.78,0.01319965566850237,0.4857142857142857,-7.0,8.0,2.0,3.0
-0.7466666666666667,-0.7866666666666666,0.01214368321502218,0.4857142857142857,-7.0,8.0,2.0,3.0
-0.7733333333333333,-0.7866666666666666,0.013595011755085354,0.6,-3.0,11.0,2.0,3.0
-0.7466666666666667,-0.76,0.011615696988282085,0.5714285714285714,-4.0,8.0,2.0,3.0
-0.7733333333333333,-0.78,0.012777266687110296,0.6285714285714286,-2.0,11.0,2.0,3.0
-0.74,-0.7466666666666667,0.006335834720881137,0.6,-3.0,8.0,2.0,3.0
-0.74,-0.76,0.0026399311337004724,0.5714285714285714,-4.0,8.0,2.0,3.0
-0.7466666666666667,-0.76,0.011615696988282085,0.5714285714285714,-4.0,8.0,2.0,3.0
-0.7466666666666667,-0.7466666666666667,0.00791979340110142,0.6,-3.0,8.0,2.0,3.0
-0.7666666666666667,-0.7733333333333333,0.01214368321502218,0.5142857142857142,-6.0,8.0,2.0,3.0
-0.7733333333333333,-0.7866666666666666,0.021670244301339056,0.6,-3.0,11.0,2.0,3.0
-0.7733333333333333,-0.7866666666666666,0.011959521619135237,0.6,-3.0,11.0,2.0,3.0
-0.7666666666666667,-0.7866666666666666,0.013595011755085354,0.6,-3.0,11.0,2.0,3.0
-0.74,-0.7466666666666667,0.00791979340110142,0.6,-3.0,8.0,2.0,3.0
-0.7333333333333333,-0.76,0.008447779627841517,0.5714285714285714,-4.0,8.0,2.0,3.0
-0.74,-0.76,0.007391807174361327,0.5428571428571428,-5.0,8.0,2.0,3.0
-0.76,-0.7933333333333333,0.01512828375753859,0.5714285714285714,-4.0,11.0,2.0,3.0
-0.7533333333333333,-0.78,0.03352754778697742,0.6285714285714286,-2.0,11.0,2.0,3.0
-0.7466666666666667,-0.7533333333333333,0.006335834720881137,0.6,-3.0,8.0,2.0,3.0
-0.76,-0.78,0.013083921087600946,0.6285714285714286,-2.0,11.0,2.0,3.0
-0.7666666666666667,-0.78,0.022999080036798538,0.6285714285714286,-2.0,11.0,2.0,3.0
-0.7733333333333333,-0.7866666666666666,0.017888173361954415,0.6,-3.0,11.0,2.0,3.0
-0.7733333333333333,-0.7666666666666667,0.017172646427476238,0.6285714285714286,-2.0,11.0,2.0,3.0
-0.7666666666666667,-0.7866666666666666,0.020239190432382707,0.6,-3.0,11.0,2.0,3.0
-0.7466666666666667,-0.76,0.011615696988282085,0.5714285714285714,-4.0,8.0,2.0,3.0
-0.7733333333333333,-0.7866666666666666,0.017888173361954415,0.6,-3.0,11.0,2.0,3.0
-0.7466666666666667,-0.76,0.00791979340110142,0.5714285714285714,-4.0,8.0,2.0,3.0
-0.7666666666666667,-0.7866666666666666,0.01860370029643259,0.6,-3.0,11.0,2.0,3.0
-0.74,-0.7466666666666667,0.006335834720881137,0.6,-3.0,8.0,2.0,3.0
-0.7466666666666667,-0.76,0.011615696988282085,0.5714285714285714,-4.0,8.0,2.0,3.0
-0.7666666666666667,-0.7866666666666666,0.01214368321502218,0.4857142857142857,-7.0,8.0,2.0,3.0
-0.7733333333333333,-0.78,0.013083921087600946,0.6285714285714286,-2.0,11.0,2.0,3.0
-0.7266666666666667,-0.7533333333333333,0.01900750416264341,0.6,-3.0,8.0,2.0,3.0
-0.7333333333333333,-0.7466666666666667,0.01900750416264341,0.6,-3.0,8.0,2.0,3.0
-0.7666666666666667,-0.78,0.013083921087600946,0.6285714285714286,-2.0,11.0,2.0,3.0
-0.76,-0.7666666666666667,0.02013697229888583,0.6285714285714286,-2.0,11.0,2.0,3.0
-0.7466666666666667,-0.7466666666666667,0.00791979340110142,0.6,-3.0,8.0,2.0,3.0
-0.74,-0.7533333333333333,0.007391807174361327,0.6,-3.0,8.0,2.0,3.0
-0.7733333333333333,-0.7866666666666666,0.011959521619135237,0.6,-3.0,11.0,2.0,3.0
-0.7333333333333333,-0.76,0.014255628121982562,0.5714285714285714,-4.0,8.0,2.0,3.0
-0.7733333333333333,-0.7866666666666666,0.013595011755085354,0.6,-3.0,11.0,2.0,3.0
-0.7266666666666667,-0.7466666666666667,0.0047518760406608535,0.6,-3.0,8.0,2.0,3.0
-0.7733333333333333,-0.76,0.019728099764898296,0.6571428571428571,-1.0,11.0,2.0,3.0
-0.78,-0.7866666666666666,0.02810998671164265,0.6,-3.0,11.0,2.0,3.0
-0.7666666666666667,-0.7866666666666666,0.016150465092507414,0.6,-3.0,11.0,2.0,3.0
-0.7733333333333333,-0.7866666666666666,0.015332720024532355,0.6,-3.0,11.0,2.0,3.0
-0.7666666666666667,-0.7866666666666666,0.011959521619135237,0.6,-3.0,11.0,2.0,3.0
-0.74,-0.7466666666666667,0.011615696988282085,0.6,-3.0,8.0,2.0,3.0
-0.7266666666666667,-0.7733333333333333,0.014255628121982562,0.5142857142857142,-6.0,8.0,2.0,3.0
-0.7466666666666667,-0.7733333333333333,0.014255628121982562,0.5142857142857142,-6.0,8.0,2.0,3.0
-0.7533333333333333,-0.78,0.014255628121982562,0.4857142857142857,-7.0,8.0,2.0,3.0
-0.7466666666666667,-0.7533333333333333,0.007391807174361327,0.6,-3.0,8.0,2.0,3.0
-0.7666666666666667,-0.7866666666666666,0.02473678830624553,0.6,-3.0,11.0,2.0,3.0
-0.7466666666666667,-0.7666666666666667,0.007391807174361327,0.5428571428571428,-5.0,8.0,2.0,3.0
-0.7333333333333333,-0.7466666666666667,0.00791979340110142,0.6,-3.0,8.0,2.0,3.0
-0.7333333333333333,-0.7466666666666667,0.02217542152308398,0.6,-3.0,8.0,2.0,3.0
-0.7533333333333333,-0.7466666666666667,0.01900750416264341,0.6,-3.0,8.0,2.0,3.0
-0.7666666666666667,-0.78,0.012061739752632118,0.6285714285714286,-2.0,11.0,2.0,3.0
-0.7333333333333333,-0.7533333333333333,0.00791979340110142,0.5714285714285714,-4.0,8.0,2.0,3.0
-0.7666666666666667,-0.7933333333333333,0.01512828375753859,0.5714285714285714,-4.0,11.0,2.0,3.0
-0.7333333333333333,-0.7466666666666667,0.0047518760406608535,0.6,-3.0,8.0,2.0,3.0
-0.7733333333333333,-0.7866666666666666,0.019217009097413886,0.6,-3.0,11.0,2.0,3.0
-0.7666666666666667,-0.7733333333333333,0.022283553102320355,0.6,-3.0,11.0,2.0,3.0
-0.7466666666666667,-0.78,0.006335834720881137,0.4857142857142857,-7.0,8.0,2.0,3.0
-0.7733333333333333,-0.78,0.03352754778697742,0.6285714285714286,-2.0,11.0,2.0,3.0
-0.7333333333333333,-0.7466666666666667,0.017951531709163224,0.6,-3.0,8.0,2.0,3.0
-0.7466666666666667,-0.76,0.00791979340110142,0.5714285714285714,-4.0,8.0,2.0,3.0
-0.7666666666666667,-0.78,0.012061739752632118,0.6285714285714286,-2.0,11.0,2.0,3.0
-0.7733333333333333,-0.8,0.017888173361954415,0.5428571428571428,-5.0,11.0,2.0,3.0
-0.7466666666666667,-0.7466666666666667,0.010559724534801893,0.6,-3.0,8.0,2.0,3.0
-0.7333333333333333,-0.7466666666666667,0.02217542152308398,0.6,-3.0,8.0,2.0,3.0
-0.76,-0.7866666666666666,0.019217009097413886,0.6,-3.0,11.0,2.0,3.0
-0.7733333333333333,-0.7866666666666666,0.016150465092507414,0.6,-3.0,11.0,2.0,3.0
-0.7666666666666667,-0.7666666666666667,0.017172646427476238,0.6285714285714286,-2.0,11.0,2.0,3.0
-0.74,-0.76,0.00791979340110142,0.5714285714285714,-4.0,8.0,2.0,3.0
-0.7733333333333333,-0.7866666666666666,0.013492793621588471,0.6,-3.0,11.0,2.0,3.0
-0.74,-0.76,0.006335834720881137,0.5714285714285714,-4.0,8.0,2.0,3.0
-0.7733333333333333,-0.78,0.022999080036798538,0.6285714285714286,-2.0,11.0,2.0,3.0
-0.7733333333333333,-0.76,0.019728099764898296,0.6571428571428571,-1.0,11.0,2.0,3.0
-0.7533333333333333,-0.78,0.012061739752632118,0.6285714285714286,-2.0,11.0,2.0,3.0
-0.78,-0.7866666666666666,0.016150465092507414,0.6,-3.0,11.0,2.0,3.0
-0.7866666666666666,-0.7866666666666666,0.019728099764898296,0.6,-3.0,11.0,2.0,3.0
-0.7733333333333333,-0.7866666666666666,0.01758151896146377,0.6,-3.0,11.0,2.0,3.0
-0.78,-0.7866666666666666,0.019217009097413886,0.6,-3.0,11.0,2.0,3.0
-0.7666666666666667,-0.7866666666666666,0.016661555759991828,0.6,-3.0,11.0,2.0,3.0
-0.7733333333333333,-0.7866666666666666,0.01860370029643259,0.6,-3.0,11.0,2.0,3.0
-0.74,-0.7666666666666667,0.007391807174361327,0.5428571428571428,-5.0,8.0,2.0,3.0
-0.7666666666666667,-0.7866666666666666,0.01257283042011653,0.6,-3.0,11.0,2.0,3.0
-0.78,-0.78,0.03352754778697742,0.6285714285714286,-2.0,11.0,2.0,3.0
-0.7733333333333333,-0.7866666666666666,0.021670244301339056,0.6,-3.0,11.0,2.0,3.0
-0.76,-0.7866666666666666,0.02810998671164265,0.6,-3.0,11.0,2.0,3.0
-0.7466666666666667,-0.7466666666666667,0.016367573028942938,0.6,-3.0,8.0,2.0,3.0
-0.7333333333333333,-0.7533333333333333,0.006335834720881137,0.6,-3.0,8.0,2.0,3.0
-0.7533333333333333,-0.76,0.006335834720881137,0.5714285714285714,-4.0,8.0,2.0,3.0
-0.74,-0.76,0.006335834720881137,0.5714285714285714,-4.0,8.0,2.0,3.0
-0.7733333333333333,-0.78,0.012061739752632118,0.6285714285714286,-2.0,11.0,2.0,3.0
-0.78,-0.7933333333333333,0.023714606971276708,0.5714285714285714,-4.0,11.0,2.0,3.0
-0.7533333333333333,-0.7866666666666666,0.025554533374220593,0.6,-3.0,11.0,2.0,3.0
-0.74,-0.7533333333333333,0.01900750416264341,0.6,-3.0,8.0,2.0,3.0
-0.7533333333333333,-0.7466666666666667,0.014255628121982562,0.6,-3.0,8.0,2.0,3.0
-0.74,-0.7666666666666667,0.007391807174361327,0.5428571428571428,-5.0,8.0,2.0,3.0
-0.76,-0.7866666666666666,0.016661555759991828,0.6,-3.0,11.0,2.0,3.0
-0.74,-0.7466666666666667,0.00791979340110142,0.6,-3.0,8.0,2.0,3.0
-0.7466666666666667,-0.7666666666666667,0.020063476616123604,0.5428571428571428,-5.0,8.0,2.0,3.0
-0.74,-0.74,0.006335834720881137,0.6285714285714286,-2.0,8.0,2.0,3.0
-0.7666666666666667,-0.7866666666666666,0.022999080036798538,0.6,-3.0,11.0,2.0,3.0
-0.7666666666666667,-0.76,0.019728099764898296,0.6571428571428571,-1.0,11.0,2.0,3.0
-0.76,-0.78,0.022999080036798538,0.6285714285714286,-2.0,11.0,2.0,3.0
-0.7733333333333333,-0.78,0.012061739752632118,0.6285714285714286,-2.0,11.0,2.0,3.0
-0.78,-0.7866666666666666,0.016150465092507414,0.6,-3.0,11.0,2.0,3.0
-0.78,-0.7666666666666667,0.020443626699376473,0.6285714285714286,-2.0,11.0,2.0,3.0
-0.74,-0.7533333333333333,0.007391807174361327,0.6,-3.0,8.0,2.0,3.0
-0.7733333333333333,-0.7866666666666666,0.01860370029643259,0.6,-3.0,11.0,2.0,3.0
-0.7866666666666666,-0.7933333333333333,0.023714606971276708,0.5714285714285714,-4.0,11.0,2.0,3.0
-0.7333333333333333,-0.7533333333333333,0.008447779627841516,0.5714285714285714,-4.0,8.0,2.0,3.0
-0.74,-0.76,0.013727641895242467,0.5714285714285714,-4.0,8.0,2.0,3.0
-0.74,-0.7866666666666666,0.01214368321502218,0.4857142857142857,-7.0,8.0,2.0,3.0
-0.7733333333333333,-0.7866666666666666,0.014514974956557297,0.6,-3.0,11.0,2.0,3.0
-0.76,-0.7866666666666666,0.023816825104773592,0.6,-3.0,11.0,2.0,3.0
-0.76,-0.78,0.012061739752632118,0.6285714285714286,-2.0,11.0,2.0,3.0
-0.7733333333333333,-0.7866666666666666,0.03577634672390883,0.6,-3.0,11.0,2.0,3.0
-0.7666666666666667,-0.78,0.009506286415210058,0.6285714285714286,-2.0,11.0,2.0,3.0
-0.72,-0.74,0.007391807174361327,0.6285714285714286,-2.0,8.0,2.0,3.0
-0.7466666666666667,-0.76,0.007391807174361327,0.5714285714285714,-4.0,8.0,2.0,3.0
-0.74,-0.76,0.00791979340110142,0.5714285714285714,-4.0,8.0,2.0,3.0
-0.7666666666666667,-0.7866666666666666,0.025554533374220593,0.6,-3.0,11.0,2.0,3.0
-0.7666666666666667,-0.78,0.017172646427476238,0.6285714285714286,-2.0,11.0,2.0,3.0
-0.7466666666666667,-0.76,0.014255628121982562,0.5714285714285714,-4.0,8.0,2.0,3.0
-0.74,-0.7733333333333333,0.014255628121982562,0.5142857142857142,-6.0,8.0,2.0,3.0
-0.7533333333333333,-0.76,0.00791979340110142,0.5714285714285714,-4.0,8.0,2.0,3.0
-0.7733333333333333,-0.7866666666666666,0.016661555759991828,0.6,-3.0,11.0,2.0,3.0
-0.78,-0.7866666666666666,0.019217009097413886,0.6,-3.0,11.0,2.0,3.0
-0.7466666666666667,-0.7466666666666667,0.02217542152308398,0.6,-3.0,8.0,2.0,3.0
-0.7866666666666666,-0.7733333333333333,0.022283553102320355,0.6,-3.0,11.0,2.0,3.0
-0.7466666666666667,-0.7533333333333333,0.00791979340110142,0.5714285714285714,-4.0,8.0,2.0,3.0
-0.7733333333333333,-0.7866666666666666,0.016150465092507414,0.6,-3.0,11.0,2.0,3.0
-0.7733333333333333,-0.7866666666666666,0.023816825104773592,0.6,-3.0,11.0,2.0,3.0
-0.7733333333333333,-0.7666666666666667,0.02013697229888583,0.6285714285714286,-2.0,11.0,2.0,3.0
-0.7333333333333333,-0.76,0.007391807174361327,0.5714285714285714,-4.0,8.0,2.0,3.0
-0.7666666666666667,-0.7866666666666666,0.01860370029643259,0.6,-3.0,11.0,2.0,3.0
-0.74,-0.76,0.007391807174361327,0.5428571428571428,-5.0,8.0,2.0,3.0
-0.76,-0.7733333333333333,0.019114790963917,0.6,-3.0,11.0,2.0,3.0
-0.7733333333333333,-0.78,0.017172646427476238,0.6285714285714286,-2.0,11.0,2.0,3.0
-0.7666666666666667,-0.7866666666666666,0.02810998671164265,0.6,-3.0,11.0,2.0,3.0
-0.7666666666666667,-0.7866666666666666,0.011959521619135237,0.6,-3.0,11.0,2.0,3.0
-0.7333333333333333,-0.7666666666666667,0.020063476616123604,0.5428571428571428,-5.0,8.0,2.0,3.0
-0.78,-0.78,0.030358785648574062,0.6285714285714286,-2.0,11.0,2.0,3.0
-0.76,-0.7666666666666667,0.020443626699376473,0.6285714285714286,-2.0,11.0,2.0,3.0
-0.7666666666666667,-0.78,0.013083921087600946,0.6285714285714286,-2.0,11.0,2.0,3.0
-0.7333333333333333,-0.7533333333333333,0.008447779627841516,0.5714285714285714,-4.0,8.0,2.0,3.0
-0.74,-0.7666666666666667,0.020063476616123604,0.5428571428571428,-5.0,8.0,2.0,3.0
-0.74,-0.7466666666666667,0.014255628121982562,0.6,-3.0,8.0,2.0,3.0
-0.7733333333333333,-0.7866666666666666,0.011959521619135237,0.6,-3.0,11.0,2.0,3.0
-0.74,-0.76,0.006335834720881137,0.5714285714285714,-4.0,8.0,2.0,3.0
-0.78,-0.7866666666666666,0.017888173361954415,0.6,-3.0,11.0,2.0,3.0
-0.74,-0.7533333333333333,0.02534333888352455,0.5714285714285714,-4.0,8.0,2.0,3.0
-0.76,-0.7866666666666666,0.01758151896146377,0.6,-3.0,11.0,2.0,3.0
-0.7466666666666667,-0.76,0.006335834720881137,0.5714285714285714,-4.0,8.0,2.0,3.0
-0.7666666666666667,-0.7866666666666666,0.022999080036798538,0.6,-3.0,11.0,2.0,3.0
-0.7666666666666667,-0.78,0.030358785648574062,0.6285714285714286,-2.0,11.0,2.0,3.0
-0.7466666666666667,-0.7666666666666667,0.0026399311337004724,0.5428571428571428,-5.0,8.0,2.0,3.0
-0.7666666666666667,-0.7666666666666667,0.02013697229888583,0.6285714285714286,-2.0,11.0,2.0,3.0
-0.78,-0.78,0.030358785648574062,0.6285714285714286,-2.0,11.0,2.0,3.0
-0.7733333333333333,-0.7866666666666666,0.015332720024532355,0.6,-3.0,11.0,2.0,3.0
-0.7733333333333333,-0.7666666666666667,0.017172646427476238,0.6285714285714286,-2.0,11.0,2.0,3.0
-0.7666666666666667,-0.78,0.013083921087600946,0.6285714285714286,-2.0,11.0,2.0,3.0
-0.74,-0.7466666666666667,0.005807848494141042,0.6,-3.0,8.0,2.0,3.0
-0.7333333333333333,-0.7466666666666667,0.011615696988282085,0.6,-3.0,8.0,2.0,3.0
-0.7333333333333333,-0.7533333333333333,0.013727641895242462,0.6,-3.0,8.0,2.0,3.0
-0.7466666666666667,-0.7666666666666667,0.0026399311337004724,0.5428571428571428,-5.0,8.0,2.0,3.0
-0.7466666666666667,-0.7733333333333333,0.013199655668502371,0.4857142857142857,-7.0,8.0,2.0,3.0
-0.7533333333333333,-0.78,0.00791979340110142,0.4857142857142857,-7.0,8.0,2.0,3.0
-0.7333333333333333,-0.7733333333333333,0.02534333888352455,0.4857142857142857,-7.0,8.0,2.0,3.0
-0.7466666666666667,-0.7533333333333333,0.007391807174361327,0.6,-3.0,8.0,2.0,3.0
-0.7666666666666667,-0.7866666666666666,0.01655933762649494,0.6,-3.0,11.0,2.0,3.0
-0.7666666666666667,-0.7866666666666666,0.015332720024532355,0.6,-3.0,11.0,2.0,3.0
-0.7666666666666667,-0.7866666666666666,0.019728099764898296,0.6,-3.0,11.0,2.0,3.0
-0.78,-0.7866666666666666,0.016150465092507414,0.6,-3.0,11.0,2.0,3.0
-0.7733333333333333,-0.7866666666666666,0.013492793621588471,0.6,-3.0,11.0,2.0,3.0
-0.7466666666666667,-0.7666666666666667,0.00791979340110142,0.5428571428571428,-5.0,8.0,2.0,3.0
-0.7733333333333333,-0.7866666666666666,0.021670244301339056,0.6,-3.0,11.0,2.0,3.0
-0.78,-0.7866666666666666,0.025554533374220593,0.6,-3.0,11.0,2.0,3.0
-0.7466666666666667,-0.76,0.007391807174361327,0.5714285714285714,-4.0,8.0,2.0,3.0
-0.76,-0.7866666666666666,0.014514974956557297,0.6,-3.0,11.0,2.0,3.0
-0.7533333333333333,-0.76,0.006335834720881137,0.5714285714285714,-4.0,8.0,2.0,3.0
-0.7733333333333333,-0.7733333333333333,0.015026065624041707,0.6,-3.0,11.0,2.0,3.0
-0.78,-0.7933333333333333,0.023714606971276708,0.5714285714285714,-4.0,11.0,2.0,3.0
-0.7466666666666667,-0.76,0.006335834720881137,0.5714285714285714,-4.0,8.0,2.0,3.0
-0.7733333333333333,-0.7866666666666666,0.02473678830624553,0.6,-3.0,11.0,2.0,3.0
-0.7333333333333333,-0.74,0.006335834720881137,0.6285714285714286,-2.0,8.0,2.0,3.0
-0.7733333333333333,-0.7866666666666666,0.022999080036798538,0.6,-3.0,11.0,2.0,3.0
-0.74,-0.76,0.00791979340110142,0.5714285714285714,-4.0,8.0,2.0,3.0
-0.78,-0.7866666666666666,0.014514974956557297,0.6,-3.0,11.0,2.0,3.0
-0.7533333333333333,-0.7533333333333333,0.00791979340110142,0.5714285714285714,-4.0,8.0,2.0,3.0
-0.7733333333333333,-0.7866666666666666,0.025554533374220593,0.6,-3.0,11.0,2.0,3.0
-0.7733333333333333,-0.7866666666666666,0.016150465092507414,0.6,-3.0,11.0,2.0,3.0
-0.7533333333333333,-0.76,0.013727641895242467,0.5714285714285714,-4.0,8.0,2.0,3.0
-0.7333333333333333,-0.76,0.014255628121982562,0.5714285714285714,-4.0,8.0,2.0,3.0
-0.7266666666666667,-0.76,0.00791979340110142,0.5714285714285714,-4.0,8.0,2.0,3.0
-0.7666666666666667,-0.7866666666666666,0.01758151896146377,0.6,-3.0,11.0,2.0,3.0
-0.7733333333333333,-0.78,0.02330573443728918,0.6285714285714286,-2.0,11.0,2.0,3.0
-0.74,-0.76,0.0026399311337004724,0.5714285714285714,-4.0,8.0,2.0,3.0
-0.7333333333333333,-0.76,0.00791979340110142,0.5714285714285714,-4.0,8.0,2.0,3.0
-0.7733333333333333,-0.7866666666666666,0.011959521619135237,0.6,-3.0,11.0,2.0,3.0
-0.7666666666666667,-0.7666666666666667,0.02013697229888583,0.6285714285714286,-2.0,11.0,2.0,3.0
-0.7466666666666667,-0.7666666666666667,0.0026399311337004724,0.5428571428571428,-5.0,8.0,2.0,3.0
-0.7466666666666667,-0.74,0.014255628121982562,0.6285714285714286,-2.0,8.0,2.0,3.0
-0.7466666666666667,-0.76,0.00791979340110142,0.5714285714285714,-4.0,8.0,2.0,3.0
-0.7666666666666667,-0.7733333333333333,0.015026065624041707,0.6,-3.0,11.0,2.0,3.0
-0.7333333333333333,-0.7533333333333333,0.01214368321502218,0.6,-3.0,8.0,2.0,3.0
-0.76,-0.78,0.017172646427476238,0.6285714285714286,-2.0,11.0,2.0,3.0
-0.7666666666666667,-0.78,0.009506286415210058,0.6285714285714286,-2.0,11.0,2.0,3.0
-0.76,-0.7866666666666666,0.02473678830624553,0.6,-3.0,11.0,2.0,3.0
-0.7466666666666667,-0.7666666666666667,0.011615696988282085,0.5428571428571428,-5.0,8.0,2.0,3.0
-0.78,-0.78,0.02330573443728918,0.6285714285714286,-2.0,11.0,2.0,3.0
-0.74,-0.7466666666666667,0.016367573028942938,0.6,-3.0,8.0,2.0,3.0
-0.7666666666666667,-0.7866666666666666,0.016661555759991828,0.6,-3.0,11.0,2.0,3.0
-0.7333333333333333,-0.7666666666666667,0.00791979340110142,0.5428571428571428,-5.0,8.0,2.0,3.0
-0.7333333333333333,-0.76,0.0026399311337004724,0.5714285714285714,-4.0,8.0,2.0,3.0
-0.7666666666666667,-0.7866666666666666,0.017888173361954415,0.6,-3.0,11.0,2.0,3.0
-0.74,-0.76,0.013727641895242467,0.5714285714285714,-4.0,8.0,2.0,3.0
-0.7533333333333333,-0.7666666666666667,0.016367573028942938,0.5428571428571428,-5.0,8.0,2.0,3.0
-0.7466666666666667,-0.74,0.007391807174361327,0.6285714285714286,-2.0,8.0,2.0,3.0
-0.78,-0.78,0.030358785648574062,0.6285714285714286,-2.0,11.0,2.0,3.0
-0.74,-0.76,0.007391807174361327,0.5714285714285714,-4.0,8.0,2.0,3.0
-0.7666666666666667,-0.7866666666666666,0.01758151896146377,0.6,-3.0,11.0,2.0,3.0
-0.7733333333333333,-0.7666666666666667,0.017172646427476238,0.6285714285714286,-2.0,11.0,2.0,3.0
-0.7666666666666667,-0.7866666666666666,0.013595011755085354,0.6,-3.0,11.0,2.0,3.0
-0.7333333333333333,-0.76,0.011615696988282085,0.5714285714285714,-4.0,8.0,2.0,3.0
-0.7466666666666667,-0.7666666666666667,0.0026399311337004724,0.5428571428571428,-5.0,8.0,2.0,3.0
-0.78,-0.7733333333333333,0.019114790963917,0.6,-3.0,11.0,2.0,3.0
-0.7666666666666667,-0.7866666666666666,0.02473678830624553,0.6,-3.0,11.0,2.0,3.0
-0.7866666666666666,-0.7866666666666666,0.020239190432382707,0.6,-3.0,11.0,2.0,3.0
-0.7733333333333333,-0.78,0.012061739752632118,0.6285714285714286,-2.0,11.0,2.0,3.0
-0.7466666666666667,-0.7466666666666667,0.005807848494141042,0.6,-3.0,8.0,2.0,3.0
-0.7466666666666667,-0.7533333333333333,0.006335834720881137,0.6,-3.0,8.0,2.0,3.0
-0.7533333333333333,-0.78,0.0047518760406608535,0.4857142857142857,-7.0,8.0,2.0,3.0
-0.7733333333333333,-0.78,0.02524787897372995,0.6285714285714286,-2.0,11.0,2.0,3.0
-0.7333333333333333,-0.7466666666666667,0.011615696988282085,0.6,-3.0,8.0,2.0,3.0
-0.74,-0.7533333333333333,0.01214368321502218,0.6,-3.0,8.0,2.0,3.0
-0.76,-0.78,0.02330573443728918,0.6285714285714286,-2.0,11.0,2.0,3.0
-0.74,-0.7866666666666666,0.01214368321502218,0.4857142857142857,-7.0,8.0,2.0,3.0
-0.7666666666666667,-0.78,0.030358785648574062,0.6285714285714286,-2.0,11.0,2.0,3.0
-0.7733333333333333,-0.7866666666666666,0.016150465092507414,0.6,-3.0,11.0,2.0,3.0
-0.74,-0.7533333333333333,0.02534333888352455,0.5714285714285714,-4.0,8.0,2.0,3.0
-0.7666666666666667,-0.7866666666666666,0.020239190432382707,0.6,-3.0,11.0,2.0,3.0
-0.7666666666666667,-0.7933333333333333,0.01512828375753859,0.5714285714285714,-4.0,11.0,2.0,3.0
-0.7466666666666667,-0.76,0.010559724534801893,0.5714285714285714,-4.0,8.0,2.0,3.0
-0.7666666666666667,-0.7733333333333333,0.020443626699376473,0.6,-3.0,11.0,2.0,3.0
-0.7533333333333333,-0.7666666666666667,0.020063476616123604,0.5428571428571428,-5.0,8.0,2.0,3.0
-0.7466666666666667,-0.76,0.01319965566850237,0.5428571428571428,-5.0,8.0,2.0,3.0
-0.78,-0.7866666666666666,0.016150465092507414,0.6,-3.0,11.0,2.0,3.0
-0.7533333333333333,-0.7733333333333333,0.006335834720881137,0.5142857142857142,-6.0,8.0,2.0,3.0
-0.7533333333333333,-0.7666666666666667,0.016367573028942938,0.5428571428571428,-5.0,8.0,2.0,3.0
-0.78,-0.7866666666666666,0.019728099764898296,0.6,-3.0,11.0,2.0,3.0
-0.7666666666666667,-0.7866666666666666,0.019217009097413886,0.6,-3.0,11.0,2.0,3.0
-0.78,-0.7866666666666666,0.01860370029643259,0.6,-3.0,11.0,2.0,3.0
-0.74,-0.7533333333333333,0.00791979340110142,0.5714285714285714,-4.0,8.0,2.0,3.0
-0.7666666666666667,-0.7866666666666666,0.021670244301339056,0.6,-3.0,11.0,2.0,3.0
-0.74,-0.76,0.008447779627841517,0.5714285714285714,-4.0,8.0,2.0,3.0
-0.7733333333333333,-0.7866666666666666,0.019728099764898296,0.6,-3.0,11.0,2.0,3.0
-0.7466666666666667,-0.7533333333333333,0.006335834720881137,0.6,-3.0,8.0,2.0,3.0
-0.7533333333333333,-0.7733333333333333,0.02534333888352455,0.4857142857142857,-7.0,8.0,2.0,3.0
-0.7666666666666667,-0.7866666666666666,0.016661555759991828,0.6,-3.0,11.0,2.0,3.0
-0.7466666666666667,-0.74,0.014255628121982562,0.6285714285714286,-2.0,8.0,2.0,3.0
-0.7666666666666667,-0.7733333333333333,0.013199655668502371,0.4857142857142857,-7.0,8.0,2.0,3.0
-0.7733333333333333,-0.7866666666666666,0.019217009097413886,0.6,-3.0,11.0,2.0,3.0
-0.7733333333333333,-0.7866666666666666,0.011959521619135237,0.6,-3.0,11.0,2.0,3.0
-0.7733333333333333,-0.7866666666666666,0.013595011755085354,0.6,-3.0,11.0,2.0,3.0
-0.7666666666666667,-0.7666666666666667,0.017172646427476238,0.6285714285714286,-2.0,11.0,2.0,3.0
-0.7866666666666666,-0.7866666666666666,0.014617193090054178,0.6,-3.0,11.0,2.0,3.0
-0.7466666666666667,-0.76,0.00791979340110142,0.5714285714285714,-4.0,8.0,2.0,3.0
-0.7266666666666667,-0.7866666666666666,0.017888173361954415,0.6,-3.0,11.0,2.0,3.0
-0.74,-0.7733333333333333,0.006335834720881137,0.5142857142857142,-6.0,8.0,2.0,3.0
-0.7533333333333333,-0.7666666666666667,0.011615696988282085,0.5428571428571428,-5.0,8.0,2.0,3.0
-0.7533333333333333,-0.7666666666666667,0.007391807174361327,0.5428571428571428,-5.0,8.0,2.0,3.0
-0.7466666666666667,-0.76,0.006335834720881137,0.5714285714285714,-4.0,8.0,2.0,3.0
-0.7666666666666667,-0.7733333333333333,0.014255628121982562,0.5142857142857142,-6.0,8.0,2.0,3.0
-0.7466666666666667,-0.7733333333333333,0.014255628121982562,0.5142857142857142,-6.0,8.0,2.0,3.0
-0.76,-0.7933333333333333,0.023714606971276708,0.5714285714285714,-4.0,11.0,2.0,3.0
-0.7666666666666667,-0.7933333333333333,0.023714606971276708,0.5714285714285714,-4.0,11.0,2.0,3.0
-0.7733333333333333,-0.78,0.013083921087600946,0.6285714285714286,-2.0,11.0,2.0,3.0
-0.7733333333333333,-0.7933333333333333,0.023714606971276708,0.5714285714285714,-4.0,11.0,2.0,3.0
-0.78,-0.7866666666666666,0.015332720024532355,0.6,-3.0,11.0,2.0,3.0
-0.7466666666666667,-0.78,0.0047518760406608535,0.4857142857142857,-7.0,8.0,2.0,3.0
-0.7733333333333333,-0.78,0.012061739752632118,0.6285714285714286,-2.0,11.0,2.0,3.0
-0.78,-0.7866666666666666,0.016150465092507414,0.6,-3.0,11.0,2.0,3.0
-0.7466666666666667,-0.78,0.00791979340110142,0.4857142857142857,-7.0,8.0,2.0,3.0
-0.7666666666666667,-0.7733333333333333,0.022283553102320355,0.6,-3.0,11.0,2.0,3.0
-0.7666666666666667,-0.7866666666666666,0.011959521619135237,0.6,-3.0,11.0,2.0,3.0
-0.7466666666666667,-0.78,0.0047518760406608535,0.4857142857142857,-7.0,8.0,2.0,3.0
-0.76,-0.7866666666666666,0.01758151896146377,0.6,-3.0,11.0,2.0,3.0
-0.7666666666666667,-0.7733333333333333,0.022283553102320355,0.6,-3.0,11.0,2.0,3.0
-0.7666666666666667,-0.7866666666666666,0.019217009097413886,0.6,-3.0,11.0,2.0,3.0
-0.7666666666666667,-0.78,0.009506286415210058,0.6285714285714286,-2.0,11.0,2.0,3.0
-0.76,-0.7866666666666666,0.023816825104773592,0.6,-3.0,11.0,2.0,3.0
-0.7466666666666667,-0.7733333333333333,0.014255628121982562,0.5142857142857142,-6.0,8.0,2.0,3.0
-0.76,-0.7866666666666666,0.02810998671164265,0.6,-3.0,11.0,2.0,3.0
-0.7666666666666667,-0.7666666666666667,0.017172646427476238,0.6285714285714286,-2.0,11.0,2.0,3.0
-0.7733333333333333,-0.7933333333333333,0.023714606971276708,0.5714285714285714,-4.0,11.0,2.0,3.0
-0.7466666666666667,-0.76,0.01319965566850237,0.5428571428571428,-5.0,8.0,2.0,3.0
-0.74,-0.7533333333333333,0.006335834720881137,0.6,-3.0,8.0,2.0,3.0
-0.7533333333333333,-0.7866666666666666,0.007391807174361327,0.4857142857142857,-7.0,8.0,2.0,3.0
-0.7733333333333333,-0.7866666666666666,0.016661555759991828,0.6,-3.0,11.0,2.0,3.0
-0.7733333333333333,-0.7666666666666667,0.02013697229888583,0.6285714285714286,-2.0,11.0,2.0,3.0
-0.7266666666666667,-0.76,0.013727641895242467,0.5714285714285714,-4.0,8.0,2.0,3.0
-0.76,-0.78,0.012777266687110296,0.6285714285714286,-2.0,11.0,2.0,3.0
-0.7533333333333333,-0.7533333333333333,0.013727641895242462,0.6,-3.0,8.0,2.0,3.0
-0.78,-0.7933333333333333,0.01512828375753859,0.5714285714285714,-4.0,11.0,2.0,3.0
-0.7466666666666667,-0.76,0.00791979340110142,0.5714285714285714,-4.0,8.0,2.0,3.0
-0.7533333333333333,-0.76,0.014255628121982562,0.5714285714285714,-4.0,8.0,2.0,3.0
-0.7533333333333333,-0.7466666666666667,0.017951531709163224,0.6,-3.0,8.0,2.0,3.0
-0.7733333333333333,-0.7733333333333333,0.015026065624041707,0.6,-3.0,11.0,2.0,3.0
-0.76,-0.7866666666666666,0.019625881631401415,0.6,-3.0,11.0,2.0,3.0
-0.74,-0.7733333333333333,0.016367573028942938,0.5142857142857142,-6.0,8.0,2.0,3.0
-0.7466666666666667,-0.7666666666666667,0.016367573028942938,0.5428571428571428,-5.0,8.0,2.0,3.0
-0.78,-0.78,0.030358785648574062,0.6285714285714286,-2.0,11.0,2.0,3.0
-0.74,-0.7533333333333333,0.008447779627841516,0.5714285714285714,-4.0,8.0,2.0,3.0
-0.7666666666666667,-0.7866666666666666,0.01758151896146377,0.6,-3.0,11.0,2.0,3.0
-0.7266666666666667,-0.7733333333333333,0.013199655668502371,0.4857142857142857,-7.0,8.0,2.0,3.0
-0.78,-0.7866666666666666,0.021670244301339056,0.6,-3.0,11.0,2.0,3.0
-0.7666666666666667,-0.78,0.012061739752632118,0.6285714285714286,-2.0,11.0,2.0,3.0
-0.7666666666666667,-0.74,0.03322089338648677,0.7714285714285715,3.0,11.0,2.0,4.0
-0.7333333333333333,-0.7466666666666667,0.013727641895242462,0.6,-3.0,8.0,2.0,4.0
-0.7533333333333333,-0.7466666666666667,0.045691505673106404,0.7142857142857143,1.0,11.0,2.0,4.0
-0.7466666666666667,-0.74,0.03240314831851171,0.7428571428571429,2.0,11.0,2.0,4.0
-0.74,-0.74,0.053868956352857,0.7714285714285715,3.0,11.0,2.0,4.0
-0.7466666666666667,-0.7466666666666667,0.038638454461821535,0.7428571428571429,2.0,11.0,2.0,4.0
-0.7266666666666667,-0.74,0.01900750416264341,0.6285714285714286,-2.0,8.0,2.0,4.0
-0.74,-0.7466666666666667,0.008447779627841516,0.6,-3.0,8.0,2.0,4.0
-0.7466666666666667,-0.74,0.03035878564857407,0.7428571428571429,2.0,11.0,2.0,4.0
-0.7466666666666667,-0.74,0.036594091791883894,0.7714285714285715,3.0,11.0,2.0,4.0
-0.7466666666666667,-0.7533333333333333,0.00791979340110142,0.6,-3.0,8.0,2.0,4.0
-0.7533333333333333,-0.74,0.006439742410303589,0.7714285714285715,3.0,11.0,2.0,4.0
-0.74,-0.7533333333333333,0.007391807174361327,0.6,-3.0,8.0,2.0,4.0
-0.7333333333333333,-0.7533333333333333,0.00791979340110142,0.6,-3.0,8.0,2.0,4.0
-0.74,-0.7466666666666667,0.006335834720881137,0.6,-3.0,8.0,2.0,4.0
-0.7466666666666667,-0.76,0.0047518760406608535,0.5714285714285714,-4.0,8.0,2.0,4.0
-0.7466666666666667,-0.7466666666666667,0.0047518760406608535,0.6,-3.0,8.0,2.0,4.0
-0.7533333333333333,-0.7466666666666667,0.038638454461821535,0.7428571428571429,2.0,11.0,2.0,4.0
-0.7466666666666667,-0.74,0.015639374425023,0.7714285714285715,3.0,11.0,2.0,4.0
-0.74,-0.7466666666666667,0.013199655668502371,0.6,-3.0,8.0,2.0,4.0
-0.7466666666666667,-0.74,0.017070428293979357,0.7714285714285715,3.0,11.0,2.0,4.0
-0.7466666666666667,-0.74,0.04364714300316877,0.7714285714285715,3.0,11.0,2.0,4.0
-0.74,-0.7533333333333333,0.0047518760406608535,0.5714285714285714,-4.0,8.0,2.0,4.0
-0.7533333333333333,-0.7333333333333333,0.013492793621588468,0.8,4.0,11.0,2.0,4.0
-0.74,-0.74,0.017172646427476238,0.7428571428571429,2.0,11.0,2.0,4.0
-0.78,-0.7466666666666667,0.027905550444648892,0.7428571428571429,2.0,11.0,2.0,4.0
-0.7466666666666667,-0.7466666666666667,0.04344270673617501,0.7142857142857143,1.0,11.0,2.0,4.0
-0.7666666666666667,-0.7333333333333333,0.013492793621588468,0.8,4.0,11.0,2.0,4.0
-0.7533333333333333,-0.7466666666666667,0.040887253398752946,0.7714285714285715,3.0,11.0,2.0,4.0
-0.7266666666666667,-0.7466666666666667,0.006335834720881137,0.6,-3.0,8.0,2.0,4.0
-0.7466666666666667,-0.7533333333333333,0.0047518760406608535,0.5714285714285714,-4.0,8.0,2.0,4.0
-0.7466666666666667,-0.74,0.015026065624041707,0.7428571428571429,2.0,11.0,2.0,4.0
-0.7466666666666667,-0.74,0.017070428293979357,0.7714285714285715,3.0,11.0,2.0,4.0
-0.7466666666666667,-0.7533333333333333,0.007391807174361327,0.6,-3.0,8.0,2.0,4.0
-0.7533333333333333,-0.74,0.017070428293979357,0.7714285714285715,3.0,11.0,2.0,4.0
-0.7533333333333333,-0.7466666666666667,0.017888173361954415,0.7428571428571429,2.0,11.0,2.0,4.0
-0.7466666666666667,-0.74,0.007666360012266177,0.7714285714285715,3.0,11.0,2.0,4.0
-0.7533333333333333,-0.74,0.01809260962894818,0.7714285714285715,3.0,11.0,2.0,4.0
-0.7466666666666667,-0.74,0.015639374425023,0.7714285714285715,3.0,11.0,2.0,4.0
-0.7466666666666667,-0.7533333333333333,0.024815352656784456,0.6,-3.0,8.0,2.0,4.0
-0.7333333333333333,-0.7533333333333333,0.006335834720881137,0.5714285714285714,-4.0,8.0,2.0,4.0
-0.7466666666666667,-0.7466666666666667,0.006335834720881137,0.6,-3.0,8.0,2.0,4.0
-0.7333333333333333,-0.76,0.00791979340110142,0.5714285714285714,-4.0,8.0,2.0,4.0
-0.7533333333333333,-0.7466666666666667,0.020648062966370243,0.7714285714285715,3.0,11.0,2.0,4.0
-0.7466666666666667,-0.7466666666666667,0.016367573028942938,0.6,-3.0,8.0,2.0,4.0
-0.74,-0.7466666666666667,0.014255628121982562,0.6,-3.0,8.0,2.0,4.0
-0.7133333333333334,-0.7866666666666666,0.03643104964506654,0.42857142857142855,-9.0,8.0,2.0,4.0
-0.7533333333333333,-0.74,0.02678115097618318,0.7428571428571429,2.0,11.0,2.0,4.0
-0.7466666666666667,-0.74,0.017172646427476238,0.7428571428571429,2.0,11.0,2.0,4.0
-0.7666666666666667,-0.7466666666666667,0.027905550444648892,0.7428571428571429,2.0,11.0,2.0,4.0
-0.7466666666666667,-0.76,0.016367573028942938,0.5714285714285714,-4.0,8.0,2.0,4.0
-0.7466666666666667,-0.74,0.017070428293979357,0.7714285714285715,3.0,11.0,2.0,4.0
-0.7466666666666667,-0.74,0.006439742410303589,0.7714285714285715,3.0,11.0,2.0,4.0
-0.74,-0.7466666666666667,0.02115915363385465,0.7142857142857143,1.0,11.0,2.0,4.0
-0.7466666666666667,-0.74,0.017070428293979357,0.7714285714285715,3.0,11.0,2.0,4.0
-0.74,-0.7533333333333333,0.007391807174361327,0.6,-3.0,8.0,2.0,4.0
-0.7466666666666667,-0.7666666666666667,0.010559724534801893,0.5428571428571428,-5.0,8.0,2.0,4.0
-0.7533333333333333,-0.7466666666666667,0.020063476616123604,0.6,-3.0,8.0,2.0,4.0
-0.74,-0.74,0.04006950833077789,0.7714285714285715,3.0,11.0,2.0,4.0
-0.7466666666666667,-0.74,0.014255628121982562,0.6285714285714286,-2.0,8.0,2.0,4.0
-0.7466666666666667,-0.74,0.015639374425023,0.7714285714285715,3.0,11.0,2.0,4.0
-0.74,-0.74,0.012777266687110296,0.7714285714285715,3.0,11.0,2.0,4.0
-0.74,-0.7533333333333333,0.0047518760406608535,0.5714285714285714,-4.0,8.0,2.0,4.0
-0.7466666666666667,-0.7533333333333333,0.005807848494141042,0.6,-3.0,8.0,2.0,4.0
-0.7466666666666667,-0.7533333333333333,0.0047518760406608535,0.5714285714285714,-4.0,8.0,2.0,4.0
-0.7533333333333333,-0.7333333333333333,0.014003884289072881,0.7714285714285715,3.0,11.0,2.0,4.0
-0.7466666666666667,-0.74,0.00791979340110142,0.6285714285714286,-2.0,8.0,2.0,4.0
-0.7533333333333333,-0.7466666666666667,0.013199655668502371,0.6,-3.0,8.0,2.0,4.0
-0.7466666666666667,-0.74,0.03240314831851171,0.7428571428571429,2.0,11.0,2.0,4.0
-0.7666666666666667,-0.74,0.036594091791883894,0.7714285714285715,3.0,11.0,2.0,4.0
-0.74,-0.7533333333333333,0.006335834720881137,0.6,-3.0,8.0,2.0,4.0
-0.7466666666666667,-0.7466666666666667,0.02115915363385465,0.7142857142857143,1.0,11.0,2.0,4.0
-0.7333333333333333,-0.7466666666666667,0.0047518760406608535,0.6,-3.0,8.0,2.0,4.0
-0.74,-0.74,0.007666360012266177,0.7714285714285715,3.0,11.0,2.0,4.0
-0.7533333333333333,-0.7466666666666667,0.033016457119493005,0.7428571428571429,2.0,11.0,2.0,4.0
-0.7466666666666667,-0.7533333333333333,0.017423545482423128,0.5714285714285714,-4.0,8.0,2.0,4.0
-0.7533333333333333,-0.7466666666666667,0.006335834720881137,0.6,-3.0,8.0,2.0,4.0
-0.7666666666666667,-0.74,0.038331800061330884,0.7714285714285715,3.0,11.0,2.0,4.0
-0.7533333333333333,-0.7466666666666667,0.02994991311458654,0.7428571428571429,2.0,11.0,2.0,4.0
-0.7466666666666667,-0.74,0.006439742410303589,0.7714285714285715,3.0,11.0,2.0,4.0
-0.7533333333333333,-0.7666666666666667,0.017951531709163224,0.5428571428571428,-5.0,8.0,2.0,4.0
-0.7266666666666667,-0.76,0.0047518760406608535,0.5714285714285714,-4.0,8.0,2.0,4.0
-0.74,-0.7333333333333333,0.01214368321502218,0.6285714285714286,-2.0,8.0,2.0,4.0
-0.7333333333333333,-0.74,0.010559724534801893,0.6285714285714286,-2.0,8.0,2.0,4.0
-0.7266666666666667,-0.7266666666666667,0.020063476616123604,0.6571428571428571,-1.0,8.0,2.0,4.0
-0.7466666666666667,-0.74,0.007666360012266177,0.7714285714285715,3.0,11.0,2.0,4.0
-0.74,-0.7533333333333333,0.014255628121982562,0.6,-3.0,8.0,2.0,4.0
-0.7333333333333333,-0.7533333333333333,0.017423545482423128,0.6,-3.0,8.0,2.0,4.0
-0.74,-0.76,0.0047518760406608535,0.5714285714285714,-4.0,8.0,2.0,4.0
-0.74,-0.74,0.017888173361954415,0.7714285714285715,3.0,11.0,2.0,4.0
-0.7533333333333333,-0.74,0.014255628121982562,0.6285714285714286,-2.0,8.0,2.0,4.0
-0.78,-0.74,0.04926914034549729,0.7714285714285715,3.0,11.0,2.0,4.0
-0.7466666666666667,-0.74,0.015639374425023,0.7714285714285715,3.0,11.0,2.0,4.0
-0.74,-0.74,0.018603700296432588,0.7428571428571429,2.0,11.0,2.0,4.0
-0.7466666666666667,-0.74,0.02831442297863642,0.7714285714285715,3.0,11.0,2.0,4.0
-0.7533333333333333,-0.74,0.03608300112439948,0.7428571428571429,2.0,11.0,2.0,4.0
-0.74,-0.74,0.00735970561177553,0.7714285714285715,3.0,11.0,2.0,4.0
-0.7466666666666667,-0.74,0.038331800061330884,0.7714285714285715,3.0,11.0,2.0,4.0
-0.7666666666666667,-0.7466666666666667,0.04926914034549729,0.7428571428571429,2.0,11.0,2.0,4.0
-0.74,-0.74,0.017070428293979357,0.7714285714285715,3.0,11.0,2.0,4.0
-0.74,-0.74,0.017070428293979357,0.7714285714285715,3.0,11.0,2.0,4.0
-0.74,-0.74,0.03322089338648677,0.7714285714285715,3.0,11.0,2.0,4.0
-0.74,-0.7466666666666667,0.014255628121982562,0.6,-3.0,8.0,2.0,4.0
-0.7466666666666667,-0.7466666666666667,0.033016457119493005,0.7428571428571429,2.0,11.0,2.0,4.0
-0.78,-0.74,0.053868956352857,0.7714285714285715,3.0,11.0,2.0,4.0
-0.74,-0.7466666666666667,0.017951531709163224,0.6,-3.0,8.0,2.0,4.0
-0.7466666666666667,-0.7466666666666667,0.006335834720881137,0.6,-3.0,8.0,2.0,4.0
-0.74,-0.7533333333333333,0.017423545482423128,0.5714285714285714,-4.0,8.0,2.0,4.0
-0.7666666666666667,-0.74,0.028825513646120828,0.7714285714285715,3.0,11.0,2.0,4.0
-0.7466666666666667,-0.74,0.018603700296432588,0.7428571428571429,2.0,11.0,2.0,4.0
-0.7466666666666667,-0.74,0.036594091791883894,0.7714285714285715,3.0,11.0,2.0,4.0
-0.74,-0.7533333333333333,0.007391807174361327,0.6,-3.0,8.0,2.0,4.0
-0.74,-0.7466666666666667,0.020648062966370243,0.7714285714285715,3.0,11.0,2.0,4.0
-0.7533333333333333,-0.74,0.006439742410303589,0.7714285714285715,3.0,11.0,2.0,4.0
-0.7466666666666667,-0.74,0.04006950833077789,0.7714285714285715,3.0,11.0,2.0,4.0
-0.7466666666666667,-0.7733333333333333,0.0047518760406608535,0.5142857142857142,-6.0,8.0,2.0,4.0
-0.7466666666666667,-0.74,0.018603700296432588,0.7428571428571429,2.0,11.0,2.0,4.0
-0.7133333333333334,-0.7266666666666667,0.020063476616123604,0.6571428571428571,-1.0,8.0,2.0,4.0
-0.7466666666666667,-0.7466666666666667,0.020648062966370243,0.7714285714285715,3.0,11.0,2.0,4.0
-0.7466666666666667,-0.74,0.021772462434835944,0.7714285714285715,3.0,11.0,2.0,4.0
-0.7666666666666667,-0.74,0.021772462434835944,0.7714285714285715,3.0,11.0,2.0,4.0
-0.7466666666666667,-0.7466666666666667,0.027905550444648892,0.7428571428571429,2.0,11.0,2.0,4.0
-0.7466666666666667,-0.78,0.005807848494141042,0.4857142857142857,-7.0,8.0,2.0,4.0
-0.74,-0.74,0.053868956352857,0.7714285714285715,3.0,11.0,2.0,4.0
-0.7666666666666667,-0.74,0.03608300112439948,0.7428571428571429,2.0,11.0,2.0,4.0
-0.7866666666666666,-0.74,0.015332720024532358,0.7714285714285715,3.0,11.0,2.0,4.0
-0.7533333333333333,-0.7466666666666667,0.02115915363385465,0.7142857142857143,1.0,11.0,2.0,4.0
-0.7466666666666667,-0.74,0.00735970561177553,0.7714285714285715,3.0,11.0,2.0,4.0
-0.74,-0.7466666666666667,0.040887253398752946,0.7714285714285715,3.0,11.0,2.0,4.0
-0.74,-0.7533333333333333,0.005807848494141042,0.6,-3.0,8.0,2.0,4.0
-0.78,-0.7466666666666667,0.04344270673617501,0.7142857142857143,1.0,11.0,2.0,4.0
-0.7333333333333333,-0.7533333333333333,0.017423545482423128,0.5714285714285714,-4.0,8.0,2.0,4.0
-0.7466666666666667,-0.74,0.017888173361954415,0.7714285714285715,3.0,11.0,2.0,4.0
-0.7333333333333333,-0.7266666666666667,0.03904732699580906,0.8285714285714286,5.0,11.0,2.0,4.0
-0.78,-0.74,0.017888173361954415,0.7714285714285715,3.0,11.0,2.0,4.0
-0.7666666666666667,-0.7466666666666667,0.038638454461821535,0.7428571428571429,2.0,11.0,2.0,4.0
-0.7466666666666667,-0.74,0.017888173361954415,0.7714285714285715,3.0,11.0,2.0,4.0
-0.7533333333333333,-0.74,0.03035878564857407,0.7428571428571429,2.0,11.0,2.0,4.0
-0.7466666666666667,-0.74,0.03322089338648677,0.7714285714285715,3.0,11.0,2.0,4.0
-0.7666666666666667,-0.74,0.040887253398752946,0.7428571428571429,2.0,11.0,2.0,4.0
-0.7666666666666667,-0.74,0.036594091791883894,0.7714285714285715,3.0,11.0,2.0,4.0
-0.7733333333333333,-0.74,0.04006950833077789,0.7714285714285715,3.0,11.0,2.0,4.0
-0.74,-0.7533333333333333,0.017423545482423128,0.6,-3.0,8.0,2.0,4.0
-0.7533333333333333,-0.7466666666666667,0.04926914034549729,0.7428571428571429,2.0,11.0,2.0,4.0
-0.74,-0.74,0.031892057651027296,0.7714285714285715,3.0,11.0,2.0,4.0
-0.74,-0.7533333333333333,0.007391807174361327,0.6,-3.0,8.0,2.0,4.0
-0.7466666666666667,-0.74,0.015639374425023,0.7714285714285715,3.0,11.0,2.0,4.0
-0.7533333333333333,-0.74,0.023714606971276708,0.7714285714285715,3.0,11.0,2.0,4.0
-0.7533333333333333,-0.7466666666666667,0.04415823367065319,0.7142857142857143,1.0,11.0,2.0,4.0
-0.7266666666666667,-0.7466666666666667,0.014255628121982562,0.6,-3.0,8.0,2.0,4.0
-0.74,-0.74,0.053868956352857,0.7714285714285715,3.0,11.0,2.0,4.0
-0.7466666666666667,-0.74,0.01809260962894818,0.7714285714285715,3.0,11.0,2.0,4.0
-0.78,-0.74,0.015332720024532358,0.7714285714285715,3.0,11.0,2.0,4.0
-0.7466666666666667,-0.74,0.04006950833077789,0.7714285714285715,3.0,11.0,2.0,4.0
-0.7333333333333333,-0.7866666666666666,0.03643104964506654,0.42857142857142855,-9.0,8.0,2.0,4.0
-0.74,-0.7866666666666666,0.03643104964506654,0.42857142857142855,-9.0,8.0,2.0,4.0
-0.7533333333333333,-0.7466666666666667,0.017888173361954415,0.7428571428571429,2.0,11.0,2.0,4.0
-0.7466666666666667,-0.74,0.03608300112439948,0.7428571428571429,2.0,11.0,2.0,4.0
-0.7266666666666667,-0.7466666666666667,0.02217542152308398,0.6,-3.0,8.0,2.0,4.0
-0.74,-0.74,0.015026065624041707,0.7428571428571429,2.0,11.0,2.0,4.0
-0.7466666666666667,-0.7533333333333333,0.017423545482423128,0.5714285714285714,-4.0,8.0,2.0,4.0
-0.7533333333333333,-0.76,0.010559724534801893,0.5714285714285714,-4.0,8.0,2.0,4.0
-0.7666666666666667,-0.74,0.03322089338648677,0.7714285714285715,3.0,11.0,2.0,4.0
-0.7466666666666667,-0.7466666666666667,0.0047518760406608535,0.6,-3.0,8.0,2.0,4.0
-0.7333333333333333,-0.74,0.018603700296432588,0.7428571428571429,2.0,11.0,2.0,4.0
-0.7266666666666667,-0.7466666666666667,0.013199655668502371,0.6,-3.0,8.0,2.0,4.0
-0.7666666666666667,-0.74,0.015026065624041707,0.7428571428571429,2.0,11.0,2.0,4.0
-0.7466666666666667,-0.7533333333333333,0.017423545482423128,0.6,-3.0,8.0,2.0,4.0
-0.74,-0.76,0.0047518760406608535,0.5714285714285714,-4.0,8.0,2.0,4.0
-0.7466666666666667,-0.7333333333333333,0.014003884289072881,0.7714285714285715,3.0,11.0,2.0,4.0
-0.7466666666666667,-0.7466666666666667,0.033016457119493005,0.7428571428571429,2.0,11.0,2.0,4.0
-0.74,-0.7466666666666667,0.013199655668502371,0.6,-3.0,8.0,2.0,4.0
-0.74,-0.74,0.04006950833077789,0.7714285714285715,3.0,11.0,2.0,4.0
-0.7466666666666667,-0.74,0.006439742410303589,0.7714285714285715,3.0,11.0,2.0,4.0
-0.7466666666666667,-0.74,0.03322089338648677,0.7714285714285715,3.0,11.0,2.0,4.0
-0.7466666666666667,-0.7466666666666667,0.016367573028942938,0.6,-3.0,8.0,2.0,4.0
-0.74,-0.74,0.023714606971276708,0.7714285714285715,3.0,11.0,2.0,4.0
-0.7533333333333333,-0.7533333333333333,0.008447779627841516,0.5714285714285714,-4.0,8.0,2.0,4.0
-0.7333333333333333,-0.7466666666666667,0.020063476616123604,0.6,-3.0,8.0,2.0,4.0
-0.7333333333333333,-0.7533333333333333,0.011615696988282085,0.6,-3.0,8.0,2.0,4.0
-0.7533333333333333,-0.74,0.038331800061330884,0.7714285714285715,3.0,11.0,2.0,4.0
-0.7466666666666667,-0.7533333333333333,0.016367573028942938,0.5714285714285714,-4.0,8.0,2.0,4.0
-0.7466666666666667,-0.74,0.017888173361954415,0.7714285714285715,3.0,11.0,2.0,4.0
-0.74,-0.7466666666666667,0.00791979340110142,0.6,-3.0,8.0,2.0,4.0
-0.7333333333333333,-0.74,0.007391807174361327,0.6285714285714286,-2.0,8.0,2.0,4.0
-0.7466666666666667,-0.7533333333333333,0.016367573028942938,0.5714285714285714,-4.0,8.0,2.0,4.0
-0.74,-0.76,0.010559724534801893,0.5714285714285714,-4.0,8.0,2.0,4.0
-0.7333333333333333,-0.7466666666666667,0.006335834720881137,0.6,-3.0,8.0,2.0,4.0
-0.7533333333333333,-0.7466666666666667,0.04415823367065319,0.7142857142857143,1.0,11.0,2.0,4.0
-0.7533333333333333,-0.7466666666666667,0.033016457119493005,0.7428571428571429,2.0,11.0,2.0,4.0
-0.7466666666666667,-0.74,0.038331800061330884,0.7714285714285715,3.0,11.0,2.0,4.0
-0.74,-0.76,0.00791979340110142,0.5714285714285714,-4.0,8.0,2.0,4.0
-0.7333333333333333,-0.74,0.010559724534801893,0.6285714285714286,-2.0,8.0,2.0,4.0
-0.7333333333333333,-0.7533333333333333,0.005807848494141042,0.6,-3.0,8.0,2.0,4.0
-0.74,-0.74,0.02831442297863642,0.7714285714285715,3.0,11.0,2.0,4.0
-0.74,-0.74,0.03322089338648677,0.7714285714285715,3.0,11.0,2.0,4.0
-0.74,-0.7533333333333333,0.014255628121982562,0.6,-3.0,8.0,2.0,4.0
-0.7666666666666667,-0.74,0.02678115097618318,0.7428571428571429,2.0,11.0,2.0,4.0
-0.7733333333333333,-0.7466666666666667,0.04344270673617501,0.7142857142857143,1.0,11.0,2.0,4.0
-0.7733333333333333,-0.74,0.01768373709496065,0.7714285714285715,3.0,11.0,2.0,4.0
-0.7466666666666667,-0.74,0.03035878564857407,0.7428571428571429,2.0,11.0,2.0,4.0
-0.7466666666666667,-0.74,0.018603700296432588,0.7428571428571429,2.0,11.0,2.0,4.0
-0.7333333333333333,-0.7533333333333333,0.016367573028942938,0.5714285714285714,-4.0,8.0,2.0,4.0
-0.76,-0.74,0.01768373709496065,0.7714285714285715,3.0,11.0,2.0,4.0
-0.74,-0.7466666666666667,0.0047518760406608535,0.6,-3.0,8.0,2.0,4.0
-0.7666666666666667,-0.7266666666666667,0.03904732699580906,0.8285714285714286,5.0,11.0,2.0,4.0
-0.7333333333333333,-0.7466666666666667,0.00791979340110142,0.6,-3.0,8.0,2.0,4.0
-0.74,-0.7533333333333333,0.016367573028942938,0.5714285714285714,-4.0,8.0,2.0,4.0
-0.7333333333333333,-0.7533333333333333,0.011615696988282085,0.6,-3.0,8.0,2.0,4.0
-0.7466666666666667,-0.74,0.02678115097618318,0.7428571428571429,2.0,11.0,2.0,4.0
-0.7533333333333333,-0.7533333333333333,0.00791979340110142,0.6,-3.0,8.0,2.0,4.0
-0.74,-0.7466666666666667,0.014255628121982562,0.6,-3.0,8.0,2.0,4.0
-0.76,-0.74,0.02678115097618318,0.7428571428571429,2.0,11.0,2.0,4.0
-0.7466666666666667,-0.74,0.023714606971276708,0.7714285714285715,3.0,11.0,2.0,4.0
-0.7466666666666667,-0.76,0.00791979340110142,0.5714285714285714,-4.0,8.0,2.0,4.0
-0.7466666666666667,-0.7733333333333333,0.016367573028942938,0.5142857142857142,-6.0,8.0,2.0,4.0
-0.7466666666666667,-0.7466666666666667,0.033016457119493005,0.7428571428571429,2.0,11.0,2.0,4.0
-0.74,-0.7466666666666667,0.00791979340110142,0.6,-3.0,8.0,2.0,4.0
-0.7533333333333333,-0.74,0.038331800061330884,0.7714285714285715,3.0,11.0,2.0,4.0
-0.7333333333333333,-0.7533333333333333,0.017423545482423128,0.5714285714285714,-4.0,8.0,2.0,4.0
-0.7666666666666667,-0.74,0.026781150976183176,0.7428571428571429,2.0,11.0,2.0,4.0
-0.7666666666666667,-0.74,0.006439742410303589,0.7714285714285715,3.0,11.0,2.0,4.0
-0.7333333333333333,-0.74,0.036594091791883894,0.7714285714285715,3.0,11.0,2.0,4.0
-0.7466666666666667,-0.7466666666666667,0.04926914034549729,0.7428571428571429,2.0,11.0,2.0,4.0
-0.7466666666666667,-0.7466666666666667,0.033016457119493005,0.7428571428571429,2.0,11.0,2.0,4.0
-0.74,-0.74,0.006335834720881137,0.6285714285714286,-2.0,8.0,2.0,4.0
-0.7466666666666667,-0.7466666666666667,0.013727641895242462,0.6,-3.0,8.0,2.0,4.0
-0.7533333333333333,-0.7533333333333333,0.0047518760406608535,0.5714285714285714,-4.0,8.0,2.0,4.0
-0.7466666666666667,-0.74,0.014255628121982562,0.6285714285714286,-2.0,8.0,2.0,4.0
-0.7466666666666667,-0.7733333333333333,0.016367573028942938,0.5142857142857142,-6.0,8.0,2.0,4.0
-0.7466666666666667,-0.74,0.015639374425023,0.7714285714285715,3.0,11.0,2.0,4.0
-0.7466666666666667,-0.7466666666666667,0.007391807174361327,0.6,-3.0,8.0,2.0,4.0
-0.7466666666666667,-0.76,0.016367573028942938,0.5714285714285714,-4.0,8.0,2.0,4.0
-0.7466666666666667,-0.7533333333333333,0.007391807174361327,0.6,-3.0,8.0,2.0,4.0
-0.7333333333333333,-0.7466666666666667,0.014255628121982562,0.6,-3.0,8.0,2.0,4.0
-0.7466666666666667,-0.74,0.03240314831851171,0.7428571428571429,2.0,11.0,2.0,4.0
-0.7466666666666667,-0.7733333333333333,0.01214368321502218,0.5142857142857142,-6.0,8.0,2.0,4.0
-0.7333333333333333,-0.74,0.02831442297863642,0.7714285714285715,3.0,11.0,2.0,4.0
-0.7333333333333333,-0.7466666666666667,0.017951531709163224,0.6,-3.0,8.0,2.0,4.0
-0.7533333333333333,-0.7466666666666667,0.027905550444648892,0.7428571428571429,2.0,11.0,2.0,4.0
-0.7666666666666667,-0.7466666666666667,0.040887253398752946,0.7714285714285715,3.0,11.0,2.0,4.0
-0.74,-0.7466666666666667,0.013199655668502371,0.6,-3.0,8.0,2.0,4.0
-0.74,-0.74,0.03322089338648677,0.7714285714285715,3.0,11.0,2.0,4.0
-0.7533333333333333,-0.7533333333333333,0.008447779627841516,0.5714285714285714,-4.0,8.0,2.0,4.0
-0.74,-0.76,0.0047518760406608535,0.5714285714285714,-4.0,8.0,2.0,4.0
-0.7466666666666667,-0.74,0.03240314831851171,0.7428571428571429,2.0,11.0,2.0,4.0
-0.7466666666666667,-0.74,0.010426249616682003,0.7428571428571429,2.0,11.0,2.0,4.0
-0.7333333333333333,-0.76,0.0047518760406608535,0.5714285714285714,-4.0,8.0,2.0,4.0
-0.7466666666666667,-0.7533333333333333,0.007391807174361327,0.6,-3.0,8.0,2.0,4.0
-0.7533333333333333,-0.7466666666666667,0.027905550444648892,0.7428571428571429,2.0,11.0,2.0,4.0
-0.74,-0.74,0.036594091791883894,0.7714285714285715,3.0,11.0,2.0,4.0
-0.7533333333333333,-0.74,0.03035878564857407,0.7428571428571429,2.0,11.0,2.0,4.0
-0.74,-0.7533333333333333,0.006335834720881137,0.6,-3.0,8.0,2.0,4.0
-0.7466666666666667,-0.74,0.012777266687110296,0.7714285714285715,3.0,11.0,2.0,4.0
-0.7533333333333333,-0.76,0.0047518760406608535,0.5714285714285714,-4.0,8.0,2.0,4.0
-0.76,-0.7466666666666667,0.04344270673617501,0.7142857142857143,1.0,11.0,2.0,4.0
-0.76,-0.74,0.026781150976183176,0.7428571428571429,2.0,11.0,2.0,4.0
-0.7666666666666667,-0.74,0.03240314831851171,0.7428571428571429,2.0,11.0,2.0,4.0
-0.78,-0.74,0.036594091791883894,0.7714285714285715,3.0,11.0,2.0,4.0
-0.7466666666666667,-0.74,0.028825513646120828,0.7714285714285715,3.0,11.0,2.0,4.0
-0.7533333333333333,-0.74,0.04364714300316877,0.7714285714285715,3.0,11.0,2.0,4.0
-0.82,-0.7466666666666667,0.027905550444648892,0.7428571428571429,2.0,11.0,2.0,4.0
-0.74,-0.74,0.04926914034549729,0.7714285714285715,3.0,11.0,2.0,4.0
-0.7266666666666667,-0.7266666666666667,0.03904732699580906,0.8285714285714286,5.0,11.0,2.0,4.0
-0.7466666666666667,-0.7466666666666667,0.007391807174361327,0.6,-3.0,8.0,2.0,4.0
-0.7533333333333333,-0.74,0.040887253398752946,0.7428571428571429,2.0,11.0,2.0,4.0
-0.7466666666666667,-0.74,0.03322089338648677,0.7714285714285715,3.0,11.0,2.0,4.0
-0.7533333333333333,-0.7466666666666667,0.04415823367065319,0.7142857142857143,1.0,11.0,2.0,4.0
-0.7466666666666667,-0.74,0.006439742410303589,0.7714285714285715,3.0,11.0,2.0,4.0
-0.7466666666666667,-0.7533333333333333,0.0047518760406608535,0.5714285714285714,-4.0,8.0,2.0,4.0
-0.7333333333333333,-0.7533333333333333,0.007391807174361327,0.6,-3.0,8.0,2.0,4.0
-0.7466666666666667,-0.7533333333333333,0.017423545482423128,0.6,-3.0,8.0,2.0,4.0
-0.7266666666666667,-0.7533333333333333,0.017423545482423128,0.6,-3.0,8.0,2.0,4.0
-0.7666666666666667,-0.74,0.03240314831851171,0.7428571428571429,2.0,11.0,2.0,4.0
-0.74,-0.7466666666666667,0.038638454461821535,0.7428571428571429,2.0,11.0,2.0,4.0
-0.7466666666666667,-0.74,0.022692425636307887,0.7428571428571429,2.0,11.0,2.0,4.0
-0.74,-0.7533333333333333,0.00791979340110142,0.6,-3.0,8.0,2.0,4.0
-0.74,-0.7533333333333333,0.017423545482423128,0.6,-3.0,8.0,2.0,4.0
-0.7466666666666667,-0.7466666666666667,0.007391807174361327,0.6,-3.0,8.0,2.0,4.0
-0.7666666666666667,-0.7466666666666667,0.02115915363385465,0.7142857142857143,1.0,11.0,2.0,4.0
-0.7466666666666667,-0.76,0.00791979340110142,0.5714285714285714,-4.0,8.0,2.0,4.0
-0.7533333333333333,-0.7533333333333333,0.00791979340110142,0.5714285714285714,-4.0,8.0,2.0,4.0
-0.7466666666666667,-0.7466666666666667,0.016367573028942938,0.6,-3.0,8.0,2.0,4.0
-0.7466666666666667,-0.7466666666666667,0.02994991311458654,0.7428571428571429,2.0,11.0,2.0,4.0
-0.7533333333333333,-0.74,0.026781150976183176,0.7428571428571429,2.0,11.0,2.0,4.0
-0.7666666666666667,-0.7466666666666667,0.04344270673617501,0.7142857142857143,1.0,11.0,2.0,4.0
-0.7666666666666667,-0.74,0.03240314831851171,0.7428571428571429,2.0,11.0,2.0,4.0
-0.74,-0.74,0.036594091791883894,0.7714285714285715,3.0,11.0,2.0,4.0
-0.7466666666666667,-0.7466666666666667,0.045691505673106404,0.7142857142857143,1.0,11.0,2.0,4.0
-0.74,-0.7733333333333333,0.016367573028942938,0.5142857142857142,-6.0,8.0,2.0,4.0
-0.7333333333333333,-0.7266666666666667,0.03904732699580906,0.8285714285714286,5.0,11.0,2.0,4.0
-0.7666666666666667,-0.7466666666666667,0.038638454461821535,0.7428571428571429,2.0,11.0,2.0,4.0
-0.7333333333333333,-0.7466666666666667,0.0047518760406608535,0.6,-3.0,8.0,2.0,4.0
-0.74,-0.7466666666666667,0.014255628121982562,0.6,-3.0,8.0,2.0,4.0
-0.7333333333333333,-0.7533333333333333,0.011615696988282085,0.6,-3.0,8.0,2.0,4.0
-0.7466666666666667,-0.7333333333333333,0.013492793621588468,0.8,4.0,11.0,2.0,4.0
-0.74,-0.7466666666666667,0.020648062966370243,0.7714285714285715,3.0,11.0,2.0,4.0
-0.7466666666666667,-0.74,0.03240314831851171,0.7428571428571429,2.0,11.0,2.0,4.0
-0.7533333333333333,-0.7333333333333333,0.014003884289072881,0.7714285714285715,3.0,11.0,2.0,4.0
-0.7666666666666667,-0.74,0.00735970561177553,0.7714285714285715,3.0,11.0,2.0,4.0
-0.7466666666666667,-0.7466666666666667,0.006335834720881137,0.6,-3.0,8.0,2.0,4.0
-0.7333333333333333,-0.7466666666666667,0.016367573028942938,0.6,-3.0,8.0,2.0,4.0
-0.7466666666666667,-0.7533333333333333,0.006335834720881137,0.6,-3.0,8.0,2.0,4.0
-0.7533333333333333,-0.74,0.022692425636307887,0.7428571428571429,2.0,11.0,2.0,4.0
-0.7533333333333333,-0.74,0.015639374425023,0.7714285714285715,3.0,11.0,2.0,4.0
-0.74,-0.7466666666666667,0.00791979340110142,0.6,-3.0,8.0,2.0,4.0
-0.74,-0.7533333333333333,0.0047518760406608535,0.5714285714285714,-4.0,8.0,2.0,4.0
-0.7466666666666667,-0.76,0.0047518760406608535,0.5714285714285714,-4.0,8.0,2.0,4.0
-0.74,-0.7466666666666667,0.02115915363385465,0.7142857142857143,1.0,11.0,2.0,4.0
-0.7666666666666667,-0.7466666666666667,0.027905550444648892,0.7428571428571429,2.0,11.0,2.0,4.0
-0.74,-0.7533333333333333,0.007391807174361327,0.6,-3.0,8.0,2.0,4.0
-0.7466666666666667,-0.7466666666666667,0.040887253398752946,0.7714285714285715,3.0,11.0,2.0,4.0
-0.74,-0.7733333333333333,0.01214368321502218,0.5142857142857142,-6.0,8.0,2.0,4.0
-0.74,-0.74,0.036594091791883894,0.7714285714285715,3.0,11.0,2.0,4.0
-0.74,-0.7466666666666667,0.020648062966370243,0.7714285714285715,3.0,11.0,2.0,4.0
-0.74,-0.74,0.023714606971276708,0.7714285714285715,3.0,11.0,2.0,4.0
-0.7466666666666667,-0.7466666666666667,0.016367573028942938,0.6,-3.0,8.0,2.0,4.0
-0.7466666666666667,-0.7266666666666667,0.03904732699580906,0.8285714285714286,5.0,11.0,2.0,4.0
-0.7266666666666667,-0.7533333333333333,0.005807848494141042,0.6,-3.0,8.0,2.0,4.0
-0.76,-0.7466666666666667,0.017888173361954415,0.7428571428571429,2.0,11.0,2.0,4.0
-0.7666666666666667,-0.74,0.015639374425023,0.7714285714285715,3.0,11.0,2.0,4.0
-0.7533333333333333,-0.74,0.006439742410303589,0.7714285714285715,3.0,11.0,2.0,4.0
-0.7466666666666667,-0.7466666666666667,0.033016457119493005,0.7428571428571429,2.0,11.0,2.0,4.0
-0.74,-0.7533333333333333,0.00791979340110142,0.5714285714285714,-4.0,8.0,2.0,4.0
-0.7666666666666667,-0.74,0.031892057651027296,0.7714285714285715,3.0,11.0,2.0,4.0
-0.7533333333333333,-0.7466666666666667,0.045691505673106404,0.7142857142857143,1.0,11.0,2.0,4.0
-0.74,-0.74,0.02678115097618318,0.7428571428571429,2.0,11.0,2.0,4.0
-0.74,-0.7466666666666667,0.0047518760406608535,0.6,-3.0,8.0,2.0,4.0
-0.74,-0.7533333333333333,0.00791979340110142,0.5714285714285714,-4.0,8.0,2.0,4.0
-0.7333333333333333,-0.7533333333333333,0.017423545482423128,0.6,-3.0,8.0,2.0,4.0
-0.74,-0.7466666666666667,0.033016457119493005,0.7428571428571429,2.0,11.0,2.0,4.0
-0.7533333333333333,-0.76,0.0047518760406608535,0.5714285714285714,-4.0,8.0,2.0,4.0
-0.7666666666666667,-0.74,0.01768373709496065,0.7714285714285715,3.0,11.0,2.0,4.0
-0.7466666666666667,-0.78,0.005807848494141042,0.4857142857142857,-7.0,8.0,2.0,4.0
-0.74,-0.74,0.04364714300316877,0.7714285714285715,3.0,11.0,2.0,4.0
-0.7466666666666667,-0.7533333333333333,0.017423545482423128,0.6,-3.0,8.0,2.0,4.0
-0.7866666666666666,-0.7466666666666667,0.02994991311458654,0.7428571428571429,2.0,11.0,2.0,4.0
-0.7533333333333333,-0.74,0.031892057651027296,0.7714285714285715,3.0,11.0,2.0,4.0
-0.7533333333333333,-0.7733333333333333,0.017951531709163224,0.5142857142857142,-6.0,8.0,2.0,4.0
-0.7466666666666667,-0.74,0.023714606971276708,0.7714285714285715,3.0,11.0,2.0,4.0
-0.74,-0.74,0.031892057651027296,0.7714285714285715,3.0,11.0,2.0,4.0
-0.74,-0.7466666666666667,0.04926914034549729,0.7428571428571429,2.0,11.0,2.0,4.0
-0.7533333333333333,-0.74,0.03035878564857407,0.7428571428571429,2.0,11.0,2.0,4.0
-0.7466666666666667,-0.74,0.02678115097618318,0.7428571428571429,2.0,11.0,2.0,4.0
-0.7533333333333333,-0.7666666666666667,0.0047518760406608535,0.5428571428571428,-5.0,8.0,2.0,4.0
-0.74,-0.74,0.006335834720881137,0.6285714285714286,-2.0,8.0,2.0,4.0
-0.7466666666666667,-0.76,0.016367573028942938,0.5714285714285714,-4.0,8.0,2.0,4.0
-0.7666666666666667,-0.7733333333333333,0.017951531709163224,0.5142857142857142,-6.0,8.0,2.0,4.0
-0.7466666666666667,-0.7466666666666667,0.006335834720881137,0.6,-3.0,8.0,2.0,4.0
-0.7466666666666667,-0.7466666666666667,0.008447779627841516,0.6,-3.0,8.0,2.0,4.0
-0.7333333333333333,-0.7466666666666667,0.017951531709163217,0.6,-3.0,8.0,2.0,4.0
-0.7466666666666667,-0.7533333333333333,0.007391807174361327,0.6,-3.0,8.0,2.0,4.0
-0.7533333333333333,-0.74,0.053868956352857,0.7714285714285715,3.0,11.0,2.0,4.0
-0.7466666666666667,-0.7466666666666667,0.04926914034549729,0.7428571428571429,2.0,11.0,2.0,4.0
-0.74,-0.74,0.028825513646120828,0.7714285714285715,3.0,11.0,2.0,4.0
-0.74,-0.74,0.036594091791883894,0.7714285714285715,3.0,11.0,2.0,4.0
-0.74,-0.74,0.012777266687110296,0.7714285714285715,3.0,11.0,2.0,4.0
-0.74,-0.7466666666666667,0.02217542152308398,0.6,-3.0,8.0,2.0,4.0
-0.7533333333333333,-0.7466666666666667,0.04415823367065319,0.7142857142857143,1.0,11.0,2.0,4.0
-0.7533333333333333,-0.74,0.022692425636307887,0.7428571428571429,2.0,11.0,2.0,4.0
-0.74,-0.7466666666666667,0.008447779627841517,0.6,-3.0,8.0,2.0,4.0
-0.7533333333333333,-0.7333333333333333,0.013492793621588468,0.8,4.0,11.0,2.0,4.0
-0.7533333333333333,-0.76,0.0047518760406608535,0.5714285714285714,-4.0,8.0,2.0,4.0
-0.74,-0.74,0.03608300112439948,0.7428571428571429,2.0,11.0,2.0,4.0
-0.7466666666666667,-0.7466666666666667,0.038638454461821535,0.7428571428571429,2.0,11.0,2.0,4.0
-0.74,-0.7533333333333333,0.017423545482423128,0.6,-3.0,8.0,2.0,4.0
-0.7533333333333333,-0.74,0.015639374425023,0.7714285714285715,3.0,11.0,2.0,4.0
-0.74,-0.7466666666666667,0.016367573028942938,0.6,-3.0,8.0,2.0,4.0
-0.7666666666666667,-0.7466666666666667,0.02994991311458654,0.7428571428571429,2.0,11.0,2.0,4.0
-0.7466666666666667,-0.7466666666666667,0.013199655668502371,0.6,-3.0,8.0,2.0,4.0
-0.7466666666666667,-0.7333333333333333,0.013492793621588468,0.8,4.0,11.0,2.0,4.0
-0.74,-0.7666666666666667,0.005807848494141042,0.5428571428571428,-5.0,8.0,2.0,4.0
-0.7533333333333333,-0.74,0.022692425636307887,0.7428571428571429,2.0,11.0,2.0,4.0
-0.7466666666666667,-0.74,0.036594091791883894,0.7714285714285715,3.0,11.0,2.0,4.0
-0.7333333333333333,-0.7466666666666667,0.014255628121982562,0.6,-3.0,8.0,2.0,4.0
-0.7466666666666667,-0.7466666666666667,0.00791979340110142,0.6,-3.0,8.0,2.0,4.0
-0.7466666666666667,-0.76,0.0047518760406608535,0.5714285714285714,-4.0,8.0,2.0,4.0
-0.74,-0.74,0.04364714300316877,0.7714285714285715,3.0,11.0,2.0,4.0
-0.7533333333333333,-0.74,0.015332720024532358,0.7714285714285715,3.0,11.0,2.0,4.0
-0.74,-0.74,0.007391807174361327,0.6285714285714286,-2.0,8.0,2.0,4.0
-0.7466666666666667,-0.7466666666666667,0.0047518760406608535,0.6,-3.0,8.0,2.0,4.0
-0.7666666666666667,-0.7466666666666667,0.033016457119493005,0.7428571428571429,2.0,11.0,2.0,4.0
-0.74,-0.74,0.023714606971276708,0.7714285714285715,3.0,11.0,2.0,4.0
-0.74,-0.7733333333333333,0.017951531709163224,0.5142857142857142,-6.0,8.0,2.0,4.0
-0.74,-0.7666666666666667,0.017951531709163224,0.5428571428571428,-5.0,8.0,2.0,4.0
-0.7466666666666667,-0.7533333333333333,0.006335834720881137,0.6,-3.0,8.0,2.0,4.0
-0.7466666666666667,-0.74,0.03608300112439948,0.7428571428571429,2.0,11.0,2.0,4.0
-0.7466666666666667,-0.7533333333333333,0.011615696988282085,0.6,-3.0,8.0,2.0,4.0
-0.7533333333333333,-0.74,0.015639374425023,0.7714285714285715,3.0,11.0,2.0,4.0
-0.74,-0.74,0.00735970561177553,0.7714285714285715,3.0,11.0,2.0,4.0
-0.78,-0.74,0.015639374425023,0.7714285714285715,3.0,11.0,2.0,4.0
-0.7533333333333333,-0.7533333333333333,0.007391807174361327,0.6,-3.0,8.0,2.0,4.0
-0.7466666666666667,-0.74,0.015332720024532358,0.7714285714285715,3.0,11.0,2.0,4.0
-0.7533333333333333,-0.7533333333333333,0.0047518760406608535,0.5714285714285714,-4.0,8.0,2.0,4.0
-0.7466666666666667,-0.74,0.04926914034549729,0.7714285714285715,3.0,11.0,2.0,4.0
-0.7466666666666667,-0.7466666666666667,0.02217542152308398,0.6,-3.0,8.0,2.0,4.0
-0.7733333333333333,-0.7466666666666667,0.013727641895242462,0.6,-3.0,8.0,2.0,4.0
-0.7466666666666667,-0.74,0.01768373709496065,0.7714285714285715,3.0,11.0,2.0,4.0
-0.7666666666666667,-0.7466666666666667,0.014255628121982562,0.6,-3.0,8.0,2.0,4.0
-0.7666666666666667,-0.7733333333333333,0.007391807174361327,0.5142857142857142,-6.0,8.0,2.0,4.0
-0.7466666666666667,-0.7466666666666667,0.006335834720881137,0.6,-3.0,8.0,2.0,4.0
-0.7533333333333333,-0.74,0.031892057651027296,0.7714285714285715,3.0,11.0,2.0,4.0
-0.74,-0.7466666666666667,0.008447779627841517,0.6,-3.0,8.0,2.0,4.0
-0.7466666666666667,-0.74,0.04364714300316877,0.7714285714285715,3.0,11.0,2.0,4.0
-0.7666666666666667,-0.74,0.03035878564857407,0.7428571428571429,2.0,11.0,2.0,4.0
-0.74,-0.74,0.038331800061330884,0.7714285714285715,3.0,11.0,2.0,4.0
-0.7533333333333333,-0.7533333333333333,0.016367573028942938,0.5714285714285714,-4.0,8.0,2.0,4.0
-0.74,-0.7733333333333333,0.017951531709163224,0.5142857142857142,-6.0,8.0,2.0,4.0
-0.7466666666666667,-0.7466666666666667,0.017888173361954415,0.7428571428571429,2.0,11.0,2.0,4.0
-0.7666666666666667,-0.74,0.015639374425023,0.7714285714285715,3.0,11.0,2.0,4.0
-0.78,-0.74,0.018603700296432588,0.7428571428571429,2.0,11.0,2.0,4.0
-0.7466666666666667,-0.74,0.03240314831851171,0.7428571428571429,2.0,11.0,2.0,4.0
-0.7466666666666667,-0.7666666666666667,0.0047518760406608535,0.5428571428571428,-5.0,8.0,2.0,4.0
-0.7466666666666667,-0.7733333333333333,0.0047518760406608535,0.5142857142857142,-6.0,8.0,2.0,4.0
-0.74,-0.74,0.00791979340110142,0.6285714285714286,-2.0,8.0,2.0,4.0
-0.7533333333333333,-0.74,0.017172646427476238,0.7428571428571429,2.0,11.0,2.0,4.0
-0.74,-0.74,0.006335834720881137,0.6285714285714286,-2.0,8.0,2.0,4.0
-0.74,-0.7533333333333333,0.011615696988282085,0.6,-3.0,8.0,2.0,4.0
-0.74,-0.74,0.015332720024532358,0.7714285714285715,3.0,11.0,2.0,4.0
-0.7333333333333333,-0.7533333333333333,0.011615696988282085,0.6,-3.0,8.0,2.0,4.0
-0.7466666666666667,-0.74,0.031892057651027296,0.7714285714285715,3.0,11.0,2.0,4.0
-0.78,-0.74,0.036594091791883894,0.7714285714285715,3.0,11.0,2.0,4.0
-0.74,-0.78,0.005807848494141042,0.4857142857142857,-7.0,8.0,2.0,4.0
-0.74,-0.74,0.018603700296432588,0.7428571428571429,2.0,11.0,2.0,4.0
-0.7666666666666667,-0.74,0.02831442297863642,0.7714285714285715,3.0,11.0,2.0,4.0
-0.7533333333333333,-0.7466666666666667,0.007391807174361327,0.6,-3.0,8.0,2.0,4.0
-0.7466666666666667,-0.74,0.01809260962894818,0.7714285714285715,3.0,11.0,2.0,4.0
-0.74,-0.7533333333333333,0.00791979340110142,0.5714285714285714,-4.0,8.0,2.0,4.0
-0.74,-0.7266666666666667,0.020063476616123604,0.6571428571428571,-1.0,8.0,2.0,4.0
-0.7466666666666667,-0.74,0.036594091791883894,0.7714285714285715,3.0,11.0,2.0,4.0
-0.7533333333333333,-0.7466666666666667,0.0047518760406608535,0.6,-3.0,8.0,2.0,4.0
-0.74,-0.7733333333333333,0.007391807174361327,0.5142857142857142,-6.0,8.0,2.0,4.0
-0.7666666666666667,-0.74,0.028825513646120828,0.7714285714285715,3.0,11.0,2.0,4.0
-0.7666666666666667,-0.7466666666666667,0.027905550444648892,0.7428571428571429,2.0,11.0,2.0,4.0
-0.7266666666666667,-0.7266666666666667,0.03904732699580906,0.8285714285714286,5.0,11.0,2.0,4.0
-0.74,-0.7666666666666667,0.005807848494141042,0.5428571428571428,-5.0,8.0,2.0,4.0
-0.7466666666666667,-0.7466666666666667,0.04415823367065319,0.7142857142857143,1.0,11.0,2.0,4.0
-0.7266666666666667,-0.74,0.010559724534801893,0.6285714285714286,-2.0,8.0,2.0,4.0
-0.7466666666666667,-0.74,0.028825513646120828,0.7714285714285715,3.0,11.0,2.0,4.0
-0.7466666666666667,-0.7733333333333333,0.0047518760406608535,0.5142857142857142,-6.0,8.0,2.0,4.0
-0.74,-0.7466666666666667,0.017951531709163217,0.6,-3.0,8.0,2.0,4.0
-0.7666666666666667,-0.74,0.04926914034549729,0.7714285714285715,3.0,11.0,2.0,4.0
-0.7533333333333333,-0.7666666666666667,0.017951531709163224,0.5428571428571428,-5.0,8.0,2.0,4.0
-0.7466666666666667,-0.7466666666666667,0.006335834720881137,0.6,-3.0,8.0,2.0,4.0
-0.7533333333333333,-0.7466666666666667,0.027905550444648892,0.7428571428571429,2.0,11.0,2.0,4.0
-0.7533333333333333,-0.7466666666666667,0.033016457119493005,0.7428571428571429,2.0,11.0,2.0,4.0
-0.7466666666666667,-0.74,0.038331800061330884,0.7714285714285715,3.0,11.0,2.0,4.0
-0.7666666666666667,-0.74,0.03035878564857407,0.7428571428571429,2.0,11.0,2.0,4.0
-0.7666666666666667,-0.74,0.021772462434835944,0.7714285714285715,3.0,11.0,2.0,4.0
-0.74,-0.76,0.0047518760406608535,0.5714285714285714,-4.0,8.0,2.0,4.0
-0.74,-0.74,0.01768373709496065,0.7714285714285715,3.0,11.0,2.0,4.0
-0.7533333333333333,-0.7466666666666667,0.0047518760406608535,0.6,-3.0,8.0,2.0,4.0
-0.74,-0.7533333333333333,0.007391807174361327,0.6,-3.0,8.0,2.0,4.0
-0.74,-0.7466666666666667,0.007391807174361327,0.6,-3.0,8.0,2.0,4.0
-0.7333333333333333,-0.7533333333333333,0.017423545482423128,0.6,-3.0,8.0,2.0,4.0
-0.7466666666666667,-0.7466666666666667,0.013727641895242462,0.6,-3.0,8.0,2.0,4.0
-0.7466666666666667,-0.7533333333333333,0.0047518760406608535,0.5714285714285714,-4.0,8.0,2.0,4.0
-0.7466666666666667,-0.7466666666666667,0.038638454461821535,0.7428571428571429,2.0,11.0,2.0,4.0
-0.7333333333333333,-0.7466666666666667,0.038638454461821535,0.7428571428571429,2.0,11.0,2.0,4.0
-0.7666666666666667,-0.74,0.02678115097618318,0.7428571428571429,2.0,11.0,2.0,4.0
-0.7466666666666667,-0.7466666666666667,0.038638454461821535,0.7428571428571429,2.0,11.0,2.0,4.0
-0.74,-0.7466666666666667,0.04926914034549729,0.7428571428571429,2.0,11.0,2.0,4.0
-0.7266666666666667,-0.74,0.00791979340110142,0.6285714285714286,-2.0,8.0,2.0,4.0
-0.78,-0.74,0.03240314831851171,0.7428571428571429,2.0,11.0,2.0,4.0
-0.7666666666666667,-0.74,0.036594091791883894,0.7714285714285715,3.0,11.0,2.0,4.0
-0.74,-0.7466666666666667,0.008447779627841516,0.6,-3.0,8.0,2.0,4.0
-0.74,-0.7466666666666667,0.040887253398752946,0.7714285714285715,3.0,11.0,2.0,4.0
-0.74,-0.74,0.017070428293979357,0.7714285714285715,3.0,11.0,2.0,4.0
-0.74,-0.74,0.00791979340110142,0.6285714285714286,-2.0,8.0,2.0,4.0
-0.7466666666666667,-0.74,0.04364714300316877,0.7714285714285715,3.0,11.0,2.0,4.0
-0.7466666666666667,-0.7466666666666667,0.040887253398752946,0.7714285714285715,3.0,11.0,2.0,4.0
-0.7466666666666667,-0.7466666666666667,0.027905550444648892,0.7428571428571429,2.0,11.0,2.0,4.0
-0.7466666666666667,-0.74,0.00735970561177553,0.7714285714285715,3.0,11.0,2.0,4.0
-0.7666666666666667,-0.7466666666666667,0.020648062966370243,0.7714285714285715,3.0,11.0,2.0,4.0
-0.7533333333333333,-0.7533333333333333,0.0047518760406608535,0.5714285714285714,-4.0,8.0,2.0,4.0
-0.7466666666666667,-0.74,0.006439742410303589,0.7714285714285715,3.0,11.0,2.0,4.0
-0.7466666666666667,-0.74,0.03035878564857407,0.7428571428571429,2.0,11.0,2.0,4.0
-0.7466666666666667,-0.7466666666666667,0.038638454461821535,0.7428571428571429,2.0,11.0,2.0,4.0
-0.7266666666666667,-0.7266666666666667,0.020063476616123604,0.6571428571428571,-1.0,8.0,2.0,4.0
-0.7466666666666667,-0.7533333333333333,0.007391807174361327,0.6,-3.0,8.0,2.0,4.0
-0.7466666666666667,-0.7533333333333333,0.007391807174361327,0.5714285714285714,-4.0,8.0,2.0,4.0
-0.7533333333333333,-0.7466666666666667,0.02115915363385465,0.7142857142857143,1.0,11.0,2.0,4.0
-0.7333333333333333,-0.74,0.023714606971276708,0.7714285714285715,3.0,11.0,2.0,4.0
-0.74,-0.7466666666666667,0.014255628121982562,0.6,-3.0,8.0,2.0,4.0
-0.7466666666666667,-0.74,0.017888173361954415,0.7714285714285715,3.0,11.0,2.0,4.0
-0.7533333333333333,-0.76,0.016367573028942938,0.5714285714285714,-4.0,8.0,2.0,4.0
-0.7533333333333333,-0.74,0.02831442297863642,0.7714285714285715,3.0,11.0,2.0,4.0
-0.74,-0.7533333333333333,0.006335834720881137,0.6,-3.0,8.0,2.0,4.0
-0.7466666666666667,-0.7466666666666667,0.00791979340110142,0.6,-3.0,8.0,2.0,4.0
-0.74,-0.7533333333333333,0.008447779627841516,0.5714285714285714,-4.0,8.0,2.0,4.0
-0.74,-0.74,0.03608300112439948,0.7428571428571429,2.0,11.0,2.0,4.0
-0.7466666666666667,-0.74,0.007666360012266177,0.7714285714285715,3.0,11.0,2.0,4.0
-0.7533333333333333,-0.78,0.007391807174361327,0.4857142857142857,-7.0,8.0,2.0,4.0
-0.7533333333333333,-0.7733333333333333,0.007391807174361327,0.5142857142857142,-6.0,8.0,2.0,4.0
-0.74,-0.74,0.031892057651027296,0.7714285714285715,3.0,11.0,2.0,4.0
-0.72,-0.7466666666666667,0.0047518760406608535,0.6,-3.0,8.0,2.0,4.0
-0.7466666666666667,-0.74,0.04364714300316877,0.7714285714285715,3.0,11.0,2.0,4.0
-0.7466666666666667,-0.7466666666666667,0.006335834720881137,0.6,-3.0,8.0,2.0,4.0
-0.7533333333333333,-0.7466666666666667,0.04415823367065319,0.7142857142857143,1.0,11.0,2.0,4.0
-0.7533333333333333,-0.74,0.03240314831851171,0.7428571428571429,2.0,11.0,2.0,4.0
-0.66,-0.6066666666666667,0.02575896964121436,0.9142857142857143,8.0,11.0,2.0,5.0
-0.5533333333333333,-0.5666666666666667,0.023759380203304262,0.9142857142857143,8.0,8.0,2.0,5.0
-0.6133333333333333,-0.6,0.03454972912194624,0.9428571428571428,9.0,11.0,2.0,5.0
-0.6133333333333333,-0.6066666666666667,0.04017172646427478,0.9428571428571428,9.0,11.0,2.0,5.0
-0.6066666666666667,-0.6066666666666667,0.048349177144025354,0.9142857142857143,8.0,11.0,2.0,5.0
-0.5933333333333334,-0.5933333333333334,0.027905550444648878,0.9428571428571428,9.0,11.0,2.0,5.0
-0.5733333333333334,-0.5733333333333334,0.036959035871806635,0.9142857142857143,8.0,8.0,2.0,5.0
-0.5666666666666667,-0.5733333333333334,0.02587132511026465,0.9142857142857143,8.0,8.0,2.0,5.0
-0.6066666666666667,-0.6066666666666667,0.04671368700807524,0.9142857142857143,8.0,11.0,2.0,5.0
-0.6133333333333333,-0.6133333333333333,0.02994991311458654,0.8857142857142857,7.0,11.0,2.0,5.0
-0.5666666666666667,-0.5666666666666667,0.007391807174361327,0.9142857142857143,8.0,8.0,2.0,5.0
-0.6,-0.6066666666666667,0.035060819789430646,0.9428571428571428,9.0,11.0,2.0,5.0
-0.6466666666666666,-0.6066666666666667,0.034847090964846256,0.9142857142857143,8.0,8.0,2.0,5.0
-0.5933333333333334,-0.5866666666666667,0.01900750416264341,0.7714285714285715,3.0,8.0,2.0,5.0
-0.5666666666666667,-0.5733333333333334,0.03379111851136607,0.9142857142857143,8.0,8.0,2.0,5.0
-0.56,-0.5666666666666667,0.017951531709163224,0.8857142857142857,7.0,8.0,2.0,5.0
-0.58,-0.56,0.03643104964506655,0.9142857142857143,8.0,8.0,2.0,5.0
-0.5866666666666667,-0.5933333333333334,0.027905550444648878,0.9428571428571428,9.0,11.0,2.0,5.0
-0.6133333333333333,-0.6133333333333333,0.011550649085147706,0.9142857142857143,8.0,11.0,2.0,5.0
-0.5733333333333334,-0.5866666666666667,0.020063476616123604,0.9142857142857143,8.0,8.0,2.0,5.0
-0.6,-0.6066666666666667,0.03393642032096494,0.9142857142857143,8.0,11.0,2.0,5.0
-0.5933333333333334,-0.5933333333333334,0.02075028109986712,0.9428571428571428,9.0,11.0,2.0,5.0
-0.5466666666666666,-0.5666666666666667,0.08870168609233592,0.9142857142857143,8.0,8.0,2.0,5.0
-0.6,-0.6066666666666667,0.035469692323418185,0.9142857142857143,8.0,11.0,2.0,5.0
-0.6,-0.6,0.02729224164366759,0.9428571428571428,9.0,11.0,2.0,5.0
-0.6066666666666667,-0.6066666666666667,0.07635694572217112,0.9142857142857143,8.0,11.0,2.0,5.0
-0.6066666666666667,-0.6,0.03240314831851171,0.9142857142857143,8.0,11.0,2.0,5.0
-0.6266666666666667,-0.6066666666666667,0.035469692323418185,0.9142857142857143,8.0,11.0,2.0,5.0
-0.6266666666666667,-0.6066666666666667,0.02688336910968006,0.9142857142857143,8.0,11.0,2.0,5.0
-0.5533333333333333,-0.5666666666666667,0.060190429848370815,0.8857142857142857,7.0,8.0,2.0,5.0
-0.5866666666666667,-0.5666666666666667,0.08870168609233592,0.9142857142857143,8.0,8.0,2.0,5.0
-0.5933333333333334,-0.5933333333333334,0.025758969641214356,0.9714285714285714,10.0,11.0,2.0,5.0
-0.6066666666666667,-0.6066666666666667,0.03393642032096494,0.9142857142857143,8.0,11.0,2.0,5.0
-0.58,-0.5666666666666667,0.024815352656784456,0.8857142857142857,7.0,8.0,2.0,5.0
-0.6133333333333333,-0.6066666666666667,0.03393642032096494,0.9142857142857143,8.0,11.0,2.0,5.0
-0.6066666666666667,-0.62,0.023816825104773592,0.9142857142857143,8.0,11.0,2.0,5.0
-0.6066666666666667,-0.6133333333333333,0.015026065624041707,0.9142857142857143,8.0,11.0,2.0,5.0
-0.6,-0.6066666666666667,0.027905550444648878,0.9428571428571428,9.0,11.0,2.0,5.0
-0.6066666666666667,-0.6133333333333333,0.011550649085147706,0.9142857142857143,8.0,11.0,2.0,5.0
-0.5666666666666667,-0.58,0.03167917360440569,0.9142857142857143,8.0,8.0,2.0,5.0
-0.5666666666666667,-0.5666666666666667,0.017423545482423128,0.9142857142857143,8.0,8.0,2.0,5.0
-0.56,-0.5666666666666667,0.060190429848370815,0.8857142857142857,7.0,8.0,2.0,5.0
-0.6066666666666667,-0.6066666666666667,0.041182925685727394,0.9142857142857143,8.0,8.0,2.0,5.0
-0.6133333333333333,-0.6066666666666667,0.024327915772258,0.9428571428571428,9.0,11.0,2.0,5.0
-0.6333333333333333,-0.6,0.0311511873776656,0.8857142857142857,7.0,8.0,2.0,5.0
-0.56,-0.58,0.05491056758096987,0.9142857142857143,8.0,8.0,2.0,5.0
-0.5666666666666667,-0.58,0.035375077191586356,0.9142857142857143,8.0,8.0,2.0,5.0
-0.6066666666666667,-0.5933333333333334,0.04824695901052848,0.9428571428571428,9.0,11.0,2.0,5.0
-0.6066666666666667,-0.6,0.02729224164366759,0.9428571428571428,9.0,11.0,2.0,5.0
-0.6666666666666666,-0.6066666666666667,0.07635694572217112,0.9142857142857143,8.0,11.0,2.0,5.0
-0.5933333333333334,-0.5733333333333334,0.07814196155753403,0.9142857142857143,8.0,8.0,2.0,5.0
-0.6266666666666667,-0.6066666666666667,0.03393642032096494,0.9142857142857143,8.0,11.0,2.0,5.0
-0.5933333333333334,-0.6066666666666667,0.035060819789430646,0.9428571428571428,9.0,11.0,2.0,5.0
-0.6,-0.6,0.06368189716855771,0.9428571428571428,9.0,11.0,2.0,5.0
-0.6266666666666667,-0.6066666666666667,0.03393642032096494,0.9142857142857143,8.0,11.0,2.0,5.0
-0.6066666666666667,-0.6066666666666667,0.034847090964846256,0.9142857142857143,8.0,8.0,2.0,5.0
-0.56,-0.5733333333333334,0.06388633343555147,0.8857142857142857,7.0,8.0,2.0,5.0
-0.5933333333333334,-0.5733333333333334,0.03379111851136607,0.9142857142857143,8.0,8.0,2.0,5.0
-0.6333333333333333,-0.6066666666666667,0.11274660124706125,0.9142857142857143,8.0,11.0,2.0,5.0
-0.58,-0.5866666666666667,0.06863820947621234,0.9142857142857143,8.0,8.0,2.0,5.0
-0.6333333333333333,-0.62,0.019625881631401415,0.8857142857142857,7.0,11.0,2.0,5.0
-0.6133333333333333,-0.6133333333333333,0.018603700296432588,0.9142857142857143,8.0,11.0,2.0,5.0
-0.56,-0.5666666666666667,0.08870168609233592,0.9142857142857143,8.0,8.0,2.0,5.0
-0.58,-0.5933333333333334,0.05491056758096987,0.9142857142857143,8.0,8.0,2.0,5.0
-0.5733333333333334,-0.5666666666666667,0.08870168609233592,0.9142857142857143,8.0,8.0,2.0,5.0
-0.6866666666666666,-0.6133333333333333,0.02167024430133906,0.9142857142857143,8.0,11.0,2.0,5.0
-0.5866666666666667,-0.5666666666666667,0.07814196155753403,0.8857142857142857,7.0,8.0,2.0,5.0
-0.62,-0.5866666666666667,0.020063476616123604,0.9142857142857143,8.0,8.0,2.0,5.0
-0.5933333333333334,-0.6066666666666667,0.04017172646427478,0.9428571428571428,9.0,11.0,2.0,5.0
-0.6266666666666667,-0.6133333333333333,0.02994991311458654,0.8857142857142857,7.0,11.0,2.0,5.0
-0.58,-0.5866666666666667,0.02798327001722503,0.9142857142857143,8.0,8.0,2.0,5.0
-0.6,-0.6,0.06368189716855771,0.9428571428571428,9.0,11.0,2.0,5.0
-0.5533333333333333,-0.5666666666666667,0.03379111851136607,0.9142857142857143,8.0,8.0,2.0,5.0
-0.6133333333333333,-0.6133333333333333,0.015026065624041707,0.9142857142857143,8.0,11.0,2.0,5.0
-0.5933333333333334,-0.6,0.02810998671164265,0.9142857142857143,8.0,11.0,2.0,5.0
-0.5866666666666667,-0.58,0.013199655668502371,0.9142857142857143,8.0,8.0,2.0,5.0
-0.5866666666666667,-0.5666666666666667,0.060190429848370815,0.8857142857142857,7.0,8.0,2.0,5.0
-0.62,-0.6133333333333333,0.03138096698354289,0.9142857142857143,8.0,11.0,2.0,5.0
-0.6,-0.6066666666666667,0.0759480731881836,0.9142857142857143,8.0,11.0,2.0,5.0
-0.6333333333333333,-0.6066666666666667,0.035060819789430646,0.9428571428571428,9.0,11.0,2.0,5.0
-0.5733333333333334,-0.5733333333333334,0.0628303609820713,0.9142857142857143,8.0,8.0,2.0,5.0
-0.5866666666666667,-0.5733333333333334,0.0918696034527765,0.9142857142857143,8.0,8.0,2.0,5.0
-0.56,-0.5666666666666667,0.03379111851136607,0.9142857142857143,8.0,8.0,2.0,5.0
-0.5533333333333333,-0.5666666666666667,0.0406549394589873,0.8857142857142857,7.0,8.0,2.0,5.0
-0.5666666666666667,-0.58,0.03379111851136607,0.9142857142857143,8.0,8.0,2.0,5.0
-0.6066666666666667,-0.6133333333333333,0.015026065624041707,0.9142857142857143,8.0,11.0,2.0,5.0
-0.5866666666666667,-0.5666666666666667,0.02903924247070522,0.9142857142857143,8.0,8.0,2.0,5.0
-0.5866666666666667,-0.5733333333333334,0.04223889813920759,0.9142857142857143,8.0,8.0,2.0,5.0
-0.56,-0.5733333333333334,0.04910271908682882,0.9142857142857143,8.0,8.0,2.0,5.0
-0.6133333333333333,-0.6133333333333333,0.053664520085863254,0.9142857142857143,8.0,11.0,2.0,5.0
-0.62,-0.5866666666666667,0.06863820947621234,0.9142857142857143,8.0,8.0,2.0,5.0
-0.64,-0.6066666666666667,0.06388633343555149,0.9142857142857143,8.0,11.0,2.0,5.0
-0.62,-0.6133333333333333,0.011550649085147706,0.9142857142857143,8.0,11.0,2.0,5.0
-0.6133333333333333,-0.6133333333333333,0.04937135847899419,0.9142857142857143,8.0,11.0,2.0,5.0
-0.62,-0.62,0.020443626699376473,0.8857142857142857,7.0,11.0,2.0,5.0
-0.6,-0.6066666666666667,0.03454972912194625,0.9428571428571428,9.0,11.0,2.0,5.0
-0.62,-0.6133333333333333,0.029336604313605238,0.8857142857142857,7.0,11.0,2.0,5.0
-0.6133333333333333,-0.6133333333333333,0.03138096698354289,0.9142857142857143,8.0,11.0,2.0,5.0
-0.66,-0.6066666666666667,0.03577634672390883,0.9428571428571428,9.0,11.0,2.0,5.0
-0.62,-0.6066666666666667,0.03393642032096494,0.9142857142857143,8.0,11.0,2.0,5.0
-0.6066666666666667,-0.6066666666666667,0.03393642032096494,0.9142857142857143,8.0,11.0,2.0,5.0
-0.6066666666666667,-0.6066666666666667,0.02575896964121436,0.9142857142857143,8.0,11.0,2.0,5.0
-0.5866666666666667,-0.5933333333333334,0.03959896700550712,0.9142857142857143,8.0,8.0,2.0,5.0
-0.6,-0.6,0.02810998671164265,0.9142857142857143,8.0,11.0,2.0,5.0
-0.6333333333333333,-0.6066666666666667,0.048349177144025354,0.9142857142857143,8.0,11.0,2.0,5.0
-0.6066666666666667,-0.5866666666666667,0.08025390646449442,0.9142857142857143,8.0,8.0,2.0,5.0
-0.62,-0.5933333333333334,0.0918696034527765,0.8857142857142857,7.0,8.0,2.0,5.0
-0.5733333333333334,-0.5733333333333334,0.04910271908682882,0.9142857142857143,8.0,8.0,2.0,5.0
-0.6333333333333333,-0.6066666666666667,0.02167024430133906,0.9142857142857143,8.0,11.0,2.0,5.0
-0.62,-0.6133333333333333,0.04937135847899419,0.9142857142857143,8.0,11.0,2.0,5.0
-0.6133333333333333,-0.6133333333333333,0.02994991311458654,0.8857142857142857,7.0,11.0,2.0,5.0
-0.5933333333333334,-0.5866666666666667,0.046462787953128346,0.8857142857142857,7.0,8.0,2.0,5.0
-0.6066666666666667,-0.6066666666666667,0.024327915772258,0.9428571428571428,9.0,11.0,2.0,5.0
-0.5933333333333334,-0.6066666666666667,0.035060819789430646,0.9428571428571428,9.0,11.0,2.0,5.0
-0.6133333333333333,-0.6066666666666667,0.11274660124706125,0.9142857142857143,8.0,11.0,2.0,5.0
-0.58,-0.5666666666666667,0.04804674663334863,0.9142857142857143,8.0,8.0,2.0,5.0
-0.62,-0.6133333333333333,0.04937135847899419,0.9142857142857143,8.0,11.0,2.0,5.0
-0.5666666666666667,-0.58,0.03379111851136607,0.9142857142857143,8.0,8.0,2.0,5.0
-0.6,-0.6066666666666667,0.024327915772258,0.9428571428571428,9.0,11.0,2.0,5.0
-0.62,-0.6133333333333333,0.02013697229888583,0.8857142857142857,7.0,11.0,2.0,5.0
-0.6266666666666667,-0.6133333333333333,0.02013697229888583,0.8857142857142857,7.0,11.0,2.0,5.0
-0.6133333333333333,-0.6066666666666667,0.07635694572217112,0.9142857142857143,8.0,11.0,2.0,5.0
-0.5866666666666667,-0.6,0.023759380203304266,0.8857142857142857,7.0,8.0,2.0,5.0
-0.6133333333333333,-0.6066666666666667,0.048349177144025354,0.9142857142857143,8.0,11.0,2.0,5.0
-0.6133333333333333,-0.6066666666666667,0.03454972912194625,0.9428571428571428,9.0,11.0,2.0,5.0
-0.6266666666666667,-0.62,0.014106102422569766,0.8857142857142857,7.0,11.0,2.0,5.0
-0.6,-0.6,0.06368189716855771,0.9428571428571428,9.0,11.0,2.0,5.0
-0.6266666666666667,-0.6133333333333333,0.029336604313605238,0.8857142857142857,7.0,11.0,2.0,5.0
-0.6,-0.6066666666666667,0.02688336910968006,0.9142857142857143,8.0,11.0,2.0,5.0
-0.6066666666666667,-0.5933333333333334,0.05491056758096987,0.9142857142857143,8.0,8.0,2.0,5.0
-0.6666666666666666,-0.6,0.03240314831851171,0.9142857142857143,8.0,11.0,2.0,5.0
-0.5733333333333334,-0.58,0.013199655668502371,0.9142857142857143,8.0,8.0,2.0,5.0
-0.62,-0.6133333333333333,0.053664520085863254,0.9142857142857143,8.0,11.0,2.0,5.0
-0.5933333333333334,-0.6,0.042727179801696824,0.9428571428571428,9.0,11.0,2.0,5.0
-0.6,-0.6133333333333333,0.053664520085863254,0.9142857142857143,8.0,11.0,2.0,5.0
-0.6,-0.5933333333333334,0.027905550444648878,0.9428571428571428,9.0,11.0,2.0,5.0
-0.62,-0.6133333333333333,0.053664520085863254,0.9142857142857143,8.0,11.0,2.0,5.0
-0.62,-0.6066666666666667,0.04671368700807524,0.9142857142857143,8.0,11.0,2.0,5.0
-0.6066666666666667,-0.6066666666666667,0.02575896964121436,0.9142857142857143,8.0,11.0,2.0,5.0
-0.6133333333333333,-0.6,0.058775426760707364,0.9428571428571428,9.0,11.0,2.0,5.0
-0.6533333333333333,-0.6133333333333333,0.02994991311458654,0.8857142857142857,7.0,11.0,2.0,5.0
-0.66,-0.6066666666666667,0.11274660124706125,0.9142857142857143,8.0,11.0,2.0,5.0
-0.56,-0.5733333333333334,0.04223889813920759,0.9142857142857143,8.0,8.0,2.0,5.0
-0.6266666666666667,-0.6066666666666667,0.03577634672390883,0.9428571428571428,9.0,11.0,2.0,5.0
-0.6,-0.6066666666666667,0.07441480118573039,0.9428571428571428,9.0,11.0,2.0,5.0
-0.5866666666666667,-0.5933333333333334,0.030623201150925507,0.9142857142857143,8.0,8.0,2.0,5.0
-0.6333333333333333,-0.62,0.019625881631401415,0.8857142857142857,7.0,11.0,2.0,5.0
-0.62,-0.62,0.02729224164366759,0.8857142857142857,7.0,11.0,2.0,5.0
-0.6066666666666667,-0.6066666666666667,0.1252172135336809,0.9428571428571428,9.0,11.0,2.0,5.0
-0.5866666666666667,-0.58,0.05438258135422976,0.9142857142857143,8.0,8.0,2.0,5.0
-0.6133333333333333,-0.6066666666666667,0.048349177144025354,0.9142857142857143,8.0,11.0,2.0,5.0
-0.6,-0.6066666666666667,0.027905550444648878,0.9428571428571428,9.0,11.0,2.0,5.0
-0.6733333333333333,-0.62,0.014106102422569766,0.8857142857142857,7.0,11.0,2.0,5.0
-0.6066666666666667,-0.6066666666666667,0.11274660124706125,0.9142857142857143,8.0,11.0,2.0,5.0
-0.58,-0.58,0.035375077191586356,0.9142857142857143,8.0,8.0,2.0,5.0
-0.5666666666666667,-0.58,0.035375077191586356,0.9142857142857143,8.0,8.0,2.0,5.0
-0.62,-0.62,0.023816825104773592,0.9142857142857143,8.0,11.0,2.0,5.0
-0.62,-0.6066666666666667,0.03454972912194625,0.9428571428571428,9.0,11.0,2.0,5.0
-0.56,-0.5733333333333334,0.02534333888352455,0.9142857142857143,8.0,8.0,2.0,5.0
-0.6,-0.5933333333333334,0.025758969641214356,0.9714285714285714,10.0,11.0,2.0,5.0
-0.5733333333333334,-0.58,0.013199655668502371,0.9142857142857143,8.0,8.0,2.0,5.0
-0.5533333333333333,-0.5733333333333334,0.0628303609820713,0.9142857142857143,8.0,8.0,2.0,5.0
-0.6866666666666666,-0.6066666666666667,0.02575896964121436,0.9142857142857143,8.0,11.0,2.0,5.0
-0.5533333333333333,-0.5666666666666667,0.03379111851136607,0.9142857142857143,8.0,8.0,2.0,5.0
-0.6066666666666667,-0.6133333333333333,0.04937135847899419,0.9142857142857143,8.0,11.0,2.0,5.0
-0.56,-0.5733333333333334,0.023231393976564173,0.9142857142857143,8.0,8.0,2.0,5.0
-0.6066666666666667,-0.5933333333333334,0.025758969641214356,0.9714285714285714,10.0,11.0,2.0,5.0
-0.5933333333333334,-0.58,0.039598967005507114,0.9142857142857143,8.0,8.0,2.0,5.0
-0.5533333333333333,-0.5733333333333334,0.04910271908682882,0.9142857142857143,8.0,8.0,2.0,5.0
-0.62,-0.6133333333333333,0.02167024430133906,0.9142857142857143,8.0,11.0,2.0,5.0
-0.5933333333333334,-0.6,0.02810998671164265,0.9142857142857143,8.0,11.0,2.0,5.0
-0.58,-0.5733333333333334,0.023231393976564173,0.9142857142857143,8.0,8.0,2.0,5.0
-0.6133333333333333,-0.6066666666666667,0.11274660124706125,0.9142857142857143,8.0,11.0,2.0,5.0
-0.6133333333333333,-0.6066666666666667,0.035060819789430646,0.9428571428571428,9.0,11.0,2.0,5.0
-0.6066666666666667,-0.6066666666666667,0.02575896964121436,0.9142857142857143,8.0,11.0,2.0,5.0
-0.5933333333333334,-0.56,0.06547029211577175,0.9142857142857143,8.0,8.0,2.0,5.0
-0.62,-0.62,0.02729224164366759,0.8857142857142857,7.0,11.0,2.0,5.0
-0.58,-0.56,0.052798622674009484,0.9142857142857143,8.0,8.0,2.0,5.0
-0.56,-0.5733333333333334,0.03379111851136607,0.9142857142857143,8.0,8.0,2.0,5.0
-0.58,-0.58,0.016367573028942938,0.9142857142857143,8.0,8.0,2.0,5.0
-0.6133333333333333,-0.6133333333333333,0.03138096698354289,0.9142857142857143,8.0,11.0,2.0,5.0
-0.5733333333333334,-0.5866666666666667,0.035375077191586356,0.9142857142857143,8.0,8.0,2.0,5.0
-0.66,-0.6133333333333333,0.053664520085863254,0.9142857142857143,8.0,11.0,2.0,5.0
-0.5666666666666667,-0.58,0.059662443621630694,0.9142857142857143,8.0,8.0,2.0,5.0
-0.5866666666666667,-0.5733333333333334,0.0316791736044057,0.9142857142857143,8.0,8.0,2.0,5.0
-0.5933333333333334,-0.5866666666666667,0.035375077191586356,0.9142857142857143,8.0,8.0,2.0,5.0
-0.56,-0.5733333333333334,0.0628303609820713,0.9142857142857143,8.0,8.0,2.0,5.0
-0.58,-0.5933333333333334,0.0918696034527765,0.8857142857142857,7.0,8.0,2.0,5.0
-0.6,-0.6066666666666667,0.1252172135336809,0.9428571428571428,9.0,11.0,2.0,5.0
-0.6133333333333333,-0.6,0.02810998671164265,0.9142857142857143,8.0,11.0,2.0,5.0
-0.6133333333333333,-0.6133333333333333,0.03138096698354289,0.9142857142857143,8.0,11.0,2.0,5.0
-0.6066666666666667,-0.6066666666666667,0.041182925685727394,0.9142857142857143,8.0,8.0,2.0,5.0
-0.5533333333333333,-0.5666666666666667,0.0406549394589873,0.8857142857142857,7.0,8.0,2.0,5.0
-0.5866666666666667,-0.5933333333333334,0.05491056758096987,0.9142857142857143,8.0,8.0,2.0,5.0
-0.62,-0.62,0.020443626699376473,0.8857142857142857,7.0,11.0,2.0,5.0
-0.6,-0.6066666666666667,0.02575896964121436,0.9142857142857143,8.0,11.0,2.0,5.0
-0.56,-0.5666666666666667,0.02903924247070522,0.9142857142857143,8.0,8.0,2.0,5.0
-0.6466666666666666,-0.5933333333333334,0.04824695901052848,0.9428571428571428,9.0,11.0,2.0,5.0
-0.6066666666666667,-0.6,0.03240314831851171,0.9142857142857143,8.0,11.0,2.0,5.0
-0.5933333333333334,-0.6,0.025554533374220593,0.9428571428571428,9.0,11.0,2.0,5.0
-0.6066666666666667,-0.6066666666666667,0.04671368700807524,0.9142857142857143,8.0,11.0,2.0,5.0
-0.6133333333333333,-0.6133333333333333,0.04937135847899419,0.9142857142857143,8.0,11.0,2.0,5.0
-0.58,-0.5866666666666667,0.035375077191586356,0.9142857142857143,8.0,8.0,2.0,5.0
-0.6133333333333333,-0.6,0.025554533374220593,0.9428571428571428,9.0,11.0,2.0,5.0
-0.5466666666666666,-0.56,0.03643104964506655,0.9142857142857143,8.0,8.0,2.0,5.0
-0.6533333333333333,-0.6,0.042727179801696824,0.9428571428571428,9.0,11.0,2.0,5.0
-0.5866666666666667,-0.58,0.059662443621630694,0.9142857142857143,8.0,8.0,2.0,5.0
-0.5866666666666667,-0.5866666666666667,0.035375077191586356,0.9142857142857143,8.0,8.0,2.0,5.0
-0.5866666666666667,-0.58,0.016367573028942938,0.9142857142857143,8.0,8.0,2.0,5.0
-0.5866666666666667,-0.5933333333333334,0.04824695901052848,0.9428571428571428,9.0,11.0,2.0,5.0
-0.5533333333333333,-0.5666666666666667,0.007391807174361327,0.9142857142857143,8.0,8.0,2.0,5.0
-0.58,-0.58,0.05491056758096987,0.9142857142857143,8.0,8.0,2.0,5.0
-0.5933333333333334,-0.5933333333333334,0.04824695901052848,0.9428571428571428,9.0,11.0,2.0,5.0
-0.6266666666666667,-0.62,0.02729224164366759,0.8857142857142857,7.0,11.0,2.0,5.0
-0.6133333333333333,-0.6066666666666667,0.041182925685727394,0.9142857142857143,8.0,8.0,2.0,5.0
-0.5666666666666667,-0.5733333333333334,0.016367573028942938,0.9142857142857143,8.0,8.0,2.0,5.0
-0.6066666666666667,-0.6,0.02810998671164265,0.9142857142857143,8.0,11.0,2.0,5.0
-0.5733333333333334,-0.58,0.039598967005507114,0.9142857142857143,8.0,8.0,2.0,5.0
-0.6333333333333333,-0.6133333333333333,0.03138096698354289,0.9142857142857143,8.0,11.0,2.0,5.0
-0.5733333333333334,-0.5733333333333334,0.04910271908682882,0.9142857142857143,8.0,8.0,2.0,5.0
-0.6066666666666667,-0.6066666666666667,0.04344270673617501,0.9428571428571428,9.0,11.0,2.0,5.0
-0.6333333333333333,-0.6066666666666667,0.035060819789430646,0.9428571428571428,9.0,11.0,2.0,5.0
-0.6133333333333333,-0.6133333333333333,0.02994991311458654,0.8857142857142857,7.0,11.0,2.0,5.0
-0.6,-0.6066666666666667,0.03577634672390883,0.9428571428571428,9.0,11.0,2.0,5.0
-0.6,-0.6,0.02810998671164265,0.9142857142857143,8.0,11.0,2.0,5.0
-0.6266666666666667,-0.6133333333333333,0.04699077417986843,0.9142857142857143,8.0,8.0,2.0,5.0
-0.56,-0.5666666666666667,0.023759380203304262,0.9142857142857143,8.0,8.0,2.0,5.0
-0.62,-0.5866666666666667,0.06863820947621233,0.8857142857142857,7.0,8.0,2.0,5.0
-0.58,-0.5866666666666667,0.06863820947621234,0.9142857142857143,8.0,8.0,2.0,5.0
-0.5533333333333333,-0.5733333333333334,0.016367573028942938,0.9142857142857143,8.0,8.0,2.0,5.0
-0.6266666666666667,-0.62,0.019625881631401415,0.8857142857142857,7.0,11.0,2.0,5.0
-0.5733333333333334,-0.5866666666666667,0.007391807174361327,0.9142857142857143,8.0,8.0,2.0,5.0
-0.56,-0.58,0.06599827834251186,0.9142857142857143,8.0,8.0,2.0,5.0
-0.58,-0.5933333333333334,0.030623201150925507,0.9142857142857143,8.0,8.0,2.0,5.0
-0.6066666666666667,-0.58,0.05491056758096987,0.9142857142857143,8.0,8.0,2.0,5.0
-0.6066666666666667,-0.6066666666666667,0.04017172646427478,0.9428571428571428,9.0,11.0,2.0,5.0
-0.5666666666666667,-0.5733333333333334,0.020063476616123604,0.8857142857142857,7.0,8.0,2.0,5.0
-0.62,-0.62,0.020443626699376473,0.8857142857142857,7.0,11.0,2.0,5.0
-0.5666666666666667,-0.5866666666666667,0.08025390646449442,0.9142857142857143,8.0,8.0,2.0,5.0
-0.6466666666666666,-0.6066666666666667,0.07635694572217112,0.9142857142857143,8.0,11.0,2.0,5.0
-0.6266666666666667,-0.6066666666666667,0.02688336910968006,0.9142857142857143,8.0,11.0,2.0,5.0
-0.6066666666666667,-0.5866666666666667,0.020063476616123604,0.9142857142857143,8.0,8.0,2.0,5.0
-0.6066666666666667,-0.6066666666666667,0.02575896964121436,0.9142857142857143,8.0,11.0,2.0,5.0
-0.5733333333333334,-0.56,0.052798622674009484,0.9142857142857143,8.0,8.0,2.0,5.0
-0.56,-0.5733333333333334,0.0918696034527765,0.9142857142857143,8.0,8.0,2.0,5.0
-0.5933333333333334,-0.6066666666666667,0.04017172646427478,0.9428571428571428,9.0,11.0,2.0,5.0
-0.6266666666666667,-0.62,0.012777266687110296,0.8857142857142857,7.0,11.0,2.0,5.0
-0.56,-0.5733333333333334,0.04910271908682882,0.9142857142857143,8.0,8.0,2.0,5.0
-0.62,-0.5933333333333334,0.030623201150925507,0.9142857142857143,8.0,8.0,2.0,5.0
-0.62,-0.6066666666666667,0.07635694572217112,0.9142857142857143,8.0,11.0,2.0,5.0
-0.6133333333333333,-0.6133333333333333,0.02994991311458654,0.8857142857142857,7.0,11.0,2.0,5.0
-0.6066666666666667,-0.6066666666666667,0.04671368700807524,0.9142857142857143,8.0,11.0,2.0,5.0
-0.58,-0.5866666666666667,0.02798327001722503,0.9142857142857143,8.0,8.0,2.0,5.0
-0.6266666666666667,-0.6133333333333333,0.018603700296432588,0.9142857142857143,8.0,11.0,2.0,5.0
-0.5666666666666667,-0.5666666666666667,0.017951531709163224,0.8857142857142857,7.0,8.0,2.0,5.0
-0.6066666666666667,-0.6,0.03240314831851171,0.9142857142857143,8.0,11.0,2.0,5.0
-0.5933333333333334,-0.6066666666666667,0.04344270673617501,0.9428571428571428,9.0,11.0,2.0,5.0
-0.6133333333333333,-0.6066666666666667,0.04017172646427478,0.9428571428571428,9.0,11.0,2.0,5.0
-0.66,-0.6133333333333333,0.02994991311458654,0.8857142857142857,7.0,11.0,2.0,5.0
-0.6066666666666667,-0.6066666666666667,0.02167024430133906,0.9142857142857143,8.0,11.0,2.0,5.0
-0.6066666666666667,-0.5933333333333334,0.02075028109986712,0.9428571428571428,9.0,11.0,2.0,5.0
-0.6,-0.6066666666666667,0.07635694572217112,0.9142857142857143,8.0,11.0,2.0,5.0
-0.6066666666666667,-0.6066666666666667,0.06388633343555149,0.9142857142857143,8.0,11.0,2.0,5.0
-0.6066666666666667,-0.6,0.042727179801696824,0.9428571428571428,9.0,11.0,2.0,5.0
-0.58,-0.5866666666666667,0.007391807174361327,0.9142857142857143,8.0,8.0,2.0,5.0
-0.6,-0.6,0.058775426760707364,0.9428571428571428,9.0,11.0,2.0,5.0
-0.6066666666666667,-0.6066666666666667,0.02575896964121436,0.9142857142857143,8.0,11.0,2.0,5.0
-0.6,-0.6066666666666667,0.1252172135336809,0.9428571428571428,9.0,11.0,2.0,5.0
-0.6,-0.6066666666666667,0.035060819789430646,0.9428571428571428,9.0,11.0,2.0,5.0
-0.5533333333333333,-0.5666666666666667,0.08870168609233592,0.9142857142857143,8.0,8.0,2.0,5.0
-0.56,-0.5666666666666667,0.024815352656784456,0.8857142857142857,7.0,8.0,2.0,5.0
-0.6066666666666667,-0.5866666666666667,0.041182925685727394,0.9142857142857143,8.0,8.0,2.0,5.0
-0.56,-0.5733333333333334,0.04223889813920759,0.9142857142857143,8.0,8.0,2.0,5.0
-0.6066666666666667,-0.6066666666666667,0.04017172646427478,0.9428571428571428,9.0,11.0,2.0,5.0
-0.6,-0.5933333333333334,0.027905550444648878,0.9428571428571428,9.0,11.0,2.0,5.0
-0.6466666666666666,-0.6066666666666667,0.08249003373198406,0.9142857142857143,8.0,11.0,2.0,5.0
-0.5533333333333333,-0.5666666666666667,0.007391807174361327,0.9142857142857143,8.0,8.0,2.0,5.0
-0.5733333333333334,-0.58,0.039598967005507114,0.9142857142857143,8.0,8.0,2.0,5.0
-0.5866666666666667,-0.5866666666666667,0.007391807174361327,0.9142857142857143,8.0,8.0,2.0,5.0
-0.6,-0.6,0.06368189716855771,0.9428571428571428,9.0,11.0,2.0,5.0
-0.6133333333333333,-0.6066666666666667,0.041182925685727394,0.9142857142857143,8.0,8.0,2.0,5.0
-0.5533333333333333,-0.5733333333333334,0.030623201150925507,0.9142857142857143,8.0,8.0,2.0,5.0
-0.56,-0.56,0.06547029211577175,0.9142857142857143,8.0,8.0,2.0,5.0
-0.5933333333333334,-0.6066666666666667,0.0759480731881836,0.9142857142857143,8.0,11.0,2.0,5.0
-0.6133333333333333,-0.6066666666666667,0.04344270673617501,0.9428571428571428,9.0,11.0,2.0,5.0
-0.6,-0.6,0.03240314831851171,0.9142857142857143,8.0,11.0,2.0,5.0
-0.6,-0.6066666666666667,0.04017172646427478,0.9428571428571428,9.0,11.0,2.0,5.0
-0.62,-0.6133333333333333,0.02994991311458654,0.8857142857142857,7.0,11.0,2.0,5.0
-0.6,-0.6,0.03454972912194624,0.9428571428571428,9.0,11.0,2.0,5.0
-0.5733333333333334,-0.5733333333333334,0.016367573028942938,0.9142857142857143,8.0,8.0,2.0,5.0
-0.6,-0.6,0.042727179801696824,0.9428571428571428,9.0,11.0,2.0,5.0
-0.6133333333333333,-0.5933333333333334,0.027905550444648878,0.9428571428571428,9.0,11.0,2.0,5.0
-0.5933333333333334,-0.6066666666666667,0.04804674663334863,0.9142857142857143,8.0,8.0,2.0,5.0
-0.5866666666666667,-0.5933333333333334,0.03959896700550712,0.9142857142857143,8.0,8.0,2.0,5.0
-0.58,-0.58,0.016367573028942938,0.9142857142857143,8.0,8.0,2.0,5.0
-0.6333333333333333,-0.6066666666666667,0.035469692323418185,0.9142857142857143,8.0,11.0,2.0,5.0
-0.6133333333333333,-0.6066666666666667,0.024327915772258,0.9428571428571428,9.0,11.0,2.0,5.0
-0.5933333333333334,-0.6066666666666667,0.04017172646427478,0.9428571428571428,9.0,11.0,2.0,5.0
-0.62,-0.6133333333333333,0.02167024430133906,0.9142857142857143,8.0,11.0,2.0,5.0
-0.6266666666666667,-0.6133333333333333,0.029336604313605238,0.8857142857142857,7.0,11.0,2.0,5.0
-0.5866666666666667,-0.5666666666666667,0.060190429848370815,0.8857142857142857,7.0,8.0,2.0,5.0
-0.6066666666666667,-0.6,0.0311511873776656,0.8857142857142857,7.0,8.0,2.0,5.0
-0.58,-0.5866666666666667,0.02798327001722503,0.9142857142857143,8.0,8.0,2.0,5.0
-0.6133333333333333,-0.6066666666666667,0.08249003373198406,0.9142857142857143,8.0,11.0,2.0,5.0
-0.6133333333333333,-0.6133333333333333,0.011550649085147706,0.9142857142857143,8.0,11.0,2.0,5.0
-0.5733333333333334,-0.58,0.039598967005507114,0.9142857142857143,8.0,8.0,2.0,5.0
-0.58,-0.5866666666666667,0.06863820947621233,0.8857142857142857,7.0,8.0,2.0,5.0
-0.56,-0.5733333333333334,0.0918696034527765,0.9142857142857143,8.0,8.0,2.0,5.0
-0.5933333333333334,-0.6,0.06368189716855771,0.9428571428571428,9.0,11.0,2.0,5.0
-0.62,-0.6066666666666667,0.07635694572217112,0.9142857142857143,8.0,11.0,2.0,5.0
-0.5933333333333334,-0.5933333333333334,0.030623201150925507,0.9142857142857143,8.0,8.0,2.0,5.0
-0.62,-0.6066666666666667,0.02688336910968006,0.9142857142857143,8.0,11.0,2.0,5.0
-0.6066666666666667,-0.5733333333333334,0.020063476616123604,0.8857142857142857,7.0,8.0,2.0,5.0
-0.6133333333333333,-0.6133333333333333,0.02994991311458654,0.8857142857142857,7.0,11.0,2.0,5.0
-0.6,-0.6066666666666667,0.024327915772258,0.9428571428571428,9.0,11.0,2.0,5.0
-0.6266666666666667,-0.62,0.02729224164366759,0.8857142857142857,7.0,11.0,2.0,5.0
-0.5933333333333334,-0.6,0.0311511873776656,0.8857142857142857,7.0,8.0,2.0,5.0
-0.6133333333333333,-0.6,0.042727179801696824,0.9428571428571428,9.0,11.0,2.0,5.0
-0.5866666666666667,-0.5933333333333334,0.05491056758096987,0.9142857142857143,8.0,8.0,2.0,5.0
-0.6066666666666667,-0.62,0.023816825104773592,0.9142857142857143,8.0,11.0,2.0,5.0
-0.6266666666666667,-0.6133333333333333,0.011550649085147706,0.9142857142857143,8.0,11.0,2.0,5.0
-0.6,-0.6066666666666667,0.035060819789430646,0.9428571428571428,9.0,11.0,2.0,5.0
-0.64,-0.6,0.02810998671164265,0.9142857142857143,8.0,11.0,2.0,5.0
-0.5533333333333333,-0.5733333333333334,0.030623201150925507,0.9142857142857143,8.0,8.0,2.0,5.0
-0.6,-0.6066666666666667,0.07441480118573039,0.9428571428571428,9.0,11.0,2.0,5.0
-0.6066666666666667,-0.6,0.03454972912194624,0.9428571428571428,9.0,11.0,2.0,5.0
-0.5866666666666667,-0.5933333333333334,0.04824695901052848,0.9428571428571428,9.0,11.0,2.0,5.0
-0.6,-0.6066666666666667,0.04804674663334863,0.9142857142857143,8.0,8.0,2.0,5.0
-0.56,-0.5733333333333334,0.030623201150925507,0.9142857142857143,8.0,8.0,2.0,5.0
-0.5666666666666667,-0.58,0.039598967005507114,0.9142857142857143,8.0,8.0,2.0,5.0
-0.6066666666666667,-0.6,0.02810998671164265,0.9142857142857143,8.0,11.0,2.0,5.0
-0.5533333333333333,-0.5666666666666667,0.017951531709163224,0.8857142857142857,7.0,8.0,2.0,5.0
-0.6266666666666667,-0.6,0.025554533374220593,0.9428571428571428,9.0,11.0,2.0,5.0
-0.5933333333333334,-0.6,0.023759380203304266,0.8857142857142857,7.0,8.0,2.0,5.0
-0.6,-0.5933333333333334,0.02075028109986712,0.9428571428571428,9.0,11.0,2.0,5.0
-0.5666666666666667,-0.5733333333333334,0.04223889813920759,0.9142857142857143,8.0,8.0,2.0,5.0
-0.6466666666666666,-0.6066666666666667,0.0759480731881836,0.9142857142857143,8.0,11.0,2.0,5.0
-0.6066666666666667,-0.6066666666666667,0.07441480118573039,0.9428571428571428,9.0,11.0,2.0,5.0
-0.5666666666666667,-0.5666666666666667,0.007391807174361327,0.9142857142857143,8.0,8.0,2.0,5.0
-0.62,-0.62,0.02729224164366759,0.8857142857142857,7.0,11.0,2.0,5.0
-0.6333333333333333,-0.6066666666666667,0.07441480118573039,0.9428571428571428,9.0,11.0,2.0,5.0
-0.6133333333333333,-0.6066666666666667,0.03577634672390883,0.9428571428571428,9.0,11.0,2.0,5.0
-0.6266666666666667,-0.6066666666666667,0.04671368700807524,0.9142857142857143,8.0,11.0,2.0,5.0
-0.5933333333333334,-0.5933333333333334,0.04824695901052848,0.9428571428571428,9.0,11.0,2.0,5.0
-0.56,-0.5733333333333334,0.07233411306339299,0.9142857142857143,8.0,8.0,2.0,5.0
-0.6066666666666667,-0.6133333333333333,0.04699077417986843,0.9142857142857143,8.0,8.0,2.0,5.0
-0.5733333333333334,-0.5733333333333334,0.07814196155753403,0.9142857142857143,8.0,8.0,2.0,5.0
-0.5666666666666667,-0.5666666666666667,0.007391807174361327,0.9142857142857143,8.0,8.0,2.0,5.0
-0.5666666666666667,-0.5733333333333334,0.03379111851136607,0.9142857142857143,8.0,8.0,2.0,5.0
-0.58,-0.5733333333333334,0.02587132511026465,0.9142857142857143,8.0,8.0,2.0,5.0
-0.5866666666666667,-0.5933333333333334,0.034847090964846256,0.9142857142857143,8.0,8.0,2.0,5.0
-0.6466666666666666,-0.6066666666666667,0.034847090964846256,0.9142857142857143,8.0,8.0,2.0,5.0
-0.6066666666666667,-0.6066666666666667,0.048349177144025354,0.9142857142857143,8.0,11.0,2.0,5.0
-0.6066666666666667,-0.6066666666666667,0.03577634672390883,0.9428571428571428,9.0,11.0,2.0,5.0
-0.6066666666666667,-0.6066666666666667,0.02167024430133906,0.9142857142857143,8.0,11.0,2.0,5.0
-0.5933333333333334,-0.6133333333333333,0.02994991311458654,0.8857142857142857,7.0,11.0,2.0,5.0
-0.62,-0.6133333333333333,0.018603700296432588,0.9142857142857143,8.0,11.0,2.0,5.0
-0.5666666666666667,-0.5733333333333334,0.02534333888352455,0.9142857142857143,8.0,8.0,2.0,5.0
-0.6066666666666667,-0.6066666666666667,0.1252172135336809,0.9428571428571428,9.0,11.0,2.0,5.0
-0.6066666666666667,-0.6066666666666667,0.08249003373198406,0.9142857142857143,8.0,11.0,2.0,5.0
-0.5733333333333334,-0.5933333333333334,0.014255628121982562,0.9142857142857143,8.0,8.0,2.0,5.0
-0.6133333333333333,-0.6066666666666667,0.035469692323418185,0.9142857142857143,8.0,11.0,2.0,5.0
-0.5533333333333333,-0.5666666666666667,0.017951531709163224,0.8857142857142857,7.0,8.0,2.0,5.0
-0.6,-0.6066666666666667,0.03454972912194625,0.9428571428571428,9.0,11.0,2.0,5.0
-0.5933333333333334,-0.5933333333333334,0.027905550444648878,0.9428571428571428,9.0,11.0,2.0,5.0
-0.5933333333333334,-0.5733333333333334,0.04223889813920759,0.9142857142857143,8.0,8.0,2.0,5.0
-0.6333333333333333,-0.62,0.019625881631401415,0.8857142857142857,7.0,11.0,2.0,5.0
-0.5533333333333333,-0.56,0.06547029211577175,0.9142857142857143,8.0,8.0,2.0,5.0
-0.6133333333333333,-0.6066666666666667,0.0759480731881836,0.9142857142857143,8.0,11.0,2.0,5.0
-0.58,-0.5733333333333334,0.023231393976564173,0.9142857142857143,8.0,8.0,2.0,5.0
-0.6133333333333333,-0.6066666666666667,0.035469692323418185,0.9142857142857143,8.0,11.0,2.0,5.0
-0.56,-0.5733333333333334,0.017423545482423128,0.9142857142857143,8.0,8.0,2.0,5.0
-0.5933333333333334,-0.6066666666666667,0.08249003373198406,0.9142857142857143,8.0,11.0,2.0,5.0
-0.6266666666666667,-0.6133333333333333,0.02994991311458654,0.8857142857142857,7.0,11.0,2.0,5.0
-0.5866666666666667,-0.5933333333333334,0.03959896700550712,0.9142857142857143,8.0,8.0,2.0,5.0
-0.58,-0.58,0.039598967005507114,0.9142857142857143,8.0,8.0,2.0,5.0
-0.5733333333333334,-0.5733333333333334,0.0918696034527765,0.9142857142857143,8.0,8.0,2.0,5.0
-0.5933333333333334,-0.5933333333333334,0.02075028109986712,0.9428571428571428,9.0,11.0,2.0,5.0
-0.6333333333333333,-0.62,0.014106102422569766,0.8857142857142857,7.0,11.0,2.0,5.0
-0.6666666666666666,-0.5733333333333334,0.0316791736044057,0.9142857142857143,8.0,8.0,2.0,5.0
-0.54,-0.56,0.03643104964506655,0.9142857142857143,8.0,8.0,2.0,5.0
-0.6066666666666667,-0.6,0.02810998671164265,0.9142857142857143,8.0,11.0,2.0,5.0
-0.62,-0.62,0.02729224164366759,0.8857142857142857,7.0,11.0,2.0,5.0
-0.5666666666666667,-0.5666666666666667,0.007391807174361327,0.9142857142857143,8.0,8.0,2.0,5.0
-0.5666666666666667,-0.5733333333333334,0.0628303609820713,0.9142857142857143,8.0,8.0,2.0,5.0
-0.6066666666666667,-0.5866666666666667,0.02798327001722503,0.9142857142857143,8.0,8.0,2.0,5.0
-0.6133333333333333,-0.6066666666666667,0.03454972912194625,0.9428571428571428,9.0,11.0,2.0,5.0
-0.5666666666666667,-0.5733333333333334,0.013199655668502371,0.9142857142857143,8.0,8.0,2.0,5.0
-0.6133333333333333,-0.6133333333333333,0.011550649085147706,0.9142857142857143,8.0,11.0,2.0,5.0
-0.6133333333333333,-0.6133333333333333,0.029336604313605238,0.8857142857142857,7.0,11.0,2.0,5.0
-0.64,-0.62,0.019625881631401415,0.8857142857142857,7.0,11.0,2.0,5.0
-0.5733333333333334,-0.5866666666666667,0.046462787953128346,0.8857142857142857,7.0,8.0,2.0,5.0
-0.62,-0.62,0.014106102422569766,0.8857142857142857,7.0,11.0,2.0,5.0
-0.5533333333333333,-0.5666666666666667,0.08870168609233592,0.9142857142857143,8.0,8.0,2.0,5.0
-0.6,-0.6066666666666667,0.06388633343555149,0.9142857142857143,8.0,11.0,2.0,5.0
-0.6066666666666667,-0.5733333333333334,0.02534333888352455,0.9142857142857143,8.0,8.0,2.0,5.0
-0.58,-0.5866666666666667,0.035375077191586356,0.9142857142857143,8.0,8.0,2.0,5.0
-0.6133333333333333,-0.6,0.025554533374220593,0.9428571428571428,9.0,11.0,2.0,5.0
-0.62,-0.5933333333333334,0.03959896700550712,0.9142857142857143,8.0,8.0,2.0,5.0
-0.5866666666666667,-0.5666666666666667,0.06388633343555147,0.9142857142857143,8.0,8.0,2.0,5.0
-0.6066666666666667,-0.5666666666666667,0.060190429848370815,0.8857142857142857,7.0,8.0,2.0,5.0
-0.6266666666666667,-0.6066666666666667,0.07441480118573039,0.9428571428571428,9.0,11.0,2.0,5.0
-0.58,-0.5933333333333334,0.014255628121982562,0.9142857142857143,8.0,8.0,2.0,5.0
-0.5866666666666667,-0.5933333333333334,0.02075028109986712,0.9428571428571428,9.0,11.0,2.0,5.0
-0.6066666666666667,-0.6066666666666667,0.04671368700807524,0.9142857142857143,8.0,11.0,2.0,5.0
-0.6133333333333333,-0.6133333333333333,0.03138096698354289,0.9142857142857143,8.0,11.0,2.0,5.0
-0.58,-0.5866666666666667,0.035375077191586356,0.9142857142857143,8.0,8.0,2.0,5.0
-0.56,-0.5666666666666667,0.007391807174361327,0.9142857142857143,8.0,8.0,2.0,5.0
-0.6,-0.62,0.023816825104773592,0.9142857142857143,8.0,11.0,2.0,5.0
-0.6333333333333333,-0.62,0.019625881631401415,0.8857142857142857,7.0,11.0,2.0,5.0
-0.6466666666666666,-0.6133333333333333,0.04937135847899419,0.9142857142857143,8.0,11.0,2.0,5.0
-0.6,-0.6066666666666667,0.04017172646427478,0.9428571428571428,9.0,11.0,2.0,5.0
-0.5733333333333334,-0.5733333333333334,0.07233411306339299,0.9142857142857143,8.0,8.0,2.0,5.0
-0.5533333333333333,-0.5666666666666667,0.04804674663334863,0.9142857142857143,8.0,8.0,2.0,5.0
-0.5866666666666667,-0.5933333333333334,0.02534333888352456,0.8857142857142857,7.0,8.0,2.0,5.0
-0.6,-0.6,0.02729224164366759,0.9428571428571428,9.0,11.0,2.0,5.0
-0.6066666666666667,-0.6133333333333333,0.04699077417986843,0.9142857142857143,8.0,8.0,2.0,5.0
-0.5933333333333334,-0.5733333333333334,0.013199655668502371,0.9142857142857143,8.0,8.0,2.0,5.0
-0.62,-0.62,0.014106102422569766,0.8857142857142857,7.0,11.0,2.0,5.0
-0.5733333333333334,-0.58,0.016367573028942938,0.9142857142857143,8.0,8.0,2.0,5.0
-0.6,-0.6066666666666667,0.07441480118573039,0.9428571428571428,9.0,11.0,2.0,5.0
-0.62,-0.6133333333333333,0.02994991311458654,0.8857142857142857,7.0,11.0,2.0,5.0
-0.62,-0.6,0.023759380203304266,0.8857142857142857,7.0,8.0,2.0,5.0
-0.6066666666666667,-0.6133333333333333,0.04937135847899419,0.9142857142857143,8.0,11.0,2.0,5.0
-0.62,-0.62,0.020443626699376473,0.8857142857142857,7.0,11.0,2.0,5.0
-0.6066666666666667,-0.5866666666666667,0.02217542152308398,0.9142857142857143,8.0,8.0,2.0,5.0
-0.62,-0.6066666666666667,0.027905550444648878,0.9428571428571428,9.0,11.0,2.0,5.0
-0.5866666666666667,-0.5733333333333334,0.030623201150925507,0.9142857142857143,8.0,8.0,2.0,5.0
-0.5866666666666667,-0.58,0.03379111851136607,0.9142857142857143,8.0,8.0,2.0,5.0
-0.66,-0.6133333333333333,0.02994991311458654,0.8857142857142857,7.0,11.0,2.0,5.0
-0.5933333333333334,-0.5666666666666667,0.03379111851136607,0.9142857142857143,8.0,8.0,2.0,5.0
-0.5533333333333333,-0.5666666666666667,0.06388633343555147,0.9142857142857143,8.0,8.0,2.0,5.0
-0.62,-0.6066666666666667,0.02167024430133906,0.9142857142857143,8.0,11.0,2.0,5.0
-0.6133333333333333,-0.6066666666666667,0.07635694572217112,0.9142857142857143,8.0,11.0,2.0,5.0
-0.6066666666666667,-0.6,0.042727179801696824,0.9428571428571428,9.0,11.0,2.0,5.0
-0.5666666666666667,-0.5733333333333334,0.017423545482423128,0.9142857142857143,8.0,8.0,2.0,5.0
-0.6,-0.6066666666666667,0.1252172135336809,0.9428571428571428,9.0,11.0,2.0,5.0
-0.5533333333333333,-0.5666666666666667,0.0406549394589873,0.8857142857142857,7.0,8.0,2.0,5.0
-0.6133333333333333,-0.6066666666666667,0.02167024430133906,0.9142857142857143,8.0,11.0,2.0,5.0
-0.5666666666666667,-0.5666666666666667,0.04804674663334863,0.9142857142857143,8.0,8.0,2.0,5.0
-0.58,-0.5933333333333334,0.034847090964846256,0.9142857142857143,8.0,8.0,2.0,5.0
-0.6,-0.6066666666666667,0.06388633343555149,0.9142857142857143,8.0,11.0,2.0,5.0
-0.5733333333333334,-0.5733333333333334,0.0628303609820713,0.9142857142857143,8.0,8.0,2.0,5.0
-0.5866666666666667,-0.5733333333333334,0.03379111851136607,0.9142857142857143,8.0,8.0,2.0,5.0
-0.6466666666666666,-0.6066666666666667,0.07635694572217112,0.9142857142857143,8.0,11.0,2.0,5.0
-0.6066666666666667,-0.6,0.02810998671164265,0.9142857142857143,8.0,11.0,2.0,5.0
-0.6133333333333333,-0.6133333333333333,0.03138096698354289,0.9142857142857143,8.0,11.0,2.0,5.0
-0.6133333333333333,-0.6066666666666667,0.04671368700807524,0.9142857142857143,8.0,11.0,2.0,5.0
-0.6266666666666667,-0.6133333333333333,0.02013697229888583,0.8857142857142857,7.0,11.0,2.0,5.0
-0.56,-0.5733333333333334,0.0918696034527765,0.9142857142857143,8.0,8.0,2.0,5.0
-0.6,-0.6,0.025554533374220593,0.9428571428571428,9.0,11.0,2.0,5.0
-0.56,-0.5666666666666667,0.03379111851136607,0.9142857142857143,8.0,8.0,2.0,5.0
-0.5733333333333334,-0.5866666666666667,0.046462787953128346,0.8857142857142857,7.0,8.0,2.0,5.0
-0.58,-0.5866666666666667,0.007391807174361327,0.9142857142857143,8.0,8.0,2.0,5.0
-0.5733333333333334,-0.5866666666666667,0.041182925685727394,0.9142857142857143,8.0,8.0,2.0,5.0
-0.5666666666666667,-0.5666666666666667,0.023759380203304262,0.9142857142857143,8.0,8.0,2.0,5.0
-0.58,-0.5866666666666667,0.06863820947621233,0.8857142857142857,7.0,8.0,2.0,5.0
-0.5933333333333334,-0.5933333333333334,0.027905550444648878,0.9428571428571428,9.0,11.0,2.0,5.0
-0.5933333333333334,-0.5933333333333334,0.027905550444648878,0.9428571428571428,9.0,11.0,2.0,5.0
-0.5933333333333334,-0.5933333333333334,0.04824695901052848,0.9428571428571428,9.0,11.0,2.0,5.0
-0.5866666666666667,-0.5933333333333334,0.027905550444648878,0.9428571428571428,9.0,11.0,2.0,5.0
-0.6133333333333333,-0.6066666666666667,0.03577634672390883,0.9428571428571428,9.0,11.0,2.0,5.0
-0.5866666666666667,-0.5933333333333334,0.02534333888352456,0.8857142857142857,7.0,8.0,2.0,5.0
-0.6466666666666666,-0.6066666666666667,0.04017172646427478,0.9428571428571428,9.0,11.0,2.0,5.0
-0.62,-0.6133333333333333,0.02994991311458654,0.8857142857142857,7.0,11.0,2.0,5.0
-0.56,-0.5733333333333334,0.02587132511026465,0.9142857142857143,8.0,8.0,2.0,5.0
-0.6066666666666667,-0.6066666666666667,0.02688336910968006,0.9142857142857143,8.0,11.0,2.0,5.0
-0.6266666666666667,-0.6066666666666667,0.03393642032096494,0.9142857142857143,8.0,11.0,2.0,5.0
-0.5866666666666667,-0.5933333333333334,0.02534333888352456,0.8857142857142857,7.0,8.0,2.0,5.0
-0.5933333333333334,-0.5933333333333334,0.02075028109986712,0.9428571428571428,9.0,11.0,2.0,5.0
-0.6066666666666667,-0.6066666666666667,0.02688336910968006,0.9142857142857143,8.0,11.0,2.0,5.0
-0.6,-0.6066666666666667,0.07635694572217112,0.9142857142857143,8.0,11.0,2.0,5.0
-0.6333333333333333,-0.6133333333333333,0.029336604313605238,0.8857142857142857,7.0,11.0,2.0,5.0
-0.66,-0.6066666666666667,0.024327915772258,0.9428571428571428,9.0,11.0,2.0,5.0
-0.6066666666666667,-0.5866666666666667,0.06863820947621233,0.8857142857142857,7.0,8.0,2.0,5.0
-0.6,-0.6066666666666667,0.035060819789430646,0.9428571428571428,9.0,11.0,2.0,5.0
-0.6266666666666667,-0.6066666666666667,0.04671368700807524,0.9142857142857143,8.0,11.0,2.0,5.0
-0.58,-0.5933333333333334,0.027905550444648878,0.9428571428571428,9.0,11.0,2.0,5.0
-0.5933333333333334,-0.58,0.03379111851136607,0.9142857142857143,8.0,8.0,2.0,5.0
-0.58,-0.5666666666666667,0.024815352656784456,0.8857142857142857,7.0,8.0,2.0,5.0
-0.56,-0.5733333333333334,0.02798327001722503,0.9142857142857143,8.0,8.0,2.0,5.0
-0.6066666666666667,-0.6,0.06368189716855771,0.9428571428571428,9.0,11.0,2.0,5.0
-0.62,-0.62,0.02729224164366759,0.8857142857142857,7.0,11.0,2.0,5.0
-0.5866666666666667,-0.5933333333333334,0.03959896700550712,0.9142857142857143,8.0,8.0,2.0,5.0
-0.6066666666666667,-0.6133333333333333,0.053664520085863254,0.9142857142857143,8.0,11.0,2.0,5.0
-0.56,-0.5733333333333334,0.07814196155753403,0.9142857142857143,8.0,8.0,2.0,5.0
-0.66,-0.62,0.020443626699376473,0.8857142857142857,7.0,11.0,2.0,5.0
-0.62,-0.5866666666666667,0.02798327001722503,0.9142857142857143,8.0,8.0,2.0,5.0
-0.5933333333333334,-0.58,0.039598967005507114,0.9142857142857143,8.0,8.0,2.0,5.0
-0.54,-0.56,0.052798622674009484,0.9142857142857143,8.0,8.0,2.0,5.0
-0.6066666666666667,-0.6066666666666667,0.03454972912194625,0.9428571428571428,9.0,11.0,2.0,5.0
-0.6066666666666667,-0.6133333333333333,0.015026065624041707,0.9142857142857143,8.0,11.0,2.0,5.0
-0.6066666666666667,-0.58,0.052798622674009484,0.8857142857142857,7.0,8.0,2.0,5.0
-0.5533333333333333,-0.5666666666666667,0.06388633343555147,0.9142857142857143,8.0,8.0,2.0,5.0
-0.6266666666666667,-0.6066666666666667,0.07441480118573039,0.9428571428571428,9.0,11.0,2.0,5.0
-0.5933333333333334,-0.6066666666666667,0.04804674663334863,0.9142857142857143,8.0,8.0,2.0,5.0
-0.5933333333333334,-0.5933333333333334,0.02075028109986712,0.9428571428571428,9.0,11.0,2.0,5.0
-0.56,-0.5733333333333334,0.03379111851136607,0.9142857142857143,8.0,8.0,2.0,5.0
-0.6466666666666666,-0.6066666666666667,0.1252172135336809,0.9428571428571428,9.0,11.0,2.0,5.0
-0.6133333333333333,-0.6066666666666667,0.04017172646427478,0.9428571428571428,9.0,11.0,2.0,5.0
-0.6733333333333333,-0.6266666666666667,0.02831442297863642,0.8857142857142857,7.0,11.0,2.0,7.0
-0.6,-0.6,0.01214368321502218,0.9142857142857143,8.0,8.0,2.0,7.0
-0.64,-0.6266666666666667,0.04518041500562201,0.8857142857142857,7.0,11.0,2.0,7.0
-0.6466666666666666,-0.6266666666666667,0.0319942757845242,0.8857142857142857,7.0,11.0,2.0,7.0
-0.6333333333333333,-0.6266666666666667,0.03138096698354289,0.8857142857142857,7.0,11.0,2.0,7.0
-0.6333333333333333,-0.6266666666666667,0.027905550444648892,0.8857142857142857,7.0,11.0,2.0,7.0
-0.5866666666666667,-0.6,0.04540681549964815,0.9142857142857143,8.0,8.0,2.0,7.0
-0.6133333333333333,-0.6,0.09926141062713784,0.9142857142857143,8.0,8.0,2.0,7.0
-0.64,-0.62,0.03914954512930595,0.8857142857142857,7.0,11.0,2.0,7.0
-0.6266666666666667,-0.6266666666666667,0.026883369109680064,0.8857142857142857,7.0,11.0,2.0,7.0
-0.66,-0.6266666666666667,0.041182925685727394,0.8857142857142857,7.0,8.0,2.0,7.0
-0.6266666666666667,-0.6333333333333333,0.019625881631401415,0.8857142857142857,7.0,11.0,2.0,7.0
-0.5866666666666667,-0.5933333333333334,0.016367573028942938,0.9142857142857143,8.0,8.0,2.0,7.0
-0.6,-0.6066666666666667,0.06441431966229157,0.9142857142857143,8.0,8.0,2.0,7.0
-0.5933333333333334,-0.5933333333333334,0.00791979340110142,0.9142857142857143,8.0,8.0,2.0,7.0
-0.5666666666666667,-0.5666666666666667,0.007391807174361327,0.8857142857142857,7.0,8.0,2.0,7.0
-0.5933333333333334,-0.6066666666666667,0.0818378651447147,0.9142857142857143,8.0,8.0,2.0,7.0
-0.62,-0.6266666666666667,0.027905550444648892,0.8857142857142857,7.0,11.0,2.0,7.0
-0.6266666666666667,-0.62,0.04017172646427478,0.8571428571428571,6.0,11.0,2.0,7.0
-0.58,-0.5866666666666667,0.060190429848370815,0.9142857142857143,8.0,8.0,2.0,7.0
-0.6266666666666667,-0.6266666666666667,0.03403863845446183,0.8571428571428571,6.0,11.0,2.0,7.0
-0.6266666666666667,-0.6266666666666667,0.03444751098844936,0.8857142857142857,7.0,11.0,2.0,7.0
-0.58,-0.5933333333333334,0.035375077191586356,0.8857142857142857,7.0,8.0,2.0,7.0
-0.6266666666666667,-0.6266666666666667,0.02678115097618318,0.8571428571428571,6.0,11.0,2.0,7.0
-0.6266666666666667,-0.62,0.05959317182868243,0.8571428571428571,6.0,11.0,2.0,7.0
-0.6333333333333333,-0.6266666666666667,0.053664520085863227,0.8857142857142857,7.0,11.0,2.0,7.0
-0.7,-0.6066666666666667,0.31973832157824805,0.8857142857142857,7.0,11.0,2.0,7.0
-0.6466666666666666,-0.6266666666666667,0.02678115097618318,0.8571428571428571,6.0,11.0,2.0,7.0
-0.64,-0.6266666666666667,0.04937135847899419,0.8571428571428571,6.0,11.0,2.0,7.0
-0.5933333333333334,-0.6,0.023759380203304266,0.8857142857142857,7.0,8.0,2.0,7.0
-0.58,-0.5933333333333334,0.035375077191586356,0.8857142857142857,7.0,8.0,2.0,7.0
-0.6266666666666667,-0.62,0.04855361341101912,0.8857142857142857,7.0,11.0,2.0,7.0
-0.6333333333333333,-0.6266666666666667,0.03403863845446183,0.8571428571428571,6.0,11.0,2.0,7.0
-0.5866666666666667,-0.5866666666666667,0.013727641895242467,0.8857142857142857,7.0,8.0,2.0,7.0
-0.6466666666666666,-0.6266666666666667,0.03403863845446183,0.8571428571428571,6.0,11.0,2.0,7.0
-0.6266666666666667,-0.6266666666666667,0.033016457119493005,0.8571428571428571,6.0,11.0,2.0,7.0
-0.6266666666666667,-0.6266666666666667,0.019728099764898296,0.8857142857142857,7.0,11.0,2.0,7.0
-0.66,-0.62,0.04262496166819995,0.8571428571428571,6.0,11.0,2.0,7.0
-0.6333333333333333,-0.62,0.04017172646427478,0.8571428571428571,6.0,11.0,2.0,7.0
-0.6266666666666667,-0.6266666666666667,0.0316791736044057,0.7714285714285715,3.0,8.0,2.0,7.0
-0.6,-0.6,0.09450953458647696,0.8857142857142857,7.0,8.0,2.0,7.0
-0.5933333333333334,-0.6,0.023759380203304266,0.8857142857142857,7.0,8.0,2.0,7.0
-0.6066666666666667,-0.5933333333333334,0.05438258135422976,0.9142857142857143,8.0,8.0,2.0,7.0
-0.64,-0.6266666666666667,0.042113871000715536,0.8857142857142857,7.0,11.0,2.0,7.0
-0.6066666666666667,-0.5933333333333334,0.03748702209854673,0.9142857142857143,8.0,8.0,2.0,7.0
-0.62,-0.62,0.06652626456925195,0.8857142857142857,7.0,8.0,2.0,7.0
-0.5933333333333334,-0.5933333333333334,0.1108771076154199,0.8857142857142857,7.0,8.0,2.0,7.0
-0.7,-0.6533333333333333,0.17632628028212208,0.8,4.0,11.0,2.0,7.0
-0.64,-0.62,0.05959317182868243,0.8571428571428571,6.0,11.0,2.0,7.0
-0.6866666666666666,-0.6266666666666667,0.053664520085863227,0.8857142857142857,7.0,11.0,2.0,7.0
-0.62,-0.6,0.041182925685727394,0.9142857142857143,8.0,8.0,2.0,7.0
-0.6333333333333333,-0.6266666666666667,0.03403863845446183,0.8571428571428571,6.0,11.0,2.0,7.0
-0.62,-0.6333333333333333,0.019625881631401415,0.8857142857142857,7.0,11.0,2.0,7.0
-0.6266666666666667,-0.62,0.040887253398752946,0.8857142857142857,7.0,11.0,2.0,7.0
-0.6466666666666666,-0.6266666666666667,0.03403863845446183,0.8571428571428571,6.0,11.0,2.0,7.0
-0.5933333333333334,-0.5933333333333334,0.016367573028942938,0.9142857142857143,8.0,8.0,2.0,7.0
-0.62,-0.62,0.023759380203304262,0.8857142857142857,7.0,8.0,2.0,7.0
-0.5933333333333334,-0.6,0.06969418192969251,0.8857142857142857,7.0,8.0,2.0,7.0
-0.6466666666666666,-0.6266666666666667,0.06817949504242053,0.8857142857142857,7.0,11.0,2.0,7.0
-0.6,-0.6066666666666667,0.042238898139207594,0.8857142857142857,7.0,8.0,2.0,7.0
-0.66,-0.6533333333333333,0.027394459777164478,0.8,4.0,11.0,2.0,7.0
-0.6333333333333333,-0.6266666666666667,0.025554533374220593,0.8857142857142857,7.0,11.0,2.0,7.0
-0.58,-0.5933333333333334,0.035375077191586356,0.8857142857142857,7.0,8.0,2.0,7.0
-0.62,-0.5933333333333334,0.052798622674009484,0.9142857142857143,8.0,8.0,2.0,7.0
-0.5733333333333334,-0.5933333333333334,0.035375077191586356,0.8857142857142857,7.0,8.0,2.0,7.0
-0.6266666666666667,-0.62,0.04528263313911889,0.8571428571428571,6.0,11.0,2.0,7.0
-0.6333333333333333,-0.6,0.058606471168150535,0.8857142857142857,7.0,8.0,2.0,7.0
-0.58,-0.5866666666666667,0.060190429848370815,0.9142857142857143,8.0,8.0,2.0,7.0
-0.6333333333333333,-0.6266666666666667,0.0319942757845242,0.8857142857142857,7.0,11.0,2.0,7.0
-0.6466666666666666,-0.6266666666666667,0.026883369109680064,0.8857142857142857,7.0,11.0,2.0,7.0
-0.6533333333333333,-0.62,0.010559724534801893,0.8857142857142857,7.0,8.0,2.0,7.0
-0.6266666666666667,-0.62,0.040887253398752946,0.8857142857142857,7.0,11.0,2.0,7.0
-0.6066666666666667,-0.6,0.024815352656784456,0.9142857142857143,8.0,8.0,2.0,7.0
-0.6333333333333333,-0.6266666666666667,0.019728099764898296,0.8857142857142857,7.0,11.0,2.0,7.0
-0.6266666666666667,-0.62,0.037105182459368294,0.8571428571428571,6.0,11.0,2.0,7.0
-0.6266666666666667,-0.6,0.07444605797035338,0.9142857142857143,8.0,8.0,2.0,7.0
-0.5866666666666667,-0.6,0.023759380203304266,0.8857142857142857,7.0,8.0,2.0,7.0
-0.6466666666666666,-0.6333333333333333,0.08300112439946847,0.8857142857142857,7.0,11.0,2.0,7.0
-0.6466666666666666,-0.6666666666666666,0.32781355412450175,0.7428571428571429,2.0,11.0,2.0,7.0
-0.6733333333333333,-0.6333333333333333,0.019625881631401415,0.8857142857142857,7.0,11.0,2.0,7.0
-0.62,-0.62,0.03748702209854673,0.8857142857142857,7.0,8.0,2.0,7.0
-0.6266666666666667,-0.6266666666666667,0.025871325110264645,0.8857142857142857,7.0,8.0,2.0,7.0
-0.6333333333333333,-0.6333333333333333,0.07814196155753403,0.8857142857142857,7.0,8.0,2.0,7.0
-0.6266666666666667,-0.6133333333333333,0.014255628121982562,0.9142857142857143,8.0,8.0,2.0,7.0
-0.62,-0.5933333333333334,0.04540681549964815,0.9142857142857143,8.0,8.0,2.0,7.0
-0.6333333333333333,-0.6266666666666667,0.019728099764898296,0.8857142857142857,7.0,11.0,2.0,7.0
-0.6,-0.6,0.013727641895242467,0.9142857142857143,8.0,8.0,2.0,7.0
-0.6266666666666667,-0.6133333333333333,0.023759380203304262,0.8857142857142857,7.0,8.0,2.0,7.0
-0.5666666666666667,-0.58,0.04276688436594769,0.9142857142857143,8.0,8.0,2.0,7.0
-0.6333333333333333,-0.6266666666666667,0.02892773177961771,0.8571428571428571,6.0,11.0,2.0,7.0
-0.6,-0.6066666666666667,0.042238898139207594,0.8857142857142857,7.0,8.0,2.0,7.0
-0.66,-0.62,0.02729224164366759,0.8571428571428571,6.0,11.0,2.0,7.0
-0.6333333333333333,-0.62,0.04017172646427478,0.8571428571428571,6.0,11.0,2.0,7.0
-0.6333333333333333,-0.6266666666666667,0.02729224164366759,0.8857142857142857,7.0,11.0,2.0,7.0
-0.6266666666666667,-0.6533333333333333,0.07993458039456201,0.7714285714285715,3.0,11.0,2.0,7.0
-0.6266666666666667,-0.6266666666666667,0.013595011755085354,0.8857142857142857,7.0,11.0,2.0,7.0
-0.6533333333333333,-0.6533333333333333,0.04579372380660329,0.8,4.0,11.0,2.0,7.0
-0.6333333333333333,-0.6333333333333333,0.08300112439946847,0.8857142857142857,7.0,11.0,2.0,7.0
-0.6733333333333333,-0.62,0.033016457119493005,0.8571428571428571,6.0,11.0,2.0,7.0
-0.6466666666666666,-0.6266666666666667,0.03403863845446183,0.8571428571428571,6.0,11.0,2.0,7.0
-0.6266666666666667,-0.6266666666666667,0.03403863845446183,0.8571428571428571,6.0,11.0,2.0,7.0
-0.6333333333333333,-0.6266666666666667,0.02831442297863642,0.8857142857142857,7.0,11.0,2.0,7.0
-0.6,-0.6,0.11087710761541994,0.9142857142857143,8.0,8.0,2.0,7.0
-0.6266666666666667,-0.62,0.037105182459368294,0.8571428571428571,6.0,11.0,2.0,7.0
-0.6466666666666666,-0.6266666666666667,0.03138096698354289,0.8857142857142857,7.0,11.0,2.0,7.0
-0.6066666666666667,-0.5933333333333334,0.02798327001722503,0.9142857142857143,8.0,8.0,2.0,7.0
-0.5866666666666667,-0.6,0.017951531709163224,0.9142857142857143,8.0,8.0,2.0,7.0
-0.62,-0.6333333333333333,0.029567228697445314,0.8857142857142857,7.0,8.0,2.0,7.0
-0.6266666666666667,-0.6266666666666667,0.016150465092507414,0.8857142857142857,7.0,11.0,2.0,7.0
-0.6333333333333333,-0.6266666666666667,0.02729224164366759,0.8857142857142857,7.0,11.0,2.0,7.0
-0.62,-0.6266666666666667,0.026883369109680064,0.8857142857142857,7.0,11.0,2.0,7.0
-0.6466666666666666,-0.6266666666666667,0.05385459512748969,0.8857142857142857,7.0,8.0,2.0,7.0
-0.6266666666666667,-0.6266666666666667,0.042113871000715536,0.8857142857142857,7.0,11.0,2.0,7.0
-0.6333333333333333,-0.6333333333333333,0.019625881631401415,0.8857142857142857,7.0,11.0,2.0,7.0
-0.6466666666666666,-0.6266666666666667,0.06817949504242053,0.8857142857142857,7.0,11.0,2.0,7.0
-0.5933333333333334,-0.6,0.07444605797035338,0.9142857142857143,8.0,8.0,2.0,7.0
-0.6333333333333333,-0.6266666666666667,0.02729224164366759,0.8857142857142857,7.0,11.0,2.0,7.0
-0.6133333333333333,-0.5933333333333334,0.04540681549964815,0.9142857142857143,8.0,8.0,2.0,7.0
-0.62,-0.6266666666666667,0.042113871000715536,0.8857142857142857,7.0,11.0,2.0,7.0
-0.6333333333333333,-0.6266666666666667,0.06357967903506083,0.8571428571428571,6.0,11.0,2.0,7.0
-0.66,-0.6266666666666667,0.06357967903506083,0.8571428571428571,6.0,11.0,2.0,7.0
-0.6333333333333333,-0.6266666666666667,0.053664520085863227,0.8857142857142857,7.0,11.0,2.0,7.0
-0.5933333333333334,-0.6,0.0,0.9142857142857143,8.0,8.0,2.0,7.0
-0.6333333333333333,-0.6266666666666667,0.03138096698354289,0.8857142857142857,7.0,11.0,2.0,7.0
-0.64,-0.6266666666666667,0.013595011755085354,0.8857142857142857,7.0,11.0,2.0,7.0
-0.6733333333333333,-0.62,0.015332720024532353,0.8857142857142857,7.0,11.0,2.0,7.0
-0.6266666666666667,-0.62,0.040887253398752946,0.8857142857142857,7.0,11.0,2.0,7.0
-0.66,-0.6533333333333333,0.04579372380660329,0.8,4.0,11.0,2.0,7.0
-0.6266666666666667,-0.6266666666666667,0.04937135847899419,0.8571428571428571,6.0,11.0,2.0,7.0
-0.6266666666666667,-0.5933333333333334,0.052798622674009484,0.9142857142857143,8.0,8.0,2.0,7.0
-0.6666666666666666,-0.6066666666666667,0.31973832157824805,0.8857142857142857,7.0,11.0,2.0,7.0
-0.5866666666666667,-0.6,0.07444605797035338,0.9142857142857143,8.0,8.0,2.0,7.0
-0.6266666666666667,-0.6266666666666667,0.02892773177961771,0.8571428571428571,6.0,11.0,2.0,7.0
-0.6333333333333333,-0.62,0.06971276704487377,0.8571428571428571,6.0,11.0,2.0,7.0
-0.64,-0.6266666666666667,0.02892773177961771,0.8571428571428571,6.0,11.0,2.0,7.0
-0.6333333333333333,-0.6266666666666667,0.027905550444648892,0.8857142857142857,7.0,11.0,2.0,7.0
-0.6333333333333333,-0.6266666666666667,0.02892773177961771,0.8571428571428571,6.0,11.0,2.0,7.0
-0.6266666666666667,-0.62,0.03914954512930595,0.8857142857142857,7.0,11.0,2.0,7.0
-0.6333333333333333,-0.6266666666666667,0.02831442297863642,0.8857142857142857,7.0,11.0,2.0,7.0
-0.6466666666666666,-0.62,0.053460083818869485,0.8571428571428571,6.0,11.0,2.0,7.0
-0.6733333333333333,-0.6266666666666667,0.026883369109680064,0.8857142857142857,7.0,11.0,2.0,7.0
-0.6666666666666666,-0.6266666666666667,0.06817949504242053,0.8857142857142857,7.0,11.0,2.0,7.0
-0.6066666666666667,-0.6133333333333333,0.023759380203304262,0.8857142857142857,7.0,8.0,2.0,7.0
-0.6333333333333333,-0.62,0.033016457119493005,0.8571428571428571,6.0,11.0,2.0,7.0
-0.6266666666666667,-0.6266666666666667,0.04599816007359705,0.8571428571428571,6.0,11.0,2.0,7.0
-0.62,-0.6066666666666667,0.07444605797035338,0.9142857142857143,8.0,8.0,2.0,7.0
-0.6666666666666666,-0.6533333333333333,0.027394459777164478,0.8,4.0,11.0,2.0,7.0
-0.66,-0.6266666666666667,0.05182459368291936,0.8857142857142857,7.0,11.0,2.0,7.0
-0.6333333333333333,-0.6266666666666667,0.061126443831135656,0.8857142857142857,7.0,11.0,2.0,7.0
-0.5933333333333334,-0.6,0.04276688436594769,0.9142857142857143,8.0,8.0,2.0,7.0
-0.64,-0.6266666666666667,0.03138096698354289,0.8857142857142857,7.0,11.0,2.0,7.0
-0.6266666666666667,-0.62,0.04262496166819995,0.8571428571428571,6.0,11.0,2.0,7.0
-0.6733333333333333,-0.62,0.015332720024532353,0.8857142857142857,7.0,11.0,2.0,7.0
-0.6333333333333333,-0.6266666666666667,0.06817949504242053,0.8857142857142857,7.0,11.0,2.0,7.0
-0.5866666666666667,-0.5933333333333334,0.1108771076154199,0.8857142857142857,7.0,8.0,2.0,7.0
-0.62,-0.5933333333333334,0.1108771076154199,0.8857142857142857,7.0,8.0,2.0,7.0
-0.6333333333333333,-0.6266666666666667,0.033016457119493005,0.8571428571428571,6.0,11.0,2.0,7.0
-0.6733333333333333,-0.6266666666666667,0.013595011755085354,0.8857142857142857,7.0,11.0,2.0,7.0
-0.6266666666666667,-0.6266666666666667,0.006335834720881137,0.8857142857142857,7.0,8.0,2.0,7.0
-0.6466666666666666,-0.62,0.04855361341101912,0.8857142857142857,7.0,11.0,2.0,7.0
-0.5933333333333334,-0.6,0.07444605797035338,0.9142857142857143,8.0,8.0,2.0,7.0
-0.6733333333333333,-0.66,0.024815352656784456,0.8857142857142857,7.0,8.0,2.0,7.0
-0.6533333333333333,-0.6266666666666667,0.02831442297863642,0.8857142857142857,7.0,11.0,2.0,7.0
-0.6266666666666667,-0.6,0.024815352656784456,0.9142857142857143,8.0,8.0,2.0,7.0
-0.6333333333333333,-0.6266666666666667,0.02729224164366759,0.8857142857142857,7.0,11.0,2.0,7.0
-0.5933333333333334,-0.6066666666666667,0.11668495610956098,0.8857142857142857,7.0,8.0,2.0,7.0
-0.6466666666666666,-0.62,0.04855361341101912,0.8857142857142857,7.0,11.0,2.0,7.0
-0.6266666666666667,-0.6266666666666667,0.048574732860088725,0.8857142857142857,7.0,8.0,2.0,7.0
-0.58,-0.58,0.04276688436594769,0.9142857142857143,8.0,8.0,2.0,7.0
-0.6333333333333333,-0.62,0.04528263313911889,0.8571428571428571,6.0,11.0,2.0,7.0
-0.6266666666666667,-0.62,0.037105182459368294,0.8571428571428571,6.0,11.0,2.0,7.0
-0.6,-0.6066666666666667,0.11668495610956098,0.8857142857142857,7.0,8.0,2.0,7.0
-0.6266666666666667,-0.6266666666666667,0.06817949504242053,0.8857142857142857,7.0,11.0,2.0,7.0
-0.6333333333333333,-0.6333333333333333,0.019625881631401415,0.8857142857142857,7.0,11.0,2.0,7.0
-0.6333333333333333,-0.6266666666666667,0.02831442297863642,0.8857142857142857,7.0,11.0,2.0,7.0
-0.5533333333333333,-0.5733333333333334,0.05438258135422976,0.9142857142857143,8.0,8.0,2.0,7.0
-0.6266666666666667,-0.6266666666666667,0.05182459368291936,0.8857142857142857,7.0,11.0,2.0,7.0
-0.5866666666666667,-0.5933333333333334,0.05438258135422976,0.9142857142857143,8.0,8.0,2.0,7.0
-0.6,-0.6,0.06969418192969251,0.8857142857142857,7.0,8.0,2.0,7.0
-0.6666666666666666,-0.6666666666666666,0.01900750416264341,0.8571428571428571,6.0,8.0,2.0,7.0
-0.6666666666666666,-0.6333333333333333,0.08300112439946847,0.8857142857142857,7.0,11.0,2.0,7.0
-0.5866666666666667,-0.6,0.01953549038938351,0.9142857142857143,8.0,8.0,2.0,7.0
-0.6333333333333333,-0.6266666666666667,0.02892773177961771,0.8571428571428571,6.0,11.0,2.0,7.0
-0.6066666666666667,-0.5866666666666667,0.041182925685727394,0.8857142857142857,7.0,8.0,2.0,7.0
-0.6466666666666666,-0.6266666666666667,0.01214368321502218,0.8857142857142857,7.0,8.0,2.0,7.0
-0.6066666666666667,-0.6,0.01953549038938351,0.9142857142857143,8.0,8.0,2.0,7.0
-0.6533333333333333,-0.66,0.024815352656784456,0.8857142857142857,7.0,8.0,2.0,7.0
-0.6,-0.6,0.017951531709163224,0.9142857142857143,8.0,8.0,2.0,7.0
-0.6333333333333333,-0.6266666666666667,0.061126443831135656,0.8857142857142857,7.0,11.0,2.0,7.0
-0.6266666666666667,-0.62,0.037105182459368294,0.8571428571428571,6.0,11.0,2.0,7.0
-0.6333333333333333,-0.6333333333333333,0.08300112439946847,0.8857142857142857,7.0,11.0,2.0,7.0
-0.5933333333333334,-0.5933333333333334,0.05438258135422976,0.9142857142857143,8.0,8.0,2.0,7.0
-0.6066666666666667,-0.6133333333333333,0.014255628121982562,0.9142857142857143,8.0,8.0,2.0,7.0
-0.5933333333333334,-0.5933333333333334,0.052798622674009484,0.9142857142857143,8.0,8.0,2.0,7.0
-0.6733333333333333,-0.6533333333333333,0.07993458039456201,0.7714285714285715,3.0,11.0,2.0,7.0
-0.6333333333333333,-0.6266666666666667,0.02831442297863642,0.8857142857142857,7.0,11.0,2.0,7.0
-0.6,-0.6,0.013727641895242467,0.9142857142857143,8.0,8.0,2.0,7.0
-0.6733333333333333,-0.6533333333333333,0.17632628028212208,0.8,4.0,11.0,2.0,7.0
-0.5933333333333334,-0.6066666666666667,0.31973832157824805,0.8857142857142857,7.0,11.0,2.0,7.0
-0.62,-0.6066666666666667,0.08361443320044977,0.9142857142857143,8.0,11.0,2.0,7.0
-0.6266666666666667,-0.62,0.03914954512930595,0.8857142857142857,7.0,11.0,2.0,7.0
-0.6266666666666667,-0.6266666666666667,0.02729224164366759,0.8857142857142857,7.0,11.0,2.0,7.0
-0.5933333333333334,-0.6,0.01953549038938351,0.9142857142857143,8.0,8.0,2.0,7.0
-0.62,-0.6066666666666667,0.08361443320044977,0.9142857142857143,8.0,11.0,2.0,7.0
-0.5933333333333334,-0.6066666666666667,0.0818378651447147,0.9142857142857143,8.0,8.0,2.0,7.0
-0.6733333333333333,-0.62,0.06971276704487377,0.8571428571428571,6.0,11.0,2.0,7.0
-0.5866666666666667,-0.5866666666666667,0.041182925685727394,0.8857142857142857,7.0,8.0,2.0,7.0
-0.5866666666666667,-0.6,0.01953549038938351,0.9142857142857143,8.0,8.0,2.0,7.0
-0.6733333333333333,-0.6666666666666666,0.01900750416264341,0.8571428571428571,6.0,8.0,2.0,7.0
-0.6533333333333333,-0.6533333333333333,0.17632628028212208,0.8,4.0,11.0,2.0,7.0
-0.6333333333333333,-0.6266666666666667,0.041182925685727394,0.8857142857142857,7.0,8.0,2.0,7.0
-0.6466666666666666,-0.62,0.06652626456925195,0.8857142857142857,7.0,8.0,2.0,7.0
-0.68,-0.6533333333333333,0.17632628028212208,0.8,4.0,11.0,2.0,7.0
-0.6333333333333333,-0.6266666666666667,0.05182459368291936,0.8857142857142857,7.0,11.0,2.0,7.0
-0.6,-0.5933333333333334,0.05438258135422976,0.9142857142857143,8.0,8.0,2.0,7.0
-0.6133333333333333,-0.62,0.02798327001722503,0.9142857142857143,8.0,8.0,2.0,7.0
-0.62,-0.62,0.037105182459368294,0.8571428571428571,6.0,11.0,2.0,7.0
-0.6,-0.6,0.01319965566850237,0.9142857142857143,8.0,8.0,2.0,7.0
-0.6333333333333333,-0.6333333333333333,0.08300112439946847,0.8857142857142857,7.0,11.0,2.0,7.0
-0.66,-0.6333333333333333,0.029567228697445314,0.8857142857142857,7.0,8.0,2.0,7.0
-0.64,-0.6266666666666667,0.08208116119799655,0.8857142857142857,7.0,11.0,2.0,7.0
-0.6733333333333333,-0.6333333333333333,0.019625881631401415,0.8857142857142857,7.0,11.0,2.0,7.0
-0.64,-0.6266666666666667,0.026883369109680064,0.8857142857142857,7.0,11.0,2.0,7.0
-0.6266666666666667,-0.62,0.033016457119493005,0.8571428571428571,6.0,11.0,2.0,7.0
-0.6266666666666667,-0.62,0.037105182459368294,0.8571428571428571,6.0,11.0,2.0,7.0
-0.6133333333333333,-0.6,0.09556550703995716,0.9142857142857143,8.0,8.0,2.0,7.0
-0.5933333333333334,-0.6,0.01214368321502218,0.9142857142857143,8.0,8.0,2.0,7.0
-0.6,-0.6,0.05491056758096987,0.9142857142857143,8.0,8.0,2.0,7.0
-0.6066666666666667,-0.6066666666666667,0.042238898139207594,0.8857142857142857,7.0,8.0,2.0,7.0
-0.6133333333333333,-0.62,0.02798327001722503,0.9142857142857143,8.0,8.0,2.0,7.0
-0.66,-0.6533333333333333,0.027394459777164478,0.8,4.0,11.0,2.0,7.0
-0.6,-0.6,0.05702251248793025,0.9142857142857143,8.0,8.0,2.0,7.0
-0.5933333333333334,-0.6,0.11826891478978123,0.9142857142857143,8.0,8.0,2.0,7.0
-0.62,-0.6066666666666667,0.07444605797035338,0.9142857142857143,8.0,8.0,2.0,7.0
-0.62,-0.62,0.06652626456925195,0.8857142857142857,7.0,8.0,2.0,7.0
-0.6266666666666667,-0.6266666666666667,0.0319942757845242,0.8857142857142857,7.0,11.0,2.0,7.0
-0.62,-0.6,0.04910271908682882,0.9142857142857143,8.0,8.0,2.0,7.0
-0.6533333333333333,-0.6533333333333333,0.07993458039456201,0.7714285714285715,3.0,11.0,2.0,7.0
-0.5933333333333334,-0.5933333333333334,0.02798327001722503,0.9142857142857143,8.0,8.0,2.0,7.0
-0.6733333333333333,-0.6266666666666667,0.053664520085863227,0.8857142857142857,7.0,11.0,2.0,7.0
-0.66,-0.6266666666666667,0.04937135847899419,0.8571428571428571,6.0,11.0,2.0,7.0
-0.58,-0.5866666666666667,0.060190429848370815,0.9142857142857143,8.0,8.0,2.0,7.0
-0.6333333333333333,-0.6266666666666667,0.02831442297863642,0.8857142857142857,7.0,11.0,2.0,7.0
-0.5933333333333334,-0.5933333333333334,0.05438258135422976,0.9142857142857143,8.0,8.0,2.0,7.0
-0.6266666666666667,-0.6266666666666667,0.025871325110264645,0.8857142857142857,7.0,8.0,2.0,7.0
-0.6266666666666667,-0.6266666666666667,0.0319942757845242,0.8857142857142857,7.0,11.0,2.0,7.0
-0.66,-0.64,0.038638454461821535,0.8285714285714286,5.0,11.0,2.0,7.0
-0.5666666666666667,-0.58,0.04276688436594769,0.9142857142857143,8.0,8.0,2.0,7.0
-0.5933333333333334,-0.6066666666666667,0.07444605797035338,0.9142857142857143,8.0,8.0,2.0,7.0
-0.6466666666666666,-0.6266666666666667,0.053664520085863227,0.8857142857142857,7.0,11.0,2.0,7.0
-0.6333333333333333,-0.6266666666666667,0.026883369109680064,0.8857142857142857,7.0,11.0,2.0,7.0
-0.6266666666666667,-0.62,0.03914954512930595,0.8857142857142857,7.0,11.0,2.0,7.0
-0.62,-0.62,0.010559724534801893,0.8857142857142857,7.0,8.0,2.0,7.0
-0.64,-0.6266666666666667,0.025554533374220593,0.8857142857142857,7.0,11.0,2.0,7.0
-0.5533333333333333,-0.5666666666666667,0.007391807174361327,0.8857142857142857,7.0,8.0,2.0,7.0
-0.6333333333333333,-0.6066666666666667,0.31973832157824805,0.8857142857142857,7.0,11.0,2.0,7.0
-0.64,-0.6266666666666667,0.08208116119799655,0.8857142857142857,7.0,11.0,2.0,7.0
-0.6466666666666666,-0.6266666666666667,0.0319942757845242,0.8857142857142857,7.0,11.0,2.0,7.0
-0.6733333333333333,-0.6266666666666667,0.026883369109680064,0.8857142857142857,7.0,11.0,2.0,7.0
-0.6333333333333333,-0.6266666666666667,0.016150465092507414,0.8857142857142857,7.0,11.0,2.0,7.0
-0.6466666666666666,-0.6266666666666667,0.03444751098844936,0.8857142857142857,7.0,11.0,2.0,7.0
-0.6333333333333333,-0.6266666666666667,0.053664520085863227,0.8857142857142857,7.0,11.0,2.0,7.0
-0.6266666666666667,-0.62,0.02729224164366759,0.8571428571428571,6.0,11.0,2.0,7.0
-0.6266666666666667,-0.62,0.06971276704487377,0.8571428571428571,6.0,11.0,2.0,7.0
-0.6133333333333333,-0.6,0.05702251248793025,0.9142857142857143,8.0,8.0,2.0,7.0
-0.6266666666666667,-0.62,0.053460083818869485,0.8571428571428571,6.0,11.0,2.0,7.0
-0.6333333333333333,-0.6266666666666667,0.02831442297863642,0.8857142857142857,7.0,11.0,2.0,7.0
-0.6266666666666667,-0.6266666666666667,0.061126443831135656,0.8857142857142857,7.0,11.0,2.0,7.0
-0.6266666666666667,-0.6333333333333333,0.019625881631401415,0.8857142857142857,7.0,11.0,2.0,7.0
-0.5866666666666667,-0.5933333333333334,0.035375077191586356,0.8857142857142857,7.0,8.0,2.0,7.0
-0.58,-0.5866666666666667,0.013727641895242467,0.8857142857142857,7.0,8.0,2.0,7.0
-0.5733333333333334,-0.5866666666666667,0.0818378651447147,0.9142857142857143,8.0,8.0,2.0,7.0
-0.6133333333333333,-0.6133333333333333,0.023759380203304262,0.8857142857142857,7.0,8.0,2.0,7.0
-0.6466666666666666,-0.6266666666666667,0.0319942757845242,0.8857142857142857,7.0,11.0,2.0,7.0
-0.6266666666666667,-0.6266666666666667,0.027905550444648892,0.8857142857142857,7.0,11.0,2.0,7.0
-0.66,-0.6266666666666667,0.0759480731881836,0.8857142857142857,7.0,11.0,2.0,7.0
-0.6266666666666667,-0.6266666666666667,0.041182925685727394,0.8857142857142857,7.0,8.0,2.0,7.0
-0.62,-0.6266666666666667,0.048574732860088725,0.8857142857142857,7.0,8.0,2.0,7.0
-0.5866666666666667,-0.6,0.05702251248793025,0.9142857142857143,8.0,8.0,2.0,7.0
-0.6333333333333333,-0.62,0.040887253398752946,0.8857142857142857,7.0,11.0,2.0,7.0
-0.5933333333333334,-0.5933333333333334,0.05438258135422976,0.9142857142857143,8.0,8.0,2.0,7.0
-0.5933333333333334,-0.6066666666666667,0.07444605797035338,0.8857142857142857,7.0,8.0,2.0,7.0
-0.5533333333333333,-0.5733333333333334,0.05438258135422976,0.9142857142857143,8.0,8.0,2.0,7.0
-0.6133333333333333,-0.6666666666666666,0.32781355412450175,0.7428571428571429,2.0,11.0,2.0,7.0
-0.6533333333333333,-0.6266666666666667,0.08208116119799655,0.8857142857142857,7.0,11.0,2.0,7.0
-0.6,-0.6066666666666667,0.31973832157824805,0.8857142857142857,7.0,11.0,2.0,7.0
-0.6733333333333333,-0.6266666666666667,0.0319942757845242,0.8857142857142857,7.0,11.0,2.0,7.0
-0.6266666666666667,-0.6266666666666667,0.026883369109680064,0.8857142857142857,7.0,11.0,2.0,7.0
-0.6333333333333333,-0.6266666666666667,0.04518041500562201,0.8857142857142857,7.0,11.0,2.0,7.0
-0.6266666666666667,-0.62,0.02798327001722503,0.9142857142857143,8.0,8.0,2.0,7.0
-0.6333333333333333,-0.62,0.06971276704487377,0.8571428571428571,6.0,11.0,2.0,7.0
-0.64,-0.6266666666666667,0.027905550444648892,0.8857142857142857,7.0,11.0,2.0,7.0
-0.5933333333333334,-0.5933333333333334,0.034847090964846256,0.9142857142857143,8.0,8.0,2.0,7.0
-0.6133333333333333,-0.6,0.11087710761541994,0.9142857142857143,8.0,8.0,2.0,7.0
-0.6333333333333333,-0.6666666666666666,0.01900750416264341,0.8571428571428571,6.0,8.0,2.0,7.0
-0.6333333333333333,-0.6266666666666667,0.02678115097618318,0.8571428571428571,6.0,11.0,2.0,7.0
-0.6333333333333333,-0.6266666666666667,0.042113871000715536,0.8857142857142857,7.0,11.0,2.0,7.0
-0.6266666666666667,-0.6266666666666667,0.0319942757845242,0.8857142857142857,7.0,11.0,2.0,7.0
-0.6466666666666666,-0.62,0.04528263313911889,0.8571428571428571,6.0,11.0,2.0,7.0
-0.6666666666666666,-0.6533333333333333,0.04579372380660329,0.8,4.0,11.0,2.0,7.0
-0.6266666666666667,-0.6,0.023759380203304266,0.8857142857142857,7.0,8.0,2.0,7.0
-0.5933333333333334,-0.5933333333333334,0.03748702209854673,0.9142857142857143,8.0,8.0,2.0,7.0
-0.62,-0.62,0.010559724534801893,0.8857142857142857,7.0,8.0,2.0,7.0
-0.6466666666666666,-0.6266666666666667,0.0759480731881836,0.8857142857142857,7.0,11.0,2.0,7.0
-0.6266666666666667,-0.62,0.04017172646427478,0.8571428571428571,6.0,11.0,2.0,7.0
-0.6,-0.6,0.01319965566850237,0.9142857142857143,8.0,8.0,2.0,7.0
-0.5933333333333334,-0.6,0.05491056758096987,0.9142857142857143,8.0,8.0,2.0,7.0
-0.6333333333333333,-0.6266666666666667,0.025871325110264645,0.8857142857142857,7.0,8.0,2.0,7.0
-0.6333333333333333,-0.62,0.040887253398752946,0.8857142857142857,7.0,11.0,2.0,7.0
-0.6333333333333333,-0.6266666666666667,0.053664520085863227,0.8857142857142857,7.0,11.0,2.0,7.0
-0.6266666666666667,-0.6066666666666667,0.07444605797035338,0.9142857142857143,8.0,8.0,2.0,7.0
-0.6466666666666666,-0.6266666666666667,0.04937135847899419,0.8571428571428571,6.0,11.0,2.0,7.0
-0.5933333333333334,-0.6,0.04910271908682882,0.9142857142857143,8.0,8.0,2.0,7.0
-0.6266666666666667,-0.6266666666666667,0.026883369109680064,0.8857142857142857,7.0,11.0,2.0,7.0
-0.6266666666666667,-0.6266666666666667,0.042113871000715536,0.8857142857142857,7.0,11.0,2.0,7.0
-0.6266666666666667,-0.6266666666666667,0.05182459368291936,0.8857142857142857,7.0,11.0,2.0,7.0
-0.6066666666666667,-0.5933333333333334,0.03748702209854673,0.9142857142857143,8.0,8.0,2.0,7.0
-0.6333333333333333,-0.62,0.06971276704487377,0.8571428571428571,6.0,11.0,2.0,7.0
-0.5933333333333334,-0.5933333333333334,0.052798622674009484,0.9142857142857143,8.0,8.0,2.0,7.0
-0.6266666666666667,-0.6266666666666667,0.033016457119493005,0.8571428571428571,6.0,11.0,2.0,7.0
-0.6466666666666666,-0.62,0.04017172646427478,0.8571428571428571,6.0,11.0,2.0,7.0
-0.6333333333333333,-0.6333333333333333,0.019625881631401415,0.8857142857142857,7.0,11.0,2.0,7.0
-0.62,-0.62,0.037105182459368294,0.8571428571428571,6.0,11.0,2.0,7.0
-0.5933333333333334,-0.6066666666666667,0.07444605797035338,0.8857142857142857,7.0,8.0,2.0,7.0
-0.64,-0.6266666666666667,0.04599816007359705,0.8571428571428571,6.0,11.0,2.0,7.0
-0.6333333333333333,-0.6266666666666667,0.04518041500562201,0.8857142857142857,7.0,11.0,2.0,7.0
-0.6466666666666666,-0.6533333333333333,0.17632628028212208,0.8,4.0,11.0,2.0,7.0
-0.5933333333333334,-0.5933333333333334,0.034847090964846256,0.9142857142857143,8.0,8.0,2.0,7.0
-0.6,-0.6066666666666667,0.07444605797035338,0.8857142857142857,7.0,8.0,2.0,7.0
-0.62,-0.6266666666666667,0.048574732860088725,0.8857142857142857,7.0,8.0,2.0,7.0
-0.6266666666666667,-0.62,0.037105182459368294,0.8571428571428571,6.0,11.0,2.0,7.0
-0.5466666666666666,-0.5666666666666667,0.007391807174361327,0.8857142857142857,7.0,8.0,2.0,7.0
-0.6333333333333333,-0.6066666666666667,0.08361443320044977,0.9142857142857143,8.0,11.0,2.0,7.0
-0.5933333333333334,-0.6,0.0,0.9142857142857143,8.0,8.0,2.0,7.0
-0.6466666666666666,-0.6266666666666667,0.03444751098844936,0.8857142857142857,7.0,11.0,2.0,7.0
-0.62,-0.6133333333333333,0.023759380203304262,0.8857142857142857,7.0,8.0,2.0,7.0
-0.6933333333333334,-0.6666666666666666,0.32781355412450175,0.7428571428571429,2.0,11.0,2.0,7.0
-0.6333333333333333,-0.6266666666666667,0.04599816007359705,0.8571428571428571,6.0,11.0,2.0,7.0
-0.6466666666666666,-0.6133333333333333,0.052798622674009484,0.9142857142857143,8.0,8.0,2.0,7.0
-0.6266666666666667,-0.6266666666666667,0.05182459368291936,0.8857142857142857,7.0,11.0,2.0,7.0
-0.6466666666666666,-0.6266666666666667,0.04599816007359705,0.8571428571428571,6.0,11.0,2.0,7.0
-0.6266666666666667,-0.62,0.033016457119493005,0.8571428571428571,6.0,11.0,2.0,7.0
-0.64,-0.62,0.03914954512930595,0.8857142857142857,7.0,11.0,2.0,7.0
-0.66,-0.6533333333333333,0.17632628028212208,0.8,4.0,11.0,2.0,7.0
-0.6266666666666667,-0.6133333333333333,0.030623201150925504,0.9142857142857143,8.0,8.0,2.0,7.0
-0.5933333333333334,-0.6,0.09556550703995716,0.9142857142857143,8.0,8.0,2.0,7.0
-0.5933333333333334,-0.6,0.041182925685727394,0.9142857142857143,8.0,8.0,2.0,7.0
-0.6466666666666666,-0.6133333333333333,0.052798622674009484,0.9142857142857143,8.0,8.0,2.0,7.0
-0.5866666666666667,-0.5933333333333334,0.00791979340110142,0.9142857142857143,8.0,8.0,2.0,7.0
-0.5866666666666667,-0.6,0.09926141062713784,0.9142857142857143,8.0,8.0,2.0,7.0
-0.5933333333333334,-0.5866666666666667,0.05807848494141043,0.9142857142857143,8.0,8.0,2.0,7.0
-0.5866666666666667,-0.5933333333333334,0.016367573028942938,0.9142857142857143,8.0,8.0,2.0,7.0
-0.6266666666666667,-0.6266666666666667,0.03138096698354289,0.8857142857142857,7.0,11.0,2.0,7.0
-0.6266666666666667,-0.62,0.033016457119493005,0.8571428571428571,6.0,11.0,2.0,7.0
-0.6333333333333333,-0.6266666666666667,0.016150465092507414,0.8857142857142857,7.0,11.0,2.0,7.0
-0.6266666666666667,-0.6266666666666667,0.026883369109680064,0.8857142857142857,7.0,11.0,2.0,7.0
-0.6333333333333333,-0.6266666666666667,0.025554533374220593,0.8857142857142857,7.0,11.0,2.0,7.0
-0.62,-0.6266666666666667,0.006335834720881137,0.8857142857142857,7.0,8.0,2.0,7.0
-0.64,-0.6266666666666667,0.061126443831135656,0.8857142857142857,7.0,11.0,2.0,7.0
-0.6266666666666667,-0.6266666666666667,0.0759480731881836,0.8857142857142857,7.0,11.0,2.0,7.0
-0.64,-0.6333333333333333,0.013727641895242467,0.8857142857142857,7.0,8.0,2.0,7.0
-0.6333333333333333,-0.6266666666666667,0.02678115097618318,0.8571428571428571,6.0,11.0,2.0,7.0
-0.58,-0.5666666666666667,0.007391807174361327,0.8857142857142857,7.0,8.0,2.0,7.0
-0.6266666666666667,-0.6266666666666667,0.013595011755085354,0.8857142857142857,7.0,11.0,2.0,7.0
-0.6466666666666666,-0.6266666666666667,0.027905550444648892,0.8857142857142857,7.0,11.0,2.0,7.0
-0.6133333333333333,-0.6133333333333333,0.023759380203304262,0.8857142857142857,7.0,8.0,2.0,7.0
-0.6666666666666666,-0.6533333333333333,0.027394459777164478,0.8,4.0,11.0,2.0,7.0
-0.58,-0.5733333333333334,0.05438258135422976,0.9142857142857143,8.0,8.0,2.0,7.0
-0.6133333333333333,-0.6666666666666666,0.32781355412450175,0.7428571428571429,2.0,11.0,2.0,7.0
-0.6266666666666667,-0.6066666666666667,0.11668495610956098,0.8857142857142857,7.0,8.0,2.0,7.0
-0.6266666666666667,-0.6266666666666667,0.02678115097618318,0.8571428571428571,6.0,11.0,2.0,7.0
-0.6666666666666666,-0.6266666666666667,0.06547029211577175,0.8857142857142857,7.0,8.0,2.0,7.0
-0.6266666666666667,-0.6266666666666667,0.0759480731881836,0.8857142857142857,7.0,11.0,2.0,7.0
-0.64,-0.6266666666666667,0.026883369109680064,0.8857142857142857,7.0,11.0,2.0,7.0
-0.5933333333333334,-0.6,0.11087710761541994,0.9142857142857143,8.0,8.0,2.0,7.0
-0.5933333333333334,-0.6,0.01319965566850237,0.9142857142857143,8.0,8.0,2.0,7.0
-0.6466666666666666,-0.6266666666666667,0.025871325110264645,0.8857142857142857,7.0,8.0,2.0,7.0
-0.6266666666666667,-0.6266666666666667,0.03444751098844936,0.8857142857142857,7.0,11.0,2.0,7.0
-0.6466666666666666,-0.62,0.015332720024532353,0.8857142857142857,7.0,11.0,2.0,7.0
-0.6266666666666667,-0.6266666666666667,0.01214368321502218,0.8857142857142857,7.0,8.0,2.0,7.0
-0.6266666666666667,-0.6066666666666667,0.0818378651447147,0.9142857142857143,8.0,8.0,2.0,7.0
-0.6466666666666666,-0.62,0.037105182459368294,0.8571428571428571,6.0,11.0,2.0,7.0
-0.6333333333333333,-0.6266666666666667,0.05182459368291936,0.8857142857142857,7.0,11.0,2.0,7.0
-0.6466666666666666,-0.6133333333333333,0.052798622674009484,0.9142857142857143,8.0,8.0,2.0,7.0
-0.6133333333333333,-0.62,0.03748702209854673,0.8857142857142857,7.0,8.0,2.0,7.0
-0.62,-0.62,0.010559724534801893,0.8857142857142857,7.0,8.0,2.0,7.0
-0.6333333333333333,-0.6266666666666667,0.013595011755085354,0.8857142857142857,7.0,11.0,2.0,7.0
-0.58,-0.6066666666666667,0.10612523157475906,0.8857142857142857,7.0,8.0,2.0,7.0
-0.6266666666666667,-0.62,0.04017172646427478,0.8571428571428571,6.0,11.0,2.0,7.0
-0.6533333333333333,-0.6533333333333333,0.04579372380660329,0.8,4.0,11.0,2.0,7.0
-0.6733333333333333,-0.6533333333333333,0.027394459777164478,0.8,4.0,11.0,2.0,7.0
-0.6266666666666667,-0.6266666666666667,0.05385459512748969,0.8857142857142857,7.0,8.0,2.0,7.0
-0.6333333333333333,-0.62,0.015332720024532353,0.8857142857142857,7.0,11.0,2.0,7.0
-0.62,-0.5933333333333334,0.035375077191586356,0.8857142857142857,7.0,8.0,2.0,7.0
-0.6333333333333333,-0.62,0.02729224164366759,0.8571428571428571,6.0,11.0,2.0,7.0
-0.6466666666666666,-0.6266666666666667,0.006335834720881137,0.8857142857142857,7.0,8.0,2.0,7.0
-0.6,-0.5933333333333334,0.03167917360440569,0.9142857142857143,8.0,8.0,2.0,7.0
-0.66,-0.6066666666666667,0.08361443320044977,0.9142857142857143,8.0,11.0,2.0,7.0
-0.6,-0.6,0.11087710761541994,0.9142857142857143,8.0,8.0,2.0,7.0
-0.6,-0.6066666666666667,0.060190429848370815,0.9142857142857143,8.0,8.0,2.0,7.0
-0.6266666666666667,-0.6,0.023759380203304266,0.8857142857142857,7.0,8.0,2.0,7.0
-0.6466666666666666,-0.6266666666666667,0.04599816007359705,0.8571428571428571,6.0,11.0,2.0,7.0
-0.64,-0.6333333333333333,0.013727641895242467,0.8857142857142857,7.0,8.0,2.0,7.0
-0.6266666666666667,-0.6266666666666667,0.03444751098844936,0.8857142857142857,7.0,11.0,2.0,7.0
-0.6333333333333333,-0.62,0.03914954512930595,0.8857142857142857,7.0,11.0,2.0,7.0
-0.6333333333333333,-0.6333333333333333,0.08300112439946847,0.8857142857142857,7.0,11.0,2.0,7.0
-0.6,-0.6,0.01953549038938351,0.9142857142857143,8.0,8.0,2.0,7.0
-0.5866666666666667,-0.6133333333333333,0.052798622674009484,0.9142857142857143,8.0,8.0,2.0,7.0
-0.6266666666666667,-0.6266666666666667,0.033016457119493005,0.8571428571428571,6.0,11.0,2.0,7.0
-0.6533333333333333,-0.6533333333333333,0.027394459777164478,0.8,4.0,11.0,2.0,7.0
-0.6866666666666666,-0.6266666666666667,0.02729224164366759,0.8857142857142857,7.0,11.0,2.0,7.0
-0.6333333333333333,-0.6266666666666667,0.0319942757845242,0.8857142857142857,7.0,11.0,2.0,7.0
-0.6066666666666667,-0.6133333333333333,0.030623201150925504,0.9142857142857143,8.0,8.0,2.0,7.0
-0.6,-0.6,0.07444605797035338,0.9142857142857143,8.0,8.0,2.0,7.0
-0.6133333333333333,-0.6066666666666667,0.05702251248793025,0.9142857142857143,8.0,8.0,2.0,7.0
-0.62,-0.62,0.05959317182868243,0.8571428571428571,6.0,11.0,2.0,7.0
-0.5933333333333334,-0.6,0.09556550703995716,0.9142857142857143,8.0,8.0,2.0,7.0
-0.6333333333333333,-0.6066666666666667,0.10612523157475906,0.8857142857142857,7.0,8.0,2.0,7.0
-0.6266666666666667,-0.62,0.015332720024532353,0.8857142857142857,7.0,11.0,2.0,7.0
-0.64,-0.6666666666666666,0.01900750416264341,0.8571428571428571,6.0,8.0,2.0,7.0
-0.6266666666666667,-0.6266666666666667,0.04599816007359705,0.8571428571428571,6.0,11.0,2.0,7.0
-0.6333333333333333,-0.6266666666666667,0.026883369109680064,0.8857142857142857,7.0,11.0,2.0,7.0
-0.6266666666666667,-0.6,0.0,0.9142857142857143,8.0,8.0,2.0,7.0
-0.6266666666666667,-0.6266666666666667,0.02729224164366759,0.8857142857142857,7.0,11.0,2.0,7.0
-0.6666666666666666,-0.6533333333333333,0.07993458039456201,0.7714285714285715,3.0,11.0,2.0,7.0
-0.5933333333333334,-0.6,0.04329487059268777,0.9142857142857143,8.0,8.0,2.0,7.0
-0.6266666666666667,-0.62,0.04262496166819995,0.8571428571428571,6.0,11.0,2.0,7.0
-0.6333333333333333,-0.6066666666666667,0.07444605797035338,0.8857142857142857,7.0,8.0,2.0,7.0
-0.6066666666666667,-0.5933333333333334,0.04540681549964815,0.9142857142857143,8.0,8.0,2.0,7.0
-0.7,-0.6266666666666667,0.026883369109680064,0.8857142857142857,7.0,11.0,2.0,7.0
-0.5933333333333334,-0.6,0.024815352656784456,0.9142857142857143,8.0,8.0,2.0,7.0
-0.6066666666666667,-0.6066666666666667,0.060190429848370815,0.9142857142857143,8.0,8.0,2.0,7.0
-0.6466666666666666,-0.6266666666666667,0.016150465092507414,0.8857142857142857,7.0,11.0,2.0,7.0
-0.6266666666666667,-0.6266666666666667,0.053664520085863227,0.8857142857142857,7.0,11.0,2.0,7.0
-0.6333333333333333,-0.62,0.06971276704487377,0.8571428571428571,6.0,11.0,2.0,7.0
-0.6266666666666667,-0.6266666666666667,0.06547029211577175,0.8857142857142857,7.0,8.0,2.0,7.0
-0.6333333333333333,-0.6266666666666667,0.061126443831135656,0.8857142857142857,7.0,11.0,2.0,7.0
-0.6133333333333333,-0.6133333333333333,0.014255628121982562,0.9142857142857143,8.0,8.0,2.0,7.0
-0.6333333333333333,-0.6266666666666667,0.016150465092507414,0.8857142857142857,7.0,11.0,2.0,7.0
-0.5933333333333334,-0.6,0.07444605797035338,0.9142857142857143,8.0,8.0,2.0,7.0
-0.5933333333333334,-0.5866666666666667,0.05807848494141043,0.9142857142857143,8.0,8.0,2.0,7.0
-0.62,-0.62,0.02729224164366759,0.8571428571428571,6.0,11.0,2.0,7.0
-0.6133333333333333,-0.62,0.03748702209854673,0.8857142857142857,7.0,8.0,2.0,7.0
-0.6,-0.5933333333333334,0.00791979340110142,0.9142857142857143,8.0,8.0,2.0,7.0
-0.66,-0.6266666666666667,0.053664520085863227,0.8857142857142857,7.0,11.0,2.0,7.0
-0.6266666666666667,-0.62,0.037105182459368294,0.8571428571428571,6.0,11.0,2.0,7.0
-0.6333333333333333,-0.6333333333333333,0.08300112439946847,0.8857142857142857,7.0,11.0,2.0,7.0
-0.6333333333333333,-0.62,0.03914954512930595,0.8857142857142857,7.0,11.0,2.0,7.0
-0.6533333333333333,-0.6266666666666667,0.06357967903506083,0.8571428571428571,6.0,11.0,2.0,7.0
-0.62,-0.6266666666666667,0.025871325110264645,0.8857142857142857,7.0,8.0,2.0,7.0
-0.6133333333333333,-0.6066666666666667,0.08361443320044977,0.9142857142857143,8.0,11.0,2.0,7.0
-0.5866666666666667,-0.6,0.024815352656784456,0.9142857142857143,8.0,8.0,2.0,7.0
-0.62,-0.6266666666666667,0.05385459512748969,0.8857142857142857,7.0,8.0,2.0,7.0
-0.6266666666666667,-0.6,0.05702251248793025,0.9142857142857143,8.0,8.0,2.0,7.0
-0.58,-0.5866666666666667,0.0818378651447147,0.9142857142857143,8.0,8.0,2.0,7.0
-0.6066666666666667,-0.6,0.01214368321502218,0.9142857142857143,8.0,8.0,2.0,7.0
-0.6266666666666667,-0.6,0.05491056758096987,0.9142857142857143,8.0,8.0,2.0,7.0
-0.6266666666666667,-0.6266666666666667,0.027905550444648892,0.8857142857142857,7.0,11.0,2.0,7.0
-0.6333333333333333,-0.6266666666666667,0.027905550444648892,0.8857142857142857,7.0,11.0,2.0,7.0
-0.66,-0.6533333333333333,0.17632628028212208,0.8,4.0,11.0,2.0,7.0
-0.6266666666666667,-0.6266666666666667,0.027905550444648892,0.8857142857142857,7.0,11.0,2.0,7.0
-0.6333333333333333,-0.62,0.033016457119493005,0.8571428571428571,6.0,11.0,2.0,7.0
-0.6266666666666667,-0.6066666666666667,0.05702251248793025,0.9142857142857143,8.0,8.0,2.0,7.0
-0.6466666666666666,-0.6266666666666667,0.0319942757845242,0.8857142857142857,7.0,11.0,2.0,7.0
-0.64,-0.6266666666666667,0.026883369109680064,0.8857142857142857,7.0,11.0,2.0,7.0
-0.5933333333333334,-0.6,0.09926141062713784,0.9142857142857143,8.0,8.0,2.0,7.0
-0.62,-0.6266666666666667,0.04937135847899419,0.8571428571428571,6.0,11.0,2.0,7.0
-0.6466666666666666,-0.6266666666666667,0.03403863845446183,0.8571428571428571,6.0,11.0,2.0,7.0
-0.6266666666666667,-0.6066666666666667,0.05702251248793025,0.9142857142857143,8.0,8.0,2.0,7.0
-0.6333333333333333,-0.6266666666666667,0.03444751098844936,0.8857142857142857,7.0,11.0,2.0,7.0
-0.6266666666666667,-0.6266666666666667,0.04937135847899419,0.8571428571428571,6.0,11.0,2.0,7.0
-0.6266666666666667,-0.6266666666666667,0.053664520085863227,0.8857142857142857,7.0,11.0,2.0,7.0
-0.6666666666666666,-0.6533333333333333,0.04579372380660329,0.8,4.0,11.0,2.0,7.0
-0.6733333333333333,-0.6266666666666667,0.042113871000715536,0.8857142857142857,7.0,11.0,2.0,7.0
-0.5933333333333334,-0.6,0.05491056758096987,0.9142857142857143,8.0,8.0,2.0,7.0
-0.6266666666666667,-0.6333333333333333,0.019625881631401415,0.8857142857142857,7.0,11.0,2.0,7.0
-0.64,-0.62,0.03914954512930595,0.8857142857142857,7.0,11.0,2.0,7.0
-0.62,-0.6266666666666667,0.027905550444648892,0.8857142857142857,7.0,11.0,2.0,7.0
-0.5933333333333334,-0.5933333333333334,0.04540681549964815,0.9142857142857143,8.0,8.0,2.0,7.0
-0.58,-0.5866666666666667,0.013727641895242467,0.8857142857142857,7.0,8.0,2.0,7.0
-0.62,-0.6,0.030623201150925507,0.8857142857142857,7.0,8.0,2.0,7.0
-0.6266666666666667,-0.62,0.040887253398752946,0.8857142857142857,7.0,11.0,2.0,7.0
-0.6266666666666667,-0.6266666666666667,0.05182459368291936,0.8857142857142857,7.0,11.0,2.0,7.0
-0.5933333333333334,-0.6,0.11087710761541994,0.9142857142857143,8.0,8.0,2.0,7.0
-0.6333333333333333,-0.6266666666666667,0.02892773177961771,0.8571428571428571,6.0,11.0,2.0,7.0
-0.6266666666666667,-0.6,0.041182925685727394,0.9142857142857143,8.0,8.0,2.0,7.0
-0.6533333333333333,-0.6533333333333333,0.07993458039456201,0.7714285714285715,3.0,11.0,2.0,7.0
-0.62,-0.62,0.010559724534801893,0.8857142857142857,7.0,8.0,2.0,7.0
-0.5933333333333334,-0.6,0.01319965566850237,0.9142857142857143,8.0,8.0,2.0,7.0
-0.5933333333333334,-0.5933333333333334,0.05438258135422976,0.9142857142857143,8.0,8.0,2.0,7.0
-0.6333333333333333,-0.6266666666666667,0.013595011755085354,0.8857142857142857,7.0,11.0,2.0,7.0
-0.6333333333333333,-0.6266666666666667,0.019728099764898296,0.8857142857142857,7.0,11.0,2.0,7.0
-0.5866666666666667,-0.5933333333333334,0.08025390646449443,0.8857142857142857,7.0,8.0,2.0,7.0
-0.5933333333333334,-0.6066666666666667,0.060190429848370815,0.9142857142857143,8.0,8.0,2.0,7.0
-0.64,-0.6266666666666667,0.04599816007359705,0.8571428571428571,6.0,11.0,2.0,7.0
-0.5866666666666667,-0.5933333333333334,0.034847090964846256,0.9142857142857143,8.0,8.0,2.0,7.0
-0.6266666666666667,-0.6266666666666667,0.03444751098844936,0.8857142857142857,7.0,11.0,2.0,7.0
-0.5933333333333334,-0.5933333333333334,0.00791979340110142,0.9142857142857143,8.0,8.0,2.0,7.0
-0.6733333333333333,-0.6266666666666667,0.061126443831135656,0.8857142857142857,7.0,11.0,2.0,7.0
-0.6466666666666666,-0.6266666666666667,0.0319942757845242,0.8857142857142857,7.0,11.0,2.0,7.0
-0.58,-0.5266666666666666,0.018194827762445066,0.9428571428571428,9.0,11.0,2.0,8.0
-0.49333333333333335,-0.5066666666666667,0.07127814060991279,0.9142857142857143,8.0,8.0,2.0,8.0
-0.5333333333333333,-0.5266666666666666,0.015332720024532355,0.9428571428571428,9.0,11.0,2.0,8.0
-0.5333333333333333,-0.54,0.02075028109986712,0.9428571428571428,9.0,11.0,2.0,8.0
-0.5133333333333333,-0.5133333333333333,0.088623121741797,0.9714285714285714,10.0,11.0,2.0,8.0
-0.54,-0.54,0.015639374425023,0.9428571428571428,9.0,11.0,2.0,8.0
-0.54,-0.5133333333333333,0.02903924247070522,0.9142857142857143,8.0,8.0,2.0,8.0
-0.54,-0.5133333333333333,0.03167917360440568,0.9142857142857143,8.0,8.0,2.0,8.0
-0.5533333333333333,-0.54,0.029336604313605238,0.9142857142857143,8.0,11.0,2.0,8.0
-0.52,-0.52,0.03148318511703977,0.9428571428571428,9.0,11.0,2.0,8.0
-0.5266666666666666,-0.5066666666666667,0.03379111851136607,0.9142857142857143,8.0,8.0,2.0,8.0
-0.5333333333333333,-0.5466666666666666,0.015639374425023,0.9428571428571428,9.0,11.0,2.0,8.0
-0.49333333333333335,-0.5066666666666667,0.0718061268366529,0.9142857142857143,8.0,8.0,2.0,8.0
-0.5266666666666666,-0.5133333333333333,0.02798327001722503,0.9142857142857143,8.0,8.0,2.0,8.0
-0.5066666666666667,-0.5133333333333333,0.00791979340110142,0.9142857142857143,8.0,8.0,2.0,8.0
-0.5,-0.5066666666666667,0.014255628121982562,0.9142857142857143,8.0,8.0,2.0,8.0
-0.5066666666666667,-0.5133333333333333,0.014255628121982562,0.9142857142857143,8.0,8.0,2.0,8.0
-0.5333333333333333,-0.54,0.015639374425023,0.9428571428571428,9.0,11.0,2.0,8.0
-0.5333333333333333,-0.54,0.015639374425023,0.9428571428571428,9.0,11.0,2.0,8.0
-0.5133333333333333,-0.5133333333333333,0.05385459512748969,0.8857142857142857,7.0,8.0,2.0,8.0
-0.52,-0.54,0.028825513646120828,0.9428571428571428,9.0,11.0,2.0,8.0
-0.5333333333333333,-0.54,0.020136972298885825,0.9428571428571428,9.0,11.0,2.0,8.0
-0.49333333333333335,-0.5066666666666667,0.060190429848370815,0.9142857142857143,8.0,8.0,2.0,8.0
-0.5533333333333333,-0.5466666666666666,0.030972094449555357,0.9142857142857143,8.0,11.0,2.0,8.0
-0.54,-0.5266666666666666,0.028825513646120828,0.9428571428571428,9.0,11.0,2.0,8.0
-0.62,-0.5466666666666666,0.07237043851579272,0.9142857142857143,8.0,11.0,2.0,8.0
-0.54,-0.54,0.02330573443728918,0.9142857142857143,8.0,11.0,2.0,8.0
-0.5666666666666667,-0.5466666666666666,0.030972094449555357,0.9142857142857143,8.0,11.0,2.0,8.0
-0.54,-0.52,0.07155269344781766,0.9714285714285714,10.0,11.0,2.0,8.0
-0.5266666666666666,-0.5066666666666667,0.08289383759819488,0.8857142857142857,7.0,8.0,2.0,8.0
-0.5266666666666666,-0.5066666666666667,0.060190429848370815,0.9142857142857143,8.0,8.0,2.0,8.0
-0.5333333333333333,-0.54,0.02013697229888583,0.9428571428571428,9.0,11.0,2.0,8.0
-0.52,-0.54,0.028825513646120828,0.9428571428571428,9.0,11.0,2.0,8.0
-0.5133333333333333,-0.5,0.07708598910405386,0.9142857142857143,8.0,8.0,2.0,8.0
-0.54,-0.54,0.028825513646120828,0.9428571428571428,9.0,11.0,2.0,8.0
-0.5466666666666666,-0.56,0.036491873658387006,0.9714285714285714,10.0,11.0,2.0,8.0
-0.5333333333333333,-0.5466666666666666,0.013492793621588471,0.9428571428571428,9.0,11.0,2.0,8.0
-0.5333333333333333,-0.54,0.020443626699376473,0.9428571428571428,9.0,11.0,2.0,8.0
-0.5333333333333333,-0.54,0.015639374425023,0.9428571428571428,9.0,11.0,2.0,8.0
-0.5066666666666667,-0.5133333333333333,0.01953549038938351,0.9142857142857143,8.0,8.0,2.0,8.0
-0.5,-0.5066666666666667,0.017423545482423128,0.9142857142857143,8.0,8.0,2.0,8.0
-0.49333333333333335,-0.5066666666666667,0.08289383759819488,0.8857142857142857,7.0,8.0,2.0,8.0
-0.5,-0.5066666666666667,0.07233411306339299,0.9142857142857143,8.0,8.0,2.0,8.0
-0.5466666666666666,-0.5466666666666666,0.022692425636307884,0.9428571428571428,9.0,11.0,2.0,8.0
-0.5066666666666667,-0.5,0.017423545482423128,0.9142857142857143,8.0,8.0,2.0,8.0
-0.5,-0.5066666666666667,0.014255628121982562,0.9142857142857143,8.0,8.0,2.0,8.0
-0.5066666666666667,-0.5133333333333333,0.08289383759819487,0.9142857142857143,8.0,8.0,2.0,8.0
-0.54,-0.52,0.06879280384340183,0.9428571428571428,9.0,11.0,2.0,8.0
-0.5333333333333333,-0.5266666666666666,0.028825513646120828,0.9428571428571428,9.0,11.0,2.0,8.0
-0.6066666666666667,-0.5466666666666666,0.07237043851579272,0.9142857142857143,8.0,11.0,2.0,8.0
-0.5266666666666666,-0.5066666666666667,0.013727641895242467,0.9142857142857143,8.0,8.0,2.0,8.0
-0.52,-0.54,0.028825513646120828,0.9428571428571428,9.0,11.0,2.0,8.0
-0.5333333333333333,-0.5466666666666666,0.015639374425023,0.9428571428571428,9.0,11.0,2.0,8.0
-0.54,-0.5466666666666666,0.05284677501788817,0.9142857142857143,8.0,11.0,2.0,8.0
-0.54,-0.54,0.028825513646120828,0.9428571428571428,9.0,11.0,2.0,8.0
-0.5266666666666666,-0.5066666666666667,0.0718061268366529,0.9142857142857143,8.0,8.0,2.0,8.0
-0.5,-0.5066666666666667,0.02798327001722503,0.9142857142857143,8.0,8.0,2.0,8.0
-0.4866666666666667,-0.5,0.016367573028942938,0.9142857142857143,8.0,8.0,2.0,8.0
-0.5666666666666667,-0.5266666666666666,0.06368189716855771,0.9428571428571428,9.0,11.0,2.0,8.0
-0.5,-0.5066666666666667,0.024815352656784456,0.9142857142857143,8.0,8.0,2.0,8.0
-0.5333333333333333,-0.54,0.021772462434835944,0.9428571428571428,9.0,11.0,2.0,8.0
-0.52,-0.5266666666666666,0.042113871000715536,0.9714285714285714,10.0,11.0,2.0,8.0
-0.5,-0.5066666666666667,0.060190429848370815,0.9142857142857143,8.0,8.0,2.0,8.0
-0.5066666666666667,-0.5066666666666667,0.007391807174361327,0.9142857142857143,8.0,8.0,2.0,8.0
-0.5066666666666667,-0.5066666666666667,0.060190429848370815,0.9142857142857143,8.0,8.0,2.0,8.0
-0.5466666666666666,-0.54,0.01809260962894818,0.9428571428571428,9.0,11.0,2.0,8.0
-0.5133333333333333,-0.5,0.03167917360440569,0.9142857142857143,8.0,8.0,2.0,8.0
-0.5133333333333333,-0.5133333333333333,0.05385459512748969,0.8857142857142857,7.0,8.0,2.0,8.0
-0.5266666666666666,-0.54,0.02075028109986712,0.9428571428571428,9.0,11.0,2.0,8.0
-0.54,-0.52,0.03148318511703977,0.9428571428571428,9.0,11.0,2.0,8.0
-0.5066666666666667,-0.5133333333333333,0.00791979340110142,0.9142857142857143,8.0,8.0,2.0,8.0
-0.54,-0.5466666666666666,0.05284677501788817,0.9142857142857143,8.0,11.0,2.0,8.0
-0.49333333333333335,-0.5066666666666667,0.01319965566850237,0.8857142857142857,7.0,8.0,2.0,8.0
-0.5333333333333333,-0.5466666666666666,0.013492793621588471,0.9428571428571428,9.0,11.0,2.0,8.0
-0.5266666666666666,-0.5266666666666666,0.03495860165593377,0.9428571428571428,9.0,11.0,2.0,8.0
-0.5,-0.5,0.017423545482423128,0.9142857142857143,8.0,8.0,2.0,8.0
-0.5066666666666667,-0.5066666666666667,0.08289383759819488,0.8857142857142857,7.0,8.0,2.0,8.0
-0.5266666666666666,-0.5266666666666666,0.03812736379433713,0.9428571428571428,9.0,11.0,2.0,8.0
-0.5333333333333333,-0.54,0.04855361341101912,0.9428571428571428,9.0,11.0,2.0,8.0
-0.5666666666666667,-0.5466666666666666,0.015639374425023,0.9428571428571428,9.0,11.0,2.0,8.0
-0.49333333333333335,-0.5,0.09345356213299678,0.9142857142857143,8.0,8.0,2.0,8.0
-0.54,-0.5066666666666667,0.07127814060991279,0.9142857142857143,8.0,8.0,2.0,8.0
-0.5,-0.5133333333333333,0.006335834720881137,0.9142857142857143,8.0,8.0,2.0,8.0
-0.5266666666666666,-0.5066666666666667,0.06652626456925195,0.9142857142857143,8.0,8.0,2.0,8.0
-0.5333333333333333,-0.5133333333333333,0.06863820947621233,0.9142857142857143,8.0,8.0,2.0,8.0
-0.5333333333333333,-0.5466666666666666,0.013492793621588471,0.9428571428571428,9.0,11.0,2.0,8.0
-0.5266666666666666,-0.5,0.07814196155753403,0.9142857142857143,8.0,8.0,2.0,8.0
-0.49333333333333335,-0.5066666666666667,0.07708598910405386,0.9142857142857143,8.0,8.0,2.0,8.0
-0.49333333333333335,-0.5066666666666667,0.07550203042383358,0.9142857142857143,8.0,8.0,2.0,8.0
-0.54,-0.54,0.03342532965348054,0.9142857142857143,8.0,11.0,2.0,8.0
-0.5066666666666667,-0.5066666666666667,0.024815352656784456,0.9142857142857143,8.0,8.0,2.0,8.0
-0.5666666666666667,-0.54,0.03352754778697742,0.9428571428571428,9.0,11.0,2.0,8.0
-0.5466666666666666,-0.54,0.015639374425023,0.9428571428571428,9.0,11.0,2.0,8.0
-0.5333333333333333,-0.54,0.010528467750178884,0.9428571428571428,9.0,11.0,2.0,8.0
-0.5333333333333333,-0.5466666666666666,0.02483900643974242,0.9142857142857143,8.0,11.0,2.0,8.0
-0.5466666666666666,-0.5733333333333334,0.09455177348461619,0.9142857142857143,8.0,11.0,2.0,8.0
-0.5333333333333333,-0.54,0.03240314831851171,0.9428571428571428,9.0,11.0,2.0,8.0
-0.5133333333333333,-0.5266666666666666,0.03812736379433713,0.9428571428571428,9.0,11.0,2.0,8.0
-0.58,-0.56,0.20106306858836762,0.9428571428571428,9.0,11.0,2.0,8.0
-0.5333333333333333,-0.54,0.028825513646120828,0.9428571428571428,9.0,11.0,2.0,8.0
-0.5266666666666666,-0.54,0.028825513646120828,0.9428571428571428,9.0,11.0,2.0,8.0
-0.5266666666666666,-0.5266666666666666,0.018194827762445066,0.9428571428571428,9.0,11.0,2.0,8.0
-0.5,-0.5133333333333333,0.01953549038938351,0.8857142857142857,7.0,8.0,2.0,8.0
-0.5266666666666666,-0.5266666666666666,0.03495860165593377,0.9428571428571428,9.0,11.0,2.0,8.0
-0.54,-0.5133333333333333,0.088623121741797,0.9714285714285714,10.0,11.0,2.0,8.0
-0.5,-0.5133333333333333,0.02534333888352455,0.9142857142857143,8.0,8.0,2.0,8.0
-0.4866666666666667,-0.5,0.039598967005507114,0.9142857142857143,8.0,8.0,2.0,8.0
-0.5,-0.5066666666666667,0.017951531709163217,0.8857142857142857,7.0,8.0,2.0,8.0
-0.5533333333333333,-0.54,0.015026065624041707,0.9428571428571428,9.0,11.0,2.0,8.0
-0.5333333333333333,-0.54,0.010528467750178884,0.9428571428571428,9.0,11.0,2.0,8.0
-0.52,-0.52,0.03148318511703977,0.9428571428571428,9.0,11.0,2.0,8.0
-0.49333333333333335,-0.5133333333333333,0.023231393976564173,0.9142857142857143,8.0,8.0,2.0,8.0
-0.54,-0.5466666666666666,0.022692425636307884,0.9428571428571428,9.0,11.0,2.0,8.0
-0.5333333333333333,-0.5466666666666666,0.015639374425023,0.9428571428571428,9.0,11.0,2.0,8.0
-0.5266666666666666,-0.5266666666666666,0.06368189716855771,0.9428571428571428,9.0,11.0,2.0,8.0
-0.5,-0.5066666666666667,0.07603001665057364,0.9142857142857143,8.0,8.0,2.0,8.0
-0.5333333333333333,-0.54,0.010528467750178884,0.9428571428571428,9.0,11.0,2.0,8.0
-0.5,-0.5133333333333333,0.06863820947621233,0.9142857142857143,8.0,8.0,2.0,8.0
-0.5266666666666666,-0.5466666666666666,0.022692425636307884,0.9428571428571428,9.0,11.0,2.0,8.0
-0.5333333333333333,-0.54,0.02831442297863642,0.9428571428571428,9.0,11.0,2.0,8.0
-0.5466666666666666,-0.54,0.02831442297863642,0.9428571428571428,9.0,11.0,2.0,8.0
-0.5533333333333333,-0.5466666666666666,0.07237043851579272,0.9142857142857143,8.0,11.0,2.0,8.0
-0.47333333333333333,-0.49333333333333335,0.0311511873776656,0.9142857142857143,8.0,8.0,2.0,8.0
-0.5066666666666667,-0.5133333333333333,0.088623121741797,0.9714285714285714,10.0,11.0,2.0,8.0
-0.5533333333333333,-0.5733333333333334,0.09455177348461619,0.9142857142857143,8.0,11.0,2.0,8.0
-0.54,-0.54,0.027803332311152004,0.9428571428571428,9.0,11.0,2.0,8.0
-0.54,-0.5466666666666666,0.05284677501788817,0.9142857142857143,8.0,11.0,2.0,8.0
-0.5466666666666666,-0.54,0.03240314831851171,0.9428571428571428,9.0,11.0,2.0,8.0
-0.5133333333333333,-0.52,0.07155269344781766,0.9714285714285714,10.0,11.0,2.0,8.0
-0.5066666666666667,-0.5066666666666667,0.007391807174361327,0.9142857142857143,8.0,8.0,2.0,8.0
-0.5866666666666667,-0.54,0.02330573443728918,0.9142857142857143,8.0,11.0,2.0,8.0
-0.47333333333333333,-0.5,0.017423545482423128,0.9142857142857143,8.0,8.0,2.0,8.0
-0.5333333333333333,-0.54,0.03342532965348054,0.9142857142857143,8.0,11.0,2.0,8.0
-0.5333333333333333,-0.56,0.05591331902279466,0.9714285714285714,10.0,11.0,2.0,8.0
-0.5533333333333333,-0.54,0.03342532965348054,0.9142857142857143,8.0,11.0,2.0,8.0
-0.54,-0.54,0.015639374425023,0.9428571428571428,9.0,11.0,2.0,8.0
-0.54,-0.54,0.03342532965348054,0.9142857142857143,8.0,11.0,2.0,8.0
-0.5333333333333333,-0.54,0.029336604313605238,0.9142857142857143,8.0,11.0,2.0,8.0
-0.5266666666666666,-0.5266666666666666,0.018194827762445066,0.9428571428571428,9.0,11.0,2.0,8.0
-0.54,-0.54,0.02330573443728918,0.9428571428571428,9.0,11.0,2.0,8.0
-0.56,-0.52,0.03148318511703977,0.9428571428571428,9.0,11.0,2.0,8.0
-0.5866666666666667,-0.5266666666666666,0.06368189716855771,0.9428571428571428,9.0,11.0,2.0,8.0
-0.49333333333333335,-0.5066666666666667,0.07708598910405386,0.9142857142857143,8.0,8.0,2.0,8.0
-0.58,-0.56,0.20106306858836762,0.9428571428571428,9.0,11.0,2.0,8.0
-0.5266666666666666,-0.54,0.030665440049064716,0.9428571428571428,9.0,11.0,2.0,8.0
-0.54,-0.5133333333333333,0.07233411306339299,0.8857142857142857,7.0,8.0,2.0,8.0
-0.5266666666666666,-0.54,0.021772462434835944,0.9428571428571428,9.0,11.0,2.0,8.0
-0.5133333333333333,-0.52,0.05080241234795055,0.9428571428571428,9.0,11.0,2.0,8.0
-0.54,-0.54,0.0579576816927323,0.9428571428571428,9.0,11.0,2.0,8.0
-0.5,-0.5066666666666667,0.007391807174361327,0.9142857142857143,8.0,8.0,2.0,8.0
-0.52,-0.5133333333333333,0.088623121741797,0.9714285714285714,10.0,11.0,2.0,8.0
-0.5333333333333333,-0.54,0.020443626699376473,0.9428571428571428,9.0,11.0,2.0,8.0
-0.5866666666666667,-0.54,0.027803332311152004,0.9428571428571428,9.0,11.0,2.0,8.0
-0.5266666666666666,-0.5266666666666666,0.06368189716855771,0.9428571428571428,9.0,11.0,2.0,8.0
-0.5266666666666666,-0.5133333333333333,0.08289383759819487,0.9142857142857143,8.0,8.0,2.0,8.0
-0.5,-0.5133333333333333,0.08289383759819487,0.9142857142857143,8.0,8.0,2.0,8.0
-0.5666666666666667,-0.56,0.036491873658387006,0.9714285714285714,10.0,11.0,2.0,8.0
-0.5733333333333334,-0.5733333333333334,0.09455177348461619,0.9142857142857143,8.0,11.0,2.0,8.0
-0.49333333333333335,-0.5133333333333333,0.04910271908682882,0.9142857142857143,8.0,8.0,2.0,8.0
-0.5333333333333333,-0.54,0.02013697229888583,0.9428571428571428,9.0,11.0,2.0,8.0
-0.47333333333333333,-0.5,0.017423545482423128,0.9142857142857143,8.0,8.0,2.0,8.0
-0.5,-0.5066666666666667,0.06863820947621234,0.9142857142857143,8.0,8.0,2.0,8.0
-0.6066666666666667,-0.5266666666666666,0.018194827762445066,0.9428571428571428,9.0,11.0,2.0,8.0
-0.49333333333333335,-0.5066666666666667,0.01319965566850237,0.8857142857142857,7.0,8.0,2.0,8.0
-0.5333333333333333,-0.54,0.010528467750178884,0.9428571428571428,9.0,11.0,2.0,8.0
-0.49333333333333335,-0.5066666666666667,0.017423545482423128,0.9142857142857143,8.0,8.0,2.0,8.0
-0.54,-0.54,0.02013697229888583,0.9428571428571428,9.0,11.0,2.0,8.0
-0.5066666666666667,-0.52,0.04910271908682882,0.9142857142857143,8.0,8.0,2.0,8.0
-0.5066666666666667,-0.5066666666666667,0.07550203042383358,0.9142857142857143,8.0,8.0,2.0,8.0
-0.5333333333333333,-0.54,0.01809260962894818,0.9428571428571428,9.0,11.0,2.0,8.0
-0.5266666666666666,-0.5266666666666666,0.03495860165593377,0.9428571428571428,9.0,11.0,2.0,8.0
-0.5066666666666667,-0.5066666666666667,0.017423545482423128,0.9142857142857143,8.0,8.0,2.0,8.0
-0.5266666666666666,-0.5266666666666666,0.06368189716855771,0.9428571428571428,9.0,11.0,2.0,8.0
-0.5533333333333333,-0.5466666666666666,0.015639374425023,0.9428571428571428,9.0,11.0,2.0,8.0
-0.5266666666666666,-0.5266666666666666,0.018194827762445066,0.9428571428571428,9.0,11.0,2.0,8.0
-0.5,-0.52,0.0406549394589873,0.8857142857142857,7.0,8.0,2.0,8.0
-0.5133333333333333,-0.52,0.05080241234795055,0.9428571428571428,9.0,11.0,2.0,8.0
-0.5266666666666666,-0.5,0.04910271908682882,0.8857142857142857,7.0,8.0,2.0,8.0
-0.49333333333333335,-0.5,0.016367573028942938,0.9142857142857143,8.0,8.0,2.0,8.0
-0.54,-0.5133333333333333,0.07550203042383358,0.8857142857142857,7.0,8.0,2.0,8.0
-0.52,-0.5266666666666666,0.03812736379433713,0.9428571428571428,9.0,11.0,2.0,8.0
-0.5266666666666666,-0.5066666666666667,0.08289383759819488,0.9142857142857143,8.0,8.0,2.0,8.0
-0.54,-0.54,0.03342532965348054,0.9142857142857143,8.0,11.0,2.0,8.0
-0.5133333333333333,-0.5066666666666667,0.02217542152308398,0.9142857142857143,8.0,8.0,2.0,8.0
-0.5,-0.5066666666666667,0.034847090964846256,0.9142857142857143,8.0,8.0,2.0,8.0
-0.49333333333333335,-0.5066666666666667,0.08289383759819488,0.9142857142857143,8.0,8.0,2.0,8.0
-0.49333333333333335,-0.5066666666666667,0.06863820947621234,0.9142857142857143,8.0,8.0,2.0,8.0
-0.5,-0.5,0.039598967005507114,0.9142857142857143,8.0,8.0,2.0,8.0
-0.5333333333333333,-0.54,0.0579576816927323,0.9428571428571428,9.0,11.0,2.0,8.0
-0.54,-0.5266666666666666,0.03495860165593377,0.9428571428571428,9.0,11.0,2.0,8.0
-0.52,-0.5266666666666666,0.03812736379433713,0.9428571428571428,9.0,11.0,2.0,8.0
-0.49333333333333335,-0.5066666666666667,0.07233411306339299,0.9142857142857143,8.0,8.0,2.0,8.0
-0.49333333333333335,-0.5066666666666667,0.06652626456925195,0.9142857142857143,8.0,8.0,2.0,8.0
-0.5133333333333333,-0.5066666666666667,0.007391807174361327,0.9142857142857143,8.0,8.0,2.0,8.0
-0.5333333333333333,-0.5466666666666666,0.02483900643974242,0.9142857142857143,8.0,11.0,2.0,8.0
-0.52,-0.5266666666666666,0.018194827762445066,0.9428571428571428,9.0,11.0,2.0,8.0
-0.49333333333333335,-0.5,0.07814196155753403,0.9142857142857143,8.0,8.0,2.0,8.0
-0.5933333333333334,-0.52,0.06879280384340183,0.9428571428571428,9.0,11.0,2.0,8.0
-0.5333333333333333,-0.54,0.02330573443728918,0.9142857142857143,8.0,11.0,2.0,8.0
-0.5333333333333333,-0.54,0.012981702954104063,0.9428571428571428,9.0,11.0,2.0,8.0
-0.5333333333333333,-0.54,0.029336604313605238,0.9142857142857143,8.0,11.0,2.0,8.0
-0.5266666666666666,-0.54,0.010528467750178884,0.9428571428571428,9.0,11.0,2.0,8.0
-0.49333333333333335,-0.5066666666666667,0.08289383759819488,0.9142857142857143,8.0,8.0,2.0,8.0
-0.54,-0.54,0.012981702954104063,0.9428571428571428,9.0,11.0,2.0,8.0
-0.5266666666666666,-0.5133333333333333,0.014255628121982562,0.9142857142857143,8.0,8.0,2.0,8.0
-0.6066666666666667,-0.56,0.05591331902279466,0.9714285714285714,10.0,11.0,2.0,8.0
-0.49333333333333335,-0.5066666666666667,0.02217542152308398,0.9142857142857143,8.0,8.0,2.0,8.0
-0.5133333333333333,-0.5066666666666667,0.08289383759819488,0.9142857142857143,8.0,8.0,2.0,8.0
-0.54,-0.5133333333333333,0.07550203042383358,0.8857142857142857,7.0,8.0,2.0,8.0
-0.5133333333333333,-0.52,0.06879280384340183,0.9428571428571428,9.0,11.0,2.0,8.0
-0.5066666666666667,-0.5066666666666667,0.03379111851136607,0.9142857142857143,8.0,8.0,2.0,8.0
-0.5266666666666666,-0.5066666666666667,0.014255628121982562,0.9142857142857143,8.0,8.0,2.0,8.0
-0.5333333333333333,-0.52,0.06879280384340183,0.9428571428571428,9.0,11.0,2.0,8.0
-0.5266666666666666,-0.52,0.05080241234795055,0.9428571428571428,9.0,11.0,2.0,8.0
-0.49333333333333335,-0.5066666666666667,0.07233411306339299,0.9142857142857143,8.0,8.0,2.0,8.0
-0.49333333333333335,-0.5066666666666667,0.023759380203304262,0.9142857142857143,8.0,8.0,2.0,8.0
-0.5266666666666666,-0.5266666666666666,0.03495860165593377,0.9428571428571428,9.0,11.0,2.0,8.0
-0.5,-0.5133333333333333,0.08764571363885572,0.9142857142857143,8.0,8.0,2.0,8.0
-0.54,-0.5266666666666666,0.03812736379433713,0.9428571428571428,9.0,11.0,2.0,8.0
-0.5,-0.5066666666666667,0.017951531709163217,0.8857142857142857,7.0,8.0,2.0,8.0
-0.5333333333333333,-0.54,0.020648062966370236,0.9428571428571428,9.0,11.0,2.0,8.0
-0.58,-0.5466666666666666,0.015639374425023,0.9428571428571428,9.0,11.0,2.0,8.0
-0.5266666666666666,-0.52,0.03148318511703977,0.9428571428571428,9.0,11.0,2.0,8.0
-0.5533333333333333,-0.56,0.20106306858836762,0.9428571428571428,9.0,11.0,2.0,8.0
-0.5266666666666666,-0.5266666666666666,0.03495860165593377,0.9428571428571428,9.0,11.0,2.0,8.0
-0.5266666666666666,-0.5066666666666667,0.03379111851136607,0.8857142857142857,7.0,8.0,2.0,8.0
-0.49333333333333335,-0.5066666666666667,0.07127814060991279,0.9142857142857143,8.0,8.0,2.0,8.0
-0.5266666666666666,-0.5066666666666667,0.0406549394589873,0.9142857142857143,8.0,8.0,2.0,8.0
-0.49333333333333335,-0.5066666666666667,0.024815352656784456,0.9142857142857143,8.0,8.0,2.0,8.0
-0.49333333333333335,-0.5066666666666667,0.023759380203304262,0.9142857142857143,8.0,8.0,2.0,8.0
-0.5333333333333333,-0.54,0.021772462434835944,0.9428571428571428,9.0,11.0,2.0,8.0
-0.5266666666666666,-0.5133333333333333,0.04804674663334863,0.9142857142857143,8.0,8.0,2.0,8.0
-0.5,-0.5133333333333333,0.041182925685727394,0.8857142857142857,7.0,8.0,2.0,8.0
-0.5133333333333333,-0.5133333333333333,0.07233411306339299,0.8857142857142857,7.0,8.0,2.0,8.0
-0.5066666666666667,-0.5066666666666667,0.014255628121982562,0.9142857142857143,8.0,8.0,2.0,8.0
-0.5333333333333333,-0.54,0.02075028109986712,0.9428571428571428,9.0,11.0,2.0,8.0
-0.5066666666666667,-0.5066666666666667,0.013727641895242467,0.9142857142857143,8.0,8.0,2.0,8.0
-0.5333333333333333,-0.5466666666666666,0.02483900643974242,0.9142857142857143,8.0,11.0,2.0,8.0
-0.5,-0.5133333333333333,0.02534333888352455,0.9142857142857143,8.0,8.0,2.0,8.0
-0.6066666666666667,-0.5466666666666666,0.07237043851579272,0.9142857142857143,8.0,11.0,2.0,8.0
-0.5333333333333333,-0.52,0.07155269344781766,0.9714285714285714,10.0,11.0,2.0,8.0
-0.54,-0.5133333333333333,0.05385459512748969,0.8857142857142857,7.0,8.0,2.0,8.0
-0.5266666666666666,-0.5266666666666666,0.018194827762445066,0.9428571428571428,9.0,11.0,2.0,8.0
-0.5066666666666667,-0.5,0.04910271908682882,0.8857142857142857,7.0,8.0,2.0,8.0
-0.49333333333333335,-0.5066666666666667,0.07127814060991279,0.9142857142857143,8.0,8.0,2.0,8.0
-0.5333333333333333,-0.54,0.02075028109986712,0.9428571428571428,9.0,11.0,2.0,8.0
-0.5333333333333333,-0.54,0.010221813349688236,0.9428571428571428,9.0,11.0,2.0,8.0
-0.49333333333333335,-0.5066666666666667,0.07550203042383358,0.9142857142857143,8.0,8.0,2.0,8.0
-0.5,-0.5133333333333333,0.07233411306339299,0.8857142857142857,7.0,8.0,2.0,8.0
-0.5666666666666667,-0.5466666666666666,0.07237043851579272,0.9142857142857143,8.0,11.0,2.0,8.0
-0.5266666666666666,-0.52,0.03148318511703977,0.9428571428571428,9.0,11.0,2.0,8.0
-0.5333333333333333,-0.54,0.029336604313605238,0.9142857142857143,8.0,11.0,2.0,8.0
-0.5066666666666667,-0.5133333333333333,0.00791979340110142,0.9142857142857143,8.0,8.0,2.0,8.0
-0.5333333333333333,-0.5266666666666666,0.042113871000715536,0.9714285714285714,10.0,11.0,2.0,8.0
-0.5,-0.5066666666666667,0.014255628121982562,0.9142857142857143,8.0,8.0,2.0,8.0
-0.54,-0.54,0.02330573443728918,0.9142857142857143,8.0,11.0,2.0,8.0
-0.5333333333333333,-0.54,0.020648062966370236,0.9428571428571428,9.0,11.0,2.0,8.0
-0.5466666666666666,-0.54,0.02075028109986712,0.9428571428571428,9.0,11.0,2.0,8.0
-0.58,-0.52,0.03148318511703977,0.9428571428571428,9.0,11.0,2.0,8.0
-0.5333333333333333,-0.54,0.015026065624041707,0.9428571428571428,9.0,11.0,2.0,8.0
-0.5466666666666666,-0.54,0.020136972298885825,0.9428571428571428,9.0,11.0,2.0,8.0
-0.5533333333333333,-0.5466666666666666,0.07237043851579272,0.9142857142857143,8.0,11.0,2.0,8.0
-0.5333333333333333,-0.54,0.03352754778697742,0.9428571428571428,9.0,11.0,2.0,8.0
-0.5533333333333333,-0.56,0.05591331902279466,0.9714285714285714,10.0,11.0,2.0,8.0
-0.5,-0.5133333333333333,0.04804674663334863,0.9142857142857143,8.0,8.0,2.0,8.0
-0.5333333333333333,-0.54,0.02330573443728918,0.9428571428571428,9.0,11.0,2.0,8.0
-0.5266666666666666,-0.5266666666666666,0.018194827762445066,0.9428571428571428,9.0,11.0,2.0,8.0
-0.5333333333333333,-0.54,0.0579576816927323,0.9428571428571428,9.0,11.0,2.0,8.0
-0.5333333333333333,-0.5466666666666666,0.015639374425023,0.9428571428571428,9.0,11.0,2.0,8.0
-0.5133333333333333,-0.5066666666666667,0.060190429848370815,0.9142857142857143,8.0,8.0,2.0,8.0
-0.4866666666666667,-0.5,0.07708598910405386,0.9142857142857143,8.0,8.0,2.0,8.0
-0.4866666666666667,-0.5,0.04540681549964815,0.9142857142857143,8.0,8.0,2.0,8.0
-0.5,-0.5066666666666667,0.07708598910405386,0.9142857142857143,8.0,8.0,2.0,8.0
-0.54,-0.54,0.02075028109986712,0.9428571428571428,9.0,11.0,2.0,8.0
-0.5333333333333333,-0.54,0.015639374425023,0.9428571428571428,9.0,11.0,2.0,8.0
-0.5333333333333333,-0.5466666666666666,0.01655933762649494,0.9142857142857143,8.0,11.0,2.0,8.0
-0.49333333333333335,-0.5066666666666667,0.03379111851136607,0.9142857142857143,8.0,8.0,2.0,8.0
-0.5,-0.52,0.04910271908682882,0.9142857142857143,8.0,8.0,2.0,8.0
-0.5266666666666666,-0.5133333333333333,0.04804674663334863,0.9142857142857143,8.0,8.0,2.0,8.0
-0.54,-0.5466666666666666,0.05284677501788817,0.9142857142857143,8.0,11.0,2.0,8.0
-0.5,-0.5066666666666667,0.07233411306339299,0.9142857142857143,8.0,8.0,2.0,8.0
-0.5,-0.5066666666666667,0.01214368321502218,0.9142857142857143,8.0,8.0,2.0,8.0
-0.5066666666666667,-0.52,0.0406549394589873,0.8857142857142857,7.0,8.0,2.0,8.0
-0.5333333333333333,-0.54,0.04855361341101912,0.9428571428571428,9.0,11.0,2.0,8.0
-0.54,-0.54,0.020648062966370236,0.9428571428571428,9.0,11.0,2.0,8.0
-0.5333333333333333,-0.54,0.02330573443728918,0.9142857142857143,8.0,11.0,2.0,8.0
-0.54,-0.54,0.02075028109986712,0.9428571428571428,9.0,11.0,2.0,8.0
-0.52,-0.52,0.03148318511703977,0.9428571428571428,9.0,11.0,2.0,8.0
-0.5333333333333333,-0.5266666666666666,0.015332720024532355,0.9428571428571428,9.0,11.0,2.0,8.0
-0.5066666666666667,-0.5066666666666667,0.023759380203304262,0.9142857142857143,8.0,8.0,2.0,8.0
-0.5466666666666666,-0.56,0.05591331902279466,0.9714285714285714,10.0,11.0,2.0,8.0
-0.54,-0.54,0.015639374425023,0.9428571428571428,9.0,11.0,2.0,8.0
-0.5266666666666666,-0.5133333333333333,0.01900750416264341,0.8857142857142857,7.0,8.0,2.0,8.0
-0.4866666666666667,-0.5133333333333333,0.01953549038938351,0.8857142857142857,7.0,8.0,2.0,8.0
-0.5066666666666667,-0.5133333333333333,0.07550203042383358,0.8857142857142857,7.0,8.0,2.0,8.0
-0.5533333333333333,-0.5466666666666666,0.030972094449555357,0.9142857142857143,8.0,11.0,2.0,8.0
-0.5466666666666666,-0.5466666666666666,0.022692425636307884,0.9428571428571428,9.0,11.0,2.0,8.0
-0.5333333333333333,-0.54,0.02075028109986712,0.9428571428571428,9.0,11.0,2.0,8.0
-0.5333333333333333,-0.54,0.01809260962894818,0.9428571428571428,9.0,11.0,2.0,8.0
-0.5533333333333333,-0.54,0.03240314831851171,0.9428571428571428,9.0,11.0,2.0,8.0
-0.49333333333333335,-0.5066666666666667,0.08289383759819488,0.8857142857142857,7.0,8.0,2.0,8.0
-0.4866666666666667,-0.5,0.017423545482423128,0.9142857142857143,8.0,8.0,2.0,8.0
-0.5133333333333333,-0.5133333333333333,0.00791979340110142,0.9142857142857143,8.0,8.0,2.0,8.0
-0.54,-0.5466666666666666,0.01655933762649494,0.9142857142857143,8.0,11.0,2.0,8.0
-0.54,-0.54,0.015639374425023,0.9428571428571428,9.0,11.0,2.0,8.0
-0.49333333333333335,-0.5133333333333333,0.08764571363885572,0.9142857142857143,8.0,8.0,2.0,8.0
-0.5,-0.5066666666666667,0.0406549394589873,0.9142857142857143,8.0,8.0,2.0,8.0
-0.49333333333333335,-0.5066666666666667,0.07127814060991279,0.9142857142857143,8.0,8.0,2.0,8.0
-0.5333333333333333,-0.5466666666666666,0.05284677501788817,0.9142857142857143,8.0,11.0,2.0,8.0
-0.5533333333333333,-0.5466666666666666,0.07237043851579272,0.9142857142857143,8.0,11.0,2.0,8.0
-0.5,-0.5133333333333333,0.07233411306339299,0.8857142857142857,7.0,8.0,2.0,8.0
-0.5333333333333333,-0.52,0.07155269344781766,0.9714285714285714,10.0,11.0,2.0,8.0
-0.49333333333333335,-0.5066666666666667,0.013727641895242467,0.9142857142857143,8.0,8.0,2.0,8.0
-0.52,-0.52,0.03148318511703977,0.9428571428571428,9.0,11.0,2.0,8.0
-0.5333333333333333,-0.5466666666666666,0.022692425636307884,0.9428571428571428,9.0,11.0,2.0,8.0
-0.52,-0.52,0.05080241234795055,0.9428571428571428,9.0,11.0,2.0,8.0
-0.5,-0.5,0.017423545482423128,0.9142857142857143,8.0,8.0,2.0,8.0
-0.5733333333333334,-0.56,0.05591331902279466,0.9714285714285714,10.0,11.0,2.0,8.0
-0.5,-0.5066666666666667,0.007391807174361327,0.9142857142857143,8.0,8.0,2.0,8.0
-0.5533333333333333,-0.56,0.036491873658387006,0.9714285714285714,10.0,11.0,2.0,8.0
-0.5466666666666666,-0.54,0.015639374425023,0.9428571428571428,9.0,11.0,2.0,8.0
-0.5333333333333333,-0.5466666666666666,0.015639374425023,0.9428571428571428,9.0,11.0,2.0,8.0
-0.5266666666666666,-0.5266666666666666,0.03495860165593377,0.9428571428571428,9.0,11.0,2.0,8.0
-0.49333333333333335,-0.5066666666666667,0.01214368321502218,0.9142857142857143,8.0,8.0,2.0,8.0
-0.54,-0.54,0.030665440049064716,0.9428571428571428,9.0,11.0,2.0,8.0
-0.5333333333333333,-0.5266666666666666,0.015332720024532355,0.9428571428571428,9.0,11.0,2.0,8.0
-0.5133333333333333,-0.52,0.06879280384340183,0.9428571428571428,9.0,11.0,2.0,8.0
-0.5266666666666666,-0.5133333333333333,0.01900750416264341,0.8857142857142857,7.0,8.0,2.0,8.0
-0.49333333333333335,-0.5066666666666667,0.01214368321502218,0.9142857142857143,8.0,8.0,2.0,8.0
-0.5066666666666667,-0.52,0.04910271908682882,0.9142857142857143,8.0,8.0,2.0,8.0
-0.5333333333333333,-0.5266666666666666,0.03495860165593377,0.9428571428571428,9.0,11.0,2.0,8.0
-0.49333333333333335,-0.5066666666666667,0.014255628121982562,0.9142857142857143,8.0,8.0,2.0,8.0
-0.5533333333333333,-0.54,0.012981702954104063,0.9428571428571428,9.0,11.0,2.0,8.0
-0.48,-0.49333333333333335,0.0311511873776656,0.9142857142857143,8.0,8.0,2.0,8.0
-0.5333333333333333,-0.54,0.020136972298885825,0.9428571428571428,9.0,11.0,2.0,8.0
-0.5,-0.5066666666666667,0.07708598910405386,0.9142857142857143,8.0,8.0,2.0,8.0
-0.56,-0.54,0.04855361341101912,0.9428571428571428,9.0,11.0,2.0,8.0
-0.5266666666666666,-0.54,0.030665440049064716,0.9428571428571428,9.0,11.0,2.0,8.0
-0.5266666666666666,-0.5066666666666667,0.035375077191586356,0.9142857142857143,8.0,8.0,2.0,8.0
-0.5133333333333333,-0.52,0.05080241234795055,0.9428571428571428,9.0,11.0,2.0,8.0
-0.5333333333333333,-0.54,0.030665440049064716,0.9428571428571428,9.0,11.0,2.0,8.0
-0.5933333333333334,-0.56,0.20106306858836762,0.9428571428571428,9.0,11.0,2.0,8.0
-0.5466666666666666,-0.54,0.029336604313605238,0.9142857142857143,8.0,11.0,2.0,8.0
-0.52,-0.52,0.06879280384340183,0.9428571428571428,9.0,11.0,2.0,8.0
-0.49333333333333335,-0.5066666666666667,0.08289383759819488,0.9142857142857143,8.0,8.0,2.0,8.0
-0.49333333333333335,-0.5066666666666667,0.03379111851136607,0.8857142857142857,7.0,8.0,2.0,8.0
-0.49333333333333335,-0.5066666666666667,0.013727641895242467,0.9142857142857143,8.0,8.0,2.0,8.0
-0.5266666666666666,-0.5066666666666667,0.035375077191586356,0.9142857142857143,8.0,8.0,2.0,8.0
-0.5066666666666667,-0.5133333333333333,0.00791979340110142,0.9142857142857143,8.0,8.0,2.0,8.0
-0.5,-0.5133333333333333,0.03167917360440568,0.9142857142857143,8.0,8.0,2.0,8.0
-0.5133333333333333,-0.5066666666666667,0.03748702209854673,0.9142857142857143,8.0,8.0,2.0,8.0
-0.5,-0.5066666666666667,0.0718061268366529,0.9142857142857143,8.0,8.0,2.0,8.0
-0.5133333333333333,-0.5133333333333333,0.088623121741797,0.9714285714285714,10.0,11.0,2.0,8.0
-0.5333333333333333,-0.56,0.20106306858836762,0.9428571428571428,9.0,11.0,2.0,8.0
-0.5333333333333333,-0.54,0.015026065624041707,0.9428571428571428,9.0,11.0,2.0,8.0
-0.5266666666666666,-0.52,0.03148318511703977,0.9428571428571428,9.0,11.0,2.0,8.0
-0.52,-0.5266666666666666,0.042113871000715536,0.9714285714285714,10.0,11.0,2.0,8.0
-0.5133333333333333,-0.5133333333333333,0.04910271908682882,0.9142857142857143,8.0,8.0,2.0,8.0
-0.54,-0.54,0.0579576816927323,0.9428571428571428,9.0,11.0,2.0,8.0
-0.54,-0.5466666666666666,0.01655933762649494,0.9142857142857143,8.0,11.0,2.0,8.0
-0.49333333333333335,-0.5,0.029567228697445307,0.8857142857142857,7.0,8.0,2.0,8.0
-0.5533333333333333,-0.5466666666666666,0.030972094449555357,0.9142857142857143,8.0,11.0,2.0,8.0
-0.49333333333333335,-0.5066666666666667,0.014255628121982562,0.9142857142857143,8.0,8.0,2.0,8.0
-0.58,-0.5733333333333334,0.09455177348461619,0.9142857142857143,8.0,11.0,2.0,8.0
-0.54,-0.54,0.015639374425023,0.9428571428571428,9.0,11.0,2.0,8.0
-0.5266666666666666,-0.5066666666666667,0.07708598910405386,0.9142857142857143,8.0,8.0,2.0,8.0
-0.54,-0.54,0.021772462434835944,0.9428571428571428,9.0,11.0,2.0,8.0
-0.54,-0.52,0.0406549394589873,0.8857142857142857,7.0,8.0,2.0,8.0
-0.5466666666666666,-0.54,0.04855361341101912,0.9428571428571428,9.0,11.0,2.0,8.0
-0.5066666666666667,-0.5066666666666667,0.017423545482423128,0.9142857142857143,8.0,8.0,2.0,8.0
-0.5533333333333333,-0.5466666666666666,0.030972094449555357,0.9142857142857143,8.0,11.0,2.0,8.0
-0.49333333333333335,-0.5066666666666667,0.07761397533079395,0.9142857142857143,8.0,8.0,2.0,8.0
-0.54,-0.5466666666666666,0.01655933762649494,0.9142857142857143,8.0,11.0,2.0,8.0
-0.5266666666666666,-0.52,0.03148318511703977,0.9428571428571428,9.0,11.0,2.0,8.0
-0.5,-0.5133333333333333,0.01953549038938351,0.8857142857142857,7.0,8.0,2.0,8.0
-0.5066666666666667,-0.5133333333333333,0.08764571363885572,0.9142857142857143,8.0,8.0,2.0,8.0
-0.5266666666666666,-0.5066666666666667,0.07127814060991279,0.9142857142857143,8.0,8.0,2.0,8.0
-0.5266666666666666,-0.54,0.020136972298885825,0.9428571428571428,9.0,11.0,2.0,8.0
-0.5466666666666666,-0.54,0.027803332311152004,0.9428571428571428,9.0,11.0,2.0,8.0
-0.5,-0.5066666666666667,0.034847090964846256,0.9142857142857143,8.0,8.0,2.0,8.0
-0.5133333333333333,-0.5133333333333333,0.014255628121982562,0.9142857142857143,8.0,8.0,2.0,8.0
-0.54,-0.5266666666666666,0.03495860165593377,0.9428571428571428,9.0,11.0,2.0,8.0
-0.5133333333333333,-0.52,0.05080241234795055,0.9428571428571428,9.0,11.0,2.0,8.0
-0.5266666666666666,-0.5066666666666667,0.035375077191586356,0.9142857142857143,8.0,8.0,2.0,8.0
-0.5266666666666666,-0.5,0.09345356213299678,0.9142857142857143,8.0,8.0,2.0,8.0
-0.5133333333333333,-0.5133333333333333,0.00791979340110142,0.9142857142857143,8.0,8.0,2.0,8.0
-0.5933333333333334,-0.5733333333333334,0.09455177348461619,0.9142857142857143,8.0,11.0,2.0,8.0
-0.5133333333333333,-0.5066666666666667,0.030623201150925507,0.9142857142857143,8.0,8.0,2.0,8.0
-0.5333333333333333,-0.54,0.015639374425023,0.9428571428571428,9.0,11.0,2.0,8.0
-0.5333333333333333,-0.54,0.03240314831851171,0.9428571428571428,9.0,11.0,2.0,8.0
-0.5466666666666666,-0.54,0.021772462434835944,0.9428571428571428,9.0,11.0,2.0,8.0
-0.5266666666666666,-0.5133333333333333,0.023231393976564173,0.9142857142857143,8.0,8.0,2.0,8.0
-0.5333333333333333,-0.54,0.027803332311152004,0.9428571428571428,9.0,11.0,2.0,8.0
-0.49333333333333335,-0.5066666666666667,0.060190429848370815,0.9142857142857143,8.0,8.0,2.0,8.0
-0.5333333333333333,-0.54,0.03352754778697742,0.9428571428571428,9.0,11.0,2.0,8.0
-0.5,-0.5133333333333333,0.04910271908682882,0.9142857142857143,8.0,8.0,2.0,8.0
-0.5266666666666666,-0.5266666666666666,0.03748702209854673,0.8857142857142857,7.0,8.0,2.0,8.0
-0.5466666666666666,-0.54,0.012981702954104063,0.9428571428571428,9.0,11.0,2.0,8.0
-0.5133333333333333,-0.5133333333333333,0.01953549038938351,0.8857142857142857,7.0,8.0,2.0,8.0
-0.5133333333333333,-0.5066666666666667,0.016367573028942938,0.9142857142857143,8.0,8.0,2.0,8.0
-0.49333333333333335,-0.5066666666666667,0.08289383759819488,0.8857142857142857,7.0,8.0,2.0,8.0
-0.5466666666666666,-0.54,0.030665440049064716,0.9428571428571428,9.0,11.0,2.0,8.0
-0.5,-0.5,0.029567228697445307,0.8857142857142857,7.0,8.0,2.0,8.0
-0.5333333333333333,-0.54,0.020136972298885825,0.9428571428571428,9.0,11.0,2.0,8.0
-0.5533333333333333,-0.54,0.029336604313605238,0.9142857142857143,8.0,11.0,2.0,8.0
-0.52,-0.5266666666666666,0.03812736379433713,0.9428571428571428,9.0,11.0,2.0,8.0
-0.49333333333333335,-0.5066666666666667,0.08289383759819488,0.9142857142857143,8.0,8.0,2.0,8.0
-0.49333333333333335,-0.5066666666666667,0.035375077191586356,0.9142857142857143,8.0,8.0,2.0,8.0
-0.5466666666666666,-0.56,0.036491873658387006,0.9714285714285714,10.0,11.0,2.0,8.0
-0.5533333333333333,-0.54,0.021772462434835944,0.9428571428571428,9.0,11.0,2.0,8.0
-0.5866666666666667,-0.54,0.010528467750178884,0.9428571428571428,9.0,11.0,2.0,8.0
-0.5333333333333333,-0.54,0.02075028109986712,0.9428571428571428,9.0,11.0,2.0,8.0
-0.5133333333333333,-0.5066666666666667,0.08289383759819488,0.9142857142857143,8.0,8.0,2.0,8.0
-0.4866666666666667,-0.5066666666666667,0.07603001665057364,0.9142857142857143,8.0,8.0,2.0,8.0
-0.5266666666666666,-0.5266666666666666,0.0047518760406608535,0.9142857142857143,8.0,8.0,2.0,8.0
-0.5333333333333333,-0.5266666666666666,0.028825513646120828,0.9428571428571428,9.0,11.0,2.0,8.0
-0.5,-0.5066666666666667,0.03379111851136607,0.8857142857142857,7.0,8.0,2.0,8.0
-0.49333333333333335,-0.5066666666666667,0.030623201150925507,0.9142857142857143,8.0,8.0,2.0,8.0
-0.5333333333333333,-0.54,0.027803332311152004,0.9428571428571428,9.0,11.0,2.0,8.0
-0.5133333333333333,-0.5133333333333333,0.07550203042383358,0.8857142857142857,7.0,8.0,2.0,8.0
-0.5266666666666666,-0.54,0.030665440049064716,0.9428571428571428,9.0,11.0,2.0,8.0
-0.54,-0.52,0.03148318511703977,0.9428571428571428,9.0,11.0,2.0,8.0
-0.5,-0.49333333333333335,0.0311511873776656,0.9142857142857143,8.0,8.0,2.0,8.0
-0.5333333333333333,-0.54,0.010528467750178884,0.9428571428571428,9.0,11.0,2.0,8.0
-0.54,-0.5466666666666666,0.02483900643974242,0.9142857142857143,8.0,11.0,2.0,8.0
-0.4866666666666667,-0.5066666666666667,0.007391807174361327,0.9142857142857143,8.0,8.0,2.0,8.0
-0.54,-0.54,0.020443626699376473,0.9428571428571428,9.0,11.0,2.0,8.0
-0.5066666666666667,-0.5066666666666667,0.01214368321502218,0.9142857142857143,8.0,8.0,2.0,8.0
-0.5066666666666667,-0.5133333333333333,0.06863820947621233,0.9142857142857143,8.0,8.0,2.0,8.0
-0.5266666666666666,-0.52,0.03148318511703977,0.9428571428571428,9.0,11.0,2.0,8.0
-0.5,-0.5066666666666667,0.01319965566850237,0.8857142857142857,7.0,8.0,2.0,8.0
-0.49333333333333335,-0.5066666666666667,0.016367573028942938,0.9142857142857143,8.0,8.0,2.0,8.0
-0.54,-0.54,0.015026065624041707,0.9428571428571428,9.0,11.0,2.0,8.0
-0.5466666666666666,-0.5466666666666666,0.07237043851579272,0.9142857142857143,8.0,11.0,2.0,8.0
-0.5533333333333333,-0.56,0.05591331902279466,0.9714285714285714,10.0,11.0,2.0,8.0
-0.4866666666666667,-0.5066666666666667,0.07761397533079395,0.9142857142857143,8.0,8.0,2.0,8.0
-0.5333333333333333,-0.54,0.0579576816927323,0.9428571428571428,9.0,11.0,2.0,8.0
-0.49333333333333335,-0.5066666666666667,0.06652626456925195,0.9142857142857143,8.0,8.0,2.0,8.0
-0.5333333333333333,-0.54,0.015026065624041707,0.9428571428571428,9.0,11.0,2.0,8.0
-0.49333333333333335,-0.5066666666666667,0.07603001665057364,0.9142857142857143,8.0,8.0,2.0,8.0
-0.5066666666666667,-0.5066666666666667,0.03748702209854673,0.9142857142857143,8.0,8.0,2.0,8.0
-0.5266666666666666,-0.54,0.03352754778697742,0.9428571428571428,9.0,11.0,2.0,8.0
-0.5266666666666666,-0.5,0.09345356213299678,0.9142857142857143,8.0,8.0,2.0,8.0
-0.5133333333333333,-0.5133333333333333,0.00791979340110142,0.9142857142857143,8.0,8.0,2.0,8.0
-0.5466666666666666,-0.5466666666666666,0.07237043851579272,0.9142857142857143,8.0,11.0,2.0,8.0
-0.5333333333333333,-0.5266666666666666,0.03495860165593377,0.9428571428571428,9.0,11.0,2.0,8.0
-0.5266666666666666,-0.5266666666666666,0.03812736379433713,0.9428571428571428,9.0,11.0,2.0,8.0
-0.54,-0.54,0.029336604313605238,0.9142857142857143,8.0,11.0,2.0,8.0
-0.5466666666666666,-0.54,0.02831442297863642,0.9428571428571428,9.0,11.0,2.0,8.0
-0.5066666666666667,-0.5066666666666667,0.07127814060991279,0.9142857142857143,8.0,8.0,2.0,8.0
-0.5333333333333333,-0.54,0.012981702954104063,0.9428571428571428,9.0,11.0,2.0,8.0
-0.5266666666666666,-0.5066666666666667,0.01319965566850237,0.8857142857142857,7.0,8.0,2.0,8.0
-0.5066666666666667,-0.5133333333333333,0.023231393976564173,0.9142857142857143,8.0,8.0,2.0,8.0
-0.5,-0.5133333333333333,0.04804674663334863,0.9142857142857143,8.0,8.0,2.0,8.0
-0.4866666666666667,-0.5,0.04540681549964815,0.9142857142857143,8.0,8.0,2.0,8.0
-0.49333333333333335,-0.5066666666666667,0.07127814060991279,0.9142857142857143,8.0,8.0,2.0,8.0
-0.49333333333333335,-0.5066666666666667,0.0406549394589873,0.9142857142857143,8.0,8.0,2.0,8.0
-0.5333333333333333,-0.54,0.015639374425023,0.9428571428571428,9.0,11.0,2.0,8.0
-0.5266666666666666,-0.54,0.015639374425023,0.9428571428571428,9.0,11.0,2.0,8.0
-0.5133333333333333,-0.52,0.06879280384340183,0.9428571428571428,9.0,11.0,2.0,8.0
-0.5333333333333333,-0.54,0.015639374425023,0.9428571428571428,9.0,11.0,2.0,8.0
-0.5266666666666666,-0.56,0.20106306858836762,0.9428571428571428,9.0,11.0,2.0,8.0
-0.52,-0.5266666666666666,0.0047518760406608535,0.9142857142857143,8.0,8.0,2.0,8.0
-0.5533333333333333,-0.54,0.02075028109986712,0.9428571428571428,9.0,11.0,2.0,8.0
-0.5933333333333334,-0.52,0.03148318511703977,0.9428571428571428,9.0,11.0,2.0,8.0
-0.5,-0.5133333333333333,0.03167917360440568,0.9142857142857143,8.0,8.0,2.0,8.0
-0.5133333333333333,-0.52,0.07155269344781766,0.9714285714285714,10.0,11.0,2.0,8.0
-0.54,-0.54,0.028825513646120828,0.9428571428571428,9.0,11.0,2.0,8.0
-0.52,-0.5266666666666666,0.0047518760406608535,0.9142857142857143,8.0,8.0,2.0,8.0
-0.5333333333333333,-0.54,0.020136972298885825,0.9428571428571428,9.0,11.0,2.0,8.0
-0.52,-0.52,0.07155269344781766,0.9714285714285714,10.0,11.0,2.0,8.0
-0.5466666666666666,-0.5466666666666666,0.07237043851579272,0.9142857142857143,8.0,11.0,2.0,8.0
-0.54,-0.54,0.03240314831851171,0.9428571428571428,9.0,11.0,2.0,8.0
-0.5866666666666667,-0.5466666666666666,0.022692425636307884,0.9428571428571428,9.0,11.0,2.0,8.0
-0.5266666666666666,-0.5066666666666667,0.0406549394589873,0.9142857142857143,8.0,8.0,2.0,8.0
-0.5333333333333333,-0.5466666666666666,0.015639374425023,0.9428571428571428,9.0,11.0,2.0,8.0
-0.54,-0.54,0.029336604313605238,0.9142857142857143,8.0,11.0,2.0,8.0
-0.5333333333333333,-0.54,0.015639374425023,0.9428571428571428,9.0,11.0,2.0,8.0
-0.54,-0.5133333333333333,0.06863820947621233,0.9142857142857143,8.0,8.0,2.0,8.0
-0.49333333333333335,-0.5,0.07708598910405386,0.9142857142857143,8.0,8.0,2.0,8.0
-0.5,-0.5066666666666667,0.017951531709163224,0.9142857142857143,8.0,8.0,2.0,8.0
-0.5466666666666666,-0.5466666666666666,0.05284677501788817,0.9142857142857143,8.0,11.0,2.0,8.0
-0.52,-0.52,0.05080241234795055,0.9428571428571428,9.0,11.0,2.0,8.0
-0.4866666666666667,-0.5133333333333333,0.01953549038938351,0.8857142857142857,7.0,8.0,2.0,8.0
-0.5333333333333333,-0.54,0.03342532965348054,0.9142857142857143,8.0,11.0,2.0,8.0
-0.5133333333333333,-0.5066666666666667,0.013727641895242467,0.9142857142857143,8.0,8.0,2.0,8.0
-0.54,-0.5466666666666666,0.02483900643974242,0.9142857142857143,8.0,11.0,2.0,8.0
-0.5266666666666666,-0.5133333333333333,0.00791979340110142,0.9142857142857143,8.0,8.0,2.0,8.0
-0.5266666666666666,-0.5133333333333333,0.08764571363885572,0.9142857142857143,8.0,8.0,2.0,8.0
-0.4866666666666667,-0.5,0.04910271908682882,0.8857142857142857,7.0,8.0,2.0,8.0
-0.5733333333333334,-0.5733333333333334,0.09455177348461619,0.9142857142857143,8.0,11.0,2.0,8.0
-0.5333333333333333,-0.5466666666666666,0.013492793621588471,0.9428571428571428,9.0,11.0,2.0,8.0
-0.54,-0.52,0.024815352656784456,0.9142857142857143,8.0,8.0,2.0,8.0
-0.5,-0.5066666666666667,0.016367573028942938,0.9142857142857143,8.0,8.0,2.0,8.0
-0.54,-0.54,0.030665440049064716,0.9428571428571428,9.0,11.0,2.0,8.0
-0.5,-0.5133333333333333,0.01900750416264341,0.8857142857142857,7.0,8.0,2.0,8.0
-0.5266666666666666,-0.54,0.020136972298885825,0.9428571428571428,9.0,11.0,2.0,8.0
-0.5066666666666667,-0.5133333333333333,0.00791979340110142,0.9142857142857143,8.0,8.0,2.0,8.0
-0.5933333333333334,-0.54,0.0579576816927323,0.9428571428571428,9.0,11.0,2.0,8.0
-0.54,-0.54,0.02075028109986712,0.9428571428571428,9.0,11.0,2.0,8.0
-0.5533333333333333,-0.5066666666666667,0.017888173361954415,0.9714285714285714,10.0,11.0,2.0,9.0
-0.4866666666666667,-0.5,0.04223889813920759,0.9142857142857143,8.0,8.0,2.0,9.0
-0.5066666666666667,-0.5066666666666667,0.020443626699376476,0.9142857142857143,8.0,11.0,2.0,9.0
-0.5066666666666667,-0.5066666666666667,0.050904630481447416,0.9142857142857143,8.0,11.0,2.0,9.0
-0.5066666666666667,-0.5066666666666667,0.020443626699376473,0.9142857142857143,8.0,11.0,2.0,9.0
-0.5133333333333333,-0.5133333333333333,0.017888173361954415,0.9714285714285714,10.0,11.0,2.0,9.0
-0.4866666666666667,-0.5,0.039598967005507114,0.9142857142857143,8.0,8.0,2.0,9.0
-0.49333333333333335,-0.5,0.02217542152308398,0.8857142857142857,7.0,8.0,2.0,9.0
-0.5133333333333333,-0.5133333333333333,0.017070428293979357,0.9428571428571428,9.0,11.0,2.0,9.0
-0.5066666666666667,-0.5066666666666667,0.025758969641214356,0.9142857142857143,8.0,11.0,2.0,9.0
-0.4866666666666667,-0.5,0.04910271908682882,0.9142857142857143,8.0,8.0,2.0,9.0
-0.56,-0.5533333333333333,0.04160278033323112,0.9428571428571428,9.0,11.0,2.0,9.0
-0.48,-0.5,0.08394981005167511,0.9142857142857143,8.0,8.0,2.0,9.0
-0.5133333333333333,-0.5,0.06652626456925195,0.9142857142857143,8.0,8.0,2.0,9.0
-0.49333333333333335,-0.49333333333333335,0.020063476616123604,0.9142857142857143,8.0,8.0,2.0,9.0
-0.49333333333333335,-0.5,0.05438258135422976,0.9142857142857143,8.0,8.0,2.0,9.0
-0.5,-0.5,0.017423545482423128,0.9142857142857143,8.0,8.0,2.0,9.0
-0.5133333333333333,-0.5133333333333333,0.017888173361954415,0.9714285714285714,10.0,11.0,2.0,9.0
-0.5,-0.5066666666666667,0.012777266687110293,0.9428571428571428,9.0,11.0,2.0,9.0
-0.4866666666666667,-0.49333333333333335,0.0406549394589873,0.9142857142857143,8.0,8.0,2.0,9.0
-0.5066666666666667,-0.5066666666666667,0.00735970561177553,0.9142857142857143,8.0,11.0,2.0,9.0
-0.52,-0.52,0.05294899315138507,0.9714285714285714,10.0,11.0,2.0,9.0
-0.5066666666666667,-0.49333333333333335,0.02217542152308398,0.9142857142857143,8.0,8.0,2.0,9.0
-0.5,-0.5066666666666667,0.03454972912194624,0.9142857142857143,8.0,11.0,2.0,9.0
-0.5,-0.5133333333333333,0.01655933762649494,0.9142857142857143,8.0,11.0,2.0,9.0
-0.5133333333333333,-0.5066666666666667,0.022692425636307887,0.9142857142857143,8.0,11.0,2.0,9.0
-0.48,-0.49333333333333335,0.0840233057344373,0.9428571428571428,9.0,11.0,2.0,9.0
-0.5266666666666666,-0.5066666666666667,0.03454972912194624,0.9142857142857143,8.0,11.0,2.0,9.0
-0.5266666666666666,-0.5066666666666667,0.08432996013492795,0.9142857142857143,8.0,11.0,2.0,9.0
-0.49333333333333335,-0.5,0.02798327001722503,0.9142857142857143,8.0,8.0,2.0,9.0
-0.49333333333333335,-0.49333333333333335,0.02217542152308398,0.9142857142857143,8.0,8.0,2.0,9.0
-0.5,-0.5133333333333333,0.01809260962894818,0.9142857142857143,8.0,11.0,2.0,9.0
-0.5066666666666667,-0.5066666666666667,0.00735970561177553,0.9142857142857143,8.0,11.0,2.0,9.0
-0.5066666666666667,-0.5133333333333333,0.0628303609820713,0.9142857142857143,8.0,8.0,2.0,9.0
-0.5133333333333333,-0.5066666666666667,0.00735970561177553,0.9142857142857143,8.0,11.0,2.0,9.0
-0.5,-0.5066666666666667,0.023816825104773592,0.9142857142857143,8.0,11.0,2.0,9.0
-0.5,-0.5066666666666667,0.039047326995809054,0.9714285714285714,10.0,11.0,2.0,9.0
-0.5133333333333333,-0.5066666666666667,0.025554533374220593,0.9428571428571428,9.0,11.0,2.0,9.0
-0.5066666666666667,-0.5066666666666667,0.012777266687110293,0.9428571428571428,9.0,11.0,2.0,9.0
-0.4866666666666667,-0.5,0.01953549038938351,0.9142857142857143,8.0,8.0,2.0,9.0
-0.48,-0.49333333333333335,0.08025390646449442,0.9142857142857143,8.0,8.0,2.0,9.0
-0.5133333333333333,-0.5,0.02798327001722503,0.9142857142857143,8.0,8.0,2.0,9.0
-0.4866666666666667,-0.49333333333333335,0.02217542152308398,0.9142857142857143,8.0,8.0,2.0,9.0
-0.5333333333333333,-0.5266666666666666,0.03066544004906471,0.9428571428571428,9.0,11.0,2.0,9.0
-0.49333333333333335,-0.49333333333333335,0.07603001665057366,0.9142857142857143,8.0,8.0,2.0,9.0
-0.5133333333333333,-0.49333333333333335,0.05491056758096987,0.9142857142857143,8.0,8.0,2.0,9.0
-0.5,-0.5,0.048574732860088725,0.9142857142857143,8.0,8.0,2.0,9.0
-0.5266666666666666,-0.5133333333333333,0.048349177144025354,0.9714285714285714,10.0,11.0,2.0,9.0
-0.5066666666666667,-0.5133333333333333,0.01655933762649494,0.9142857142857143,8.0,11.0,2.0,9.0
-0.5666666666666667,-0.5066666666666667,0.022692425636307887,0.9142857142857143,8.0,11.0,2.0,9.0
-0.5,-0.52,0.02534333888352455,0.9142857142857143,8.0,8.0,2.0,9.0
-0.5133333333333333,-0.5066666666666667,0.00735970561177553,0.9142857142857143,8.0,11.0,2.0,9.0
-0.54,-0.5533333333333333,0.04160278033323112,0.9428571428571428,9.0,11.0,2.0,9.0
-0.5,-0.5066666666666667,0.11376878258203009,0.9142857142857143,8.0,11.0,2.0,9.0
-0.5133333333333333,-0.5066666666666667,0.00735970561177553,0.9142857142857143,8.0,11.0,2.0,9.0
-0.5066666666666667,-0.5,0.08394981005167511,0.9142857142857143,8.0,8.0,2.0,9.0
-0.5266666666666666,-0.5,0.07814196155753403,0.9142857142857143,8.0,8.0,2.0,9.0
-0.48,-0.5,0.07708598910405386,0.9142857142857143,8.0,8.0,2.0,9.0
-0.5066666666666667,-0.5133333333333333,0.08770315854032507,0.9714285714285714,10.0,11.0,2.0,9.0
-0.5266666666666666,-0.5066666666666667,0.016367573028942938,0.9142857142857143,8.0,8.0,2.0,9.0
-0.5133333333333333,-0.5133333333333333,0.017888173361954415,0.9428571428571428,9.0,11.0,2.0,9.0
-0.5066666666666667,-0.52,0.07737912705713995,0.9714285714285714,10.0,11.0,2.0,9.0
-0.4866666666666667,-0.49333333333333335,0.02217542152308398,0.9142857142857143,8.0,8.0,2.0,9.0
-0.49333333333333335,-0.5066666666666667,0.041182925685727394,0.9142857142857143,8.0,8.0,2.0,9.0
-0.4866666666666667,-0.49333333333333335,0.02217542152308398,0.9142857142857143,8.0,8.0,2.0,9.0
-0.54,-0.5066666666666667,0.02483900643974242,0.9142857142857143,8.0,11.0,2.0,9.0
-0.5266666666666666,-0.5,0.06441431966229157,0.9142857142857143,8.0,8.0,2.0,9.0
-0.48,-0.49333333333333335,0.0406549394589873,0.9142857142857143,8.0,8.0,2.0,9.0
-0.5,-0.5066666666666667,0.050904630481447416,0.9142857142857143,8.0,11.0,2.0,9.0
-0.5133333333333333,-0.5066666666666667,0.025758969641214356,0.9142857142857143,8.0,11.0,2.0,9.0
-0.5133333333333333,-0.5,0.039598967005507114,0.8857142857142857,7.0,8.0,2.0,9.0
-0.5,-0.5066666666666667,0.11376878258203009,0.9142857142857143,8.0,11.0,2.0,9.0
-0.49333333333333335,-0.5066666666666667,0.06652626456925197,0.9142857142857143,8.0,8.0,2.0,9.0
-0.5066666666666667,-0.5066666666666667,0.039047326995809054,0.9714285714285714,10.0,11.0,2.0,9.0
-0.5066666666666667,-0.5066666666666667,0.04017172646427478,0.9714285714285714,10.0,11.0,2.0,9.0
-0.5066666666666667,-0.49333333333333335,0.039598967005507114,0.8857142857142857,7.0,8.0,2.0,9.0
-0.4866666666666667,-0.5,0.02798327001722503,0.9142857142857143,8.0,8.0,2.0,9.0
-0.5133333333333333,-0.5133333333333333,0.02330573443728918,0.9714285714285714,10.0,11.0,2.0,9.0
-0.5,-0.5066666666666667,0.012777266687110296,0.9142857142857143,8.0,11.0,2.0,9.0
-0.56,-0.5533333333333333,0.04160278033323112,0.9428571428571428,9.0,11.0,2.0,9.0
-0.4866666666666667,-0.49333333333333335,0.12249280460370202,0.9142857142857143,8.0,8.0,2.0,9.0
-0.4866666666666667,-0.5,0.11193308006890008,0.9142857142857143,8.0,8.0,2.0,9.0
-0.4666666666666667,-0.4866666666666667,0.0047518760406608535,0.9142857142857143,8.0,8.0,2.0,9.0
-0.49333333333333335,-0.5,0.035375077191586356,0.9142857142857143,8.0,8.0,2.0,9.0
-0.5066666666666667,-0.5133333333333333,0.01953549038938351,0.9142857142857143,8.0,8.0,2.0,9.0
-0.5,-0.5066666666666667,0.039047326995809054,0.9714285714285714,10.0,11.0,2.0,9.0
-0.54,-0.52,0.03748702209854673,0.9142857142857143,8.0,8.0,2.0,9.0
-0.48,-0.5,0.03379111851136607,0.9142857142857143,8.0,8.0,2.0,9.0
-0.4866666666666667,-0.5,0.03748702209854673,0.9142857142857143,8.0,8.0,2.0,9.0
-0.52,-0.5066666666666667,0.028927731779617716,0.9714285714285714,10.0,11.0,2.0,9.0
-0.5,-0.5066666666666667,0.016367573028942938,0.9142857142857143,8.0,8.0,2.0,9.0
-0.5466666666666666,-0.5133333333333333,0.04364714300316877,0.9142857142857143,8.0,11.0,2.0,9.0
-0.5066666666666667,-0.5066666666666667,0.012777266687110293,0.9428571428571428,9.0,11.0,2.0,9.0
-0.5066666666666667,-0.5066666666666667,0.04068281713175918,0.9714285714285714,10.0,11.0,2.0,9.0
-0.5066666666666667,-0.5133333333333333,0.03403863845446183,0.9714285714285714,10.0,11.0,2.0,9.0
-0.5,-0.5,0.017888173361954415,0.9142857142857143,8.0,11.0,2.0,9.0
-0.5066666666666667,-0.5133333333333333,0.04374936113666566,0.9714285714285714,10.0,11.0,2.0,9.0
-0.5,-0.5133333333333333,0.02330573443728918,0.9714285714285714,10.0,11.0,2.0,9.0
-0.5666666666666667,-0.5066666666666667,0.09128079321271595,0.9142857142857143,8.0,11.0,2.0,9.0
-0.5133333333333333,-0.5066666666666667,0.00735970561177553,0.9142857142857143,8.0,11.0,2.0,9.0
-0.5066666666666667,-0.5066666666666667,0.00735970561177553,0.9142857142857143,8.0,11.0,2.0,9.0
-0.5,-0.5066666666666667,0.017888173361954415,0.9714285714285714,10.0,11.0,2.0,9.0
-0.49333333333333335,-0.5133333333333333,0.07603001665057364,0.9142857142857143,8.0,8.0,2.0,9.0
-0.5,-0.5066666666666667,0.04017172646427478,0.9714285714285714,10.0,11.0,2.0,9.0
-0.5133333333333333,-0.5066666666666667,0.020443626699376473,0.9142857142857143,8.0,11.0,2.0,9.0
-0.5,-0.49333333333333335,0.03748702209854673,0.9142857142857143,8.0,8.0,2.0,9.0
-0.49333333333333335,-0.5066666666666667,0.046462787953128346,0.9142857142857143,8.0,8.0,2.0,9.0
-0.4866666666666667,-0.5,0.08394981005167508,0.9142857142857143,8.0,8.0,2.0,9.0
-0.5466666666666666,-0.52,0.049269140345497314,0.9428571428571428,9.0,11.0,2.0,9.0
-0.5133333333333333,-0.5066666666666667,0.04068281713175918,0.9714285714285714,10.0,11.0,2.0,9.0
-0.5066666666666667,-0.5066666666666667,0.025758969641214356,0.9142857142857143,8.0,11.0,2.0,9.0
-0.48,-0.49333333333333335,0.01900750416264341,0.9142857142857143,8.0,8.0,2.0,9.0
-0.5333333333333333,-0.5266666666666666,0.03066544004906471,0.9428571428571428,9.0,11.0,2.0,9.0
-0.5466666666666666,-0.5533333333333333,0.04160278033323112,0.9428571428571428,9.0,11.0,2.0,9.0
-0.5133333333333333,-0.5133333333333333,0.08770315854032507,0.9714285714285714,10.0,11.0,2.0,9.0
-0.5133333333333333,-0.49333333333333335,0.05385459512748966,0.9142857142857143,8.0,8.0,2.0,9.0
-0.5133333333333333,-0.5066666666666667,0.04068281713175918,0.9714285714285714,10.0,11.0,2.0,9.0
-0.5,-0.5133333333333333,0.01953549038938351,0.9142857142857143,8.0,8.0,2.0,9.0
-0.52,-0.5266666666666666,0.03066544004906471,0.9428571428571428,9.0,11.0,2.0,9.0
-0.5133333333333333,-0.5133333333333333,0.07155269344781766,0.9714285714285714,10.0,11.0,2.0,9.0
-0.5133333333333333,-0.5133333333333333,0.07155269344781766,0.9714285714285714,10.0,11.0,2.0,9.0
-0.5133333333333333,-0.5066666666666667,0.022692425636307887,0.9142857142857143,8.0,11.0,2.0,9.0
-0.4866666666666667,-0.5066666666666667,0.05807848494141043,0.9142857142857143,8.0,8.0,2.0,9.0
-0.5066666666666667,-0.5066666666666667,0.020443626699376473,0.9142857142857143,8.0,11.0,2.0,9.0
-0.5133333333333333,-0.5,0.017888173361954415,0.9142857142857143,8.0,11.0,2.0,9.0
-0.58,-0.52,0.008995195747725648,0.9714285714285714,10.0,11.0,2.0,9.0
-0.5,-0.5066666666666667,0.11376878258203009,0.9142857142857143,8.0,11.0,2.0,9.0
-0.5133333333333333,-0.5133333333333333,0.04374936113666566,0.9714285714285714,10.0,11.0,2.0,9.0
-0.5066666666666667,-0.5066666666666667,0.08432996013492795,0.9142857142857143,8.0,11.0,2.0,9.0
-0.5133333333333333,-0.5066666666666667,0.041182925685727394,0.9142857142857143,8.0,8.0,2.0,9.0
-0.5266666666666666,-0.49333333333333335,0.0840233057344373,0.9428571428571428,9.0,11.0,2.0,9.0
-0.48,-0.49333333333333335,0.039598967005507114,0.8857142857142857,7.0,8.0,2.0,9.0
-0.5133333333333333,-0.5066666666666667,0.028927731779617716,0.9714285714285714,10.0,11.0,2.0,9.0
-0.5066666666666667,-0.5133333333333333,0.10661351323724831,0.9142857142857143,8.0,11.0,2.0,9.0
-0.54,-0.5066666666666667,0.028927731779617716,0.9714285714285714,10.0,11.0,2.0,9.0
-0.52,-0.5133333333333333,0.017888173361954415,0.9714285714285714,10.0,11.0,2.0,9.0
-0.5066666666666667,-0.5066666666666667,0.028927731779617716,0.9714285714285714,10.0,11.0,2.0,9.0
-0.5,-0.5133333333333333,0.017070428293979357,0.9428571428571428,9.0,11.0,2.0,9.0
-0.5066666666666667,-0.5066666666666667,0.017888173361954415,0.9714285714285714,10.0,11.0,2.0,9.0
-0.5133333333333333,-0.5066666666666667,0.0232035163037923,0.9142857142857143,8.0,11.0,2.0,9.0
-0.5666666666666667,-0.5066666666666667,0.025758969641214356,0.9142857142857143,8.0,11.0,2.0,9.0
-0.54,-0.5133333333333333,0.08770315854032507,0.9714285714285714,10.0,11.0,2.0,9.0
-0.48,-0.5,0.03379111851136607,0.9142857142857143,8.0,8.0,2.0,9.0
-0.5133333333333333,-0.5066666666666667,0.09128079321271595,0.9142857142857143,8.0,11.0,2.0,9.0
-0.5066666666666667,-0.5066666666666667,0.022999080036798538,0.9142857142857143,8.0,11.0,2.0,9.0
-0.5133333333333333,-0.5,0.05227063644726939,0.9142857142857143,8.0,8.0,2.0,9.0
-0.5066666666666667,-0.5133333333333333,0.017888173361954415,0.9428571428571428,9.0,11.0,2.0,9.0
-0.5266666666666666,-0.5133333333333333,0.03700296432587142,0.9714285714285714,10.0,11.0,2.0,9.0
-0.5133333333333333,-0.5066666666666667,0.07185934784830832,0.9142857142857143,8.0,11.0,2.0,9.0
-0.48,-0.49333333333333335,0.013727641895242462,0.9142857142857143,8.0,8.0,2.0,9.0
-0.5066666666666667,-0.5066666666666667,0.020443626699376473,0.9142857142857143,8.0,11.0,2.0,9.0
-0.5066666666666667,-0.5066666666666667,0.025554533374220593,0.9428571428571428,9.0,11.0,2.0,9.0
-0.5533333333333333,-0.52,0.008995195747725648,0.9714285714285714,10.0,11.0,2.0,9.0
-0.5,-0.5133333333333333,0.08770315854032507,0.9714285714285714,10.0,11.0,2.0,9.0
-0.5266666666666666,-0.5,0.048574732860088725,0.9142857142857143,8.0,8.0,2.0,9.0
-0.4866666666666667,-0.5,0.048574732860088725,0.9142857142857143,8.0,8.0,2.0,9.0
-0.5133333333333333,-0.5066666666666667,0.023816825104773592,0.9142857142857143,8.0,11.0,2.0,9.0
-0.5133333333333333,-0.5,0.017888173361954415,0.9142857142857143,8.0,11.0,2.0,9.0
-0.4866666666666667,-0.5,0.02798327001722503,0.9142857142857143,8.0,8.0,2.0,9.0
-0.5066666666666667,-0.5133333333333333,0.01809260962894818,0.9142857142857143,8.0,11.0,2.0,9.0
-0.4866666666666667,-0.49333333333333335,0.039598967005507114,0.8857142857142857,7.0,8.0,2.0,9.0
-0.5133333333333333,-0.5,0.034847090964846256,0.9142857142857143,8.0,8.0,2.0,9.0
-0.5133333333333333,-0.5066666666666667,0.017888173361954415,0.9714285714285714,10.0,11.0,2.0,9.0
-0.5066666666666667,-0.5066666666666667,0.06652626456925197,0.9142857142857143,8.0,8.0,2.0,9.0
-0.5066666666666667,-0.5066666666666667,0.04068281713175918,0.9714285714285714,10.0,11.0,2.0,9.0
-0.5266666666666666,-0.5,0.014255628121982562,0.9142857142857143,8.0,8.0,2.0,9.0
-0.5133333333333333,-0.5133333333333333,0.01809260962894818,0.9142857142857143,8.0,11.0,2.0,9.0
-0.4866666666666667,-0.5,0.05491056758096987,0.9142857142857143,8.0,8.0,2.0,9.0
-0.49333333333333335,-0.5,0.03748702209854673,0.9142857142857143,8.0,8.0,2.0,9.0
-0.5066666666666667,-0.5066666666666667,0.02483900643974242,0.9142857142857143,8.0,11.0,2.0,9.0
-0.5066666666666667,-0.5066666666666667,0.04017172646427478,0.9714285714285714,10.0,11.0,2.0,9.0
-0.47333333333333333,-0.5,0.014255628121982562,0.9142857142857143,8.0,8.0,2.0,9.0
-0.5066666666666667,-0.5133333333333333,0.08770315854032507,0.9714285714285714,10.0,11.0,2.0,9.0
-0.54,-0.5533333333333333,0.04160278033323112,0.9428571428571428,9.0,11.0,2.0,9.0
-0.5066666666666667,-0.5066666666666667,0.017888173361954415,0.9714285714285714,10.0,11.0,2.0,9.0
-0.4866666666666667,-0.5,0.04910271908682882,0.9142857142857143,8.0,8.0,2.0,9.0
-0.5066666666666667,-0.5133333333333333,0.03700296432587142,0.9714285714285714,10.0,11.0,2.0,9.0
-0.4866666666666667,-0.5,0.0628303609820713,0.9142857142857143,8.0,8.0,2.0,9.0
-0.4866666666666667,-0.5,0.07708598910405386,0.9142857142857143,8.0,8.0,2.0,9.0
-0.4866666666666667,-0.49333333333333335,0.03748702209854673,0.8,4.0,8.0,2.0,9.0
-0.5066666666666667,-0.5133333333333333,0.02330573443728918,0.9714285714285714,10.0,11.0,2.0,9.0
-0.4866666666666667,-0.5,0.01953549038938351,0.9142857142857143,8.0,8.0,2.0,9.0
-0.5066666666666667,-0.5066666666666667,0.028927731779617716,0.9714285714285714,10.0,11.0,2.0,9.0
-0.5266666666666666,-0.5066666666666667,0.07127814060991279,0.9142857142857143,8.0,8.0,2.0,9.0
-0.49333333333333335,-0.5,0.01900750416264341,0.9142857142857143,8.0,8.0,2.0,9.0
-0.5,-0.5,0.01953549038938351,0.9142857142857143,8.0,8.0,2.0,9.0
-0.4866666666666667,-0.5,0.034847090964846256,0.9142857142857143,8.0,8.0,2.0,9.0
-0.49333333333333335,-0.5066666666666667,0.046462787953128346,0.9142857142857143,8.0,8.0,2.0,9.0
-0.5,-0.5066666666666667,0.07185934784830832,0.9142857142857143,8.0,11.0,2.0,9.0
-0.5133333333333333,-0.5066666666666667,0.04017172646427478,0.9714285714285714,10.0,11.0,2.0,9.0
-0.5,-0.5133333333333333,0.02330573443728918,0.9714285714285714,10.0,11.0,2.0,9.0
-0.5133333333333333,-0.49333333333333335,0.02217542152308398,0.9142857142857143,8.0,8.0,2.0,9.0
-0.4866666666666667,-0.5,0.035375077191586356,0.9142857142857143,8.0,8.0,2.0,9.0
-0.49333333333333335,-0.5066666666666667,0.041182925685727394,0.9142857142857143,8.0,8.0,2.0,9.0
-0.5133333333333333,-0.5133333333333333,0.03403863845446183,0.9714285714285714,10.0,11.0,2.0,9.0
-0.5066666666666667,-0.5066666666666667,0.017888173361954415,0.9714285714285714,10.0,11.0,2.0,9.0
-0.5133333333333333,-0.52,0.03748702209854673,0.9142857142857143,8.0,8.0,2.0,9.0
-0.58,-0.5133333333333333,0.048349177144025354,0.9714285714285714,10.0,11.0,2.0,9.0
-0.49333333333333335,-0.49333333333333335,0.0840233057344373,0.9428571428571428,9.0,11.0,2.0,9.0
-0.5,-0.5,0.018194827762445062,0.9142857142857143,8.0,11.0,2.0,9.0
-0.5,-0.5133333333333333,0.017070428293979357,0.9428571428571428,9.0,11.0,2.0,9.0
-0.5066666666666667,-0.5066666666666667,0.04068281713175918,0.9714285714285714,10.0,11.0,2.0,9.0
-0.49333333333333335,-0.5,0.01953549038938351,0.9142857142857143,8.0,8.0,2.0,9.0
-0.5,-0.5,0.018194827762445062,0.9142857142857143,8.0,11.0,2.0,9.0
-0.49333333333333335,-0.5,0.017423545482423128,0.9142857142857143,8.0,8.0,2.0,9.0
-0.5533333333333333,-0.5133333333333333,0.10661351323724831,0.9142857142857143,8.0,11.0,2.0,9.0
-0.5,-0.5066666666666667,0.07127814060991279,0.9142857142857143,8.0,8.0,2.0,9.0
-0.5066666666666667,-0.5,0.01953549038938351,0.9142857142857143,8.0,8.0,2.0,9.0
-0.4866666666666667,-0.49333333333333335,0.03748702209854673,0.8,4.0,8.0,2.0,9.0
-0.5066666666666667,-0.5133333333333333,0.048349177144025354,0.9714285714285714,10.0,11.0,2.0,9.0
-0.4866666666666667,-0.5,0.04910271908682882,0.9142857142857143,8.0,8.0,2.0,9.0
-0.5066666666666667,-0.49333333333333335,0.05491056758096987,0.9142857142857143,8.0,8.0,2.0,9.0
-0.5133333333333333,-0.5133333333333333,0.048349177144025354,0.9714285714285714,10.0,11.0,2.0,9.0
-0.52,-0.5133333333333333,0.03700296432587142,0.9714285714285714,10.0,11.0,2.0,9.0
-0.4866666666666667,-0.49333333333333335,0.02217542152308398,0.9142857142857143,8.0,8.0,2.0,9.0
-0.4866666666666667,-0.5,0.02903924247070522,0.9142857142857143,8.0,8.0,2.0,9.0
-0.5,-0.5066666666666667,0.04017172646427478,0.9714285714285714,10.0,11.0,2.0,9.0
-0.4866666666666667,-0.49333333333333335,0.013727641895242462,0.9142857142857143,8.0,8.0,2.0,9.0
-0.52,-0.5133333333333333,0.02330573443728918,0.9714285714285714,10.0,11.0,2.0,9.0
-0.5133333333333333,-0.5,0.08394981005167508,0.9142857142857143,8.0,8.0,2.0,9.0
-0.5066666666666667,-0.5066666666666667,0.016048246959010533,0.9142857142857143,8.0,11.0,2.0,9.0
-0.5933333333333334,-0.5533333333333333,0.04160278033323112,0.9428571428571428,9.0,11.0,2.0,9.0
-0.5066666666666667,-0.5066666666666667,0.025758969641214356,0.9142857142857143,8.0,11.0,2.0,9.0
-0.5066666666666667,-0.5066666666666667,0.09128079321271595,0.9142857142857143,8.0,11.0,2.0,9.0
-0.5,-0.5066666666666667,0.04017172646427478,0.9714285714285714,10.0,11.0,2.0,9.0
-0.54,-0.5266666666666666,0.05385459512748966,0.9142857142857143,8.0,8.0,2.0,9.0
-0.4866666666666667,-0.5,0.04223889813920759,0.9142857142857143,8.0,8.0,2.0,9.0
-0.48,-0.5,0.02534333888352455,0.9142857142857143,8.0,8.0,2.0,9.0
-0.49333333333333335,-0.5066666666666667,0.016367573028942938,0.9142857142857143,8.0,8.0,2.0,9.0
-0.5,-0.5,0.02903924247070522,0.9142857142857143,8.0,8.0,2.0,9.0
-0.5,-0.5133333333333333,0.017888173361954415,0.9428571428571428,9.0,11.0,2.0,9.0
-0.49333333333333335,-0.5066666666666667,0.024815352656784456,0.9142857142857143,8.0,8.0,2.0,9.0
-0.48,-0.5,0.0311511873776656,0.9142857142857143,8.0,8.0,2.0,9.0
-0.5133333333333333,-0.5,0.05227063644726939,0.9142857142857143,8.0,8.0,2.0,9.0
-0.5133333333333333,-0.49333333333333335,0.05491056758096987,0.9142857142857143,8.0,8.0,2.0,9.0
-0.5,-0.5066666666666667,0.050904630481447416,0.9142857142857143,8.0,11.0,2.0,9.0
-0.5133333333333333,-0.5266666666666666,0.01900750416264341,0.9142857142857143,8.0,8.0,2.0,9.0
-0.5133333333333333,-0.5133333333333333,0.03403863845446183,0.9714285714285714,10.0,11.0,2.0,9.0
-0.48,-0.49333333333333335,0.03748702209854673,0.9142857142857143,8.0,8.0,2.0,9.0
-0.58,-0.5066666666666667,0.022692425636307887,0.9142857142857143,8.0,11.0,2.0,9.0
-0.5266666666666666,-0.5066666666666667,0.08432996013492795,0.9142857142857143,8.0,11.0,2.0,9.0
-0.4866666666666667,-0.49333333333333335,0.0406549394589873,0.9142857142857143,8.0,8.0,2.0,9.0
-0.5066666666666667,-0.5066666666666667,0.017888173361954415,0.9714285714285714,10.0,11.0,2.0,9.0
-0.4866666666666667,-0.5,0.0628303609820713,0.9142857142857143,8.0,8.0,2.0,9.0
-0.5066666666666667,-0.5,0.11193308006890008,0.9142857142857143,8.0,8.0,2.0,9.0
-0.5,-0.5066666666666667,0.050904630481447416,0.9142857142857143,8.0,11.0,2.0,9.0
-0.5333333333333333,-0.5466666666666666,0.04017172646427478,0.9142857142857143,8.0,11.0,2.0,9.0
-0.48,-0.5,0.03748702209854673,0.9142857142857143,8.0,8.0,2.0,9.0
-0.4866666666666667,-0.5,0.05227063644726939,0.9142857142857143,8.0,8.0,2.0,9.0
-0.52,-0.5066666666666667,0.022692425636307887,0.9142857142857143,8.0,11.0,2.0,9.0
-0.5066666666666667,-0.5066666666666667,0.025758969641214356,0.9142857142857143,8.0,11.0,2.0,9.0
-0.5066666666666667,-0.5133333333333333,0.017070428293979357,0.9428571428571428,9.0,11.0,2.0,9.0
-0.48,-0.5,0.039598967005507114,0.8857142857142857,7.0,8.0,2.0,9.0
-0.5133333333333333,-0.52,0.07737912705713995,0.9714285714285714,10.0,11.0,2.0,9.0
-0.4866666666666667,-0.5,0.05438258135422976,0.9142857142857143,8.0,8.0,2.0,9.0
-0.49333333333333335,-0.49333333333333335,0.0840233057344373,0.9428571428571428,9.0,11.0,2.0,9.0
-0.5,-0.5066666666666667,0.016048246959010533,0.9142857142857143,8.0,11.0,2.0,9.0
-0.5266666666666666,-0.5066666666666667,0.050904630481447416,0.9142857142857143,8.0,11.0,2.0,9.0
-0.5533333333333333,-0.5066666666666667,0.025758969641214356,0.9142857142857143,8.0,11.0,2.0,9.0
-0.5333333333333333,-0.52,0.049269140345497314,0.9428571428571428,9.0,11.0,2.0,9.0
-0.54,-0.52,0.05294899315138507,0.9714285714285714,10.0,11.0,2.0,9.0
-0.5066666666666667,-0.5066666666666667,0.022692425636307887,0.9142857142857143,8.0,11.0,2.0,9.0
-0.5066666666666667,-0.5133333333333333,0.04364714300316877,0.9142857142857143,8.0,11.0,2.0,9.0
-0.5133333333333333,-0.5133333333333333,0.10661351323724831,0.9142857142857143,8.0,11.0,2.0,9.0
-0.5133333333333333,-0.5066666666666667,0.024815352656784456,0.9142857142857143,8.0,8.0,2.0,9.0
-0.5133333333333333,-0.5066666666666667,0.0232035163037923,0.9142857142857143,8.0,11.0,2.0,9.0
-0.5133333333333333,-0.5066666666666667,0.017888173361954415,0.9714285714285714,10.0,11.0,2.0,9.0
-0.5,-0.5066666666666667,0.07185934784830832,0.9142857142857143,8.0,11.0,2.0,9.0
-0.54,-0.5533333333333333,0.04160278033323112,0.9428571428571428,9.0,11.0,2.0,9.0
-0.5133333333333333,-0.49333333333333335,0.02217542152308398,0.9142857142857143,8.0,8.0,2.0,9.0
-0.5066666666666667,-0.5133333333333333,0.0628303609820713,0.9142857142857143,8.0,8.0,2.0,9.0
-0.4866666666666667,-0.5,0.048574732860088725,0.9142857142857143,8.0,8.0,2.0,9.0
-0.4866666666666667,-0.5,0.03379111851136607,0.9142857142857143,8.0,8.0,2.0,9.0
-0.5133333333333333,-0.5066666666666667,0.050904630481447416,0.9142857142857143,8.0,11.0,2.0,9.0
-0.5066666666666667,-0.5133333333333333,0.017888173361954415,0.9714285714285714,10.0,11.0,2.0,9.0
-0.5066666666666667,-0.5066666666666667,0.01655933762649494,0.9142857142857143,8.0,11.0,2.0,9.0
-0.5133333333333333,-0.5,0.04910271908682882,0.9142857142857143,8.0,8.0,2.0,9.0
-0.4866666666666667,-0.5,0.05491056758096987,0.9142857142857143,8.0,8.0,2.0,9.0
-0.5,-0.5066666666666667,0.024815352656784456,0.9142857142857143,8.0,8.0,2.0,9.0
-0.54,-0.5066666666666667,0.11376878258203009,0.9142857142857143,8.0,11.0,2.0,9.0
-0.5133333333333333,-0.49333333333333335,0.02217542152308398,0.9142857142857143,8.0,8.0,2.0,9.0
-0.5,-0.5,0.02903924247070522,0.9142857142857143,8.0,8.0,2.0,9.0
-0.4866666666666667,-0.5,0.04910271908682882,0.9142857142857143,8.0,8.0,2.0,9.0
-0.49333333333333335,-0.5066666666666667,0.012777266687110296,0.9142857142857143,8.0,11.0,2.0,9.0
-0.5133333333333333,-0.5066666666666667,0.016048246959010533,0.9142857142857143,8.0,11.0,2.0,9.0
-0.4866666666666667,-0.49333333333333335,0.0840233057344373,0.9428571428571428,9.0,11.0,2.0,9.0
-0.5533333333333333,-0.5066666666666667,0.050904630481447416,0.9142857142857143,8.0,11.0,2.0,9.0
-0.5,-0.5066666666666667,0.025758969641214356,0.9142857142857143,8.0,11.0,2.0,9.0
-0.5,-0.5066666666666667,0.020443626699376476,0.9142857142857143,8.0,11.0,2.0,9.0
-0.5266666666666666,-0.5,0.02903924247070522,0.9142857142857143,8.0,8.0,2.0,9.0
-0.5066666666666667,-0.5133333333333333,0.10661351323724831,0.9142857142857143,8.0,11.0,2.0,9.0
-0.5333333333333333,-0.5133333333333333,0.017888173361954415,0.9714285714285714,10.0,11.0,2.0,9.0
-0.5266666666666666,-0.5066666666666667,0.059662443621630715,0.8857142857142857,7.0,8.0,2.0,9.0
-0.5066666666666667,-0.5133333333333333,0.07603001665057364,0.9142857142857143,8.0,8.0,2.0,9.0
-0.4866666666666667,-0.49333333333333335,0.03748702209854673,0.8,4.0,8.0,2.0,9.0
-0.5133333333333333,-0.5066666666666667,0.03454972912194624,0.9142857142857143,8.0,11.0,2.0,9.0
-0.5333333333333333,-0.5266666666666666,0.03066544004906471,0.9428571428571428,9.0,11.0,2.0,9.0
-0.5,-0.5066666666666667,0.050904630481447416,0.9142857142857143,8.0,11.0,2.0,9.0
-0.5,-0.5066666666666667,0.02483900643974242,0.9142857142857143,8.0,11.0,2.0,9.0
-0.5066666666666667,-0.5133333333333333,0.04374936113666566,0.9714285714285714,10.0,11.0,2.0,9.0
-0.5,-0.5,0.02798327001722503,0.9142857142857143,8.0,8.0,2.0,9.0
-0.5133333333333333,-0.49333333333333335,0.07603001665057366,0.9142857142857143,8.0,8.0,2.0,9.0
-0.48,-0.5,0.039598967005507114,0.8857142857142857,7.0,8.0,2.0,9.0
-0.5133333333333333,-0.5066666666666667,0.01655933762649494,0.9142857142857143,8.0,11.0,2.0,9.0
-0.5066666666666667,-0.5066666666666667,0.012777266687110293,0.9428571428571428,9.0,11.0,2.0,9.0
-0.5133333333333333,-0.49333333333333335,0.013727641895242462,0.9142857142857143,8.0,8.0,2.0,9.0
-0.5333333333333333,-0.5,0.02534333888352455,0.9142857142857143,8.0,8.0,2.0,9.0
-0.5266666666666666,-0.5,0.11193308006890008,0.9142857142857143,8.0,8.0,2.0,9.0
-0.5,-0.5066666666666667,0.11376878258203009,0.9142857142857143,8.0,11.0,2.0,9.0
-0.5133333333333333,-0.5066666666666667,0.022692425636307887,0.9142857142857143,8.0,11.0,2.0,9.0
-0.5,-0.5,0.05227063644726939,0.9142857142857143,8.0,8.0,2.0,9.0
-0.5266666666666666,-0.5066666666666667,0.08432996013492795,0.9142857142857143,8.0,11.0,2.0,9.0
-0.5266666666666666,-0.5266666666666666,0.01900750416264341,0.9142857142857143,8.0,8.0,2.0,9.0
-0.5266666666666666,-0.5066666666666667,0.025758969641214356,0.9142857142857143,8.0,11.0,2.0,9.0
-0.5333333333333333,-0.5266666666666666,0.03066544004906471,0.9428571428571428,9.0,11.0,2.0,9.0
-0.5066666666666667,-0.5133333333333333,0.03700296432587142,0.9714285714285714,10.0,11.0,2.0,9.0
-0.48,-0.49333333333333335,0.07603001665057366,0.9142857142857143,8.0,8.0,2.0,9.0
-0.5133333333333333,-0.5133333333333333,0.10661351323724831,0.9142857142857143,8.0,11.0,2.0,9.0
-0.49333333333333335,-0.5066666666666667,0.041182925685727394,0.9142857142857143,8.0,8.0,2.0,9.0
-0.5,-0.5066666666666667,0.023816825104773592,0.9142857142857143,8.0,11.0,2.0,9.0
-0.5133333333333333,-0.5066666666666667,0.012777266687110293,0.9428571428571428,9.0,11.0,2.0,9.0
-0.54,-0.5533333333333333,0.04160278033323112,0.9428571428571428,9.0,11.0,2.0,9.0
-0.5066666666666667,-0.5066666666666667,0.04017172646427478,0.9714285714285714,10.0,11.0,2.0,9.0
-0.4866666666666667,-0.5,0.02903924247070522,0.9142857142857143,8.0,8.0,2.0,9.0
-0.58,-0.5066666666666667,0.022999080036798538,0.9142857142857143,8.0,11.0,2.0,9.0
-0.5,-0.5066666666666667,0.020443626699376476,0.9142857142857143,8.0,11.0,2.0,9.0
-0.5066666666666667,-0.5133333333333333,0.048349177144025354,0.9714285714285714,10.0,11.0,2.0,9.0
-0.5266666666666666,-0.5066666666666667,0.059662443621630715,0.8857142857142857,7.0,8.0,2.0,9.0
-0.4866666666666667,-0.5,0.02903924247070522,0.9142857142857143,8.0,8.0,2.0,9.0
-0.4866666666666667,-0.5,0.05491056758096987,0.9142857142857143,8.0,8.0,2.0,9.0
-0.5,-0.5066666666666667,0.04017172646427478,0.9714285714285714,10.0,11.0,2.0,9.0
-0.4866666666666667,-0.5,0.05438258135422976,0.9142857142857143,8.0,8.0,2.0,9.0
-0.5266666666666666,-0.5,0.018194827762445062,0.9142857142857143,8.0,11.0,2.0,9.0
-0.48,-0.5066666666666667,0.05807848494141043,0.9142857142857143,8.0,8.0,2.0,9.0
-0.52,-0.52,0.05294899315138507,0.9714285714285714,10.0,11.0,2.0,9.0
-0.49333333333333335,-0.5,0.03379111851136607,0.9142857142857143,8.0,8.0,2.0,9.0
-0.5066666666666667,-0.5066666666666667,0.012777266687110296,0.9142857142857143,8.0,11.0,2.0,9.0
-0.5133333333333333,-0.5066666666666667,0.022999080036798538,0.9142857142857143,8.0,11.0,2.0,9.0
-0.5133333333333333,-0.49333333333333335,0.06547029211577175,0.9142857142857143,8.0,8.0,2.0,9.0
-0.5066666666666667,-0.5133333333333333,0.03700296432587142,0.9714285714285714,10.0,11.0,2.0,9.0
-0.5066666666666667,-0.5066666666666667,0.022999080036798538,0.9142857142857143,8.0,11.0,2.0,9.0
-0.5266666666666666,-0.5066666666666667,0.09128079321271595,0.9142857142857143,8.0,11.0,2.0,9.0
-0.5133333333333333,-0.5133333333333333,0.017070428293979357,0.9428571428571428,9.0,11.0,2.0,9.0
-0.5133333333333333,-0.5133333333333333,0.048349177144025354,0.9714285714285714,10.0,11.0,2.0,9.0
-0.5,-0.5,0.02798327001722503,0.9142857142857143,8.0,8.0,2.0,9.0
-0.5266666666666666,-0.5266666666666666,0.05385459512748966,0.9142857142857143,8.0,8.0,2.0,9.0
-0.5,-0.52,0.02534333888352455,0.9142857142857143,8.0,8.0,2.0,9.0
-0.5133333333333333,-0.49333333333333335,0.06547029211577175,0.9142857142857143,8.0,8.0,2.0,9.0
-0.48,-0.49333333333333335,0.020063476616123604,0.9142857142857143,8.0,8.0,2.0,9.0
-0.48,-0.5,0.02217542152308398,0.8857142857142857,7.0,8.0,2.0,9.0
-0.5066666666666667,-0.5,0.05491056758096987,0.9142857142857143,8.0,8.0,2.0,9.0
-0.5066666666666667,-0.5,0.08394981005167511,0.9142857142857143,8.0,8.0,2.0,9.0
-0.5066666666666667,-0.5066666666666667,0.020443626699376473,0.9142857142857143,8.0,11.0,2.0,9.0
-0.5,-0.5066666666666667,0.09128079321271595,0.9142857142857143,8.0,11.0,2.0,9.0
-0.52,-0.52,0.049269140345497314,0.9428571428571428,9.0,11.0,2.0,9.0
-0.5066666666666667,-0.5066666666666667,0.025758969641214356,0.9142857142857143,8.0,11.0,2.0,9.0
-0.5066666666666667,-0.52,0.07737912705713995,0.9714285714285714,10.0,11.0,2.0,9.0
-0.49333333333333335,-0.5,0.02798327001722503,0.9142857142857143,8.0,8.0,2.0,9.0
-0.5133333333333333,-0.5066666666666667,0.07185934784830832,0.9142857142857143,8.0,11.0,2.0,9.0
-0.5,-0.5066666666666667,0.01655933762649494,0.9142857142857143,8.0,11.0,2.0,9.0
-0.4866666666666667,-0.5,0.03379111851136607,0.9142857142857143,8.0,8.0,2.0,9.0
-0.5066666666666667,-0.5066666666666667,0.03454972912194624,0.9142857142857143,8.0,11.0,2.0,9.0
-0.48,-0.5,0.05438258135422976,0.9142857142857143,8.0,8.0,2.0,9.0
-0.5,-0.5,0.017888173361954415,0.9142857142857143,8.0,11.0,2.0,9.0
-0.5133333333333333,-0.5133333333333333,0.017888173361954415,0.9714285714285714,10.0,11.0,2.0,9.0
-0.48,-0.5,0.03379111851136607,0.9142857142857143,8.0,8.0,2.0,9.0
-0.52,-0.5133333333333333,0.017888173361954415,0.9428571428571428,9.0,11.0,2.0,9.0
-0.5133333333333333,-0.5,0.04910271908682882,0.9142857142857143,8.0,8.0,2.0,9.0
-0.5066666666666667,-0.5066666666666667,0.012777266687110296,0.9142857142857143,8.0,11.0,2.0,9.0
-0.49333333333333335,-0.5,0.014255628121982562,0.9142857142857143,8.0,8.0,2.0,9.0
-0.5133333333333333,-0.5066666666666667,0.03454972912194624,0.9142857142857143,8.0,11.0,2.0,9.0
-0.5133333333333333,-0.49333333333333335,0.06071841607511092,0.9142857142857143,8.0,8.0,2.0,9.0
-0.5066666666666667,-0.5066666666666667,0.01655933762649494,0.9142857142857143,8.0,11.0,2.0,9.0
-0.5133333333333333,-0.5066666666666667,0.025758969641214356,0.9142857142857143,8.0,11.0,2.0,9.0
-0.49333333333333335,-0.5133333333333333,0.07603001665057364,0.9142857142857143,8.0,8.0,2.0,9.0
-0.4866666666666667,-0.49333333333333335,0.013727641895242462,0.9142857142857143,8.0,8.0,2.0,9.0
-0.4866666666666667,-0.5,0.11193308006890008,0.9142857142857143,8.0,8.0,2.0,9.0
-0.5133333333333333,-0.52,0.05294899315138507,0.9714285714285714,10.0,11.0,2.0,9.0
-0.5266666666666666,-0.52,0.008995195747725648,0.9714285714285714,10.0,11.0,2.0,9.0
-0.5333333333333333,-0.5,0.01900750416264341,0.9142857142857143,8.0,8.0,2.0,9.0
-0.49333333333333335,-0.5,0.017423545482423128,0.9142857142857143,8.0,8.0,2.0,9.0
-0.5266666666666666,-0.5066666666666667,0.04017172646427478,0.9714285714285714,10.0,11.0,2.0,9.0
-0.5133333333333333,-0.5133333333333333,0.03700296432587142,0.9714285714285714,10.0,11.0,2.0,9.0
-0.5133333333333333,-0.49333333333333335,0.06547029211577175,0.9142857142857143,8.0,8.0,2.0,9.0
-0.5266666666666666,-0.49333333333333335,0.12249280460370202,0.9142857142857143,8.0,8.0,2.0,9.0
-0.5133333333333333,-0.5,0.039598967005507114,0.8857142857142857,7.0,8.0,2.0,9.0
-0.5,-0.5,0.017888173361954415,0.9142857142857143,8.0,11.0,2.0,9.0
-0.4866666666666667,-0.5,0.05860647116815053,0.9142857142857143,8.0,8.0,2.0,9.0
-0.5,-0.5066666666666667,0.012777266687110293,0.9428571428571428,9.0,11.0,2.0,9.0
-0.5,-0.5133333333333333,0.04374936113666566,0.9714285714285714,10.0,11.0,2.0,9.0
-0.5133333333333333,-0.5133333333333333,0.017888173361954415,0.9428571428571428,9.0,11.0,2.0,9.0
-0.5133333333333333,-0.49333333333333335,0.01900750416264341,0.9142857142857143,8.0,8.0,2.0,9.0
-0.52,-0.52,0.008995195747725648,0.9714285714285714,10.0,11.0,2.0,9.0
-0.4866666666666667,-0.49333333333333335,0.02217542152308398,0.9142857142857143,8.0,8.0,2.0,9.0
-0.5066666666666667,-0.5133333333333333,0.04364714300316877,0.9142857142857143,8.0,11.0,2.0,9.0
-0.4866666666666667,-0.5,0.02798327001722503,0.9142857142857143,8.0,8.0,2.0,9.0
-0.49333333333333335,-0.5066666666666667,0.013727641895242467,0.9142857142857143,8.0,8.0,2.0,9.0
-0.5133333333333333,-0.5,0.018194827762445062,0.9142857142857143,8.0,11.0,2.0,9.0
-0.49333333333333335,-0.5133333333333333,0.07603001665057364,0.9142857142857143,8.0,8.0,2.0,9.0
-0.56,-0.5,0.05438258135422976,0.9142857142857143,8.0,8.0,2.0,9.0
-0.49333333333333335,-0.5,0.02798327001722503,0.9142857142857143,8.0,8.0,2.0,9.0
-0.5066666666666667,-0.5066666666666667,0.022999080036798538,0.9142857142857143,8.0,11.0,2.0,9.0
-0.4866666666666667,-0.5,0.03379111851136607,0.9142857142857143,8.0,8.0,2.0,9.0
-0.5,-0.52,0.05294899315138507,0.9714285714285714,10.0,11.0,2.0,9.0
-0.5066666666666667,-0.5133333333333333,0.017070428293979357,0.9428571428571428,9.0,11.0,2.0,9.0
-0.5066666666666667,-0.5133333333333333,0.02330573443728918,0.9714285714285714,10.0,11.0,2.0,9.0
-0.49333333333333335,-0.5,0.01953549038938351,0.9142857142857143,8.0,8.0,2.0,9.0
-0.49333333333333335,-0.49333333333333335,0.06547029211577175,0.9142857142857143,8.0,8.0,2.0,9.0
-0.5,-0.5066666666666667,0.023816825104773592,0.9142857142857143,8.0,11.0,2.0,9.0
-0.5133333333333333,-0.5133333333333333,0.017888173361954415,0.9428571428571428,9.0,11.0,2.0,9.0
-0.5666666666666667,-0.5066666666666667,0.04068281713175918,0.9714285714285714,10.0,11.0,2.0,9.0
-0.5,-0.5066666666666667,0.050904630481447416,0.9142857142857143,8.0,11.0,2.0,9.0
-0.4866666666666667,-0.5,0.02798327001722503,0.9142857142857143,8.0,8.0,2.0,9.0
-0.48,-0.49333333333333335,0.05385459512748966,0.9142857142857143,8.0,8.0,2.0,9.0
-0.5066666666666667,-0.49333333333333335,0.03643104964506655,0.9142857142857143,8.0,8.0,2.0,9.0
-0.5066666666666667,-0.5133333333333333,0.01655933762649494,0.9142857142857143,8.0,11.0,2.0,9.0
-0.52,-0.5266666666666666,0.05385459512748966,0.9142857142857143,8.0,8.0,2.0,9.0
-0.5133333333333333,-0.5,0.05860647116815053,0.9142857142857143,8.0,8.0,2.0,9.0
-0.5133333333333333,-0.52,0.008995195747725648,0.9714285714285714,10.0,11.0,2.0,9.0
-0.49333333333333335,-0.49333333333333335,0.03748702209854673,0.8,4.0,8.0,2.0,9.0
-0.5,-0.5066666666666667,0.022999080036798538,0.9142857142857143,8.0,11.0,2.0,9.0
-0.5066666666666667,-0.5066666666666667,0.025758969641214356,0.9142857142857143,8.0,11.0,2.0,9.0
-0.5266666666666666,-0.5066666666666667,0.05807848494141043,0.9142857142857143,8.0,8.0,2.0,9.0
-0.5,-0.5066666666666667,0.04068281713175918,0.9714285714285714,10.0,11.0,2.0,9.0
-0.5133333333333333,-0.5133333333333333,0.03403863845446183,0.9714285714285714,10.0,11.0,2.0,9.0
-0.5266666666666666,-0.5,0.014255628121982562,0.9142857142857143,8.0,8.0,2.0,9.0
-0.5,-0.5066666666666667,0.025554533374220593,0.9428571428571428,9.0,11.0,2.0,9.0
-0.5066666666666667,-0.5,0.02903924247070522,0.9142857142857143,8.0,8.0,2.0,9.0
-0.5066666666666667,-0.5133333333333333,0.01953549038938351,0.9142857142857143,8.0,8.0,2.0,9.0
-0.56,-0.5066666666666667,0.025758969641214356,0.9142857142857143,8.0,11.0,2.0,9.0
-0.5,-0.5066666666666667,0.06652626456925197,0.9142857142857143,8.0,8.0,2.0,9.0
-0.4866666666666667,-0.5,0.05438258135422976,0.9142857142857143,8.0,8.0,2.0,9.0
-0.54,-0.52,0.049269140345497314,0.9428571428571428,9.0,11.0,2.0,9.0
-0.5133333333333333,-0.5066666666666667,0.022692425636307887,0.9142857142857143,8.0,11.0,2.0,9.0
-0.5133333333333333,-0.5133333333333333,0.10661351323724831,0.9142857142857143,8.0,11.0,2.0,9.0
-0.48,-0.49333333333333335,0.06071841607511092,0.9142857142857143,8.0,8.0,2.0,9.0
-0.5,-0.5066666666666667,0.07185934784830832,0.9142857142857143,8.0,11.0,2.0,9.0
-0.4866666666666667,-0.5,0.035375077191586356,0.9142857142857143,8.0,8.0,2.0,9.0
-0.5333333333333333,-0.52,0.049269140345497314,0.9428571428571428,9.0,11.0,2.0,9.0
-0.4866666666666667,-0.49333333333333335,0.05385459512748966,0.9142857142857143,8.0,8.0,2.0,9.0
-0.5,-0.5,0.05491056758096987,0.9142857142857143,8.0,8.0,2.0,9.0
-0.5066666666666667,-0.5133333333333333,0.04364714300316877,0.9142857142857143,8.0,11.0,2.0,9.0
-0.5266666666666666,-0.49333333333333335,0.12249280460370202,0.9142857142857143,8.0,8.0,2.0,9.0
-0.5,-0.49333333333333335,0.020063476616123604,0.9142857142857143,8.0,8.0,2.0,9.0
-0.5266666666666666,-0.5066666666666667,0.022692425636307887,0.9142857142857143,8.0,11.0,2.0,9.0
-0.5133333333333333,-0.5066666666666667,0.04017172646427478,0.9714285714285714,10.0,11.0,2.0,9.0
-0.5,-0.5133333333333333,0.02330573443728918,0.9714285714285714,10.0,11.0,2.0,9.0
-0.5066666666666667,-0.5133333333333333,0.017070428293979357,0.9428571428571428,9.0,11.0,2.0,9.0
-0.54,-0.5133333333333333,0.07155269344781766,0.9714285714285714,10.0,11.0,2.0,9.0
-0.4866666666666667,-0.5,0.11193308006890008,0.9142857142857143,8.0,8.0,2.0,9.0
-0.5,-0.5,0.018194827762445062,0.9142857142857143,8.0,11.0,2.0,9.0
-0.5266666666666666,-0.5066666666666667,0.06652626456925197,0.9142857142857143,8.0,8.0,2.0,9.0
-0.48,-0.49333333333333335,0.01900750416264341,0.9142857142857143,8.0,8.0,2.0,9.0
-0.5133333333333333,-0.5066666666666667,0.024815352656784456,0.9142857142857143,8.0,8.0,2.0,9.0
-0.49333333333333335,-0.5,0.048574732860088725,0.9142857142857143,8.0,8.0,2.0,9.0
-0.5133333333333333,-0.5,0.04223889813920759,0.9142857142857143,8.0,8.0,2.0,9.0
-0.5,-0.5,0.02534333888352455,0.9142857142857143,8.0,8.0,2.0,9.0
-0.5066666666666667,-0.5133333333333333,0.017888173361954415,0.9714285714285714,10.0,11.0,2.0,9.0
-0.5066666666666667,-0.5133333333333333,0.017888173361954415,0.9714285714285714,10.0,11.0,2.0,9.0
-0.5133333333333333,-0.5133333333333333,0.048349177144025354,0.9714285714285714,10.0,11.0,2.0,9.0
-0.5066666666666667,-0.5133333333333333,0.017888173361954415,0.9714285714285714,10.0,11.0,2.0,9.0
-0.5133333333333333,-0.5066666666666667,0.09128079321271595,0.9142857142857143,8.0,11.0,2.0,9.0
-0.49333333333333335,-0.49333333333333335,0.03643104964506655,0.9142857142857143,8.0,8.0,2.0,9.0
-0.5333333333333333,-0.5066666666666667,0.050904630481447416,0.9142857142857143,8.0,11.0,2.0,9.0
-0.5133333333333333,-0.5066666666666667,0.025758969641214356,0.9142857142857143,8.0,11.0,2.0,9.0
-0.48,-0.5,0.02217542152308398,0.8857142857142857,7.0,8.0,2.0,9.0
-0.5,-0.5066666666666667,0.08432996013492795,0.9142857142857143,8.0,11.0,2.0,9.0
-0.5133333333333333,-0.5066666666666667,0.00735970561177553,0.9142857142857143,8.0,11.0,2.0,9.0
-0.4866666666666667,-0.49333333333333335,0.03643104964506655,0.9142857142857143,8.0,8.0,2.0,9.0
-0.52,-0.52,0.05294899315138507,0.9714285714285714,10.0,11.0,2.0,9.0
-0.5066666666666667,-0.5066666666666667,0.08432996013492795,0.9142857142857143,8.0,11.0,2.0,9.0
-0.5,-0.5066666666666667,0.022692425636307887,0.9142857142857143,8.0,11.0,2.0,9.0
-0.54,-0.5133333333333333,0.04374936113666566,0.9714285714285714,10.0,11.0,2.0,9.0
-0.58,-0.5266666666666666,0.03066544004906471,0.9428571428571428,9.0,11.0,2.0,9.0
-0.4866666666666667,-0.5,0.02534333888352455,0.9142857142857143,8.0,8.0,2.0,9.0
-0.5533333333333333,-0.5533333333333333,0.04160278033323112,0.9428571428571428,9.0,11.0,2.0,9.0
-0.5133333333333333,-0.5133333333333333,0.017070428293979357,0.9428571428571428,9.0,11.0,2.0,9.0
-0.5066666666666667,-0.5133333333333333,0.017888173361954415,0.9714285714285714,10.0,11.0,2.0,9.0
-0.5133333333333333,-0.5133333333333333,0.01953549038938351,0.9142857142857143,8.0,8.0,2.0,9.0
-0.5066666666666667,-0.5133333333333333,0.0628303609820713,0.9142857142857143,8.0,8.0,2.0,9.0
-0.5066666666666667,-0.5,0.05385459512748969,0.8857142857142857,7.0,8.0,2.0,9.0
-0.5066666666666667,-0.5066666666666667,0.11376878258203009,0.9142857142857143,8.0,11.0,2.0,9.0
-0.5066666666666667,-0.5133333333333333,0.03700296432587142,0.9714285714285714,10.0,11.0,2.0,9.0
-0.49333333333333335,-0.5133333333333333,0.07603001665057364,0.9142857142857143,8.0,8.0,2.0,9.0
-0.5133333333333333,-0.5066666666666667,0.028927731779617716,0.9714285714285714,10.0,11.0,2.0,9.0
-0.5066666666666667,-0.52,0.02534333888352455,0.9142857142857143,8.0,8.0,2.0,9.0
-0.5066666666666667,-0.5133333333333333,0.03403863845446183,0.9714285714285714,10.0,11.0,2.0,9.0
-0.5,-0.5,0.039598967005507114,0.8857142857142857,7.0,8.0,2.0,9.0
-0.5,-0.49333333333333335,0.013727641895242462,0.9142857142857143,8.0,8.0,2.0,9.0
-0.4866666666666667,-0.5,0.0628303609820713,0.9142857142857143,8.0,8.0,2.0,9.0
-0.5,-0.5,0.017888173361954415,0.9142857142857143,8.0,11.0,2.0,9.0
-0.5066666666666667,-0.5066666666666667,0.039047326995809054,0.9714285714285714,10.0,11.0,2.0,9.0
-0.5133333333333333,-0.49333333333333335,0.07814196155753403,0.9142857142857143,8.0,8.0,2.0,9.0
-0.4866666666666667,-0.5,0.05438258135422976,0.9142857142857143,8.0,8.0,2.0,9.0
-0.5133333333333333,-0.5066666666666667,0.022999080036798538,0.9142857142857143,8.0,11.0,2.0,9.0
-0.49333333333333335,-0.5066666666666667,0.059662443621630715,0.8857142857142857,7.0,8.0,2.0,9.0
-0.5,-0.52,0.05294899315138507,0.9714285714285714,10.0,11.0,2.0,9.0
-0.5066666666666667,-0.49333333333333335,0.020063476616123604,0.9142857142857143,8.0,8.0,2.0,9.0
-0.5,-0.5066666666666667,0.07185934784830832,0.9142857142857143,8.0,11.0,2.0,9.0
-0.5066666666666667,-0.5066666666666667,0.050904630481447416,0.9142857142857143,8.0,11.0,2.0,9.0
-0.5333333333333333,-0.48,0.048553613411019124,0.9714285714285714,10.0,11.0,2.0,10.0
-0.4666666666666667,-0.48,0.007391807174361327,0.8857142857142857,7.0,8.0,2.0,10.0
-0.47333333333333333,-0.49333333333333335,0.020443626699376476,1.0,11.0,11.0,2.0,10.0
-0.47333333333333333,-0.4866666666666667,0.022999080036798538,1.0,11.0,11.0,2.0,10.0
-0.47333333333333333,-0.4866666666666667,0.04518041500562201,0.9714285714285714,10.0,11.0,2.0,10.0
-0.5,-0.5,0.03291423898599612,0.9428571428571428,9.0,11.0,2.0,10.0
-0.47333333333333333,-0.48,0.03379111851136607,0.8857142857142857,7.0,8.0,2.0,10.0
-0.4666666666666667,-0.4866666666666667,0.0813098789179746,0.9142857142857143,8.0,8.0,2.0,10.0
-0.47333333333333333,-0.4866666666666667,0.014106102422569766,0.9714285714285714,10.0,11.0,2.0,10.0
-0.48,-0.4866666666666667,0.04364714300316877,0.9714285714285714,10.0,11.0,2.0,10.0
-0.4666666666666667,-0.48,0.04223889813920759,0.9142857142857143,8.0,8.0,2.0,10.0
-0.47333333333333333,-0.4866666666666667,0.020443626699376473,0.9714285714285714,10.0,11.0,2.0,10.0
-0.47333333333333333,-0.4866666666666667,0.04699077417986845,0.9142857142857143,8.0,8.0,2.0,10.0
-0.47333333333333333,-0.48,0.03643104964506655,0.9142857142857143,8.0,8.0,2.0,10.0
-0.5066666666666667,-0.48,0.04540681549964815,0.9142857142857143,8.0,8.0,2.0,10.0
-0.5066666666666667,-0.48,0.011615696988282085,0.9142857142857143,8.0,8.0,2.0,10.0
-0.47333333333333333,-0.48,0.007391807174361327,0.8,4.0,8.0,2.0,10.0
-0.4866666666666667,-0.5,0.03291423898599612,0.9428571428571428,9.0,11.0,2.0,10.0
-0.47333333333333333,-0.49333333333333335,0.03342532965348054,1.0,11.0,11.0,2.0,10.0
-0.48,-0.48,0.08342182382493499,0.9142857142857143,8.0,8.0,2.0,10.0
-0.48,-0.4866666666666667,0.030461003782070943,0.9714285714285714,10.0,11.0,2.0,10.0
-0.4666666666666667,-0.49333333333333335,0.027394459777164478,0.9714285714285714,10.0,11.0,2.0,10.0
-0.4666666666666667,-0.4866666666666667,0.041182925685727394,0.8857142857142857,7.0,8.0,2.0,10.0
-0.5666666666666667,-0.5533333333333333,0.569150567310641,0.9428571428571428,9.0,11.0,2.0,10.0
-0.5533333333333333,-0.49333333333333335,0.09843606255749773,0.9428571428571428,9.0,11.0,2.0,10.0
-0.5666666666666667,-0.49333333333333335,0.057548809158744774,0.9714285714285714,10.0,11.0,2.0,10.0
-0.47333333333333333,-0.49333333333333335,0.027394459777164475,0.9714285714285714,10.0,11.0,2.0,10.0
-0.5333333333333333,-0.5533333333333333,0.569150567310641,0.9428571428571428,9.0,11.0,2.0,10.0
-0.49333333333333335,-0.4866666666666667,0.02810998671164265,0.9714285714285714,10.0,11.0,2.0,10.0
-0.47333333333333333,-0.4866666666666667,0.041182925685727394,0.9142857142857143,8.0,8.0,2.0,10.0
-0.4666666666666667,-0.4866666666666667,0.041182925685727394,0.8857142857142857,7.0,8.0,2.0,10.0
-0.4666666666666667,-0.4866666666666667,0.016048246959010533,0.9714285714285714,10.0,11.0,2.0,10.0
-0.4866666666666667,-0.4866666666666667,0.030461003782070943,0.9714285714285714,10.0,11.0,2.0,10.0
-0.47333333333333333,-0.48,0.045406815499648166,0.9142857142857143,8.0,8.0,2.0,10.0
-0.5,-0.4866666666666667,0.030461003782070943,0.9714285714285714,10.0,11.0,2.0,10.0
-0.4866666666666667,-0.4866666666666667,0.10763569457221714,0.9714285714285714,10.0,11.0,2.0,10.0
-0.47333333333333333,-0.4866666666666667,0.02299908003679853,0.9714285714285714,10.0,11.0,2.0,10.0
-0.47333333333333333,-0.4866666666666667,0.023714606971276708,0.9714285714285714,10.0,11.0,2.0,10.0
-0.47333333333333333,-0.49333333333333335,0.03342532965348054,1.0,11.0,11.0,2.0,10.0
-0.48,-0.48,0.10506925912127886,0.9142857142857143,8.0,8.0,2.0,10.0
-0.5066666666666667,-0.5066666666666667,0.029567228697445307,0.9142857142857143,8.0,8.0,2.0,10.0
-0.49333333333333335,-0.4866666666666667,0.041182925685727394,0.9142857142857143,8.0,8.0,2.0,10.0
-0.4866666666666667,-0.4866666666666667,0.042238898139207594,0.9142857142857143,8.0,8.0,2.0,10.0
-0.47333333333333333,-0.4866666666666667,0.022999080036798538,0.9714285714285714,10.0,11.0,2.0,10.0
-0.5066666666666667,-0.4866666666666667,0.03748702209854673,0.9142857142857143,8.0,8.0,2.0,10.0
-0.4533333333333333,-0.47333333333333333,0.03748702209854673,0.9142857142857143,8.0,8.0,2.0,10.0
-0.46,-0.48,0.011615696988282085,0.8857142857142857,7.0,8.0,2.0,10.0
-0.5,-0.4866666666666667,0.03240314831851171,0.9428571428571428,9.0,11.0,2.0,10.0
-0.5,-0.49333333333333335,0.09843606255749773,0.9428571428571428,9.0,11.0,2.0,10.0
-0.48,-0.49333333333333335,0.057548809158744774,0.9714285714285714,10.0,11.0,2.0,10.0
-0.49333333333333335,-0.5,0.09873342440039773,0.9142857142857143,8.0,8.0,2.0,10.0
-0.4866666666666667,-0.4866666666666667,0.030461003782070943,0.9714285714285714,10.0,11.0,2.0,10.0
-0.47333333333333333,-0.4866666666666667,0.020443626699376473,0.9714285714285714,10.0,11.0,2.0,10.0
-0.4866666666666667,-0.5,0.022999080036798538,0.9428571428571428,9.0,11.0,2.0,10.0
-0.5,-0.4866666666666667,0.030461003782070943,0.9714285714285714,10.0,11.0,2.0,10.0
-0.5066666666666667,-0.4866666666666667,0.04699077417986845,0.9142857142857143,8.0,8.0,2.0,10.0
-0.46,-0.47333333333333333,0.07233411306339299,0.9142857142857143,8.0,8.0,2.0,10.0
-0.46,-0.48,0.025871325110264645,0.8857142857142857,7.0,8.0,2.0,10.0
-0.47333333333333333,-0.4866666666666667,0.03138096698354289,0.9714285714285714,10.0,11.0,2.0,10.0
-0.4666666666666667,-0.48,0.0047518760406608535,0.8857142857142857,7.0,8.0,2.0,10.0
-0.47333333333333333,-0.49333333333333335,0.01758151896146377,0.9714285714285714,10.0,11.0,2.0,10.0
-0.47333333333333333,-0.4866666666666667,0.042113871000715536,0.9714285714285714,10.0,11.0,2.0,10.0
-0.4666666666666667,-0.4866666666666667,0.041182925685727394,0.8857142857142857,7.0,8.0,2.0,10.0
-0.46,-0.4866666666666667,0.09767745194691756,0.8857142857142857,7.0,8.0,2.0,10.0
-0.46,-0.4866666666666667,0.041182925685727394,0.8857142857142857,7.0,8.0,2.0,10.0
-0.4866666666666667,-0.49333333333333335,0.042727179801696824,0.9714285714285714,10.0,11.0,2.0,10.0
-0.46,-0.48,0.05491056758096987,0.9142857142857143,8.0,8.0,2.0,10.0
-0.49333333333333335,-0.48,0.08342182382493499,0.9142857142857143,8.0,8.0,2.0,10.0
-0.4666666666666667,-0.4866666666666667,0.022999080036798538,1.0,11.0,11.0,2.0,10.0
-0.5,-0.4866666666666667,0.04364714300316877,0.9714285714285714,10.0,11.0,2.0,10.0
-0.47333333333333333,-0.47333333333333333,0.023759380203304262,0.9142857142857143,8.0,8.0,2.0,10.0
-0.49333333333333335,-0.5,0.022999080036798538,0.9428571428571428,9.0,11.0,2.0,10.0
-0.47333333333333333,-0.48,0.048574732860088725,0.9142857142857143,8.0,8.0,2.0,10.0
-0.47333333333333333,-0.4866666666666667,0.02299908003679853,0.9714285714285714,10.0,11.0,2.0,10.0
-0.49333333333333335,-0.49333333333333335,0.06460186037002966,0.9714285714285714,10.0,11.0,2.0,10.0
-0.5,-0.48,0.02534333888352456,0.9142857142857143,8.0,8.0,2.0,10.0
-0.47333333333333333,-0.4866666666666667,0.041182925685727394,0.9142857142857143,8.0,8.0,2.0,10.0
-0.4866666666666667,-0.48,0.04528263313911889,0.9714285714285714,10.0,11.0,2.0,10.0
-0.47333333333333333,-0.49333333333333335,0.06153531636512318,0.9714285714285714,10.0,11.0,2.0,10.0
-0.5,-0.4866666666666667,0.020443626699376473,0.9714285714285714,10.0,11.0,2.0,10.0
-0.46,-0.48,0.09450953458647696,0.9142857142857143,8.0,8.0,2.0,10.0
-0.4666666666666667,-0.47333333333333333,0.013199655668502371,0.9142857142857143,8.0,8.0,2.0,10.0
-0.49333333333333335,-0.49333333333333335,0.06863820947621233,0.9142857142857143,8.0,8.0,2.0,10.0
-0.5,-0.47333333333333333,0.006335834720881137,0.8857142857142857,7.0,8.0,2.0,10.0
-0.47333333333333333,-0.48,0.034847090964846256,0.9142857142857143,8.0,8.0,2.0,10.0
-0.47333333333333333,-0.4866666666666667,0.02299908003679853,0.9714285714285714,10.0,11.0,2.0,10.0
-0.47333333333333333,-0.4866666666666667,0.01953549038938351,0.9142857142857143,8.0,8.0,2.0,10.0
-0.5,-0.48,0.06547029211577175,0.8857142857142857,7.0,8.0,2.0,10.0
-0.4666666666666667,-0.48,0.06969418192969251,0.8857142857142857,7.0,8.0,2.0,10.0
-0.4866666666666667,-0.47333333333333333,0.11417765511601759,0.9142857142857143,8.0,11.0,2.0,10.0
-0.4666666666666667,-0.48,0.0047518760406608535,0.8857142857142857,7.0,8.0,2.0,10.0
-0.5266666666666666,-0.48,0.057446591025247885,0.9714285714285714,10.0,11.0,2.0,10.0
-0.4866666666666667,-0.49333333333333335,0.03342532965348054,1.0,11.0,11.0,2.0,10.0
-0.47333333333333333,-0.4866666666666667,0.020239190432382707,0.9714285714285714,10.0,11.0,2.0,10.0
-0.47333333333333333,-0.4866666666666667,0.025758969641214356,0.9714285714285714,10.0,11.0,2.0,10.0
-0.4666666666666667,-0.49333333333333335,0.02810998671164265,0.9714285714285714,10.0,11.0,2.0,10.0
-0.47333333333333333,-0.49333333333333335,0.010221813349688233,0.9714285714285714,10.0,11.0,2.0,10.0
-0.47333333333333333,-0.48,0.04528263313911889,0.9714285714285714,10.0,11.0,2.0,10.0
-0.47333333333333333,-0.47333333333333333,0.043749361136665645,0.9428571428571428,9.0,11.0,2.0,10.0
-0.49333333333333335,-0.4866666666666667,0.030461003782070943,0.9714285714285714,10.0,11.0,2.0,10.0
-0.48,-0.4866666666666667,0.030461003782070943,0.9714285714285714,10.0,11.0,2.0,10.0
-0.47333333333333333,-0.48,0.048553613411019124,0.9714285714285714,10.0,11.0,2.0,10.0
-0.4666666666666667,-0.4866666666666667,0.0628303609820713,0.8857142857142857,7.0,8.0,2.0,10.0
-0.47333333333333333,-0.49333333333333335,0.06460186037002966,0.9714285714285714,10.0,11.0,2.0,10.0
-0.4866666666666667,-0.4866666666666667,0.04518041500562201,0.9714285714285714,10.0,11.0,2.0,10.0
-0.47333333333333333,-0.48,0.00791979340110142,0.9142857142857143,8.0,8.0,2.0,10.0
-0.5,-0.48,0.07761397533079395,0.9142857142857143,8.0,8.0,2.0,10.0
-0.4533333333333333,-0.47333333333333333,0.01900750416264341,0.9142857142857143,8.0,8.0,2.0,10.0
-0.47333333333333333,-0.49333333333333335,0.011550649085147706,0.9714285714285714,10.0,11.0,2.0,10.0
-0.47333333333333333,-0.4866666666666667,0.020239190432382707,0.9714285714285714,10.0,11.0,2.0,10.0
-0.48,-0.4866666666666667,0.04364714300316877,0.9714285714285714,10.0,11.0,2.0,10.0
-0.46,-0.48,0.046462787953128346,0.9142857142857143,8.0,8.0,2.0,10.0
-0.47333333333333333,-0.4866666666666667,0.022999080036798538,0.9714285714285714,10.0,11.0,2.0,10.0
-0.47333333333333333,-0.4866666666666667,0.020443626699376473,0.9714285714285714,10.0,11.0,2.0,10.0
-0.4866666666666667,-0.4866666666666667,0.03138096698354289,0.9714285714285714,10.0,11.0,2.0,10.0
-0.4866666666666667,-0.5,0.03379111851136607,0.9142857142857143,8.0,8.0,2.0,10.0
-0.47333333333333333,-0.4866666666666667,0.020239190432382707,0.9714285714285714,10.0,11.0,2.0,10.0
-0.47333333333333333,-0.48,0.034847090964846256,0.9142857142857143,8.0,8.0,2.0,10.0
-0.4666666666666667,-0.4866666666666667,0.022999080036798538,0.9714285714285714,10.0,11.0,2.0,10.0
-0.48,-0.49333333333333335,0.02637227844219565,0.9714285714285714,10.0,11.0,2.0,10.0
-0.48,-0.49333333333333335,0.02637227844219565,0.9714285714285714,10.0,11.0,2.0,10.0
-0.48,-0.49333333333333335,0.057548809158744774,0.9714285714285714,10.0,11.0,2.0,10.0
-0.4666666666666667,-0.48,0.014255628121982562,0.8857142857142857,7.0,8.0,2.0,10.0
-0.47333333333333333,-0.4866666666666667,0.04518041500562201,0.9714285714285714,10.0,11.0,2.0,10.0
-0.49333333333333335,-0.49333333333333335,0.02810998671164265,0.9714285714285714,10.0,11.0,2.0,10.0
-0.5266666666666666,-0.4866666666666667,0.02892773177961771,0.9714285714285714,10.0,11.0,2.0,10.0
-0.4866666666666667,-0.5,0.022999080036798538,0.9428571428571428,9.0,11.0,2.0,10.0
-0.4866666666666667,-0.49333333333333335,0.010221813349688233,0.9714285714285714,10.0,11.0,2.0,10.0
-0.47333333333333333,-0.4866666666666667,0.02810998671164265,0.9714285714285714,10.0,11.0,2.0,10.0
-0.4666666666666667,-0.4866666666666667,0.09767745194691756,0.8857142857142857,7.0,8.0,2.0,10.0
-0.5266666666666666,-0.49333333333333335,0.027394459777164475,0.9714285714285714,10.0,11.0,2.0,10.0
-0.46,-0.48,0.02534333888352456,0.9142857142857143,8.0,8.0,2.0,10.0
-0.47333333333333333,-0.47333333333333333,0.11417765511601759,0.9142857142857143,8.0,11.0,2.0,10.0
-0.4666666666666667,-0.4866666666666667,0.20372074005928656,0.9714285714285714,10.0,11.0,2.0,10.0
-0.48,-0.47333333333333333,0.11417765511601759,0.9142857142857143,8.0,11.0,2.0,10.0
-0.49333333333333335,-0.5,0.03291423898599612,0.9428571428571428,9.0,11.0,2.0,10.0
-0.4666666666666667,-0.47333333333333333,0.11417765511601759,0.9142857142857143,8.0,11.0,2.0,10.0
-0.47333333333333333,-0.4866666666666667,0.014106102422569766,0.9714285714285714,10.0,11.0,2.0,10.0
-0.47333333333333333,-0.48,0.048553613411019124,0.9714285714285714,10.0,11.0,2.0,10.0
-0.5,-0.49333333333333335,0.18777471123377287,0.9142857142857143,8.0,11.0,2.0,10.0
-0.54,-0.4866666666666667,0.04364714300316877,0.9714285714285714,10.0,11.0,2.0,10.0
-0.5266666666666666,-0.4866666666666667,0.03138096698354289,0.9714285714285714,10.0,11.0,2.0,10.0
-0.4666666666666667,-0.48,0.06547029211577175,0.8857142857142857,7.0,8.0,2.0,10.0
-0.4666666666666667,-0.47333333333333333,0.043749361136665645,0.9428571428571428,9.0,11.0,2.0,10.0
-0.48,-0.4866666666666667,0.04599816007359705,0.9714285714285714,10.0,11.0,2.0,10.0
-0.5,-0.48,0.05385459512748969,0.9142857142857143,8.0,8.0,2.0,10.0
-0.47333333333333333,-0.49333333333333335,0.01758151896146377,0.9714285714285714,10.0,11.0,2.0,10.0
-0.48,-0.4866666666666667,0.05550444648880714,0.9714285714285714,10.0,11.0,2.0,10.0
-0.48,-0.48,0.017581518961463767,0.9714285714285714,10.0,11.0,2.0,10.0
-0.49333333333333335,-0.48,0.01900750416264341,0.9142857142857143,8.0,8.0,2.0,10.0
-0.4866666666666667,-0.4866666666666667,0.04518041500562201,0.9714285714285714,10.0,11.0,2.0,10.0
-0.4666666666666667,-0.4866666666666667,0.023714606971276708,0.9714285714285714,10.0,11.0,2.0,10.0
-0.5266666666666666,-0.4866666666666667,0.02892773177961771,0.9714285714285714,10.0,11.0,2.0,10.0
-0.47333333333333333,-0.4866666666666667,0.03138096698354289,0.9714285714285714,10.0,11.0,2.0,10.0
-0.47333333333333333,-0.48,0.011615696988282085,0.8857142857142857,7.0,8.0,2.0,10.0
-0.4666666666666667,-0.48,0.011615696988282085,0.8857142857142857,7.0,8.0,2.0,10.0
-0.5133333333333333,-0.4866666666666667,0.10763569457221714,0.9714285714285714,10.0,11.0,2.0,10.0
-0.4666666666666667,-0.49333333333333335,0.02810998671164265,0.9714285714285714,10.0,11.0,2.0,10.0
-0.47333333333333333,-0.49333333333333335,0.07708598910405386,0.9142857142857143,8.0,8.0,2.0,10.0
-0.47333333333333333,-0.4866666666666667,0.016048246959010533,0.9714285714285714,10.0,11.0,2.0,10.0
-0.46,-0.48,0.02534333888352456,0.9142857142857143,8.0,8.0,2.0,10.0
-0.47333333333333333,-0.47333333333333333,0.09767745194691756,0.9142857142857143,8.0,8.0,2.0,10.0
-0.5666666666666667,-0.48,0.048553613411019124,0.9714285714285714,10.0,11.0,2.0,10.0
-0.49333333333333335,-0.48,0.048574732860088725,0.9142857142857143,8.0,8.0,2.0,10.0
-0.4666666666666667,-0.4866666666666667,0.020239190432382707,0.9714285714285714,10.0,11.0,2.0,10.0
-0.4666666666666667,-0.48,0.09767745194691753,0.9142857142857143,8.0,8.0,2.0,10.0
-0.48,-0.4866666666666667,0.016048246959010533,0.9714285714285714,10.0,11.0,2.0,10.0
-0.47333333333333333,-0.48,0.01900750416264341,0.9142857142857143,8.0,8.0,2.0,10.0
-0.4666666666666667,-0.48,0.06969418192969251,0.8857142857142857,7.0,8.0,2.0,10.0
-0.49333333333333335,-0.49333333333333335,0.042727179801696824,0.9714285714285714,10.0,11.0,2.0,10.0
-0.48,-0.49333333333333335,0.06460186037002966,0.9714285714285714,10.0,11.0,2.0,10.0
-0.4866666666666667,-0.48,0.09767745194691753,0.9142857142857143,8.0,8.0,2.0,10.0
-0.48,-0.4866666666666667,0.03138096698354289,0.9714285714285714,10.0,11.0,2.0,10.0
-0.5133333333333333,-0.4866666666666667,0.020443626699376473,0.9714285714285714,10.0,11.0,2.0,10.0
-0.47333333333333333,-0.48,0.048553613411019124,0.9714285714285714,10.0,11.0,2.0,10.0
-0.47333333333333333,-0.48,0.06441431966229157,0.8857142857142857,7.0,8.0,2.0,10.0
-0.47333333333333333,-0.4866666666666667,0.05550444648880714,0.9714285714285714,10.0,11.0,2.0,10.0
-0.4666666666666667,-0.4866666666666667,0.072334113063393,0.8857142857142857,7.0,8.0,2.0,10.0
-0.47333333333333333,-0.48,0.025871325110264645,0.8857142857142857,7.0,8.0,2.0,10.0
-0.47333333333333333,-0.4866666666666667,0.09450953458647697,0.9142857142857143,8.0,8.0,2.0,10.0
-0.48,-0.48,0.04528263313911889,0.9714285714285714,10.0,11.0,2.0,10.0
-0.47333333333333333,-0.48,0.02217542152308398,0.8857142857142857,7.0,8.0,2.0,10.0
-0.49333333333333335,-0.47333333333333333,0.11417765511601759,0.9142857142857143,8.0,11.0,2.0,10.0
-0.48,-0.48,0.06969418192969251,0.9142857142857143,8.0,8.0,2.0,10.0
-0.5,-0.48,0.07761397533079395,0.9142857142857143,8.0,8.0,2.0,10.0
-0.4866666666666667,-0.48,0.02217542152308398,0.8857142857142857,7.0,8.0,2.0,10.0
-0.4666666666666667,-0.47333333333333333,0.09767745194691756,0.9142857142857143,8.0,8.0,2.0,10.0
-0.47333333333333333,-0.48,0.07761397533079395,0.9142857142857143,8.0,8.0,2.0,10.0
-0.47333333333333333,-0.48,0.017581518961463767,0.9714285714285714,10.0,11.0,2.0,10.0
-0.48,-0.49333333333333335,0.06460186037002966,0.9714285714285714,10.0,11.0,2.0,10.0
-0.47333333333333333,-0.48,0.04528263313911889,0.9714285714285714,10.0,11.0,2.0,10.0
-0.47333333333333333,-0.4866666666666667,0.042238898139207594,0.9142857142857143,8.0,8.0,2.0,10.0
-0.4666666666666667,-0.47333333333333333,0.006335834720881137,0.8857142857142857,7.0,8.0,2.0,10.0
-0.5,-0.4866666666666667,0.09767745194691756,0.8857142857142857,7.0,8.0,2.0,10.0
-0.47333333333333333,-0.4866666666666667,0.025758969641214356,0.9714285714285714,10.0,11.0,2.0,10.0
-0.47333333333333333,-0.48,0.048553613411019124,0.9714285714285714,10.0,11.0,2.0,10.0
-0.49333333333333335,-0.4866666666666667,0.01953549038938351,0.9142857142857143,8.0,8.0,2.0,10.0
-0.48,-0.4866666666666667,0.03240314831851171,0.9428571428571428,9.0,11.0,2.0,10.0
-0.47333333333333333,-0.49333333333333335,0.027394459777164475,0.9714285714285714,10.0,11.0,2.0,10.0
-0.5133333333333333,-0.5066666666666667,0.07237043851579272,0.9428571428571428,9.0,11.0,2.0,10.0
-0.47333333333333333,-0.4866666666666667,0.014106102422569766,0.9714285714285714,10.0,11.0,2.0,10.0
-0.4666666666666667,-0.4866666666666667,0.020239190432382707,0.9714285714285714,10.0,11.0,2.0,10.0
-0.4666666666666667,-0.48,0.02217542152308398,0.8857142857142857,7.0,8.0,2.0,10.0
-0.5,-0.5066666666666667,0.07237043851579272,0.9428571428571428,9.0,11.0,2.0,10.0
-0.4666666666666667,-0.48,0.007391807174361327,0.8,4.0,8.0,2.0,10.0
-0.5466666666666666,-0.4866666666666667,0.20372074005928656,0.9714285714285714,10.0,11.0,2.0,10.0
-0.4666666666666667,-0.48,0.06969418192969251,0.9142857142857143,8.0,8.0,2.0,10.0
-0.46,-0.48,0.02217542152308398,0.8857142857142857,7.0,8.0,2.0,10.0
-0.47333333333333333,-0.4866666666666667,0.09450953458647697,0.9142857142857143,8.0,8.0,2.0,10.0
-0.48,-0.4866666666666667,0.03240314831851171,0.9428571428571428,9.0,11.0,2.0,10.0
-0.4666666666666667,-0.48,0.04223889813920759,0.9142857142857143,8.0,8.0,2.0,10.0
-0.4866666666666667,-0.47333333333333333,0.03748702209854673,0.9142857142857143,8.0,8.0,2.0,10.0
-0.49333333333333335,-0.4866666666666667,0.03240314831851171,0.9428571428571428,9.0,11.0,2.0,10.0
-0.49333333333333335,-0.4866666666666667,0.05550444648880714,0.9714285714285714,10.0,11.0,2.0,10.0
-0.4666666666666667,-0.4866666666666667,0.042238898139207594,0.9142857142857143,8.0,8.0,2.0,10.0
-0.46,-0.47333333333333333,0.00791979340110142,0.8857142857142857,7.0,8.0,2.0,10.0
-0.47333333333333333,-0.49333333333333335,0.06460186037002966,0.9714285714285714,10.0,11.0,2.0,10.0
-0.4533333333333333,-0.4666666666666667,0.017951531709163217,0.8857142857142857,7.0,8.0,2.0,10.0
-0.49333333333333335,-0.48,0.04528263313911889,0.9714285714285714,10.0,11.0,2.0,10.0
-0.4866666666666667,-0.47333333333333333,0.01900750416264341,0.9142857142857143,8.0,8.0,2.0,10.0
-0.48,-0.4866666666666667,0.03352754778697742,1.0,11.0,11.0,2.0,10.0
-0.5133333333333333,-0.4866666666666667,0.020443626699376473,0.9714285714285714,10.0,11.0,2.0,10.0
-0.48,-0.4866666666666667,0.04364714300316877,0.9714285714285714,10.0,11.0,2.0,10.0
-0.4666666666666667,-0.47333333333333333,0.043749361136665645,0.9428571428571428,9.0,11.0,2.0,10.0
-0.47333333333333333,-0.49333333333333335,0.06460186037002966,0.9714285714285714,10.0,11.0,2.0,10.0
-0.5066666666666667,-0.4866666666666667,0.057022512487930256,0.9142857142857143,8.0,8.0,2.0,10.0
-0.4666666666666667,-0.48,0.007391807174361327,0.8857142857142857,7.0,8.0,2.0,10.0
-0.47333333333333333,-0.48,0.006335834720881137,0.9142857142857143,8.0,8.0,2.0,10.0
-0.46,-0.48,0.0047518760406608535,0.8857142857142857,7.0,8.0,2.0,10.0
-0.4533333333333333,-0.47333333333333333,0.00791979340110142,0.8857142857142857,7.0,8.0,2.0,10.0
-0.47333333333333333,-0.49333333333333335,0.01758151896146377,0.9714285714285714,10.0,11.0,2.0,10.0
-0.47333333333333333,-0.48,0.010559724534801893,0.9142857142857143,8.0,8.0,2.0,10.0
-0.4666666666666667,-0.48,0.02534333888352456,0.8857142857142857,7.0,8.0,2.0,10.0
-0.47333333333333333,-0.48,0.05385459512748969,0.9142857142857143,8.0,8.0,2.0,10.0
-0.46,-0.47333333333333333,0.03748702209854673,0.9142857142857143,8.0,8.0,2.0,10.0
-0.4666666666666667,-0.4866666666666667,0.022999080036798538,1.0,11.0,11.0,2.0,10.0
-0.4866666666666667,-0.48,0.0311511873776656,0.9142857142857143,8.0,8.0,2.0,10.0
-0.47333333333333333,-0.4866666666666667,0.025758969641214356,0.9714285714285714,10.0,11.0,2.0,10.0
-0.5133333333333333,-0.48,0.00791979340110142,0.9142857142857143,8.0,8.0,2.0,10.0
-0.48,-0.49333333333333335,0.057548809158744774,0.9714285714285714,10.0,11.0,2.0,10.0
-0.4866666666666667,-0.4866666666666667,0.02810998671164265,0.9714285714285714,10.0,11.0,2.0,10.0
-0.5066666666666667,-0.48,0.08342182382493499,0.9142857142857143,8.0,8.0,2.0,10.0
-0.47333333333333333,-0.48,0.048553613411019124,0.9714285714285714,10.0,11.0,2.0,10.0
-0.4666666666666667,-0.4866666666666667,0.072334113063393,0.8857142857142857,7.0,8.0,2.0,10.0
-0.46,-0.47333333333333333,0.013199655668502371,0.9142857142857143,8.0,8.0,2.0,10.0
-0.4666666666666667,-0.4866666666666667,0.022999080036798538,1.0,11.0,11.0,2.0,10.0
-0.47333333333333333,-0.5,0.01758151896146377,0.9714285714285714,10.0,11.0,2.0,10.0
-0.4666666666666667,-0.48,0.06969418192969251,0.8857142857142857,7.0,8.0,2.0,10.0
-0.46,-0.48,0.05385459512748969,0.9142857142857143,8.0,8.0,2.0,10.0
-0.4866666666666667,-0.49333333333333335,0.057548809158744774,0.9714285714285714,10.0,11.0,2.0,10.0
-0.47333333333333333,-0.4866666666666667,0.04364714300316877,0.9714285714285714,10.0,11.0,2.0,10.0
-0.47333333333333333,-0.4866666666666667,0.014106102422569766,0.9714285714285714,10.0,11.0,2.0,10.0
-0.4533333333333333,-0.47333333333333333,0.023759380203304262,0.9142857142857143,8.0,8.0,2.0,10.0
-0.48,-0.4866666666666667,0.042113871000715536,0.9714285714285714,10.0,11.0,2.0,10.0
-0.4666666666666667,-0.48,0.011615696988282085,0.9142857142857143,8.0,8.0,2.0,10.0
-0.47333333333333333,-0.49333333333333335,0.027394459777164475,0.9714285714285714,10.0,11.0,2.0,10.0
-0.47333333333333333,-0.4866666666666667,0.03352754778697742,1.0,11.0,11.0,2.0,10.0
-0.4866666666666667,-0.4866666666666667,0.022999080036798538,1.0,11.0,11.0,2.0,10.0
-0.54,-0.4866666666666667,0.04364714300316877,0.9714285714285714,10.0,11.0,2.0,10.0
-0.4866666666666667,-0.49333333333333335,0.011550649085147706,0.9714285714285714,10.0,11.0,2.0,10.0
-0.47333333333333333,-0.49333333333333335,0.027394459777164478,0.9714285714285714,10.0,11.0,2.0,10.0
-0.4866666666666667,-0.49333333333333335,0.057548809158744774,0.9714285714285714,10.0,11.0,2.0,10.0
-0.47333333333333333,-0.48,0.057446591025247885,0.9714285714285714,10.0,11.0,2.0,10.0
-0.48,-0.4866666666666667,0.20372074005928656,0.9714285714285714,10.0,11.0,2.0,10.0
-0.4666666666666667,-0.48,0.010559724534801893,0.9142857142857143,8.0,8.0,2.0,10.0
-0.5133333333333333,-0.49333333333333335,0.18777471123377287,0.9142857142857143,8.0,11.0,2.0,10.0
-0.48,-0.48,0.048553613411019124,0.9714285714285714,10.0,11.0,2.0,10.0
-0.47333333333333333,-0.48,0.017581518961463767,0.9714285714285714,10.0,11.0,2.0,10.0
-0.47333333333333333,-0.4866666666666667,0.020443626699376473,0.9714285714285714,10.0,11.0,2.0,10.0
-0.49333333333333335,-0.4866666666666667,0.041182925685727394,0.8857142857142857,7.0,8.0,2.0,10.0
-0.4666666666666667,-0.48,0.045406815499648166,0.9142857142857143,8.0,8.0,2.0,10.0
-0.47333333333333333,-0.48,0.04276688436594769,0.9142857142857143,8.0,8.0,2.0,10.0
-0.46,-0.48,0.06547029211577175,0.8857142857142857,7.0,8.0,2.0,10.0
-0.48,-0.4866666666666667,0.022999080036798538,1.0,11.0,11.0,2.0,10.0
-0.5466666666666666,-0.5,0.03291423898599612,0.9428571428571428,9.0,11.0,2.0,10.0
-0.48,-0.4866666666666667,0.04344270673617501,0.9428571428571428,9.0,11.0,2.0,10.0
-0.47333333333333333,-0.48,0.04223889813920759,0.9142857142857143,8.0,8.0,2.0,10.0
-0.4666666666666667,-0.48,0.01900750416264341,0.9142857142857143,8.0,8.0,2.0,10.0
-0.48,-0.48,0.010559724534801893,0.9142857142857143,8.0,8.0,2.0,10.0
-0.5466666666666666,-0.5,0.022999080036798538,0.9428571428571428,9.0,11.0,2.0,10.0
-0.47333333333333333,-0.4866666666666667,0.042238898139207594,0.9142857142857143,8.0,8.0,2.0,10.0
-0.47333333333333333,-0.4866666666666667,0.07233411306339299,0.9142857142857143,8.0,8.0,2.0,10.0
-0.49333333333333335,-0.48,0.06441431966229157,0.8857142857142857,7.0,8.0,2.0,10.0
-0.49333333333333335,-0.49333333333333335,0.06153531636512318,0.9714285714285714,10.0,11.0,2.0,10.0
-0.47333333333333333,-0.4866666666666667,0.03352754778697742,1.0,11.0,11.0,2.0,10.0
-0.5266666666666666,-0.49333333333333335,0.027394459777164475,0.9714285714285714,10.0,11.0,2.0,10.0
-0.48,-0.4866666666666667,0.022999080036798538,1.0,11.0,11.0,2.0,10.0
-0.47333333333333333,-0.4866666666666667,0.04364714300316877,0.9714285714285714,10.0,11.0,2.0,10.0
-0.4666666666666667,-0.49333333333333335,0.020443626699376476,1.0,11.0,11.0,2.0,10.0
-0.4666666666666667,-0.47333333333333333,0.00791979340110142,0.8857142857142857,7.0,8.0,2.0,10.0
-0.5333333333333333,-0.4866666666666667,0.20372074005928656,0.9714285714285714,10.0,11.0,2.0,10.0
-0.5,-0.5,0.03291423898599612,0.9428571428571428,9.0,11.0,2.0,10.0
-0.47333333333333333,-0.48,0.03748702209854673,0.9142857142857143,8.0,8.0,2.0,10.0
-0.4866666666666667,-0.4866666666666667,0.0628303609820713,0.8857142857142857,7.0,8.0,2.0,10.0
-0.49333333333333335,-0.4866666666666667,0.09450953458647697,0.9142857142857143,8.0,8.0,2.0,10.0
-0.5333333333333333,-0.5533333333333333,0.569150567310641,0.9428571428571428,9.0,11.0,2.0,10.0
-0.48,-0.4866666666666667,0.022999080036798538,0.9714285714285714,10.0,11.0,2.0,10.0
-0.4666666666666667,-0.4866666666666667,0.022999080036798538,1.0,11.0,11.0,2.0,10.0
-0.5133333333333333,-0.49333333333333335,0.042727179801696824,0.9714285714285714,10.0,11.0,2.0,10.0
-0.47333333333333333,-0.49333333333333335,0.010221813349688233,0.9714285714285714,10.0,11.0,2.0,10.0
-0.5066666666666667,-0.4866666666666667,0.041182925685727394,0.9142857142857143,8.0,8.0,2.0,10.0
-0.48,-0.4866666666666667,0.03748702209854673,0.9142857142857143,8.0,8.0,2.0,10.0
-0.4533333333333333,-0.47333333333333333,0.023759380203304262,0.9142857142857143,8.0,8.0,2.0,10.0
-0.4866666666666667,-0.4866666666666667,0.04344270673617501,0.9428571428571428,9.0,11.0,2.0,10.0
-0.4866666666666667,-0.49333333333333335,0.03342532965348054,1.0,11.0,11.0,2.0,10.0
-0.4866666666666667,-0.4666666666666667,0.017951531709163217,0.8857142857142857,7.0,8.0,2.0,10.0
-0.4666666666666667,-0.48,0.006335834720881137,0.9142857142857143,8.0,8.0,2.0,10.0
-0.4866666666666667,-0.47333333333333333,0.013199655668502371,0.9142857142857143,8.0,8.0,2.0,10.0
-0.4866666666666667,-0.5,0.022999080036798538,0.9428571428571428,9.0,11.0,2.0,10.0
-0.5,-0.49333333333333335,0.057548809158744774,0.9714285714285714,10.0,11.0,2.0,10.0
-0.4866666666666667,-0.48,0.05385459512748969,0.9142857142857143,8.0,8.0,2.0,10.0
-0.4866666666666667,-0.4866666666666667,0.02810998671164265,0.9714285714285714,10.0,11.0,2.0,10.0
-0.5,-0.48,0.0311511873776656,0.9142857142857143,8.0,8.0,2.0,10.0
-0.48,-0.4866666666666667,0.04364714300316877,0.9714285714285714,10.0,11.0,2.0,10.0
-0.47333333333333333,-0.4866666666666667,0.022999080036798538,0.9714285714285714,10.0,11.0,2.0,10.0
-0.47333333333333333,-0.4866666666666667,0.05550444648880714,0.9714285714285714,10.0,11.0,2.0,10.0
-0.47333333333333333,-0.4866666666666667,0.03748702209854673,0.9142857142857143,8.0,8.0,2.0,10.0
-0.5133333333333333,-0.4866666666666667,0.20372074005928656,0.9714285714285714,10.0,11.0,2.0,10.0
-0.47333333333333333,-0.4866666666666667,0.09767745194691756,0.8857142857142857,7.0,8.0,2.0,10.0
-0.48,-0.4866666666666667,0.10763569457221714,0.9714285714285714,10.0,11.0,2.0,10.0
-0.49333333333333335,-0.49333333333333335,0.03342532965348054,1.0,11.0,11.0,2.0,10.0
-0.47333333333333333,-0.4866666666666667,0.020443626699376473,0.9714285714285714,10.0,11.0,2.0,10.0
-0.47333333333333333,-0.49333333333333335,0.06460186037002966,0.9714285714285714,10.0,11.0,2.0,10.0
-0.48,-0.4866666666666667,0.07233411306339299,0.9142857142857143,8.0,8.0,2.0,10.0
-0.6466666666666666,-0.4866666666666667,0.04599816007359705,0.9714285714285714,10.0,11.0,2.0,10.0
-0.4666666666666667,-0.49333333333333335,0.020443626699376476,1.0,11.0,11.0,2.0,10.0
-0.49333333333333335,-0.4866666666666667,0.03240314831851171,0.9428571428571428,9.0,11.0,2.0,10.0
-0.5,-0.48,0.03748702209854673,0.9142857142857143,8.0,8.0,2.0,10.0
-0.47333333333333333,-0.4866666666666667,0.07233411306339299,0.9142857142857143,8.0,8.0,2.0,10.0
-0.4666666666666667,-0.48,0.01900750416264341,0.9142857142857143,8.0,8.0,2.0,10.0
-0.48,-0.49333333333333335,0.06460186037002966,0.9714285714285714,10.0,11.0,2.0,10.0
-0.46,-0.48,0.011615696988282085,0.9142857142857143,8.0,8.0,2.0,10.0
-0.4866666666666667,-0.5066666666666667,0.07237043851579272,0.9428571428571428,9.0,11.0,2.0,10.0
-0.4666666666666667,-0.48,0.014255628121982562,0.8857142857142857,7.0,8.0,2.0,10.0
-0.47333333333333333,-0.49333333333333335,0.027394459777164478,0.9714285714285714,10.0,11.0,2.0,10.0
-0.4666666666666667,-0.48,0.06547029211577175,0.8857142857142857,7.0,8.0,2.0,10.0
-0.49333333333333335,-0.49333333333333335,0.06153531636512318,0.9714285714285714,10.0,11.0,2.0,10.0
-0.48,-0.4866666666666667,0.04599816007359705,0.9714285714285714,10.0,11.0,2.0,10.0
-0.5066666666666667,-0.49333333333333335,0.05702251248793025,0.9142857142857143,8.0,8.0,2.0,10.0
-0.48,-0.4866666666666667,0.05550444648880714,0.9714285714285714,10.0,11.0,2.0,10.0
-0.48,-0.4866666666666667,0.04599816007359705,0.9714285714285714,10.0,11.0,2.0,10.0
-0.46,-0.47333333333333333,0.043749361136665645,0.9428571428571428,9.0,11.0,2.0,10.0
-0.48,-0.4866666666666667,0.014106102422569766,0.9714285714285714,10.0,11.0,2.0,10.0
-0.5266666666666666,-0.4866666666666667,0.03240314831851171,0.9428571428571428,9.0,11.0,2.0,10.0
-0.47333333333333333,-0.49333333333333335,0.04540681549964815,0.9142857142857143,8.0,8.0,2.0,10.0
-0.47333333333333333,-0.4866666666666667,0.057022512487930256,0.9142857142857143,8.0,8.0,2.0,10.0
-0.49333333333333335,-0.5,0.09873342440039773,0.9142857142857143,8.0,8.0,2.0,10.0
-0.5,-0.49333333333333335,0.05702251248793025,0.9142857142857143,8.0,8.0,2.0,10.0
-0.47333333333333333,-0.48,0.04540681549964815,0.9142857142857143,8.0,8.0,2.0,10.0
-0.49333333333333335,-0.4866666666666667,0.0813098789179746,0.9142857142857143,8.0,8.0,2.0,10.0
-0.4666666666666667,-0.48,0.029567228697445307,0.8857142857142857,7.0,8.0,2.0,10.0
-0.47333333333333333,-0.4866666666666667,0.04699077417986845,0.9142857142857143,8.0,8.0,2.0,10.0
-0.48,-0.4866666666666667,0.04518041500562201,0.9714285714285714,10.0,11.0,2.0,10.0
-0.47333333333333333,-0.47333333333333333,0.043749361136665645,0.9428571428571428,9.0,11.0,2.0,10.0
-0.47333333333333333,-0.49333333333333335,0.011550649085147706,0.9714285714285714,10.0,11.0,2.0,10.0
-0.47333333333333333,-0.4866666666666667,0.04364714300316877,0.9714285714285714,10.0,11.0,2.0,10.0
-0.47333333333333333,-0.4866666666666667,0.042113871000715536,0.9714285714285714,10.0,11.0,2.0,10.0
-0.47333333333333333,-0.49333333333333335,0.07708598910405386,0.9142857142857143,8.0,8.0,2.0,10.0
-0.48,-0.48,0.017581518961463767,0.9714285714285714,10.0,11.0,2.0,10.0
-0.54,-0.4866666666666667,0.04344270673617501,0.9428571428571428,9.0,11.0,2.0,10.0
-0.46,-0.48,0.03748702209854673,0.9142857142857143,8.0,8.0,2.0,10.0
-0.5333333333333333,-0.5533333333333333,0.569150567310641,0.9428571428571428,9.0,11.0,2.0,10.0
-0.5,-0.48,0.011615696988282085,0.9142857142857143,8.0,8.0,2.0,10.0
-0.4666666666666667,-0.49333333333333335,0.02810998671164265,0.9714285714285714,10.0,11.0,2.0,10.0
-0.5,-0.5,0.03291423898599612,0.9428571428571428,9.0,11.0,2.0,10.0
-0.4666666666666667,-0.48,0.06547029211577175,0.8857142857142857,7.0,8.0,2.0,10.0
-0.48,-0.49333333333333335,0.01758151896146377,0.9714285714285714,10.0,11.0,2.0,10.0
-0.46,-0.48,0.06441431966229157,0.8857142857142857,7.0,8.0,2.0,10.0
-0.5,-0.49333333333333335,0.06153531636512318,0.9714285714285714,10.0,11.0,2.0,10.0
-0.4866666666666667,-0.48,0.09767745194691753,0.9142857142857143,8.0,8.0,2.0,10.0
-0.58,-0.5533333333333333,0.569150567310641,0.9428571428571428,9.0,11.0,2.0,10.0
-0.49333333333333335,-0.49333333333333335,0.01953549038938351,0.9142857142857143,8.0,8.0,2.0,10.0
-0.48,-0.4866666666666667,0.04344270673617501,0.9428571428571428,9.0,11.0,2.0,10.0
-0.4866666666666667,-0.4866666666666667,0.04364714300316877,0.9714285714285714,10.0,11.0,2.0,10.0
-0.4666666666666667,-0.4866666666666667,0.0628303609820713,0.8857142857142857,7.0,8.0,2.0,10.0
-0.44,-0.4666666666666667,0.017951531709163217,0.8857142857142857,7.0,8.0,2.0,10.0
-0.4666666666666667,-0.47333333333333333,0.013199655668502371,0.9142857142857143,8.0,8.0,2.0,10.0
-0.49333333333333335,-0.49333333333333335,0.027394459777164478,0.9714285714285714,10.0,11.0,2.0,10.0
-0.48,-0.4866666666666667,0.02892773177961771,0.9714285714285714,10.0,11.0,2.0,10.0
-0.46,-0.48,0.07761397533079395,0.9142857142857143,8.0,8.0,2.0,10.0
-0.47333333333333333,-0.48,0.007391807174361327,0.8,4.0,8.0,2.0,10.0
-0.5,-0.49333333333333335,0.06460186037002966,0.9714285714285714,10.0,11.0,2.0,10.0
-0.4866666666666667,-0.4866666666666667,0.05550444648880714,0.9714285714285714,10.0,11.0,2.0,10.0
-0.5133333333333333,-0.49333333333333335,0.05702251248793025,0.9142857142857143,8.0,8.0,2.0,10.0
-0.4866666666666667,-0.48,0.09450953458647696,0.9142857142857143,8.0,8.0,2.0,10.0
-0.4666666666666667,-0.47333333333333333,0.023759380203304262,0.9142857142857143,8.0,8.0,2.0,10.0
-0.4666666666666667,-0.49333333333333335,0.02810998671164265,0.9714285714285714,10.0,11.0,2.0,10.0
-0.47333333333333333,-0.48,0.00791979340110142,0.9142857142857143,8.0,8.0,2.0,10.0
-0.47333333333333333,-0.49333333333333335,0.03342532965348054,1.0,11.0,11.0,2.0,10.0
-0.47333333333333333,-0.49333333333333335,0.010221813349688233,0.9714285714285714,10.0,11.0,2.0,10.0
-0.4866666666666667,-0.49333333333333335,0.01758151896146377,0.9714285714285714,10.0,11.0,2.0,10.0
-0.4666666666666667,-0.48,0.046462787953128346,0.9142857142857143,8.0,8.0,2.0,10.0
-0.47333333333333333,-0.4866666666666667,0.02892773177961771,0.9714285714285714,10.0,11.0,2.0,10.0
-0.4666666666666667,-0.4866666666666667,0.041182925685727394,0.8857142857142857,7.0,8.0,2.0,10.0
-0.47333333333333333,-0.48,0.057446591025247885,0.9714285714285714,10.0,11.0,2.0,10.0
-0.4866666666666667,-0.49333333333333335,0.07708598910405386,0.9142857142857143,8.0,8.0,2.0,10.0
-0.4666666666666667,-0.48,0.0718061268366529,0.8857142857142857,7.0,8.0,2.0,10.0
-0.48,-0.5066666666666667,0.07237043851579272,0.9428571428571428,9.0,11.0,2.0,10.0
-0.46,-0.4866666666666667,0.0628303609820713,0.8857142857142857,7.0,8.0,2.0,10.0
-0.49333333333333335,-0.5066666666666667,0.08342182382493499,0.9142857142857143,8.0,8.0,2.0,10.0
-0.5,-0.4866666666666667,0.041182925685727394,0.9142857142857143,8.0,8.0,2.0,10.0
-0.48,-0.4866666666666667,0.04599816007359705,0.9714285714285714,10.0,11.0,2.0,10.0
-0.47333333333333333,-0.48,0.03748702209854673,0.9142857142857143,8.0,8.0,2.0,10.0
-0.46,-0.49333333333333335,0.027394459777164478,0.9714285714285714,10.0,11.0,2.0,10.0
-0.47333333333333333,-0.4866666666666667,0.014106102422569766,0.9714285714285714,10.0,11.0,2.0,10.0
-0.47333333333333333,-0.48,0.04528263313911889,0.9714285714285714,10.0,11.0,2.0,10.0
-0.5,-0.48,0.02217542152308398,0.8857142857142857,7.0,8.0,2.0,10.0
-0.4866666666666667,-0.49333333333333335,0.05702251248793025,0.9142857142857143,8.0,8.0,2.0,10.0
-0.4866666666666667,-0.4866666666666667,0.10763569457221714,0.9714285714285714,10.0,11.0,2.0,10.0
-0.47333333333333333,-0.49333333333333335,0.01758151896146377,0.9714285714285714,10.0,11.0,2.0,10.0
-0.5266666666666666,-0.4866666666666667,0.020239190432382707,0.9714285714285714,10.0,11.0,2.0,10.0
-0.4666666666666667,-0.4866666666666667,0.022999080036798538,1.0,11.0,11.0,2.0,10.0
-0.49333333333333335,-0.49333333333333335,0.04540681549964815,0.9142857142857143,8.0,8.0,2.0,10.0
-0.5,-0.5,0.03379111851136607,0.9142857142857143,8.0,8.0,2.0,10.0
-0.4866666666666667,-0.48,0.05966244362163072,0.8857142857142857,7.0,8.0,2.0,10.0
-0.48,-0.49333333333333335,0.09843606255749773,0.9428571428571428,9.0,11.0,2.0,10.0
-0.5,-0.4866666666666667,0.057022512487930256,0.9142857142857143,8.0,8.0,2.0,10.0
-0.4666666666666667,-0.48,0.00791979340110142,0.9142857142857143,8.0,8.0,2.0,10.0
-0.4666666666666667,-0.4866666666666667,0.02892773177961771,0.9714285714285714,10.0,11.0,2.0,10.0
-0.5,-0.4866666666666667,0.09450953458647697,0.9142857142857143,8.0,8.0,2.0,10.0
-0.47333333333333333,-0.4866666666666667,0.04599816007359705,0.9714285714285714,10.0,11.0,2.0,10.0
-0.48,-0.4866666666666667,0.04364714300316877,0.9714285714285714,10.0,11.0,2.0,10.0
-0.47333333333333333,-0.48,0.014255628121982562,0.8857142857142857,7.0,8.0,2.0,10.0
-0.47333333333333333,-0.4866666666666667,0.020239190432382707,0.9714285714285714,10.0,11.0,2.0,10.0
-0.47333333333333333,-0.4866666666666667,0.025758969641214356,0.9714285714285714,10.0,11.0,2.0,10.0
-0.5,-0.4866666666666667,0.01214368321502218,0.8857142857142857,7.0,8.0,2.0,10.0
-0.47333333333333333,-0.4866666666666667,0.023714606971276708,0.9714285714285714,10.0,11.0,2.0,10.0
-0.5,-0.4866666666666667,0.07233411306339299,0.9142857142857143,8.0,8.0,2.0,10.0
-0.4666666666666667,-0.48,0.034847090964846256,0.9142857142857143,8.0,8.0,2.0,10.0
-0.5133333333333333,-0.4866666666666667,0.04364714300316877,0.9714285714285714,10.0,11.0,2.0,10.0
-0.48,-0.48,0.048574732860088725,0.9142857142857143,8.0,8.0,2.0,10.0
-0.4866666666666667,-0.5066666666666667,0.08342182382493499,0.9142857142857143,8.0,8.0,2.0,10.0
-0.4866666666666667,-0.49333333333333335,0.011550649085147706,0.9714285714285714,10.0,11.0,2.0,10.0
-0.5066666666666667,-0.49333333333333335,0.057548809158744774,0.9714285714285714,10.0,11.0,2.0,10.0
-0.5066666666666667,-0.4866666666666667,0.20372074005928656,0.9714285714285714,10.0,11.0,2.0,10.0
-0.47333333333333333,-0.49333333333333335,0.01953549038938351,0.9142857142857143,8.0,8.0,2.0,10.0
-0.47333333333333333,-0.48,0.017581518961463767,0.9714285714285714,10.0,11.0,2.0,10.0
-0.47333333333333333,-0.47333333333333333,0.006335834720881137,0.8857142857142857,7.0,8.0,2.0,10.0
-0.48,-0.49333333333333335,0.011550649085147706,0.9714285714285714,10.0,11.0,2.0,10.0
-0.4866666666666667,-0.5,0.03379111851136607,0.9142857142857143,8.0,8.0,2.0,10.0
-0.47333333333333333,-0.48,0.029567228697445307,0.8857142857142857,7.0,8.0,2.0,10.0
-0.47333333333333333,-0.48,0.057446591025247885,0.9714285714285714,10.0,11.0,2.0,10.0
-0.5,-0.48,0.09450953458647696,0.9142857142857143,8.0,8.0,2.0,10.0
-0.46,-0.48,0.04540681549964815,0.9142857142857143,8.0,8.0,2.0,10.0
-0.44,-0.49333333333333335,0.057548809158744774,0.9714285714285714,10.0,11.0,2.0,10.0
-0.48,-0.49333333333333335,0.06460186037002966,0.9714285714285714,10.0,11.0,2.0,10.0
-0.47333333333333333,-0.48,0.04528263313911889,0.9714285714285714,10.0,11.0,2.0,10.0
-0.47333333333333333,-0.4866666666666667,0.014106102422569766,0.9714285714285714,10.0,11.0,2.0,10.0
-0.5,-0.49333333333333335,0.02637227844219565,0.9714285714285714,10.0,11.0,2.0,10.0
-0.4533333333333333,-0.47333333333333333,0.013199655668502371,0.9142857142857143,8.0,8.0,2.0,10.0
-0.54,-0.5066666666666667,0.07237043851579272,0.9428571428571428,9.0,11.0,2.0,10.0
-0.5,-0.48,0.048574732860088725,0.9142857142857143,8.0,8.0,2.0,10.0
-0.46,-0.48,0.046462787953128346,0.9142857142857143,8.0,8.0,2.0,10.0
-0.4666666666666667,-0.48,0.010559724534801893,0.9142857142857143,8.0,8.0,2.0,10.0
-0.48,-0.48,0.04276688436594769,0.9142857142857143,8.0,8.0,2.0,10.0
-0.47333333333333333,-0.48,0.007391807174361327,0.8857142857142857,7.0,8.0,2.0,10.0
-0.47333333333333333,-0.48,0.006335834720881137,0.9142857142857143,8.0,8.0,2.0,10.0
-0.4866666666666667,-0.5,0.03291423898599612,0.9428571428571428,9.0,11.0,2.0,10.0
-0.4866666666666667,-0.5,0.03291423898599612,0.9428571428571428,9.0,11.0,2.0,10.0
-0.48,-0.4866666666666667,0.03240314831851171,0.9428571428571428,9.0,11.0,2.0,10.0
-0.49333333333333335,-0.5,0.03291423898599612,0.9428571428571428,9.0,11.0,2.0,10.0
-0.48,-0.47333333333333333,0.043749361136665645,0.9428571428571428,9.0,11.0,2.0,10.0
-0.4866666666666667,-0.48,0.05966244362163072,0.8857142857142857,7.0,8.0,2.0,10.0
-0.5466666666666666,-0.4866666666666667,0.022999080036798538,1.0,11.0,11.0,2.0,10.0
-0.5,-0.4866666666666667,0.04364714300316877,0.9714285714285714,10.0,11.0,2.0,10.0
-0.47333333333333333,-0.4866666666666667,0.0813098789179746,0.9142857142857143,8.0,8.0,2.0,10.0
-0.48,-0.4866666666666667,0.02810998671164265,0.9714285714285714,10.0,11.0,2.0,10.0
-0.4866666666666667,-0.4866666666666667,0.030461003782070943,0.9714285714285714,10.0,11.0,2.0,10.0
-0.4866666666666667,-0.48,0.05966244362163072,0.8857142857142857,7.0,8.0,2.0,10.0
-0.4666666666666667,-0.49333333333333335,0.027394459777164478,0.9714285714285714,10.0,11.0,2.0,10.0
-0.48,-0.4866666666666667,0.02810998671164265,0.9714285714285714,10.0,11.0,2.0,10.0
-0.47333333333333333,-0.49333333333333335,0.057548809158744774,0.9714285714285714,10.0,11.0,2.0,10.0
-0.5533333333333333,-0.49333333333333335,0.010221813349688233,0.9714285714285714,10.0,11.0,2.0,10.0
-0.4666666666666667,-0.4866666666666667,0.022999080036798538,0.9714285714285714,10.0,11.0,2.0,10.0
-0.47333333333333333,-0.48,0.006335834720881137,0.9142857142857143,8.0,8.0,2.0,10.0
-0.47333333333333333,-0.4866666666666667,0.020443626699376473,0.9714285714285714,10.0,11.0,2.0,10.0
-0.4866666666666667,-0.4866666666666667,0.014106102422569766,0.9714285714285714,10.0,11.0,2.0,10.0
-0.4866666666666667,-0.5,0.03291423898599612,0.9428571428571428,9.0,11.0,2.0,10.0
-0.47333333333333333,-0.48,0.034847090964846256,0.9142857142857143,8.0,8.0,2.0,10.0
-0.4666666666666667,-0.48,0.045406815499648166,0.9142857142857143,8.0,8.0,2.0,10.0
-0.47333333333333333,-0.4866666666666667,0.0406549394589873,0.9142857142857143,8.0,8.0,2.0,10.0
-0.49333333333333335,-0.5,0.022999080036798538,0.9428571428571428,9.0,11.0,2.0,10.0
-0.4666666666666667,-0.4866666666666667,0.05550444648880714,0.9714285714285714,10.0,11.0,2.0,10.0
-0.49333333333333335,-0.4866666666666667,0.0628303609820713,0.8857142857142857,7.0,8.0,2.0,10.0
-0.48,-0.47333333333333333,0.11417765511601759,0.9142857142857143,8.0,11.0,2.0,10.0
-0.48,-0.5,0.09873342440039773,0.9142857142857143,8.0,8.0,2.0,10.0
-0.47333333333333333,-0.4866666666666667,0.025758969641214356,0.9714285714285714,10.0,11.0,2.0,10.0
-0.46,-0.47333333333333333,0.023759380203304262,0.9142857142857143,8.0,8.0,2.0,10.0
-0.44666666666666666,-0.4666666666666667,0.017951531709163217,0.8857142857142857,7.0,8.0,2.0,10.0
-0.4666666666666667,-0.4866666666666667,0.072334113063393,0.8857142857142857,7.0,8.0,2.0,10.0
-0.4666666666666667,-0.49333333333333335,0.02810998671164265,0.9714285714285714,10.0,11.0,2.0,10.0
-0.4666666666666667,-0.4866666666666667,0.02299908003679853,0.9714285714285714,10.0,11.0,2.0,10.0
-0.5,-0.47333333333333333,0.07233411306339299,0.8857142857142857,7.0,8.0,2.0,10.0
-0.4866666666666667,-0.5066666666666667,0.08342182382493499,0.9142857142857143,8.0,8.0,2.0,10.0
-0.49333333333333335,-0.4866666666666667,0.04599816007359705,0.9714285714285714,10.0,11.0,2.0,10.0
-0.46,-0.48,0.03748702209854673,0.9142857142857143,8.0,8.0,2.0,10.0
-0.4666666666666667,-0.49333333333333335,0.027394459777164478,0.9714285714285714,10.0,11.0,2.0,10.0
-0.46,-0.48,0.04540681549964815,0.9142857142857143,8.0,8.0,2.0,10.0
-0.47333333333333333,-0.48,0.017581518961463767,0.9714285714285714,10.0,11.0,2.0,10.0
-0.48,-0.4866666666666667,0.022999080036798538,1.0,11.0,11.0,2.0,10.0
-0.34,-0.36666666666666664,0.03959896700550711,0.9142857142857143,8.0,8.0,2.0,11.0
-0.34,-0.36666666666666664,0.060190429848370815,0.9142857142857143,8.0,8.0,2.0,11.0
-0.38666666666666666,-0.37333333333333335,0.030623201150925507,0.9142857142857143,8.0,8.0,2.0,11.0
-0.38,-0.38666666666666666,0.048574732860088725,0.9142857142857143,8.0,8.0,2.0,11.0
-0.35333333333333333,-0.37333333333333335,0.04223889813920759,0.9142857142857143,8.0,8.0,2.0,11.0
-0.3466666666666667,-0.36666666666666664,0.017423545482423128,0.8857142857142857,7.0,8.0,2.0,11.0
-0.3933333333333333,-0.38666666666666666,0.054910567580969884,0.9142857142857143,8.0,8.0,2.0,11.0
-0.3933333333333333,-0.3933333333333333,0.01953549038938351,0.9142857142857143,8.0,8.0,2.0,11.0
-0.3466666666666667,-0.37333333333333335,0.043294870592687766,0.9142857142857143,8.0,8.0,2.0,11.0
-0.36666666666666664,-0.36666666666666664,0.017423545482423128,0.8857142857142857,7.0,8.0,2.0,11.0
-0.35333333333333333,-0.37333333333333335,0.01214368321502218,0.9142857142857143,8.0,8.0,2.0,11.0
-0.34,-0.36666666666666664,0.07814196155753403,0.8857142857142857,7.0,8.0,2.0,11.0
-0.36666666666666664,-0.36666666666666664,0.0828938375981949,0.9142857142857143,8.0,8.0,2.0,11.0
-0.36666666666666664,-0.37333333333333335,0.02481535265678446,0.9142857142857143,8.0,8.0,2.0,11.0
-0.3466666666666667,-0.37333333333333335,0.0311511873776656,0.9142857142857143,8.0,8.0,2.0,11.0
-0.35333333333333333,-0.37333333333333335,0.07022216815643259,0.9142857142857143,8.0,8.0,2.0,11.0
-0.37333333333333335,-0.3933333333333333,0.03748702209854673,0.9142857142857143,8.0,8.0,2.0,11.0
-0.34,-0.36666666666666664,0.08922967231907604,0.9142857142857143,8.0,8.0,2.0,11.0
-0.36666666666666664,-0.36666666666666664,0.07814196155753403,0.8857142857142857,7.0,8.0,2.0,11.0
-0.35333333333333333,-0.37333333333333335,0.06652626456925195,0.8857142857142857,7.0,8.0,2.0,11.0
-0.35333333333333333,-0.37333333333333335,0.0818378651447147,0.9142857142857143,8.0,8.0,2.0,11.0
-0.36,-0.37333333333333335,0.01214368321502218,0.9142857142857143,8.0,8.0,2.0,11.0
-0.36,-0.38,0.024815352656784456,0.8857142857142857,7.0,8.0,2.0,11.0
-0.3466666666666667,-0.37333333333333335,0.024815352656784456,0.9142857142857143,8.0,8.0,2.0,11.0
-0.34,-0.36666666666666664,0.043294870592687766,0.8857142857142857,7.0,8.0,2.0,11.0
-0.4066666666666667,-0.4,0.019007504162643414,0.8857142857142857,7.0,8.0,2.0,11.0
-0.3933333333333333,-0.38,0.04223889813920759,0.8857142857142857,7.0,8.0,2.0,11.0
-0.35333333333333333,-0.37333333333333335,0.09186960345277649,0.9142857142857143,8.0,8.0,2.0,11.0
-0.38,-0.38,0.04276688436594769,0.9142857142857143,8.0,8.0,2.0,11.0
-0.38666666666666666,-0.3933333333333333,0.016367573028942938,0.9142857142857143,8.0,8.0,2.0,11.0
-0.38,-0.37333333333333335,0.043294870592687766,0.9142857142857143,8.0,8.0,2.0,11.0
-0.38,-0.36666666666666664,0.08922967231907604,0.8857142857142857,7.0,8.0,2.0,11.0
-0.38,-0.37333333333333335,0.02481535265678446,0.9142857142857143,8.0,8.0,2.0,11.0
-0.36666666666666664,-0.36,0.05702251248793025,0.9142857142857143,8.0,8.0,2.0,11.0
-0.35333333333333333,-0.36666666666666664,0.023231393976564173,0.9142857142857143,8.0,8.0,2.0,11.0
-0.37333333333333335,-0.3933333333333333,0.01953549038938351,0.9142857142857143,8.0,8.0,2.0,11.0
-0.35333333333333333,-0.36666666666666664,0.013199655668502366,0.9142857142857143,8.0,8.0,2.0,11.0
-0.36666666666666664,-0.37333333333333335,0.03379111851136607,0.9142857142857143,8.0,8.0,2.0,11.0
-0.35333333333333333,-0.36666666666666664,0.08922967231907604,0.8857142857142857,7.0,8.0,2.0,11.0
-0.3466666666666667,-0.37333333333333335,0.034847090964846256,0.8857142857142857,7.0,8.0,2.0,11.0
-0.36666666666666664,-0.38666666666666666,0.054910567580969884,0.9142857142857143,8.0,8.0,2.0,11.0
-0.34,-0.36,0.04699077417986843,0.9142857142857143,8.0,8.0,2.0,11.0
-0.3933333333333333,-0.4,0.019007504162643414,0.8857142857142857,7.0,8.0,2.0,11.0
-0.38,-0.3933333333333333,0.016367573028942938,0.9142857142857143,8.0,8.0,2.0,11.0
-0.3466666666666667,-0.37333333333333335,0.06652626456925195,0.8857142857142857,7.0,8.0,2.0,11.0
-0.3466666666666667,-0.36666666666666664,0.060190429848370815,0.9142857142857143,8.0,8.0,2.0,11.0
-0.3466666666666667,-0.37333333333333335,0.09186960345277649,0.9142857142857143,8.0,8.0,2.0,11.0
-0.34,-0.36666666666666664,0.006335834720881137,0.9142857142857143,8.0,8.0,2.0,11.0
-0.42,-0.3933333333333333,0.01214368321502218,0.9142857142857143,8.0,8.0,2.0,11.0
-0.3466666666666667,-0.37333333333333335,0.048574732860088725,0.9142857142857143,8.0,8.0,2.0,11.0
-0.34,-0.36666666666666664,0.05227063644726939,0.9142857142857143,8.0,8.0,2.0,11.0
-0.34,-0.36666666666666664,0.0828938375981949,0.9142857142857143,8.0,8.0,2.0,11.0
-0.36,-0.38,0.06652626456925195,0.9142857142857143,8.0,8.0,2.0,11.0
-0.35333333333333333,-0.38,0.06071841607511092,0.9142857142857143,8.0,8.0,2.0,11.0
-0.34,-0.36,0.04699077417986843,0.8857142857142857,7.0,8.0,2.0,11.0
-0.35333333333333333,-0.38,0.006335834720881137,0.9142857142857143,8.0,8.0,2.0,11.0
-0.3933333333333333,-0.4,0.05227063644726939,0.9142857142857143,8.0,8.0,2.0,11.0
-0.35333333333333333,-0.37333333333333335,0.034847090964846256,0.8857142857142857,7.0,8.0,2.0,11.0
-0.42,-0.3933333333333333,0.01953549038938351,0.9142857142857143,8.0,8.0,2.0,11.0
-0.35333333333333333,-0.36666666666666664,0.09345356213299678,0.8857142857142857,7.0,8.0,2.0,11.0
-0.37333333333333335,-0.36666666666666664,0.05227063644726939,0.9142857142857143,8.0,8.0,2.0,11.0
-0.36,-0.38,0.04276688436594769,0.9142857142857143,8.0,8.0,2.0,11.0
-0.3466666666666667,-0.36666666666666664,0.05227063644726939,0.9142857142857143,8.0,8.0,2.0,11.0
-0.35333333333333333,-0.36666666666666664,0.023759380203304266,0.9142857142857143,8.0,8.0,2.0,11.0
-0.34,-0.36666666666666664,0.02798327001722502,0.9142857142857143,8.0,8.0,2.0,11.0
-0.36666666666666664,-0.36666666666666664,0.06283036098207129,0.9142857142857143,8.0,8.0,2.0,11.0
-0.38666666666666666,-0.3933333333333333,0.019007504162643414,0.9142857142857143,8.0,8.0,2.0,11.0
-0.38,-0.37333333333333335,0.024815352656784456,0.9142857142857143,8.0,8.0,2.0,11.0
-0.34,-0.36666666666666664,0.08922967231907604,0.9142857142857143,8.0,8.0,2.0,11.0
-0.38,-0.37333333333333335,0.06652626456925195,0.8857142857142857,7.0,8.0,2.0,11.0
-0.36666666666666664,-0.3933333333333333,0.048574732860088725,0.9142857142857143,8.0,8.0,2.0,11.0
-0.4066666666666667,-0.3933333333333333,0.0311511873776656,0.9142857142857143,8.0,8.0,2.0,11.0
-0.34,-0.37333333333333335,0.024815352656784456,0.9142857142857143,8.0,8.0,2.0,11.0
-0.34,-0.36666666666666664,0.07814196155753403,0.8857142857142857,7.0,8.0,2.0,11.0
-0.38666666666666666,-0.3933333333333333,0.01214368321502218,0.9142857142857143,8.0,8.0,2.0,11.0
-0.37333333333333335,-0.3933333333333333,0.03748702209854673,0.9142857142857143,8.0,8.0,2.0,11.0
-0.3466666666666667,-0.36666666666666664,0.05227063644726939,0.9142857142857143,8.0,8.0,2.0,11.0
-0.35333333333333333,-0.37333333333333335,0.04910271908682882,0.9142857142857143,8.0,8.0,2.0,11.0
-0.3466666666666667,-0.37333333333333335,0.03379111851136607,0.9142857142857143,8.0,8.0,2.0,11.0
-0.3466666666666667,-0.37333333333333335,0.043294870592687766,0.9142857142857143,8.0,8.0,2.0,11.0
-0.38,-0.37333333333333335,0.09186960345277649,0.9142857142857143,8.0,8.0,2.0,11.0
-0.34,-0.36666666666666664,0.017423545482423128,0.8857142857142857,7.0,8.0,2.0,11.0
-0.38,-0.3933333333333333,0.0311511873776656,0.9142857142857143,8.0,8.0,2.0,11.0
-0.3466666666666667,-0.36666666666666664,0.010559724534801897,0.9142857142857143,8.0,8.0,2.0,11.0
-0.3466666666666667,-0.37333333333333335,0.02481535265678446,0.9142857142857143,8.0,8.0,2.0,11.0
-0.4066666666666667,-0.4,0.04223889813920759,0.9142857142857143,8.0,8.0,2.0,11.0
-0.35333333333333333,-0.37333333333333335,0.06441431966229157,0.9142857142857143,8.0,8.0,2.0,11.0
-0.3466666666666667,-0.36,0.04699077417986843,0.8857142857142857,7.0,8.0,2.0,11.0
-0.37333333333333335,-0.38,0.01953549038938351,0.9142857142857143,8.0,8.0,2.0,11.0
-0.3933333333333333,-0.3933333333333333,0.03748702209854673,0.9142857142857143,8.0,8.0,2.0,11.0
-0.3466666666666667,-0.37333333333333335,0.06441431966229157,0.9142857142857143,8.0,8.0,2.0,11.0
-0.37333333333333335,-0.37333333333333335,0.048574732860088725,0.9142857142857143,8.0,8.0,2.0,11.0
-0.3466666666666667,-0.37333333333333335,0.034847090964846256,0.8857142857142857,7.0,8.0,2.0,11.0
-0.4066666666666667,-0.3933333333333333,0.048574732860088725,0.9142857142857143,8.0,8.0,2.0,11.0
-0.38666666666666666,-0.3933333333333333,0.03167917360440569,0.9142857142857143,8.0,8.0,2.0,11.0
-0.38,-0.36666666666666664,0.039598967005507114,0.9142857142857143,8.0,8.0,2.0,11.0
-0.3466666666666667,-0.37333333333333335,0.09186960345277649,0.9142857142857143,8.0,8.0,2.0,11.0
-0.35333333333333333,-0.37333333333333335,0.01953549038938351,0.9142857142857143,8.0,8.0,2.0,11.0
-0.35333333333333333,-0.37333333333333335,0.03379111851136606,0.9142857142857143,8.0,8.0,2.0,11.0
-0.3933333333333333,-0.4,0.05227063644726939,0.9142857142857143,8.0,8.0,2.0,11.0
-0.34,-0.36666666666666664,0.09345356213299678,0.8857142857142857,7.0,8.0,2.0,11.0
-0.35333333333333333,-0.38,0.006335834720881137,0.9142857142857143,8.0,8.0,2.0,11.0
-0.37333333333333335,-0.37333333333333335,0.04223889813920759,0.9142857142857143,8.0,8.0,2.0,11.0
-0.34,-0.36666666666666664,0.06283036098207129,0.9142857142857143,8.0,8.0,2.0,11.0
-0.3466666666666667,-0.37333333333333335,0.06652626456925195,0.8857142857142857,7.0,8.0,2.0,11.0
-0.34,-0.36666666666666664,0.019007504162643414,0.9142857142857143,8.0,8.0,2.0,11.0
-0.3466666666666667,-0.36666666666666664,0.05227063644726939,0.9142857142857143,8.0,8.0,2.0,11.0
-0.32666666666666666,-0.36,0.05702251248793025,0.9142857142857143,8.0,8.0,2.0,11.0
-0.37333333333333335,-0.37333333333333335,0.048574732860088725,0.9142857142857143,8.0,8.0,2.0,11.0
-0.38,-0.4,0.019007504162643414,0.8857142857142857,7.0,8.0,2.0,11.0
-0.3466666666666667,-0.36666666666666664,0.023231393976564173,0.9142857142857143,8.0,8.0,2.0,11.0
-0.35333333333333333,-0.36666666666666664,0.05227063644726939,0.9142857142857143,8.0,8.0,2.0,11.0
-0.3466666666666667,-0.37333333333333335,0.034847090964846256,0.8857142857142857,7.0,8.0,2.0,11.0
-0.35333333333333333,-0.36666666666666664,0.017423545482423128,0.8857142857142857,7.0,8.0,2.0,11.0
-0.38,-0.3933333333333333,0.03167917360440569,0.9142857142857143,8.0,8.0,2.0,11.0
-0.38666666666666666,-0.38,0.030623201150925507,0.9142857142857143,8.0,8.0,2.0,11.0
-0.3466666666666667,-0.37333333333333335,0.030623201150925507,0.9142857142857143,8.0,8.0,2.0,11.0
-0.3466666666666667,-0.36666666666666664,0.010559724534801897,0.9142857142857143,8.0,8.0,2.0,11.0
-0.38,-0.36,0.04699077417986843,0.9142857142857143,8.0,8.0,2.0,11.0
-0.38,-0.3933333333333333,0.016367573028942938,0.9142857142857143,8.0,8.0,2.0,11.0
-0.3933333333333333,-0.3933333333333333,0.03748702209854673,0.9142857142857143,8.0,8.0,2.0,11.0
-0.3466666666666667,-0.36666666666666664,0.035375077191586356,0.9142857142857143,8.0,8.0,2.0,11.0
-0.38,-0.36666666666666664,0.019007504162643414,0.9142857142857143,8.0,8.0,2.0,11.0
-0.38666666666666666,-0.3933333333333333,0.01214368321502218,0.9142857142857143,8.0,8.0,2.0,11.0
-0.38,-0.38,0.024815352656784456,0.8857142857142857,7.0,8.0,2.0,11.0
-0.35333333333333333,-0.36666666666666664,0.006335834720881137,0.9142857142857143,8.0,8.0,2.0,11.0
-0.37333333333333335,-0.38,0.04223889813920759,0.8857142857142857,7.0,8.0,2.0,11.0
-0.35333333333333333,-0.37333333333333335,0.06652626456925195,0.8857142857142857,7.0,8.0,2.0,11.0
-0.38666666666666666,-0.37333333333333335,0.01214368321502218,0.9142857142857143,8.0,8.0,2.0,11.0
-0.38,-0.4,0.04223889813920759,0.9142857142857143,8.0,8.0,2.0,11.0
-0.3466666666666667,-0.36666666666666664,0.043294870592687766,0.8857142857142857,7.0,8.0,2.0,11.0
-0.37333333333333335,-0.37333333333333335,0.03379111851136606,0.9142857142857143,8.0,8.0,2.0,11.0
-0.38,-0.36666666666666664,0.09345356213299678,0.8857142857142857,7.0,8.0,2.0,11.0
-0.35333333333333333,-0.38,0.04276688436594769,0.9142857142857143,8.0,8.0,2.0,11.0
-0.36,-0.36666666666666664,0.039598967005507114,0.9142857142857143,8.0,8.0,2.0,11.0
-0.35333333333333333,-0.36666666666666664,0.0828938375981949,0.9142857142857143,8.0,8.0,2.0,11.0
-0.34,-0.36666666666666664,0.043294870592687766,0.8857142857142857,7.0,8.0,2.0,11.0
-0.3466666666666667,-0.37333333333333335,0.048574732860088725,0.9142857142857143,8.0,8.0,2.0,11.0
-0.38,-0.36666666666666664,0.017423545482423128,0.8857142857142857,7.0,8.0,2.0,11.0
-0.38,-0.36666666666666664,0.020063476616123604,0.8857142857142857,7.0,8.0,2.0,11.0
-0.3933333333333333,-0.38666666666666666,0.054910567580969884,0.9142857142857143,8.0,8.0,2.0,11.0
-0.38,-0.37333333333333335,0.07022216815643259,0.9142857142857143,8.0,8.0,2.0,11.0
-0.36,-0.38,0.030623201150925507,0.9142857142857143,8.0,8.0,2.0,11.0
-0.35333333333333333,-0.36666666666666664,0.02534333888352456,0.9142857142857143,8.0,8.0,2.0,11.0
-0.38,-0.38,0.06652626456925195,0.9142857142857143,8.0,8.0,2.0,11.0
-0.37333333333333335,-0.3933333333333333,0.048574732860088725,0.9142857142857143,8.0,8.0,2.0,11.0
-0.3466666666666667,-0.38,0.030623201150925507,0.9142857142857143,8.0,8.0,2.0,11.0
-0.43333333333333335,-0.44,0.08342182382493499,0.8857142857142857,7.0,8.0,2.0,11.0
-0.35333333333333333,-0.36666666666666664,0.05385459512748969,0.9142857142857143,8.0,8.0,2.0,11.0
-0.37333333333333335,-0.36666666666666664,0.08922967231907604,0.8857142857142857,7.0,8.0,2.0,11.0
-0.3933333333333333,-0.38666666666666666,0.054910567580969884,0.9142857142857143,8.0,8.0,2.0,11.0
-0.34,-0.36666666666666664,0.019007504162643414,0.9142857142857143,8.0,8.0,2.0,11.0
-0.34,-0.36666666666666664,0.013199655668502366,0.9142857142857143,8.0,8.0,2.0,11.0
-0.38666666666666666,-0.38666666666666666,0.048574732860088725,0.9142857142857143,8.0,8.0,2.0,11.0
-0.3466666666666667,-0.36666666666666664,0.010559724534801897,0.9142857142857143,8.0,8.0,2.0,11.0
-0.38,-0.37333333333333335,0.043294870592687766,0.9142857142857143,8.0,8.0,2.0,11.0
-0.37333333333333335,-0.3933333333333333,0.0311511873776656,0.9142857142857143,8.0,8.0,2.0,11.0
-0.3466666666666667,-0.36666666666666664,0.09450953458647697,0.9142857142857143,8.0,8.0,2.0,11.0
-0.35333333333333333,-0.37333333333333335,0.06441431966229157,0.9142857142857143,8.0,8.0,2.0,11.0
-0.4066666666666667,-0.3933333333333333,0.048574732860088725,0.9142857142857143,8.0,8.0,2.0,11.0
-0.35333333333333333,-0.37333333333333335,0.0311511873776656,0.9142857142857143,8.0,8.0,2.0,11.0
-0.35333333333333333,-0.36,0.05702251248793025,0.9142857142857143,8.0,8.0,2.0,11.0
-0.35333333333333333,-0.37333333333333335,0.030623201150925507,0.9142857142857143,8.0,8.0,2.0,11.0
-0.38,-0.3933333333333333,0.016367573028942938,0.9142857142857143,8.0,8.0,2.0,11.0
-0.38,-0.4,0.019007504162643414,0.8857142857142857,7.0,8.0,2.0,11.0
-0.35333333333333333,-0.36666666666666664,0.09450953458647697,0.9142857142857143,8.0,8.0,2.0,11.0
-0.34,-0.36666666666666664,0.06283036098207129,0.9142857142857143,8.0,8.0,2.0,11.0
-0.35333333333333333,-0.38,0.02217542152308398,0.9142857142857143,8.0,8.0,2.0,11.0
-0.3466666666666667,-0.36666666666666664,0.08922967231907604,0.8857142857142857,7.0,8.0,2.0,11.0
-0.36666666666666664,-0.36666666666666664,0.006335834720881137,0.9142857142857143,8.0,8.0,2.0,11.0
-0.38666666666666666,-0.3933333333333333,0.01214368321502218,0.9142857142857143,8.0,8.0,2.0,11.0
-0.37333333333333335,-0.38,0.04223889813920759,0.8857142857142857,7.0,8.0,2.0,11.0
-0.35333333333333333,-0.37333333333333335,0.01214368321502218,0.9142857142857143,8.0,8.0,2.0,11.0
-0.3466666666666667,-0.36666666666666664,0.02534333888352456,0.9142857142857143,8.0,8.0,2.0,11.0
-0.35333333333333333,-0.37333333333333335,0.0311511873776656,0.9142857142857143,8.0,8.0,2.0,11.0
-0.3466666666666667,-0.37333333333333335,0.048574732860088725,0.9142857142857143,8.0,8.0,2.0,11.0
-0.35333333333333333,-0.37333333333333335,0.030623201150925507,0.9142857142857143,8.0,8.0,2.0,11.0
-0.35333333333333333,-0.38,0.06071841607511092,0.9142857142857143,8.0,8.0,2.0,11.0
-0.37333333333333335,-0.38,0.04223889813920759,0.8857142857142857,7.0,8.0,2.0,11.0
-0.38,-0.37333333333333335,0.0311511873776656,0.9142857142857143,8.0,8.0,2.0,11.0
-0.38666666666666666,-0.38,0.06071841607511092,0.9142857142857143,8.0,8.0,2.0,11.0
-0.37333333333333335,-0.3933333333333333,0.03748702209854673,0.9142857142857143,8.0,8.0,2.0,11.0
-0.3466666666666667,-0.36666666666666664,0.09345356213299678,0.8857142857142857,7.0,8.0,2.0,11.0
-0.37333333333333335,-0.4,0.05227063644726939,0.9142857142857143,8.0,8.0,2.0,11.0
-0.34,-0.36666666666666664,0.02798327001722502,0.9142857142857143,8.0,8.0,2.0,11.0
-0.3466666666666667,-0.37333333333333335,0.04223889813920759,0.9142857142857143,8.0,8.0,2.0,11.0
-0.3466666666666667,-0.36666666666666664,0.03959896700550711,0.9142857142857143,8.0,8.0,2.0,11.0
-0.4066666666666667,-0.3933333333333333,0.0311511873776656,0.9142857142857143,8.0,8.0,2.0,11.0
-0.36666666666666664,-0.38,0.04223889813920759,0.8857142857142857,7.0,8.0,2.0,11.0
-0.38,-0.38,0.04276688436594769,0.9142857142857143,8.0,8.0,2.0,11.0
-0.34,-0.36666666666666664,0.05227063644726939,0.9142857142857143,8.0,8.0,2.0,11.0
-0.3466666666666667,-0.36666666666666664,0.035375077191586356,0.9142857142857143,8.0,8.0,2.0,11.0
-0.3933333333333333,-0.4,0.04223889813920759,0.9142857142857143,8.0,8.0,2.0,11.0
-0.4066666666666667,-0.4,0.019007504162643414,0.8857142857142857,7.0,8.0,2.0,11.0
-0.38,-0.36,0.04699077417986843,0.9142857142857143,8.0,8.0,2.0,11.0
-0.38,-0.36666666666666664,0.020063476616123604,0.8857142857142857,7.0,8.0,2.0,11.0
-0.3466666666666667,-0.37333333333333335,0.09186960345277649,0.9142857142857143,8.0,8.0,2.0,11.0
-0.34,-0.36666666666666664,0.09345356213299678,0.8857142857142857,7.0,8.0,2.0,11.0
-0.37333333333333335,-0.37333333333333335,0.06441431966229157,0.9142857142857143,8.0,8.0,2.0,11.0
-0.3466666666666667,-0.37333333333333335,0.04223889813920759,0.9142857142857143,8.0,8.0,2.0,11.0
-0.36666666666666664,-0.38,0.006335834720881137,0.9142857142857143,8.0,8.0,2.0,11.0
-0.34,-0.36,0.04699077417986843,0.8857142857142857,7.0,8.0,2.0,11.0
-0.38,-0.3933333333333333,0.048574732860088725,0.9142857142857143,8.0,8.0,2.0,11.0
-0.3466666666666667,-0.36666666666666664,0.023759380203304266,0.9142857142857143,8.0,8.0,2.0,11.0
-0.3933333333333333,-0.3933333333333333,0.01953549038938351,0.9142857142857143,8.0,8.0,2.0,11.0
-0.3466666666666667,-0.36666666666666664,0.006335834720881137,0.9142857142857143,8.0,8.0,2.0,11.0
-0.35333333333333333,-0.36666666666666664,0.05227063644726939,0.9142857142857143,8.0,8.0,2.0,11.0
-0.35333333333333333,-0.36666666666666664,0.060190429848370815,0.9142857142857143,8.0,8.0,2.0,11.0
-0.38666666666666666,-0.38,0.06652626456925195,0.9142857142857143,8.0,8.0,2.0,11.0
-0.37333333333333335,-0.38666666666666666,0.054910567580969884,0.9142857142857143,8.0,8.0,2.0,11.0
-0.3466666666666667,-0.36666666666666664,0.006335834720881137,0.9142857142857143,8.0,8.0,2.0,11.0
-0.3466666666666667,-0.37333333333333335,0.09186960345277649,0.9142857142857143,8.0,8.0,2.0,11.0
-0.37333333333333335,-0.37333333333333335,0.06441431966229157,0.9142857142857143,8.0,8.0,2.0,11.0
-0.38,-0.36666666666666664,0.07814196155753403,0.8857142857142857,7.0,8.0,2.0,11.0
-0.36666666666666664,-0.38,0.030623201150925507,0.9142857142857143,8.0,8.0,2.0,11.0
-0.38,-0.4,0.0818378651447147,0.9142857142857143,8.0,8.0,2.0,11.0
-0.3466666666666667,-0.36666666666666664,0.023759380203304266,0.9142857142857143,8.0,8.0,2.0,11.0
-0.38666666666666666,-0.3933333333333333,0.03167917360440569,0.9142857142857143,8.0,8.0,2.0,11.0
-0.38,-0.3933333333333333,0.019007504162643414,0.9142857142857143,8.0,8.0,2.0,11.0
-0.36666666666666664,-0.36666666666666664,0.039598967005507114,0.9142857142857143,8.0,8.0,2.0,11.0
-0.3466666666666667,-0.37333333333333335,0.03379111851136607,0.9142857142857143,8.0,8.0,2.0,11.0
-0.34,-0.36666666666666664,0.0311511873776656,0.9142857142857143,8.0,8.0,2.0,11.0
-0.34,-0.36666666666666664,0.01953549038938351,0.9142857142857143,8.0,8.0,2.0,11.0
-0.38666666666666666,-0.37333333333333335,0.01953549038938351,0.9142857142857143,8.0,8.0,2.0,11.0
-0.3466666666666667,-0.37333333333333335,0.034847090964846256,0.8857142857142857,7.0,8.0,2.0,11.0
-0.3333333333333333,-0.36666666666666664,0.01953549038938351,0.9142857142857143,8.0,8.0,2.0,11.0
-0.38,-0.36666666666666664,0.0828938375981949,0.9142857142857143,8.0,8.0,2.0,11.0
-0.35333333333333333,-0.36666666666666664,0.05227063644726939,0.9142857142857143,8.0,8.0,2.0,11.0
-0.35333333333333333,-0.37333333333333335,0.04910271908682882,0.9142857142857143,8.0,8.0,2.0,11.0
-0.38,-0.37333333333333335,0.034847090964846256,0.8857142857142857,7.0,8.0,2.0,11.0
-0.38,-0.3933333333333333,0.01214368321502218,0.9142857142857143,8.0,8.0,2.0,11.0
-0.36666666666666664,-0.36666666666666664,0.02534333888352456,0.9142857142857143,8.0,8.0,2.0,11.0
-0.36666666666666664,-0.38,0.01953549038938351,0.9142857142857143,8.0,8.0,2.0,11.0
-0.34,-0.36666666666666664,0.01953549038938351,0.9142857142857143,8.0,8.0,2.0,11.0
-0.36666666666666664,-0.36666666666666664,0.010559724534801897,0.9142857142857143,8.0,8.0,2.0,11.0
-0.3466666666666667,-0.36666666666666664,0.06283036098207129,0.9142857142857143,8.0,8.0,2.0,11.0
-0.36,-0.38666666666666666,0.048574732860088725,0.9142857142857143,8.0,8.0,2.0,11.0
-0.35333333333333333,-0.37333333333333335,0.01953549038938351,0.9142857142857143,8.0,8.0,2.0,11.0
-0.38,-0.38,0.01953549038938351,0.9142857142857143,8.0,8.0,2.0,11.0
-0.37333333333333335,-0.38,0.030623201150925507,0.9142857142857143,8.0,8.0,2.0,11.0
-0.34,-0.36666666666666664,0.09345356213299678,0.9142857142857143,8.0,8.0,2.0,11.0
-0.34,-0.37333333333333335,0.09186960345277649,0.9142857142857143,8.0,8.0,2.0,11.0
-0.34,-0.36666666666666664,0.05227063644726939,0.9142857142857143,8.0,8.0,2.0,11.0
-0.3466666666666667,-0.37333333333333335,0.04223889813920759,0.9142857142857143,8.0,8.0,2.0,11.0
-0.3466666666666667,-0.36666666666666664,0.0311511873776656,0.9142857142857143,8.0,8.0,2.0,11.0
-0.35333333333333333,-0.38,0.006335834720881137,0.9142857142857143,8.0,8.0,2.0,11.0
-0.36666666666666664,-0.37333333333333335,0.01214368321502218,0.9142857142857143,8.0,8.0,2.0,11.0
-0.37333333333333335,-0.37333333333333335,0.06652626456925195,0.8857142857142857,7.0,8.0,2.0,11.0
-0.38666666666666666,-0.3933333333333333,0.016367573028942938,0.9142857142857143,8.0,8.0,2.0,11.0
-0.37333333333333335,-0.38666666666666666,0.054910567580969884,0.9142857142857143,8.0,8.0,2.0,11.0
-0.38,-0.36666666666666664,0.06863820947621231,0.9142857142857143,8.0,8.0,2.0,11.0
-0.3466666666666667,-0.36666666666666664,0.017423545482423128,0.8857142857142857,7.0,8.0,2.0,11.0
-0.3466666666666667,-0.37333333333333335,0.043294870592687766,0.9142857142857143,8.0,8.0,2.0,11.0
-0.36666666666666664,-0.37333333333333335,0.024815352656784456,0.9142857142857143,8.0,8.0,2.0,11.0
-0.37333333333333335,-0.4,0.04223889813920759,0.9142857142857143,8.0,8.0,2.0,11.0
-0.37333333333333335,-0.4,0.05227063644726939,0.9142857142857143,8.0,8.0,2.0,11.0
-0.38666666666666666,-0.37333333333333335,0.0311511873776656,0.9142857142857143,8.0,8.0,2.0,11.0
-0.36666666666666664,-0.38,0.02217542152308398,0.9142857142857143,8.0,8.0,2.0,11.0
-0.35333333333333333,-0.3933333333333333,0.03167917360440569,0.9142857142857143,8.0,8.0,2.0,11.0
-0.35333333333333333,-0.36666666666666664,0.023759380203304266,0.9142857142857143,8.0,8.0,2.0,11.0
-0.4066666666666667,-0.38666666666666666,0.054910567580969884,0.9142857142857143,8.0,8.0,2.0,11.0
-0.3466666666666667,-0.36666666666666664,0.010559724534801897,0.9142857142857143,8.0,8.0,2.0,11.0
-0.38,-0.4,0.05227063644726939,0.9142857142857143,8.0,8.0,2.0,11.0
-0.38,-0.37333333333333335,0.0311511873776656,0.9142857142857143,8.0,8.0,2.0,11.0
-0.35333333333333333,-0.36666666666666664,0.020063476616123604,0.8857142857142857,7.0,8.0,2.0,11.0
-0.3466666666666667,-0.36666666666666664,0.006335834720881137,0.9142857142857143,8.0,8.0,2.0,11.0
-0.36,-0.38666666666666666,0.048574732860088725,0.9142857142857143,8.0,8.0,2.0,11.0
-0.36666666666666664,-0.36666666666666664,0.035375077191586356,0.9142857142857143,8.0,8.0,2.0,11.0
-0.35333333333333333,-0.38,0.04223889813920759,0.8857142857142857,7.0,8.0,2.0,11.0
-0.38,-0.36666666666666664,0.0311511873776656,0.9142857142857143,8.0,8.0,2.0,11.0
-0.37333333333333335,-0.37333333333333335,0.030623201150925507,0.9142857142857143,8.0,8.0,2.0,11.0
-0.38,-0.4,0.05227063644726939,0.9142857142857143,8.0,8.0,2.0,11.0
-0.34,-0.37333333333333335,0.02481535265678446,0.9142857142857143,8.0,8.0,2.0,11.0
-0.38666666666666666,-0.3933333333333333,0.019007504162643414,0.9142857142857143,8.0,8.0,2.0,11.0
-0.38,-0.37333333333333335,0.048574732860088725,0.9142857142857143,8.0,8.0,2.0,11.0
-0.35333333333333333,-0.36666666666666664,0.006335834720881137,0.9142857142857143,8.0,8.0,2.0,11.0
-0.38666666666666666,-0.4,0.05227063644726939,0.9142857142857143,8.0,8.0,2.0,11.0
-0.36666666666666664,-0.37333333333333335,0.030623201150925507,0.9142857142857143,8.0,8.0,2.0,11.0
-0.37333333333333335,-0.38,0.04223889813920759,0.8857142857142857,7.0,8.0,2.0,11.0
-0.38,-0.36666666666666664,0.0828938375981949,0.9142857142857143,8.0,8.0,2.0,11.0
-0.36,-0.37333333333333335,0.01953549038938351,0.9142857142857143,8.0,8.0,2.0,11.0
-0.3466666666666667,-0.37333333333333335,0.024815352656784456,0.9142857142857143,8.0,8.0,2.0,11.0
-0.35333333333333333,-0.36666666666666664,0.019007504162643414,0.9142857142857143,8.0,8.0,2.0,11.0
-0.3466666666666667,-0.37333333333333335,0.03379111851136606,0.9142857142857143,8.0,8.0,2.0,11.0
-0.38666666666666666,-0.36666666666666664,0.05227063644726939,0.9142857142857143,8.0,8.0,2.0,11.0
-0.34,-0.36666666666666664,0.01953549038938351,0.9142857142857143,8.0,8.0,2.0,11.0
-0.35333333333333333,-0.37333333333333335,0.03379111851136606,0.9142857142857143,8.0,8.0,2.0,11.0
-0.34,-0.36666666666666664,0.02798327001722502,0.9142857142857143,8.0,8.0,2.0,11.0
-0.38666666666666666,-0.38666666666666666,0.048574732860088725,0.9142857142857143,8.0,8.0,2.0,11.0
-0.34,-0.36666666666666664,0.0311511873776656,0.9142857142857143,8.0,8.0,2.0,11.0
-0.35333333333333333,-0.36666666666666664,0.09345356213299678,0.8857142857142857,7.0,8.0,2.0,11.0
-0.3466666666666667,-0.37333333333333335,0.06652626456925195,0.8857142857142857,7.0,8.0,2.0,11.0
-0.3466666666666667,-0.37333333333333335,0.043294870592687766,0.9142857142857143,8.0,8.0,2.0,11.0
-0.42,-0.4,0.05227063644726939,0.9142857142857143,8.0,8.0,2.0,11.0
-0.35333333333333333,-0.3933333333333333,0.016367573028942938,0.9142857142857143,8.0,8.0,2.0,11.0
-0.34,-0.36666666666666664,0.010559724534801897,0.9142857142857143,8.0,8.0,2.0,11.0
-0.34,-0.36666666666666664,0.02798327001722502,0.9142857142857143,8.0,8.0,2.0,11.0
-0.32666666666666666,-0.36,0.05702251248793025,0.9142857142857143,8.0,8.0,2.0,11.0
-0.34,-0.36666666666666664,0.060190429848370815,0.9142857142857143,8.0,8.0,2.0,11.0
-0.35333333333333333,-0.37333333333333335,0.048574732860088725,0.9142857142857143,8.0,8.0,2.0,11.0
-0.34,-0.36666666666666664,0.0828938375981949,0.9142857142857143,8.0,8.0,2.0,11.0
-0.34,-0.37333333333333335,0.01953549038938351,0.9142857142857143,8.0,8.0,2.0,11.0
-0.35333333333333333,-0.36666666666666664,0.035375077191586356,0.9142857142857143,8.0,8.0,2.0,11.0
-0.36666666666666664,-0.37333333333333335,0.07022216815643259,0.9142857142857143,8.0,8.0,2.0,11.0
-0.3466666666666667,-0.37333333333333335,0.02481535265678446,0.9142857142857143,8.0,8.0,2.0,11.0
-0.34,-0.37333333333333335,0.09186960345277649,0.9142857142857143,8.0,8.0,2.0,11.0
-0.34,-0.36666666666666664,0.060190429848370815,0.9142857142857143,8.0,8.0,2.0,11.0
-0.35333333333333333,-0.38,0.06071841607511092,0.9142857142857143,8.0,8.0,2.0,11.0
-0.35333333333333333,-0.36666666666666664,0.006335834720881137,0.9142857142857143,8.0,8.0,2.0,11.0
-0.38,-0.3933333333333333,0.03748702209854673,0.9142857142857143,8.0,8.0,2.0,11.0
-0.36666666666666664,-0.36666666666666664,0.05385459512748969,0.9142857142857143,8.0,8.0,2.0,11.0
-0.34,-0.36666666666666664,0.09345356213299678,0.9142857142857143,8.0,8.0,2.0,11.0
-0.36666666666666664,-0.36666666666666664,0.035375077191586356,0.9142857142857143,8.0,8.0,2.0,11.0
-0.34,-0.36666666666666664,0.006335834720881137,0.9142857142857143,8.0,8.0,2.0,11.0
-0.38666666666666666,-0.37333333333333335,0.03379111851136607,0.9142857142857143,8.0,8.0,2.0,11.0
-0.34,-0.36,0.04699077417986843,0.9142857142857143,8.0,8.0,2.0,11.0
-0.36,-0.38666666666666666,0.048574732860088725,0.9142857142857143,8.0,8.0,2.0,11.0
-0.34,-0.36666666666666664,0.01953549038938351,0.9142857142857143,8.0,8.0,2.0,11.0
-0.3466666666666667,-0.36666666666666664,0.06863820947621231,0.9142857142857143,8.0,8.0,2.0,11.0
-0.34,-0.36666666666666664,0.05385459512748969,0.9142857142857143,8.0,8.0,2.0,11.0
-0.35333333333333333,-0.37333333333333335,0.043294870592687766,0.9142857142857143,8.0,8.0,2.0,11.0
-0.35333333333333333,-0.36,0.05702251248793025,0.9142857142857143,8.0,8.0,2.0,11.0
-0.3933333333333333,-0.3933333333333333,0.03167917360440569,0.9142857142857143,8.0,8.0,2.0,11.0
-0.4066666666666667,-0.4,0.019007504162643414,0.8857142857142857,7.0,8.0,2.0,11.0
-0.36,-0.36666666666666664,0.09345356213299678,0.8857142857142857,7.0,8.0,2.0,11.0
-0.38,-0.37333333333333335,0.043294870592687766,0.9142857142857143,8.0,8.0,2.0,11.0
-0.37333333333333335,-0.38666666666666666,0.054910567580969884,0.9142857142857143,8.0,8.0,2.0,11.0
-0.34,-0.36666666666666664,0.08922967231907604,0.9142857142857143,8.0,8.0,2.0,11.0
-0.36,-0.38666666666666666,0.048574732860088725,0.9142857142857143,8.0,8.0,2.0,11.0
-0.3466666666666667,-0.36666666666666664,0.02534333888352456,0.9142857142857143,8.0,8.0,2.0,11.0
-0.38,-0.36666666666666664,0.01953549038938351,0.9142857142857143,8.0,8.0,2.0,11.0
-0.36666666666666664,-0.3933333333333333,0.048574732860088725,0.9142857142857143,8.0,8.0,2.0,11.0
-0.35333333333333333,-0.36666666666666664,0.08922967231907604,0.8857142857142857,7.0,8.0,2.0,11.0
-0.36666666666666664,-0.38,0.02217542152308398,0.9142857142857143,8.0,8.0,2.0,11.0
-0.34,-0.36666666666666664,0.06863820947621231,0.9142857142857143,8.0,8.0,2.0,11.0
-0.3466666666666667,-0.37333333333333335,0.04223889813920759,0.9142857142857143,8.0,8.0,2.0,11.0
-0.35333333333333333,-0.37333333333333335,0.03379111851136607,0.9142857142857143,8.0,8.0,2.0,11.0
-0.3466666666666667,-0.36,0.05702251248793025,0.9142857142857143,8.0,8.0,2.0,11.0
-0.35333333333333333,-0.36666666666666664,0.017423545482423128,0.8857142857142857,7.0,8.0,2.0,11.0
-0.34,-0.36666666666666664,0.060190429848370815,0.9142857142857143,8.0,8.0,2.0,11.0
-0.38,-0.36666666666666664,0.08922967231907604,0.8857142857142857,7.0,8.0,2.0,11.0
-0.34,-0.36666666666666664,0.020063476616123604,0.8857142857142857,7.0,8.0,2.0,11.0
-0.36666666666666664,-0.38666666666666666,0.054910567580969884,0.9142857142857143,8.0,8.0,2.0,11.0
-0.34,-0.36666666666666664,0.023231393976564173,0.9142857142857143,8.0,8.0,2.0,11.0
-0.36666666666666664,-0.37333333333333335,0.07022216815643259,0.9142857142857143,8.0,8.0,2.0,11.0
-0.3466666666666667,-0.36666666666666664,0.060190429848370815,0.9142857142857143,8.0,8.0,2.0,11.0
-0.3466666666666667,-0.37333333333333335,0.04223889813920759,0.9142857142857143,8.0,8.0,2.0,11.0
-0.38666666666666666,-0.36666666666666664,0.039598967005507114,0.9142857142857143,8.0,8.0,2.0,11.0
-0.35333333333333333,-0.3933333333333333,0.03167917360440569,0.9142857142857143,8.0,8.0,2.0,11.0
-0.34,-0.36666666666666664,0.017423545482423128,0.8857142857142857,7.0,8.0,2.0,11.0
-0.38,-0.36666666666666664,0.05385459512748969,0.9142857142857143,8.0,8.0,2.0,11.0
-0.3466666666666667,-0.36666666666666664,0.010559724534801897,0.9142857142857143,8.0,8.0,2.0,11.0
-0.36666666666666664,-0.36666666666666664,0.017423545482423128,0.8857142857142857,7.0,8.0,2.0,11.0
-0.34,-0.37333333333333335,0.06652626456925195,0.8857142857142857,7.0,8.0,2.0,11.0
-0.38666666666666666,-0.37333333333333335,0.04223889813920759,0.9142857142857143,8.0,8.0,2.0,11.0
-0.35333333333333333,-0.38,0.06071841607511092,0.9142857142857143,8.0,8.0,2.0,11.0
-0.38,-0.36666666666666664,0.05227063644726939,0.9142857142857143,8.0,8.0,2.0,11.0
-0.4066666666666667,-0.4,0.019007504162643414,0.8857142857142857,7.0,8.0,2.0,11.0
-0.3466666666666667,-0.36666666666666664,0.09450953458647697,0.9142857142857143,8.0,8.0,2.0,11.0
-0.4066666666666667,-0.3933333333333333,0.019007504162643414,0.9142857142857143,8.0,8.0,2.0,11.0
-0.3466666666666667,-0.37333333333333335,0.03379111851136606,0.9142857142857143,8.0,8.0,2.0,11.0
-0.34,-0.36666666666666664,0.043294870592687766,0.8857142857142857,7.0,8.0,2.0,11.0
-0.42,-0.44,0.08342182382493499,0.8857142857142857,7.0,8.0,2.0,11.0
-0.36666666666666664,-0.36666666666666664,0.05385459512748969,0.9142857142857143,8.0,8.0,2.0,11.0
-0.3466666666666667,-0.36666666666666664,0.039598967005507114,0.9142857142857143,8.0,8.0,2.0,11.0
-0.37333333333333335,-0.3933333333333333,0.03748702209854673,0.9142857142857143,8.0,8.0,2.0,11.0
-0.34,-0.36666666666666664,0.023759380203304266,0.9142857142857143,8.0,8.0,2.0,11.0
-0.38,-0.36666666666666664,0.0311511873776656,0.9142857142857143,8.0,8.0,2.0,11.0
-0.36666666666666664,-0.38,0.006335834720881137,0.9142857142857143,8.0,8.0,2.0,11.0
-0.38666666666666666,-0.3933333333333333,0.016367573028942938,0.9142857142857143,8.0,8.0,2.0,11.0
-0.35333333333333333,-0.37333333333333335,0.04223889813920759,0.9142857142857143,8.0,8.0,2.0,11.0
-0.37333333333333335,-0.3933333333333333,0.048574732860088725,0.9142857142857143,8.0,8.0,2.0,11.0
-0.34,-0.36,0.04699077417986843,0.9142857142857143,8.0,8.0,2.0,11.0
-0.36666666666666664,-0.36666666666666664,0.02798327001722502,0.9142857142857143,8.0,8.0,2.0,11.0
-0.34,-0.36666666666666664,0.06863820947621231,0.9142857142857143,8.0,8.0,2.0,11.0
-0.38,-0.4,0.0818378651447147,0.9142857142857143,8.0,8.0,2.0,11.0
-0.3466666666666667,-0.37333333333333335,0.030623201150925507,0.9142857142857143,8.0,8.0,2.0,11.0
-0.36666666666666664,-0.36666666666666664,0.0828938375981949,0.9142857142857143,8.0,8.0,2.0,11.0
-0.3466666666666667,-0.36666666666666664,0.09450953458647697,0.9142857142857143,8.0,8.0,2.0,11.0
-0.34,-0.36666666666666664,0.013199655668502366,0.9142857142857143,8.0,8.0,2.0,11.0
-0.37333333333333335,-0.3933333333333333,0.03167917360440569,0.9142857142857143,8.0,8.0,2.0,11.0
-0.34,-0.36666666666666664,0.020063476616123604,0.8857142857142857,7.0,8.0,2.0,11.0
-0.34,-0.36666666666666664,0.0828938375981949,0.9142857142857143,8.0,8.0,2.0,11.0
-0.3466666666666667,-0.37333333333333335,0.06441431966229157,0.9142857142857143,8.0,8.0,2.0,11.0
-0.3933333333333333,-0.3933333333333333,0.01214368321502218,0.9142857142857143,8.0,8.0,2.0,11.0
-0.35333333333333333,-0.37333333333333335,0.07022216815643259,0.9142857142857143,8.0,8.0,2.0,11.0
-0.35333333333333333,-0.37333333333333335,0.030623201150925507,0.9142857142857143,8.0,8.0,2.0,11.0
-0.3466666666666667,-0.37333333333333335,0.01214368321502218,0.9142857142857143,8.0,8.0,2.0,11.0
-0.3466666666666667,-0.37333333333333335,0.024815352656784456,0.9142857142857143,8.0,8.0,2.0,11.0
-0.3466666666666667,-0.37333333333333335,0.06441431966229157,0.9142857142857143,8.0,8.0,2.0,11.0
-0.38,-0.36666666666666664,0.035375077191586356,0.9142857142857143,8.0,8.0,2.0,11.0
-0.35333333333333333,-0.36666666666666664,0.05385459512748969,0.9142857142857143,8.0,8.0,2.0,11.0
-0.34,-0.36666666666666664,0.019007504162643414,0.9142857142857143,8.0,8.0,2.0,11.0
-0.38,-0.37333333333333335,0.034847090964846256,0.8857142857142857,7.0,8.0,2.0,11.0
-0.34,-0.36666666666666664,0.09345356213299678,0.8857142857142857,7.0,8.0,2.0,11.0
-0.35333333333333333,-0.37333333333333335,0.0311511873776656,0.9142857142857143,8.0,8.0,2.0,11.0
-0.37333333333333335,-0.3933333333333333,0.01953549038938351,0.9142857142857143,8.0,8.0,2.0,11.0
-0.34,-0.36666666666666664,0.013199655668502366,0.9142857142857143,8.0,8.0,2.0,11.0
-0.38,-0.36666666666666664,0.09450953458647697,0.9142857142857143,8.0,8.0,2.0,11.0
-0.36,-0.3933333333333333,0.03167917360440569,0.9142857142857143,8.0,8.0,2.0,11.0
-0.36666666666666664,-0.36666666666666664,0.006335834720881137,0.9142857142857143,8.0,8.0,2.0,11.0
-0.35333333333333333,-0.36666666666666664,0.017423545482423128,0.8857142857142857,7.0,8.0,2.0,11.0
-0.35333333333333333,-0.36666666666666664,0.013199655668502366,0.9142857142857143,8.0,8.0,2.0,11.0
-0.38,-0.3933333333333333,0.0311511873776656,0.9142857142857143,8.0,8.0,2.0,11.0
-0.35333333333333333,-0.37333333333333335,0.03379111851136606,0.9142857142857143,8.0,8.0,2.0,11.0
-0.36666666666666664,-0.36666666666666664,0.043294870592687766,0.8857142857142857,7.0,8.0,2.0,11.0
-0.38,-0.36666666666666664,0.0311511873776656,0.9142857142857143,8.0,8.0,2.0,11.0
-0.35333333333333333,-0.37333333333333335,0.043294870592687766,0.9142857142857143,8.0,8.0,2.0,11.0
-0.3466666666666667,-0.36666666666666664,0.03959896700550711,0.9142857142857143,8.0,8.0,2.0,11.0
-0.34,-0.36666666666666664,0.013199655668502366,0.9142857142857143,8.0,8.0,2.0,11.0
-0.34,-0.36,0.04699077417986843,0.8857142857142857,7.0,8.0,2.0,11.0
-0.3466666666666667,-0.36666666666666664,0.02798327001722502,0.9142857142857143,8.0,8.0,2.0,11.0
-0.3466666666666667,-0.36,0.04699077417986843,0.9142857142857143,8.0,8.0,2.0,11.0
-0.36666666666666664,-0.36,0.05702251248793025,0.9142857142857143,8.0,8.0,2.0,11.0
-0.34,-0.36666666666666664,0.020063476616123604,0.8857142857142857,7.0,8.0,2.0,11.0
-0.37333333333333335,-0.37333333333333335,0.048574732860088725,0.9142857142857143,8.0,8.0,2.0,11.0
-0.34,-0.36666666666666664,0.09345356213299678,0.9142857142857143,8.0,8.0,2.0,11.0
-0.4066666666666667,-0.4,0.04223889813920759,0.9142857142857143,8.0,8.0,2.0,11.0
-0.36,-0.38,0.06652626456925195,0.9142857142857143,8.0,8.0,2.0,11.0
-0.38,-0.3933333333333333,0.016367573028942938,0.9142857142857143,8.0,8.0,2.0,11.0
-0.3466666666666667,-0.37333333333333335,0.09186960345277649,0.9142857142857143,8.0,8.0,2.0,11.0
-0.38,-0.36666666666666664,0.060190429848370815,0.9142857142857143,8.0,8.0,2.0,11.0
-0.34,-0.36666666666666664,0.05227063644726939,0.9142857142857143,8.0,8.0,2.0,11.0
-0.35333333333333333,-0.37333333333333335,0.03379111851136607,0.9142857142857143,8.0,8.0,2.0,11.0
-0.3933333333333333,-0.3933333333333333,0.016367573028942938,0.9142857142857143,8.0,8.0,2.0,11.0
-0.36666666666666664,-0.37333333333333335,0.06441431966229157,0.9142857142857143,8.0,8.0,2.0,11.0
-0.34,-0.36666666666666664,0.017423545482423128,0.8857142857142857,7.0,8.0,2.0,11.0
-0.38,-0.37333333333333335,0.03379111851136606,0.9142857142857143,8.0,8.0,2.0,11.0
-0.3466666666666667,-0.37333333333333335,0.01214368321502218,0.9142857142857143,8.0,8.0,2.0,11.0
-0.36666666666666664,-0.3933333333333333,0.048574732860088725,0.9142857142857143,8.0,8.0,2.0,11.0
-0.34,-0.36666666666666664,0.023231393976564173,0.9142857142857143,8.0,8.0,2.0,11.0
-0.37333333333333335,-0.37333333333333335,0.03379111851136607,0.9142857142857143,8.0,8.0,2.0,11.0
-0.41333333333333333,-0.38666666666666666,0.054910567580969884,0.9142857142857143,8.0,8.0,2.0,11.0
-0.3466666666666667,-0.36666666666666664,0.006335834720881137,0.9142857142857143,8.0,8.0,2.0,11.0
-0.35333333333333333,-0.38,0.06071841607511092,0.9142857142857143,8.0,8.0,2.0,11.0
-0.34,-0.36666666666666664,0.035375077191586356,0.9142857142857143,8.0,8.0,2.0,11.0
-0.36,-0.38,0.04223889813920759,0.8857142857142857,7.0,8.0,2.0,11.0
-0.38,-0.38,0.06071841607511092,0.9142857142857143,8.0,8.0,2.0,11.0
-0.3466666666666667,-0.36666666666666664,0.03959896700550711,0.9142857142857143,8.0,8.0,2.0,11.0
-0.38666666666666666,-0.38,0.06652626456925195,0.9142857142857143,8.0,8.0,2.0,11.0
-0.34,-0.36666666666666664,0.02534333888352456,0.9142857142857143,8.0,8.0,2.0,11.0
-0.35333333333333333,-0.38,0.030623201150925507,0.9142857142857143,8.0,8.0,2.0,11.0
-0.38666666666666666,-0.37333333333333335,0.04910271908682882,0.9142857142857143,8.0,8.0,2.0,11.0
-0.3466666666666667,-0.36666666666666664,0.039598967005507114,0.9142857142857143,8.0,8.0,2.0,11.0
-0.34,-0.36666666666666664,0.020063476616123604,0.8857142857142857,7.0,8.0,2.0,11.0
-0.4066666666666667,-0.4,0.0818378651447147,0.9142857142857143,8.0,8.0,2.0,11.0
-0.37333333333333335,-0.3933333333333333,0.03748702209854673,0.9142857142857143,8.0,8.0,2.0,11.0
-0.38,-0.4,0.05227063644726939,0.9142857142857143,8.0,8.0,2.0,11.0
-0.3466666666666667,-0.37333333333333335,0.03379111851136606,0.9142857142857143,8.0,8.0,2.0,11.0
-0.35333333333333333,-0.36666666666666664,0.039598967005507114,0.9142857142857143,8.0,8.0,2.0,11.0
-0.38,-0.37333333333333335,0.024815352656784456,0.9142857142857143,8.0,8.0,2.0,11.0
-0.38666666666666666,-0.38666666666666666,0.048574732860088725,0.9142857142857143,8.0,8.0,2.0,11.0
-0.35333333333333333,-0.38,0.04276688436594769,0.9142857142857143,8.0,8.0,2.0,11.0
-0.38,-0.38,0.01953549038938351,0.9142857142857143,8.0,8.0,2.0,11.0
-0.3466666666666667,-0.36666666666666664,0.039598967005507114,0.9142857142857143,8.0,8.0,2.0,11.0
-0.38,-0.36666666666666664,0.01953549038938351,0.9142857142857143,8.0,8.0,2.0,11.0
-0.38,-0.36666666666666664,0.006335834720881137,0.9142857142857143,8.0,8.0,2.0,11.0
-0.36666666666666664,-0.36666666666666664,0.05385459512748969,0.9142857142857143,8.0,8.0,2.0,11.0
-0.3466666666666667,-0.37333333333333335,0.043294870592687766,0.9142857142857143,8.0,8.0,2.0,11.0
-0.35333333333333333,-0.37333333333333335,0.0311511873776656,0.9142857142857143,8.0,8.0,2.0,11.0
-0.38666666666666666,-0.37333333333333335,0.06441431966229157,0.9142857142857143,8.0,8.0,2.0,11.0
-0.38666666666666666,-0.4,0.04223889813920759,0.9142857142857143,8.0,8.0,2.0,11.0
-0.36,-0.3933333333333333,0.03167917360440569,0.9142857142857143,8.0,8.0,2.0,11.0
-0.38,-0.36666666666666664,0.023759380203304266,0.9142857142857143,8.0,8.0,2.0,11.0
-0.35333333333333333,-0.37333333333333335,0.04223889813920759,0.9142857142857143,8.0,8.0,2.0,11.0
-0.34,-0.36666666666666664,0.023231393976564173,0.9142857142857143,8.0,8.0,2.0,11.0
-0.34,-0.36666666666666664,0.05227063644726939,0.9142857142857143,8.0,8.0,2.0,11.0
-0.35333333333333333,-0.37333333333333335,0.0818378651447147,0.9142857142857143,8.0,8.0,2.0,11.0
-0.36666666666666664,-0.3933333333333333,0.03167917360440569,0.9142857142857143,8.0,8.0,2.0,11.0
-0.38,-0.3933333333333333,0.016367573028942938,0.9142857142857143,8.0,8.0,2.0,11.0
-0.34,-0.36666666666666664,0.07814196155753403,0.8857142857142857,7.0,8.0,2.0,11.0
-0.34,-0.36666666666666664,0.0311511873776656,0.9142857142857143,8.0,8.0,2.0,11.0
-0.35333333333333333,-0.37333333333333335,0.04910271908682882,0.9142857142857143,8.0,8.0,2.0,11.0
-0.34,-0.37333333333333335,0.024815352656784456,0.9142857142857143,8.0,8.0,2.0,11.0
-0.38,-0.36666666666666664,0.07814196155753403,0.8857142857142857,7.0,8.0,2.0,11.0
-0.35333333333333333,-0.37333333333333335,0.01953549038938351,0.9142857142857143,8.0,8.0,2.0,11.0
-0.38,-0.3933333333333333,0.016367573028942938,0.9142857142857143,8.0,8.0,2.0,11.0
-0.37333333333333335,-0.37333333333333335,0.06652626456925195,0.8857142857142857,7.0,8.0,2.0,11.0
-0.35333333333333333,-0.37333333333333335,0.034847090964846256,0.8857142857142857,7.0,8.0,2.0,11.0
-0.38,-0.4,0.019007504162643414,0.8857142857142857,7.0,8.0,2.0,11.0
-0.3466666666666667,-0.36666666666666664,0.013199655668502366,0.9142857142857143,8.0,8.0,2.0,11.0
-0.43333333333333335,-0.44,0.08342182382493499,0.8857142857142857,7.0,8.0,2.0,11.0
-0.35333333333333333,-0.37333333333333335,0.0818378651447147,0.9142857142857143,8.0,8.0,2.0,11.0
-0.36666666666666664,-0.38,0.024815352656784456,0.8857142857142857,7.0,8.0,2.0,11.0
-0.38,-0.38,0.030623201150925507,0.9142857142857143,8.0,8.0,2.0,11.0
-0.35333333333333333,-0.36666666666666664,0.039598967005507114,0.9142857142857143,8.0,8.0,2.0,11.0
-0.34,-0.36666666666666664,0.023231393976564173,0.9142857142857143,8.0,8.0,2.0,11.0
-0.3466666666666667,-0.36666666666666664,0.039598967005507114,0.9142857142857143,8.0,8.0,2.0,11.0
-0.3466666666666667,-0.37333333333333335,0.02481535265678446,0.9142857142857143,8.0,8.0,2.0,11.0
-0.36666666666666664,-0.36666666666666664,0.023231393976564173,0.9142857142857143,8.0,8.0,2.0,11.0
-0.3466666666666667,-0.36666666666666664,0.09345356213299678,0.8857142857142857,7.0,8.0,2.0,11.0
-0.3466666666666667,-0.36666666666666664,0.02534333888352456,0.9142857142857143,8.0,8.0,2.0,11.0
-0.36666666666666664,-0.4,0.0818378651447147,0.9142857142857143,8.0,8.0,2.0,11.0
-0.36,-0.38,0.04276688436594769,0.9142857142857143,8.0,8.0,2.0,11.0
-0.35333333333333333,-0.36,0.04699077417986843,0.9142857142857143,8.0,8.0,2.0,11.0
-0.37333333333333335,-0.38,0.01953549038938351,0.9142857142857143,8.0,8.0,2.0,11.0
-0.3466666666666667,-0.38,0.01953549038938351,0.9142857142857143,8.0,8.0,2.0,11.0
-0.36666666666666664,-0.38,0.024815352656784456,0.8857142857142857,7.0,8.0,2.0,11.0
-0.34,-0.36666666666666664,0.060190429848370815,0.9142857142857143,8.0,8.0,2.0,11.0
-0.35333333333333333,-0.36,0.04699077417986843,0.9142857142857143,8.0,8.0,2.0,11.0
-0.4666666666666667,-0.46,0.043749361136665645,0.9428571428571428,9.0,11.0,2.0,12.0
-0.42,-0.44666666666666666,0.017951531709163224,0.9142857142857143,8.0,8.0,2.0,12.0
-0.4066666666666667,-0.43333333333333335,0.035060819789430646,0.9428571428571428,9.0,11.0,2.0,12.0
-0.41333333333333333,-0.43333333333333335,0.030869876316058475,0.9714285714285714,10.0,11.0,2.0,12.0
-0.42,-0.43333333333333335,0.035060819789430646,0.9428571428571428,9.0,11.0,2.0,12.0
-0.4066666666666667,-0.43333333333333335,0.048758049678012894,0.9428571428571428,9.0,11.0,2.0,12.0
-0.42,-0.44,0.02534333888352456,0.9142857142857143,8.0,8.0,2.0,12.0
-0.48,-0.48,0.06863820947621233,0.9142857142857143,8.0,8.0,2.0,12.0
-0.42,-0.4266666666666667,0.03914954512930594,0.9428571428571428,9.0,11.0,2.0,12.0
-0.43333333333333335,-0.4533333333333333,0.05029132168046612,0.9714285714285714,10.0,11.0,2.0,12.0
-0.49333333333333335,-0.49333333333333335,0.01214368321502218,0.9142857142857143,8.0,8.0,2.0,12.0
-0.41333333333333333,-0.4266666666666667,0.07288152918327713,0.9714285714285714,10.0,11.0,2.0,12.0
-0.4666666666666667,-0.47333333333333333,0.05966244362163072,0.8857142857142857,7.0,8.0,2.0,12.0
-0.4666666666666667,-0.4666666666666667,0.07233411306339299,0.9142857142857143,8.0,8.0,2.0,12.0
-0.4666666666666667,-0.48,0.007391807174361327,0.9142857142857143,8.0,8.0,2.0,12.0
-0.44666666666666666,-0.4533333333333333,0.01953549038938351,0.9142857142857143,8.0,8.0,2.0,12.0
-0.44,-0.4533333333333333,0.07814196155753403,0.9142857142857143,8.0,8.0,2.0,12.0
-0.4,-0.43333333333333335,0.048758049678012894,0.9428571428571428,9.0,11.0,2.0,12.0
-0.4,-0.43333333333333335,0.050904630481447416,0.9714285714285714,10.0,11.0,2.0,12.0
-0.46,-0.47333333333333333,0.04276688436594769,0.8857142857142857,7.0,8.0,2.0,12.0
-0.4266666666666667,-0.4533333333333333,0.0671573137074517,0.9714285714285714,10.0,11.0,2.0,12.0
-0.4066666666666667,-0.43333333333333335,0.021159153633854653,0.9428571428571428,9.0,11.0,2.0,12.0
-0.46,-0.47333333333333333,0.07550203042383358,0.9142857142857143,8.0,8.0,2.0,12.0
-0.46,-0.44,0.03557191045691506,0.9428571428571428,9.0,11.0,2.0,12.0
-0.44666666666666666,-0.43333333333333335,0.16784217520188086,0.9428571428571428,9.0,11.0,2.0,12.0
-0.41333333333333333,-0.43333333333333335,0.031994275784524184,0.9428571428571428,9.0,11.0,2.0,12.0
-0.4066666666666667,-0.43333333333333335,0.03495860165593377,0.9714285714285714,10.0,11.0,2.0,12.0
-0.42,-0.44,0.03557191045691506,0.9428571428571428,9.0,11.0,2.0,12.0
-0.44666666666666666,-0.46,0.018705918429929472,1.0,11.0,11.0,2.0,12.0
-0.47333333333333333,-0.48,0.08394981005167508,0.9142857142857143,8.0,8.0,2.0,12.0
-0.5,-0.47333333333333333,0.07550203042383358,0.9142857142857143,8.0,8.0,2.0,12.0
-0.4,-0.4266666666666667,0.02044362669937647,0.9428571428571428,9.0,11.0,2.0,12.0
-0.4266666666666667,-0.4533333333333333,0.0671573137074517,0.9714285714285714,10.0,11.0,2.0,12.0
-0.41333333333333333,-0.4266666666666667,0.03748702209854673,0.8857142857142857,7.0,8.0,2.0,12.0
-0.44,-0.4533333333333333,0.0671573137074517,0.9714285714285714,10.0,11.0,2.0,12.0
-0.4066666666666667,-0.43333333333333335,0.052335684350403776,0.9428571428571428,9.0,11.0,2.0,12.0
-0.4,-0.4266666666666667,0.05284677501788818,0.9714285714285714,10.0,11.0,2.0,12.0
-0.42,-0.44,0.03454972912194624,0.9428571428571428,9.0,11.0,2.0,12.0
-0.4066666666666667,-0.43333333333333335,0.050904630481447416,0.9714285714285714,10.0,11.0,2.0,12.0
-0.43333333333333335,-0.4533333333333333,0.04699077417986845,0.9142857142857143,8.0,8.0,2.0,12.0
-0.4866666666666667,-0.47333333333333333,0.07233411306339299,0.8857142857142857,7.0,8.0,2.0,12.0
-0.47333333333333333,-0.48,0.08394981005167508,0.9142857142857143,8.0,8.0,2.0,12.0
-0.4666666666666667,-0.48,0.08975765854581612,0.9142857142857143,8.0,8.0,2.0,12.0
-0.41333333333333333,-0.43333333333333335,0.03148318511703977,0.9428571428571428,9.0,11.0,2.0,12.0
-0.48,-0.4866666666666667,0.006335834720881137,0.9142857142857143,8.0,8.0,2.0,12.0
-0.44,-0.4533333333333333,0.0628303609820713,0.9142857142857143,8.0,8.0,2.0,12.0
-0.47333333333333333,-0.48,0.04910271908682882,0.9142857142857143,8.0,8.0,2.0,12.0
-0.46,-0.46,0.10242256976387613,0.9428571428571428,9.0,11.0,2.0,12.0
-0.3933333333333333,-0.43333333333333335,0.16784217520188086,0.9428571428571428,9.0,11.0,2.0,12.0
-0.4066666666666667,-0.43333333333333335,0.031994275784524184,0.9428571428571428,9.0,11.0,2.0,12.0
-0.44666666666666666,-0.46,0.017423545482423128,0.9142857142857143,8.0,8.0,2.0,12.0
-0.49333333333333335,-0.4533333333333333,0.0671573137074517,0.9714285714285714,10.0,11.0,2.0,12.0
-0.4,-0.4266666666666667,0.07288152918327713,0.9714285714285714,10.0,11.0,2.0,12.0
-0.4,-0.4266666666666667,0.02299908003679853,0.9428571428571428,9.0,11.0,2.0,12.0
-0.44,-0.4533333333333333,0.0671573137074517,0.9714285714285714,10.0,11.0,2.0,12.0
-0.4666666666666667,-0.47333333333333333,0.05966244362163072,0.8857142857142857,7.0,8.0,2.0,12.0
-0.4866666666666667,-0.47333333333333333,0.01214368321502218,0.9142857142857143,8.0,8.0,2.0,12.0
-0.4666666666666667,-0.47333333333333333,0.0813098789179746,0.9142857142857143,8.0,8.0,2.0,12.0
-0.4533333333333333,-0.4533333333333333,0.04006950833077789,0.9714285714285714,10.0,11.0,2.0,12.0
-0.4866666666666667,-0.46,0.030623201150925504,0.8857142857142857,7.0,8.0,2.0,12.0
-0.4066666666666667,-0.4266666666666667,0.03495860165593377,0.9428571428571428,9.0,11.0,2.0,12.0
-0.43333333333333335,-0.46,0.07237043851579272,0.9714285714285714,10.0,11.0,2.0,12.0
-0.4666666666666667,-0.47333333333333333,0.07550203042383358,0.9142857142857143,8.0,8.0,2.0,12.0
-0.4666666666666667,-0.47333333333333333,0.024815352656784456,0.9142857142857143,8.0,8.0,2.0,12.0
-0.4666666666666667,-0.47333333333333333,0.07550203042383358,0.9142857142857143,8.0,8.0,2.0,12.0
-0.41333333333333333,-0.43333333333333335,0.02575896964121436,0.9714285714285714,10.0,11.0,2.0,12.0
-0.5,-0.47333333333333333,0.03695903587180664,0.9142857142857143,8.0,8.0,2.0,12.0
-0.4666666666666667,-0.47333333333333333,0.04276688436594769,0.8857142857142857,7.0,8.0,2.0,12.0
-0.4,-0.43333333333333335,0.030869876316058475,0.9714285714285714,10.0,11.0,2.0,12.0
-0.44,-0.4533333333333333,0.05029132168046612,0.9714285714285714,10.0,11.0,2.0,12.0
-0.43333333333333335,-0.44666666666666666,0.041182925685727394,0.9142857142857143,8.0,8.0,2.0,12.0
-0.4066666666666667,-0.4266666666666667,0.02299908003679853,0.9428571428571428,9.0,11.0,2.0,12.0
-0.46,-0.4666666666666667,0.048574732860088725,0.9142857142857143,8.0,8.0,2.0,12.0
-0.4066666666666667,-0.4266666666666667,0.05284677501788818,0.9714285714285714,10.0,11.0,2.0,12.0
-0.4066666666666667,-0.43333333333333335,0.03322089338648677,0.9428571428571428,9.0,11.0,2.0,12.0
-0.4866666666666667,-0.47333333333333333,0.02217542152308398,0.8857142857142857,7.0,8.0,2.0,12.0
-0.5066666666666667,-0.48,0.08394981005167508,0.9142857142857143,8.0,8.0,2.0,12.0
-0.46,-0.4533333333333333,0.09117857507921907,0.9428571428571428,9.0,11.0,2.0,12.0
-0.4,-0.44666666666666666,0.0411939077992436,0.9428571428571428,9.0,11.0,2.0,12.0
-0.4066666666666667,-0.4266666666666667,0.07288152918327713,0.9714285714285714,10.0,11.0,2.0,12.0
-0.44,-0.4533333333333333,0.03379111851136607,0.9142857142857143,8.0,8.0,2.0,12.0
-0.46,-0.47333333333333333,0.04699077417986843,0.9142857142857143,8.0,8.0,2.0,12.0
-0.56,-0.5666666666666667,0.02534333888352456,0.8857142857142857,7.0,8.0,2.0,12.0
-0.4533333333333333,-0.4666666666666667,0.02217542152308398,0.8857142857142857,7.0,8.0,2.0,12.0
-0.3933333333333333,-0.41333333333333333,0.017951531709163224,0.9142857142857143,8.0,8.0,2.0,12.0
-0.4066666666666667,-0.4266666666666667,0.05284677501788818,0.9714285714285714,10.0,11.0,2.0,12.0
-0.47333333333333333,-0.46,0.048574732860088725,0.9142857142857143,8.0,8.0,2.0,12.0
-0.46,-0.4533333333333333,0.03167917360440569,0.9142857142857143,8.0,8.0,2.0,12.0
-0.44,-0.4533333333333333,0.039598967005507114,0.9142857142857143,8.0,8.0,2.0,12.0
-0.43333333333333335,-0.4533333333333333,0.02586118777471124,0.9714285714285714,10.0,11.0,2.0,12.0
-0.44666666666666666,-0.46,0.030623201150925504,0.8857142857142857,7.0,8.0,2.0,12.0
-0.4533333333333333,-0.44,0.04170499846672801,0.9428571428571428,9.0,11.0,2.0,12.0
-0.41333333333333333,-0.43333333333333335,0.050904630481447416,0.9714285714285714,10.0,11.0,2.0,12.0
-0.4,-0.4266666666666667,0.020443626699376476,0.9428571428571428,9.0,11.0,2.0,12.0
-0.44666666666666666,-0.44666666666666666,0.08105897986302772,0.9142857142857143,8.0,11.0,2.0,12.0
-0.4066666666666667,-0.4266666666666667,0.025554533374220593,0.9428571428571428,9.0,11.0,2.0,12.0
-0.3933333333333333,-0.43333333333333335,0.03444751098844935,0.9714285714285714,10.0,11.0,2.0,12.0
-0.4266666666666667,-0.4533333333333333,0.09117857507921907,0.9428571428571428,9.0,11.0,2.0,12.0
-0.4066666666666667,-0.43333333333333335,0.025554533374220596,0.9428571428571428,9.0,11.0,2.0,12.0
-0.4533333333333333,-0.4533333333333333,0.0671573137074517,0.9714285714285714,10.0,11.0,2.0,12.0
-0.4266666666666667,-0.4533333333333333,0.0671573137074517,0.9714285714285714,10.0,11.0,2.0,12.0
-0.42,-0.46,0.043749361136665645,0.9428571428571428,9.0,11.0,2.0,12.0
-0.4866666666666667,-0.49333333333333335,0.030623201150925507,0.9142857142857143,8.0,8.0,2.0,12.0
-0.4066666666666667,-0.43333333333333335,0.03322089338648677,0.9428571428571428,9.0,11.0,2.0,12.0
-0.43333333333333335,-0.43333333333333335,0.035060819789430646,0.9428571428571428,9.0,11.0,2.0,12.0
-0.4666666666666667,-0.4533333333333333,0.04699077417986843,0.9142857142857143,8.0,8.0,2.0,12.0
-0.43333333333333335,-0.44666666666666666,0.04223889813920759,0.9142857142857143,8.0,8.0,2.0,12.0
-0.44666666666666666,-0.46,0.014255628121982562,0.9142857142857143,8.0,8.0,2.0,12.0
-0.4066666666666667,-0.43333333333333335,0.043442706736174994,0.9428571428571428,9.0,11.0,2.0,12.0
-0.4,-0.4266666666666667,0.020443626699376476,0.9428571428571428,9.0,11.0,2.0,12.0
-0.4266666666666667,-0.4533333333333333,0.05029132168046612,0.9714285714285714,10.0,11.0,2.0,12.0
-0.43333333333333335,-0.4533333333333333,0.020063476616123604,0.9142857142857143,8.0,8.0,2.0,12.0
-0.4066666666666667,-0.43333333333333335,0.03148318511703977,0.9428571428571428,9.0,11.0,2.0,12.0
-0.4,-0.4266666666666667,0.07288152918327713,0.9714285714285714,10.0,11.0,2.0,12.0
-0.44,-0.4533333333333333,0.04006950833077789,0.9714285714285714,10.0,11.0,2.0,12.0
-0.47333333333333333,-0.46,0.03379111851136607,0.9142857142857143,8.0,8.0,2.0,12.0
-0.4,-0.4266666666666667,0.020443626699376476,0.9428571428571428,9.0,11.0,2.0,12.0
-0.3933333333333333,-0.41333333333333333,0.017951531709163224,0.9142857142857143,8.0,8.0,2.0,12.0
-0.4,-0.43333333333333335,0.03148318511703977,0.9428571428571428,9.0,11.0,2.0,12.0
-0.4066666666666667,-0.43333333333333335,0.04323827046918124,0.9714285714285714,10.0,11.0,2.0,12.0
-0.43333333333333335,-0.43333333333333335,0.04323827046918124,0.9714285714285714,10.0,11.0,2.0,12.0
-0.42,-0.43333333333333335,0.031994275784524184,0.9428571428571428,9.0,11.0,2.0,12.0
-0.4533333333333333,-0.46,0.0406549394589873,0.9142857142857143,8.0,8.0,2.0,12.0
-0.4,-0.43333333333333335,0.035060819789430646,0.9428571428571428,9.0,11.0,2.0,12.0
-0.42,-0.4266666666666667,0.025554533374220593,0.9428571428571428,9.0,11.0,2.0,12.0
-0.41333333333333333,-0.4266666666666667,0.02831442297863642,0.9714285714285714,10.0,11.0,2.0,12.0
-0.41333333333333333,-0.4266666666666667,0.02299908003679853,0.9428571428571428,9.0,11.0,2.0,12.0
-0.4066666666666667,-0.43333333333333335,0.03444751098844935,0.9714285714285714,10.0,11.0,2.0,12.0
-0.4266666666666667,-0.46,0.018705918429929472,1.0,11.0,11.0,2.0,12.0
-0.46,-0.47333333333333333,0.024815352656784456,0.9142857142857143,8.0,8.0,2.0,12.0
-0.46,-0.43333333333333335,0.03495860165593377,0.9714285714285714,10.0,11.0,2.0,12.0
-0.46,-0.47333333333333333,0.02217542152308398,0.8857142857142857,7.0,8.0,2.0,12.0
-0.43333333333333335,-0.4533333333333333,0.02586118777471124,0.9714285714285714,10.0,11.0,2.0,12.0
-0.4066666666666667,-0.43333333333333335,0.038127363794337114,0.9428571428571428,9.0,11.0,2.0,12.0
-0.43333333333333335,-0.4533333333333333,0.02586118777471124,0.9714285714285714,10.0,11.0,2.0,12.0
-0.41333333333333333,-0.43333333333333335,0.048758049678012894,0.9428571428571428,9.0,11.0,2.0,12.0
-0.43333333333333335,-0.4533333333333333,0.02586118777471124,0.9714285714285714,10.0,11.0,2.0,12.0
-0.4,-0.4266666666666667,0.03914954512930594,0.9428571428571428,9.0,11.0,2.0,12.0
-0.42,-0.46,0.043749361136665645,0.9428571428571428,9.0,11.0,2.0,12.0
-0.41333333333333333,-0.4266666666666667,0.07155269344781766,0.9714285714285714,10.0,11.0,2.0,12.0
-0.4666666666666667,-0.4533333333333333,0.05029132168046612,0.9714285714285714,10.0,11.0,2.0,12.0
-0.47333333333333333,-0.4533333333333333,0.04006950833077789,0.9714285714285714,10.0,11.0,2.0,12.0
-0.44,-0.4533333333333333,0.03167917360440569,0.9142857142857143,8.0,8.0,2.0,12.0
-0.42,-0.43333333333333335,0.025554533374220596,0.9428571428571428,9.0,11.0,2.0,12.0
-0.4066666666666667,-0.44,0.03250536645200859,0.9428571428571428,9.0,11.0,2.0,12.0
-0.4866666666666667,-0.4666666666666667,0.07022216815643259,0.8857142857142857,7.0,8.0,2.0,12.0
-0.4066666666666667,-0.4266666666666667,0.03495860165593377,0.9428571428571428,9.0,11.0,2.0,12.0
-0.4533333333333333,-0.46,0.0284166411121333,0.9714285714285714,10.0,11.0,2.0,12.0
-0.4066666666666667,-0.44,0.024327915772258006,0.9428571428571428,9.0,11.0,2.0,12.0
-0.47333333333333333,-0.4866666666666667,0.0311511873776656,0.9142857142857143,8.0,8.0,2.0,12.0
-0.4266666666666667,-0.43333333333333335,0.035060819789430646,0.9428571428571428,9.0,11.0,2.0,12.0
-0.4066666666666667,-0.44,0.03454972912194624,0.9428571428571428,9.0,11.0,2.0,12.0
-0.4666666666666667,-0.4266666666666667,0.02831442297863642,0.9714285714285714,10.0,11.0,2.0,12.0
-0.43333333333333335,-0.4533333333333333,0.04006950833077789,0.9714285714285714,10.0,11.0,2.0,12.0
-0.5066666666666667,-0.48,0.04910271908682882,0.9142857142857143,8.0,8.0,2.0,12.0
-0.47333333333333333,-0.48,0.04910271908682882,0.9142857142857143,8.0,8.0,2.0,12.0
-0.4266666666666667,-0.43333333333333335,0.052335684350403776,0.9428571428571428,9.0,11.0,2.0,12.0
-0.44,-0.4266666666666667,0.025554533374220593,0.9428571428571428,9.0,11.0,2.0,12.0
-0.44,-0.4533333333333333,0.03167917360440569,0.9142857142857143,8.0,8.0,2.0,12.0
-0.42,-0.4266666666666667,0.02044362669937647,0.9428571428571428,9.0,11.0,2.0,12.0
-0.4666666666666667,-0.47333333333333333,0.02217542152308398,0.8857142857142857,7.0,8.0,2.0,12.0
-0.4533333333333333,-0.4666666666666667,0.017423545482423128,0.9142857142857143,8.0,8.0,2.0,12.0
-0.43333333333333335,-0.46,0.043749361136665645,0.9428571428571428,9.0,11.0,2.0,12.0
-0.4666666666666667,-0.4666666666666667,0.048574732860088725,0.9142857142857143,8.0,8.0,2.0,12.0
-0.3933333333333333,-0.4266666666666667,0.020443626699376476,0.9428571428571428,9.0,11.0,2.0,12.0
-0.47333333333333333,-0.4866666666666667,0.060190429848370815,0.9142857142857143,8.0,8.0,2.0,12.0
-0.41333333333333333,-0.4266666666666667,0.02044362669937647,0.9428571428571428,9.0,11.0,2.0,12.0
-0.44666666666666666,-0.4533333333333333,0.007391807174361327,0.9142857142857143,8.0,8.0,2.0,12.0
-0.44666666666666666,-0.4533333333333333,0.039598967005507114,0.9142857142857143,8.0,8.0,2.0,12.0
-0.41333333333333333,-0.43333333333333335,0.02575896964121436,0.9714285714285714,10.0,11.0,2.0,12.0
-0.4066666666666667,-0.43333333333333335,0.03322089338648677,0.9428571428571428,9.0,11.0,2.0,12.0
-0.49333333333333335,-0.4866666666666667,0.060190429848370815,0.9142857142857143,8.0,8.0,2.0,12.0
-0.43333333333333335,-0.4533333333333333,0.04006950833077789,0.9714285714285714,10.0,11.0,2.0,12.0
-0.4,-0.4266666666666667,0.07288152918327713,0.9714285714285714,10.0,11.0,2.0,12.0
-0.4266666666666667,-0.46,0.043749361136665645,0.9428571428571428,9.0,11.0,2.0,12.0
-0.44666666666666666,-0.46,0.007391807174361327,0.9142857142857143,8.0,8.0,2.0,12.0
-0.43333333333333335,-0.46,0.0284166411121333,0.9714285714285714,10.0,11.0,2.0,12.0
-0.44666666666666666,-0.4666666666666667,0.03643104964506655,0.8857142857142857,7.0,8.0,2.0,12.0
-0.4666666666666667,-0.47333333333333333,0.0813098789179746,0.9142857142857143,8.0,8.0,2.0,12.0
-0.46,-0.44666666666666666,0.03748702209854673,0.8857142857142857,7.0,8.0,2.0,12.0
-0.4666666666666667,-0.4533333333333333,0.09117857507921907,0.9428571428571428,9.0,11.0,2.0,12.0
-0.43333333333333335,-0.4533333333333333,0.07127814060991279,0.9142857142857143,8.0,8.0,2.0,12.0
-0.44,-0.4533333333333333,0.02586118777471124,0.9714285714285714,10.0,11.0,2.0,12.0
-0.44666666666666666,-0.4533333333333333,0.02217542152308398,0.9142857142857143,8.0,8.0,2.0,12.0
-0.46,-0.4666666666666667,0.02903924247070522,0.9142857142857143,8.0,8.0,2.0,12.0
-0.46,-0.4533333333333333,0.07127814060991279,0.9142857142857143,8.0,8.0,2.0,12.0
-0.4533333333333333,-0.4666666666666667,0.017423545482423128,0.9142857142857143,8.0,8.0,2.0,12.0
-0.46,-0.44666666666666666,0.04223889813920759,0.9142857142857143,8.0,8.0,2.0,12.0
-0.4066666666666667,-0.44,0.024327915772258006,0.9428571428571428,9.0,11.0,2.0,12.0
-0.42,-0.43333333333333335,0.03322089338648677,0.9428571428571428,9.0,11.0,2.0,12.0
-0.42,-0.4533333333333333,0.09117857507921907,0.9428571428571428,9.0,11.0,2.0,12.0
-0.4866666666666667,-0.48,0.08975765854581612,0.9142857142857143,8.0,8.0,2.0,12.0
-0.4533333333333333,-0.4666666666666667,0.02217542152308398,0.8857142857142857,7.0,8.0,2.0,12.0
-0.4866666666666667,-0.47333333333333333,0.024815352656784456,0.9142857142857143,8.0,8.0,2.0,12.0
-0.4266666666666667,-0.44666666666666666,0.08105897986302772,0.9142857142857143,8.0,11.0,2.0,12.0
-0.42,-0.46,0.043749361136665645,0.9428571428571428,9.0,11.0,2.0,12.0
-0.4533333333333333,-0.46,0.048574732860088725,0.9142857142857143,8.0,8.0,2.0,12.0
-0.43333333333333335,-0.46,0.10242256976387613,0.9428571428571428,9.0,11.0,2.0,12.0
-0.41333333333333333,-0.43333333333333335,0.03495860165593377,0.9714285714285714,10.0,11.0,2.0,12.0
-0.42,-0.43333333333333335,0.021772462434835948,0.9714285714285714,10.0,11.0,2.0,12.0
-0.4,-0.4266666666666667,0.03914954512930594,0.9428571428571428,9.0,11.0,2.0,12.0
-0.4,-0.4266666666666667,0.020443626699376476,0.9428571428571428,9.0,11.0,2.0,12.0
-0.4266666666666667,-0.4533333333333333,0.07127814060991279,0.9142857142857143,8.0,8.0,2.0,12.0
-0.41333333333333333,-0.43333333333333335,0.021772462434835948,0.9714285714285714,10.0,11.0,2.0,12.0
-0.44,-0.4533333333333333,0.07814196155753403,0.9142857142857143,8.0,8.0,2.0,12.0
-0.46,-0.43333333333333335,0.038127363794337114,0.9428571428571428,9.0,11.0,2.0,12.0
-0.44666666666666666,-0.4533333333333333,0.02217542152308398,0.9142857142857143,8.0,8.0,2.0,12.0
-0.4266666666666667,-0.4533333333333333,0.07127814060991279,0.9142857142857143,8.0,8.0,2.0,12.0
-0.4666666666666667,-0.44666666666666666,0.03748702209854673,0.8857142857142857,7.0,8.0,2.0,12.0
-0.42,-0.46,0.10242256976387613,0.9428571428571428,9.0,11.0,2.0,12.0
-0.5,-0.49333333333333335,0.01214368321502218,0.9142857142857143,8.0,8.0,2.0,12.0
-0.46,-0.4533333333333333,0.0628303609820713,0.9142857142857143,8.0,8.0,2.0,12.0
-0.46,-0.46,0.10242256976387613,0.9428571428571428,9.0,11.0,2.0,12.0
-0.44,-0.46,0.0284166411121333,0.9714285714285714,10.0,11.0,2.0,12.0
-0.46,-0.48,0.08975765854581612,0.9142857142857143,8.0,8.0,2.0,12.0
-0.46,-0.4666666666666667,0.04910271908682882,0.8857142857142857,7.0,8.0,2.0,12.0
-0.4066666666666667,-0.43333333333333335,0.03322089338648677,0.9428571428571428,9.0,11.0,2.0,12.0
-0.44,-0.44666666666666666,0.0406549394589873,0.8857142857142857,7.0,8.0,2.0,12.0
-0.43333333333333335,-0.4533333333333333,0.09117857507921907,0.9428571428571428,9.0,11.0,2.0,12.0
-0.46,-0.46,0.014255628121982562,0.9142857142857143,8.0,8.0,2.0,12.0
-0.42,-0.4266666666666667,0.04017172646427477,0.9428571428571428,9.0,11.0,2.0,12.0
-0.4533333333333333,-0.4266666666666667,0.07288152918327713,0.9714285714285714,10.0,11.0,2.0,12.0
-0.43333333333333335,-0.4533333333333333,0.05029132168046612,0.9714285714285714,10.0,11.0,2.0,12.0
-0.4066666666666667,-0.43333333333333335,0.025554533374220596,0.9428571428571428,9.0,11.0,2.0,12.0
-0.4,-0.43333333333333335,0.03322089338648677,0.9428571428571428,9.0,11.0,2.0,12.0
-0.4666666666666667,-0.46,0.060190429848370815,0.9142857142857143,8.0,8.0,2.0,12.0
-0.43333333333333335,-0.44666666666666666,0.017951531709163224,0.9142857142857143,8.0,8.0,2.0,12.0
-0.5,-0.47333333333333333,0.04910271908682882,0.9142857142857143,8.0,8.0,2.0,12.0
-0.4533333333333333,-0.46,0.030623201150925504,0.8857142857142857,7.0,8.0,2.0,12.0
-0.4666666666666667,-0.4666666666666667,0.04910271908682882,0.8857142857142857,7.0,8.0,2.0,12.0
-0.4066666666666667,-0.4266666666666667,0.03495860165593377,0.9428571428571428,9.0,11.0,2.0,12.0
-0.5133333333333333,-0.4866666666666667,0.060190429848370815,0.9142857142857143,8.0,8.0,2.0,12.0
-0.44666666666666666,-0.46,0.01900750416264341,0.9142857142857143,8.0,8.0,2.0,12.0
-0.46,-0.4666666666666667,0.07022216815643259,0.8857142857142857,7.0,8.0,2.0,12.0
-0.44,-0.4533333333333333,0.0628303609820713,0.9142857142857143,8.0,8.0,2.0,12.0
-0.4066666666666667,-0.43333333333333335,0.030869876316058475,0.9714285714285714,10.0,11.0,2.0,12.0
-0.4666666666666667,-0.4666666666666667,0.04804674663334863,0.9142857142857143,8.0,8.0,2.0,12.0
-0.4066666666666667,-0.44666666666666666,0.08105897986302772,0.9142857142857143,8.0,11.0,2.0,12.0
-0.44,-0.4533333333333333,0.04699077417986843,0.9142857142857143,8.0,8.0,2.0,12.0
-0.47333333333333333,-0.43333333333333335,0.031994275784524184,0.9428571428571428,9.0,11.0,2.0,12.0
-0.44666666666666666,-0.46,0.018705918429929472,1.0,11.0,11.0,2.0,12.0
-0.4666666666666667,-0.47333333333333333,0.04276688436594769,0.8857142857142857,7.0,8.0,2.0,12.0
-0.4266666666666667,-0.46,0.043749361136665645,0.9428571428571428,9.0,11.0,2.0,12.0
-0.4666666666666667,-0.4666666666666667,0.03643104964506655,0.8857142857142857,7.0,8.0,2.0,12.0
-0.47333333333333333,-0.47333333333333333,0.04699077417986843,0.9142857142857143,8.0,8.0,2.0,12.0
-0.44666666666666666,-0.43333333333333335,0.030869876316058475,0.9714285714285714,10.0,11.0,2.0,12.0
-0.42,-0.44666666666666666,0.02586118777471123,0.9142857142857143,8.0,11.0,2.0,12.0
-0.44,-0.4533333333333333,0.039598967005507114,0.9142857142857143,8.0,8.0,2.0,12.0
-0.46,-0.4666666666666667,0.07022216815643259,0.8857142857142857,7.0,8.0,2.0,12.0
-0.42,-0.43333333333333335,0.031994275784524184,0.9428571428571428,9.0,11.0,2.0,12.0
-0.4266666666666667,-0.4533333333333333,0.05029132168046612,0.9714285714285714,10.0,11.0,2.0,12.0
-0.4,-0.4266666666666667,0.03914954512930594,0.9428571428571428,9.0,11.0,2.0,12.0
-0.44666666666666666,-0.44666666666666666,0.041182925685727394,0.9142857142857143,8.0,8.0,2.0,12.0
-0.44,-0.46,0.07237043851579272,0.9714285714285714,10.0,11.0,2.0,12.0
-0.46,-0.4533333333333333,0.01953549038938351,0.9142857142857143,8.0,8.0,2.0,12.0
-0.41333333333333333,-0.43333333333333335,0.03495860165593377,0.9714285714285714,10.0,11.0,2.0,12.0
-0.4066666666666667,-0.4266666666666667,0.04017172646427477,0.9428571428571428,9.0,11.0,2.0,12.0
-0.42,-0.43333333333333335,0.030869876316058475,0.9714285714285714,10.0,11.0,2.0,12.0
-0.4866666666666667,-0.4533333333333333,0.05029132168046612,0.9714285714285714,10.0,11.0,2.0,12.0
-0.47333333333333333,-0.43333333333333335,0.043442706736174994,0.9428571428571428,9.0,11.0,2.0,12.0
-0.42,-0.43333333333333335,0.021159153633854653,0.9428571428571428,9.0,11.0,2.0,12.0
-0.4066666666666667,-0.43333333333333335,0.031994275784524184,0.9428571428571428,9.0,11.0,2.0,12.0
-0.4066666666666667,-0.44,0.04170499846672801,0.9428571428571428,9.0,11.0,2.0,12.0
-0.4066666666666667,-0.43333333333333335,0.038127363794337114,0.9428571428571428,9.0,11.0,2.0,12.0
-0.47333333333333333,-0.4866666666666667,0.060190429848370815,0.9142857142857143,8.0,8.0,2.0,12.0
-0.4066666666666667,-0.4266666666666667,0.07155269344781766,0.9714285714285714,10.0,11.0,2.0,12.0
-0.43333333333333335,-0.46,0.043749361136665645,0.9428571428571428,9.0,11.0,2.0,12.0
-0.4066666666666667,-0.44,0.024327915772258006,0.9428571428571428,9.0,11.0,2.0,12.0
-0.4,-0.4266666666666667,0.07288152918327713,0.9714285714285714,10.0,11.0,2.0,12.0
-0.5,-0.47333333333333333,0.07550203042383358,0.9142857142857143,8.0,8.0,2.0,12.0
-0.42,-0.4266666666666667,0.03748702209854673,0.8857142857142857,7.0,8.0,2.0,12.0
-0.44,-0.4533333333333333,0.07444605797035338,0.9142857142857143,8.0,8.0,2.0,12.0
-0.44,-0.4533333333333333,0.03167917360440569,0.9142857142857143,8.0,8.0,2.0,12.0
-0.42,-0.43333333333333335,0.030869876316058475,0.9714285714285714,10.0,11.0,2.0,12.0
-0.46,-0.43333333333333335,0.048758049678012894,0.9428571428571428,9.0,11.0,2.0,12.0
-0.4066666666666667,-0.43333333333333335,0.09731166308903202,0.9428571428571428,9.0,11.0,2.0,12.0
-0.5,-0.49333333333333335,0.01214368321502218,0.9142857142857143,8.0,8.0,2.0,12.0
-0.4666666666666667,-0.4533333333333333,0.007391807174361327,0.9142857142857143,8.0,8.0,2.0,12.0
-0.5133333333333333,-0.4866666666666667,0.060190429848370815,0.9142857142857143,8.0,8.0,2.0,12.0
-0.47333333333333333,-0.4266666666666667,0.02299908003679853,0.9428571428571428,9.0,11.0,2.0,12.0
-0.47333333333333333,-0.48,0.08975765854581612,0.9142857142857143,8.0,8.0,2.0,12.0
-0.47333333333333333,-0.4666666666666667,0.014255628121982562,0.8857142857142857,7.0,8.0,2.0,12.0
-0.4666666666666667,-0.46,0.007391807174361327,0.9142857142857143,8.0,8.0,2.0,12.0
-0.4,-0.44666666666666666,0.0411939077992436,0.9428571428571428,9.0,11.0,2.0,12.0
-0.4266666666666667,-0.4266666666666667,0.04017172646427477,0.9428571428571428,9.0,11.0,2.0,12.0
-0.5133333333333333,-0.43333333333333335,0.03495860165593377,0.9714285714285714,10.0,11.0,2.0,12.0
-0.5,-0.43333333333333335,0.030869876316058475,0.9714285714285714,10.0,11.0,2.0,12.0
-0.42,-0.4533333333333333,0.05029132168046612,0.9714285714285714,10.0,11.0,2.0,12.0
-0.4066666666666667,-0.43333333333333335,0.035060819789430646,0.9428571428571428,9.0,11.0,2.0,12.0
-0.5,-0.4666666666666667,0.04910271908682882,0.8857142857142857,7.0,8.0,2.0,12.0
-0.41333333333333333,-0.43333333333333335,0.038127363794337114,0.9428571428571428,9.0,11.0,2.0,12.0
-0.42,-0.43333333333333335,0.048758049678012894,0.9428571428571428,9.0,11.0,2.0,12.0
-0.48,-0.47333333333333333,0.0316791736044057,0.8857142857142857,7.0,8.0,2.0,12.0
-0.4866666666666667,-0.49333333333333335,0.030623201150925507,0.9142857142857143,8.0,8.0,2.0,12.0
-0.44,-0.44666666666666666,0.03748702209854673,0.8857142857142857,7.0,8.0,2.0,12.0
-0.4066666666666667,-0.44,0.03557191045691506,0.9428571428571428,9.0,11.0,2.0,12.0
-0.41333333333333333,-0.43333333333333335,0.03148318511703977,0.9428571428571428,9.0,11.0,2.0,12.0
-0.4,-0.43333333333333335,0.030869876316058475,0.9714285714285714,10.0,11.0,2.0,12.0
-0.4266666666666667,-0.43333333333333335,0.02575896964121436,0.9714285714285714,10.0,11.0,2.0,12.0
-0.42,-0.43333333333333335,0.03444751098844935,0.9714285714285714,10.0,11.0,2.0,12.0
-0.5,-0.48,0.08394981005167508,0.9142857142857143,8.0,8.0,2.0,12.0
-0.5,-0.4866666666666667,0.006335834720881137,0.9142857142857143,8.0,8.0,2.0,12.0
-0.46,-0.44666666666666666,0.041182925685727394,0.9142857142857143,8.0,8.0,2.0,12.0
-0.42,-0.43333333333333335,0.09731166308903202,0.9428571428571428,9.0,11.0,2.0,12.0
-0.43333333333333335,-0.43333333333333335,0.050904630481447416,0.9714285714285714,10.0,11.0,2.0,12.0
-0.44,-0.44666666666666666,0.0406549394589873,0.8857142857142857,7.0,8.0,2.0,12.0
-0.47333333333333333,-0.47333333333333333,0.04910271908682882,0.9142857142857143,8.0,8.0,2.0,12.0
-0.5,-0.47333333333333333,0.04699077417986843,0.9142857142857143,8.0,8.0,2.0,12.0
-0.4,-0.4266666666666667,0.02299908003679853,0.9428571428571428,9.0,11.0,2.0,12.0
-0.42,-0.43333333333333335,0.031994275784524184,0.9428571428571428,9.0,11.0,2.0,12.0
-0.4533333333333333,-0.4666666666666667,0.07022216815643259,0.8857142857142857,7.0,8.0,2.0,12.0
-0.44,-0.46,0.018705918429929472,1.0,11.0,11.0,2.0,12.0
-0.4866666666666667,-0.4666666666666667,0.04804674663334863,0.9142857142857143,8.0,8.0,2.0,12.0
-0.4266666666666667,-0.4533333333333333,0.05029132168046612,0.9714285714285714,10.0,11.0,2.0,12.0
-0.4066666666666667,-0.43333333333333335,0.03148318511703977,0.9428571428571428,9.0,11.0,2.0,12.0
-0.44,-0.46,0.0284166411121333,0.9714285714285714,10.0,11.0,2.0,12.0
-0.47333333333333333,-0.4866666666666667,0.006335834720881137,0.9142857142857143,8.0,8.0,2.0,12.0
-0.41333333333333333,-0.43333333333333335,0.038127363794337114,0.9428571428571428,9.0,11.0,2.0,12.0
-0.46,-0.47333333333333333,0.024815352656784456,0.9142857142857143,8.0,8.0,2.0,12.0
-0.4066666666666667,-0.43333333333333335,0.052335684350403776,0.9428571428571428,9.0,11.0,2.0,12.0
-0.42,-0.43333333333333335,0.050904630481447416,0.9714285714285714,10.0,11.0,2.0,12.0
-0.3933333333333333,-0.4266666666666667,0.07288152918327713,0.9714285714285714,10.0,11.0,2.0,12.0
-0.43333333333333335,-0.43333333333333335,0.03322089338648677,0.9428571428571428,9.0,11.0,2.0,12.0
-0.46,-0.4666666666666667,0.014255628121982562,0.8857142857142857,7.0,8.0,2.0,12.0
-0.41333333333333333,-0.44,0.03250536645200859,0.9428571428571428,9.0,11.0,2.0,12.0
-0.4066666666666667,-0.43333333333333335,0.035060819789430646,0.9428571428571428,9.0,11.0,2.0,12.0
-0.4266666666666667,-0.46,0.10242256976387613,0.9428571428571428,9.0,11.0,2.0,12.0
-0.5,-0.47333333333333333,0.0316791736044057,0.8857142857142857,7.0,8.0,2.0,12.0
-0.46,-0.4666666666666667,0.014255628121982562,0.8857142857142857,7.0,8.0,2.0,12.0
-0.44,-0.4533333333333333,0.007391807174361327,0.9142857142857143,8.0,8.0,2.0,12.0
-0.41333333333333333,-0.43333333333333335,0.03322089338648677,0.9428571428571428,9.0,11.0,2.0,12.0
-0.44666666666666666,-0.4533333333333333,0.01953549038938351,0.9142857142857143,8.0,8.0,2.0,12.0
-0.42,-0.43333333333333335,0.021772462434835948,0.9714285714285714,10.0,11.0,2.0,12.0
-0.4533333333333333,-0.46,0.0406549394589873,0.9142857142857143,8.0,8.0,2.0,12.0
-0.4066666666666667,-0.43333333333333335,0.021159153633854653,0.9428571428571428,9.0,11.0,2.0,12.0
-0.4866666666666667,-0.4533333333333333,0.03167917360440569,0.9142857142857143,8.0,8.0,2.0,12.0
-0.43333333333333335,-0.44666666666666666,0.0411939077992436,0.9428571428571428,9.0,11.0,2.0,12.0
-0.4066666666666667,-0.44,0.03250536645200859,0.9428571428571428,9.0,11.0,2.0,12.0
-0.4866666666666667,-0.47333333333333333,0.07761397533079395,0.9142857142857143,8.0,8.0,2.0,12.0
-0.44,-0.46,0.0284166411121333,0.9714285714285714,10.0,11.0,2.0,12.0
-0.4266666666666667,-0.44,0.03250536645200859,0.9428571428571428,9.0,11.0,2.0,12.0
-0.41333333333333333,-0.43333333333333335,0.025554533374220596,0.9428571428571428,9.0,11.0,2.0,12.0
-0.42,-0.4266666666666667,0.03914954512930594,0.9428571428571428,9.0,11.0,2.0,12.0
-0.43333333333333335,-0.46,0.10242256976387613,0.9428571428571428,9.0,11.0,2.0,12.0
-0.4666666666666667,-0.47333333333333333,0.017951531709163217,0.9142857142857143,8.0,8.0,2.0,12.0
-0.44666666666666666,-0.46,0.060190429848370815,0.9142857142857143,8.0,8.0,2.0,12.0
-0.44666666666666666,-0.46,0.017423545482423128,0.9142857142857143,8.0,8.0,2.0,12.0
-0.4866666666666667,-0.47333333333333333,0.07761397533079395,0.9142857142857143,8.0,8.0,2.0,12.0
-0.49333333333333335,-0.48,0.007391807174361327,0.9142857142857143,8.0,8.0,2.0,12.0
-0.5,-0.48,0.06863820947621233,0.9142857142857143,8.0,8.0,2.0,12.0
-0.47333333333333333,-0.48,0.0918696034527765,0.9142857142857143,8.0,8.0,2.0,12.0
-0.46,-0.47333333333333333,0.05966244362163072,0.8857142857142857,7.0,8.0,2.0,12.0
-0.42,-0.43333333333333335,0.035060819789430646,0.9428571428571428,9.0,11.0,2.0,12.0
-0.4066666666666667,-0.43333333333333335,0.025554533374220596,0.9428571428571428,9.0,11.0,2.0,12.0
-0.4066666666666667,-0.43333333333333335,0.043442706736174994,0.9428571428571428,9.0,11.0,2.0,12.0
-0.4266666666666667,-0.4533333333333333,0.05029132168046612,0.9714285714285714,10.0,11.0,2.0,12.0
-0.43333333333333335,-0.46,0.07237043851579272,0.9714285714285714,10.0,11.0,2.0,12.0
-0.44666666666666666,-0.4533333333333333,0.03167917360440569,0.9142857142857143,8.0,8.0,2.0,12.0
-0.41333333333333333,-0.44,0.024327915772258006,0.9428571428571428,9.0,11.0,2.0,12.0
-0.46,-0.43333333333333335,0.09731166308903202,0.9428571428571428,9.0,11.0,2.0,12.0
-0.44666666666666666,-0.4533333333333333,0.0628303609820713,0.9142857142857143,8.0,8.0,2.0,12.0
-0.42,-0.44,0.03557191045691506,0.9428571428571428,9.0,11.0,2.0,12.0
-0.4866666666666667,-0.4533333333333333,0.01953549038938351,0.9142857142857143,8.0,8.0,2.0,12.0
-0.4,-0.4266666666666667,0.025554533374220593,0.9428571428571428,9.0,11.0,2.0,12.0
-0.42,-0.43333333333333335,0.048758049678012894,0.9428571428571428,9.0,11.0,2.0,12.0
-0.47333333333333333,-0.4533333333333333,0.03167917360440569,0.9142857142857143,8.0,8.0,2.0,12.0
-0.4066666666666667,-0.4266666666666667,0.03495860165593377,0.9428571428571428,9.0,11.0,2.0,12.0
-0.4533333333333333,-0.46,0.007391807174361327,0.9142857142857143,8.0,8.0,2.0,12.0
-0.41333333333333333,-0.44666666666666666,0.0411939077992436,0.9428571428571428,9.0,11.0,2.0,12.0
-0.49333333333333335,-0.4866666666666667,0.060190429848370815,0.9142857142857143,8.0,8.0,2.0,12.0
-0.41333333333333333,-0.44,0.03557191045691506,0.9428571428571428,9.0,11.0,2.0,12.0
-0.47333333333333333,-0.4666666666666667,0.0311511873776656,0.9142857142857143,8.0,8.0,2.0,12.0
-0.4,-0.43333333333333335,0.09731166308903202,0.9428571428571428,9.0,11.0,2.0,12.0
-0.4266666666666667,-0.4533333333333333,0.05029132168046612,0.9714285714285714,10.0,11.0,2.0,12.0
-0.5,-0.49333333333333335,0.030623201150925507,0.9142857142857143,8.0,8.0,2.0,12.0
-0.43333333333333335,-0.44666666666666666,0.0406549394589873,0.8857142857142857,7.0,8.0,2.0,12.0
-0.46,-0.47333333333333333,0.04699077417986843,0.9142857142857143,8.0,8.0,2.0,12.0
-0.4066666666666667,-0.43333333333333335,0.021159153633854653,0.9428571428571428,9.0,11.0,2.0,12.0
-0.42,-0.4266666666666667,0.02831442297863642,0.9714285714285714,10.0,11.0,2.0,12.0
-0.4533333333333333,-0.4666666666666667,0.02903924247070522,0.9142857142857143,8.0,8.0,2.0,12.0
-0.47333333333333333,-0.4533333333333333,0.07814196155753403,0.9142857142857143,8.0,8.0,2.0,12.0
-0.41333333333333333,-0.43333333333333335,0.03322089338648677,0.9428571428571428,9.0,11.0,2.0,12.0
-0.44,-0.46,0.0284166411121333,0.9714285714285714,10.0,11.0,2.0,12.0
-0.4866666666666667,-0.47333333333333333,0.07761397533079395,0.9142857142857143,8.0,8.0,2.0,12.0
-0.44666666666666666,-0.4533333333333333,0.03379111851136607,0.9142857142857143,8.0,8.0,2.0,12.0
-0.44,-0.44666666666666666,0.041182925685727394,0.9142857142857143,8.0,8.0,2.0,12.0
-0.3933333333333333,-0.4266666666666667,0.025554533374220593,0.9428571428571428,9.0,11.0,2.0,12.0
-0.4866666666666667,-0.47333333333333333,0.0406549394589873,0.9142857142857143,8.0,8.0,2.0,12.0
-0.4,-0.43333333333333335,0.050904630481447416,0.9714285714285714,10.0,11.0,2.0,12.0
-0.3933333333333333,-0.43333333333333335,0.03444751098844935,0.9714285714285714,10.0,11.0,2.0,12.0
-0.4266666666666667,-0.4266666666666667,0.03495860165593377,0.9428571428571428,9.0,11.0,2.0,12.0
-0.47333333333333333,-0.4533333333333333,0.020063476616123604,0.9142857142857143,8.0,8.0,2.0,12.0
-0.4066666666666667,-0.4266666666666667,0.02831442297863642,0.9714285714285714,10.0,11.0,2.0,12.0
-0.4666666666666667,-0.47333333333333333,0.07550203042383358,0.9142857142857143,8.0,8.0,2.0,12.0
-0.4066666666666667,-0.44,0.04170499846672801,0.9428571428571428,9.0,11.0,2.0,12.0
-0.44,-0.4533333333333333,0.03167917360440569,0.9142857142857143,8.0,8.0,2.0,12.0
-0.44666666666666666,-0.4266666666666667,0.02587132511026465,0.9142857142857143,8.0,8.0,2.0,12.0
-0.42,-0.43333333333333335,0.021772462434835948,0.9714285714285714,10.0,11.0,2.0,12.0
-0.5066666666666667,-0.49333333333333335,0.030623201150925507,0.9142857142857143,8.0,8.0,2.0,12.0
-0.4666666666666667,-0.4666666666666667,0.008447779627841517,0.9142857142857143,8.0,8.0,2.0,12.0
-0.5066666666666667,-0.48,0.08394981005167508,0.9142857142857143,8.0,8.0,2.0,12.0
-0.43333333333333335,-0.44,0.03250536645200859,0.9428571428571428,9.0,11.0,2.0,12.0
-0.44,-0.4533333333333333,0.0628303609820713,0.9142857142857143,8.0,8.0,2.0,12.0
-0.4,-0.43333333333333335,0.021159153633854653,0.9428571428571428,9.0,11.0,2.0,12.0
-0.42,-0.4266666666666667,0.03914954512930594,0.9428571428571428,9.0,11.0,2.0,12.0
-0.43333333333333335,-0.4533333333333333,0.09117857507921907,0.9428571428571428,9.0,11.0,2.0,12.0
-0.43333333333333335,-0.4533333333333333,0.07127814060991279,0.9142857142857143,8.0,8.0,2.0,12.0
-0.46,-0.47333333333333333,0.07761397533079395,0.9142857142857143,8.0,8.0,2.0,12.0
-0.4066666666666667,-0.43333333333333335,0.052335684350403776,0.9428571428571428,9.0,11.0,2.0,12.0
-0.47333333333333333,-0.4266666666666667,0.03495860165593377,0.9428571428571428,9.0,11.0,2.0,12.0
-0.46,-0.4266666666666667,0.020443626699376476,0.9428571428571428,9.0,11.0,2.0,12.0
-0.4,-0.43333333333333335,0.030869876316058475,0.9714285714285714,10.0,11.0,2.0,12.0
-0.46,-0.47333333333333333,0.017951531709163217,0.9142857142857143,8.0,8.0,2.0,12.0
-0.4533333333333333,-0.46,0.03379111851136607,0.9142857142857143,8.0,8.0,2.0,12.0
-0.49333333333333335,-0.5,0.01319965566850237,0.9142857142857143,8.0,8.0,2.0,12.0
-0.3933333333333333,-0.43333333333333335,0.16784217520188086,0.9428571428571428,9.0,11.0,2.0,12.0
-0.46,-0.46,0.060190429848370815,0.9142857142857143,8.0,8.0,2.0,12.0
-0.4666666666666667,-0.47333333333333333,0.0406549394589873,0.9142857142857143,8.0,8.0,2.0,12.0
-0.3933333333333333,-0.4266666666666667,0.02831442297863642,0.9714285714285714,10.0,11.0,2.0,12.0
-0.43333333333333335,-0.44666666666666666,0.03748702209854673,0.8857142857142857,7.0,8.0,2.0,12.0
-0.4066666666666667,-0.44,0.03250536645200859,0.9428571428571428,9.0,11.0,2.0,12.0
-0.46,-0.4533333333333333,0.05029132168046612,0.9714285714285714,10.0,11.0,2.0,12.0
-0.47333333333333333,-0.46,0.0406549394589873,0.9142857142857143,8.0,8.0,2.0,12.0
-0.4,-0.4266666666666667,0.020443626699376476,0.9428571428571428,9.0,11.0,2.0,12.0
-0.4266666666666667,-0.44666666666666666,0.08105897986302772,0.9142857142857143,8.0,11.0,2.0,12.0
-0.4866666666666667,-0.4666666666666667,0.01900750416264341,0.9142857142857143,8.0,8.0,2.0,12.0
-0.4066666666666667,-0.44,0.03454972912194624,0.9428571428571428,9.0,11.0,2.0,12.0
-0.4666666666666667,-0.4666666666666667,0.014255628121982562,0.8857142857142857,7.0,8.0,2.0,12.0
-0.4,-0.41333333333333333,0.017951531709163224,0.9142857142857143,8.0,8.0,2.0,12.0
-0.4266666666666667,-0.4533333333333333,0.05029132168046612,0.9714285714285714,10.0,11.0,2.0,12.0
-0.5,-0.4666666666666667,0.048574732860088725,0.9142857142857143,8.0,8.0,2.0,12.0
-0.46,-0.4666666666666667,0.008447779627841517,0.9142857142857143,8.0,8.0,2.0,12.0
-0.43333333333333335,-0.43333333333333335,0.043442706736174994,0.9428571428571428,9.0,11.0,2.0,12.0
-0.4066666666666667,-0.43333333333333335,0.031994275784524184,0.9428571428571428,9.0,11.0,2.0,12.0
-0.41333333333333333,-0.43333333333333335,0.038127363794337114,0.9428571428571428,9.0,11.0,2.0,12.0
-0.4533333333333333,-0.4666666666666667,0.0311511873776656,0.9142857142857143,8.0,8.0,2.0,12.0
-0.4066666666666667,-0.44,0.024327915772258006,0.9428571428571428,9.0,11.0,2.0,12.0
-0.47333333333333333,-0.4666666666666667,0.02217542152308398,0.8857142857142857,7.0,8.0,2.0,12.0
-0.42,-0.43333333333333335,0.043442706736174994,0.9428571428571428,9.0,11.0,2.0,12.0
-0.4533333333333333,-0.46,0.03379111851136607,0.9142857142857143,8.0,8.0,2.0,12.0
-0.48,-0.48,0.0918696034527765,0.9142857142857143,8.0,8.0,2.0,12.0
-0.4066666666666667,-0.44,0.04170499846672801,0.9428571428571428,9.0,11.0,2.0,12.0
-0.44666666666666666,-0.4533333333333333,0.03379111851136607,0.9142857142857143,8.0,8.0,2.0,12.0
-0.47333333333333333,-0.48,0.007391807174361327,0.9142857142857143,8.0,8.0,2.0,12.0
-0.43333333333333335,-0.43333333333333335,0.031994275784524184,0.9428571428571428,9.0,11.0,2.0,12.0
-0.4066666666666667,-0.43333333333333335,0.03322089338648677,0.9428571428571428,9.0,11.0,2.0,12.0
-0.44,-0.4533333333333333,0.09117857507921907,0.9428571428571428,9.0,11.0,2.0,12.0
-0.4066666666666667,-0.4266666666666667,0.03914954512930594,0.9428571428571428,9.0,11.0,2.0,12.0
-0.4266666666666667,-0.43333333333333335,0.04323827046918124,0.9714285714285714,10.0,11.0,2.0,12.0
-0.46,-0.47333333333333333,0.04699077417986843,0.9142857142857143,8.0,8.0,2.0,12.0
-0.46,-0.43333333333333335,0.021772462434835948,0.9714285714285714,10.0,11.0,2.0,12.0
-0.4666666666666667,-0.4666666666666667,0.048574732860088725,0.9142857142857143,8.0,8.0,2.0,12.0
-0.44,-0.4533333333333333,0.020063476616123604,0.9142857142857143,8.0,8.0,2.0,12.0
-0.48,-0.4866666666666667,0.060190429848370815,0.9142857142857143,8.0,8.0,2.0,12.0
-0.44666666666666666,-0.4533333333333333,0.07444605797035338,0.9142857142857143,8.0,8.0,2.0,12.0
-0.44,-0.44666666666666666,0.017951531709163224,0.9142857142857143,8.0,8.0,2.0,12.0
-0.46,-0.47333333333333333,0.04910271908682882,0.9142857142857143,8.0,8.0,2.0,12.0
-0.4,-0.43333333333333335,0.048758049678012894,0.9428571428571428,9.0,11.0,2.0,12.0
-0.4,-0.43333333333333335,0.048758049678012894,0.9428571428571428,9.0,11.0,2.0,12.0
-0.42,-0.46,0.10242256976387613,0.9428571428571428,9.0,11.0,2.0,12.0
-0.4,-0.43333333333333335,0.048758049678012894,0.9428571428571428,9.0,11.0,2.0,12.0
-0.4066666666666667,-0.43333333333333335,0.025554533374220596,0.9428571428571428,9.0,11.0,2.0,12.0
-0.49333333333333335,-0.5,0.01319965566850237,0.9142857142857143,8.0,8.0,2.0,12.0
-0.4266666666666667,-0.43333333333333335,0.030869876316058475,0.9714285714285714,10.0,11.0,2.0,12.0
-0.47333333333333333,-0.4533333333333333,0.05029132168046612,0.9714285714285714,10.0,11.0,2.0,12.0
-0.48,-0.48,0.06863820947621233,0.9142857142857143,8.0,8.0,2.0,12.0
-0.43333333333333335,-0.46,0.018705918429929472,1.0,11.0,11.0,2.0,12.0
-0.4533333333333333,-0.4533333333333333,0.0671573137074517,0.9714285714285714,10.0,11.0,2.0,12.0
-0.49333333333333335,-0.5,0.01319965566850237,0.9142857142857143,8.0,8.0,2.0,12.0
-0.4066666666666667,-0.43333333333333335,0.021159153633854653,0.9428571428571428,9.0,11.0,2.0,12.0
-0.43333333333333335,-0.46,0.018705918429929472,1.0,11.0,11.0,2.0,12.0
-0.4066666666666667,-0.43333333333333335,0.031994275784524184,0.9428571428571428,9.0,11.0,2.0,12.0
-0.41333333333333333,-0.43333333333333335,0.03444751098844935,0.9714285714285714,10.0,11.0,2.0,12.0
-0.4,-0.43333333333333335,0.03148318511703977,0.9428571428571428,9.0,11.0,2.0,12.0
-0.5,-0.47333333333333333,0.04910271908682882,0.9142857142857143,8.0,8.0,2.0,12.0
-0.4066666666666667,-0.4266666666666667,0.07288152918327713,0.9714285714285714,10.0,11.0,2.0,12.0
-0.41333333333333333,-0.4266666666666667,0.03914954512930594,0.9428571428571428,9.0,11.0,2.0,12.0
-0.4,-0.43333333333333335,0.048758049678012894,0.9428571428571428,9.0,11.0,2.0,12.0
-0.4066666666666667,-0.41333333333333333,0.017951531709163224,0.9142857142857143,8.0,8.0,2.0,12.0
-0.41333333333333333,-0.4266666666666667,0.03748702209854673,0.8857142857142857,7.0,8.0,2.0,12.0
-0.47333333333333333,-0.47333333333333333,0.041182925685727394,0.9142857142857143,8.0,8.0,2.0,12.0
-0.4066666666666667,-0.4266666666666667,0.02299908003679853,0.9428571428571428,9.0,11.0,2.0,12.0
-0.44,-0.46,0.0284166411121333,0.9714285714285714,10.0,11.0,2.0,12.0
-0.49333333333333335,-0.49333333333333335,0.030623201150925507,0.9142857142857143,8.0,8.0,2.0,12.0
-0.43333333333333335,-0.4533333333333333,0.02586118777471124,0.9714285714285714,10.0,11.0,2.0,12.0
-0.46,-0.46,0.017423545482423128,0.9142857142857143,8.0,8.0,2.0,12.0
-0.4066666666666667,-0.44666666666666666,0.08105897986302772,0.9142857142857143,8.0,11.0,2.0,12.0
-0.44666666666666666,-0.44666666666666666,0.041182925685727394,0.9142857142857143,8.0,8.0,2.0,12.0
-0.43333333333333335,-0.44666666666666666,0.0406549394589873,0.8857142857142857,7.0,8.0,2.0,12.0
-0.4533333333333333,-0.4666666666666667,0.03643104964506655,0.8857142857142857,7.0,8.0,2.0,12.0
-0.4,-0.4266666666666667,0.025554533374220593,0.9428571428571428,9.0,11.0,2.0,12.0
-0.4,-0.4266666666666667,0.05284677501788818,0.9714285714285714,10.0,11.0,2.0,12.0
-0.5066666666666667,-0.48,0.0406549394589873,0.8857142857142857,7.0,8.0,2.0,12.0
-0.47333333333333333,-0.4666666666666667,0.008447779627841517,0.9142857142857143,8.0,8.0,2.0,12.0
-0.4266666666666667,-0.44,0.03250536645200859,0.9428571428571428,9.0,11.0,2.0,12.0
-0.46,-0.47333333333333333,0.0316791736044057,0.8857142857142857,7.0,8.0,2.0,12.0
-0.4066666666666667,-0.43333333333333335,0.021159153633854653,0.9428571428571428,9.0,11.0,2.0,12.0
-0.4666666666666667,-0.48,0.007391807174361327,0.9142857142857143,8.0,8.0,2.0,12.0
-0.4,-0.44,0.024327915772258006,0.9428571428571428,9.0,11.0,2.0,12.0
-0.41333333333333333,-0.43333333333333335,0.030869876316058475,0.9714285714285714,10.0,11.0,2.0,12.0
-0.5466666666666666,-0.52,0.12859041193907803,0.9428571428571428,9.0,11.0,2.0,13.0
-0.5066666666666667,-0.49333333333333335,0.04910271908682882,0.9142857142857143,8.0,8.0,2.0,13.0
-0.5133333333333333,-0.5133333333333333,0.027394459777164475,0.8857142857142857,7.0,11.0,2.0,13.0
-0.5133333333333333,-0.5066666666666667,0.07666360012266177,0.9142857142857143,8.0,11.0,2.0,13.0
-0.4866666666666667,-0.5066666666666667,0.026270060308698766,0.9428571428571428,9.0,11.0,2.0,13.0
-0.5133333333333333,-0.5133333333333333,0.05397117448635388,0.9142857142857143,8.0,11.0,2.0,13.0
-0.5466666666666666,-0.5066666666666667,0.04223889813920759,0.8857142857142857,7.0,8.0,2.0,13.0
-0.49333333333333335,-0.49333333333333335,0.006335834720881137,0.9142857142857143,8.0,8.0,2.0,13.0
-0.5266666666666666,-0.5,0.05621997342328531,0.9428571428571428,9.0,11.0,2.0,13.0
-0.5066666666666667,-0.5133333333333333,0.21547582541142804,0.9428571428571428,9.0,11.0,2.0,13.0
-0.5266666666666666,-0.49333333333333335,0.04540681549964815,0.9142857142857143,8.0,8.0,2.0,13.0
-0.5,-0.5,0.03322089338648677,0.9428571428571428,9.0,11.0,2.0,13.0
-0.5266666666666666,-0.5,0.046462787953128346,0.9142857142857143,8.0,8.0,2.0,13.0
-0.5066666666666667,-0.5,0.04699077417986845,0.9142857142857143,8.0,8.0,2.0,13.0
-0.5066666666666667,-0.5066666666666667,0.006335834720881137,0.9142857142857143,8.0,8.0,2.0,13.0
-0.4866666666666667,-0.49333333333333335,0.059662443621630694,0.9142857142857143,8.0,8.0,2.0,13.0
-0.5066666666666667,-0.5066666666666667,0.05491056758096987,0.9142857142857143,8.0,8.0,2.0,13.0
-0.5066666666666667,-0.5133333333333333,0.05397117448635388,0.9142857142857143,8.0,11.0,2.0,13.0
-0.49333333333333335,-0.5066666666666667,0.053664520085863254,0.9428571428571428,9.0,11.0,2.0,13.0
-0.4866666666666667,-0.49333333333333335,0.008447779627841516,0.9142857142857143,8.0,8.0,2.0,13.0
-0.49333333333333335,-0.5133333333333333,0.06133088009812942,0.9428571428571428,9.0,11.0,2.0,13.0
-0.49333333333333335,-0.5,0.018603700296432588,0.9428571428571428,9.0,11.0,2.0,13.0
-0.49333333333333335,-0.5,0.06547029211577175,0.8857142857142857,7.0,8.0,2.0,13.0
-0.5533333333333333,-0.5133333333333333,0.029336604313605238,0.9428571428571428,9.0,11.0,2.0,13.0
-0.54,-0.5066666666666667,0.0892364305427783,0.9142857142857143,8.0,11.0,2.0,13.0
-0.5066666666666667,-0.5133333333333333,0.017070428293979357,0.9142857142857143,8.0,11.0,2.0,13.0
-0.5066666666666667,-0.5066666666666667,0.016048246959010533,0.9142857142857143,8.0,11.0,2.0,13.0
-0.5066666666666667,-0.5133333333333333,0.029336604313605238,0.9428571428571428,9.0,11.0,2.0,13.0
-0.5066666666666667,-0.5,0.04374936113666566,0.9714285714285714,10.0,11.0,2.0,13.0
-0.54,-0.5,0.0628303609820713,0.9142857142857143,8.0,8.0,2.0,13.0
-0.54,-0.5,0.06547029211577175,0.8857142857142857,7.0,8.0,2.0,13.0
-0.49333333333333335,-0.5,0.018194827762445062,0.9428571428571428,9.0,11.0,2.0,13.0
-0.49333333333333335,-0.5133333333333333,0.06133088009812942,0.9428571428571428,9.0,11.0,2.0,13.0
-0.5133333333333333,-0.5,0.02534333888352455,0.8857142857142857,7.0,8.0,2.0,13.0
-0.5,-0.5133333333333333,0.06133088009812942,0.9428571428571428,9.0,11.0,2.0,13.0
-0.49333333333333335,-0.5066666666666667,0.05029132168046612,0.9428571428571428,9.0,11.0,2.0,13.0
-0.4866666666666667,-0.5,0.02994991311458654,0.9428571428571428,9.0,11.0,2.0,13.0
-0.54,-0.5133333333333333,0.10088929776142286,0.9142857142857143,8.0,11.0,2.0,13.0
-0.5,-0.5066666666666667,0.053664520085863254,0.9428571428571428,9.0,11.0,2.0,13.0
-0.5133333333333333,-0.5066666666666667,0.04699077417986845,0.8857142857142857,7.0,8.0,2.0,13.0
-0.49333333333333335,-0.5,0.1341085015919841,0.8857142857142857,7.0,8.0,2.0,13.0
-0.49333333333333335,-0.5,0.0628303609820713,0.9142857142857143,8.0,8.0,2.0,13.0
-0.5066666666666667,-0.5066666666666667,0.059662443621630715,0.8857142857142857,7.0,8.0,2.0,13.0
-0.5066666666666667,-0.5066666666666667,0.02330573443728918,0.9428571428571428,9.0,11.0,2.0,13.0
-0.5066666666666667,-0.49333333333333335,0.02798327001722503,0.9142857142857143,8.0,8.0,2.0,13.0
-0.5,-0.5066666666666667,0.024815352656784456,0.8857142857142857,7.0,8.0,2.0,13.0
-0.4866666666666667,-0.49333333333333335,0.043294870592687766,0.9142857142857143,8.0,8.0,2.0,13.0
-0.5333333333333333,-0.52,0.1664111213329245,0.9142857142857143,8.0,11.0,2.0,13.0
-0.5,-0.5066666666666667,0.0892364305427783,0.9142857142857143,8.0,11.0,2.0,13.0
-0.49333333333333335,-0.5133333333333333,0.017070428293979357,0.9142857142857143,8.0,11.0,2.0,13.0
-0.5,-0.5066666666666667,0.00791979340110142,0.8857142857142857,7.0,8.0,2.0,13.0
-0.5,-0.5133333333333333,0.06133088009812942,0.9428571428571428,9.0,11.0,2.0,13.0
-0.4866666666666667,-0.5,0.03322089338648677,0.9428571428571428,9.0,11.0,2.0,13.0
-0.5,-0.5,0.02810998671164265,0.9142857142857143,8.0,11.0,2.0,13.0
-0.5,-0.5133333333333333,0.06133088009812942,0.9428571428571428,9.0,11.0,2.0,13.0
-0.54,-0.5,0.046462787953128346,0.9142857142857143,8.0,8.0,2.0,13.0
-0.5266666666666666,-0.5066666666666667,0.043294870592687766,0.9142857142857143,8.0,8.0,2.0,13.0
-0.5266666666666666,-0.5,0.08025390646449442,0.9142857142857143,8.0,8.0,2.0,13.0
-0.54,-0.52,0.41725442093427384,0.9714285714285714,10.0,11.0,2.0,13.0
-0.5066666666666667,-0.4866666666666667,0.036959035871806635,0.8857142857142857,7.0,8.0,2.0,13.0
-0.49333333333333335,-0.5,0.012061739752632118,0.9428571428571428,9.0,11.0,2.0,13.0
-0.5533333333333333,-0.49333333333333335,0.3441684554840029,0.9428571428571428,9.0,11.0,2.0,13.0
-0.5,-0.5,0.06547029211577175,0.8857142857142857,7.0,8.0,2.0,13.0
-0.5066666666666667,-0.49333333333333335,0.03748702209854673,0.9142857142857143,8.0,8.0,2.0,13.0
-0.5133333333333333,-0.5,0.06547029211577175,0.8857142857142857,7.0,8.0,2.0,13.0
-0.5066666666666667,-0.5133333333333333,0.02892773177961771,0.9428571428571428,9.0,11.0,2.0,13.0
-0.49333333333333335,-0.49333333333333335,0.02903924247070522,0.9142857142857143,8.0,8.0,2.0,13.0
-0.49333333333333335,-0.49333333333333335,0.008447779627841516,0.9142857142857143,8.0,8.0,2.0,13.0
-0.5,-0.5066666666666667,0.07666360012266177,0.9142857142857143,8.0,11.0,2.0,13.0
-0.5066666666666667,-0.5133333333333333,0.21547582541142804,0.9428571428571428,9.0,11.0,2.0,13.0
-0.5,-0.5066666666666667,0.045406815499648166,0.8857142857142857,7.0,8.0,2.0,13.0
-0.5,-0.5,0.02810998671164265,0.9142857142857143,8.0,11.0,2.0,13.0
-0.5133333333333333,-0.49333333333333335,0.024815352656784456,0.9142857142857143,8.0,8.0,2.0,13.0
-0.49333333333333335,-0.5,0.02994991311458654,0.9428571428571428,9.0,11.0,2.0,13.0
-0.5,-0.5066666666666667,0.023714606971276708,0.9428571428571428,9.0,11.0,2.0,13.0
-0.5133333333333333,-0.5,0.02217542152308398,0.9142857142857143,8.0,8.0,2.0,13.0
-0.5133333333333333,-0.5,0.0628303609820713,0.9142857142857143,8.0,8.0,2.0,13.0
-0.5066666666666667,-0.5133333333333333,0.07339261985076154,0.9142857142857143,8.0,11.0,2.0,13.0
-0.5133333333333333,-0.56,0.22876418276602273,0.9428571428571428,9.0,11.0,2.0,13.0
-0.5,-0.5,0.03322089338648677,0.9428571428571428,9.0,11.0,2.0,13.0
-0.5,-0.5066666666666667,0.12090884592348172,0.9142857142857143,8.0,8.0,2.0,13.0
-0.5266666666666666,-0.5066666666666667,0.042238898139207594,0.8857142857142857,7.0,8.0,2.0,13.0
-0.5333333333333333,-0.52,0.0512146639937892,0.9142857142857143,8.0,8.0,2.0,13.0
-0.5,-0.5066666666666667,0.011615696988282085,0.9142857142857143,8.0,8.0,2.0,13.0
-0.5133333333333333,-0.5133333333333333,0.059662443621630715,0.8857142857142857,7.0,8.0,2.0,13.0
-0.4866666666666667,-0.5,0.02994991311458654,0.9428571428571428,9.0,11.0,2.0,13.0
-0.49333333333333335,-0.5,0.0406549394589873,0.9142857142857143,8.0,8.0,2.0,13.0
-0.5266666666666666,-0.5133333333333333,0.023759380203304262,0.9142857142857143,8.0,8.0,2.0,13.0
-0.49333333333333335,-0.49333333333333335,0.07444605797035338,0.9142857142857143,8.0,8.0,2.0,13.0
-0.5133333333333333,-0.54,0.13543902688336915,0.9714285714285714,10.0,11.0,2.0,13.0
-0.5,-0.4866666666666667,0.036959035871806635,0.8857142857142857,7.0,8.0,2.0,13.0
-0.58,-0.54,0.10191147909639173,0.9714285714285714,10.0,11.0,2.0,13.0
-0.5066666666666667,-0.5066666666666667,0.053664520085863254,0.9428571428571428,9.0,11.0,2.0,13.0
-0.49333333333333335,-0.5,0.009506286415210058,0.9428571428571428,9.0,11.0,2.0,13.0
-0.49333333333333335,-0.5066666666666667,0.015639374425023,0.9428571428571428,9.0,11.0,2.0,13.0
-0.49333333333333335,-0.5,0.01809260962894818,0.9428571428571428,9.0,11.0,2.0,13.0
-0.4866666666666667,-0.5,0.022794643769804765,0.9428571428571428,9.0,11.0,2.0,13.0
-0.49333333333333335,-0.5133333333333333,0.07339261985076154,0.9142857142857143,8.0,11.0,2.0,13.0
-0.5,-0.5133333333333333,0.04088725339875294,0.9142857142857143,8.0,11.0,2.0,13.0
-0.5066666666666667,-0.5133333333333333,0.06133088009812942,0.9428571428571428,9.0,11.0,2.0,13.0
-0.49333333333333335,-0.5133333333333333,0.06133088009812942,0.9428571428571428,9.0,11.0,2.0,13.0
-0.48,-0.52,0.12859041193907803,0.9428571428571428,9.0,11.0,2.0,13.0
-0.4866666666666667,-0.49333333333333335,0.03379111851136607,0.9142857142857143,8.0,8.0,2.0,13.0
-0.49333333333333335,-0.5066666666666667,0.023714606971276708,0.9428571428571428,9.0,11.0,2.0,13.0
-0.5066666666666667,-0.5066666666666667,0.026270060308698766,0.9428571428571428,9.0,11.0,2.0,13.0
-0.5333333333333333,-0.52,0.04540681549964815,0.8857142857142857,7.0,8.0,2.0,13.0
-0.5,-0.49333333333333335,0.008447779627841517,0.9142857142857143,8.0,8.0,2.0,13.0
-0.5266666666666666,-0.5066666666666667,0.07233411306339299,0.8857142857142857,7.0,8.0,2.0,13.0
-0.49333333333333335,-0.5066666666666667,0.015639374425023004,0.9428571428571428,9.0,11.0,2.0,13.0
-0.5,-0.5,0.009506286415210058,0.9428571428571428,9.0,11.0,2.0,13.0
-0.46,-0.5133333333333333,0.21547582541142804,0.9428571428571428,9.0,11.0,2.0,13.0
-0.5,-0.49333333333333335,0.05860647116815053,0.9142857142857143,8.0,8.0,2.0,13.0
-0.5,-0.5066666666666667,0.02330573443728918,0.9428571428571428,9.0,11.0,2.0,13.0
-0.4866666666666667,-0.5,0.03322089338648677,0.9428571428571428,9.0,11.0,2.0,13.0
-0.5133333333333333,-0.52,0.41725442093427384,0.9714285714285714,10.0,11.0,2.0,13.0
-0.5,-0.5,0.01953549038938351,0.9142857142857143,8.0,8.0,2.0,13.0
-0.49333333333333335,-0.5,0.009506286415210058,0.9428571428571428,9.0,11.0,2.0,13.0
-0.5066666666666667,-0.5133333333333333,0.059662443621630715,0.8857142857142857,7.0,8.0,2.0,13.0
-0.49333333333333335,-0.5066666666666667,0.02330573443728918,0.9428571428571428,9.0,11.0,2.0,13.0
-0.5066666666666667,-0.5066666666666667,0.013083921087600944,0.9142857142857143,8.0,11.0,2.0,13.0
-0.5266666666666666,-0.5066666666666667,0.013083921087600944,0.9142857142857143,8.0,11.0,2.0,13.0
-0.5,-0.5133333333333333,0.017070428293979357,0.9142857142857143,8.0,11.0,2.0,13.0
-0.4866666666666667,-0.49333333333333335,0.02217542152308398,0.9142857142857143,8.0,8.0,2.0,13.0
-0.4866666666666667,-0.5066666666666667,0.026270060308698766,0.9428571428571428,9.0,11.0,2.0,13.0
-0.5,-0.5,0.01809260962894818,0.9428571428571428,9.0,11.0,2.0,13.0
-0.5066666666666667,-0.5066666666666667,0.038331800061330884,0.9142857142857143,8.0,11.0,2.0,13.0
-0.5133333333333333,-0.5,0.02810998671164265,0.9142857142857143,8.0,11.0,2.0,13.0
-0.49333333333333335,-0.5,0.022794643769804765,0.9428571428571428,9.0,11.0,2.0,13.0
-0.48,-0.5,0.04374936113666566,0.9714285714285714,10.0,11.0,2.0,13.0
-0.5133333333333333,-0.49333333333333335,0.03748702209854673,0.9142857142857143,8.0,8.0,2.0,13.0
-0.5533333333333333,-0.5066666666666667,0.016048246959010533,0.9142857142857143,8.0,11.0,2.0,13.0
-0.49333333333333335,-0.5,0.02217542152308398,0.9142857142857143,8.0,8.0,2.0,13.0
-0.5133333333333333,-0.54,0.13543902688336915,0.9714285714285714,10.0,11.0,2.0,13.0
-0.49333333333333335,-0.5133333333333333,0.033016457119493005,0.9428571428571428,9.0,11.0,2.0,13.0
-0.58,-0.54,0.13543902688336915,0.9714285714285714,10.0,11.0,2.0,13.0
-0.5066666666666667,-0.5133333333333333,0.05397117448635388,0.9142857142857143,8.0,11.0,2.0,13.0
-0.5133333333333333,-0.54,0.13543902688336915,0.9714285714285714,10.0,11.0,2.0,13.0
-0.49333333333333335,-0.5,0.05621997342328531,0.9428571428571428,9.0,11.0,2.0,13.0
-0.49333333333333335,-0.52,0.12859041193907803,0.9428571428571428,9.0,11.0,2.0,13.0
-0.5133333333333333,-0.5066666666666667,0.011550649085147706,0.9142857142857143,8.0,11.0,2.0,13.0
-0.5266666666666666,-0.5133333333333333,0.21547582541142804,0.9428571428571428,9.0,11.0,2.0,13.0
-0.5,-0.52,0.41725442093427384,0.9714285714285714,10.0,11.0,2.0,13.0
-0.5066666666666667,-0.5133333333333333,0.023759380203304262,0.9142857142857143,8.0,8.0,2.0,13.0
-0.5266666666666666,-0.5133333333333333,0.04088725339875294,0.9142857142857143,8.0,11.0,2.0,13.0
-0.5,-0.5266666666666666,0.07380149238474906,0.9714285714285714,10.0,11.0,2.0,13.0
-0.5066666666666667,-0.5,0.035375077191586356,0.9142857142857143,8.0,8.0,2.0,13.0
-0.4866666666666667,-0.5,0.012061739752632118,0.9428571428571428,9.0,11.0,2.0,13.0
-0.5133333333333333,-0.5266666666666666,0.085147705202903,0.9428571428571428,9.0,11.0,2.0,13.0
-0.5066666666666667,-0.5066666666666667,0.05846877236021671,0.9428571428571428,9.0,11.0,2.0,13.0
-0.49333333333333335,-0.49333333333333335,0.06863820947621233,0.8857142857142857,7.0,8.0,2.0,13.0
-0.4866666666666667,-0.5066666666666667,0.026270060308698766,0.9428571428571428,9.0,11.0,2.0,13.0
-0.5,-0.5133333333333333,0.10088929776142286,0.9142857142857143,8.0,11.0,2.0,13.0
-0.5666666666666667,-0.5066666666666667,0.038331800061330884,0.9142857142857143,8.0,11.0,2.0,13.0
-0.5266666666666666,-0.52,0.41725442093427384,0.9714285714285714,10.0,11.0,2.0,13.0
-0.5133333333333333,-0.49333333333333335,0.043294870592687766,0.9142857142857143,8.0,8.0,2.0,13.0
-0.4866666666666667,-0.49333333333333335,0.043294870592687766,0.9142857142857143,8.0,8.0,2.0,13.0
-0.5,-0.5066666666666667,0.05029132168046612,0.9428571428571428,9.0,11.0,2.0,13.0
-0.5133333333333333,-0.5,0.01809260962894818,0.9428571428571428,9.0,11.0,2.0,13.0
-0.5,-0.5,0.04910271908682882,0.8857142857142857,7.0,8.0,2.0,13.0
-0.5066666666666667,-0.5,0.018194827762445062,0.9428571428571428,9.0,11.0,2.0,13.0
-0.49333333333333335,-0.5,0.02217542152308398,0.9142857142857143,8.0,8.0,2.0,13.0
-0.54,-0.5,0.00791979340110142,0.8857142857142857,7.0,8.0,2.0,13.0
-0.5666666666666667,-0.52,0.12859041193907803,0.9428571428571428,9.0,11.0,2.0,13.0
-0.4866666666666667,-0.49333333333333335,0.024815352656784456,0.9142857142857143,8.0,8.0,2.0,13.0
-0.49333333333333335,-0.5,0.009506286415210058,0.9428571428571428,9.0,11.0,2.0,13.0
-0.47333333333333333,-0.48,0.04223889813920759,0.9142857142857143,8.0,8.0,2.0,13.0
-0.5066666666666667,-0.5,0.018194827762445062,0.9428571428571428,9.0,11.0,2.0,13.0
-0.5666666666666667,-0.5466666666666666,0.025871325110264645,0.9142857142857143,8.0,8.0,2.0,13.0
-0.5066666666666667,-0.49333333333333335,0.07444605797035338,0.9142857142857143,8.0,8.0,2.0,13.0
-0.5133333333333333,-0.5133333333333333,0.02892773177961771,0.9428571428571428,9.0,11.0,2.0,13.0
-0.5,-0.5066666666666667,0.023714606971276708,0.9428571428571428,9.0,11.0,2.0,13.0
-0.5,-0.48,0.04223889813920759,0.9142857142857143,8.0,8.0,2.0,13.0
-0.4866666666666667,-0.52,0.41725442093427384,0.9714285714285714,10.0,11.0,2.0,13.0
-0.49333333333333335,-0.5,0.03322089338648677,0.9428571428571428,9.0,11.0,2.0,13.0
-0.5,-0.52,0.12859041193907803,0.9428571428571428,9.0,11.0,2.0,13.0
-0.4866666666666667,-0.49333333333333335,0.08870168609233592,0.9142857142857143,8.0,8.0,2.0,13.0
-0.5066666666666667,-0.5266666666666666,0.085147705202903,0.9428571428571428,9.0,11.0,2.0,13.0
-0.49333333333333335,-0.49333333333333335,0.01953549038938351,0.9142857142857143,8.0,8.0,2.0,13.0
-0.4866666666666667,-0.5,0.08025390646449442,0.9142857142857143,8.0,8.0,2.0,13.0
-0.49333333333333335,-0.5066666666666667,0.09450953458647696,0.9142857142857143,8.0,8.0,2.0,13.0
-0.49333333333333335,-0.5133333333333333,0.07339261985076154,0.9142857142857143,8.0,11.0,2.0,13.0
-0.5266666666666666,-0.49333333333333335,0.041182925685727394,0.9142857142857143,8.0,8.0,2.0,13.0
-0.5066666666666667,-0.54,0.13543902688336915,0.9714285714285714,10.0,11.0,2.0,13.0
-0.54,-0.52,0.06599827834251183,0.9142857142857143,8.0,8.0,2.0,13.0
-0.49333333333333335,-0.49333333333333335,0.03379111851136607,0.9142857142857143,8.0,8.0,2.0,13.0
-0.49333333333333335,-0.49333333333333335,0.041182925685727394,0.9142857142857143,8.0,8.0,2.0,13.0
-0.5,-0.5,0.00791979340110142,0.8857142857142857,7.0,8.0,2.0,13.0
-0.4866666666666667,-0.49333333333333335,0.008447779627841517,0.9142857142857143,8.0,8.0,2.0,13.0
-0.49333333333333335,-0.5066666666666667,0.05846877236021671,0.9428571428571428,9.0,11.0,2.0,13.0
-0.5,-0.5066666666666667,0.023714606971276708,0.9428571428571428,9.0,11.0,2.0,13.0
-0.5,-0.5133333333333333,0.07339261985076154,0.9142857142857143,8.0,11.0,2.0,13.0
-0.49333333333333335,-0.5066666666666667,0.059662443621630715,0.8857142857142857,7.0,8.0,2.0,13.0
-0.49333333333333335,-0.5066666666666667,0.011615696988282085,0.9142857142857143,8.0,8.0,2.0,13.0
-0.48,-0.49333333333333335,0.03748702209854673,0.9142857142857143,8.0,8.0,2.0,13.0
-0.49333333333333335,-0.5066666666666667,0.015639374425023,0.9428571428571428,9.0,11.0,2.0,13.0
-0.47333333333333333,-0.52,0.12859041193907803,0.9428571428571428,9.0,11.0,2.0,13.0
-0.54,-0.5,0.0406549394589873,0.9142857142857143,8.0,8.0,2.0,13.0
-0.5333333333333333,-0.52,0.1664111213329245,0.9142857142857143,8.0,11.0,2.0,13.0
-0.5066666666666667,-0.5066666666666667,0.016048246959010533,0.9142857142857143,8.0,11.0,2.0,13.0
-0.5,-0.5466666666666666,0.1709087192067873,0.9428571428571428,9.0,11.0,2.0,13.0
-0.49333333333333335,-0.5,0.05621997342328531,0.9428571428571428,9.0,11.0,2.0,13.0
-0.49333333333333335,-0.5,0.009506286415210058,0.9428571428571428,9.0,11.0,2.0,13.0
-0.49333333333333335,-0.49333333333333335,0.041182925685727394,0.9142857142857143,8.0,8.0,2.0,13.0
-0.5133333333333333,-0.5466666666666666,0.1709087192067873,0.9428571428571428,9.0,11.0,2.0,13.0
-0.5066666666666667,-0.5066666666666667,0.05491056758096987,0.9142857142857143,8.0,8.0,2.0,13.0
-0.5466666666666666,-0.5133333333333333,0.033016457119493005,0.9428571428571428,9.0,11.0,2.0,13.0
-0.5133333333333333,-0.52,0.06599827834251183,0.9142857142857143,8.0,8.0,2.0,13.0
-0.5,-0.49333333333333335,0.041182925685727394,0.9142857142857143,8.0,8.0,2.0,13.0
-0.5266666666666666,-0.5066666666666667,0.09450953458647696,0.9142857142857143,8.0,8.0,2.0,13.0
-0.5,-0.52,0.1664111213329245,0.9142857142857143,8.0,11.0,2.0,13.0
-0.5,-0.49333333333333335,0.04540681549964815,0.9142857142857143,8.0,8.0,2.0,13.0
-0.5,-0.5066666666666667,0.024815352656784456,0.8857142857142857,7.0,8.0,2.0,13.0
-0.54,-0.52,0.1664111213329245,0.9142857142857143,8.0,11.0,2.0,13.0
-0.5133333333333333,-0.5266666666666666,0.085147705202903,0.9428571428571428,9.0,11.0,2.0,13.0
-0.5,-0.5066666666666667,0.059662443621630715,0.8857142857142857,7.0,8.0,2.0,13.0
-0.5,-0.5066666666666667,0.020063476616123604,0.9142857142857143,8.0,8.0,2.0,13.0
-0.49333333333333335,-0.5066666666666667,0.023714606971276708,0.9428571428571428,9.0,11.0,2.0,13.0
-0.5,-0.5066666666666667,0.01319965566850237,0.9142857142857143,8.0,8.0,2.0,13.0
-0.5133333333333333,-0.5133333333333333,0.07339261985076154,0.9142857142857143,8.0,11.0,2.0,13.0
-0.5,-0.5066666666666667,0.07233411306339299,0.8857142857142857,7.0,8.0,2.0,13.0
-0.5133333333333333,-0.5066666666666667,0.05601553715629153,0.9142857142857143,8.0,11.0,2.0,13.0
-0.5466666666666666,-0.5,0.03322089338648677,0.9428571428571428,9.0,11.0,2.0,13.0
-0.4866666666666667,-0.5133333333333333,0.21547582541142804,0.9428571428571428,9.0,11.0,2.0,13.0
-0.5,-0.5133333333333333,0.04088725339875294,0.9142857142857143,8.0,11.0,2.0,13.0
-0.49333333333333335,-0.5066666666666667,0.023714606971276708,0.9428571428571428,9.0,11.0,2.0,13.0
-0.5133333333333333,-0.5,0.023759380203304262,0.9142857142857143,8.0,8.0,2.0,13.0
-0.48,-0.49333333333333335,0.04910271908682882,0.9142857142857143,8.0,8.0,2.0,13.0
-0.5266666666666666,-0.5,0.1129890525223803,0.9142857142857143,8.0,8.0,2.0,13.0
-0.49333333333333335,-0.4866666666666667,0.036959035871806635,0.8857142857142857,7.0,8.0,2.0,13.0
-0.49333333333333335,-0.5066666666666667,0.020063476616123604,0.9142857142857143,8.0,8.0,2.0,13.0
-0.49333333333333335,-0.5,0.012061739752632118,0.9428571428571428,9.0,11.0,2.0,13.0
-0.5133333333333333,-0.49333333333333335,0.01953549038938351,0.9142857142857143,8.0,8.0,2.0,13.0
-0.4866666666666667,-0.49333333333333335,0.05702251248793025,0.9142857142857143,8.0,8.0,2.0,13.0
-0.5266666666666666,-0.5,0.035375077191586356,0.9142857142857143,8.0,8.0,2.0,13.0
-0.5133333333333333,-0.5066666666666667,0.024815352656784456,0.8857142857142857,7.0,8.0,2.0,13.0
-0.5066666666666667,-0.5066666666666667,0.07666360012266177,0.9142857142857143,8.0,11.0,2.0,13.0
-0.5266666666666666,-0.5066666666666667,0.03695903587180664,0.9142857142857143,8.0,8.0,2.0,13.0
-0.49333333333333335,-0.5066666666666667,0.015639374425023,0.9428571428571428,9.0,11.0,2.0,13.0
-0.52,-0.52,0.04540681549964815,0.8857142857142857,7.0,8.0,2.0,13.0
-0.52,-0.5133333333333333,0.017070428293979357,0.9142857142857143,8.0,11.0,2.0,13.0
-0.5,-0.5,0.04374936113666566,0.9714285714285714,10.0,11.0,2.0,13.0
-0.4866666666666667,-0.49333333333333335,0.008447779627841516,0.9142857142857143,8.0,8.0,2.0,13.0
-0.5133333333333333,-0.52,0.12859041193907803,0.9428571428571428,9.0,11.0,2.0,13.0
-0.5133333333333333,-0.49333333333333335,0.01953549038938351,0.9142857142857143,8.0,8.0,2.0,13.0
-0.5,-0.5066666666666667,0.042238898139207594,0.8857142857142857,7.0,8.0,2.0,13.0
-0.5466666666666666,-0.5066666666666667,0.07666360012266177,0.9142857142857143,8.0,11.0,2.0,13.0
-0.5,-0.5066666666666667,0.022692425636307884,0.9142857142857143,8.0,11.0,2.0,13.0
-0.4866666666666667,-0.49333333333333335,0.07444605797035338,0.9142857142857143,8.0,8.0,2.0,13.0
-0.4866666666666667,-0.5,0.035375077191586356,0.9142857142857143,8.0,8.0,2.0,13.0
-0.5066666666666667,-0.5133333333333333,0.017070428293979357,0.9142857142857143,8.0,11.0,2.0,13.0
-0.46,-0.5133333333333333,0.21547582541142804,0.9428571428571428,9.0,11.0,2.0,13.0
-0.49333333333333335,-0.5,0.05621997342328531,0.9428571428571428,9.0,11.0,2.0,13.0
-0.5,-0.5066666666666667,0.045406815499648166,0.8857142857142857,7.0,8.0,2.0,13.0
-0.5066666666666667,-0.49333333333333335,0.3441684554840029,0.9428571428571428,9.0,11.0,2.0,13.0
-0.5266666666666666,-0.49333333333333335,0.059662443621630694,0.9142857142857143,8.0,8.0,2.0,13.0
-0.5,-0.5066666666666667,0.016048246959010533,0.9142857142857143,8.0,11.0,2.0,13.0
-0.5,-0.5066666666666667,0.05601553715629153,0.9142857142857143,8.0,11.0,2.0,13.0
-0.5266666666666666,-0.5066666666666667,0.07666360012266177,0.9142857142857143,8.0,11.0,2.0,13.0
-0.54,-0.5133333333333333,0.21547582541142804,0.9428571428571428,9.0,11.0,2.0,13.0
-0.49333333333333335,-0.5066666666666667,0.015639374425023004,0.9428571428571428,9.0,11.0,2.0,13.0
-0.5,-0.5,0.018603700296432588,0.9428571428571428,9.0,11.0,2.0,13.0
-0.5,-0.5133333333333333,0.017070428293979357,0.9142857142857143,8.0,11.0,2.0,13.0
-0.5266666666666666,-0.54,0.10191147909639173,0.9714285714285714,10.0,11.0,2.0,13.0
-0.49333333333333335,-0.5133333333333333,0.033016457119493005,0.9428571428571428,9.0,11.0,2.0,13.0
-0.5066666666666667,-0.49333333333333335,0.01953549038938351,0.9142857142857143,8.0,8.0,2.0,13.0
-0.5,-0.5066666666666667,0.011550649085147706,0.9142857142857143,8.0,11.0,2.0,13.0
-0.47333333333333333,-0.52,0.12859041193907803,0.9428571428571428,9.0,11.0,2.0,13.0
-0.4866666666666667,-0.5066666666666667,0.05846877236021671,0.9428571428571428,9.0,11.0,2.0,13.0
-0.4866666666666667,-0.5,0.03322089338648677,0.9428571428571428,9.0,11.0,2.0,13.0
-0.5,-0.5,0.06547029211577175,0.8857142857142857,7.0,8.0,2.0,13.0
-0.5,-0.5,0.02534333888352455,0.8857142857142857,7.0,8.0,2.0,13.0
-0.5133333333333333,-0.5133333333333333,0.05491056758096987,0.9142857142857143,8.0,8.0,2.0,13.0
-0.5133333333333333,-0.5133333333333333,0.023759380203304262,0.9142857142857143,8.0,8.0,2.0,13.0
-0.5266666666666666,-0.5066666666666667,0.07666360012266177,0.9142857142857143,8.0,11.0,2.0,13.0
-0.5533333333333333,-0.5133333333333333,0.05397117448635388,0.9142857142857143,8.0,11.0,2.0,13.0
-0.5666666666666667,-0.49333333333333335,0.07686803638965554,0.9428571428571428,9.0,11.0,2.0,13.0
-0.49333333333333335,-0.49333333333333335,0.04540681549964815,0.9142857142857143,8.0,8.0,2.0,13.0
-0.54,-0.5466666666666666,0.025871325110264645,0.9142857142857143,8.0,8.0,2.0,13.0
-0.4866666666666667,-0.49333333333333335,0.01953549038938351,0.9142857142857143,8.0,8.0,2.0,13.0
-0.5533333333333333,-0.5,0.02810998671164265,0.9142857142857143,8.0,11.0,2.0,13.0
-0.5,-0.5066666666666667,0.059662443621630715,0.8857142857142857,7.0,8.0,2.0,13.0
-0.4866666666666667,-0.49333333333333335,0.05438258135422976,0.8857142857142857,7.0,8.0,2.0,13.0
-0.5133333333333333,-0.49333333333333335,0.08870168609233592,0.9142857142857143,8.0,8.0,2.0,13.0
-0.5133333333333333,-0.56,0.22876418276602273,0.9428571428571428,9.0,11.0,2.0,13.0
-0.5266666666666666,-0.5066666666666667,0.05601553715629153,0.9142857142857143,8.0,11.0,2.0,13.0
-0.5066666666666667,-0.5066666666666667,0.016048246959010533,0.9142857142857143,8.0,11.0,2.0,13.0
-0.56,-0.5066666666666667,0.07666360012266177,0.9142857142857143,8.0,11.0,2.0,13.0
-0.46,-0.5133333333333333,0.21547582541142804,0.9428571428571428,9.0,11.0,2.0,13.0
-0.5066666666666667,-0.5133333333333333,0.027394459777164475,0.8857142857142857,7.0,11.0,2.0,13.0
-0.5066666666666667,-0.5066666666666667,0.020063476616123604,0.9142857142857143,8.0,8.0,2.0,13.0
-0.49333333333333335,-0.5133333333333333,0.033016457119493005,0.9428571428571428,9.0,11.0,2.0,13.0
-0.5066666666666667,-0.5133333333333333,0.05397117448635388,0.9142857142857143,8.0,11.0,2.0,13.0
-0.5133333333333333,-0.49333333333333335,0.06652626456925195,0.9142857142857143,8.0,8.0,2.0,13.0
-0.5133333333333333,-0.49333333333333335,0.03379111851136607,0.9142857142857143,8.0,8.0,2.0,13.0
-0.5,-0.5066666666666667,0.09450953458647696,0.9142857142857143,8.0,8.0,2.0,13.0
-0.5,-0.5133333333333333,0.029336604313605238,0.9428571428571428,9.0,11.0,2.0,13.0
-0.5133333333333333,-0.5066666666666667,0.02330573443728918,0.9428571428571428,9.0,11.0,2.0,13.0
-0.5,-0.5066666666666667,0.07666360012266177,0.9142857142857143,8.0,11.0,2.0,13.0
-0.5266666666666666,-0.5133333333333333,0.02892773177961771,0.9428571428571428,9.0,11.0,2.0,13.0
-0.5066666666666667,-0.5,0.022794643769804765,0.9428571428571428,9.0,11.0,2.0,13.0
-0.49333333333333335,-0.5,0.0628303609820713,0.9142857142857143,8.0,8.0,2.0,13.0
-0.49333333333333335,-0.49333333333333335,0.02798327001722503,0.9142857142857143,8.0,8.0,2.0,13.0
-0.5066666666666667,-0.5066666666666667,0.045406815499648166,0.8857142857142857,7.0,8.0,2.0,13.0
-0.5066666666666667,-0.49333333333333335,0.07686803638965554,0.9428571428571428,9.0,11.0,2.0,13.0
-0.5266666666666666,-0.5066666666666667,0.053664520085863254,0.9428571428571428,9.0,11.0,2.0,13.0
-0.5,-0.5066666666666667,0.01319965566850237,0.9142857142857143,8.0,8.0,2.0,13.0
-0.49333333333333335,-0.5,0.1129890525223803,0.9142857142857143,8.0,8.0,2.0,13.0
-0.5,-0.5066666666666667,0.042238898139207594,0.8857142857142857,7.0,8.0,2.0,13.0
-0.5,-0.5,0.02810998671164265,0.9142857142857143,8.0,11.0,2.0,13.0
-0.5066666666666667,-0.5133333333333333,0.017070428293979357,0.9142857142857143,8.0,11.0,2.0,13.0
-0.5133333333333333,-0.5,0.035375077191586356,0.9142857142857143,8.0,8.0,2.0,13.0
-0.49333333333333335,-0.5,0.04374936113666566,0.9714285714285714,10.0,11.0,2.0,13.0
-0.54,-0.5066666666666667,0.03695903587180664,0.9142857142857143,8.0,8.0,2.0,13.0
-0.5,-0.5133333333333333,0.21547582541142804,0.9428571428571428,9.0,11.0,2.0,13.0
-0.5,-0.5066666666666667,0.02330573443728918,0.9428571428571428,9.0,11.0,2.0,13.0
-0.5,-0.5266666666666666,0.085147705202903,0.9428571428571428,9.0,11.0,2.0,13.0
-0.5066666666666667,-0.49333333333333335,0.02798327001722503,0.9142857142857143,8.0,8.0,2.0,13.0
-0.5066666666666667,-0.5133333333333333,0.033016457119493005,0.9428571428571428,9.0,11.0,2.0,13.0
-0.4866666666666667,-0.49333333333333335,0.03748702209854673,0.9142857142857143,8.0,8.0,2.0,13.0
-0.49333333333333335,-0.5066666666666667,0.05029132168046612,0.9428571428571428,9.0,11.0,2.0,13.0
-0.5066666666666667,-0.5066666666666667,0.053664520085863254,0.9428571428571428,9.0,11.0,2.0,13.0
-0.4866666666666667,-0.5,0.03322089338648677,0.9428571428571428,9.0,11.0,2.0,13.0
-0.5,-0.5066666666666667,0.023714606971276708,0.9428571428571428,9.0,11.0,2.0,13.0
-0.4866666666666667,-0.49333333333333335,0.05438258135422976,0.8857142857142857,7.0,8.0,2.0,13.0
-0.54,-0.5266666666666666,0.07380149238474906,0.9714285714285714,10.0,11.0,2.0,13.0
-0.5066666666666667,-0.5133333333333333,0.027394459777164475,0.8857142857142857,7.0,11.0,2.0,13.0
-0.5,-0.52,0.1664111213329245,0.9142857142857143,8.0,11.0,2.0,13.0
-0.5133333333333333,-0.49333333333333335,0.06652626456925195,0.9142857142857143,8.0,8.0,2.0,13.0
-0.49333333333333335,-0.49333333333333335,0.05438258135422976,0.8857142857142857,7.0,8.0,2.0,13.0
-0.5333333333333333,-0.5466666666666666,0.025871325110264645,0.9142857142857143,8.0,8.0,2.0,13.0
-0.5,-0.5066666666666667,0.023714606971276708,0.9428571428571428,9.0,11.0,2.0,13.0
-0.5133333333333333,-0.49333333333333335,0.059662443621630694,0.9142857142857143,8.0,8.0,2.0,13.0
-0.5266666666666666,-0.5466666666666666,0.1709087192067873,0.9428571428571428,9.0,11.0,2.0,13.0
-0.4866666666666667,-0.49333333333333335,0.02217542152308398,0.9142857142857143,8.0,8.0,2.0,13.0
-0.5,-0.5,0.018603700296432588,0.9428571428571428,9.0,11.0,2.0,13.0
-0.5133333333333333,-0.5133333333333333,0.023759380203304262,0.9142857142857143,8.0,8.0,2.0,13.0
-0.5933333333333334,-0.56,0.22876418276602273,0.9428571428571428,9.0,11.0,2.0,13.0
-0.5066666666666667,-0.5266666666666666,0.07380149238474906,0.9714285714285714,10.0,11.0,2.0,13.0
-0.5066666666666667,-0.5,0.01214368321502218,0.9142857142857143,8.0,8.0,2.0,13.0
-0.5066666666666667,-0.5266666666666666,0.085147705202903,0.9428571428571428,9.0,11.0,2.0,13.0
-0.5066666666666667,-0.5266666666666666,0.07380149238474906,0.9714285714285714,10.0,11.0,2.0,13.0
-0.5066666666666667,-0.5133333333333333,0.04088725339875294,0.9142857142857143,8.0,11.0,2.0,13.0
-0.5133333333333333,-0.5,0.05621997342328531,0.9428571428571428,9.0,11.0,2.0,13.0
-0.5066666666666667,-0.52,0.1664111213329245,0.9142857142857143,8.0,11.0,2.0,13.0
-0.5066666666666667,-0.5066666666666667,0.013727641895242467,0.8857142857142857,7.0,8.0,2.0,13.0
-0.49333333333333335,-0.5,0.023759380203304262,0.9142857142857143,8.0,8.0,2.0,13.0
-0.5,-0.5066666666666667,0.00791979340110142,0.8857142857142857,7.0,8.0,2.0,13.0
-0.47333333333333333,-0.5,0.01214368321502218,0.9142857142857143,8.0,8.0,2.0,13.0
-0.5,-0.5066666666666667,0.006335834720881137,0.9142857142857143,8.0,8.0,2.0,13.0
-0.4866666666666667,-0.49333333333333335,0.006335834720881137,0.9142857142857143,8.0,8.0,2.0,13.0
-0.5066666666666667,-0.5,0.01953549038938351,0.8857142857142857,7.0,8.0,2.0,13.0
-0.5266666666666666,-0.5,0.046462787953128346,0.9142857142857143,8.0,8.0,2.0,13.0
-0.4866666666666667,-0.5066666666666667,0.026270060308698766,0.9428571428571428,9.0,11.0,2.0,13.0
-0.5,-0.5133333333333333,0.04088725339875294,0.9142857142857143,8.0,11.0,2.0,13.0
-0.49333333333333335,-0.5066666666666667,0.015639374425023004,0.9428571428571428,9.0,11.0,2.0,13.0
-0.48,-0.5133333333333333,0.21547582541142804,0.9428571428571428,9.0,11.0,2.0,13.0
-0.47333333333333333,-0.49333333333333335,0.3441684554840029,0.9428571428571428,9.0,11.0,2.0,13.0
-0.5133333333333333,-0.5,0.04910271908682882,0.8857142857142857,7.0,8.0,2.0,13.0
-0.5066666666666667,-0.5066666666666667,0.05846877236021671,0.9428571428571428,9.0,11.0,2.0,13.0
-0.5466666666666666,-0.49333333333333335,0.07686803638965554,0.9428571428571428,9.0,11.0,2.0,13.0
-0.5333333333333333,-0.52,0.03748702209854673,0.8857142857142857,7.0,8.0,2.0,13.0
-0.5,-0.5133333333333333,0.029336604313605238,0.9428571428571428,9.0,11.0,2.0,13.0
-0.5066666666666667,-0.49333333333333335,0.059662443621630694,0.9142857142857143,8.0,8.0,2.0,13.0
-0.49333333333333335,-0.5,0.01809260962894818,0.9428571428571428,9.0,11.0,2.0,13.0
-0.5266666666666666,-0.5133333333333333,0.05397117448635388,0.9142857142857143,8.0,11.0,2.0,13.0
-0.5066666666666667,-0.5133333333333333,0.023759380203304262,0.9142857142857143,8.0,8.0,2.0,13.0
-0.5,-0.5,0.012061739752632118,0.9428571428571428,9.0,11.0,2.0,13.0
-0.4866666666666667,-0.49333333333333335,0.08870168609233592,0.9142857142857143,8.0,8.0,2.0,13.0
-0.5333333333333333,-0.56,0.22876418276602273,0.9428571428571428,9.0,11.0,2.0,13.0
-0.47333333333333333,-0.48,0.04223889813920759,0.9142857142857143,8.0,8.0,2.0,13.0
-0.5,-0.5133333333333333,0.029336604313605238,0.9428571428571428,9.0,11.0,2.0,13.0
-0.5266666666666666,-0.5,0.04910271908682882,0.8857142857142857,7.0,8.0,2.0,13.0
-0.4866666666666667,-0.49333333333333335,0.07686803638965554,0.9428571428571428,9.0,11.0,2.0,13.0
-0.4666666666666667,-0.5133333333333333,0.21547582541142804,0.9428571428571428,9.0,11.0,2.0,13.0
-0.4866666666666667,-0.49333333333333335,0.03379111851136607,0.9142857142857143,8.0,8.0,2.0,13.0
-0.5,-0.5066666666666667,0.01319965566850237,0.9142857142857143,8.0,8.0,2.0,13.0
-0.54,-0.5066666666666667,0.042238898139207594,0.8857142857142857,7.0,8.0,2.0,13.0
-0.4866666666666667,-0.5,0.018603700296432588,0.9428571428571428,9.0,11.0,2.0,13.0
-0.5266666666666666,-0.5066666666666667,0.038331800061330884,0.9142857142857143,8.0,11.0,2.0,13.0
-0.4866666666666667,-0.49333333333333335,0.03379111851136607,0.9142857142857143,8.0,8.0,2.0,13.0
-0.54,-0.5066666666666667,0.05491056758096987,0.9142857142857143,8.0,8.0,2.0,13.0
-0.5,-0.5066666666666667,0.023714606971276708,0.9428571428571428,9.0,11.0,2.0,13.0
-0.5,-0.5266666666666666,0.085147705202903,0.9428571428571428,9.0,11.0,2.0,13.0
-0.5133333333333333,-0.5,0.01214368321502218,0.9142857142857143,8.0,8.0,2.0,13.0
-0.5,-0.5066666666666667,0.12090884592348172,0.9142857142857143,8.0,8.0,2.0,13.0
-0.5266666666666666,-0.5066666666666667,0.045406815499648166,0.8857142857142857,7.0,8.0,2.0,13.0
-0.49333333333333335,-0.5,0.01809260962894818,0.9428571428571428,9.0,11.0,2.0,13.0
-0.5133333333333333,-0.49333333333333335,0.06863820947621233,0.9142857142857143,8.0,8.0,2.0,13.0
-0.49333333333333335,-0.5066666666666667,0.053664520085863254,0.9428571428571428,9.0,11.0,2.0,13.0
-0.4866666666666667,-0.5,0.022794643769804765,0.9428571428571428,9.0,11.0,2.0,13.0
-0.5066666666666667,-0.5,0.012061739752632118,0.9428571428571428,9.0,11.0,2.0,13.0
-0.49333333333333335,-0.49333333333333335,0.05860647116815053,0.9142857142857143,8.0,8.0,2.0,13.0
-0.5,-0.5066666666666667,0.038331800061330884,0.9142857142857143,8.0,11.0,2.0,13.0
-0.49333333333333335,-0.5,0.06547029211577175,0.8857142857142857,7.0,8.0,2.0,13.0
-0.5133333333333333,-0.54,0.10191147909639173,0.9714285714285714,10.0,11.0,2.0,13.0
-0.5,-0.5,0.04910271908682882,0.8857142857142857,7.0,8.0,2.0,13.0
-0.5133333333333333,-0.49333333333333335,0.0512146639937892,0.9142857142857143,8.0,8.0,2.0,13.0
-0.5333333333333333,-0.5466666666666666,0.1709087192067873,0.9428571428571428,9.0,11.0,2.0,13.0
-0.5,-0.49333333333333335,0.03379111851136607,0.9142857142857143,8.0,8.0,2.0,13.0
-0.5066666666666667,-0.5,0.01953549038938351,0.8857142857142857,7.0,8.0,2.0,13.0
-0.5,-0.5,0.0628303609820713,0.9142857142857143,8.0,8.0,2.0,13.0
-0.5333333333333333,-0.5266666666666666,0.07380149238474906,0.9714285714285714,10.0,11.0,2.0,13.0
-0.5266666666666666,-0.52,0.03748702209854673,0.8857142857142857,7.0,8.0,2.0,13.0
-0.49333333333333335,-0.5,0.018603700296432588,0.9428571428571428,9.0,11.0,2.0,13.0
-0.5266666666666666,-0.5,0.05621997342328531,0.9428571428571428,9.0,11.0,2.0,13.0
-0.49333333333333335,-0.5133333333333333,0.07339261985076154,0.9142857142857143,8.0,11.0,2.0,13.0
-0.49333333333333335,-0.49333333333333335,0.041182925685727394,0.9142857142857143,8.0,8.0,2.0,13.0
-0.5,-0.5,0.01214368321502218,0.9142857142857143,8.0,8.0,2.0,13.0
-0.49333333333333335,-0.5066666666666667,0.05029132168046612,0.9428571428571428,9.0,11.0,2.0,13.0
-0.54,-0.5,0.012061739752632118,0.9428571428571428,9.0,11.0,2.0,13.0
-0.5533333333333333,-0.5,0.009506286415210058,0.9428571428571428,9.0,11.0,2.0,13.0
-0.5,-0.5066666666666667,0.07666360012266177,0.9142857142857143,8.0,11.0,2.0,13.0
-0.5,-0.5066666666666667,0.013727641895242467,0.8857142857142857,7.0,8.0,2.0,13.0
-0.5,-0.5,0.01953549038938351,0.9142857142857143,8.0,8.0,2.0,13.0
-0.5133333333333333,-0.49333333333333335,0.030623201150925507,0.9142857142857143,8.0,8.0,2.0,13.0
-0.5,-0.5066666666666667,0.0892364305427783,0.9142857142857143,8.0,11.0,2.0,13.0
-0.5266666666666666,-0.5,0.023759380203304262,0.9142857142857143,8.0,8.0,2.0,13.0
-0.4866666666666667,-0.49333333333333335,0.06863820947621233,0.9142857142857143,8.0,8.0,2.0,13.0
-0.5,-0.5066666666666667,0.038331800061330884,0.9142857142857143,8.0,11.0,2.0,13.0
-0.5,-0.5066666666666667,0.09450953458647696,0.9142857142857143,8.0,8.0,2.0,13.0
-0.5066666666666667,-0.5266666666666666,0.07380149238474906,0.9714285714285714,10.0,11.0,2.0,13.0
-0.46,-0.5133333333333333,0.21547582541142804,0.9428571428571428,9.0,11.0,2.0,13.0
-0.5266666666666666,-0.49333333333333335,0.02217542152308398,0.9142857142857143,8.0,8.0,2.0,13.0
-0.4866666666666667,-0.5,0.009506286415210058,0.9428571428571428,9.0,11.0,2.0,13.0
-0.5,-0.5066666666666667,0.015639374425023,0.9428571428571428,9.0,11.0,2.0,13.0
-0.5066666666666667,-0.49333333333333335,0.04329487059268777,0.9142857142857143,8.0,8.0,2.0,13.0
-0.5066666666666667,-0.5133333333333333,0.10088929776142286,0.9142857142857143,8.0,11.0,2.0,13.0
-0.5266666666666666,-0.49333333333333335,0.05438258135422976,0.8857142857142857,7.0,8.0,2.0,13.0
-0.5133333333333333,-0.5133333333333333,0.059662443621630715,0.8857142857142857,7.0,8.0,2.0,13.0
-0.54,-0.5133333333333333,0.21547582541142804,0.9428571428571428,9.0,11.0,2.0,13.0
-0.5,-0.49333333333333335,0.024815352656784456,0.9142857142857143,8.0,8.0,2.0,13.0
-0.5266666666666666,-0.5,0.01953549038938351,0.8857142857142857,7.0,8.0,2.0,13.0
-0.5066666666666667,-0.5066666666666667,0.015639374425023004,0.9428571428571428,9.0,11.0,2.0,13.0
-0.5,-0.5133333333333333,0.017070428293979357,0.9142857142857143,8.0,11.0,2.0,13.0
-0.5,-0.5133333333333333,0.033016457119493005,0.9428571428571428,9.0,11.0,2.0,13.0
-0.49333333333333335,-0.5,0.04910271908682882,0.8857142857142857,7.0,8.0,2.0,13.0
-0.49333333333333335,-0.5066666666666667,0.05846877236021671,0.9428571428571428,9.0,11.0,2.0,13.0
-0.5,-0.5066666666666667,0.011615696988282085,0.9142857142857143,8.0,8.0,2.0,13.0
-0.5,-0.5066666666666667,0.015639374425023004,0.9428571428571428,9.0,11.0,2.0,13.0
-0.5,-0.5,0.01953549038938351,0.9142857142857143,8.0,8.0,2.0,13.0
-0.4866666666666667,-0.5,0.01953549038938351,0.8857142857142857,7.0,8.0,2.0,13.0
-0.5133333333333333,-0.54,0.10191147909639173,0.9714285714285714,10.0,11.0,2.0,13.0
-0.5066666666666667,-0.5066666666666667,0.12090884592348172,0.9142857142857143,8.0,8.0,2.0,13.0
-0.5133333333333333,-0.5066666666666667,0.006335834720881137,0.9142857142857143,8.0,8.0,2.0,13.0
-0.52,-0.5133333333333333,0.017070428293979357,0.9142857142857143,8.0,11.0,2.0,13.0
-0.49333333333333335,-0.5066666666666667,0.023714606971276708,0.9428571428571428,9.0,11.0,2.0,13.0
-0.5,-0.5133333333333333,0.07339261985076154,0.9142857142857143,8.0,11.0,2.0,13.0
-0.58,-0.5,0.05621997342328531,0.9428571428571428,9.0,11.0,2.0,13.0
-0.5133333333333333,-0.5066666666666667,0.013083921087600944,0.9142857142857143,8.0,11.0,2.0,13.0
-0.5,-0.5066666666666667,0.042238898139207594,0.8857142857142857,7.0,8.0,2.0,13.0
-0.5466666666666666,-0.5466666666666666,0.1709087192067873,0.9428571428571428,9.0,11.0,2.0,13.0
-0.54,-0.49333333333333335,0.024815352656784456,0.9142857142857143,8.0,8.0,2.0,13.0
-0.4866666666666667,-0.49333333333333335,0.05860647116815053,0.9142857142857143,8.0,8.0,2.0,13.0
-0.5066666666666667,-0.49333333333333335,0.01953549038938351,0.9142857142857143,8.0,8.0,2.0,13.0
-0.5266666666666666,-0.5133333333333333,0.05491056758096987,0.9142857142857143,8.0,8.0,2.0,13.0
-0.5133333333333333,-0.49333333333333335,0.04910271908682882,0.9142857142857143,8.0,8.0,2.0,13.0
-0.5266666666666666,-0.5,0.1129890525223803,0.9142857142857143,8.0,8.0,2.0,13.0
-0.5066666666666667,-0.5133333333333333,0.05397117448635388,0.9142857142857143,8.0,11.0,2.0,13.0
-0.5,-0.5133333333333333,0.05397117448635388,0.9142857142857143,8.0,11.0,2.0,13.0
-0.5,-0.52,0.1664111213329245,0.9142857142857143,8.0,11.0,2.0,13.0
-0.5066666666666667,-0.5133333333333333,0.05397117448635388,0.9142857142857143,8.0,11.0,2.0,13.0
-0.5066666666666667,-0.5133333333333333,0.04088725339875294,0.9142857142857143,8.0,11.0,2.0,13.0
-0.5066666666666667,-0.49333333333333335,0.030623201150925507,0.9142857142857143,8.0,8.0,2.0,13.0
-0.5,-0.5066666666666667,0.07666360012266177,0.9142857142857143,8.0,11.0,2.0,13.0
-0.47333333333333333,-0.5133333333333333,0.21547582541142804,0.9428571428571428,9.0,11.0,2.0,13.0
-0.4866666666666667,-0.49333333333333335,0.006335834720881137,0.9142857142857143,8.0,8.0,2.0,13.0
-0.47333333333333333,-0.5,0.04374936113666566,0.9714285714285714,10.0,11.0,2.0,13.0
-0.5066666666666667,-0.5133333333333333,0.06133088009812942,0.9428571428571428,9.0,11.0,2.0,13.0
-0.5133333333333333,-0.49333333333333335,0.030623201150925507,0.9142857142857143,8.0,8.0,2.0,13.0
-0.49333333333333335,-0.5,0.018603700296432588,0.9428571428571428,9.0,11.0,2.0,13.0
-0.4866666666666667,-0.5,0.04374936113666566,0.9714285714285714,10.0,11.0,2.0,13.0
-0.49333333333333335,-0.5133333333333333,0.017070428293979357,0.9142857142857143,8.0,11.0,2.0,13.0
-0.58,-0.5,0.022794643769804765,0.9428571428571428,9.0,11.0,2.0,13.0
-0.49333333333333335,-0.5066666666666667,0.02330573443728918,0.9428571428571428,9.0,11.0,2.0,13.0
-0.49333333333333335,-0.5,0.1129890525223803,0.9142857142857143,8.0,8.0,2.0,13.0
-0.49333333333333335,-0.5,0.03322089338648677,0.9428571428571428,9.0,11.0,2.0,13.0
-0.49333333333333335,-0.5,0.05621997342328531,0.9428571428571428,9.0,11.0,2.0,13.0
-0.5,-0.5133333333333333,0.05397117448635388,0.9142857142857143,8.0,11.0,2.0,13.0
-0.54,-0.5133333333333333,0.059662443621630715,0.8857142857142857,7.0,8.0,2.0,13.0
-0.49333333333333335,-0.5,0.02534333888352455,0.8857142857142857,7.0,8.0,2.0,13.0
-0.49333333333333335,-0.5,0.006335834720881137,0.9142857142857143,8.0,8.0,2.0,13.0
-0.5066666666666667,-0.5,0.02810998671164265,0.9142857142857143,8.0,11.0,2.0,13.0
-0.52,-0.5266666666666666,0.085147705202903,0.9428571428571428,9.0,11.0,2.0,13.0
-0.4866666666666667,-0.49333333333333335,0.03379111851136607,0.9142857142857143,8.0,8.0,2.0,13.0
-0.5133333333333333,-0.54,0.13543902688336915,0.9714285714285714,10.0,11.0,2.0,13.0
-0.5066666666666667,-0.5066666666666667,0.00791979340110142,0.8857142857142857,7.0,8.0,2.0,13.0
-0.49333333333333335,-0.5066666666666667,0.015639374425023,0.9428571428571428,9.0,11.0,2.0,13.0
-0.54,-0.5066666666666667,0.045406815499648166,0.8857142857142857,7.0,8.0,2.0,13.0
-0.5,-0.5066666666666667,0.01319965566850237,0.9142857142857143,8.0,8.0,2.0,13.0
-0.49333333333333335,-0.49333333333333335,0.01953549038938351,0.9142857142857143,8.0,8.0,2.0,13.0
-0.49333333333333335,-0.5,0.01809260962894818,0.9428571428571428,9.0,11.0,2.0,13.0
-0.4866666666666667,-0.5,0.02994991311458654,0.9428571428571428,9.0,11.0,2.0,13.0
-0.49333333333333335,-0.49333333333333335,0.04223889813920759,0.9142857142857143,8.0,8.0,2.0,13.0
-0.5,-0.5,0.01953549038938351,0.8857142857142857,7.0,8.0,2.0,13.0
-0.5066666666666667,-0.5266666666666666,0.07380149238474906,0.9714285714285714,10.0,11.0,2.0,13.0
-0.4866666666666667,-0.49333333333333335,0.06652626456925195,0.9142857142857143,8.0,8.0,2.0,13.0
-0.49333333333333335,-0.5,0.018603700296432588,0.9428571428571428,9.0,11.0,2.0,13.0
-0.5133333333333333,-0.5066666666666667,0.006335834720881137,0.9142857142857143,8.0,8.0,2.0,13.0
-0.5,-0.5066666666666667,0.05846877236021671,0.9428571428571428,9.0,11.0,2.0,13.0
-0.5133333333333333,-0.5066666666666667,0.07666360012266177,0.9142857142857143,8.0,11.0,2.0,13.0
-0.5666666666666667,-0.52,0.05080241234795053,0.9428571428571428,9.0,11.0,2.0,14.0
-0.58,-0.5933333333333334,0.020063476616123604,0.9142857142857143,8.0,8.0,2.0,14.0
-0.5533333333333333,-0.5266666666666666,0.057548809158744774,0.9714285714285714,10.0,11.0,2.0,14.0
-0.52,-0.52,0.04783808647654096,0.9714285714285714,10.0,11.0,2.0,14.0
-0.5266666666666666,-0.5266666666666666,0.042727179801696824,0.9428571428571428,9.0,11.0,2.0,14.0
-0.5266666666666666,-0.52,0.062046407032607595,0.9714285714285714,10.0,11.0,2.0,14.0
-0.5733333333333334,-0.5866666666666667,0.03167917360440568,0.9142857142857143,8.0,8.0,2.0,14.0
-0.58,-0.58,0.010559724534801893,0.9142857142857143,8.0,8.0,2.0,14.0
-0.54,-0.5266666666666666,0.03148318511703977,0.9428571428571428,9.0,11.0,2.0,14.0
-0.52,-0.5266666666666666,0.058775426760707364,0.9714285714285714,10.0,11.0,2.0,14.0
-0.7,-0.66,0.05860647116815051,0.8857142857142857,7.0,8.0,2.0,14.0
-0.52,-0.52,0.040887253398752946,0.9714285714285714,10.0,11.0,2.0,14.0
-0.6266666666666667,-0.6,0.07127814060991279,0.8857142857142857,7.0,8.0,2.0,14.0
-0.6733333333333333,-0.6733333333333333,0.0311511873776656,0.8857142857142857,7.0,8.0,2.0,14.0
-0.58,-0.5866666666666667,0.008447779627841517,0.8857142857142857,7.0,8.0,2.0,14.0
-0.6266666666666667,-0.6266666666666667,0.08289383759819488,0.8857142857142857,7.0,8.0,2.0,14.0
-0.66,-0.62,0.0406549394589873,0.8857142857142857,7.0,8.0,2.0,14.0
-0.5133333333333333,-0.52,0.062046407032607595,0.9714285714285714,10.0,11.0,2.0,14.0
-0.5133333333333333,-0.52,0.07492589185321477,0.9714285714285714,10.0,11.0,2.0,14.0
-0.5866666666666667,-0.5933333333333334,0.02534333888352456,0.9142857142857143,8.0,8.0,2.0,14.0
-0.52,-0.5266666666666666,0.02943882244710212,0.9428571428571428,9.0,11.0,2.0,14.0
-0.54,-0.5466666666666666,0.08310334253296535,0.9428571428571428,9.0,11.0,2.0,14.0
-0.6,-0.6066666666666667,0.02217542152308398,0.9142857142857143,8.0,8.0,2.0,14.0
-0.58,-0.52,0.051824593682919376,0.9714285714285714,10.0,11.0,2.0,14.0
-0.5733333333333334,-0.52,0.03700296432587142,0.9714285714285714,10.0,11.0,2.0,14.0
-0.5533333333333333,-0.54,0.0319942757845242,0.9714285714285714,10.0,11.0,2.0,14.0
-0.5266666666666666,-0.52,0.08688541347235003,0.9714285714285714,10.0,11.0,2.0,14.0
-0.5266666666666666,-0.52,0.051824593682919376,0.9714285714285714,10.0,11.0,2.0,14.0
-0.54,-0.5266666666666666,0.022794643769804765,0.9714285714285714,10.0,11.0,2.0,14.0
-0.64,-0.6333333333333333,0.10348530044105862,0.8857142857142857,7.0,8.0,2.0,14.0
-0.5933333333333334,-0.6066666666666667,0.02217542152308398,0.9142857142857143,8.0,8.0,2.0,14.0
-0.5266666666666666,-0.5266666666666666,0.022283553102320355,0.9428571428571428,9.0,11.0,2.0,14.0
-0.52,-0.5266666666666666,0.02943882244710212,0.9428571428571428,9.0,11.0,2.0,14.0
-0.5866666666666667,-0.58,0.027983270017225035,0.9142857142857143,8.0,8.0,2.0,14.0
-0.54,-0.5266666666666666,0.02943882244710212,0.9428571428571428,9.0,11.0,2.0,14.0
-0.5133333333333333,-0.52,0.054482265153838305,0.9714285714285714,10.0,11.0,2.0,14.0
-0.5466666666666666,-0.5266666666666666,0.06521516917101094,0.9714285714285714,10.0,11.0,2.0,14.0
-0.5133333333333333,-0.52,0.04681590514157213,0.9428571428571428,9.0,11.0,2.0,14.0
-0.5133333333333333,-0.52,0.07492589185321477,0.9714285714285714,10.0,11.0,2.0,14.0
-0.64,-0.6333333333333333,0.06863820947621234,0.8857142857142857,7.0,8.0,2.0,14.0
-0.5933333333333334,-0.5933333333333334,0.00791979340110142,0.9142857142857143,8.0,8.0,2.0,14.0
-0.66,-0.6333333333333333,0.10348530044105862,0.8857142857142857,7.0,8.0,2.0,14.0
-0.5733333333333334,-0.58,0.01900750416264341,0.9142857142857143,8.0,8.0,2.0,14.0
-0.54,-0.5266666666666666,0.038331800061330884,0.9714285714285714,10.0,11.0,2.0,14.0
-0.5466666666666666,-0.5533333333333333,0.058606471168150535,0.8857142857142857,7.0,8.0,2.0,14.0
-0.6466666666666666,-0.6266666666666667,0.06599827834251183,0.8857142857142857,7.0,8.0,2.0,14.0
-0.5666666666666667,-0.5733333333333334,0.023759380203304266,0.9142857142857143,8.0,8.0,2.0,14.0
-0.5266666666666666,-0.5133333333333333,0.028825513646120828,0.9714285714285714,10.0,11.0,2.0,14.0
-0.52,-0.52,0.03700296432587142,0.9714285714285714,10.0,11.0,2.0,14.0
-0.5266666666666666,-0.54,0.0319942757845242,0.9714285714285714,10.0,11.0,2.0,14.0
-0.5933333333333334,-0.5933333333333334,0.0311511873776656,0.8857142857142857,7.0,8.0,2.0,14.0
-0.5333333333333333,-0.5266666666666666,0.02943882244710212,0.9428571428571428,9.0,11.0,2.0,14.0
-0.52,-0.52,0.040887253398752946,0.9714285714285714,10.0,11.0,2.0,14.0
-0.52,-0.5266666666666666,0.0562199734232853,0.9714285714285714,10.0,11.0,2.0,14.0
-0.54,-0.5266666666666666,0.02943882244710212,0.9428571428571428,9.0,11.0,2.0,14.0
-0.58,-0.6,0.07127814060991279,0.8857142857142857,7.0,8.0,2.0,14.0
-0.58,-0.5933333333333334,0.010559724534801893,0.9142857142857143,8.0,8.0,2.0,14.0
-0.6933333333333334,-0.6733333333333333,0.05438258135422976,0.8571428571428571,6.0,8.0,2.0,14.0
-0.5133333333333333,-0.5266666666666666,0.02483900643974242,0.9428571428571428,9.0,11.0,2.0,14.0
-0.6866666666666666,-0.6666666666666666,0.05227063644726939,0.8857142857142857,7.0,8.0,2.0,14.0
-0.5133333333333333,-0.52,0.03444751098844936,0.9714285714285714,10.0,11.0,2.0,14.0
-0.5133333333333333,-0.52,0.07543698252069919,0.9714285714285714,10.0,11.0,2.0,14.0
-0.6,-0.6066666666666667,0.02217542152308398,0.9142857142857143,8.0,8.0,2.0,14.0
-0.7133333333333334,-0.7466666666666667,0.02217542152308398,0.6285714285714286,-2.0,8.0,2.0,14.0
-0.5933333333333334,-0.6066666666666667,0.02217542152308398,0.9142857142857143,8.0,8.0,2.0,14.0
-0.5733333333333334,-0.52,0.03403863845446183,0.9714285714285714,10.0,11.0,2.0,14.0
-0.6266666666666667,-0.6266666666666667,0.14097232253960532,0.8857142857142857,7.0,8.0,2.0,14.0
-0.5933333333333334,-0.5933333333333334,0.02534333888352456,0.9142857142857143,8.0,8.0,2.0,14.0
-0.5133333333333333,-0.52,0.04783808647654096,0.9714285714285714,10.0,11.0,2.0,14.0
-0.5333333333333333,-0.5266666666666666,0.058775426760707364,0.9714285714285714,10.0,11.0,2.0,14.0
-0.62,-0.6,0.017423545482423128,0.9142857142857143,8.0,8.0,2.0,14.0
-0.5133333333333333,-0.5266666666666666,0.0562199734232853,0.9714285714285714,10.0,11.0,2.0,14.0
-0.5866666666666667,-0.5933333333333334,0.030623201150925507,0.9142857142857143,8.0,8.0,2.0,14.0
-0.52,-0.5266666666666666,0.06521516917101094,0.9714285714285714,10.0,11.0,2.0,14.0
-0.52,-0.5266666666666666,0.053664520085863227,0.9714285714285714,10.0,11.0,2.0,14.0
-0.6066666666666667,-0.6133333333333333,0.020063476616123604,0.9142857142857143,8.0,8.0,2.0,14.0
-0.6266666666666667,-0.6333333333333333,0.10348530044105862,0.8857142857142857,7.0,8.0,2.0,14.0
-0.54,-0.54,0.03352754778697742,0.9428571428571428,9.0,11.0,2.0,14.0
-0.5133333333333333,-0.52,0.0446693243381376,0.9714285714285714,10.0,11.0,2.0,14.0
-0.5533333333333333,-0.52,0.040887253398752946,0.9714285714285714,10.0,11.0,2.0,14.0
-0.5733333333333334,-0.5866666666666667,0.007391807174361327,0.8857142857142857,7.0,8.0,2.0,14.0
-0.6066666666666667,-0.5866666666666667,0.06652626456925195,0.8857142857142857,7.0,8.0,2.0,14.0
-0.58,-0.5866666666666667,0.034847090964846256,0.9142857142857143,8.0,8.0,2.0,14.0
-0.6333333333333333,-0.6333333333333333,0.07814196155753403,0.8857142857142857,7.0,8.0,2.0,14.0
-0.6066666666666667,-0.58,0.02798327001722503,0.9142857142857143,8.0,8.0,2.0,14.0
-0.5333333333333333,-0.5266666666666666,0.06521516917101094,0.9714285714285714,10.0,11.0,2.0,14.0
-0.6733333333333333,-0.6533333333333333,0.2756088103583295,0.8857142857142857,7.0,8.0,2.0,14.0
-0.62,-0.5866666666666667,0.08342182382493499,0.9142857142857143,8.0,8.0,2.0,14.0
-0.66,-0.6666666666666666,0.01319965566850237,0.8857142857142857,7.0,8.0,2.0,14.0
-0.5266666666666666,-0.52,0.03751405499335583,0.9428571428571428,9.0,11.0,2.0,14.0
-0.66,-0.6666666666666666,0.05227063644726939,0.8857142857142857,7.0,8.0,2.0,14.0
-0.56,-0.5266666666666666,0.04855361341101912,0.9714285714285714,10.0,11.0,2.0,14.0
-0.5466666666666666,-0.52,0.07492589185321477,0.9714285714285714,10.0,11.0,2.0,14.0
-0.52,-0.5266666666666666,0.02831442297863642,0.9428571428571428,9.0,11.0,2.0,14.0
-0.5133333333333333,-0.52,0.04569150567310641,0.9714285714285714,10.0,11.0,2.0,14.0
-0.52,-0.54,0.031892057651027296,0.9428571428571428,9.0,11.0,2.0,14.0
-0.5133333333333333,-0.52,0.04323827046918124,0.9714285714285714,10.0,11.0,2.0,14.0
-0.5266666666666666,-0.54,0.03352754778697742,0.9428571428571428,9.0,11.0,2.0,14.0
-0.5133333333333333,-0.52,0.03322089338648677,0.9714285714285714,10.0,11.0,2.0,14.0
-0.5333333333333333,-0.5266666666666666,0.02943882244710212,0.9428571428571428,9.0,11.0,2.0,14.0
-0.52,-0.5266666666666666,0.02943882244710212,0.9428571428571428,9.0,11.0,2.0,14.0
-0.5133333333333333,-0.52,0.05080241234795053,0.9428571428571428,9.0,11.0,2.0,14.0
-0.5866666666666667,-0.6066666666666667,0.04804674663334863,0.8857142857142857,7.0,8.0,2.0,14.0
-0.5133333333333333,-0.5266666666666666,0.053664520085863227,0.9714285714285714,10.0,11.0,2.0,14.0
-0.54,-0.5266666666666666,0.042727179801696824,0.9428571428571428,9.0,11.0,2.0,14.0
-0.6466666666666666,-0.6133333333333333,0.08342182382493499,0.9142857142857143,8.0,8.0,2.0,14.0
-0.7333333333333333,-0.7533333333333333,0.006335834720881137,0.6,-3.0,8.0,2.0,14.0
-0.5533333333333333,-0.5533333333333333,0.11034912138867983,0.9142857142857143,8.0,8.0,2.0,14.0
-0.5333333333333333,-0.54,0.02810998671164265,0.9428571428571428,9.0,11.0,2.0,14.0
-0.5333333333333333,-0.5266666666666666,0.02831442297863642,0.9428571428571428,9.0,11.0,2.0,14.0
-0.5133333333333333,-0.5266666666666666,0.058775426760707364,0.9714285714285714,10.0,11.0,2.0,14.0
-0.5933333333333334,-0.6,0.034847090964846256,0.9142857142857143,8.0,8.0,2.0,14.0
-0.5333333333333333,-0.5266666666666666,0.038331800061330884,0.9714285714285714,10.0,11.0,2.0,14.0
-0.5133333333333333,-0.52,0.040887253398752946,0.9714285714285714,10.0,11.0,2.0,14.0
-0.52,-0.5266666666666666,0.02483900643974242,0.9428571428571428,9.0,11.0,2.0,14.0
-0.62,-0.5933333333333334,0.027983270017225035,0.9142857142857143,8.0,8.0,2.0,14.0
-0.5266666666666666,-0.5266666666666666,0.02831442297863642,0.9428571428571428,9.0,11.0,2.0,14.0
-0.5933333333333334,-0.58,0.02798327001722503,0.9142857142857143,8.0,8.0,2.0,14.0
-0.52,-0.5266666666666666,0.038331800061330884,0.9714285714285714,10.0,11.0,2.0,14.0
-0.52,-0.52,0.03148318511703977,0.9714285714285714,10.0,11.0,2.0,14.0
-0.52,-0.52,0.03148318511703977,0.9714285714285714,10.0,11.0,2.0,14.0
-0.5333333333333333,-0.54,0.0319942757845242,0.9714285714285714,10.0,11.0,2.0,14.0
-0.6466666666666666,-0.66,0.012143683215022183,0.8857142857142857,7.0,8.0,2.0,14.0
-0.52,-0.5266666666666666,0.042727179801696824,0.9428571428571428,9.0,11.0,2.0,14.0
-0.54,-0.54,0.031892057651027296,0.9428571428571428,9.0,11.0,2.0,14.0
-0.6066666666666667,-0.52,0.0562199734232853,0.9714285714285714,10.0,11.0,2.0,14.0
-0.5133333333333333,-0.5266666666666666,0.0562199734232853,0.9714285714285714,10.0,11.0,2.0,14.0
-0.5466666666666666,-0.52,0.04323827046918124,0.9714285714285714,10.0,11.0,2.0,14.0
-0.5266666666666666,-0.5266666666666666,0.022794643769804765,0.9714285714285714,10.0,11.0,2.0,14.0
-0.74,-0.7466666666666667,0.02217542152308398,0.6285714285714286,-2.0,8.0,2.0,14.0
-0.58,-0.52,0.08688541347235003,0.9714285714285714,10.0,11.0,2.0,14.0
-0.6066666666666667,-0.6133333333333333,0.020063476616123604,0.9142857142857143,8.0,8.0,2.0,14.0
-0.52,-0.52,0.03751405499335583,0.9428571428571428,9.0,11.0,2.0,14.0
-0.5133333333333333,-0.52,0.03148318511703977,0.9714285714285714,10.0,11.0,2.0,14.0
-0.54,-0.52,0.03751405499335583,0.9428571428571428,9.0,11.0,2.0,14.0
-0.5266666666666666,-0.52,0.062046407032607595,0.9714285714285714,10.0,11.0,2.0,14.0
-0.52,-0.52,0.03751405499335583,0.9428571428571428,9.0,11.0,2.0,14.0
-0.52,-0.5266666666666666,0.03148318511703977,0.9428571428571428,9.0,11.0,2.0,14.0
-0.5133333333333333,-0.52,0.05080241234795053,0.9428571428571428,9.0,11.0,2.0,14.0
-0.5333333333333333,-0.5266666666666666,0.10477358683430442,0.9428571428571428,9.0,11.0,2.0,14.0
-0.58,-0.5266666666666666,0.058775426760707364,0.9714285714285714,10.0,11.0,2.0,14.0
-0.58,-0.5266666666666666,0.02483900643974242,0.9428571428571428,9.0,11.0,2.0,14.0
-0.58,-0.5866666666666667,0.08342182382493499,0.9142857142857143,8.0,8.0,2.0,14.0
-0.52,-0.52,0.03322089338648677,0.9714285714285714,10.0,11.0,2.0,14.0
-0.5333333333333333,-0.54,0.037616273126852715,0.9428571428571428,9.0,11.0,2.0,14.0
-0.7133333333333334,-0.7,0.00791979340110142,0.8,4.0,8.0,2.0,14.0
-0.52,-0.52,0.03444751098844936,0.9714285714285714,10.0,11.0,2.0,14.0
-0.5133333333333333,-0.5266666666666666,0.04426045180415008,0.9714285714285714,10.0,11.0,2.0,14.0
-0.5266666666666666,-0.5266666666666666,0.02483900643974242,0.9428571428571428,9.0,11.0,2.0,14.0
-0.5933333333333334,-0.5933333333333334,0.041182925685727394,0.8857142857142857,7.0,8.0,2.0,14.0
-0.5333333333333333,-0.5266666666666666,0.042727179801696824,0.9428571428571428,9.0,11.0,2.0,14.0
-0.5133333333333333,-0.52,0.04681590514157213,0.9428571428571428,9.0,11.0,2.0,14.0
-0.5533333333333333,-0.52,0.0562199734232853,0.9714285714285714,10.0,11.0,2.0,14.0
-0.52,-0.5266666666666666,0.02483900643974242,0.9428571428571428,9.0,11.0,2.0,14.0
-0.5733333333333334,-0.5733333333333334,0.023759380203304266,0.9142857142857143,8.0,8.0,2.0,14.0
-0.58,-0.5733333333333334,0.023759380203304266,0.9142857142857143,8.0,8.0,2.0,14.0
-0.5333333333333333,-0.52,0.054482265153838305,0.9714285714285714,10.0,11.0,2.0,14.0
-0.5266666666666666,-0.54,0.031892057651027296,0.9428571428571428,9.0,11.0,2.0,14.0
-0.5933333333333334,-0.6,0.01319965566850237,0.9142857142857143,8.0,8.0,2.0,14.0
-0.52,-0.5266666666666666,0.022283553102320355,0.9428571428571428,9.0,11.0,2.0,14.0
-0.6466666666666666,-0.6133333333333333,0.020063476616123604,0.9142857142857143,8.0,8.0,2.0,14.0
-0.5866666666666667,-0.56,0.03167917360440569,0.9142857142857143,8.0,8.0,2.0,14.0
-0.5266666666666666,-0.52,0.05080241234795053,0.9428571428571428,9.0,11.0,2.0,14.0
-0.6066666666666667,-0.5933333333333334,0.030623201150925507,0.9142857142857143,8.0,8.0,2.0,14.0
-0.5266666666666666,-0.5266666666666666,0.02831442297863642,0.9428571428571428,9.0,11.0,2.0,14.0
-0.58,-0.5933333333333334,0.017423545482423128,0.8857142857142857,7.0,8.0,2.0,14.0
-0.5266666666666666,-0.5266666666666666,0.022283553102320355,0.9428571428571428,9.0,11.0,2.0,14.0
-0.6133333333333333,-0.6066666666666667,0.02903924247070522,0.9142857142857143,8.0,8.0,2.0,14.0
-0.6533333333333333,-0.6666666666666666,0.01319965566850237,0.8857142857142857,7.0,8.0,2.0,14.0
-0.52,-0.52,0.03403863845446183,0.9714285714285714,10.0,11.0,2.0,14.0
-0.52,-0.5266666666666666,0.053664520085863227,0.9714285714285714,10.0,11.0,2.0,14.0
-0.58,-0.5933333333333334,0.017423545482423128,0.8857142857142857,7.0,8.0,2.0,14.0
-0.5133333333333333,-0.5266666666666666,0.02483900643974242,0.9428571428571428,9.0,11.0,2.0,14.0
-0.5533333333333333,-0.52,0.040887253398752946,0.9714285714285714,10.0,11.0,2.0,14.0
-0.52,-0.52,0.05080241234795053,0.9428571428571428,9.0,11.0,2.0,14.0
-0.6333333333333333,-0.6533333333333333,0.0628303609820713,0.8857142857142857,7.0,8.0,2.0,14.0
-0.5133333333333333,-0.5266666666666666,0.04426045180415008,0.9714285714285714,10.0,11.0,2.0,14.0
-0.7333333333333333,-0.72,0.02798327001722503,0.6857142857142857,0.0,8.0,2.0,14.0
-0.6733333333333333,-0.6733333333333333,0.05438258135422976,0.8571428571428571,6.0,8.0,2.0,14.0
-0.64,-0.6266666666666667,0.023759380203304266,0.8857142857142857,7.0,8.0,2.0,14.0
-0.5533333333333333,-0.54,0.03352754778697742,0.9428571428571428,9.0,11.0,2.0,14.0
-0.6666666666666666,-0.6666666666666666,0.03748702209854673,0.8571428571428571,6.0,8.0,2.0,14.0
-0.5266666666666666,-0.52,0.03751405499335583,0.9428571428571428,9.0,11.0,2.0,14.0
-0.6333333333333333,-0.6133333333333333,0.024815352656784456,0.8857142857142857,7.0,8.0,2.0,14.0
-0.6333333333333333,-0.6266666666666667,0.039598967005507114,0.8857142857142857,7.0,8.0,2.0,14.0
-0.6866666666666666,-0.6666666666666666,0.03748702209854673,0.8571428571428571,6.0,8.0,2.0,14.0
-0.5466666666666666,-0.56,0.03167917360440569,0.9142857142857143,8.0,8.0,2.0,14.0
-0.7333333333333333,-0.7533333333333333,0.006335834720881137,0.6,-3.0,8.0,2.0,14.0
-0.52,-0.5266666666666666,0.02483900643974242,0.9428571428571428,9.0,11.0,2.0,14.0
-0.52,-0.5266666666666666,0.053664520085863227,0.9714285714285714,10.0,11.0,2.0,14.0
-0.5266666666666666,-0.54,0.03352754778697742,0.9428571428571428,9.0,11.0,2.0,14.0
-0.5733333333333334,-0.58,0.01900750416264341,0.9142857142857143,8.0,8.0,2.0,14.0
-0.6266666666666667,-0.6333333333333333,0.07814196155753403,0.8857142857142857,7.0,8.0,2.0,14.0
-0.7533333333333333,-0.7466666666666667,0.02217542152308398,0.6285714285714286,-2.0,8.0,2.0,14.0
-0.52,-0.52,0.04569150567310641,0.9714285714285714,10.0,11.0,2.0,14.0
-0.5133333333333333,-0.52,0.05080241234795053,0.9428571428571428,9.0,11.0,2.0,14.0
-0.64,-0.6533333333333333,0.2756088103583295,0.8857142857142857,7.0,8.0,2.0,14.0
-0.5133333333333333,-0.5133333333333333,0.028825513646120828,0.9714285714285714,10.0,11.0,2.0,14.0
-0.5133333333333333,-0.52,0.08688541347235003,0.9714285714285714,10.0,11.0,2.0,14.0
-0.5866666666666667,-0.52,0.042113871000715536,0.9714285714285714,10.0,11.0,2.0,14.0
-0.5266666666666666,-0.5266666666666666,0.03148318511703977,0.9428571428571428,9.0,11.0,2.0,14.0
-0.5266666666666666,-0.5266666666666666,0.02831442297863642,0.9428571428571428,9.0,11.0,2.0,14.0
-0.66,-0.6666666666666666,0.03748702209854673,0.8571428571428571,6.0,8.0,2.0,14.0
-0.5333333333333333,-0.52,0.042113871000715536,0.9714285714285714,10.0,11.0,2.0,14.0
-0.6133333333333333,-0.62,0.0406549394589873,0.8857142857142857,7.0,8.0,2.0,14.0
-0.5666666666666667,-0.52,0.03148318511703977,0.9714285714285714,10.0,11.0,2.0,14.0
-0.6066666666666667,-0.6133333333333333,0.024815352656784456,0.8857142857142857,7.0,8.0,2.0,14.0
-0.66,-0.6666666666666666,0.03748702209854673,0.8571428571428571,6.0,8.0,2.0,14.0
-0.6466666666666666,-0.6266666666666667,0.023759380203304266,0.8857142857142857,7.0,8.0,2.0,14.0
-0.5133333333333333,-0.5133333333333333,0.028825513646120828,0.9714285714285714,10.0,11.0,2.0,14.0
-0.6866666666666666,-0.66,0.05860647116815051,0.8857142857142857,7.0,8.0,2.0,14.0
-0.64,-0.6266666666666667,0.06599827834251183,0.8857142857142857,7.0,8.0,2.0,14.0
-0.5133333333333333,-0.5133333333333333,0.028825513646120828,0.9714285714285714,10.0,11.0,2.0,14.0
-0.54,-0.5266666666666666,0.04426045180415008,0.9714285714285714,10.0,11.0,2.0,14.0
-0.58,-0.58,0.01900750416264341,0.9142857142857143,8.0,8.0,2.0,14.0
-0.6,-0.6066666666666667,0.035375077191586356,0.9142857142857143,8.0,8.0,2.0,14.0
-0.5133333333333333,-0.5266666666666666,0.053664520085863227,0.9714285714285714,10.0,11.0,2.0,14.0
-0.5933333333333334,-0.5933333333333334,0.052798622674009484,0.9142857142857143,8.0,8.0,2.0,14.0
-0.54,-0.54,0.03352754778697742,0.9428571428571428,9.0,11.0,2.0,14.0
-0.5333333333333333,-0.5533333333333333,0.11034912138867983,0.9142857142857143,8.0,8.0,2.0,14.0
-0.52,-0.52,0.029336604313605238,0.9714285714285714,10.0,11.0,2.0,14.0
-0.5533333333333333,-0.52,0.040887253398752946,0.9714285714285714,10.0,11.0,2.0,14.0
-0.52,-0.5266666666666666,0.058775426760707364,0.9714285714285714,10.0,11.0,2.0,14.0
-0.5133333333333333,-0.52,0.03322089338648677,0.9714285714285714,10.0,11.0,2.0,14.0
-0.5133333333333333,-0.5266666666666666,0.053664520085863227,0.9714285714285714,10.0,11.0,2.0,14.0
-0.5733333333333334,-0.5866666666666667,0.017423545482423128,0.8857142857142857,7.0,8.0,2.0,14.0
-0.5866666666666667,-0.5933333333333334,0.020063476616123604,0.9142857142857143,8.0,8.0,2.0,14.0
-0.5733333333333334,-0.58,0.07127814060991279,0.9142857142857143,8.0,8.0,2.0,14.0
-0.6666666666666666,-0.6666666666666666,0.05227063644726939,0.8857142857142857,7.0,8.0,2.0,14.0
-0.6066666666666667,-0.6066666666666667,0.035375077191586356,0.9142857142857143,8.0,8.0,2.0,14.0
-0.5133333333333333,-0.52,0.03444751098844936,0.9714285714285714,10.0,11.0,2.0,14.0
-0.5733333333333334,-0.58,0.039598967005507114,0.9142857142857143,8.0,8.0,2.0,14.0
-0.7266666666666667,-0.72,0.0311511873776656,0.7142857142857143,1.0,8.0,2.0,14.0
-0.74,-0.7,0.00791979340110142,0.8,4.0,8.0,2.0,14.0
-0.6666666666666666,-0.6266666666666667,0.06599827834251183,0.8857142857142857,7.0,8.0,2.0,14.0
-0.52,-0.52,0.04783808647654096,0.9714285714285714,10.0,11.0,2.0,14.0
-0.6066666666666667,-0.5933333333333334,0.046462787953128346,0.8857142857142857,7.0,8.0,2.0,14.0
-0.5133333333333333,-0.52,0.04569150567310641,0.9714285714285714,10.0,11.0,2.0,14.0
-0.6066666666666667,-0.6133333333333333,0.08342182382493499,0.9142857142857143,8.0,8.0,2.0,14.0
-0.56,-0.54,0.0319942757845242,0.9714285714285714,10.0,11.0,2.0,14.0
-0.5333333333333333,-0.5266666666666666,0.022794643769804765,0.9714285714285714,10.0,11.0,2.0,14.0
-0.5866666666666667,-0.5933333333333334,0.02534333888352456,0.9142857142857143,8.0,8.0,2.0,14.0
-0.54,-0.52,0.05080241234795053,0.9428571428571428,9.0,11.0,2.0,14.0
-0.7266666666666667,-0.72,0.02798327001722503,0.6857142857142857,0.0,8.0,2.0,14.0
-0.5866666666666667,-0.5866666666666667,0.06652626456925195,0.8857142857142857,7.0,8.0,2.0,14.0
-0.5133333333333333,-0.52,0.04783808647654096,0.9714285714285714,10.0,11.0,2.0,14.0
-0.52,-0.5266666666666666,0.05397117448635388,0.9428571428571428,9.0,11.0,2.0,14.0
-0.6733333333333333,-0.6666666666666666,0.01319965566850237,0.8857142857142857,7.0,8.0,2.0,14.0
-0.7066666666666667,-0.7,0.00791979340110142,0.8,4.0,8.0,2.0,14.0
-0.54,-0.54,0.0319942757845242,0.9714285714285714,10.0,11.0,2.0,14.0
-0.52,-0.5266666666666666,0.058775426760707364,0.9714285714285714,10.0,11.0,2.0,14.0
-0.5266666666666666,-0.5266666666666666,0.03148318511703977,0.9428571428571428,9.0,11.0,2.0,14.0
-0.5933333333333334,-0.6,0.017423545482423128,0.9142857142857143,8.0,8.0,2.0,14.0
-0.5133333333333333,-0.52,0.07543698252069919,0.9714285714285714,10.0,11.0,2.0,14.0
-0.6266666666666667,-0.6266666666666667,0.08289383759819488,0.8857142857142857,7.0,8.0,2.0,14.0
-0.52,-0.52,0.08688541347235003,0.9714285714285714,10.0,11.0,2.0,14.0
-0.5133333333333333,-0.52,0.029336604313605238,0.9714285714285714,10.0,11.0,2.0,14.0
-0.5333333333333333,-0.52,0.04783808647654096,0.9714285714285714,10.0,11.0,2.0,14.0
-0.58,-0.5266666666666666,0.058775426760707364,0.9714285714285714,10.0,11.0,2.0,14.0
-0.5266666666666666,-0.54,0.02810998671164265,0.9428571428571428,9.0,11.0,2.0,14.0
-0.5266666666666666,-0.5466666666666666,0.08310334253296535,0.9428571428571428,9.0,11.0,2.0,14.0
-0.5333333333333333,-0.54,0.0319942757845242,0.9714285714285714,10.0,11.0,2.0,14.0
-0.5266666666666666,-0.5266666666666666,0.04855361341101912,0.9714285714285714,10.0,11.0,2.0,14.0
-0.5133333333333333,-0.52,0.03148318511703977,0.9714285714285714,10.0,11.0,2.0,14.0
-0.5733333333333334,-0.58,0.039598967005507114,0.9142857142857143,8.0,8.0,2.0,14.0
-0.52,-0.5266666666666666,0.10477358683430442,0.9428571428571428,9.0,11.0,2.0,14.0
-0.52,-0.52,0.05080241234795053,0.9428571428571428,9.0,11.0,2.0,14.0
-0.52,-0.5266666666666666,0.02483900643974242,0.9428571428571428,9.0,11.0,2.0,14.0
-0.5133333333333333,-0.52,0.040887253398752946,0.9714285714285714,10.0,11.0,2.0,14.0
-0.6066666666666667,-0.6066666666666667,0.02217542152308398,0.9142857142857143,8.0,8.0,2.0,14.0
-0.5733333333333334,-0.58,0.027983270017225035,0.9142857142857143,8.0,8.0,2.0,14.0
-0.6133333333333333,-0.62,0.03379111851136607,0.9142857142857143,8.0,8.0,2.0,14.0
-0.58,-0.5866666666666667,0.08342182382493499,0.9142857142857143,8.0,8.0,2.0,14.0
-0.5333333333333333,-0.52,0.04783808647654096,0.9714285714285714,10.0,11.0,2.0,14.0
-0.58,-0.52,0.062046407032607595,0.9714285714285714,10.0,11.0,2.0,14.0
-0.54,-0.5266666666666666,0.06511295103751408,0.9714285714285714,10.0,11.0,2.0,14.0
-0.66,-0.66,0.05860647116815051,0.8857142857142857,7.0,8.0,2.0,14.0
-0.6333333333333333,-0.6066666666666667,0.02903924247070522,0.9142857142857143,8.0,8.0,2.0,14.0
-0.6066666666666667,-0.58,0.039598967005507114,0.9142857142857143,8.0,8.0,2.0,14.0
-0.5866666666666667,-0.5266666666666666,0.0562199734232853,0.9714285714285714,10.0,11.0,2.0,14.0
-0.58,-0.58,0.01900750416264341,0.9142857142857143,8.0,8.0,2.0,14.0
-0.6,-0.5933333333333334,0.01319965566850237,0.9142857142857143,8.0,8.0,2.0,14.0
-0.6333333333333333,-0.6533333333333333,0.0628303609820713,0.8857142857142857,7.0,8.0,2.0,14.0
-0.5133333333333333,-0.52,0.0446693243381376,0.9714285714285714,10.0,11.0,2.0,14.0
-0.52,-0.52,0.029336604313605238,0.9714285714285714,10.0,11.0,2.0,14.0
-0.5533333333333333,-0.52,0.08688541347235003,0.9714285714285714,10.0,11.0,2.0,14.0
-0.5533333333333333,-0.52,0.04783808647654096,0.9714285714285714,10.0,11.0,2.0,14.0
-0.52,-0.5266666666666666,0.058775426760707364,0.9714285714285714,10.0,11.0,2.0,14.0
-0.5133333333333333,-0.5266666666666666,0.057548809158744774,0.9714285714285714,10.0,11.0,2.0,14.0
-0.6333333333333333,-0.6066666666666667,0.035375077191586356,0.9142857142857143,8.0,8.0,2.0,14.0
-0.5133333333333333,-0.52,0.03148318511703977,0.9714285714285714,10.0,11.0,2.0,14.0
-0.5333333333333333,-0.52,0.062046407032607595,0.9714285714285714,10.0,11.0,2.0,14.0
-0.6866666666666666,-0.6733333333333333,0.041182925685727394,0.8571428571428571,6.0,8.0,2.0,14.0
-0.5733333333333334,-0.6066666666666667,0.04804674663334863,0.8857142857142857,7.0,8.0,2.0,14.0
-0.62,-0.6266666666666667,0.023759380203304266,0.8857142857142857,7.0,8.0,2.0,14.0
-0.5133333333333333,-0.52,0.051824593682919376,0.9714285714285714,10.0,11.0,2.0,14.0
-0.54,-0.5266666666666666,0.038331800061330884,0.9714285714285714,10.0,11.0,2.0,14.0
-0.5133333333333333,-0.52,0.04783808647654096,0.9714285714285714,10.0,11.0,2.0,14.0
-0.52,-0.52,0.03403863845446183,0.9714285714285714,10.0,11.0,2.0,14.0
-0.5333333333333333,-0.52,0.04323827046918124,0.9714285714285714,10.0,11.0,2.0,14.0
-0.66,-0.6333333333333333,0.10348530044105862,0.8857142857142857,7.0,8.0,2.0,14.0
-0.54,-0.5533333333333333,0.058606471168150535,0.8857142857142857,7.0,8.0,2.0,14.0
-0.6,-0.6,0.017423545482423128,0.9142857142857143,8.0,8.0,2.0,14.0
-0.5333333333333333,-0.5266666666666666,0.06511295103751408,0.9714285714285714,10.0,11.0,2.0,14.0
-0.5466666666666666,-0.52,0.07492589185321477,0.9714285714285714,10.0,11.0,2.0,14.0
-0.6133333333333333,-0.5933333333333334,0.052798622674009484,0.9142857142857143,8.0,8.0,2.0,14.0
-0.5666666666666667,-0.58,0.07127814060991279,0.9142857142857143,8.0,8.0,2.0,14.0
-0.58,-0.5866666666666667,0.06652626456925195,0.8857142857142857,7.0,8.0,2.0,14.0
-0.5266666666666666,-0.5266666666666666,0.0562199734232853,0.9714285714285714,10.0,11.0,2.0,14.0
-0.54,-0.54,0.0319942757845242,0.9714285714285714,10.0,11.0,2.0,14.0
-0.7066666666666667,-0.7,0.00791979340110142,0.8,4.0,8.0,2.0,14.0
-0.5333333333333333,-0.5266666666666666,0.022794643769804765,0.9714285714285714,10.0,11.0,2.0,14.0
-0.5866666666666667,-0.5933333333333334,0.046462787953128346,0.8857142857142857,7.0,8.0,2.0,14.0
-0.52,-0.5266666666666666,0.058775426760707364,0.9714285714285714,10.0,11.0,2.0,14.0
-0.54,-0.5266666666666666,0.038331800061330884,0.9714285714285714,10.0,11.0,2.0,14.0
-0.52,-0.5266666666666666,0.04426045180415008,0.9714285714285714,10.0,11.0,2.0,14.0
-0.5666666666666667,-0.5533333333333333,0.058606471168150535,0.8857142857142857,7.0,8.0,2.0,14.0
-0.5333333333333333,-0.52,0.03148318511703977,0.9714285714285714,10.0,11.0,2.0,14.0
-0.7133333333333334,-0.7466666666666667,0.02217542152308398,0.6285714285714286,-2.0,8.0,2.0,14.0
-0.5133333333333333,-0.52,0.054482265153838305,0.9714285714285714,10.0,11.0,2.0,14.0
-0.54,-0.52,0.07492589185321477,0.9714285714285714,10.0,11.0,2.0,14.0
-0.5266666666666666,-0.52,0.040887253398752946,0.9714285714285714,10.0,11.0,2.0,14.0
-0.5133333333333333,-0.5266666666666666,0.053664520085863227,0.9714285714285714,10.0,11.0,2.0,14.0
-0.5933333333333334,-0.5933333333333334,0.01319965566850237,0.9142857142857143,8.0,8.0,2.0,14.0
-0.5333333333333333,-0.54,0.037616273126852715,0.9428571428571428,9.0,11.0,2.0,14.0
-0.5133333333333333,-0.5266666666666666,0.057548809158744774,0.9714285714285714,10.0,11.0,2.0,14.0
-0.5133333333333333,-0.5133333333333333,0.028825513646120828,0.9714285714285714,10.0,11.0,2.0,14.0
-0.7,-0.6733333333333333,0.041182925685727394,0.8571428571428571,6.0,8.0,2.0,14.0
-0.5933333333333334,-0.5933333333333334,0.01319965566850237,0.9142857142857143,8.0,8.0,2.0,14.0
-0.6,-0.6066666666666667,0.02903924247070522,0.9142857142857143,8.0,8.0,2.0,14.0
-0.52,-0.5266666666666666,0.053664520085863227,0.9714285714285714,10.0,11.0,2.0,14.0
-0.6266666666666667,-0.6266666666666667,0.08289383759819488,0.8857142857142857,7.0,8.0,2.0,14.0
-0.5266666666666666,-0.52,0.042113871000715536,0.9714285714285714,10.0,11.0,2.0,14.0
-0.6466666666666666,-0.66,0.012143683215022183,0.8857142857142857,7.0,8.0,2.0,14.0
-0.5133333333333333,-0.5466666666666666,0.08310334253296535,0.9428571428571428,9.0,11.0,2.0,14.0
-0.58,-0.5866666666666667,0.08342182382493499,0.9142857142857143,8.0,8.0,2.0,14.0
-0.54,-0.52,0.0446693243381376,0.9714285714285714,10.0,11.0,2.0,14.0
-0.5333333333333333,-0.54,0.037616273126852715,0.9428571428571428,9.0,11.0,2.0,14.0
-0.62,-0.6066666666666667,0.041182925685727394,0.8857142857142857,7.0,8.0,2.0,14.0
-0.52,-0.5266666666666666,0.04426045180415008,0.9714285714285714,10.0,11.0,2.0,14.0
-0.58,-0.54,0.037616273126852715,0.9428571428571428,9.0,11.0,2.0,14.0
-0.5133333333333333,-0.52,0.03322089338648677,0.9714285714285714,10.0,11.0,2.0,14.0
-0.5333333333333333,-0.5266666666666666,0.03148318511703977,0.9428571428571428,9.0,11.0,2.0,14.0
-0.5133333333333333,-0.5133333333333333,0.028825513646120828,0.9714285714285714,10.0,11.0,2.0,14.0
-0.5866666666666667,-0.58,0.019535490389383507,0.9142857142857143,8.0,8.0,2.0,14.0
-0.5733333333333334,-0.5866666666666667,0.017423545482423128,0.8857142857142857,7.0,8.0,2.0,14.0
-0.5733333333333334,-0.5933333333333334,0.0311511873776656,0.8857142857142857,7.0,8.0,2.0,14.0
-0.62,-0.6066666666666667,0.041182925685727394,0.8857142857142857,7.0,8.0,2.0,14.0
-0.5733333333333334,-0.5866666666666667,0.008447779627841517,0.8857142857142857,7.0,8.0,2.0,14.0
-0.58,-0.58,0.010559724534801893,0.9142857142857143,8.0,8.0,2.0,14.0
-0.5733333333333334,-0.5866666666666667,0.01900750416264341,0.9142857142857143,8.0,8.0,2.0,14.0
-0.6066666666666667,-0.6,0.07127814060991279,0.8857142857142857,7.0,8.0,2.0,14.0
-0.5266666666666666,-0.5266666666666666,0.042727179801696824,0.9428571428571428,9.0,11.0,2.0,14.0
-0.5133333333333333,-0.52,0.03322089338648677,0.9714285714285714,10.0,11.0,2.0,14.0
-0.54,-0.54,0.02810998671164265,0.9428571428571428,9.0,11.0,2.0,14.0
-0.52,-0.5266666666666666,0.058775426760707364,0.9714285714285714,10.0,11.0,2.0,14.0
-0.5133333333333333,-0.52,0.07543698252069919,0.9714285714285714,10.0,11.0,2.0,14.0
-0.5866666666666667,-0.6,0.01319965566850237,0.9142857142857143,8.0,8.0,2.0,14.0
-0.5266666666666666,-0.5266666666666666,0.02483900643974242,0.9428571428571428,9.0,11.0,2.0,14.0
-0.58,-0.5266666666666666,0.06511295103751408,0.9714285714285714,10.0,11.0,2.0,14.0
-0.62,-0.6133333333333333,0.03379111851136607,0.8857142857142857,7.0,8.0,2.0,14.0
-0.5266666666666666,-0.52,0.051824593682919376,0.9714285714285714,10.0,11.0,2.0,14.0
-0.6266666666666667,-0.6266666666666667,0.08289383759819488,0.8857142857142857,7.0,8.0,2.0,14.0
-0.52,-0.54,0.031892057651027296,0.9428571428571428,9.0,11.0,2.0,14.0
-0.52,-0.52,0.062046407032607595,0.9714285714285714,10.0,11.0,2.0,14.0
-0.6066666666666667,-0.5866666666666667,0.08342182382493499,0.9142857142857143,8.0,8.0,2.0,14.0
-0.5266666666666666,-0.52,0.03444751098844936,0.9714285714285714,10.0,11.0,2.0,14.0
-0.6666666666666666,-0.6533333333333333,0.0628303609820713,0.8857142857142857,7.0,8.0,2.0,14.0
-0.5266666666666666,-0.52,0.0446693243381376,0.9714285714285714,10.0,11.0,2.0,14.0
-0.6066666666666667,-0.5933333333333334,0.017423545482423128,0.8857142857142857,7.0,8.0,2.0,14.0
-0.52,-0.52,0.051824593682919376,0.9714285714285714,10.0,11.0,2.0,14.0
-0.5866666666666667,-0.5933333333333334,0.00791979340110142,0.8857142857142857,7.0,8.0,2.0,14.0
-0.52,-0.5266666666666666,0.06511295103751408,0.9714285714285714,10.0,11.0,2.0,14.0
-0.5333333333333333,-0.5266666666666666,0.058775426760707364,0.9714285714285714,10.0,11.0,2.0,14.0
-0.6,-0.6066666666666667,0.04804674663334863,0.8857142857142857,7.0,8.0,2.0,14.0
-0.5866666666666667,-0.5933333333333334,0.052798622674009484,0.9142857142857143,8.0,8.0,2.0,14.0
-0.5866666666666667,-0.5866666666666667,0.06652626456925195,0.8857142857142857,7.0,8.0,2.0,14.0
-0.5466666666666666,-0.5466666666666666,0.08310334253296535,0.9428571428571428,9.0,11.0,2.0,14.0
-0.54,-0.52,0.0562199734232853,0.9714285714285714,10.0,11.0,2.0,14.0
-0.6266666666666667,-0.6266666666666667,0.039598967005507114,0.8857142857142857,7.0,8.0,2.0,14.0
-0.6133333333333333,-0.62,0.0406549394589873,0.8857142857142857,7.0,8.0,2.0,14.0
-0.54,-0.5266666666666666,0.053664520085863227,0.9714285714285714,10.0,11.0,2.0,14.0
-0.5133333333333333,-0.5266666666666666,0.04426045180415008,0.9714285714285714,10.0,11.0,2.0,14.0
-0.6133333333333333,-0.6066666666666667,0.041182925685727394,0.8857142857142857,7.0,8.0,2.0,14.0
-0.5866666666666667,-0.5866666666666667,0.007391807174361327,0.8857142857142857,7.0,8.0,2.0,14.0
-0.6133333333333333,-0.6,0.017423545482423128,0.9142857142857143,8.0,8.0,2.0,14.0
-0.52,-0.54,0.031892057651027296,0.9428571428571428,9.0,11.0,2.0,14.0
-0.62,-0.5866666666666667,0.04910271908682882,0.9142857142857143,8.0,8.0,2.0,14.0
-0.5133333333333333,-0.52,0.07492589185321477,0.9714285714285714,10.0,11.0,2.0,14.0
-0.5133333333333333,-0.52,0.04323827046918124,0.9714285714285714,10.0,11.0,2.0,14.0
-0.5333333333333333,-0.52,0.03444751098844936,0.9714285714285714,10.0,11.0,2.0,14.0
-0.5933333333333334,-0.6,0.034847090964846256,0.9142857142857143,8.0,8.0,2.0,14.0
-0.54,-0.52,0.0562199734232853,0.9714285714285714,10.0,11.0,2.0,14.0
-0.6066666666666667,-0.6066666666666667,0.02217542152308398,0.9142857142857143,8.0,8.0,2.0,14.0
-0.52,-0.5266666666666666,0.04855361341101912,0.9714285714285714,10.0,11.0,2.0,14.0
-0.6266666666666667,-0.6,0.01319965566850237,0.9142857142857143,8.0,8.0,2.0,14.0
-0.6266666666666667,-0.6133333333333333,0.02217542152308398,0.9142857142857143,8.0,8.0,2.0,14.0
-0.5266666666666666,-0.52,0.042113871000715536,0.9714285714285714,10.0,11.0,2.0,14.0
-0.62,-0.6066666666666667,0.04804674663334863,0.8857142857142857,7.0,8.0,2.0,14.0
-0.6,-0.6,0.0026399311337004724,0.9142857142857143,8.0,8.0,2.0,14.0
-0.6333333333333333,-0.6333333333333333,0.10348530044105862,0.8857142857142857,7.0,8.0,2.0,14.0
-0.54,-0.54,0.037616273126852715,0.9428571428571428,9.0,11.0,2.0,14.0
-0.62,-0.6133333333333333,0.03379111851136607,0.8857142857142857,7.0,8.0,2.0,14.0
-0.5066666666666667,-0.5466666666666666,0.08310334253296535,0.9428571428571428,9.0,11.0,2.0,14.0
-0.5333333333333333,-0.5266666666666666,0.03148318511703977,0.9428571428571428,9.0,11.0,2.0,14.0
-0.5333333333333333,-0.54,0.03352754778697742,0.9428571428571428,9.0,11.0,2.0,14.0
-0.6866666666666666,-0.6666666666666666,0.03748702209854673,0.8571428571428571,6.0,8.0,2.0,14.0
-0.5933333333333334,-0.6066666666666667,0.041182925685727394,0.8857142857142857,7.0,8.0,2.0,14.0
-0.5133333333333333,-0.52,0.054482265153838305,0.9714285714285714,10.0,11.0,2.0,14.0
-0.58,-0.52,0.03444751098844936,0.9714285714285714,10.0,11.0,2.0,14.0
-0.5866666666666667,-0.5266666666666666,0.02831442297863642,0.9428571428571428,9.0,11.0,2.0,14.0
-0.5133333333333333,-0.52,0.04783808647654096,0.9714285714285714,10.0,11.0,2.0,14.0
-0.5733333333333334,-0.58,0.019535490389383507,0.9142857142857143,8.0,8.0,2.0,14.0
-0.5933333333333334,-0.5933333333333334,0.027983270017225035,0.9142857142857143,8.0,8.0,2.0,14.0
-0.6866666666666666,-0.64,0.016367573028942938,0.8857142857142857,7.0,8.0,2.0,14.0
-0.5133333333333333,-0.52,0.03700296432587142,0.9714285714285714,10.0,11.0,2.0,14.0
-0.5733333333333334,-0.5866666666666667,0.017423545482423128,0.8857142857142857,7.0,8.0,2.0,14.0
-0.58,-0.5866666666666667,0.04910271908682882,0.9142857142857143,8.0,8.0,2.0,14.0
-0.5133333333333333,-0.52,0.0562199734232853,0.9714285714285714,10.0,11.0,2.0,14.0
-0.62,-0.6266666666666667,0.023759380203304266,0.8857142857142857,7.0,8.0,2.0,14.0
-0.5333333333333333,-0.54,0.037616273126852715,0.9428571428571428,9.0,11.0,2.0,14.0
-0.52,-0.5266666666666666,0.058775426760707364,0.9714285714285714,10.0,11.0,2.0,14.0
-0.6733333333333333,-0.66,0.012143683215022183,0.8857142857142857,7.0,8.0,2.0,14.0
-0.52,-0.5266666666666666,0.02831442297863642,0.9428571428571428,9.0,11.0,2.0,14.0
-0.52,-0.52,0.04569150567310641,0.9714285714285714,10.0,11.0,2.0,14.0
-0.6733333333333333,-0.6333333333333333,0.03643104964506655,0.8857142857142857,7.0,8.0,2.0,14.0
-0.5266666666666666,-0.52,0.04681590514157213,0.9428571428571428,9.0,11.0,2.0,14.0
-0.6,-0.5933333333333334,0.01319965566850237,0.9142857142857143,8.0,8.0,2.0,14.0
-0.5666666666666667,-0.58,0.02798327001722503,0.9142857142857143,8.0,8.0,2.0,14.0
-0.5933333333333334,-0.5266666666666666,0.058775426760707364,0.9714285714285714,10.0,11.0,2.0,14.0
-0.5933333333333334,-0.5933333333333334,0.030623201150925507,0.9142857142857143,8.0,8.0,2.0,14.0
-0.5933333333333334,-0.6,0.0026399311337004724,0.9142857142857143,8.0,8.0,2.0,14.0
-0.5266666666666666,-0.54,0.02810998671164265,0.9428571428571428,9.0,11.0,2.0,14.0
-0.54,-0.54,0.0319942757845242,0.9714285714285714,10.0,11.0,2.0,14.0
-0.52,-0.52,0.03148318511703977,0.9714285714285714,10.0,11.0,2.0,14.0
-0.5933333333333334,-0.5933333333333334,0.00791979340110142,0.8857142857142857,7.0,8.0,2.0,14.0
-0.52,-0.5266666666666666,0.02483900643974242,0.9428571428571428,9.0,11.0,2.0,14.0
-0.62,-0.6333333333333333,0.07814196155753403,0.8857142857142857,7.0,8.0,2.0,14.0
-0.5333333333333333,-0.54,0.02810998671164265,0.9428571428571428,9.0,11.0,2.0,14.0
-0.5866666666666667,-0.5933333333333334,0.027983270017225035,0.9142857142857143,8.0,8.0,2.0,14.0
-0.5733333333333334,-0.5866666666666667,0.01900750416264341,0.9142857142857143,8.0,8.0,2.0,14.0
-0.52,-0.5266666666666666,0.04855361341101912,0.9714285714285714,10.0,11.0,2.0,14.0
-0.5866666666666667,-0.5866666666666667,0.007391807174361327,0.8857142857142857,7.0,8.0,2.0,14.0
-0.5866666666666667,-0.5866666666666667,0.008447779627841517,0.8857142857142857,7.0,8.0,2.0,14.0
-0.5333333333333333,-0.54,0.0319942757845242,0.9714285714285714,10.0,11.0,2.0,14.0
-0.5133333333333333,-0.5266666666666666,0.053664520085863227,0.9714285714285714,10.0,11.0,2.0,14.0
-0.5333333333333333,-0.54,0.03352754778697742,0.9428571428571428,9.0,11.0,2.0,14.0
-0.5266666666666666,-0.5266666666666666,0.03148318511703977,0.9428571428571428,9.0,11.0,2.0,14.0
-0.54,-0.52,0.03148318511703977,0.9714285714285714,10.0,11.0,2.0,14.0
-0.58,-0.5866666666666667,0.06652626456925195,0.8857142857142857,7.0,8.0,2.0,14.0
-0.58,-0.52,0.042113871000715536,0.9714285714285714,10.0,11.0,2.0,14.0
-0.58,-0.5933333333333334,0.030623201150925507,0.9142857142857143,8.0,8.0,2.0,14.0
-0.5933333333333334,-0.6,0.034847090964846256,0.9142857142857143,8.0,8.0,2.0,14.0
-0.5733333333333334,-0.58,0.039598967005507114,0.9142857142857143,8.0,8.0,2.0,14.0
-0.6333333333333333,-0.62,0.03379111851136607,0.9142857142857143,8.0,8.0,2.0,14.0
-0.5933333333333334,-0.5933333333333334,0.020063476616123604,0.9142857142857143,8.0,8.0,2.0,14.0
-0.5866666666666667,-0.58,0.07127814060991279,0.9142857142857143,8.0,8.0,2.0,14.0
-0.52,-0.52,0.062046407032607595,0.9714285714285714,10.0,11.0,2.0,14.0
-0.5133333333333333,-0.52,0.062046407032607595,0.9714285714285714,10.0,11.0,2.0,14.0
-0.5133333333333333,-0.5133333333333333,0.028825513646120828,0.9714285714285714,10.0,11.0,2.0,14.0
-0.5133333333333333,-0.52,0.062046407032607595,0.9714285714285714,10.0,11.0,2.0,14.0
-0.52,-0.52,0.03322089338648677,0.9714285714285714,10.0,11.0,2.0,14.0
-0.6533333333333333,-0.64,0.016367573028942938,0.8857142857142857,7.0,8.0,2.0,14.0
-0.54,-0.52,0.04783808647654096,0.9714285714285714,10.0,11.0,2.0,14.0
-0.5266666666666666,-0.5266666666666666,0.058775426760707364,0.9714285714285714,10.0,11.0,2.0,14.0
-0.5733333333333334,-0.58,0.010559724534801893,0.9142857142857143,8.0,8.0,2.0,14.0
-0.52,-0.5266666666666666,0.022794643769804765,0.9714285714285714,10.0,11.0,2.0,14.0
-0.5266666666666666,-0.5266666666666666,0.02943882244710212,0.9428571428571428,9.0,11.0,2.0,14.0
-0.6466666666666666,-0.64,0.016367573028942938,0.8857142857142857,7.0,8.0,2.0,14.0
-0.5133333333333333,-0.5466666666666666,0.08310334253296535,0.9428571428571428,9.0,11.0,2.0,14.0
-0.52,-0.5266666666666666,0.022794643769804765,0.9714285714285714,10.0,11.0,2.0,14.0
-0.52,-0.54,0.0319942757845242,0.9714285714285714,10.0,11.0,2.0,14.0
-0.5133333333333333,-0.52,0.04323827046918124,0.9714285714285714,10.0,11.0,2.0,14.0
-0.52,-0.5266666666666666,0.038331800061330884,0.9714285714285714,10.0,11.0,2.0,14.0
-0.5666666666666667,-0.58,0.07127814060991279,0.9142857142857143,8.0,8.0,2.0,14.0
-0.5266666666666666,-0.52,0.040887253398752946,0.9714285714285714,10.0,11.0,2.0,14.0
-0.5333333333333333,-0.5266666666666666,0.03148318511703977,0.9428571428571428,9.0,11.0,2.0,14.0
-0.5133333333333333,-0.52,0.062046407032607595,0.9714285714285714,10.0,11.0,2.0,14.0
-0.5666666666666667,-0.58,0.02798327001722503,0.9142857142857143,8.0,8.0,2.0,14.0
-0.5866666666666667,-0.58,0.027983270017225035,0.9142857142857143,8.0,8.0,2.0,14.0
-0.5866666666666667,-0.5866666666666667,0.06547029211577177,0.8857142857142857,7.0,8.0,2.0,14.0
-0.5133333333333333,-0.5266666666666666,0.0562199734232853,0.9714285714285714,10.0,11.0,2.0,14.0
-0.5133333333333333,-0.5266666666666666,0.04426045180415008,0.9714285714285714,10.0,11.0,2.0,14.0
-0.6066666666666667,-0.6066666666666667,0.04804674663334863,0.8857142857142857,7.0,8.0,2.0,14.0
-0.5333333333333333,-0.52,0.03751405499335583,0.9428571428571428,9.0,11.0,2.0,14.0
-0.6133333333333333,-0.5933333333333334,0.0311511873776656,0.8857142857142857,7.0,8.0,2.0,14.0
-0.5133333333333333,-0.52,0.04569150567310641,0.9714285714285714,10.0,11.0,2.0,14.0
-0.6266666666666667,-0.6,0.017423545482423128,0.9142857142857143,8.0,8.0,2.0,14.0
-0.5866666666666667,-0.5933333333333334,0.052798622674009484,0.9142857142857143,8.0,8.0,2.0,14.0
-0.7333333333333333,-0.72,0.02798327001722503,0.6857142857142857,0.0,8.0,2.0,14.0
-0.52,-0.54,0.031892057651027296,0.9428571428571428,9.0,11.0,2.0,14.0
-0.52,-0.5266666666666666,0.06521516917101094,0.9714285714285714,10.0,11.0,2.0,14.0
-0.5933333333333334,-0.5733333333333334,0.05279862267400948,0.9142857142857143,8.0,8.0,2.0,14.0
-0.5933333333333334,-0.6,0.0026399311337004724,0.9142857142857143,8.0,8.0,2.0,14.0
-0.5466666666666666,-0.54,0.037616273126852715,0.9428571428571428,9.0,11.0,2.0,14.0
-0.6733333333333333,-0.6733333333333333,0.041182925685727394,0.8571428571428571,6.0,8.0,2.0,14.0
-0.5066666666666667,-0.5466666666666666,0.08310334253296535,0.9428571428571428,9.0,11.0,2.0,14.0
-0.58,-0.5866666666666667,0.008447779627841517,0.8857142857142857,7.0,8.0,2.0,14.0
-0.5133333333333333,-0.5266666666666666,0.02483900643974242,0.9428571428571428,9.0,11.0,2.0,14.0
-0.54,-0.52,0.04783808647654096,0.9714285714285714,10.0,11.0,2.0,14.0
-0.6266666666666667,-0.58,0.02984769498108965,0.9428571428571428,9.0,11.0,2.0,15.0
-0.6133333333333333,-0.62,0.020063476616123604,0.8857142857142857,7.0,8.0,2.0,15.0
-0.5666666666666667,-0.58,0.02637227844219565,0.9428571428571428,9.0,11.0,2.0,15.0
-0.5733333333333334,-0.58,0.019728099764898296,0.9428571428571428,9.0,11.0,2.0,15.0
-0.56,-0.5733333333333334,0.02228355310232036,0.9714285714285714,10.0,11.0,2.0,15.0
-0.5866666666666667,-0.6133333333333333,0.2807932127159359,0.9428571428571428,9.0,11.0,2.0,15.0
-0.6133333333333333,-0.62,0.05491056758096987,0.8857142857142857,7.0,8.0,2.0,15.0
-0.5933333333333334,-0.5933333333333334,0.00791979340110142,0.9142857142857143,8.0,8.0,2.0,15.0
-0.5733333333333334,-0.58,0.021159153633854653,0.9714285714285714,10.0,11.0,2.0,15.0
-0.5733333333333334,-0.5866666666666667,0.022692425636307887,0.9428571428571428,9.0,11.0,2.0,15.0
-0.6466666666666666,-0.62,0.06547029211577174,0.8857142857142857,7.0,8.0,2.0,15.0
-0.5666666666666667,-0.5866666666666667,0.026270060308698766,0.9714285714285714,10.0,11.0,2.0,15.0
-0.62,-0.6266666666666667,0.03643104964506655,0.8857142857142857,7.0,8.0,2.0,15.0
-0.6333333333333333,-0.62,0.012143683215022183,0.9142857142857143,8.0,8.0,2.0,15.0
-0.6266666666666667,-0.6266666666666667,0.048574732860088725,0.8857142857142857,7.0,8.0,2.0,15.0
-0.6,-0.6066666666666667,0.060190429848370815,0.8857142857142857,7.0,8.0,2.0,15.0
-0.6266666666666667,-0.6,0.046462787953128346,0.9142857142857143,8.0,8.0,2.0,15.0
-0.6333333333333333,-0.6133333333333333,0.2807932127159359,0.9428571428571428,9.0,11.0,2.0,15.0
-0.56,-0.58,0.02892773177961771,0.9428571428571428,9.0,11.0,2.0,15.0
-0.64,-0.64,0.016367573028942935,0.8857142857142857,7.0,8.0,2.0,15.0
-0.5733333333333334,-0.5866666666666667,0.08944086680977209,0.9428571428571428,9.0,11.0,2.0,15.0
-0.56,-0.58,0.027905550444648892,0.9714285714285714,10.0,11.0,2.0,15.0
-0.6333333333333333,-0.6333333333333333,0.04804674663334863,0.8857142857142857,7.0,8.0,2.0,15.0
-0.62,-0.58,0.049882449146478595,0.9714285714285714,10.0,11.0,2.0,15.0
-0.62,-0.58,0.03495860165593377,0.9428571428571428,9.0,11.0,2.0,15.0
-0.66,-0.58,0.031892057651027296,0.9714285714285714,10.0,11.0,2.0,15.0
-0.5666666666666667,-0.5733333333333334,0.03240314831851171,0.9714285714285714,10.0,11.0,2.0,15.0
-0.58,-0.58,0.049882449146478595,0.9714285714285714,10.0,11.0,2.0,15.0
-0.62,-0.5733333333333334,0.12399059593171831,0.9714285714285714,10.0,11.0,2.0,15.0
-0.62,-0.6333333333333333,0.023231393976564173,0.8857142857142857,7.0,8.0,2.0,15.0
-0.6333333333333333,-0.6333333333333333,0.04804674663334863,0.8857142857142857,7.0,8.0,2.0,15.0
-0.56,-0.5733333333333334,0.05540222835531024,0.9714285714285714,10.0,11.0,2.0,15.0
-0.5533333333333333,-0.5866666666666667,0.08944086680977209,0.9428571428571428,9.0,11.0,2.0,15.0
-0.6133333333333333,-0.6266666666666667,0.014255628121982562,0.8857142857142857,7.0,8.0,2.0,15.0
-0.5666666666666667,-0.5866666666666667,0.08944086680977209,0.9428571428571428,9.0,11.0,2.0,15.0
-0.56,-0.58,0.07635694572217112,0.9428571428571428,9.0,11.0,2.0,15.0
-0.62,-0.58,0.056424409690279065,0.9428571428571428,9.0,11.0,2.0,15.0
-0.5666666666666667,-0.5866666666666667,0.02299908003679853,0.9428571428571428,9.0,11.0,2.0,15.0
-0.5666666666666667,-0.58,0.02892773177961771,0.9428571428571428,9.0,11.0,2.0,15.0
-0.66,-0.66,0.036959035871806635,0.8857142857142857,7.0,8.0,2.0,15.0
-0.6333333333333333,-0.6333333333333333,0.04276688436594769,0.9142857142857143,8.0,8.0,2.0,15.0
-0.6333333333333333,-0.6333333333333333,0.023231393976564173,0.8857142857142857,7.0,8.0,2.0,15.0
-0.6466666666666666,-0.6533333333333333,0.06441431966229157,0.8857142857142857,7.0,8.0,2.0,15.0
-0.58,-0.58,0.029336604313605238,0.9428571428571428,9.0,11.0,2.0,15.0
-0.6333333333333333,-0.6066666666666667,0.02903924247070522,0.9142857142857143,8.0,8.0,2.0,15.0
-0.6266666666666667,-0.6333333333333333,0.013727641895242467,0.8857142857142857,7.0,8.0,2.0,15.0
-0.5933333333333334,-0.6,0.1050692591212789,0.8857142857142857,7.0,8.0,2.0,15.0
-0.58,-0.5866666666666667,0.03454972912194624,0.9142857142857143,8.0,11.0,2.0,15.0
-0.5666666666666667,-0.58,0.03495860165593377,0.9428571428571428,9.0,11.0,2.0,15.0
-0.56,-0.58,0.031892057651027296,0.9714285714285714,10.0,11.0,2.0,15.0
-0.6533333333333333,-0.6266666666666667,0.0628303609820713,0.8857142857142857,7.0,8.0,2.0,15.0
-0.6466666666666666,-0.5866666666666667,0.08944086680977209,0.9428571428571428,9.0,11.0,2.0,15.0
-0.56,-0.5866666666666667,0.026270060308698766,0.9714285714285714,10.0,11.0,2.0,15.0
-0.56,-0.5733333333333334,0.04937135847899419,0.9428571428571428,9.0,11.0,2.0,15.0
-0.5933333333333334,-0.5866666666666667,0.08944086680977209,0.9428571428571428,9.0,11.0,2.0,15.0
-0.64,-0.6266666666666667,0.03643104964506655,0.8857142857142857,7.0,8.0,2.0,15.0
-0.6333333333333333,-0.6333333333333333,0.030623201150925507,0.9142857142857143,8.0,8.0,2.0,15.0
-0.62,-0.62,0.0718061268366529,0.8857142857142857,7.0,8.0,2.0,15.0
-0.56,-0.5866666666666667,0.03138096698354289,0.9428571428571428,9.0,11.0,2.0,15.0
-0.6266666666666667,-0.62,0.05860647116815053,0.9142857142857143,8.0,8.0,2.0,15.0
-0.5733333333333334,-0.58,0.019625881631401415,0.9428571428571428,9.0,11.0,2.0,15.0
-0.5533333333333333,-0.5733333333333334,0.06357967903506083,0.9714285714285714,10.0,11.0,2.0,15.0
-0.6333333333333333,-0.6333333333333333,0.04804674663334863,0.8857142857142857,7.0,8.0,2.0,15.0
-0.7,-0.6866666666666666,0.02798327001722503,0.8571428571428571,6.0,8.0,2.0,15.0
-0.6333333333333333,-0.6333333333333333,0.04804674663334863,0.8857142857142857,7.0,8.0,2.0,15.0
-0.6466666666666666,-0.5866666666666667,0.013083921087600944,0.9142857142857143,8.0,11.0,2.0,15.0
-0.66,-0.62,0.04540681549964815,0.9142857142857143,8.0,8.0,2.0,15.0
-0.6333333333333333,-0.64,0.016367573028942935,0.8857142857142857,7.0,8.0,2.0,15.0
-0.5666666666666667,-0.58,0.019728099764898296,0.9428571428571428,9.0,11.0,2.0,15.0
-0.5933333333333334,-0.5866666666666667,0.022692425636307887,0.9428571428571428,9.0,11.0,2.0,15.0
-0.62,-0.62,0.020063476616123604,0.8857142857142857,7.0,8.0,2.0,15.0
-0.56,-0.5733333333333334,0.04937135847899419,0.9428571428571428,9.0,11.0,2.0,15.0
-0.6066666666666667,-0.6,0.07550203042383358,0.9142857142857143,8.0,8.0,2.0,15.0
-0.56,-0.58,0.056424409690279065,0.9428571428571428,9.0,11.0,2.0,15.0
-0.56,-0.5733333333333334,0.05499335582132272,0.9714285714285714,10.0,11.0,2.0,15.0
-0.62,-0.6,0.023759380203304266,0.8857142857142857,7.0,8.0,2.0,15.0
-0.6333333333333333,-0.6333333333333333,0.023231393976564173,0.8857142857142857,7.0,8.0,2.0,15.0
-0.5733333333333334,-0.58,0.020443626699376476,0.9714285714285714,10.0,11.0,2.0,15.0
-0.5733333333333334,-0.5733333333333334,0.02637227844219565,0.9714285714285714,10.0,11.0,2.0,15.0
-0.58,-0.5866666666666667,0.026270060308698766,0.9714285714285714,10.0,11.0,2.0,15.0
-0.6266666666666667,-0.6333333333333333,0.006335834720881137,0.8857142857142857,7.0,8.0,2.0,15.0
-0.62,-0.6266666666666667,0.060190429848370815,0.8857142857142857,7.0,8.0,2.0,15.0
-0.6733333333333333,-0.6533333333333333,0.023231393976564173,0.8857142857142857,7.0,8.0,2.0,15.0
-0.6466666666666666,-0.62,0.035375077191586356,0.8857142857142857,7.0,8.0,2.0,15.0
-0.62,-0.6266666666666667,0.023231393976564173,0.8857142857142857,7.0,8.0,2.0,15.0
-0.56,-0.58,0.056424409690279065,0.9428571428571428,9.0,11.0,2.0,15.0
-0.6066666666666667,-0.5733333333333334,0.023759380203304262,0.7714285714285715,3.0,8.0,2.0,15.0
-0.6466666666666666,-0.66,0.03748702209854673,0.8857142857142857,7.0,8.0,2.0,15.0
-0.62,-0.62,0.01319965566850237,0.9142857142857143,8.0,8.0,2.0,15.0
-0.5666666666666667,-0.58,0.049780231012981714,0.9714285714285714,10.0,11.0,2.0,15.0
-0.6333333333333333,-0.62,0.05860647116815053,0.9142857142857143,8.0,8.0,2.0,15.0
-0.6,-0.5666666666666667,0.05744659102524788,0.9714285714285714,10.0,11.0,2.0,15.0
-0.58,-0.58,0.02892773177961771,0.9428571428571428,9.0,11.0,2.0,15.0
-0.56,-0.58,0.026883369109680064,0.9714285714285714,10.0,11.0,2.0,15.0
-0.5666666666666667,-0.58,0.038127363794337114,0.9428571428571428,9.0,11.0,2.0,15.0
-0.5733333333333334,-0.58,0.05192681181641625,0.9428571428571428,9.0,11.0,2.0,15.0
-0.5666666666666667,-0.58,0.02115915363385465,0.9714285714285714,10.0,11.0,2.0,15.0
-0.56,-0.58,0.020443626699376476,0.9714285714285714,10.0,11.0,2.0,15.0
-0.56,-0.5733333333333334,0.023816825104773592,0.9428571428571428,9.0,11.0,2.0,15.0
-0.5866666666666667,-0.5866666666666667,0.08944086680977209,0.9428571428571428,9.0,11.0,2.0,15.0
-0.56,-0.5866666666666667,0.08944086680977209,0.9428571428571428,9.0,11.0,2.0,15.0
-0.5666666666666667,-0.58,0.02984769498108965,0.9428571428571428,9.0,11.0,2.0,15.0
-0.6533333333333333,-0.64,0.04699077417986843,0.8857142857142857,7.0,8.0,2.0,15.0
-0.5533333333333333,-0.5733333333333334,0.05499335582132272,0.9714285714285714,10.0,11.0,2.0,15.0
-0.58,-0.5733333333333334,0.02228355310232036,0.9714285714285714,10.0,11.0,2.0,15.0
-0.62,-0.6,0.0406549394589873,0.8857142857142857,7.0,8.0,2.0,15.0
-0.62,-0.62,0.017423545482423128,0.8857142857142857,7.0,8.0,2.0,15.0
-0.64,-0.6333333333333333,0.04329487059268777,0.8857142857142857,7.0,8.0,2.0,15.0
-0.6333333333333333,-0.5733333333333334,0.03403863845446183,0.9714285714285714,10.0,11.0,2.0,15.0
-0.5733333333333334,-0.58,0.026883369109680064,0.9714285714285714,10.0,11.0,2.0,15.0
-0.5733333333333334,-0.5866666666666667,0.022692425636307887,0.9428571428571428,9.0,11.0,2.0,15.0
-0.66,-0.66,0.024815352656784456,0.8857142857142857,7.0,8.0,2.0,15.0
-0.5666666666666667,-0.58,0.029336604313605238,0.9428571428571428,9.0,11.0,2.0,15.0
-0.56,-0.5866666666666667,0.026270060308698766,0.9714285714285714,10.0,11.0,2.0,15.0
-0.5733333333333334,-0.5866666666666667,0.03138096698354289,0.9428571428571428,9.0,11.0,2.0,15.0
-0.6333333333333333,-0.6333333333333333,0.006335834720881137,0.8857142857142857,7.0,8.0,2.0,15.0
-0.5666666666666667,-0.58,0.026883369109680064,0.9714285714285714,10.0,11.0,2.0,15.0
-0.6133333333333333,-0.6266666666666667,0.023231393976564173,0.8857142857142857,7.0,8.0,2.0,15.0
-0.5666666666666667,-0.58,0.029336604313605238,0.9428571428571428,9.0,11.0,2.0,15.0
-0.5466666666666666,-0.5733333333333334,0.022692425636307884,0.9714285714285714,10.0,11.0,2.0,15.0
-0.5533333333333333,-0.5733333333333334,0.022692425636307884,0.9714285714285714,10.0,11.0,2.0,15.0
-0.5666666666666667,-0.58,0.031892057651027296,0.9714285714285714,10.0,11.0,2.0,15.0
-0.6466666666666666,-0.64,0.029567228697445307,0.8857142857142857,7.0,8.0,2.0,15.0
-0.56,-0.5733333333333334,0.02228355310232036,0.9714285714285714,10.0,11.0,2.0,15.0
-0.58,-0.58,0.05192681181641625,0.9428571428571428,9.0,11.0,2.0,15.0
-0.5733333333333334,-0.5733333333333334,0.03148318511703977,0.9428571428571428,9.0,11.0,2.0,15.0
-0.5666666666666667,-0.5733333333333334,0.04937135847899419,0.9428571428571428,9.0,11.0,2.0,15.0
-0.5733333333333334,-0.58,0.02115915363385465,0.9714285714285714,10.0,11.0,2.0,15.0
-0.5466666666666666,-0.5733333333333334,0.12399059593171831,0.9714285714285714,10.0,11.0,2.0,15.0
-0.7133333333333334,-0.6866666666666666,0.02798327001722503,0.8571428571428571,6.0,8.0,2.0,15.0
-0.62,-0.5733333333333334,0.03240314831851171,0.9714285714285714,10.0,11.0,2.0,15.0
-0.5933333333333334,-0.6,0.023759380203304266,0.8857142857142857,7.0,8.0,2.0,15.0
-0.5666666666666667,-0.58,0.049780231012981714,0.9714285714285714,10.0,11.0,2.0,15.0
-0.5533333333333333,-0.5666666666666667,0.029336604313605238,0.9714285714285714,10.0,11.0,2.0,15.0
-0.5666666666666667,-0.58,0.049780231012981714,0.9714285714285714,10.0,11.0,2.0,15.0
-0.58,-0.6133333333333333,0.2807932127159359,0.9428571428571428,9.0,11.0,2.0,15.0
-0.5666666666666667,-0.58,0.049780231012981714,0.9714285714285714,10.0,11.0,2.0,15.0
-0.5666666666666667,-0.58,0.021159153633854653,0.9714285714285714,10.0,11.0,2.0,15.0
-0.5733333333333334,-0.58,0.02984769498108965,0.9428571428571428,9.0,11.0,2.0,15.0
-0.5733333333333334,-0.5733333333333334,0.0689972401103956,0.9714285714285714,10.0,11.0,2.0,15.0
-0.6133333333333333,-0.5866666666666667,0.022692425636307887,0.9428571428571428,9.0,11.0,2.0,15.0
-0.6066666666666667,-0.5866666666666667,0.03138096698354289,0.9428571428571428,9.0,11.0,2.0,15.0
-0.6466666666666666,-0.66,0.03748702209854673,0.8857142857142857,7.0,8.0,2.0,15.0
-0.5666666666666667,-0.5733333333333334,0.023816825104773592,0.9428571428571428,9.0,11.0,2.0,15.0
-0.56,-0.5733333333333334,0.02943882244710212,0.9428571428571428,9.0,11.0,2.0,15.0
-0.6266666666666667,-0.62,0.035375077191586356,0.8857142857142857,7.0,8.0,2.0,15.0
-0.5733333333333334,-0.58,0.019625881631401415,0.9428571428571428,9.0,11.0,2.0,15.0
-0.5666666666666667,-0.5733333333333334,0.040887253398752946,0.9714285714285714,10.0,11.0,2.0,15.0
-0.56,-0.5733333333333334,0.07155269344781766,0.9714285714285714,10.0,11.0,2.0,15.0
-0.6466666666666666,-0.6133333333333333,0.014255628121982562,0.9142857142857143,8.0,8.0,2.0,15.0
-0.5666666666666667,-0.5733333333333334,0.02228355310232036,0.9714285714285714,10.0,11.0,2.0,15.0
-0.5666666666666667,-0.5866666666666667,0.02299908003679853,0.9428571428571428,9.0,11.0,2.0,15.0
-0.6266666666666667,-0.5733333333333334,0.03148318511703977,0.9428571428571428,9.0,11.0,2.0,15.0
-0.5666666666666667,-0.5866666666666667,0.03138096698354289,0.9428571428571428,9.0,11.0,2.0,15.0
-0.5933333333333334,-0.6,0.1050692591212789,0.8857142857142857,7.0,8.0,2.0,15.0
-0.6266666666666667,-0.6,0.1050692591212789,0.8857142857142857,7.0,8.0,2.0,15.0
-0.5733333333333334,-0.58,0.07635694572217112,0.9428571428571428,9.0,11.0,2.0,15.0
-0.5666666666666667,-0.58,0.05192681181641625,0.9428571428571428,9.0,11.0,2.0,15.0
-0.6533333333333333,-0.66,0.008447779627841516,0.8857142857142857,7.0,8.0,2.0,15.0
-0.56,-0.5733333333333334,0.05540222835531024,0.9714285714285714,10.0,11.0,2.0,15.0
-0.6,-0.6,0.023759380203304266,0.8857142857142857,7.0,8.0,2.0,15.0
-0.66,-0.6333333333333333,0.016367573028942935,0.8857142857142857,7.0,8.0,2.0,15.0
-0.58,-0.58,0.02984769498108965,0.9428571428571428,9.0,11.0,2.0,15.0
-0.6266666666666667,-0.6,0.07550203042383358,0.9142857142857143,8.0,8.0,2.0,15.0
-0.56,-0.58,0.026883369109680064,0.9714285714285714,10.0,11.0,2.0,15.0
-0.6333333333333333,-0.6333333333333333,0.05860647116815051,0.8857142857142857,7.0,8.0,2.0,15.0
-0.5733333333333334,-0.5733333333333334,0.05540222835531024,0.9714285714285714,10.0,11.0,2.0,15.0
-0.6333333333333333,-0.6066666666666667,0.06652626456925195,0.8857142857142857,7.0,8.0,2.0,15.0
-0.6133333333333333,-0.62,0.01319965566850237,0.9142857142857143,8.0,8.0,2.0,15.0
-0.58,-0.5866666666666667,0.013083921087600944,0.9142857142857143,8.0,11.0,2.0,15.0
-0.5533333333333333,-0.5733333333333334,0.05499335582132272,0.9714285714285714,10.0,11.0,2.0,15.0
-0.6333333333333333,-0.6333333333333333,0.05860647116815051,0.8857142857142857,7.0,8.0,2.0,15.0
-0.5666666666666667,-0.5866666666666667,0.03138096698354289,0.9428571428571428,9.0,11.0,2.0,15.0
-0.6066666666666667,-0.5866666666666667,0.026270060308698766,0.9714285714285714,10.0,11.0,2.0,15.0
-0.5733333333333334,-0.58,0.02984769498108965,0.9428571428571428,9.0,11.0,2.0,15.0
-0.62,-0.6266666666666667,0.11668495610956098,0.8857142857142857,7.0,8.0,2.0,15.0
-0.56,-0.5733333333333334,0.040887253398752946,0.9714285714285714,10.0,11.0,2.0,15.0
-0.6333333333333333,-0.6,0.0311511873776656,0.9142857142857143,8.0,8.0,2.0,15.0
-0.62,-0.62,0.0718061268366529,0.8857142857142857,7.0,8.0,2.0,15.0
-0.6866666666666666,-0.6533333333333333,0.22545011881802052,0.8857142857142857,7.0,8.0,2.0,15.0
-0.5733333333333334,-0.58,0.020443626699376476,0.9714285714285714,10.0,11.0,2.0,15.0
-0.6133333333333333,-0.6266666666666667,0.036959035871806635,0.8857142857142857,7.0,8.0,2.0,15.0
-0.58,-0.58,0.049780231012981714,0.9714285714285714,10.0,11.0,2.0,15.0
-0.5933333333333334,-0.5866666666666667,0.0311511873776656,0.8857142857142857,7.0,8.0,2.0,15.0
-0.6333333333333333,-0.62,0.043294870592687766,0.8857142857142857,7.0,8.0,2.0,15.0
-0.6466666666666666,-0.6266666666666667,0.036959035871806635,0.8857142857142857,7.0,8.0,2.0,15.0
-0.6266666666666667,-0.6333333333333333,0.016367573028942935,0.8857142857142857,7.0,8.0,2.0,15.0
-0.6266666666666667,-0.62,0.017423545482423128,0.8857142857142857,7.0,8.0,2.0,15.0
-0.56,-0.5733333333333334,0.07155269344781766,0.9714285714285714,10.0,11.0,2.0,15.0
-0.5666666666666667,-0.5733333333333334,0.05499335582132272,0.9714285714285714,10.0,11.0,2.0,15.0
-0.56,-0.58,0.020443626699376476,0.9714285714285714,10.0,11.0,2.0,15.0
-0.6466666666666666,-0.6533333333333333,0.06441431966229157,0.8857142857142857,7.0,8.0,2.0,15.0
-0.62,-0.62,0.035375077191586356,0.8857142857142857,7.0,8.0,2.0,15.0
-0.68,-0.6866666666666666,0.02798327001722503,0.8571428571428571,6.0,8.0,2.0,15.0
-0.5866666666666667,-0.58,0.038127363794337114,0.9428571428571428,9.0,11.0,2.0,15.0
-0.56,-0.58,0.02984769498108965,0.9428571428571428,9.0,11.0,2.0,15.0
-0.5733333333333334,-0.5733333333333334,0.023759380203304262,0.7714285714285715,3.0,8.0,2.0,15.0
-0.5733333333333334,-0.5866666666666667,0.03454972912194624,0.9142857142857143,8.0,11.0,2.0,15.0
-0.5666666666666667,-0.5733333333333334,0.03240314831851171,0.9714285714285714,10.0,11.0,2.0,15.0
-0.5533333333333333,-0.5733333333333334,0.05192681181641625,0.9714285714285714,10.0,11.0,2.0,15.0
-0.56,-0.58,0.021159153633854653,0.9714285714285714,10.0,11.0,2.0,15.0
-0.56,-0.58,0.026883369109680064,0.9714285714285714,10.0,11.0,2.0,15.0
-0.62,-0.6266666666666667,0.036959035871806635,0.8857142857142857,7.0,8.0,2.0,15.0
-0.56,-0.5733333333333334,0.05192681181641625,0.9714285714285714,10.0,11.0,2.0,15.0
-0.5933333333333334,-0.6,0.046462787953128346,0.9142857142857143,8.0,8.0,2.0,15.0
-0.5866666666666667,-0.5666666666666667,0.029336604313605238,0.9714285714285714,10.0,11.0,2.0,15.0
-0.5866666666666667,-0.5866666666666667,0.0311511873776656,0.8857142857142857,7.0,8.0,2.0,15.0
-0.6133333333333333,-0.6266666666666667,0.036959035871806635,0.8857142857142857,7.0,8.0,2.0,15.0
-0.6733333333333333,-0.6533333333333333,0.22545011881802052,0.8857142857142857,7.0,8.0,2.0,15.0
-0.58,-0.5866666666666667,0.03454972912194624,0.9142857142857143,8.0,11.0,2.0,15.0
-0.66,-0.62,0.06547029211577174,0.8857142857142857,7.0,8.0,2.0,15.0
-0.6666666666666666,-0.6333333333333333,0.013727641895242467,0.8857142857142857,7.0,8.0,2.0,15.0
-0.58,-0.5866666666666667,0.03454972912194624,0.9142857142857143,8.0,11.0,2.0,15.0
-0.5866666666666667,-0.5733333333333334,0.040887253398752946,0.9714285714285714,10.0,11.0,2.0,15.0
-0.6466666666666666,-0.6533333333333333,0.06441431966229157,0.8857142857142857,7.0,8.0,2.0,15.0
-0.6333333333333333,-0.6333333333333333,0.07444605797035338,0.8857142857142857,7.0,8.0,2.0,15.0
-0.5533333333333333,-0.5733333333333334,0.05499335582132272,0.9714285714285714,10.0,11.0,2.0,15.0
-0.6333333333333333,-0.6333333333333333,0.09345356213299678,0.8857142857142857,7.0,8.0,2.0,15.0
-0.5733333333333334,-0.58,0.020443626699376476,0.9714285714285714,10.0,11.0,2.0,15.0
-0.6333333333333333,-0.6333333333333333,0.04329487059268777,0.8857142857142857,7.0,8.0,2.0,15.0
-0.5733333333333334,-0.58,0.015537156291526119,0.9714285714285714,10.0,11.0,2.0,15.0
-0.5933333333333334,-0.5866666666666667,0.026270060308698766,0.9714285714285714,10.0,11.0,2.0,15.0
-0.5733333333333334,-0.5866666666666667,0.022692425636307887,0.9428571428571428,9.0,11.0,2.0,15.0
-0.56,-0.5733333333333334,0.023816825104773592,0.9428571428571428,9.0,11.0,2.0,15.0
-0.56,-0.5733333333333334,0.05499335582132272,0.9714285714285714,10.0,11.0,2.0,15.0
-0.6666666666666666,-0.6533333333333333,0.08289383759819487,0.8857142857142857,7.0,8.0,2.0,15.0
-0.6266666666666667,-0.62,0.020063476616123604,0.8857142857142857,7.0,8.0,2.0,15.0
-0.6533333333333333,-0.6333333333333333,0.024815352656784456,0.9142857142857143,8.0,8.0,2.0,15.0
-0.6266666666666667,-0.62,0.05860647116815053,0.9142857142857143,8.0,8.0,2.0,15.0
-0.6333333333333333,-0.6333333333333333,0.07444605797035338,0.8857142857142857,7.0,8.0,2.0,15.0
-0.5666666666666667,-0.58,0.019625881631401415,0.9428571428571428,9.0,11.0,2.0,15.0
-0.62,-0.6266666666666667,0.06547029211577174,0.8857142857142857,7.0,8.0,2.0,15.0
-0.62,-0.6266666666666667,0.05491056758096985,0.8857142857142857,7.0,8.0,2.0,15.0
-0.6133333333333333,-0.62,0.035375077191586356,0.8857142857142857,7.0,8.0,2.0,15.0
-0.64,-0.6333333333333333,0.013727641895242467,0.8857142857142857,7.0,8.0,2.0,15.0
-0.5666666666666667,-0.58,0.019728099764898296,0.9428571428571428,9.0,11.0,2.0,15.0
-0.6533333333333333,-0.6333333333333333,0.03695903587180664,0.9142857142857143,8.0,8.0,2.0,15.0
-0.5666666666666667,-0.58,0.038127363794337114,0.9428571428571428,9.0,11.0,2.0,15.0
-0.5933333333333334,-0.6,0.0406549394589873,0.8857142857142857,7.0,8.0,2.0,15.0
-0.58,-0.58,0.031892057651027296,0.9714285714285714,10.0,11.0,2.0,15.0
-0.5733333333333334,-0.5733333333333334,0.12399059593171831,0.9714285714285714,10.0,11.0,2.0,15.0
-0.64,-0.64,0.016367573028942935,0.8857142857142857,7.0,8.0,2.0,15.0
-0.5666666666666667,-0.58,0.02984769498108965,0.9428571428571428,9.0,11.0,2.0,15.0
-0.6066666666666667,-0.6,0.0311511873776656,0.9142857142857143,8.0,8.0,2.0,15.0
-0.6333333333333333,-0.6266666666666667,0.060190429848370815,0.8857142857142857,7.0,8.0,2.0,15.0
-0.5666666666666667,-0.58,0.019728099764898296,0.9428571428571428,9.0,11.0,2.0,15.0
-0.56,-0.5666666666666667,0.03393642032096494,0.9714285714285714,10.0,11.0,2.0,15.0
-0.62,-0.62,0.01319965566850237,0.9142857142857143,8.0,8.0,2.0,15.0
-0.6466666666666666,-0.62,0.035375077191586356,0.8857142857142857,7.0,8.0,2.0,15.0
-0.5733333333333334,-0.58,0.031892057651027296,0.9714285714285714,10.0,11.0,2.0,15.0
-0.5733333333333334,-0.5866666666666667,0.022692425636307887,0.9428571428571428,9.0,11.0,2.0,15.0
-0.56,-0.58,0.021159153633854653,0.9714285714285714,10.0,11.0,2.0,15.0
-0.6266666666666667,-0.62,0.020063476616123604,0.8857142857142857,7.0,8.0,2.0,15.0
-0.56,-0.5733333333333334,0.06357967903506083,0.9714285714285714,10.0,11.0,2.0,15.0
-0.6333333333333333,-0.6066666666666667,0.060190429848370815,0.8857142857142857,7.0,8.0,2.0,15.0
-0.5733333333333334,-0.5733333333333334,0.03240314831851171,0.9714285714285714,10.0,11.0,2.0,15.0
-0.5666666666666667,-0.58,0.015537156291526119,0.9714285714285714,10.0,11.0,2.0,15.0
-0.5866666666666667,-0.58,0.019728099764898296,0.9428571428571428,9.0,11.0,2.0,15.0
-0.6266666666666667,-0.5866666666666667,0.022692425636307887,0.9428571428571428,9.0,11.0,2.0,15.0
-0.56,-0.5733333333333334,0.03403863845446183,0.9714285714285714,10.0,11.0,2.0,15.0
-0.58,-0.58,0.027905550444648892,0.9714285714285714,10.0,11.0,2.0,15.0
-0.5666666666666667,-0.58,0.031892057651027296,0.9714285714285714,10.0,11.0,2.0,15.0
-0.5533333333333333,-0.5666666666666667,0.05744659102524788,0.9714285714285714,10.0,11.0,2.0,15.0
-0.5466666666666666,-0.5666666666666667,0.029336604313605238,0.9714285714285714,10.0,11.0,2.0,15.0
-0.6466666666666666,-0.6266666666666667,0.06547029211577174,0.8857142857142857,7.0,8.0,2.0,15.0
-0.5733333333333334,-0.5733333333333334,0.0689972401103956,0.9714285714285714,10.0,11.0,2.0,15.0
-0.5733333333333334,-0.58,0.02984769498108965,0.9428571428571428,9.0,11.0,2.0,15.0
-0.56,-0.5733333333333334,0.07155269344781766,0.9714285714285714,10.0,11.0,2.0,15.0
-0.5666666666666667,-0.5866666666666667,0.026270060308698766,0.9714285714285714,10.0,11.0,2.0,15.0
-0.6333333333333333,-0.6333333333333333,0.04804674663334863,0.8857142857142857,7.0,8.0,2.0,15.0
-0.6333333333333333,-0.6266666666666667,0.014255628121982562,0.8857142857142857,7.0,8.0,2.0,15.0
-0.6,-0.5866666666666667,0.01953549038938351,0.9142857142857143,8.0,8.0,2.0,15.0
-0.6666666666666666,-0.66,0.03748702209854673,0.8857142857142857,7.0,8.0,2.0,15.0
-0.58,-0.58,0.019728099764898296,0.9428571428571428,9.0,11.0,2.0,15.0
-0.6466666666666666,-0.6133333333333333,0.2807932127159359,0.9428571428571428,9.0,11.0,2.0,15.0
-0.56,-0.58,0.06061535316365124,0.9428571428571428,9.0,11.0,2.0,15.0
-0.6133333333333333,-0.62,0.06547029211577174,0.8857142857142857,7.0,8.0,2.0,15.0
-0.6266666666666667,-0.6066666666666667,0.06652626456925195,0.8857142857142857,7.0,8.0,2.0,15.0
-0.62,-0.6266666666666667,0.06547029211577174,0.8857142857142857,7.0,8.0,2.0,15.0
-0.6133333333333333,-0.5733333333333334,0.04937135847899419,0.9428571428571428,9.0,11.0,2.0,15.0
-0.66,-0.6533333333333333,0.06441431966229157,0.8857142857142857,7.0,8.0,2.0,15.0
-0.6333333333333333,-0.6266666666666667,0.045406815499648166,0.8857142857142857,7.0,8.0,2.0,15.0
-0.62,-0.6266666666666667,0.11668495610956098,0.8857142857142857,7.0,8.0,2.0,15.0
-0.5733333333333334,-0.5733333333333334,0.02637227844219565,0.9714285714285714,10.0,11.0,2.0,15.0
-0.58,-0.58,0.015537156291526119,0.9714285714285714,10.0,11.0,2.0,15.0
-0.6133333333333333,-0.5733333333333334,0.03240314831851171,0.9714285714285714,10.0,11.0,2.0,15.0
-0.5933333333333334,-0.58,0.019728099764898296,0.9428571428571428,9.0,11.0,2.0,15.0
-0.5666666666666667,-0.5866666666666667,0.022692425636307887,0.9428571428571428,9.0,11.0,2.0,15.0
-0.5666666666666667,-0.58,0.02637227844219565,0.9428571428571428,9.0,11.0,2.0,15.0
-0.66,-0.6333333333333333,0.07444605797035338,0.8857142857142857,7.0,8.0,2.0,15.0
-0.5533333333333333,-0.5666666666666667,0.029336604313605238,0.9714285714285714,10.0,11.0,2.0,15.0
-0.6,-0.6133333333333333,0.2807932127159359,0.9428571428571428,9.0,11.0,2.0,15.0
-0.5866666666666667,-0.5866666666666667,0.04540681549964815,0.9142857142857143,8.0,8.0,2.0,15.0
-0.6333333333333333,-0.64,0.04699077417986843,0.8857142857142857,7.0,8.0,2.0,15.0
-0.66,-0.6533333333333333,0.22545011881802052,0.8857142857142857,7.0,8.0,2.0,15.0
-0.5733333333333334,-0.58,0.049882449146478595,0.9714285714285714,10.0,11.0,2.0,15.0
-0.58,-0.58,0.029336604313605238,0.9428571428571428,9.0,11.0,2.0,15.0
-0.5666666666666667,-0.58,0.019728099764898296,0.9428571428571428,9.0,11.0,2.0,15.0
-0.5733333333333334,-0.5866666666666667,0.013083921087600944,0.9142857142857143,8.0,11.0,2.0,15.0
-0.5733333333333334,-0.58,0.02115915363385465,0.9714285714285714,10.0,11.0,2.0,15.0
-0.66,-0.6333333333333333,0.023231393976564173,0.8857142857142857,7.0,8.0,2.0,15.0
-0.6066666666666667,-0.6066666666666667,0.02903924247070522,0.9142857142857143,8.0,8.0,2.0,15.0
-0.6333333333333333,-0.62,0.020063476616123604,0.8857142857142857,7.0,8.0,2.0,15.0
-0.5666666666666667,-0.58,0.06061535316365124,0.9428571428571428,9.0,11.0,2.0,15.0
-0.5733333333333334,-0.58,0.02892773177961771,0.9428571428571428,9.0,11.0,2.0,15.0
-0.6333333333333333,-0.6333333333333333,0.09345356213299678,0.8857142857142857,7.0,8.0,2.0,15.0
-0.64,-0.6333333333333333,0.024815352656784456,0.9142857142857143,8.0,8.0,2.0,15.0
-0.6466666666666666,-0.6266666666666667,0.060190429848370815,0.8857142857142857,7.0,8.0,2.0,15.0
-0.56,-0.5733333333333334,0.04937135847899419,0.9428571428571428,9.0,11.0,2.0,15.0
-0.5733333333333334,-0.58,0.031892057651027296,0.9714285714285714,10.0,11.0,2.0,15.0
-0.66,-0.62,0.035375077191586356,0.8857142857142857,7.0,8.0,2.0,15.0
-0.6133333333333333,-0.5733333333333334,0.12399059593171831,0.9714285714285714,10.0,11.0,2.0,15.0
-0.6266666666666667,-0.6333333333333333,0.03695903587180664,0.9142857142857143,8.0,8.0,2.0,15.0
-0.5733333333333334,-0.5866666666666667,0.022692425636307887,0.9428571428571428,9.0,11.0,2.0,15.0
-0.56,-0.58,0.029336604313605238,0.9428571428571428,9.0,11.0,2.0,15.0
-0.5666666666666667,-0.5733333333333334,0.040887253398752946,0.9714285714285714,10.0,11.0,2.0,15.0
-0.6066666666666667,-0.6066666666666667,0.02903924247070522,0.9142857142857143,8.0,8.0,2.0,15.0
-0.5733333333333334,-0.5666666666666667,0.029336604313605238,0.9714285714285714,10.0,11.0,2.0,15.0
-0.66,-0.6866666666666666,0.02798327001722503,0.8571428571428571,6.0,8.0,2.0,15.0
-0.56,-0.58,0.07635694572217112,0.9428571428571428,9.0,11.0,2.0,15.0
-0.5866666666666667,-0.58,0.02892773177961771,0.9428571428571428,9.0,11.0,2.0,15.0
-0.5666666666666667,-0.5866666666666667,0.026270060308698766,0.9714285714285714,10.0,11.0,2.0,15.0
-0.5733333333333334,-0.5733333333333334,0.05499335582132272,0.9714285714285714,10.0,11.0,2.0,15.0
-0.6266666666666667,-0.6266666666666667,0.045406815499648166,0.8857142857142857,7.0,8.0,2.0,15.0
-0.5666666666666667,-0.5733333333333334,0.02943882244710212,0.9428571428571428,9.0,11.0,2.0,15.0
-0.5666666666666667,-0.58,0.02637227844219565,0.9428571428571428,9.0,11.0,2.0,15.0
-0.58,-0.5866666666666667,0.03454972912194624,0.9142857142857143,8.0,11.0,2.0,15.0
-0.6,-0.5866666666666667,0.04540681549964815,0.9142857142857143,8.0,8.0,2.0,15.0
-0.62,-0.6266666666666667,0.045406815499648166,0.8857142857142857,7.0,8.0,2.0,15.0
-0.6066666666666667,-0.6066666666666667,0.06652626456925195,0.8857142857142857,7.0,8.0,2.0,15.0
-0.56,-0.5733333333333334,0.05499335582132272,0.9714285714285714,10.0,11.0,2.0,15.0
-0.6,-0.6066666666666667,0.060190429848370815,0.8857142857142857,7.0,8.0,2.0,15.0
-0.5666666666666667,-0.5733333333333334,0.05192681181641625,0.9714285714285714,10.0,11.0,2.0,15.0
-0.64,-0.64,0.029567228697445307,0.8857142857142857,7.0,8.0,2.0,15.0
-0.5733333333333334,-0.58,0.027905550444648892,0.9714285714285714,10.0,11.0,2.0,15.0
-0.6666666666666666,-0.66,0.03748702209854673,0.8857142857142857,7.0,8.0,2.0,15.0
-0.58,-0.5733333333333334,0.02637227844219565,0.9714285714285714,10.0,11.0,2.0,15.0
-0.56,-0.5733333333333334,0.02943882244710212,0.9428571428571428,9.0,11.0,2.0,15.0
-0.6666666666666666,-0.6333333333333333,0.02481535265678446,0.8857142857142857,7.0,8.0,2.0,15.0
-0.56,-0.5733333333333334,0.040887253398752946,0.9714285714285714,10.0,11.0,2.0,15.0
-0.5666666666666667,-0.5733333333333334,0.02943882244710212,0.9428571428571428,9.0,11.0,2.0,15.0
-0.56,-0.5733333333333334,0.023816825104773592,0.9428571428571428,9.0,11.0,2.0,15.0
-0.5733333333333334,-0.58,0.021159153633854653,0.9714285714285714,10.0,11.0,2.0,15.0
-0.5866666666666667,-0.5866666666666667,0.03454972912194624,0.9142857142857143,8.0,11.0,2.0,15.0
-0.66,-0.64,0.025871325110264645,0.8857142857142857,7.0,8.0,2.0,15.0
-0.62,-0.6533333333333333,0.08289383759819487,0.8857142857142857,7.0,8.0,2.0,15.0
-0.6266666666666667,-0.6266666666666667,0.0628303609820713,0.8857142857142857,7.0,8.0,2.0,15.0
-0.6333333333333333,-0.6333333333333333,0.02481535265678446,0.8857142857142857,7.0,8.0,2.0,15.0
-0.66,-0.6266666666666667,0.048574732860088725,0.8857142857142857,7.0,8.0,2.0,15.0
-0.5866666666666667,-0.5933333333333334,0.00791979340110142,0.9142857142857143,8.0,8.0,2.0,15.0
-0.64,-0.6333333333333333,0.00791979340110142,0.8857142857142857,7.0,8.0,2.0,15.0
-0.6333333333333333,-0.6266666666666667,0.03643104964506655,0.8857142857142857,7.0,8.0,2.0,15.0
-0.56,-0.5733333333333334,0.02228355310232036,0.9714285714285714,10.0,11.0,2.0,15.0
-0.56,-0.5733333333333334,0.023816825104773592,0.9428571428571428,9.0,11.0,2.0,15.0
-0.5666666666666667,-0.5733333333333334,0.03403863845446183,0.9714285714285714,10.0,11.0,2.0,15.0
-0.5733333333333334,-0.5866666666666667,0.022692425636307887,0.9428571428571428,9.0,11.0,2.0,15.0
-0.5533333333333333,-0.5733333333333334,0.06357967903506083,0.9714285714285714,10.0,11.0,2.0,15.0
-0.66,-0.66,0.008447779627841516,0.8857142857142857,7.0,8.0,2.0,15.0
-0.5666666666666667,-0.5733333333333334,0.07155269344781766,0.9714285714285714,10.0,11.0,2.0,15.0
-0.6133333333333333,-0.58,0.06061535316365124,0.9428571428571428,9.0,11.0,2.0,15.0
-0.5933333333333334,-0.6,0.08711772741211564,0.9142857142857143,8.0,8.0,2.0,15.0
-0.5733333333333334,-0.58,0.049882449146478595,0.9714285714285714,10.0,11.0,2.0,15.0
-0.6266666666666667,-0.6066666666666667,0.060190429848370815,0.8857142857142857,7.0,8.0,2.0,15.0
-0.56,-0.58,0.05192681181641625,0.9428571428571428,9.0,11.0,2.0,15.0
-0.62,-0.6133333333333333,0.2807932127159359,0.9428571428571428,9.0,11.0,2.0,15.0
-0.6533333333333333,-0.66,0.03748702209854673,0.8857142857142857,7.0,8.0,2.0,15.0
-0.58,-0.58,0.019625881631401415,0.9428571428571428,9.0,11.0,2.0,15.0
-0.66,-0.6266666666666667,0.11668495610956098,0.8857142857142857,7.0,8.0,2.0,15.0
-0.5933333333333334,-0.5733333333333334,0.02637227844219565,0.9714285714285714,10.0,11.0,2.0,15.0
-0.66,-0.6333333333333333,0.05860647116815051,0.8857142857142857,7.0,8.0,2.0,15.0
-0.5666666666666667,-0.58,0.049882449146478595,0.9714285714285714,10.0,11.0,2.0,15.0
-0.62,-0.6333333333333333,0.006335834720881137,0.8857142857142857,7.0,8.0,2.0,15.0
-0.5533333333333333,-0.58,0.06061535316365124,0.9428571428571428,9.0,11.0,2.0,15.0
-0.58,-0.5866666666666667,0.022692425636307887,0.9428571428571428,9.0,11.0,2.0,15.0
-0.6333333333333333,-0.64,0.04699077417986843,0.8857142857142857,7.0,8.0,2.0,15.0
-0.6333333333333333,-0.6333333333333333,0.09345356213299678,0.8857142857142857,7.0,8.0,2.0,15.0
-0.6266666666666667,-0.6266666666666667,0.060190429848370815,0.8857142857142857,7.0,8.0,2.0,15.0
-0.58,-0.58,0.027905550444648892,0.9714285714285714,10.0,11.0,2.0,15.0
-0.58,-0.5733333333333334,0.03148318511703977,0.9428571428571428,9.0,11.0,2.0,15.0
-0.62,-0.62,0.043294870592687766,0.8857142857142857,7.0,8.0,2.0,15.0
-0.5933333333333334,-0.6,0.046462787953128346,0.9142857142857143,8.0,8.0,2.0,15.0
-0.56,-0.5733333333333334,0.05499335582132272,0.9714285714285714,10.0,11.0,2.0,15.0
-0.56,-0.5733333333333334,0.040887253398752946,0.9714285714285714,10.0,11.0,2.0,15.0
-0.6666666666666666,-0.6333333333333333,0.02481535265678446,0.8857142857142857,7.0,8.0,2.0,15.0
-0.62,-0.6333333333333333,0.006335834720881137,0.8857142857142857,7.0,8.0,2.0,15.0
-0.6266666666666667,-0.62,0.020063476616123604,0.8857142857142857,7.0,8.0,2.0,15.0
-0.62,-0.58,0.05192681181641625,0.9428571428571428,9.0,11.0,2.0,15.0
-0.66,-0.62,0.07233411306339299,0.8857142857142857,7.0,8.0,2.0,15.0
-0.56,-0.58,0.02892773177961771,0.9428571428571428,9.0,11.0,2.0,15.0
-0.5666666666666667,-0.58,0.02115915363385465,0.9714285714285714,10.0,11.0,2.0,15.0
-0.58,-0.58,0.019625881631401415,0.9428571428571428,9.0,11.0,2.0,15.0
-0.7,-0.66,0.024815352656784456,0.8857142857142857,7.0,8.0,2.0,15.0
-0.56,-0.5733333333333334,0.03148318511703977,0.9428571428571428,9.0,11.0,2.0,15.0
-0.66,-0.6333333333333333,0.04804674663334863,0.8857142857142857,7.0,8.0,2.0,15.0
-0.56,-0.5666666666666667,0.05744659102524788,0.9714285714285714,10.0,11.0,2.0,15.0
-0.6866666666666666,-0.66,0.008447779627841516,0.8857142857142857,7.0,8.0,2.0,15.0
-0.62,-0.6266666666666667,0.0047518760406608535,0.8857142857142857,7.0,8.0,2.0,15.0
-0.5733333333333334,-0.5733333333333334,0.05192681181641625,0.9714285714285714,10.0,11.0,2.0,15.0
-0.6733333333333333,-0.64,0.04699077417986843,0.8857142857142857,7.0,8.0,2.0,15.0
-0.66,-0.6066666666666667,0.04276688436594769,0.9142857142857143,8.0,8.0,2.0,15.0
-0.66,-0.6333333333333333,0.023231393976564173,0.8857142857142857,7.0,8.0,2.0,15.0
-0.5666666666666667,-0.5733333333333334,0.02943882244710212,0.9428571428571428,9.0,11.0,2.0,15.0
-0.5933333333333334,-0.6,0.08711772741211564,0.9142857142857143,8.0,8.0,2.0,15.0
-0.56,-0.58,0.027905550444648892,0.9714285714285714,10.0,11.0,2.0,15.0
-0.5666666666666667,-0.58,0.021159153633854653,0.9714285714285714,10.0,11.0,2.0,15.0
-0.56,-0.58,0.020443626699376476,0.9714285714285714,10.0,11.0,2.0,15.0
-0.6333333333333333,-0.6266666666666667,0.036959035871806635,0.8857142857142857,7.0,8.0,2.0,15.0
-0.6333333333333333,-0.6333333333333333,0.02481535265678446,0.8857142857142857,7.0,8.0,2.0,15.0
-0.56,-0.58,0.07635694572217112,0.9428571428571428,9.0,11.0,2.0,15.0
-0.6066666666666667,-0.58,0.019625881631401415,0.9428571428571428,9.0,11.0,2.0,15.0
-0.6066666666666667,-0.58,0.026883369109680064,0.9714285714285714,10.0,11.0,2.0,15.0
-0.5666666666666667,-0.58,0.019728099764898296,0.9428571428571428,9.0,11.0,2.0,15.0
-0.6333333333333333,-0.64,0.025871325110264645,0.8857142857142857,7.0,8.0,2.0,15.0
-0.6333333333333333,-0.6333333333333333,0.006335834720881137,0.8857142857142857,7.0,8.0,2.0,15.0
-0.6066666666666667,-0.6133333333333333,0.0813098789179746,0.9142857142857143,8.0,8.0,2.0,15.0
-0.5666666666666667,-0.58,0.03495860165593377,0.9428571428571428,9.0,11.0,2.0,15.0
-0.6466666666666666,-0.6533333333333333,0.08289383759819487,0.8857142857142857,7.0,8.0,2.0,15.0
-0.62,-0.62,0.07233411306339299,0.8857142857142857,7.0,8.0,2.0,15.0
-0.56,-0.5733333333333334,0.03148318511703977,0.9428571428571428,9.0,11.0,2.0,15.0
-0.7333333333333333,-0.6533333333333333,0.22545011881802052,0.8857142857142857,7.0,8.0,2.0,15.0
-0.5533333333333333,-0.5733333333333334,0.02943882244710212,0.9428571428571428,9.0,11.0,2.0,15.0
-0.5866666666666667,-0.5866666666666667,0.022692425636307887,0.9428571428571428,9.0,11.0,2.0,15.0
-0.6866666666666666,-0.64,0.029567228697445307,0.8857142857142857,7.0,8.0,2.0,15.0
-0.56,-0.58,0.026883369109680064,0.9714285714285714,10.0,11.0,2.0,15.0
-0.5733333333333334,-0.58,0.038127363794337114,0.9428571428571428,9.0,11.0,2.0,15.0
-0.6333333333333333,-0.6333333333333333,0.039598967005507114,0.9142857142857143,8.0,8.0,2.0,15.0
-0.58,-0.5866666666666667,0.02299908003679853,0.9428571428571428,9.0,11.0,2.0,15.0
-0.62,-0.6266666666666667,0.045406815499648166,0.8857142857142857,7.0,8.0,2.0,15.0
-0.6266666666666667,-0.6266666666666667,0.023231393976564173,0.8857142857142857,7.0,8.0,2.0,15.0
-0.58,-0.5866666666666667,0.022692425636307887,0.9428571428571428,9.0,11.0,2.0,15.0
-0.5933333333333334,-0.6,0.07550203042383358,0.9142857142857143,8.0,8.0,2.0,15.0
-0.6133333333333333,-0.6066666666666667,0.04276688436594769,0.9142857142857143,8.0,8.0,2.0,15.0
-0.5666666666666667,-0.5733333333333334,0.03403863845446183,0.9714285714285714,10.0,11.0,2.0,15.0
-0.58,-0.58,0.031892057651027296,0.9714285714285714,10.0,11.0,2.0,15.0
-0.5533333333333333,-0.5666666666666667,0.029336604313605238,0.9714285714285714,10.0,11.0,2.0,15.0
-0.62,-0.6333333333333333,0.006335834720881137,0.8857142857142857,7.0,8.0,2.0,15.0
-0.56,-0.5733333333333334,0.07155269344781766,0.9714285714285714,10.0,11.0,2.0,15.0
-0.6266666666666667,-0.62,0.035375077191586356,0.8857142857142857,7.0,8.0,2.0,15.0
-0.5666666666666667,-0.5733333333333334,0.03403863845446183,0.9714285714285714,10.0,11.0,2.0,15.0
-0.6333333333333333,-0.6333333333333333,0.006335834720881137,0.8857142857142857,7.0,8.0,2.0,15.0
-0.6266666666666667,-0.6333333333333333,0.00791979340110142,0.8857142857142857,7.0,8.0,2.0,15.0
-0.5666666666666667,-0.5666666666666667,0.05744659102524788,0.9714285714285714,10.0,11.0,2.0,15.0
-0.6466666666666666,-0.6333333333333333,0.006335834720881137,0.8857142857142857,7.0,8.0,2.0,15.0
-0.6266666666666667,-0.6266666666666667,0.048574732860088725,0.8857142857142857,7.0,8.0,2.0,15.0
-0.5666666666666667,-0.58,0.031892057651027296,0.9714285714285714,10.0,11.0,2.0,15.0
-0.5533333333333333,-0.5733333333333334,0.05499335582132272,0.9714285714285714,10.0,11.0,2.0,15.0
-0.5666666666666667,-0.58,0.020443626699376476,0.9714285714285714,10.0,11.0,2.0,15.0
-0.5666666666666667,-0.58,0.021159153633854653,0.9714285714285714,10.0,11.0,2.0,15.0
-0.5666666666666667,-0.5733333333333334,0.022692425636307884,0.9714285714285714,10.0,11.0,2.0,15.0
-0.62,-0.6266666666666667,0.060190429848370815,0.8857142857142857,7.0,8.0,2.0,15.0
-0.62,-0.5733333333333334,0.05192681181641625,0.9714285714285714,10.0,11.0,2.0,15.0
-0.5933333333333334,-0.6,0.07550203042383358,0.9142857142857143,8.0,8.0,2.0,15.0
-0.6533333333333333,-0.66,0.024815352656784456,0.8857142857142857,7.0,8.0,2.0,15.0
-0.66,-0.6266666666666667,0.06547029211577174,0.8857142857142857,7.0,8.0,2.0,15.0
-0.62,-0.5866666666666667,0.01953549038938351,0.9142857142857143,8.0,8.0,2.0,15.0
-0.6266666666666667,-0.62,0.020063476616123604,0.8857142857142857,7.0,8.0,2.0,15.0
-0.6333333333333333,-0.6333333333333333,0.024815352656784456,0.9142857142857143,8.0,8.0,2.0,15.0
-0.5866666666666667,-0.6133333333333333,0.2807932127159359,0.9428571428571428,9.0,11.0,2.0,15.0
-0.5866666666666667,-0.6133333333333333,0.2807932127159359,0.9428571428571428,9.0,11.0,2.0,15.0
-0.5733333333333334,-0.5866666666666667,0.03454972912194624,0.9142857142857143,8.0,11.0,2.0,15.0
-0.5733333333333334,-0.6133333333333333,0.2807932127159359,0.9428571428571428,9.0,11.0,2.0,15.0
-0.5666666666666667,-0.5733333333333334,0.023816825104773592,0.9428571428571428,9.0,11.0,2.0,15.0
-0.6066666666666667,-0.6133333333333333,0.0813098789179746,0.9142857142857143,8.0,8.0,2.0,15.0
-0.6266666666666667,-0.58,0.019728099764898296,0.9428571428571428,9.0,11.0,2.0,15.0
-0.66,-0.5866666666666667,0.022692425636307887,0.9428571428571428,9.0,11.0,2.0,15.0
-0.5866666666666667,-0.5933333333333334,0.00791979340110142,0.9142857142857143,8.0,8.0,2.0,15.0
-0.56,-0.5733333333333334,0.12399059593171831,0.9714285714285714,10.0,11.0,2.0,15.0
-0.5933333333333334,-0.5866666666666667,0.08944086680977209,0.9428571428571428,9.0,11.0,2.0,15.0
-0.6,-0.6133333333333333,0.0813098789179746,0.9142857142857143,8.0,8.0,2.0,15.0
-0.5666666666666667,-0.58,0.027905550444648892,0.9714285714285714,10.0,11.0,2.0,15.0
-0.5733333333333334,-0.5733333333333334,0.12399059593171831,0.9714285714285714,10.0,11.0,2.0,15.0
-0.56,-0.58,0.031892057651027296,0.9714285714285714,10.0,11.0,2.0,15.0
-0.5733333333333334,-0.58,0.02115915363385465,0.9714285714285714,10.0,11.0,2.0,15.0
-0.56,-0.58,0.029336604313605238,0.9428571428571428,9.0,11.0,2.0,15.0
-0.6466666666666666,-0.6333333333333333,0.024815352656784456,0.9142857142857143,8.0,8.0,2.0,15.0
-0.5666666666666667,-0.5866666666666667,0.026270060308698766,0.9714285714285714,10.0,11.0,2.0,15.0
-0.5733333333333334,-0.58,0.021159153633854653,0.9714285714285714,10.0,11.0,2.0,15.0
-0.6466666666666666,-0.6133333333333333,0.2807932127159359,0.9428571428571428,9.0,11.0,2.0,15.0
-0.6333333333333333,-0.6266666666666667,0.023231393976564173,0.8857142857142857,7.0,8.0,2.0,15.0
-0.6466666666666666,-0.6266666666666667,0.014255628121982562,0.8857142857142857,7.0,8.0,2.0,15.0
-0.64,-0.6333333333333333,0.05491056758096987,0.8857142857142857,7.0,8.0,2.0,15.0
-0.56,-0.5733333333333334,0.04937135847899419,0.9428571428571428,9.0,11.0,2.0,15.0
-0.5666666666666667,-0.5733333333333334,0.040887253398752946,0.9714285714285714,10.0,11.0,2.0,15.0
-0.64,-0.64,0.04699077417986843,0.8857142857142857,7.0,8.0,2.0,15.0
-0.56,-0.58,0.049780231012981714,0.9714285714285714,10.0,11.0,2.0,15.0
-0.6333333333333333,-0.6266666666666667,0.0628303609820713,0.8857142857142857,7.0,8.0,2.0,15.0
-0.5666666666666667,-0.58,0.038127363794337114,0.9428571428571428,9.0,11.0,2.0,15.0
-0.6333333333333333,-0.62,0.020063476616123604,0.8857142857142857,7.0,8.0,2.0,15.0
-0.6333333333333333,-0.6333333333333333,0.09345356213299678,0.8857142857142857,7.0,8.0,2.0,15.0
-0.5933333333333334,-0.6,0.0311511873776656,0.9142857142857143,8.0,8.0,2.0,15.0
-0.56,-0.58,0.05192681181641625,0.9428571428571428,9.0,11.0,2.0,15.0
-0.56,-0.58,0.056424409690279065,0.9428571428571428,9.0,11.0,2.0,15.0
-0.6266666666666667,-0.6133333333333333,0.023231393976564173,0.9142857142857143,8.0,8.0,2.0,15.0
-0.6066666666666667,-0.6066666666666667,0.04276688436594769,0.9142857142857143,8.0,8.0,2.0,15.0
-0.5733333333333334,-0.5733333333333334,0.02943882244710212,0.9428571428571428,9.0,11.0,2.0,15.0
-0.6,-0.5866666666666667,0.04540681549964815,0.9142857142857143,8.0,8.0,2.0,15.0
-0.56,-0.58,0.027905550444648892,0.9714285714285714,10.0,11.0,2.0,15.0
-0.62,-0.6266666666666667,0.048574732860088725,0.8857142857142857,7.0,8.0,2.0,15.0
-0.6466666666666666,-0.5733333333333334,0.07155269344781766,0.9714285714285714,10.0,11.0,2.0,15.0
-0.5733333333333334,-0.58,0.019728099764898296,0.9428571428571428,9.0,11.0,2.0,15.0
-0.74,-0.74,0.007391807174361327,0.6285714285714286,-2.0,8.0,2.0,16.0
-0.6866666666666666,-0.6533333333333333,0.0718061268366529,0.8857142857142857,7.0,8.0,2.0,16.0
-0.7066666666666667,-0.6933333333333334,0.01214368321502218,0.8,4.0,8.0,2.0,16.0
-0.74,-0.7133333333333334,0.041182925685727394,0.7714285714285715,3.0,8.0,2.0,16.0
-0.7466666666666667,-0.7333333333333333,0.023231393976564173,0.6571428571428571,-1.0,8.0,2.0,16.0
-0.7133333333333334,-0.7,0.059662443621630715,0.8,4.0,8.0,2.0,16.0
-0.6933333333333334,-0.6866666666666666,0.0628303609820713,0.8571428571428571,6.0,8.0,2.0,16.0
-0.7,-0.6666666666666666,0.16895559255683035,0.8857142857142857,7.0,8.0,2.0,16.0
-0.6333333333333333,-0.6266666666666667,0.05491056758096985,0.8857142857142857,7.0,8.0,2.0,16.0
-0.66,-0.6666666666666666,0.043294870592687766,0.8857142857142857,7.0,8.0,2.0,16.0
-0.62,-0.6266666666666667,0.008447779627841517,0.8857142857142857,7.0,8.0,2.0,16.0
-0.6866666666666666,-0.6666666666666666,0.01900750416264341,0.8857142857142857,7.0,8.0,2.0,16.0
-0.7,-0.7066666666666667,0.01319965566850237,0.7714285714285715,3.0,8.0,2.0,16.0
-0.6466666666666666,-0.6666666666666666,0.06652626456925195,0.8571428571428571,6.0,8.0,2.0,16.0
-0.6733333333333333,-0.64,0.035375077191586356,0.8857142857142857,7.0,8.0,2.0,16.0
-0.6666666666666666,-0.66,0.00791979340110142,0.8857142857142857,7.0,8.0,2.0,16.0
-0.6333333333333333,-0.6266666666666667,0.07127814060991279,0.8857142857142857,7.0,8.0,2.0,16.0
-0.6866666666666666,-0.6866666666666666,0.04910271908682882,0.8571428571428571,6.0,8.0,2.0,16.0
-0.7,-0.66,0.02217542152308398,0.8571428571428571,6.0,8.0,2.0,16.0
-0.62,-0.6266666666666667,0.008447779627841517,0.8857142857142857,7.0,8.0,2.0,16.0
-0.64,-0.6333333333333333,0.06441431966229157,0.8857142857142857,7.0,8.0,2.0,16.0
-0.6466666666666666,-0.6266666666666667,0.07127814060991279,0.8857142857142857,7.0,8.0,2.0,16.0
-0.66,-0.66,0.017951531709163217,0.8857142857142857,7.0,8.0,2.0,16.0
-0.6333333333333333,-0.64,0.017423545482423128,0.8857142857142857,7.0,8.0,2.0,16.0
-0.6733333333333333,-0.6733333333333333,0.07761397533079395,0.8571428571428571,6.0,8.0,2.0,16.0
-0.6533333333333333,-0.64,0.035375077191586356,0.8857142857142857,7.0,8.0,2.0,16.0
-0.66,-0.6733333333333333,0.07761397533079395,0.8571428571428571,6.0,8.0,2.0,16.0
-0.6866666666666666,-0.66,0.01214368321502218,0.8857142857142857,7.0,8.0,2.0,16.0
-0.6666666666666666,-0.6533333333333333,0.03167917360440569,0.8857142857142857,7.0,8.0,2.0,16.0
-0.66,-0.6666666666666666,0.08289383759819487,0.8857142857142857,7.0,8.0,2.0,16.0
-0.64,-0.6533333333333333,0.023759380203304262,0.8857142857142857,7.0,8.0,2.0,16.0
-0.6733333333333333,-0.6533333333333333,0.0311511873776656,0.8857142857142857,7.0,8.0,2.0,16.0
-0.6666666666666666,-0.66,0.017951531709163217,0.8857142857142857,7.0,8.0,2.0,16.0
-0.7,-0.7066666666666667,0.01214368321502218,0.7714285714285715,3.0,8.0,2.0,16.0
-0.6466666666666666,-0.6533333333333333,0.013727641895242467,0.8857142857142857,7.0,8.0,2.0,16.0
-0.66,-0.66,0.007391807174361327,0.8857142857142857,7.0,8.0,2.0,16.0
-0.6666666666666666,-0.68,0.023759380203304262,0.8571428571428571,6.0,8.0,2.0,16.0
-0.6866666666666666,-0.6933333333333334,0.08922967231907603,0.8285714285714286,5.0,8.0,2.0,16.0
-0.7666666666666667,-0.76,0.010559724534801893,0.5714285714285714,-4.0,8.0,2.0,16.0
-0.7333333333333333,-0.7333333333333333,0.023231393976564173,0.6571428571428571,-1.0,8.0,2.0,16.0
-0.7333333333333333,-0.7133333333333334,0.041182925685727394,0.7714285714285715,3.0,8.0,2.0,16.0
-0.7266666666666667,-0.7066666666666667,0.01214368321502218,0.7714285714285715,3.0,8.0,2.0,16.0
-0.7,-0.6733333333333333,0.017951531709163217,0.8571428571428571,6.0,8.0,2.0,16.0
-0.6933333333333334,-0.6733333333333333,0.06969418192969251,0.8571428571428571,6.0,8.0,2.0,16.0
-0.7466666666666667,-0.7333333333333333,0.023231393976564173,0.6571428571428571,-1.0,8.0,2.0,16.0
-0.6466666666666666,-0.6533333333333333,0.0718061268366529,0.8857142857142857,7.0,8.0,2.0,16.0
-0.5866666666666667,-0.5933333333333334,0.05227063644726939,0.9142857142857143,8.0,8.0,2.0,16.0
-0.7133333333333334,-0.6866666666666666,0.04329487059268778,0.8285714285714286,5.0,8.0,2.0,16.0
-0.6333333333333333,-0.6333333333333333,0.06441431966229157,0.8857142857142857,7.0,8.0,2.0,16.0
-0.66,-0.6266666666666667,0.05491056758096985,0.8857142857142857,7.0,8.0,2.0,16.0
-0.6333333333333333,-0.6533333333333333,0.013727641895242467,0.8857142857142857,7.0,8.0,2.0,16.0
-0.66,-0.6533333333333333,0.013727641895242467,0.8857142857142857,7.0,8.0,2.0,16.0
-0.7,-0.6866666666666666,0.030623201150925504,0.8285714285714286,5.0,8.0,2.0,16.0
-0.6933333333333334,-0.7,0.059662443621630715,0.8,4.0,8.0,2.0,16.0
-0.64,-0.6533333333333333,0.04329487059268777,0.8857142857142857,7.0,8.0,2.0,16.0
-0.6533333333333333,-0.66,0.017951531709163217,0.8857142857142857,7.0,8.0,2.0,16.0
-0.6666666666666666,-0.6733333333333333,0.07761397533079395,0.8571428571428571,6.0,8.0,2.0,16.0
-0.6866666666666666,-0.6733333333333333,0.039598967005507114,0.8571428571428571,6.0,8.0,2.0,16.0
-0.6466666666666666,-0.6533333333333333,0.02903924247070522,0.8857142857142857,7.0,8.0,2.0,16.0
-0.7,-0.72,0.006335834720881137,0.6857142857142857,0.0,8.0,2.0,16.0
-0.7533333333333333,-0.76,0.016367573028942938,0.5714285714285714,-4.0,8.0,2.0,16.0
-0.62,-0.5933333333333334,0.03379111851136607,0.9142857142857143,8.0,8.0,2.0,16.0
-0.7333333333333333,-0.7,0.0712781406099128,0.7714285714285715,3.0,8.0,2.0,16.0
-0.6866666666666666,-0.6933333333333334,0.01900750416264341,0.8285714285714286,5.0,8.0,2.0,16.0
-0.6866666666666666,-0.6866666666666666,0.04329487059268778,0.8285714285714286,5.0,8.0,2.0,16.0
-0.7,-0.7066666666666667,0.008447779627841516,0.7714285714285715,3.0,8.0,2.0,16.0
-0.64,-0.6533333333333333,0.0311511873776656,0.8857142857142857,7.0,8.0,2.0,16.0
-0.72,-0.7333333333333333,0.023231393976564173,0.6571428571428571,-1.0,8.0,2.0,16.0
-0.6666666666666666,-0.6333333333333333,0.04699077417986843,0.9142857142857143,8.0,8.0,2.0,16.0
-0.7066666666666667,-0.6866666666666666,0.04329487059268778,0.8285714285714286,5.0,8.0,2.0,16.0
-0.6733333333333333,-0.66,0.02217542152308398,0.8571428571428571,6.0,8.0,2.0,16.0
-0.6733333333333333,-0.6733333333333333,0.07233411306339299,0.8571428571428571,6.0,8.0,2.0,16.0
-0.6266666666666667,-0.6533333333333333,0.023759380203304262,0.8857142857142857,7.0,8.0,2.0,16.0
-0.64,-0.6666666666666666,0.08289383759819487,0.8857142857142857,7.0,8.0,2.0,16.0
-0.58,-0.5933333333333334,0.05227063644726939,0.9142857142857143,8.0,8.0,2.0,16.0
-0.6733333333333333,-0.6733333333333333,0.06969418192969251,0.8571428571428571,6.0,8.0,2.0,16.0
-0.6866666666666666,-0.6733333333333333,0.04540681549964815,0.8571428571428571,6.0,8.0,2.0,16.0
-0.6266666666666667,-0.6333333333333333,0.04699077417986843,0.9142857142857143,8.0,8.0,2.0,16.0
-0.6333333333333333,-0.6333333333333333,0.06441431966229157,0.8857142857142857,7.0,8.0,2.0,16.0
-0.7,-0.6733333333333333,0.04540681549964815,0.8571428571428571,6.0,8.0,2.0,16.0
-0.6666666666666666,-0.6533333333333333,0.0718061268366529,0.8857142857142857,7.0,8.0,2.0,16.0
-0.6266666666666667,-0.6266666666666667,0.08764571363885572,0.8857142857142857,7.0,8.0,2.0,16.0
-0.64,-0.6533333333333333,0.0718061268366529,0.8857142857142857,7.0,8.0,2.0,16.0
-0.64,-0.6533333333333333,0.04329487059268777,0.8857142857142857,7.0,8.0,2.0,16.0
-0.6533333333333333,-0.6533333333333333,0.024815352656784456,0.8857142857142857,7.0,8.0,2.0,16.0
-0.66,-0.6533333333333333,0.04329487059268777,0.8857142857142857,7.0,8.0,2.0,16.0
-0.6933333333333334,-0.6733333333333333,0.04540681549964815,0.8571428571428571,6.0,8.0,2.0,16.0
-0.6866666666666666,-0.6933333333333334,0.01900750416264341,0.8285714285714286,5.0,8.0,2.0,16.0
-0.6533333333333333,-0.6666666666666666,0.16895559255683035,0.8857142857142857,7.0,8.0,2.0,16.0
-0.6666666666666666,-0.6933333333333334,0.01900750416264341,0.8285714285714286,5.0,8.0,2.0,16.0
-0.6466666666666666,-0.66,0.017951531709163217,0.8857142857142857,7.0,8.0,2.0,16.0
-0.7,-0.6733333333333333,0.06969418192969251,0.8571428571428571,6.0,8.0,2.0,16.0
-0.7,-0.7066666666666667,0.008447779627841516,0.7714285714285715,3.0,8.0,2.0,16.0
-0.7533333333333333,-0.7666666666666667,0.0026399311337004724,0.5428571428571428,-5.0,8.0,2.0,16.0
-0.6666666666666666,-0.64,0.08975765854581612,0.8857142857142857,7.0,8.0,2.0,16.0
-0.68,-0.6733333333333333,0.035375077191586356,0.8857142857142857,7.0,8.0,2.0,16.0
-0.62,-0.5933333333333334,0.05227063644726939,0.9142857142857143,8.0,8.0,2.0,16.0
-0.7266666666666667,-0.72,0.006335834720881137,0.6857142857142857,0.0,8.0,2.0,16.0
-0.7066666666666667,-0.6866666666666666,0.04910271908682882,0.8571428571428571,6.0,8.0,2.0,16.0
-0.6133333333333333,-0.6266666666666667,0.05491056758096985,0.8857142857142857,7.0,8.0,2.0,16.0
-0.66,-0.6666666666666666,0.01900750416264341,0.8857142857142857,7.0,8.0,2.0,16.0
-0.6866666666666666,-0.6933333333333334,0.01900750416264341,0.8285714285714286,5.0,8.0,2.0,16.0
-0.7266666666666667,-0.6933333333333334,0.023231393976564173,0.8,4.0,8.0,2.0,16.0
-0.6733333333333333,-0.66,0.04804674663334863,0.8857142857142857,7.0,8.0,2.0,16.0
-0.64,-0.6333333333333333,0.04699077417986843,0.9142857142857143,8.0,8.0,2.0,16.0
-0.6933333333333334,-0.7,0.059662443621630715,0.8,4.0,8.0,2.0,16.0
-0.6533333333333333,-0.6533333333333333,0.024815352656784456,0.8857142857142857,7.0,8.0,2.0,16.0
-0.6266666666666667,-0.6266666666666667,0.07127814060991279,0.8857142857142857,7.0,8.0,2.0,16.0
-0.6733333333333333,-0.64,0.024815352656784456,0.8857142857142857,7.0,8.0,2.0,16.0
-0.6533333333333333,-0.6533333333333333,0.03167917360440569,0.8857142857142857,7.0,8.0,2.0,16.0
-0.7066666666666667,-0.6733333333333333,0.06969418192969251,0.8571428571428571,6.0,8.0,2.0,16.0
-0.6666666666666666,-0.6733333333333333,0.023231393976564173,0.8571428571428571,6.0,8.0,2.0,16.0
-0.66,-0.66,0.045406815499648166,0.8571428571428571,6.0,8.0,2.0,16.0
-0.7066666666666667,-0.7066666666666667,0.01214368321502218,0.7714285714285715,3.0,8.0,2.0,16.0
-0.6666666666666666,-0.6333333333333333,0.013727641895242467,0.8857142857142857,7.0,8.0,2.0,16.0
-0.6466666666666666,-0.6533333333333333,0.025871325110264645,0.8857142857142857,7.0,8.0,2.0,16.0
-0.6533333333333333,-0.66,0.01953549038938351,0.8857142857142857,7.0,8.0,2.0,16.0
-0.6866666666666666,-0.6933333333333334,0.023759380203304266,0.8285714285714286,5.0,8.0,2.0,16.0
-0.6733333333333333,-0.66,0.00791979340110142,0.8857142857142857,7.0,8.0,2.0,16.0
-0.7066666666666667,-0.7066666666666667,0.008447779627841516,0.7714285714285715,3.0,8.0,2.0,16.0
-0.6933333333333334,-0.7066666666666667,0.01214368321502218,0.7714285714285715,3.0,8.0,2.0,16.0
-0.7066666666666667,-0.6866666666666666,0.04910271908682882,0.8571428571428571,6.0,8.0,2.0,16.0
-0.7133333333333334,-0.6933333333333334,0.041182925685727394,0.8285714285714286,5.0,8.0,2.0,16.0
-0.6733333333333333,-0.6733333333333333,0.07233411306339299,0.8571428571428571,6.0,8.0,2.0,16.0
-0.6333333333333333,-0.64,0.017423545482423128,0.8857142857142857,7.0,8.0,2.0,16.0
-0.6533333333333333,-0.64,0.017951531709163217,0.8857142857142857,7.0,8.0,2.0,16.0
-0.6666666666666666,-0.64,0.08975765854581612,0.8857142857142857,7.0,8.0,2.0,16.0
-0.6466666666666666,-0.6533333333333333,0.02903924247070522,0.8857142857142857,7.0,8.0,2.0,16.0
-0.66,-0.6933333333333334,0.08922967231907603,0.8285714285714286,5.0,8.0,2.0,16.0
-0.6533333333333333,-0.66,0.05491056758096985,0.8857142857142857,7.0,8.0,2.0,16.0
-0.66,-0.66,0.007391807174361327,0.8857142857142857,7.0,8.0,2.0,16.0
-0.6866666666666666,-0.6666666666666666,0.05385459512748969,0.8857142857142857,7.0,8.0,2.0,16.0
-0.64,-0.6533333333333333,0.03167917360440569,0.8857142857142857,7.0,8.0,2.0,16.0
-0.7133333333333334,-0.7066666666666667,0.01319965566850237,0.7714285714285715,3.0,8.0,2.0,16.0
-0.6933333333333334,-0.6933333333333334,0.08922967231907603,0.8285714285714286,5.0,8.0,2.0,16.0
-0.6733333333333333,-0.6733333333333333,0.04540681549964815,0.8571428571428571,6.0,8.0,2.0,16.0
-0.6533333333333333,-0.64,0.035375077191586356,0.8857142857142857,7.0,8.0,2.0,16.0
-0.7333333333333333,-0.7266666666666667,0.017951531709163224,0.6571428571428571,-1.0,8.0,2.0,16.0
-0.7266666666666667,-0.7,0.0712781406099128,0.7714285714285715,3.0,8.0,2.0,16.0
-0.6533333333333333,-0.66,0.05491056758096985,0.8857142857142857,7.0,8.0,2.0,16.0
-0.7266666666666667,-0.6933333333333334,0.023759380203304266,0.8285714285714286,5.0,8.0,2.0,16.0
-0.6533333333333333,-0.64,0.024815352656784456,0.8857142857142857,7.0,8.0,2.0,16.0
-0.6733333333333333,-0.6533333333333333,0.03167917360440569,0.8857142857142857,7.0,8.0,2.0,16.0
-0.6466666666666666,-0.6533333333333333,0.0718061268366529,0.8857142857142857,7.0,8.0,2.0,16.0
-0.6866666666666666,-0.6866666666666666,0.030623201150925504,0.8285714285714286,5.0,8.0,2.0,16.0
-0.6933333333333334,-0.6733333333333333,0.02534333888352456,0.8857142857142857,7.0,8.0,2.0,16.0
-0.6466666666666666,-0.6533333333333333,0.04329487059268777,0.8857142857142857,7.0,8.0,2.0,16.0
-0.66,-0.6666666666666666,0.08342182382493499,0.8857142857142857,7.0,8.0,2.0,16.0
-0.6466666666666666,-0.6533333333333333,0.013727641895242467,0.8857142857142857,7.0,8.0,2.0,16.0
-0.6866666666666666,-0.6666666666666666,0.06071841607511092,0.8571428571428571,6.0,8.0,2.0,16.0
-0.66,-0.64,0.035375077191586356,0.8857142857142857,7.0,8.0,2.0,16.0
-0.6666666666666666,-0.6666666666666666,0.16895559255683035,0.8857142857142857,7.0,8.0,2.0,16.0
-0.7,-0.6933333333333334,0.01214368321502218,0.8,4.0,8.0,2.0,16.0
-0.6466666666666666,-0.64,0.017951531709163217,0.8857142857142857,7.0,8.0,2.0,16.0
-0.6266666666666667,-0.6333333333333333,0.04699077417986843,0.9142857142857143,8.0,8.0,2.0,16.0
-0.6733333333333333,-0.6733333333333333,0.035375077191586356,0.8857142857142857,7.0,8.0,2.0,16.0
-0.7066666666666667,-0.6933333333333334,0.041182925685727394,0.8285714285714286,5.0,8.0,2.0,16.0
-0.7,-0.6933333333333334,0.01214368321502218,0.8,4.0,8.0,2.0,16.0
-0.6866666666666666,-0.6733333333333333,0.023231393976564173,0.8571428571428571,6.0,8.0,2.0,16.0
-0.72,-0.7266666666666667,0.017951531709163224,0.6571428571428571,-1.0,8.0,2.0,16.0
-0.68,-0.6733333333333333,0.07233411306339299,0.8571428571428571,6.0,8.0,2.0,16.0
-0.7133333333333334,-0.6866666666666666,0.04329487059268778,0.8285714285714286,5.0,8.0,2.0,16.0
-0.6733333333333333,-0.6666666666666666,0.043294870592687766,0.8857142857142857,7.0,8.0,2.0,16.0
-0.7533333333333333,-0.7933333333333333,0.00791979340110142,0.45714285714285713,-8.0,8.0,2.0,16.0
-0.66,-0.64,0.024815352656784456,0.8857142857142857,7.0,8.0,2.0,16.0
-0.6533333333333333,-0.66,0.01953549038938351,0.8857142857142857,7.0,8.0,2.0,16.0
-0.6733333333333333,-0.6533333333333333,0.025871325110264645,0.8857142857142857,7.0,8.0,2.0,16.0
-0.6733333333333333,-0.6733333333333333,0.039598967005507114,0.8571428571428571,6.0,8.0,2.0,16.0
-0.68,-0.6933333333333334,0.023759380203304266,0.8285714285714286,5.0,8.0,2.0,16.0
-0.6866666666666666,-0.6666666666666666,0.06071841607511092,0.8571428571428571,6.0,8.0,2.0,16.0
-0.7266666666666667,-0.74,0.007391807174361327,0.6285714285714286,-2.0,8.0,2.0,16.0
-0.6933333333333334,-0.6733333333333333,0.039598967005507114,0.8571428571428571,6.0,8.0,2.0,16.0
-0.66,-0.6733333333333333,0.03379111851136607,0.8571428571428571,6.0,8.0,2.0,16.0
-0.66,-0.6333333333333333,0.06441431966229157,0.8857142857142857,7.0,8.0,2.0,16.0
-0.6466666666666666,-0.6533333333333333,0.0718061268366529,0.8857142857142857,7.0,8.0,2.0,16.0
-0.6666666666666666,-0.6533333333333333,0.024815352656784456,0.8857142857142857,7.0,8.0,2.0,16.0
-0.6666666666666666,-0.6533333333333333,0.02903924247070522,0.8857142857142857,7.0,8.0,2.0,16.0
-0.6666666666666666,-0.6733333333333333,0.017951531709163217,0.8571428571428571,6.0,8.0,2.0,16.0
-0.6866666666666666,-0.6933333333333334,0.041182925685727394,0.8285714285714286,5.0,8.0,2.0,16.0
-0.6466666666666666,-0.64,0.017423545482423128,0.8857142857142857,7.0,8.0,2.0,16.0
-0.6866666666666666,-0.6933333333333334,0.023759380203304266,0.8285714285714286,5.0,8.0,2.0,16.0
-0.6266666666666667,-0.6266666666666667,0.008447779627841517,0.8857142857142857,7.0,8.0,2.0,16.0
-0.62,-0.6266666666666667,0.05491056758096985,0.8857142857142857,7.0,8.0,2.0,16.0
-0.6733333333333333,-0.6733333333333333,0.07233411306339299,0.8571428571428571,6.0,8.0,2.0,16.0
-0.6666666666666666,-0.6733333333333333,0.023231393976564173,0.8571428571428571,6.0,8.0,2.0,16.0
-0.6466666666666666,-0.6533333333333333,0.013727641895242467,0.8857142857142857,7.0,8.0,2.0,16.0
-0.7133333333333334,-0.7133333333333334,0.01953549038938351,0.7428571428571429,2.0,8.0,2.0,16.0
-0.6733333333333333,-0.6733333333333333,0.02534333888352456,0.8857142857142857,7.0,8.0,2.0,16.0
-0.6533333333333333,-0.6666666666666666,0.0628303609820713,0.8857142857142857,7.0,8.0,2.0,16.0
-0.6466666666666666,-0.6533333333333333,0.04329487059268777,0.8857142857142857,7.0,8.0,2.0,16.0
-0.6533333333333333,-0.66,0.00791979340110142,0.8857142857142857,7.0,8.0,2.0,16.0
-0.6733333333333333,-0.6733333333333333,0.039598967005507114,0.8571428571428571,6.0,8.0,2.0,16.0
-0.6333333333333333,-0.64,0.017423545482423128,0.8857142857142857,7.0,8.0,2.0,16.0
-0.6,-0.5933333333333334,0.03379111851136607,0.9142857142857143,8.0,8.0,2.0,16.0
-0.6333333333333333,-0.6333333333333333,0.04699077417986843,0.9142857142857143,8.0,8.0,2.0,16.0
-0.6666666666666666,-0.6533333333333333,0.024815352656784456,0.8857142857142857,7.0,8.0,2.0,16.0
-0.6466666666666666,-0.66,0.01953549038938351,0.8857142857142857,7.0,8.0,2.0,16.0
-0.6733333333333333,-0.6533333333333333,0.0311511873776656,0.8857142857142857,7.0,8.0,2.0,16.0
-0.64,-0.6533333333333333,0.04329487059268777,0.8857142857142857,7.0,8.0,2.0,16.0
-0.66,-0.6333333333333333,0.06441431966229157,0.8857142857142857,7.0,8.0,2.0,16.0
-0.6666666666666666,-0.6333333333333333,0.06441431966229157,0.8857142857142857,7.0,8.0,2.0,16.0
-0.6533333333333333,-0.66,0.04804674663334863,0.8857142857142857,7.0,8.0,2.0,16.0
-0.6333333333333333,-0.6533333333333333,0.06863820947621233,0.8857142857142857,7.0,8.0,2.0,16.0
-0.7266666666666667,-0.7266666666666667,0.017951531709163224,0.6571428571428571,-1.0,8.0,2.0,16.0
-0.6733333333333333,-0.66,0.01953549038938351,0.8857142857142857,7.0,8.0,2.0,16.0
-0.6466666666666666,-0.66,0.04804674663334863,0.8857142857142857,7.0,8.0,2.0,16.0
-0.6666666666666666,-0.66,0.01953549038938351,0.8857142857142857,7.0,8.0,2.0,16.0
-0.6866666666666666,-0.6666666666666666,0.06071841607511092,0.8571428571428571,6.0,8.0,2.0,16.0
-0.5933333333333334,-0.5933333333333334,0.05227063644726939,0.9142857142857143,8.0,8.0,2.0,16.0
-0.66,-0.6666666666666666,0.16895559255683035,0.8857142857142857,7.0,8.0,2.0,16.0
-0.6266666666666667,-0.5933333333333334,0.03379111851136607,0.9142857142857143,8.0,8.0,2.0,16.0
-0.6933333333333334,-0.6733333333333333,0.04540681549964815,0.8571428571428571,6.0,8.0,2.0,16.0
-0.6666666666666666,-0.6533333333333333,0.025871325110264645,0.8857142857142857,7.0,8.0,2.0,16.0
-0.7,-0.6933333333333334,0.023231393976564173,0.8,4.0,8.0,2.0,16.0
-0.6933333333333334,-0.6933333333333334,0.023759380203304266,0.8285714285714286,5.0,8.0,2.0,16.0
-0.7066666666666667,-0.7066666666666667,0.01319965566850237,0.7714285714285715,3.0,8.0,2.0,16.0
-0.6533333333333333,-0.6533333333333333,0.024815352656784456,0.8857142857142857,7.0,8.0,2.0,16.0
-0.7266666666666667,-0.6866666666666666,0.0628303609820713,0.8571428571428571,6.0,8.0,2.0,16.0
-0.6733333333333333,-0.68,0.01319965566850237,0.8571428571428571,6.0,8.0,2.0,16.0
-0.66,-0.6666666666666666,0.07550203042383358,0.8571428571428571,6.0,8.0,2.0,16.0
-0.66,-0.66,0.00791979340110142,0.8857142857142857,7.0,8.0,2.0,16.0
-0.6466666666666666,-0.6533333333333333,0.04329487059268777,0.8857142857142857,7.0,8.0,2.0,16.0
-0.6733333333333333,-0.6733333333333333,0.023231393976564173,0.8571428571428571,6.0,8.0,2.0,16.0
-0.6733333333333333,-0.64,0.035375077191586356,0.8857142857142857,7.0,8.0,2.0,16.0
-0.6866666666666666,-0.6666666666666666,0.06652626456925195,0.8571428571428571,6.0,8.0,2.0,16.0
-0.6533333333333333,-0.66,0.01953549038938351,0.8857142857142857,7.0,8.0,2.0,16.0
-0.6866666666666666,-0.6866666666666666,0.04910271908682882,0.8571428571428571,6.0,8.0,2.0,16.0
-0.7,-0.6666666666666666,0.08289383759819487,0.8857142857142857,7.0,8.0,2.0,16.0
-0.62,-0.6266666666666667,0.05491056758096985,0.8857142857142857,7.0,8.0,2.0,16.0
-0.74,-0.74,0.007391807174361327,0.6285714285714286,-2.0,8.0,2.0,16.0
-0.6666666666666666,-0.66,0.04804674663334863,0.8857142857142857,7.0,8.0,2.0,16.0
-0.6866666666666666,-0.64,0.017951531709163217,0.8857142857142857,7.0,8.0,2.0,16.0
-0.6533333333333333,-0.6666666666666666,0.06652626456925195,0.8571428571428571,6.0,8.0,2.0,16.0
-0.64,-0.64,0.060190429848370815,0.8857142857142857,7.0,8.0,2.0,16.0
-0.7333333333333333,-0.74,0.007391807174361327,0.6285714285714286,-2.0,8.0,2.0,16.0
-0.7533333333333333,-0.76,0.010559724534801893,0.5714285714285714,-4.0,8.0,2.0,16.0
-0.6733333333333333,-0.6733333333333333,0.02534333888352456,0.8857142857142857,7.0,8.0,2.0,16.0
-0.7133333333333334,-0.7066666666666667,0.01319965566850237,0.7714285714285715,3.0,8.0,2.0,16.0
-0.6733333333333333,-0.6733333333333333,0.02534333888352456,0.8857142857142857,7.0,8.0,2.0,16.0
-0.6533333333333333,-0.6666666666666666,0.01900750416264341,0.8857142857142857,7.0,8.0,2.0,16.0
-0.7266666666666667,-0.6866666666666666,0.04329487059268778,0.8285714285714286,5.0,8.0,2.0,16.0
-0.7466666666666667,-0.76,0.010559724534801893,0.5714285714285714,-4.0,8.0,2.0,16.0
-0.6466666666666666,-0.64,0.017423545482423128,0.8857142857142857,7.0,8.0,2.0,16.0
-0.7533333333333333,-0.7,0.0712781406099128,0.7714285714285715,3.0,8.0,2.0,16.0
-0.5933333333333334,-0.5933333333333334,0.03379111851136607,0.9142857142857143,8.0,8.0,2.0,16.0
-0.6666666666666666,-0.6666666666666666,0.043294870592687766,0.8857142857142857,7.0,8.0,2.0,16.0
-0.6733333333333333,-0.6733333333333333,0.04540681549964815,0.8571428571428571,6.0,8.0,2.0,16.0
-0.72,-0.7133333333333334,0.041182925685727394,0.7714285714285715,3.0,8.0,2.0,16.0
-0.74,-0.7933333333333333,0.00791979340110142,0.45714285714285713,-8.0,8.0,2.0,16.0
-0.6866666666666666,-0.6666666666666666,0.08342182382493499,0.8857142857142857,7.0,8.0,2.0,16.0
-0.6666666666666666,-0.6333333333333333,0.06441431966229157,0.8857142857142857,7.0,8.0,2.0,16.0
-0.7333333333333333,-0.7133333333333334,0.041182925685727394,0.7714285714285715,3.0,8.0,2.0,16.0
-0.6333333333333333,-0.6333333333333333,0.013727641895242467,0.8857142857142857,7.0,8.0,2.0,16.0
-0.68,-0.68,0.01319965566850237,0.8571428571428571,6.0,8.0,2.0,16.0
-0.7,-0.6733333333333333,0.039598967005507114,0.8571428571428571,6.0,8.0,2.0,16.0
-0.7066666666666667,-0.6866666666666666,0.04329487059268778,0.8285714285714286,5.0,8.0,2.0,16.0
-0.7133333333333334,-0.7,0.0712781406099128,0.7714285714285715,3.0,8.0,2.0,16.0
-0.7,-0.6733333333333333,0.04540681549964815,0.8571428571428571,6.0,8.0,2.0,16.0
-0.7133333333333334,-0.6866666666666666,0.04910271908682882,0.8571428571428571,6.0,8.0,2.0,16.0
-0.7333333333333333,-0.72,0.006335834720881137,0.6857142857142857,0.0,8.0,2.0,16.0
-0.6266666666666667,-0.6266666666666667,0.08764571363885572,0.8857142857142857,7.0,8.0,2.0,16.0
-0.72,-0.7133333333333334,0.01953549038938351,0.7428571428571429,2.0,8.0,2.0,16.0
-0.7133333333333334,-0.6933333333333334,0.006335834720881137,0.8285714285714286,5.0,8.0,2.0,16.0
-0.6933333333333334,-0.6733333333333333,0.06969418192969251,0.8571428571428571,6.0,8.0,2.0,16.0
-0.6466666666666666,-0.66,0.04804674663334863,0.8857142857142857,7.0,8.0,2.0,16.0
-0.6466666666666666,-0.6533333333333333,0.04329487059268777,0.8857142857142857,7.0,8.0,2.0,16.0
-0.7333333333333333,-0.76,0.016367573028942938,0.5714285714285714,-4.0,8.0,2.0,16.0
-0.6933333333333334,-0.6866666666666666,0.04910271908682882,0.8571428571428571,6.0,8.0,2.0,16.0
-0.6333333333333333,-0.6333333333333333,0.013727641895242467,0.8857142857142857,7.0,8.0,2.0,16.0
-0.7466666666666667,-0.76,0.016367573028942938,0.5714285714285714,-4.0,8.0,2.0,16.0
-0.74,-0.7133333333333334,0.01953549038938351,0.7428571428571429,2.0,8.0,2.0,16.0
-0.7466666666666667,-0.76,0.016367573028942938,0.5714285714285714,-4.0,8.0,2.0,16.0
-0.7333333333333333,-0.72,0.006335834720881137,0.6857142857142857,0.0,8.0,2.0,16.0
-0.7266666666666667,-0.7066666666666667,0.01319965566850237,0.7714285714285715,3.0,8.0,2.0,16.0
-0.6866666666666666,-0.6933333333333334,0.023759380203304266,0.8285714285714286,5.0,8.0,2.0,16.0
-0.7533333333333333,-0.76,0.016367573028942938,0.5714285714285714,-4.0,8.0,2.0,16.0
-0.6466666666666666,-0.64,0.035375077191586356,0.8857142857142857,7.0,8.0,2.0,16.0
-0.6666666666666666,-0.66,0.01953549038938351,0.8857142857142857,7.0,8.0,2.0,16.0
-0.68,-0.6733333333333333,0.04540681549964815,0.8571428571428571,6.0,8.0,2.0,16.0
-0.64,-0.64,0.017951531709163217,0.8857142857142857,7.0,8.0,2.0,16.0
-0.7333333333333333,-0.74,0.007391807174361327,0.6285714285714286,-2.0,8.0,2.0,16.0
-0.6533333333333333,-0.64,0.017951531709163217,0.8857142857142857,7.0,8.0,2.0,16.0
-0.7266666666666667,-0.6866666666666666,0.030623201150925504,0.8285714285714286,5.0,8.0,2.0,16.0
-0.6866666666666666,-0.6933333333333334,0.08922967231907603,0.8285714285714286,5.0,8.0,2.0,16.0
-0.66,-0.66,0.00791979340110142,0.8857142857142857,7.0,8.0,2.0,16.0
-0.7,-0.6866666666666666,0.030623201150925504,0.8285714285714286,5.0,8.0,2.0,16.0
-0.7,-0.6733333333333333,0.02534333888352456,0.8857142857142857,7.0,8.0,2.0,16.0
-0.7133333333333334,-0.6866666666666666,0.030623201150925504,0.8285714285714286,5.0,8.0,2.0,16.0
-0.6266666666666667,-0.6266666666666667,0.05491056758096985,0.8857142857142857,7.0,8.0,2.0,16.0
-0.7666666666666667,-0.76,0.016367573028942938,0.5714285714285714,-4.0,8.0,2.0,16.0
-0.7533333333333333,-0.76,0.016367573028942938,0.5714285714285714,-4.0,8.0,2.0,16.0
-0.6333333333333333,-0.64,0.08975765854581612,0.8857142857142857,7.0,8.0,2.0,16.0
-0.66,-0.66,0.045406815499648166,0.8571428571428571,6.0,8.0,2.0,16.0
-0.74,-0.76,0.016367573028942938,0.5714285714285714,-4.0,8.0,2.0,16.0
-0.7133333333333334,-0.6866666666666666,0.0628303609820713,0.8571428571428571,6.0,8.0,2.0,16.0
-0.6733333333333333,-0.6666666666666666,0.01900750416264341,0.8857142857142857,7.0,8.0,2.0,16.0
-0.6866666666666666,-0.6666666666666666,0.043294870592687766,0.8857142857142857,7.0,8.0,2.0,16.0
-0.6333333333333333,-0.6333333333333333,0.06441431966229157,0.8857142857142857,7.0,8.0,2.0,16.0
-0.6933333333333334,-0.6933333333333334,0.041182925685727394,0.8285714285714286,5.0,8.0,2.0,16.0
-0.68,-0.6866666666666666,0.04329487059268778,0.8285714285714286,5.0,8.0,2.0,16.0
-0.66,-0.66,0.007391807174361327,0.8857142857142857,7.0,8.0,2.0,16.0
-0.7266666666666667,-0.72,0.006335834720881137,0.6857142857142857,0.0,8.0,2.0,16.0
-0.7,-0.6666666666666666,0.06652626456925195,0.8571428571428571,6.0,8.0,2.0,16.0
-0.64,-0.64,0.017423545482423128,0.8857142857142857,7.0,8.0,2.0,16.0
-0.6733333333333333,-0.68,0.01319965566850237,0.8571428571428571,6.0,8.0,2.0,16.0
-0.62,-0.6266666666666667,0.08764571363885572,0.8857142857142857,7.0,8.0,2.0,16.0
-0.6933333333333334,-0.7,0.059662443621630715,0.8,4.0,8.0,2.0,16.0
-0.74,-0.7266666666666667,0.017951531709163224,0.6571428571428571,-1.0,8.0,2.0,16.0
-0.6733333333333333,-0.6533333333333333,0.06863820947621233,0.8857142857142857,7.0,8.0,2.0,16.0
-0.6733333333333333,-0.6733333333333333,0.07233411306339299,0.8571428571428571,6.0,8.0,2.0,16.0
-0.6733333333333333,-0.6666666666666666,0.05385459512748969,0.8857142857142857,7.0,8.0,2.0,16.0
-0.6666666666666666,-0.66,0.00791979340110142,0.8857142857142857,7.0,8.0,2.0,16.0
-0.6533333333333333,-0.66,0.007391807174361327,0.8857142857142857,7.0,8.0,2.0,16.0
-0.7666666666666667,-0.7666666666666667,0.0026399311337004724,0.5428571428571428,-5.0,8.0,2.0,16.0
-0.6866666666666666,-0.6666666666666666,0.0628303609820713,0.8857142857142857,7.0,8.0,2.0,16.0
-0.6866666666666666,-0.6666666666666666,0.06652626456925195,0.8571428571428571,6.0,8.0,2.0,16.0
-0.6533333333333333,-0.6533333333333333,0.04329487059268777,0.8857142857142857,7.0,8.0,2.0,16.0
-0.6666666666666666,-0.6666666666666666,0.08342182382493499,0.8857142857142857,7.0,8.0,2.0,16.0
-0.6533333333333333,-0.6733333333333333,0.023231393976564173,0.8571428571428571,6.0,8.0,2.0,16.0
-0.64,-0.64,0.060190429848370815,0.8857142857142857,7.0,8.0,2.0,16.0
-0.6733333333333333,-0.6533333333333333,0.0311511873776656,0.8857142857142857,7.0,8.0,2.0,16.0
-0.62,-0.6266666666666667,0.05491056758096985,0.8857142857142857,7.0,8.0,2.0,16.0
-0.6733333333333333,-0.6666666666666666,0.08289383759819487,0.8857142857142857,7.0,8.0,2.0,16.0
-0.6333333333333333,-0.64,0.017423545482423128,0.8857142857142857,7.0,8.0,2.0,16.0
-0.6533333333333333,-0.6666666666666666,0.06652626456925195,0.8571428571428571,6.0,8.0,2.0,16.0
-0.6533333333333333,-0.6933333333333334,0.08922967231907603,0.8285714285714286,5.0,8.0,2.0,16.0
-0.7,-0.6733333333333333,0.017951531709163217,0.8571428571428571,6.0,8.0,2.0,16.0
-0.7066666666666667,-0.7133333333333334,0.041182925685727394,0.7714285714285715,3.0,8.0,2.0,16.0
-0.6466666666666666,-0.6533333333333333,0.023759380203304262,0.8857142857142857,7.0,8.0,2.0,16.0
-0.68,-0.6733333333333333,0.06969418192969251,0.8571428571428571,6.0,8.0,2.0,16.0
-0.6533333333333333,-0.6533333333333333,0.04329487059268777,0.8857142857142857,7.0,8.0,2.0,16.0
-0.6733333333333333,-0.6733333333333333,0.03379111851136607,0.8571428571428571,6.0,8.0,2.0,16.0
-0.7266666666666667,-0.7133333333333334,0.01953549038938351,0.7428571428571429,2.0,8.0,2.0,16.0
-0.6933333333333334,-0.6733333333333333,0.03379111851136607,0.8571428571428571,6.0,8.0,2.0,16.0
-0.66,-0.66,0.007391807174361327,0.8857142857142857,7.0,8.0,2.0,16.0
-0.6733333333333333,-0.6533333333333333,0.0718061268366529,0.8857142857142857,7.0,8.0,2.0,16.0
-0.6333333333333333,-0.6266666666666667,0.008447779627841517,0.8857142857142857,7.0,8.0,2.0,16.0
-0.6533333333333333,-0.66,0.05491056758096985,0.8857142857142857,7.0,8.0,2.0,16.0
-0.6466666666666666,-0.6533333333333333,0.029567228697445314,0.8857142857142857,7.0,8.0,2.0,16.0
-0.66,-0.66,0.02217542152308398,0.8571428571428571,6.0,8.0,2.0,16.0
-0.7,-0.6933333333333334,0.023231393976564173,0.8,4.0,8.0,2.0,16.0
-0.6666666666666666,-0.66,0.01953549038938351,0.8857142857142857,7.0,8.0,2.0,16.0
-0.6666666666666666,-0.66,0.05491056758096985,0.8857142857142857,7.0,8.0,2.0,16.0
-0.64,-0.64,0.060190429848370815,0.8857142857142857,7.0,8.0,2.0,16.0
-0.68,-0.6733333333333333,0.02534333888352456,0.8857142857142857,7.0,8.0,2.0,16.0
-0.6866666666666666,-0.6666666666666666,0.08342182382493499,0.8857142857142857,7.0,8.0,2.0,16.0
-0.62,-0.6266666666666667,0.08764571363885572,0.8857142857142857,7.0,8.0,2.0,16.0
-0.7466666666666667,-0.74,0.007391807174361327,0.6285714285714286,-2.0,8.0,2.0,16.0
-0.66,-0.6666666666666666,0.06071841607511092,0.8571428571428571,6.0,8.0,2.0,16.0
-0.6733333333333333,-0.6533333333333333,0.04329487059268777,0.8857142857142857,7.0,8.0,2.0,16.0
-0.6533333333333333,-0.6533333333333333,0.023759380203304262,0.8857142857142857,7.0,8.0,2.0,16.0
-0.6933333333333334,-0.6933333333333334,0.023231393976564173,0.8,4.0,8.0,2.0,16.0
-0.7533333333333333,-0.7666666666666667,0.0026399311337004724,0.5428571428571428,-5.0,8.0,2.0,16.0
-0.6666666666666666,-0.64,0.017423545482423128,0.8857142857142857,7.0,8.0,2.0,16.0
-0.6533333333333333,-0.6666666666666666,0.05385459512748969,0.8857142857142857,7.0,8.0,2.0,16.0
-0.6466666666666666,-0.66,0.02534333888352455,0.8857142857142857,7.0,8.0,2.0,16.0
-0.66,-0.6533333333333333,0.04329487059268777,0.8857142857142857,7.0,8.0,2.0,16.0
-0.66,-0.66,0.01214368321502218,0.8857142857142857,7.0,8.0,2.0,16.0
-0.6666666666666666,-0.64,0.08975765854581612,0.8857142857142857,7.0,8.0,2.0,16.0
-0.6933333333333334,-0.6933333333333334,0.01214368321502218,0.8,4.0,8.0,2.0,16.0
-0.74,-0.7266666666666667,0.017951531709163224,0.6571428571428571,-1.0,8.0,2.0,16.0
-0.64,-0.6533333333333333,0.04329487059268777,0.8857142857142857,7.0,8.0,2.0,16.0
-0.6466666666666666,-0.6533333333333333,0.06863820947621233,0.8857142857142857,7.0,8.0,2.0,16.0
-0.6266666666666667,-0.6266666666666667,0.07127814060991279,0.8857142857142857,7.0,8.0,2.0,16.0
-0.6733333333333333,-0.6666666666666666,0.07550203042383358,0.8571428571428571,6.0,8.0,2.0,16.0
-0.6533333333333333,-0.66,0.05491056758096985,0.8857142857142857,7.0,8.0,2.0,16.0
-0.7066666666666667,-0.6933333333333334,0.01214368321502218,0.8,4.0,8.0,2.0,16.0
-0.6733333333333333,-0.68,0.01319965566850237,0.8571428571428571,6.0,8.0,2.0,16.0
-0.6866666666666666,-0.66,0.00791979340110142,0.8857142857142857,7.0,8.0,2.0,16.0
-0.7066666666666667,-0.7066666666666667,0.01214368321502218,0.7714285714285715,3.0,8.0,2.0,16.0
-0.7266666666666667,-0.6933333333333334,0.01214368321502218,0.8,4.0,8.0,2.0,16.0
-0.6466666666666666,-0.6533333333333333,0.02903924247070522,0.8857142857142857,7.0,8.0,2.0,16.0
-0.6533333333333333,-0.6533333333333333,0.04329487059268777,0.8857142857142857,7.0,8.0,2.0,16.0
-0.6533333333333333,-0.6266666666666667,0.07127814060991279,0.8857142857142857,7.0,8.0,2.0,16.0
-0.6933333333333334,-0.6933333333333334,0.08922967231907603,0.8285714285714286,5.0,8.0,2.0,16.0
-0.6066666666666667,-0.6266666666666667,0.05491056758096985,0.8857142857142857,7.0,8.0,2.0,16.0
-0.66,-0.68,0.023759380203304262,0.8571428571428571,6.0,8.0,2.0,16.0
-0.7133333333333334,-0.7133333333333334,0.041182925685727394,0.7714285714285715,3.0,8.0,2.0,16.0
-0.6466666666666666,-0.6533333333333333,0.029567228697445314,0.8857142857142857,7.0,8.0,2.0,16.0
-0.6666666666666666,-0.6733333333333333,0.023231393976564173,0.8571428571428571,6.0,8.0,2.0,16.0
-0.6266666666666667,-0.6333333333333333,0.04699077417986843,0.9142857142857143,8.0,8.0,2.0,16.0
-0.6533333333333333,-0.66,0.017951531709163217,0.8857142857142857,7.0,8.0,2.0,16.0
-0.6866666666666666,-0.66,0.04804674663334863,0.8857142857142857,7.0,8.0,2.0,16.0
-0.6866666666666666,-0.6933333333333334,0.01900750416264341,0.8285714285714286,5.0,8.0,2.0,16.0
-0.64,-0.64,0.08975765854581612,0.8857142857142857,7.0,8.0,2.0,16.0
-0.64,-0.6333333333333333,0.013727641895242467,0.8857142857142857,7.0,8.0,2.0,16.0
-0.72,-0.7133333333333334,0.01953549038938351,0.7428571428571429,2.0,8.0,2.0,16.0
-0.62,-0.6266666666666667,0.008447779627841517,0.8857142857142857,7.0,8.0,2.0,16.0
-0.6266666666666667,-0.6266666666666667,0.05491056758096985,0.8857142857142857,7.0,8.0,2.0,16.0
-0.6333333333333333,-0.6533333333333333,0.029567228697445314,0.8857142857142857,7.0,8.0,2.0,16.0
-0.6866666666666666,-0.6533333333333333,0.0718061268366529,0.8857142857142857,7.0,8.0,2.0,16.0
-0.7266666666666667,-0.7,0.0712781406099128,0.7714285714285715,3.0,8.0,2.0,16.0
-0.5866666666666667,-0.5933333333333334,0.05227063644726939,0.9142857142857143,8.0,8.0,2.0,16.0
-0.6333333333333333,-0.6333333333333333,0.04699077417986843,0.9142857142857143,8.0,8.0,2.0,16.0
-0.6466666666666666,-0.6533333333333333,0.013727641895242467,0.8857142857142857,7.0,8.0,2.0,16.0
-0.6866666666666666,-0.6533333333333333,0.04329487059268777,0.8857142857142857,7.0,8.0,2.0,16.0
-0.7266666666666667,-0.72,0.006335834720881137,0.6857142857142857,0.0,8.0,2.0,16.0
-0.7,-0.6933333333333334,0.023759380203304266,0.8285714285714286,5.0,8.0,2.0,16.0
-0.68,-0.6866666666666666,0.04910271908682882,0.8571428571428571,6.0,8.0,2.0,16.0
-0.66,-0.6666666666666666,0.06071841607511092,0.8571428571428571,6.0,8.0,2.0,16.0
-0.6533333333333333,-0.6533333333333333,0.04329487059268777,0.8857142857142857,7.0,8.0,2.0,16.0
-0.6733333333333333,-0.66,0.01214368321502218,0.8857142857142857,7.0,8.0,2.0,16.0
-0.6266666666666667,-0.6266666666666667,0.07127814060991279,0.8857142857142857,7.0,8.0,2.0,16.0
-0.6466666666666666,-0.64,0.035375077191586356,0.8857142857142857,7.0,8.0,2.0,16.0
-0.7266666666666667,-0.74,0.007391807174361327,0.6285714285714286,-2.0,8.0,2.0,16.0
-0.6733333333333333,-0.6733333333333333,0.07233411306339299,0.8571428571428571,6.0,8.0,2.0,16.0
-0.6666666666666666,-0.66,0.01214368321502218,0.8857142857142857,7.0,8.0,2.0,16.0
-0.6533333333333333,-0.6533333333333333,0.024815352656784456,0.8857142857142857,7.0,8.0,2.0,16.0
-0.62,-0.6266666666666667,0.008447779627841517,0.8857142857142857,7.0,8.0,2.0,16.0
-0.6666666666666666,-0.6733333333333333,0.07761397533079395,0.8571428571428571,6.0,8.0,2.0,16.0
-0.66,-0.6533333333333333,0.029567228697445314,0.8857142857142857,7.0,8.0,2.0,16.0
-0.6466666666666666,-0.6733333333333333,0.023231393976564173,0.8571428571428571,6.0,8.0,2.0,16.0
-0.6466666666666666,-0.66,0.02534333888352455,0.8857142857142857,7.0,8.0,2.0,16.0
-0.6866666666666666,-0.66,0.007391807174361327,0.8857142857142857,7.0,8.0,2.0,16.0
-0.72,-0.7133333333333334,0.01953549038938351,0.7428571428571429,2.0,8.0,2.0,16.0
-0.6266666666666667,-0.6266666666666667,0.008447779627841517,0.8857142857142857,7.0,8.0,2.0,16.0
-0.7066666666666667,-0.7133333333333334,0.041182925685727394,0.7714285714285715,3.0,8.0,2.0,16.0
-0.6733333333333333,-0.68,0.023759380203304262,0.8571428571428571,6.0,8.0,2.0,16.0
-0.6666666666666666,-0.6733333333333333,0.035375077191586356,0.8857142857142857,7.0,8.0,2.0,16.0
-0.7,-0.66,0.045406815499648166,0.8571428571428571,6.0,8.0,2.0,16.0
-0.6466666666666666,-0.6533333333333333,0.029567228697445314,0.8857142857142857,7.0,8.0,2.0,16.0
-0.6533333333333333,-0.66,0.04804674663334863,0.8857142857142857,7.0,8.0,2.0,16.0
-0.66,-0.6666666666666666,0.01900750416264341,0.8857142857142857,7.0,8.0,2.0,16.0
-0.6933333333333334,-0.7066666666666667,0.01319965566850237,0.7714285714285715,3.0,8.0,2.0,16.0
-0.6733333333333333,-0.6866666666666666,0.030623201150925504,0.8285714285714286,5.0,8.0,2.0,16.0
-0.6866666666666666,-0.66,0.017951531709163217,0.8857142857142857,7.0,8.0,2.0,16.0
-0.6666666666666666,-0.6333333333333333,0.04699077417986843,0.9142857142857143,8.0,8.0,2.0,16.0
-0.6866666666666666,-0.66,0.017951531709163217,0.8857142857142857,7.0,8.0,2.0,16.0
-0.7133333333333334,-0.6933333333333334,0.023231393976564173,0.8,4.0,8.0,2.0,16.0
-0.68,-0.68,0.023759380203304262,0.8571428571428571,6.0,8.0,2.0,16.0
-0.66,-0.6733333333333333,0.07761397533079395,0.8571428571428571,6.0,8.0,2.0,16.0
-0.7533333333333333,-0.7666666666666667,0.0026399311337004724,0.5428571428571428,-5.0,8.0,2.0,16.0
-0.66,-0.66,0.045406815499648166,0.8571428571428571,6.0,8.0,2.0,16.0
-0.7,-0.6733333333333333,0.03379111851136607,0.8571428571428571,6.0,8.0,2.0,16.0
-0.66,-0.66,0.02534333888352455,0.8857142857142857,7.0,8.0,2.0,16.0
-0.62,-0.6266666666666667,0.07127814060991279,0.8857142857142857,7.0,8.0,2.0,16.0
-0.7066666666666667,-0.6933333333333334,0.023231393976564173,0.8,4.0,8.0,2.0,16.0
-0.64,-0.64,0.017423545482423128,0.8857142857142857,7.0,8.0,2.0,16.0
-0.6466666666666666,-0.64,0.024815352656784456,0.8857142857142857,7.0,8.0,2.0,16.0
-0.6666666666666666,-0.66,0.007391807174361327,0.8857142857142857,7.0,8.0,2.0,16.0
-0.64,-0.6333333333333333,0.013727641895242467,0.8857142857142857,7.0,8.0,2.0,16.0
-0.7466666666666667,-0.7,0.0712781406099128,0.7714285714285715,3.0,8.0,2.0,16.0
-0.7066666666666667,-0.7066666666666667,0.008447779627841516,0.7714285714285715,3.0,8.0,2.0,16.0
-0.6533333333333333,-0.66,0.05491056758096985,0.8857142857142857,7.0,8.0,2.0,16.0
-0.6533333333333333,-0.6533333333333333,0.023759380203304262,0.8857142857142857,7.0,8.0,2.0,16.0
-0.7533333333333333,-0.7,0.0712781406099128,0.7714285714285715,3.0,8.0,2.0,16.0
-0.6333333333333333,-0.6333333333333333,0.013727641895242467,0.8857142857142857,7.0,8.0,2.0,16.0
-0.7466666666666667,-0.7133333333333334,0.041182925685727394,0.7714285714285715,3.0,8.0,2.0,16.0
-0.6666666666666666,-0.6666666666666666,0.06652626456925195,0.8571428571428571,6.0,8.0,2.0,16.0
-0.6666666666666666,-0.64,0.08975765854581612,0.8857142857142857,7.0,8.0,2.0,16.0
-0.6933333333333334,-0.6933333333333334,0.01214368321502218,0.8,4.0,8.0,2.0,16.0
-0.7066666666666667,-0.7066666666666667,0.01214368321502218,0.7714285714285715,3.0,8.0,2.0,16.0
-0.6666666666666666,-0.66,0.00791979340110142,0.8857142857142857,7.0,8.0,2.0,16.0
-0.6466666666666666,-0.6533333333333333,0.04329487059268777,0.8857142857142857,7.0,8.0,2.0,16.0
-0.6866666666666666,-0.6666666666666666,0.0628303609820713,0.8857142857142857,7.0,8.0,2.0,16.0
-0.6733333333333333,-0.6533333333333333,0.06863820947621233,0.8857142857142857,7.0,8.0,2.0,16.0
-0.6866666666666666,-0.6933333333333334,0.041182925685727394,0.8285714285714286,5.0,8.0,2.0,16.0
-0.66,-0.6666666666666666,0.16895559255683035,0.8857142857142857,7.0,8.0,2.0,16.0
-0.6666666666666666,-0.6533333333333333,0.013727641895242467,0.8857142857142857,7.0,8.0,2.0,16.0
-0.7,-0.6733333333333333,0.03379111851136607,0.8571428571428571,6.0,8.0,2.0,16.0
-0.64,-0.6533333333333333,0.04329487059268777,0.8857142857142857,7.0,8.0,2.0,16.0
-0.7266666666666667,-0.6933333333333334,0.023231393976564173,0.8,4.0,8.0,2.0,16.0
-0.6933333333333334,-0.6733333333333333,0.02534333888352456,0.8857142857142857,7.0,8.0,2.0,16.0
-0.6733333333333333,-0.66,0.04804674663334863,0.8857142857142857,7.0,8.0,2.0,16.0
-0.6733333333333333,-0.64,0.060190429848370815,0.8857142857142857,7.0,8.0,2.0,16.0
-0.7333333333333333,-0.76,0.016367573028942938,0.5714285714285714,-4.0,8.0,2.0,16.0
-0.68,-0.6733333333333333,0.039598967005507114,0.8571428571428571,6.0,8.0,2.0,16.0
-0.6533333333333333,-0.66,0.00791979340110142,0.8857142857142857,7.0,8.0,2.0,16.0
-0.7133333333333334,-0.7133333333333334,0.041182925685727394,0.7714285714285715,3.0,8.0,2.0,16.0
-0.66,-0.6733333333333333,0.035375077191586356,0.8857142857142857,7.0,8.0,2.0,16.0
-0.7,-0.6933333333333334,0.01900750416264341,0.8285714285714286,5.0,8.0,2.0,16.0
-0.6666666666666666,-0.66,0.02217542152308398,0.8571428571428571,6.0,8.0,2.0,16.0
-0.7266666666666667,-0.72,0.006335834720881137,0.6857142857142857,0.0,8.0,2.0,16.0
-0.6733333333333333,-0.66,0.05491056758096985,0.8857142857142857,7.0,8.0,2.0,16.0
-0.6333333333333333,-0.6333333333333333,0.04699077417986843,0.9142857142857143,8.0,8.0,2.0,16.0
-0.7,-0.6666666666666666,0.16895559255683035,0.8857142857142857,7.0,8.0,2.0,16.0
-0.7333333333333333,-0.74,0.007391807174361327,0.6285714285714286,-2.0,8.0,2.0,16.0
-0.6866666666666666,-0.66,0.05491056758096985,0.8857142857142857,7.0,8.0,2.0,16.0
-0.6733333333333333,-0.6866666666666666,0.04910271908682882,0.8571428571428571,6.0,8.0,2.0,16.0
-0.6466666666666666,-0.64,0.017951531709163217,0.8857142857142857,7.0,8.0,2.0,16.0
-0.6866666666666666,-0.6533333333333333,0.02903924247070522,0.8857142857142857,7.0,8.0,2.0,16.0
-0.6466666666666666,-0.6533333333333333,0.025871325110264645,0.8857142857142857,7.0,8.0,2.0,16.0
-0.6466666666666666,-0.6533333333333333,0.03167917360440569,0.8857142857142857,7.0,8.0,2.0,16.0
-0.6466666666666666,-0.6533333333333333,0.029567228697445314,0.8857142857142857,7.0,8.0,2.0,16.0
-0.6733333333333333,-0.6733333333333333,0.02534333888352456,0.8857142857142857,7.0,8.0,2.0,16.0
-0.6466666666666666,-0.64,0.024815352656784456,0.8857142857142857,7.0,8.0,2.0,16.0
-0.6933333333333334,-0.6533333333333333,0.013727641895242467,0.8857142857142857,7.0,8.0,2.0,16.0
-0.66,-0.6666666666666666,0.08342182382493499,0.8857142857142857,7.0,8.0,2.0,16.0
-0.7,-0.6866666666666666,0.030623201150925504,0.8285714285714286,5.0,8.0,2.0,16.0
-0.6466666666666666,-0.6333333333333333,0.06441431966229157,0.8857142857142857,7.0,8.0,2.0,16.0
-0.7133333333333334,-0.7066666666666667,0.01214368321502218,0.7714285714285715,3.0,8.0,2.0,16.0
-0.7,-0.6666666666666666,0.07550203042383358,0.8571428571428571,6.0,8.0,2.0,16.0
-0.6733333333333333,-0.6733333333333333,0.039598967005507114,0.8571428571428571,6.0,8.0,2.0,16.0
-0.66,-0.6666666666666666,0.05385459512748969,0.8857142857142857,7.0,8.0,2.0,16.0
-0.7066666666666667,-0.6866666666666666,0.0628303609820713,0.8571428571428571,6.0,8.0,2.0,16.0
-0.6733333333333333,-0.6533333333333333,0.024815352656784456,0.8857142857142857,7.0,8.0,2.0,16.0
-0.66,-0.6266666666666667,0.05491056758096985,0.8857142857142857,7.0,8.0,2.0,16.0
-0.6933333333333334,-0.6933333333333334,0.006335834720881137,0.8285714285714286,5.0,8.0,2.0,16.0
-0.6733333333333333,-0.6733333333333333,0.04540681549964815,0.8571428571428571,6.0,8.0,2.0,16.0
-0.6333333333333333,-0.64,0.017423545482423128,0.8857142857142857,7.0,8.0,2.0,16.0
-0.66,-0.6666666666666666,0.016367573028942938,0.8857142857142857,7.0,8.0,2.0,17.0
-0.6866666666666666,-0.6866666666666666,0.03167917360440569,0.8285714285714286,5.0,8.0,2.0,17.0
-0.7133333333333334,-0.6866666666666666,0.0311511873776656,0.8571428571428571,6.0,8.0,2.0,17.0
-0.6733333333333333,-0.68,0.0047518760406608535,0.8571428571428571,6.0,8.0,2.0,17.0
-0.7133333333333334,-0.7133333333333334,0.01953549038938351,0.7428571428571429,2.0,8.0,2.0,17.0
-0.6666666666666666,-0.6666666666666666,0.03748702209854673,0.8857142857142857,7.0,8.0,2.0,17.0
-0.66,-0.6666666666666666,0.046462787953128346,0.8571428571428571,6.0,8.0,2.0,17.0
-0.6866666666666666,-0.6866666666666666,0.02798327001722503,0.8285714285714286,5.0,8.0,2.0,17.0
-0.6733333333333333,-0.6733333333333333,0.058606471168150535,0.8571428571428571,6.0,8.0,2.0,17.0
-0.6733333333333333,-0.6666666666666666,0.03748702209854673,0.8857142857142857,7.0,8.0,2.0,17.0
-0.6666666666666666,-0.6733333333333333,0.02217542152308398,0.8571428571428571,6.0,8.0,2.0,17.0
-0.6733333333333333,-0.6733333333333333,0.012143683215022183,0.8571428571428571,6.0,8.0,2.0,17.0
-0.6933333333333334,-0.6666666666666666,0.04276688436594768,0.8571428571428571,6.0,8.0,2.0,17.0
-0.7266666666666667,-0.7,0.010559724534801893,0.8,4.0,8.0,2.0,17.0
-0.6666666666666666,-0.6733333333333333,0.007391807174361327,0.8857142857142857,7.0,8.0,2.0,17.0
-0.6866666666666666,-0.6933333333333334,0.0718061268366529,0.8285714285714286,5.0,8.0,2.0,17.0
-0.68,-0.6866666666666666,0.016367573028942938,0.8571428571428571,6.0,8.0,2.0,17.0
-0.6933333333333334,-0.6866666666666666,0.007391807174361327,0.8285714285714286,5.0,8.0,2.0,17.0
-0.6666666666666666,-0.6733333333333333,0.012143683215022183,0.8571428571428571,6.0,8.0,2.0,17.0
-0.68,-0.68,0.013199655668502371,0.8571428571428571,6.0,8.0,2.0,17.0
-0.6733333333333333,-0.6666666666666666,0.02217542152308398,0.8857142857142857,7.0,8.0,2.0,17.0
-0.7,-0.6733333333333333,0.02217542152308398,0.8571428571428571,6.0,8.0,2.0,17.0
-0.6733333333333333,-0.68,0.030623201150925507,0.8571428571428571,6.0,8.0,2.0,17.0
-0.6733333333333333,-0.6733333333333333,0.030623201150925507,0.8857142857142857,7.0,8.0,2.0,17.0
-0.6733333333333333,-0.6733333333333333,0.0512146639937892,0.8571428571428571,6.0,8.0,2.0,17.0
-0.6733333333333333,-0.6733333333333333,0.0026399311337004724,0.8857142857142857,7.0,8.0,2.0,17.0
-0.7,-0.68,0.025871325110264645,0.8571428571428571,6.0,8.0,2.0,17.0
-0.7,-0.68,0.0406549394589873,0.8571428571428571,6.0,8.0,2.0,17.0
-0.6866666666666666,-0.6733333333333333,0.034847090964846256,0.8857142857142857,7.0,8.0,2.0,17.0
-0.6933333333333334,-0.68,0.05702251248793025,0.8571428571428571,6.0,8.0,2.0,17.0
-0.7,-0.6733333333333333,0.058606471168150535,0.8571428571428571,6.0,8.0,2.0,17.0
-0.7,-0.68,0.013727641895242467,0.8571428571428571,6.0,8.0,2.0,17.0
-0.7266666666666667,-0.7,0.010559724534801893,0.8,4.0,8.0,2.0,17.0
-0.6733333333333333,-0.68,0.00791979340110142,0.8571428571428571,6.0,8.0,2.0,17.0
-0.6933333333333334,-0.6733333333333333,0.05438258135422976,0.8571428571428571,6.0,8.0,2.0,17.0
-0.7066666666666667,-0.6866666666666666,0.02798327001722503,0.8285714285714286,5.0,8.0,2.0,17.0
-0.7,-0.6733333333333333,0.05807848494141043,0.8571428571428571,6.0,8.0,2.0,17.0
-0.6933333333333334,-0.6866666666666666,0.0406549394589873,0.8285714285714286,5.0,8.0,2.0,17.0
-0.7,-0.68,0.013727641895242467,0.8571428571428571,6.0,8.0,2.0,17.0
-0.68,-0.6733333333333333,0.016367573028942938,0.8571428571428571,6.0,8.0,2.0,17.0
-0.7,-0.6666666666666666,0.046462787953128346,0.8571428571428571,6.0,8.0,2.0,17.0
-0.6733333333333333,-0.6733333333333333,0.039598967005507114,0.8571428571428571,6.0,8.0,2.0,17.0
-0.6666666666666666,-0.6733333333333333,0.0026399311337004724,0.8857142857142857,7.0,8.0,2.0,17.0
-0.6733333333333333,-0.6733333333333333,0.02481535265678446,0.8571428571428571,6.0,8.0,2.0,17.0
-0.6866666666666666,-0.68,0.013199655668502371,0.8571428571428571,6.0,8.0,2.0,17.0
-0.6933333333333334,-0.6866666666666666,0.03167917360440569,0.8285714285714286,5.0,8.0,2.0,17.0
-0.6733333333333333,-0.68,0.0406549394589873,0.8571428571428571,6.0,8.0,2.0,17.0
-0.68,-0.6866666666666666,0.013199655668502371,0.8571428571428571,6.0,8.0,2.0,17.0
-0.68,-0.68,0.023231393976564173,0.8571428571428571,6.0,8.0,2.0,17.0
-0.6666666666666666,-0.6666666666666666,0.035375077191586356,0.8857142857142857,7.0,8.0,2.0,17.0
-0.6533333333333333,-0.66,0.08922967231907604,0.8857142857142857,7.0,8.0,2.0,17.0
-0.6866666666666666,-0.6666666666666666,0.04276688436594768,0.8571428571428571,6.0,8.0,2.0,17.0
-0.7066666666666667,-0.6866666666666666,0.00791979340110142,0.8285714285714286,5.0,8.0,2.0,17.0
-0.7533333333333333,-0.72,0.007391807174361327,0.6857142857142857,0.0,8.0,2.0,17.0
-0.6733333333333333,-0.68,0.08289383759819487,0.8571428571428571,6.0,8.0,2.0,17.0
-0.6733333333333333,-0.6666666666666666,0.034847090964846256,0.8857142857142857,7.0,8.0,2.0,17.0
-0.6733333333333333,-0.68,0.020063476616123604,0.8571428571428571,6.0,8.0,2.0,17.0
-0.6933333333333334,-0.6733333333333333,0.016367573028942938,0.8571428571428571,6.0,8.0,2.0,17.0
-0.6866666666666666,-0.6866666666666666,0.02798327001722503,0.8285714285714286,5.0,8.0,2.0,17.0
-0.68,-0.68,0.04329487059268777,0.7428571428571429,2.0,8.0,2.0,17.0
-0.6866666666666666,-0.6733333333333333,0.04540681549964815,0.8571428571428571,6.0,8.0,2.0,17.0
-0.6733333333333333,-0.6733333333333333,0.034847090964846256,0.8857142857142857,7.0,8.0,2.0,17.0
-0.6666666666666666,-0.6733333333333333,0.04540681549964815,0.8571428571428571,6.0,8.0,2.0,17.0
-0.6733333333333333,-0.6733333333333333,0.024815352656784456,0.8857142857142857,7.0,8.0,2.0,17.0
-0.6733333333333333,-0.6733333333333333,0.010559724534801893,0.8571428571428571,6.0,8.0,2.0,17.0
-0.6666666666666666,-0.6733333333333333,0.05702251248793025,0.8571428571428571,6.0,8.0,2.0,17.0
-0.7,-0.68,0.04276688436594769,0.8571428571428571,6.0,8.0,2.0,17.0
-0.7,-0.6733333333333333,0.030623201150925507,0.8857142857142857,7.0,8.0,2.0,17.0
-0.7133333333333334,-0.6866666666666666,0.007391807174361327,0.8285714285714286,5.0,8.0,2.0,17.0
-0.6733333333333333,-0.68,0.013199655668502371,0.8571428571428571,6.0,8.0,2.0,17.0
-0.6733333333333333,-0.6733333333333333,0.039598967005507114,0.8571428571428571,6.0,8.0,2.0,17.0
-0.6933333333333334,-0.68,0.01900750416264341,0.8571428571428571,6.0,8.0,2.0,17.0
-0.6666666666666666,-0.6733333333333333,0.030623201150925507,0.8857142857142857,7.0,8.0,2.0,17.0
-0.6866666666666666,-0.6733333333333333,0.012143683215022183,0.8571428571428571,6.0,8.0,2.0,17.0
-0.6933333333333334,-0.68,0.023231393976564173,0.8571428571428571,6.0,8.0,2.0,17.0
-0.7133333333333334,-0.6866666666666666,0.016367573028942938,0.8571428571428571,6.0,8.0,2.0,17.0
-0.6666666666666666,-0.6733333333333333,0.04540681549964815,0.8571428571428571,6.0,8.0,2.0,17.0
-0.6866666666666666,-0.6866666666666666,0.04276688436594768,0.8571428571428571,6.0,8.0,2.0,17.0
-0.6933333333333334,-0.6866666666666666,0.0406549394589873,0.8285714285714286,5.0,8.0,2.0,17.0
-0.6666666666666666,-0.6733333333333333,0.058606471168150535,0.8571428571428571,6.0,8.0,2.0,17.0
-0.7,-0.68,0.0406549394589873,0.8571428571428571,6.0,8.0,2.0,17.0
-0.66,-0.6666666666666666,0.03748702209854673,0.8857142857142857,7.0,8.0,2.0,17.0
-0.68,-0.68,0.01900750416264341,0.8571428571428571,6.0,8.0,2.0,17.0
-0.6666666666666666,-0.6733333333333333,0.0406549394589873,0.8571428571428571,6.0,8.0,2.0,17.0
-0.7066666666666667,-0.7,0.010559724534801893,0.8,4.0,8.0,2.0,17.0
-0.6733333333333333,-0.6733333333333333,0.0918696034527765,0.8571428571428571,6.0,8.0,2.0,17.0
-0.6466666666666666,-0.6533333333333333,0.09767745194691753,0.8857142857142857,7.0,8.0,2.0,17.0
-0.6733333333333333,-0.68,0.08289383759819487,0.8571428571428571,6.0,8.0,2.0,17.0
-0.7,-0.7,0.039598967005507114,0.8,4.0,8.0,2.0,17.0
-0.6733333333333333,-0.6866666666666666,0.016367573028942938,0.8571428571428571,6.0,8.0,2.0,17.0
-0.66,-0.6733333333333333,0.017951531709163217,0.8571428571428571,6.0,8.0,2.0,17.0
-0.66,-0.6666666666666666,0.035375077191586356,0.8857142857142857,7.0,8.0,2.0,17.0
-0.68,-0.6733333333333333,0.016367573028942938,0.8571428571428571,6.0,8.0,2.0,17.0
-0.6666666666666666,-0.6733333333333333,0.039598967005507114,0.8571428571428571,6.0,8.0,2.0,17.0
-0.7133333333333334,-0.6866666666666666,0.04910271908682882,0.8285714285714286,5.0,8.0,2.0,17.0
-0.74,-0.7,0.041182925685727394,0.8,4.0,8.0,2.0,17.0
-0.68,-0.68,0.0406549394589873,0.8571428571428571,6.0,8.0,2.0,17.0
-0.6933333333333334,-0.6866666666666666,0.058606471168150535,0.8571428571428571,6.0,8.0,2.0,17.0
-0.6533333333333333,-0.6533333333333333,0.0512146639937892,0.8857142857142857,7.0,8.0,2.0,17.0
-0.6866666666666666,-0.68,0.020063476616123604,0.8571428571428571,6.0,8.0,2.0,17.0
-0.68,-0.68,0.04329487059268777,0.7428571428571429,2.0,8.0,2.0,17.0
-0.6466666666666666,-0.6666666666666666,0.034847090964846256,0.8857142857142857,7.0,8.0,2.0,17.0
-0.72,-0.7133333333333334,0.01953549038938351,0.7428571428571429,2.0,8.0,2.0,17.0
-0.6733333333333333,-0.6733333333333333,0.05702251248793025,0.8571428571428571,6.0,8.0,2.0,17.0
-0.6866666666666666,-0.68,0.013199655668502371,0.8571428571428571,6.0,8.0,2.0,17.0
-0.6733333333333333,-0.6733333333333333,0.020063476616123607,0.8571428571428571,6.0,8.0,2.0,17.0
-0.6866666666666666,-0.6733333333333333,0.04540681549964815,0.8571428571428571,6.0,8.0,2.0,17.0
-0.6733333333333333,-0.68,0.00791979340110142,0.8571428571428571,6.0,8.0,2.0,17.0
-0.6666666666666666,-0.6666666666666666,0.035375077191586356,0.8857142857142857,7.0,8.0,2.0,17.0
-0.6733333333333333,-0.6733333333333333,0.0026399311337004724,0.8857142857142857,7.0,8.0,2.0,17.0
-0.66,-0.6733333333333333,0.05438258135422976,0.8571428571428571,6.0,8.0,2.0,17.0
-0.6866666666666666,-0.66,0.08922967231907604,0.8857142857142857,7.0,8.0,2.0,17.0
-0.6933333333333334,-0.6733333333333333,0.016367573028942938,0.8571428571428571,6.0,8.0,2.0,17.0
-0.6866666666666666,-0.6666666666666666,0.03748702209854673,0.8857142857142857,7.0,8.0,2.0,17.0
-0.7133333333333334,-0.6866666666666666,0.04910271908682882,0.8285714285714286,5.0,8.0,2.0,17.0
-0.74,-0.6933333333333334,0.013727641895242467,0.8285714285714286,5.0,8.0,2.0,17.0
-0.6933333333333334,-0.6866666666666666,0.0311511873776656,0.8571428571428571,6.0,8.0,2.0,17.0
-0.6666666666666666,-0.6733333333333333,0.0406549394589873,0.8571428571428571,6.0,8.0,2.0,17.0
-0.6933333333333334,-0.6733333333333333,0.039598967005507114,0.8571428571428571,6.0,8.0,2.0,17.0
-0.6733333333333333,-0.68,0.05702251248793025,0.8571428571428571,6.0,8.0,2.0,17.0
-0.68,-0.6866666666666666,0.016367573028942938,0.8571428571428571,6.0,8.0,2.0,17.0
-0.68,-0.68,0.03748702209854673,0.8571428571428571,6.0,8.0,2.0,17.0
-0.6666666666666666,-0.6733333333333333,0.020063476616123607,0.8571428571428571,6.0,8.0,2.0,17.0
-0.6933333333333334,-0.68,0.023231393976564173,0.8571428571428571,6.0,8.0,2.0,17.0
-0.68,-0.68,0.030623201150925507,0.8571428571428571,6.0,8.0,2.0,17.0
-0.7066666666666667,-0.6933333333333334,0.013727641895242467,0.8285714285714286,5.0,8.0,2.0,17.0
-0.6733333333333333,-0.68,0.025871325110264645,0.8571428571428571,6.0,8.0,2.0,17.0
-0.7133333333333334,-0.68,0.013199655668502371,0.8571428571428571,6.0,8.0,2.0,17.0
-0.6733333333333333,-0.6733333333333333,0.02217542152308398,0.8571428571428571,6.0,8.0,2.0,17.0
-0.68,-0.6733333333333333,0.0918696034527765,0.8571428571428571,6.0,8.0,2.0,17.0
-0.7066666666666667,-0.6733333333333333,0.0512146639937892,0.8571428571428571,6.0,8.0,2.0,17.0
-0.6666666666666666,-0.6533333333333333,0.0512146639937892,0.8857142857142857,7.0,8.0,2.0,17.0
-0.6866666666666666,-0.68,0.04329487059268777,0.7428571428571429,2.0,8.0,2.0,17.0
-0.6733333333333333,-0.6733333333333333,0.034847090964846256,0.8857142857142857,7.0,8.0,2.0,17.0
-0.7066666666666667,-0.7,0.041182925685727394,0.8,4.0,8.0,2.0,17.0
-0.6666666666666666,-0.6666666666666666,0.04276688436594768,0.8571428571428571,6.0,8.0,2.0,17.0
-0.7,-0.6733333333333333,0.0512146639937892,0.8571428571428571,6.0,8.0,2.0,17.0
-0.6866666666666666,-0.6666666666666666,0.035375077191586356,0.8857142857142857,7.0,8.0,2.0,17.0
-0.7,-0.6666666666666666,0.03748702209854673,0.8857142857142857,7.0,8.0,2.0,17.0
-0.7133333333333334,-0.6866666666666666,0.07233411306339299,0.8571428571428571,6.0,8.0,2.0,17.0
-0.7,-0.6666666666666666,0.046462787953128346,0.8571428571428571,6.0,8.0,2.0,17.0
-0.6866666666666666,-0.6933333333333334,0.0718061268366529,0.8285714285714286,5.0,8.0,2.0,17.0
-0.7,-0.6933333333333334,0.013727641895242467,0.8285714285714286,5.0,8.0,2.0,17.0
-0.7066666666666667,-0.6933333333333334,0.017951531709163217,0.8,4.0,8.0,2.0,17.0
-0.68,-0.6866666666666666,0.00791979340110142,0.8285714285714286,5.0,8.0,2.0,17.0
-0.6733333333333333,-0.6733333333333333,0.039598967005507114,0.8571428571428571,6.0,8.0,2.0,17.0
-0.7,-0.6933333333333334,0.013727641895242467,0.8285714285714286,5.0,8.0,2.0,17.0
-0.6666666666666666,-0.6733333333333333,0.01953549038938351,0.8571428571428571,6.0,8.0,2.0,17.0
-0.7066666666666667,-0.6733333333333333,0.046462787953128346,0.8571428571428571,6.0,8.0,2.0,17.0
-0.6933333333333334,-0.68,0.013727641895242467,0.8571428571428571,6.0,8.0,2.0,17.0
-0.66,-0.6666666666666666,0.046462787953128346,0.8571428571428571,6.0,8.0,2.0,17.0
-0.6866666666666666,-0.6733333333333333,0.020063476616123607,0.8571428571428571,6.0,8.0,2.0,17.0
-0.6733333333333333,-0.6733333333333333,0.05807848494141043,0.8571428571428571,6.0,8.0,2.0,17.0
-0.6733333333333333,-0.68,0.0047518760406608535,0.8571428571428571,6.0,8.0,2.0,17.0
-0.66,-0.6733333333333333,0.0406549394589873,0.8571428571428571,6.0,8.0,2.0,17.0
-0.7,-0.6733333333333333,0.058606471168150535,0.8571428571428571,6.0,8.0,2.0,17.0
-0.6866666666666666,-0.68,0.01900750416264341,0.8571428571428571,6.0,8.0,2.0,17.0
-0.6666666666666666,-0.6733333333333333,0.0311511873776656,0.8571428571428571,6.0,8.0,2.0,17.0
-0.6533333333333333,-0.6533333333333333,0.09767745194691753,0.8857142857142857,7.0,8.0,2.0,17.0
-0.7,-0.6733333333333333,0.039598967005507114,0.8571428571428571,6.0,8.0,2.0,17.0
-0.66,-0.6733333333333333,0.007391807174361327,0.8857142857142857,7.0,8.0,2.0,17.0
-0.6733333333333333,-0.68,0.00791979340110142,0.8571428571428571,6.0,8.0,2.0,17.0
-0.6866666666666666,-0.6866666666666666,0.0311511873776656,0.8571428571428571,6.0,8.0,2.0,17.0
-0.6933333333333334,-0.68,0.05702251248793025,0.8571428571428571,6.0,8.0,2.0,17.0
-0.6666666666666666,-0.6733333333333333,0.0026399311337004724,0.8857142857142857,7.0,8.0,2.0,17.0
-0.6733333333333333,-0.6733333333333333,0.0311511873776656,0.8571428571428571,6.0,8.0,2.0,17.0
-0.6733333333333333,-0.6733333333333333,0.05702251248793025,0.8571428571428571,6.0,8.0,2.0,17.0
-0.6733333333333333,-0.6733333333333333,0.02217542152308398,0.8571428571428571,6.0,8.0,2.0,17.0
-0.68,-0.68,0.013727641895242467,0.8571428571428571,6.0,8.0,2.0,17.0
-0.6866666666666666,-0.6866666666666666,0.013199655668502371,0.8571428571428571,6.0,8.0,2.0,17.0
-0.6866666666666666,-0.68,0.023231393976564173,0.8571428571428571,6.0,8.0,2.0,17.0
-0.7,-0.68,0.025871325110264645,0.8571428571428571,6.0,8.0,2.0,17.0
-0.6666666666666666,-0.6733333333333333,0.02217542152308398,0.8571428571428571,6.0,8.0,2.0,17.0
-0.7066666666666667,-0.6933333333333334,0.017951531709163217,0.8,4.0,8.0,2.0,17.0
-0.6733333333333333,-0.6733333333333333,0.007391807174361327,0.8857142857142857,7.0,8.0,2.0,17.0
-0.6866666666666666,-0.6666666666666666,0.035375077191586356,0.8857142857142857,7.0,8.0,2.0,17.0
-0.6866666666666666,-0.6866666666666666,0.0311511873776656,0.8571428571428571,6.0,8.0,2.0,17.0
-0.7333333333333333,-0.72,0.007391807174361327,0.6857142857142857,0.0,8.0,2.0,17.0
-0.7,-0.68,0.025871325110264645,0.8571428571428571,6.0,8.0,2.0,17.0
-0.6866666666666666,-0.6733333333333333,0.007391807174361327,0.8857142857142857,7.0,8.0,2.0,17.0
-0.74,-0.72,0.007391807174361327,0.6857142857142857,0.0,8.0,2.0,17.0
-0.6866666666666666,-0.6866666666666666,0.006335834720881137,0.8571428571428571,6.0,8.0,2.0,17.0
-0.7066666666666667,-0.68,0.04329487059268777,0.7428571428571429,2.0,8.0,2.0,17.0
-0.6933333333333334,-0.68,0.020063476616123604,0.8571428571428571,6.0,8.0,2.0,17.0
-0.6733333333333333,-0.6733333333333333,0.010559724534801893,0.8571428571428571,6.0,8.0,2.0,17.0
-0.74,-0.7133333333333334,0.01953549038938351,0.7428571428571429,2.0,8.0,2.0,17.0
-0.6533333333333333,-0.6666666666666666,0.016367573028942938,0.8857142857142857,7.0,8.0,2.0,17.0
-0.7066666666666667,-0.68,0.01900750416264341,0.8571428571428571,6.0,8.0,2.0,17.0
-0.6733333333333333,-0.68,0.025871325110264645,0.8571428571428571,6.0,8.0,2.0,17.0
-0.6866666666666666,-0.6733333333333333,0.034847090964846256,0.8857142857142857,7.0,8.0,2.0,17.0
-0.6533333333333333,-0.66,0.08922967231907604,0.8857142857142857,7.0,8.0,2.0,17.0
-0.7133333333333334,-0.68,0.03748702209854673,0.8571428571428571,6.0,8.0,2.0,17.0
-0.68,-0.6733333333333333,0.0918696034527765,0.8571428571428571,6.0,8.0,2.0,17.0
-0.6733333333333333,-0.6733333333333333,0.0026399311337004724,0.8857142857142857,7.0,8.0,2.0,17.0
-0.7,-0.6733333333333333,0.039598967005507114,0.8571428571428571,6.0,8.0,2.0,17.0
-0.7133333333333334,-0.6866666666666666,0.07233411306339299,0.8571428571428571,6.0,8.0,2.0,17.0
-0.6733333333333333,-0.68,0.0406549394589873,0.8571428571428571,6.0,8.0,2.0,17.0
-0.6733333333333333,-0.68,0.04329487059268777,0.7428571428571429,2.0,8.0,2.0,17.0
-0.6466666666666666,-0.6533333333333333,0.09767745194691753,0.8857142857142857,7.0,8.0,2.0,17.0
-0.6533333333333333,-0.66,0.029567228697445307,0.8857142857142857,7.0,8.0,2.0,17.0
-0.66,-0.6666666666666666,0.034847090964846256,0.8857142857142857,7.0,8.0,2.0,17.0
-0.6733333333333333,-0.68,0.08289383759819487,0.8571428571428571,6.0,8.0,2.0,17.0
-0.68,-0.6733333333333333,0.039598967005507114,0.8571428571428571,6.0,8.0,2.0,17.0
-0.68,-0.6733333333333333,0.024815352656784456,0.8857142857142857,7.0,8.0,2.0,17.0
-0.6933333333333334,-0.6866666666666666,0.02798327001722503,0.8285714285714286,5.0,8.0,2.0,17.0
-0.6933333333333334,-0.6866666666666666,0.013199655668502371,0.8571428571428571,6.0,8.0,2.0,17.0
-0.66,-0.66,0.08922967231907604,0.8857142857142857,7.0,8.0,2.0,17.0
-0.7266666666666667,-0.6866666666666666,0.03167917360440569,0.8285714285714286,5.0,8.0,2.0,17.0
-0.6866666666666666,-0.6866666666666666,0.00791979340110142,0.8285714285714286,5.0,8.0,2.0,17.0
-0.6866666666666666,-0.6666666666666666,0.046462787953128346,0.8571428571428571,6.0,8.0,2.0,17.0
-0.7066666666666667,-0.6866666666666666,0.013199655668502371,0.8571428571428571,6.0,8.0,2.0,17.0
-0.6933333333333334,-0.68,0.0406549394589873,0.8571428571428571,6.0,8.0,2.0,17.0
-0.68,-0.6733333333333333,0.017951531709163217,0.8571428571428571,6.0,8.0,2.0,17.0
-0.6733333333333333,-0.6733333333333333,0.012143683215022183,0.8571428571428571,6.0,8.0,2.0,17.0
-0.7066666666666667,-0.6933333333333334,0.013727641895242467,0.8285714285714286,5.0,8.0,2.0,17.0
-0.6666666666666666,-0.6733333333333333,0.04276688436594769,0.8571428571428571,6.0,8.0,2.0,17.0
-0.7,-0.6733333333333333,0.024815352656784456,0.8857142857142857,7.0,8.0,2.0,17.0
-0.7133333333333334,-0.6866666666666666,0.04910271908682882,0.8285714285714286,5.0,8.0,2.0,17.0
-0.6733333333333333,-0.68,0.04276688436594769,0.8571428571428571,6.0,8.0,2.0,17.0
-0.7266666666666667,-0.7,0.041182925685727394,0.8,4.0,8.0,2.0,17.0
-0.7,-0.6866666666666666,0.0406549394589873,0.8285714285714286,5.0,8.0,2.0,17.0
-0.66,-0.6733333333333333,0.024815352656784456,0.8571428571428571,6.0,8.0,2.0,17.0
-0.6666666666666666,-0.6666666666666666,0.041182925685727394,0.8571428571428571,6.0,8.0,2.0,17.0
-0.7133333333333334,-0.6866666666666666,0.058606471168150535,0.8571428571428571,6.0,8.0,2.0,17.0
-0.6866666666666666,-0.6733333333333333,0.016367573028942938,0.8571428571428571,6.0,8.0,2.0,17.0
-0.6666666666666666,-0.6666666666666666,0.041182925685727394,0.8571428571428571,6.0,8.0,2.0,17.0
-0.6866666666666666,-0.6666666666666666,0.04276688436594768,0.8571428571428571,6.0,8.0,2.0,17.0
-0.66,-0.6733333333333333,0.04540681549964815,0.8571428571428571,6.0,8.0,2.0,17.0
-0.7066666666666667,-0.6866666666666666,0.04276688436594768,0.8571428571428571,6.0,8.0,2.0,17.0
-0.6933333333333334,-0.6733333333333333,0.016367573028942938,0.8571428571428571,6.0,8.0,2.0,17.0
-0.6866666666666666,-0.68,0.023231393976564173,0.8571428571428571,6.0,8.0,2.0,17.0
-0.7133333333333334,-0.6933333333333334,0.017951531709163217,0.8,4.0,8.0,2.0,17.0
-0.7066666666666667,-0.7,0.039598967005507114,0.8,4.0,8.0,2.0,17.0
-0.6666666666666666,-0.6666666666666666,0.041182925685727394,0.8571428571428571,6.0,8.0,2.0,17.0
-0.6733333333333333,-0.6733333333333333,0.0406549394589873,0.8571428571428571,6.0,8.0,2.0,17.0
-0.66,-0.6733333333333333,0.05702251248793025,0.8571428571428571,6.0,8.0,2.0,17.0
-0.6733333333333333,-0.68,0.0047518760406608535,0.8571428571428571,6.0,8.0,2.0,17.0
-0.6866666666666666,-0.6866666666666666,0.058606471168150535,0.8571428571428571,6.0,8.0,2.0,17.0
-0.7066666666666667,-0.7,0.039598967005507114,0.8,4.0,8.0,2.0,17.0
-0.7133333333333334,-0.6933333333333334,0.013727641895242467,0.8285714285714286,5.0,8.0,2.0,17.0
-0.6666666666666666,-0.6733333333333333,0.03379111851136607,0.8571428571428571,6.0,8.0,2.0,17.0
-0.68,-0.68,0.0406549394589873,0.8571428571428571,6.0,8.0,2.0,17.0
-0.6533333333333333,-0.66,0.08922967231907604,0.8857142857142857,7.0,8.0,2.0,17.0
-0.6533333333333333,-0.66,0.029567228697445307,0.8857142857142857,7.0,8.0,2.0,17.0
-0.6733333333333333,-0.6733333333333333,0.024815352656784456,0.8571428571428571,6.0,8.0,2.0,17.0
-0.6666666666666666,-0.6666666666666666,0.034847090964846256,0.8857142857142857,7.0,8.0,2.0,17.0
-0.6733333333333333,-0.6733333333333333,0.02217542152308398,0.8571428571428571,6.0,8.0,2.0,17.0
-0.6866666666666666,-0.68,0.013199655668502371,0.8571428571428571,6.0,8.0,2.0,17.0
-0.68,-0.68,0.05702251248793025,0.8571428571428571,6.0,8.0,2.0,17.0
-0.6666666666666666,-0.6666666666666666,0.046462787953128346,0.8571428571428571,6.0,8.0,2.0,17.0
-0.66,-0.6666666666666666,0.017951531709163224,0.8857142857142857,7.0,8.0,2.0,17.0
-0.6666666666666666,-0.6666666666666666,0.03748702209854673,0.8857142857142857,7.0,8.0,2.0,17.0
-0.6866666666666666,-0.6733333333333333,0.058606471168150535,0.8571428571428571,6.0,8.0,2.0,17.0
-0.6733333333333333,-0.6733333333333333,0.030623201150925507,0.8857142857142857,7.0,8.0,2.0,17.0
-0.7133333333333334,-0.6733333333333333,0.0918696034527765,0.8571428571428571,6.0,8.0,2.0,17.0
-0.6733333333333333,-0.68,0.020063476616123604,0.8571428571428571,6.0,8.0,2.0,17.0
-0.6666666666666666,-0.6733333333333333,0.007391807174361327,0.8857142857142857,7.0,8.0,2.0,17.0
-0.6866666666666666,-0.6733333333333333,0.02217542152308398,0.8571428571428571,6.0,8.0,2.0,17.0
-0.6933333333333334,-0.6866666666666666,0.04910271908682882,0.8285714285714286,5.0,8.0,2.0,17.0
-0.6733333333333333,-0.6733333333333333,0.024815352656784456,0.8857142857142857,7.0,8.0,2.0,17.0
-0.66,-0.6666666666666666,0.046462787953128346,0.8571428571428571,6.0,8.0,2.0,17.0
-0.7,-0.6733333333333333,0.0406549394589873,0.8571428571428571,6.0,8.0,2.0,17.0
-0.6933333333333334,-0.68,0.020063476616123604,0.8571428571428571,6.0,8.0,2.0,17.0
-0.7,-0.6733333333333333,0.007391807174361327,0.8857142857142857,7.0,8.0,2.0,17.0
-0.7066666666666667,-0.6866666666666666,0.07233411306339299,0.8571428571428571,6.0,8.0,2.0,17.0
-0.7066666666666667,-0.6866666666666666,0.013199655668502371,0.8571428571428571,6.0,8.0,2.0,17.0
-0.6866666666666666,-0.68,0.0047518760406608535,0.8571428571428571,6.0,8.0,2.0,17.0
-0.6866666666666666,-0.68,0.03748702209854673,0.8571428571428571,6.0,8.0,2.0,17.0
-0.6733333333333333,-0.68,0.025871325110264645,0.8571428571428571,6.0,8.0,2.0,17.0
-0.68,-0.6733333333333333,0.024815352656784456,0.8571428571428571,6.0,8.0,2.0,17.0
-0.7,-0.6866666666666666,0.0311511873776656,0.8571428571428571,6.0,8.0,2.0,17.0
-0.6733333333333333,-0.68,0.020063476616123604,0.8571428571428571,6.0,8.0,2.0,17.0
-0.7,-0.7,0.010559724534801893,0.8,4.0,8.0,2.0,17.0
-0.6733333333333333,-0.68,0.04276688436594769,0.8571428571428571,6.0,8.0,2.0,17.0
-0.66,-0.6666666666666666,0.035375077191586356,0.8857142857142857,7.0,8.0,2.0,17.0
-0.6866666666666666,-0.6866666666666666,0.013199655668502371,0.8571428571428571,6.0,8.0,2.0,17.0
-0.6733333333333333,-0.68,0.020063476616123604,0.8571428571428571,6.0,8.0,2.0,17.0
-0.7,-0.6866666666666666,0.0311511873776656,0.8571428571428571,6.0,8.0,2.0,17.0
-0.68,-0.68,0.025871325110264645,0.8571428571428571,6.0,8.0,2.0,17.0
-0.6733333333333333,-0.6666666666666666,0.04276688436594768,0.8571428571428571,6.0,8.0,2.0,17.0
-0.7133333333333334,-0.6866666666666666,0.058606471168150535,0.8571428571428571,6.0,8.0,2.0,17.0
-0.6733333333333333,-0.6733333333333333,0.030623201150925507,0.8857142857142857,7.0,8.0,2.0,17.0
-0.6666666666666666,-0.6733333333333333,0.020063476616123607,0.8571428571428571,6.0,8.0,2.0,17.0
-0.6733333333333333,-0.6533333333333333,0.0512146639937892,0.8857142857142857,7.0,8.0,2.0,17.0
-0.6866666666666666,-0.6733333333333333,0.04540681549964815,0.8571428571428571,6.0,8.0,2.0,17.0
-0.66,-0.6666666666666666,0.041182925685727394,0.8571428571428571,6.0,8.0,2.0,17.0
-0.66,-0.6533333333333333,0.0512146639937892,0.8857142857142857,7.0,8.0,2.0,17.0
-0.6733333333333333,-0.6733333333333333,0.010559724534801893,0.8571428571428571,6.0,8.0,2.0,17.0
-0.6733333333333333,-0.68,0.0047518760406608535,0.8571428571428571,6.0,8.0,2.0,17.0
-0.68,-0.6733333333333333,0.024815352656784456,0.8571428571428571,6.0,8.0,2.0,17.0
-0.7,-0.68,0.04329487059268777,0.7428571428571429,2.0,8.0,2.0,17.0
-0.68,-0.68,0.013199655668502371,0.8571428571428571,6.0,8.0,2.0,17.0
-0.6666666666666666,-0.6733333333333333,0.058606471168150535,0.8571428571428571,6.0,8.0,2.0,17.0
-0.68,-0.68,0.020063476616123604,0.8571428571428571,6.0,8.0,2.0,17.0
-0.6733333333333333,-0.6733333333333333,0.02481535265678446,0.8571428571428571,6.0,8.0,2.0,17.0
-0.6866666666666666,-0.6733333333333333,0.0406549394589873,0.8571428571428571,6.0,8.0,2.0,17.0
-0.6733333333333333,-0.6733333333333333,0.010559724534801893,0.8571428571428571,6.0,8.0,2.0,17.0
-0.68,-0.68,0.00791979340110142,0.8571428571428571,6.0,8.0,2.0,17.0
-0.7133333333333334,-0.6866666666666666,0.01953549038938351,0.8285714285714286,5.0,8.0,2.0,17.0
-0.6666666666666666,-0.6666666666666666,0.035375077191586356,0.8857142857142857,7.0,8.0,2.0,17.0
-0.6666666666666666,-0.6666666666666666,0.04276688436594768,0.8571428571428571,6.0,8.0,2.0,17.0
-0.68,-0.6866666666666666,0.058606471168150535,0.8571428571428571,6.0,8.0,2.0,17.0
-0.7,-0.68,0.03748702209854673,0.8571428571428571,6.0,8.0,2.0,17.0
-0.68,-0.6933333333333334,0.0718061268366529,0.8285714285714286,5.0,8.0,2.0,17.0
-0.7066666666666667,-0.7,0.010559724534801893,0.8,4.0,8.0,2.0,17.0
-0.6733333333333333,-0.68,0.0406549394589873,0.8571428571428571,6.0,8.0,2.0,17.0
-0.6933333333333334,-0.6866666666666666,0.01953549038938351,0.8285714285714286,5.0,8.0,2.0,17.0
-0.7333333333333333,-0.72,0.007391807174361327,0.6857142857142857,0.0,8.0,2.0,17.0
-0.68,-0.6866666666666666,0.013199655668502371,0.8571428571428571,6.0,8.0,2.0,17.0
-0.68,-0.6866666666666666,0.016367573028942938,0.8571428571428571,6.0,8.0,2.0,17.0
-0.6866666666666666,-0.6733333333333333,0.046462787953128346,0.8571428571428571,6.0,8.0,2.0,17.0
-0.6866666666666666,-0.6733333333333333,0.03379111851136607,0.8571428571428571,6.0,8.0,2.0,17.0
-0.6866666666666666,-0.68,0.03748702209854673,0.8571428571428571,6.0,8.0,2.0,17.0
-0.6933333333333334,-0.6933333333333334,0.013727641895242467,0.8285714285714286,5.0,8.0,2.0,17.0
-0.7066666666666667,-0.6866666666666666,0.0406549394589873,0.8285714285714286,5.0,8.0,2.0,17.0
-0.6733333333333333,-0.6733333333333333,0.039598967005507114,0.8571428571428571,6.0,8.0,2.0,17.0
-0.68,-0.68,0.0047518760406608535,0.8571428571428571,6.0,8.0,2.0,17.0
-0.6866666666666666,-0.6666666666666666,0.041182925685727394,0.8571428571428571,6.0,8.0,2.0,17.0
-0.6733333333333333,-0.6666666666666666,0.017951531709163224,0.8857142857142857,7.0,8.0,2.0,17.0
-0.6733333333333333,-0.6733333333333333,0.046462787953128346,0.8571428571428571,6.0,8.0,2.0,17.0
-0.68,-0.6733333333333333,0.058606471168150535,0.8571428571428571,6.0,8.0,2.0,17.0
-0.68,-0.68,0.00791979340110142,0.8571428571428571,6.0,8.0,2.0,17.0
-0.7133333333333334,-0.6866666666666666,0.04910271908682882,0.8285714285714286,5.0,8.0,2.0,17.0
-0.6733333333333333,-0.6733333333333333,0.0026399311337004724,0.8857142857142857,7.0,8.0,2.0,17.0
-0.6733333333333333,-0.68,0.04329487059268777,0.7428571428571429,2.0,8.0,2.0,17.0
-0.6866666666666666,-0.6733333333333333,0.058606471168150535,0.8571428571428571,6.0,8.0,2.0,17.0
-0.6733333333333333,-0.6666666666666666,0.046462787953128346,0.8571428571428571,6.0,8.0,2.0,17.0
-0.68,-0.6866666666666666,0.007391807174361327,0.8285714285714286,5.0,8.0,2.0,17.0
-0.6733333333333333,-0.68,0.0047518760406608535,0.8571428571428571,6.0,8.0,2.0,17.0
-0.7,-0.6933333333333334,0.017951531709163217,0.8,4.0,8.0,2.0,17.0
-0.6733333333333333,-0.6666666666666666,0.041182925685727394,0.8571428571428571,6.0,8.0,2.0,17.0
-0.6733333333333333,-0.6733333333333333,0.039598967005507114,0.8571428571428571,6.0,8.0,2.0,17.0
-0.6866666666666666,-0.68,0.013727641895242467,0.8571428571428571,6.0,8.0,2.0,17.0
-0.6733333333333333,-0.6733333333333333,0.02217542152308398,0.8571428571428571,6.0,8.0,2.0,17.0
-0.6866666666666666,-0.6666666666666666,0.017951531709163224,0.8857142857142857,7.0,8.0,2.0,17.0
-0.7133333333333334,-0.7133333333333334,0.01953549038938351,0.7428571428571429,2.0,8.0,2.0,17.0
-0.6933333333333334,-0.6866666666666666,0.0406549394589873,0.8285714285714286,5.0,8.0,2.0,17.0
-0.7,-0.68,0.00791979340110142,0.8571428571428571,6.0,8.0,2.0,17.0
-0.7,-0.6666666666666666,0.03748702209854673,0.8857142857142857,7.0,8.0,2.0,17.0
-0.6866666666666666,-0.6866666666666666,0.03167917360440569,0.8285714285714286,5.0,8.0,2.0,17.0
-0.6933333333333334,-0.68,0.013727641895242467,0.8571428571428571,6.0,8.0,2.0,17.0
-0.68,-0.6866666666666666,0.07233411306339299,0.8571428571428571,6.0,8.0,2.0,17.0
-0.6666666666666666,-0.6666666666666666,0.046462787953128346,0.8571428571428571,6.0,8.0,2.0,17.0
-0.6733333333333333,-0.6733333333333333,0.05438258135422976,0.8571428571428571,6.0,8.0,2.0,17.0
-0.6933333333333334,-0.6933333333333334,0.0718061268366529,0.8285714285714286,5.0,8.0,2.0,17.0
-0.6933333333333334,-0.6866666666666666,0.01953549038938351,0.8285714285714286,5.0,8.0,2.0,17.0
-0.72,-0.7133333333333334,0.01953549038938351,0.7428571428571429,2.0,8.0,2.0,17.0
-0.7133333333333334,-0.7,0.041182925685727394,0.8,4.0,8.0,2.0,17.0
-0.6866666666666666,-0.6866666666666666,0.04910271908682882,0.8285714285714286,5.0,8.0,2.0,17.0
-0.6666666666666666,-0.6666666666666666,0.03748702209854673,0.8857142857142857,7.0,8.0,2.0,17.0
-0.68,-0.6733333333333333,0.046462787953128346,0.8571428571428571,6.0,8.0,2.0,17.0
-0.6666666666666666,-0.6733333333333333,0.0406549394589873,0.8571428571428571,6.0,8.0,2.0,17.0
-0.6733333333333333,-0.6666666666666666,0.03748702209854673,0.8857142857142857,7.0,8.0,2.0,17.0
-0.6933333333333334,-0.68,0.013199655668502371,0.8571428571428571,6.0,8.0,2.0,17.0
-0.6733333333333333,-0.66,0.029567228697445307,0.8857142857142857,7.0,8.0,2.0,17.0
-0.74,-0.72,0.007391807174361327,0.6857142857142857,0.0,8.0,2.0,17.0
-0.6866666666666666,-0.66,0.08922967231907604,0.8857142857142857,7.0,8.0,2.0,17.0
-0.6933333333333334,-0.6733333333333333,0.0026399311337004724,0.8857142857142857,7.0,8.0,2.0,17.0
-0.6733333333333333,-0.6733333333333333,0.0311511873776656,0.8571428571428571,6.0,8.0,2.0,17.0
-0.6866666666666666,-0.68,0.04276688436594769,0.8571428571428571,6.0,8.0,2.0,17.0
-0.6533333333333333,-0.6533333333333333,0.0512146639937892,0.8857142857142857,7.0,8.0,2.0,17.0
-0.68,-0.6733333333333333,0.0512146639937892,0.8571428571428571,6.0,8.0,2.0,17.0
-0.6666666666666666,-0.6733333333333333,0.01953549038938351,0.8571428571428571,6.0,8.0,2.0,17.0
-0.6733333333333333,-0.6733333333333333,0.046462787953128346,0.8571428571428571,6.0,8.0,2.0,17.0
-0.7066666666666667,-0.7,0.041182925685727394,0.8,4.0,8.0,2.0,17.0
-0.6933333333333334,-0.6866666666666666,0.006335834720881137,0.8571428571428571,6.0,8.0,2.0,17.0
-0.6733333333333333,-0.6733333333333333,0.024815352656784456,0.8857142857142857,7.0,8.0,2.0,17.0
-0.6866666666666666,-0.6733333333333333,0.024815352656784456,0.8571428571428571,6.0,8.0,2.0,17.0
-0.66,-0.6666666666666666,0.034847090964846256,0.8857142857142857,7.0,8.0,2.0,17.0
-0.7,-0.6733333333333333,0.02481535265678446,0.8571428571428571,6.0,8.0,2.0,17.0
-0.66,-0.66,0.029567228697445307,0.8857142857142857,7.0,8.0,2.0,17.0
-0.68,-0.6733333333333333,0.039598967005507114,0.8571428571428571,6.0,8.0,2.0,17.0
-0.6733333333333333,-0.6733333333333333,0.039598967005507114,0.8571428571428571,6.0,8.0,2.0,17.0
-0.7,-0.6733333333333333,0.010559724534801893,0.8571428571428571,6.0,8.0,2.0,17.0
-0.6733333333333333,-0.6666666666666666,0.017951531709163224,0.8857142857142857,7.0,8.0,2.0,17.0
-0.68,-0.6733333333333333,0.04276688436594769,0.8571428571428571,6.0,8.0,2.0,17.0
-0.6933333333333334,-0.6866666666666666,0.0311511873776656,0.8571428571428571,6.0,8.0,2.0,17.0
-0.6733333333333333,-0.6666666666666666,0.04276688436594768,0.8571428571428571,6.0,8.0,2.0,17.0
-0.68,-0.6733333333333333,0.0311511873776656,0.8571428571428571,6.0,8.0,2.0,17.0
-0.6666666666666666,-0.6733333333333333,0.05807848494141043,0.8571428571428571,6.0,8.0,2.0,17.0
-0.6866666666666666,-0.6866666666666666,0.04910271908682882,0.8285714285714286,5.0,8.0,2.0,17.0
-0.68,-0.6866666666666666,0.07233411306339299,0.8571428571428571,6.0,8.0,2.0,17.0
-0.6666666666666666,-0.6666666666666666,0.04276688436594768,0.8571428571428571,6.0,8.0,2.0,17.0
-0.6733333333333333,-0.6533333333333333,0.09767745194691753,0.8857142857142857,7.0,8.0,2.0,17.0
-0.6933333333333334,-0.68,0.023231393976564173,0.8571428571428571,6.0,8.0,2.0,17.0
-0.7,-0.6933333333333334,0.0718061268366529,0.8285714285714286,5.0,8.0,2.0,17.0
-0.68,-0.6866666666666666,0.0311511873776656,0.8571428571428571,6.0,8.0,2.0,17.0
-0.66,-0.6733333333333333,0.02217542152308398,0.8571428571428571,6.0,8.0,2.0,17.0
-0.6733333333333333,-0.6733333333333333,0.030623201150925507,0.8857142857142857,7.0,8.0,2.0,17.0
-0.66,-0.6733333333333333,0.017951531709163217,0.8571428571428571,6.0,8.0,2.0,17.0
-0.68,-0.68,0.03748702209854673,0.8571428571428571,6.0,8.0,2.0,17.0
-0.7066666666666667,-0.6733333333333333,0.046462787953128346,0.8571428571428571,6.0,8.0,2.0,17.0
-0.6733333333333333,-0.6733333333333333,0.020063476616123607,0.8571428571428571,6.0,8.0,2.0,17.0
-0.7066666666666667,-0.6733333333333333,0.016367573028942938,0.8571428571428571,6.0,8.0,2.0,17.0
-0.6733333333333333,-0.68,0.04329487059268777,0.7428571428571429,2.0,8.0,2.0,17.0
-0.6666666666666666,-0.6733333333333333,0.007391807174361327,0.8857142857142857,7.0,8.0,2.0,17.0
-0.68,-0.6866666666666666,0.02798327001722503,0.8285714285714286,5.0,8.0,2.0,17.0
-0.6666666666666666,-0.6733333333333333,0.05807848494141043,0.8571428571428571,6.0,8.0,2.0,17.0
-0.7,-0.6733333333333333,0.0311511873776656,0.8571428571428571,6.0,8.0,2.0,17.0
-0.6933333333333334,-0.6866666666666666,0.04910271908682882,0.8285714285714286,5.0,8.0,2.0,17.0
-0.6933333333333334,-0.6933333333333334,0.013727641895242467,0.8285714285714286,5.0,8.0,2.0,17.0
-0.6733333333333333,-0.6666666666666666,0.03748702209854673,0.8857142857142857,7.0,8.0,2.0,17.0
-0.7,-0.6733333333333333,0.05807848494141043,0.8571428571428571,6.0,8.0,2.0,17.0
-0.6866666666666666,-0.68,0.01900750416264341,0.8571428571428571,6.0,8.0,2.0,17.0
-0.6733333333333333,-0.6533333333333333,0.0512146639937892,0.8857142857142857,7.0,8.0,2.0,17.0
-0.6733333333333333,-0.6733333333333333,0.0512146639937892,0.8571428571428571,6.0,8.0,2.0,17.0
-0.68,-0.6733333333333333,0.024815352656784456,0.8571428571428571,6.0,8.0,2.0,17.0
-0.68,-0.6733333333333333,0.058606471168150535,0.8571428571428571,6.0,8.0,2.0,17.0
-0.6666666666666666,-0.6666666666666666,0.016367573028942938,0.8857142857142857,7.0,8.0,2.0,17.0
-0.6666666666666666,-0.6733333333333333,0.05807848494141043,0.8571428571428571,6.0,8.0,2.0,17.0
-0.7,-0.68,0.08289383759819487,0.8571428571428571,6.0,8.0,2.0,17.0
-0.6933333333333334,-0.6733333333333333,0.010559724534801893,0.8571428571428571,6.0,8.0,2.0,17.0
-0.6733333333333333,-0.6733333333333333,0.039598967005507114,0.8571428571428571,6.0,8.0,2.0,17.0
-0.68,-0.68,0.00791979340110142,0.8571428571428571,6.0,8.0,2.0,17.0
-0.6866666666666666,-0.6866666666666666,0.07233411306339299,0.8571428571428571,6.0,8.0,2.0,17.0
-0.6933333333333334,-0.6666666666666666,0.035375077191586356,0.8857142857142857,7.0,8.0,2.0,17.0
-0.6733333333333333,-0.6733333333333333,0.03379111851136607,0.8571428571428571,6.0,8.0,2.0,17.0
-0.6933333333333334,-0.6733333333333333,0.0918696034527765,0.8571428571428571,6.0,8.0,2.0,17.0
-0.6933333333333334,-0.6866666666666666,0.00791979340110142,0.8285714285714286,5.0,8.0,2.0,17.0
-0.68,-0.68,0.05702251248793025,0.8571428571428571,6.0,8.0,2.0,17.0
-0.6733333333333333,-0.68,0.0406549394589873,0.8571428571428571,6.0,8.0,2.0,17.0
-0.7133333333333334,-0.6866666666666666,0.01953549038938351,0.8285714285714286,5.0,8.0,2.0,17.0
-0.6533333333333333,-0.66,0.08922967231907604,0.8857142857142857,7.0,8.0,2.0,17.0
-0.7,-0.6866666666666666,0.0406549394589873,0.8285714285714286,5.0,8.0,2.0,17.0
-0.7066666666666667,-0.68,0.05702251248793025,0.8571428571428571,6.0,8.0,2.0,17.0
-0.6466666666666666,-0.6533333333333333,0.09767745194691753,0.8857142857142857,7.0,8.0,2.0,17.0
-0.66,-0.6666666666666666,0.03748702209854673,0.8857142857142857,7.0,8.0,2.0,17.0
-0.6533333333333333,-0.6533333333333333,0.0512146639937892,0.8857142857142857,7.0,8.0,2.0,17.0
-0.6733333333333333,-0.6733333333333333,0.02217542152308398,0.8571428571428571,6.0,8.0,2.0,17.0
-0.6666666666666666,-0.6733333333333333,0.039598967005507114,0.8571428571428571,6.0,8.0,2.0,17.0
-0.6733333333333333,-0.6733333333333333,0.05438258135422976,0.8571428571428571,6.0,8.0,2.0,17.0
-0.7133333333333334,-0.6866666666666666,0.0406549394589873,0.8285714285714286,5.0,8.0,2.0,17.0
-0.6733333333333333,-0.6666666666666666,0.046462787953128346,0.8571428571428571,6.0,8.0,2.0,17.0
-0.6933333333333334,-0.6866666666666666,0.013199655668502371,0.8571428571428571,6.0,8.0,2.0,17.0
-0.7333333333333333,-0.72,0.007391807174361327,0.6857142857142857,0.0,8.0,2.0,17.0
-0.6933333333333334,-0.68,0.03748702209854673,0.8571428571428571,6.0,8.0,2.0,17.0
-0.68,-0.68,0.025871325110264645,0.8571428571428571,6.0,8.0,2.0,17.0
-0.74,-0.72,0.007391807174361327,0.6857142857142857,0.0,8.0,2.0,17.0
-0.6733333333333333,-0.6666666666666666,0.016367573028942938,0.8857142857142857,7.0,8.0,2.0,17.0
-0.6933333333333334,-0.6866666666666666,0.00791979340110142,0.8285714285714286,5.0,8.0,2.0,17.0
-0.7,-0.6933333333333334,0.017951531709163217,0.8,4.0,8.0,2.0,17.0
-0.7,-0.6933333333333334,0.013727641895242467,0.8285714285714286,5.0,8.0,2.0,17.0
-0.7066666666666667,-0.6866666666666666,0.04276688436594768,0.8571428571428571,6.0,8.0,2.0,17.0
-0.7,-0.7,0.041182925685727394,0.8,4.0,8.0,2.0,17.0
-0.6733333333333333,-0.6866666666666666,0.07233411306339299,0.8571428571428571,6.0,8.0,2.0,17.0
-0.6666666666666666,-0.6733333333333333,0.04276688436594769,0.8571428571428571,6.0,8.0,2.0,17.0
-0.68,-0.6866666666666666,0.016367573028942938,0.8571428571428571,6.0,8.0,2.0,17.0
-0.7066666666666667,-0.68,0.020063476616123604,0.8571428571428571,6.0,8.0,2.0,17.0
-0.6466666666666666,-0.6533333333333333,0.0512146639937892,0.8857142857142857,7.0,8.0,2.0,17.0
-0.7,-0.7,0.041182925685727394,0.8,4.0,8.0,2.0,17.0
-0.7,-0.6733333333333333,0.030623201150925507,0.8857142857142857,7.0,8.0,2.0,17.0
-0.6733333333333333,-0.68,0.0047518760406608535,0.8571428571428571,6.0,8.0,2.0,17.0
-0.6666666666666666,-0.6733333333333333,0.034847090964846256,0.8857142857142857,7.0,8.0,2.0,17.0
-0.7133333333333334,-0.7,0.039598967005507114,0.8,4.0,8.0,2.0,17.0
-0.7066666666666667,-0.7,0.041182925685727394,0.8,4.0,8.0,2.0,17.0
-0.6866666666666666,-0.6666666666666666,0.041182925685727394,0.8571428571428571,6.0,8.0,2.0,17.0
-0.6933333333333334,-0.6933333333333334,0.013727641895242467,0.8285714285714286,5.0,8.0,2.0,17.0
-0.6733333333333333,-0.6733333333333333,0.046462787953128346,0.8571428571428571,6.0,8.0,2.0,17.0
-0.6666666666666666,-0.6733333333333333,0.058606471168150535,0.8571428571428571,6.0,8.0,2.0,17.0
-0.6866666666666666,-0.6733333333333333,0.007391807174361327,0.8857142857142857,7.0,8.0,2.0,17.0
-0.6733333333333333,-0.6733333333333333,0.017951531709163217,0.8571428571428571,6.0,8.0,2.0,17.0
-0.6733333333333333,-0.6733333333333333,0.0918696034527765,0.8571428571428571,6.0,8.0,2.0,17.0
-0.6866666666666666,-0.6866666666666666,0.04910271908682882,0.8285714285714286,5.0,8.0,2.0,17.0
-0.6733333333333333,-0.6733333333333333,0.024815352656784456,0.8857142857142857,7.0,8.0,2.0,17.0
-0.6533333333333333,-0.66,0.029567228697445307,0.8857142857142857,7.0,8.0,2.0,17.0
-0.7,-0.6733333333333333,0.05438258135422976,0.8571428571428571,6.0,8.0,2.0,17.0
-0.6533333333333333,-0.66,0.08922967231907604,0.8857142857142857,7.0,8.0,2.0,17.0
-0.66,-0.6666666666666666,0.02217542152308398,0.8857142857142857,7.0,8.0,2.0,17.0
-0.6866666666666666,-0.6866666666666666,0.04910271908682882,0.8285714285714286,5.0,8.0,2.0,17.0
-0.6733333333333333,-0.6733333333333333,0.02481535265678446,0.8571428571428571,6.0,8.0,2.0,17.0
-0.68,-0.6733333333333333,0.012143683215022183,0.8571428571428571,6.0,8.0,2.0,17.0
-0.6666666666666666,-0.6733333333333333,0.024815352656784456,0.8571428571428571,6.0,8.0,2.0,17.0
-0.6933333333333334,-0.6866666666666666,0.04276688436594768,0.8571428571428571,6.0,8.0,2.0,17.0
-0.6733333333333333,-0.6733333333333333,0.030623201150925507,0.8857142857142857,7.0,8.0,2.0,17.0
-0.6666666666666666,-0.6733333333333333,0.012143683215022183,0.8571428571428571,6.0,8.0,2.0,17.0
-0.6866666666666666,-0.6866666666666666,0.058606471168150535,0.8571428571428571,6.0,8.0,2.0,17.0
-0.68,-0.68,0.05702251248793025,0.8571428571428571,6.0,8.0,2.0,17.0
-0.6933333333333334,-0.68,0.013199655668502371,0.8571428571428571,6.0,8.0,2.0,17.0
-0.6733333333333333,-0.6733333333333333,0.016367573028942938,0.8571428571428571,6.0,8.0,2.0,17.0
-0.7,-0.6733333333333333,0.0026399311337004724,0.8857142857142857,7.0,8.0,2.0,17.0
-0.6866666666666666,-0.6733333333333333,0.05807848494141043,0.8571428571428571,6.0,8.0,2.0,17.0
-0.6666666666666666,-0.6733333333333333,0.01953549038938351,0.8571428571428571,6.0,8.0,2.0,17.0
-0.6733333333333333,-0.6666666666666666,0.02217542152308398,0.8857142857142857,7.0,8.0,2.0,17.0
-0.6933333333333334,-0.68,0.030623201150925507,0.8571428571428571,6.0,8.0,2.0,17.0
-0.7133333333333334,-0.6933333333333334,0.013727641895242467,0.8285714285714286,5.0,8.0,2.0,17.0
-0.7,-0.7,0.041182925685727394,0.8,4.0,8.0,2.0,17.0
-0.68,-0.6733333333333333,0.05438258135422976,0.8571428571428571,6.0,8.0,2.0,17.0
-0.7,-0.7,0.041182925685727394,0.8,4.0,8.0,2.0,17.0
-0.7,-0.7,0.010559724534801893,0.8,4.0,8.0,2.0,17.0
-0.66,-0.6733333333333333,0.05438258135422976,0.8571428571428571,6.0,8.0,2.0,17.0
-0.6733333333333333,-0.68,0.04329487059268777,0.7428571428571429,2.0,8.0,2.0,17.0
-0.7,-0.6933333333333334,0.017951531709163217,0.8,4.0,8.0,2.0,17.0
-0.7,-0.6733333333333333,0.04276688436594769,0.8571428571428571,6.0,8.0,2.0,17.0
-0.6733333333333333,-0.6733333333333333,0.034847090964846256,0.8857142857142857,7.0,8.0,2.0,17.0
-0.6933333333333334,-0.6733333333333333,0.039598967005507114,0.8571428571428571,6.0,8.0,2.0,17.0
-0.7,-0.7,0.039598967005507114,0.8,4.0,8.0,2.0,17.0
-0.7066666666666667,-0.7,0.039598967005507114,0.8,4.0,8.0,2.0,17.0
-0.6733333333333333,-0.68,0.030623201150925507,0.8571428571428571,6.0,8.0,2.0,17.0
-0.6866666666666666,-0.6866666666666666,0.03167917360440569,0.8285714285714286,5.0,8.0,2.0,17.0
-0.6866666666666666,-0.6733333333333333,0.039598967005507114,0.8571428571428571,6.0,8.0,2.0,17.0
-0.78,-0.74,0.023816825104773592,0.8285714285714286,5.0,11.0,2.0,18.0
-0.7666666666666667,-0.7866666666666666,0.0026399311337004724,0.45714285714285713,-8.0,8.0,2.0,18.0
-0.74,-0.7466666666666667,0.019728099764898296,0.8,4.0,11.0,2.0,18.0
-0.7466666666666667,-0.7466666666666667,0.04722477767555965,0.7714285714285715,3.0,11.0,2.0,18.0
-0.7266666666666667,-0.7333333333333333,0.017581518961463767,0.8285714285714286,5.0,11.0,2.0,18.0
-0.7666666666666667,-0.7666666666666667,0.02637227844219565,0.7142857142857143,1.0,11.0,2.0,18.0
-0.7666666666666667,-0.8,0.041182925685727394,0.42857142857142855,-9.0,8.0,2.0,18.0
-0.7466666666666667,-0.7933333333333333,0.006335834720881137,0.4857142857142857,-7.0,8.0,2.0,18.0
-0.76,-0.7466666666666667,0.022999080036798538,0.7428571428571429,2.0,11.0,2.0,18.0
-0.7533333333333333,-0.7466666666666667,0.020239190432382707,0.7714285714285715,3.0,11.0,2.0,18.0
-0.74,-0.78,0.006335834720881137,0.5142857142857142,-6.0,8.0,2.0,18.0
-0.78,-0.7466666666666667,0.049882449146478595,0.7714285714285715,3.0,11.0,2.0,18.0
-0.74,-0.7866666666666666,0.04910271908682882,0.4857142857142857,-7.0,8.0,2.0,18.0
-0.7466666666666667,-0.76,0.007391807174361327,0.5714285714285714,-4.0,8.0,2.0,18.0
-0.7666666666666667,-0.7933333333333333,0.0311511873776656,0.4857142857142857,-7.0,8.0,2.0,18.0
-0.7466666666666667,-0.7733333333333333,0.006335834720881137,0.5142857142857142,-6.0,8.0,2.0,18.0
-0.7533333333333333,-0.7866666666666666,0.04223889813920759,0.4857142857142857,-7.0,8.0,2.0,18.0
-0.76,-0.7666666666666667,0.02637227844219565,0.7142857142857143,1.0,11.0,2.0,18.0
-0.7466666666666667,-0.7466666666666667,0.018705918429929472,0.7714285714285715,3.0,11.0,2.0,18.0
-0.7466666666666667,-0.7866666666666666,0.006335834720881137,0.4857142857142857,-7.0,8.0,2.0,18.0
-0.7266666666666667,-0.7266666666666667,0.02729224164366759,0.8285714285714286,5.0,11.0,2.0,18.0
-0.7533333333333333,-0.7466666666666667,0.013595011755085354,0.7714285714285715,3.0,11.0,2.0,18.0
-0.7533333333333333,-0.7933333333333333,0.006335834720881137,0.4857142857142857,-7.0,8.0,2.0,18.0
-0.78,-0.74,0.07175712971481142,0.7714285714285715,3.0,11.0,2.0,18.0
-0.7733333333333333,-0.7666666666666667,0.04937135847899418,0.7142857142857143,1.0,11.0,2.0,18.0
-0.7666666666666667,-0.7466666666666667,0.033936420320964944,0.7714285714285715,3.0,11.0,2.0,18.0
-0.7533333333333333,-0.7466666666666667,0.022692425636307887,0.7714285714285715,3.0,11.0,2.0,18.0
-0.7733333333333333,-0.74,0.07175712971481142,0.7714285714285715,3.0,11.0,2.0,18.0
-0.7133333333333334,-0.72,0.04834917714402536,0.8571428571428571,6.0,11.0,2.0,18.0
-0.7666666666666667,-0.7866666666666666,0.00791979340110142,0.4857142857142857,-7.0,8.0,2.0,18.0
-0.7533333333333333,-0.7933333333333333,0.006335834720881137,0.4857142857142857,-7.0,8.0,2.0,18.0
-0.76,-0.7533333333333333,0.02943882244710212,0.7428571428571429,2.0,11.0,2.0,18.0
-0.74,-0.7266666666666667,0.02729224164366759,0.8285714285714286,5.0,11.0,2.0,18.0
-0.78,-0.8,0.020063476616123607,0.45714285714285713,-8.0,8.0,2.0,18.0
-0.74,-0.7266666666666667,0.02729224164366759,0.8285714285714286,5.0,11.0,2.0,18.0
-0.74,-0.74,0.015026065624041707,0.8,4.0,11.0,2.0,18.0
-0.74,-0.7466666666666667,0.02678115097618318,0.7714285714285715,3.0,11.0,2.0,18.0
-0.7733333333333333,-0.7533333333333333,0.025554533374220593,0.7714285714285715,3.0,11.0,2.0,18.0
-0.7466666666666667,-0.7466666666666667,0.018705918429929472,0.7714285714285715,3.0,11.0,2.0,18.0
-0.7533333333333333,-0.7866666666666666,0.0047518760406608535,0.4857142857142857,-7.0,8.0,2.0,18.0
-0.7466666666666667,-0.8133333333333334,0.03643104964506655,0.37142857142857144,-11.0,8.0,2.0,18.0
-0.7733333333333333,-0.7866666666666666,0.00791979340110142,0.4857142857142857,-7.0,8.0,2.0,18.0
-0.7666666666666667,-0.7933333333333333,0.029567228697445307,0.45714285714285713,-8.0,8.0,2.0,18.0
-0.7666666666666667,-0.7533333333333333,0.01768373709496065,0.7428571428571429,2.0,11.0,2.0,18.0
-0.7666666666666667,-0.8,0.0047518760406608535,0.42857142857142855,-9.0,8.0,2.0,18.0
-0.7533333333333333,-0.7866666666666666,0.00791979340110142,0.4857142857142857,-7.0,8.0,2.0,18.0
-0.7466666666666667,-0.7666666666666667,0.02217542152308398,0.5428571428571428,-5.0,8.0,2.0,18.0
-0.74,-0.74,0.020239190432382707,0.8,4.0,11.0,2.0,18.0
-0.76,-0.7666666666666667,0.04937135847899418,0.7142857142857143,1.0,11.0,2.0,18.0
-0.74,-0.7466666666666667,0.033936420320964944,0.7714285714285715,3.0,11.0,2.0,18.0
-0.7533333333333333,-0.8066666666666666,0.023759380203304266,0.4,-10.0,8.0,2.0,18.0
-0.74,-0.7266666666666667,0.02729224164366759,0.8285714285714286,5.0,11.0,2.0,18.0
-0.7466666666666667,-0.7466666666666667,0.049882449146478595,0.7714285714285715,3.0,11.0,2.0,18.0
-0.7333333333333333,-0.74,0.06306858836757642,0.7714285714285715,3.0,11.0,2.0,18.0
-0.74,-0.7266666666666667,0.02729224164366759,0.8285714285714286,5.0,11.0,2.0,18.0
-0.7666666666666667,-0.7866666666666666,0.04910271908682882,0.4857142857142857,-7.0,8.0,2.0,18.0
-0.7666666666666667,-0.7933333333333333,0.0,0.45714285714285713,-8.0,8.0,2.0,18.0
-0.7533333333333333,-0.82,0.029567228697445307,0.37142857142857144,-11.0,8.0,2.0,18.0
-0.7533333333333333,-0.74,0.026270060308698766,0.8,4.0,11.0,2.0,18.0
-0.7533333333333333,-0.8,0.007391807174361327,0.45714285714285713,-8.0,8.0,2.0,18.0
-0.74,-0.7466666666666667,0.020443626699376473,0.7714285714285715,3.0,11.0,2.0,18.0
-0.7533333333333333,-0.74,0.05499335582132271,0.8,4.0,11.0,2.0,18.0
-0.7466666666666667,-0.7933333333333333,0.006335834720881137,0.4857142857142857,-7.0,8.0,2.0,18.0
-0.74,-0.7866666666666666,0.039598967005507114,0.4857142857142857,-7.0,8.0,2.0,18.0
-0.7466666666666667,-0.7933333333333333,0.006335834720881137,0.4857142857142857,-7.0,8.0,2.0,18.0
-0.7733333333333333,-0.7666666666666667,0.022181334968823473,0.7142857142857143,1.0,11.0,2.0,18.0
-0.7533333333333333,-0.7866666666666666,0.00791979340110142,0.4857142857142857,-7.0,8.0,2.0,18.0
-0.7666666666666667,-0.7866666666666666,0.006335834720881137,0.4857142857142857,-7.0,8.0,2.0,18.0
-0.7466666666666667,-0.7466666666666667,0.04722477767555965,0.7714285714285715,3.0,11.0,2.0,18.0
-0.74,-0.7466666666666667,0.020239190432382707,0.7714285714285715,3.0,11.0,2.0,18.0
-0.7533333333333333,-0.7866666666666666,0.013727641895242462,0.4857142857142857,-7.0,8.0,2.0,18.0
-0.7466666666666667,-0.74,0.06306858836757642,0.7714285714285715,3.0,11.0,2.0,18.0
-0.74,-0.82,0.041182925685727394,0.34285714285714286,-12.0,8.0,2.0,18.0
-0.7466666666666667,-0.7466666666666667,0.02678115097618318,0.7714285714285715,3.0,11.0,2.0,18.0
-0.7266666666666667,-0.74,0.05846877236021671,0.7714285714285715,3.0,11.0,2.0,18.0
-0.7533333333333333,-0.7866666666666666,0.010559724534801893,0.4857142857142857,-7.0,8.0,2.0,18.0
-0.74,-0.7866666666666666,0.00791979340110142,0.4857142857142857,-7.0,8.0,2.0,18.0
-0.7466666666666667,-0.74,0.014617193090054178,0.8,4.0,11.0,2.0,18.0
-0.7533333333333333,-0.7466666666666667,0.02473678830624553,0.7714285714285715,3.0,11.0,2.0,18.0
-0.7533333333333333,-0.7466666666666667,0.049882449146478595,0.7714285714285715,3.0,11.0,2.0,18.0
-0.7466666666666667,-0.7866666666666666,0.010559724534801893,0.4857142857142857,-7.0,8.0,2.0,18.0
-0.7533333333333333,-0.8,0.01900750416264341,0.45714285714285713,-8.0,8.0,2.0,18.0
-0.7533333333333333,-0.8,0.01900750416264341,0.42857142857142855,-9.0,8.0,2.0,18.0
-0.7466666666666667,-0.78,0.006335834720881137,0.5142857142857142,-6.0,8.0,2.0,18.0
-0.7466666666666667,-0.7933333333333333,0.0047518760406608535,0.45714285714285713,-8.0,8.0,2.0,18.0
-0.7466666666666667,-0.7466666666666667,0.02678115097618318,0.7714285714285715,3.0,11.0,2.0,18.0
-0.7533333333333333,-0.8,0.00791979340110142,0.45714285714285713,-8.0,8.0,2.0,18.0
-0.74,-0.7733333333333333,0.0026399311337004724,0.5142857142857142,-6.0,8.0,2.0,18.0
-0.7466666666666667,-0.8066666666666666,0.02217542152308398,0.42857142857142855,-9.0,8.0,2.0,18.0
-0.7666666666666667,-0.7466666666666667,0.03966063579679037,0.7714285714285715,3.0,11.0,2.0,18.0
-0.7466666666666667,-0.8,0.007391807174361327,0.45714285714285713,-8.0,8.0,2.0,18.0
-0.7666666666666667,-0.7266666666666667,0.03802514566084023,0.8571428571428571,6.0,11.0,2.0,18.0
-0.7533333333333333,-0.7466666666666667,0.018705918429929472,0.7714285714285715,3.0,11.0,2.0,18.0
-0.7333333333333333,-0.74,0.017888173361954415,0.8,4.0,11.0,2.0,18.0
-0.74,-0.74,0.014617193090054178,0.8,4.0,11.0,2.0,18.0
-0.76,-0.7533333333333333,0.02892773177961771,0.7714285714285715,3.0,11.0,2.0,18.0
-0.7466666666666667,-0.7466666666666667,0.02729224164366759,0.7714285714285715,3.0,11.0,2.0,18.0
-0.7466666666666667,-0.74,0.014617193090054178,0.8,4.0,11.0,2.0,18.0
-0.7333333333333333,-0.74,0.014514974956557297,0.8,4.0,11.0,2.0,18.0
-0.7466666666666667,-0.7266666666666667,0.02729224164366759,0.8285714285714286,5.0,11.0,2.0,18.0
-0.7333333333333333,-0.7266666666666667,0.02729224164366759,0.8285714285714286,5.0,11.0,2.0,18.0
-0.74,-0.74,0.023816825104773592,0.8285714285714286,5.0,11.0,2.0,18.0
-0.7666666666666667,-0.8266666666666667,0.029567228697445307,0.34285714285714286,-12.0,8.0,2.0,18.0
-0.74,-0.74,0.05846877236021671,0.7714285714285715,3.0,11.0,2.0,18.0
-0.74,-0.7333333333333333,0.017581518961463767,0.8285714285714286,5.0,11.0,2.0,18.0
-0.7466666666666667,-0.8066666666666666,0.03643104964506655,0.42857142857142855,-9.0,8.0,2.0,18.0
-0.7466666666666667,-0.78,0.00791979340110142,0.4857142857142857,-7.0,8.0,2.0,18.0
-0.7666666666666667,-0.7933333333333333,0.01214368321502218,0.45714285714285713,-8.0,8.0,2.0,18.0
-0.78,-0.7533333333333333,0.05141572114893183,0.7142857142857143,1.0,11.0,2.0,18.0
-0.74,-0.74,0.017888173361954415,0.8,4.0,11.0,2.0,18.0
-0.74,-0.7466666666666667,0.020239190432382707,0.7714285714285715,3.0,11.0,2.0,18.0
-0.7533333333333333,-0.78,0.0047518760406608535,0.5142857142857142,-6.0,8.0,2.0,18.0
-0.7533333333333333,-0.7533333333333333,0.01768373709496065,0.7428571428571429,2.0,11.0,2.0,18.0
-0.7533333333333333,-0.7466666666666667,0.049882449146478595,0.7714285714285715,3.0,11.0,2.0,18.0
-0.7466666666666667,-0.74,0.026270060308698766,0.8,4.0,11.0,2.0,18.0
-0.7533333333333333,-0.8066666666666666,0.02217542152308398,0.4,-10.0,8.0,2.0,18.0
-0.7533333333333333,-0.74,0.017888173361954415,0.8,4.0,11.0,2.0,18.0
-0.7533333333333333,-0.7933333333333333,0.0047518760406608535,0.45714285714285713,-8.0,8.0,2.0,18.0
-0.76,-0.7533333333333333,0.01768373709496065,0.7428571428571429,2.0,11.0,2.0,18.0
-0.7666666666666667,-0.7666666666666667,0.028825513646120828,0.6857142857142857,0.0,11.0,2.0,18.0
-0.7866666666666666,-0.7666666666666667,0.028825513646120828,0.6857142857142857,0.0,11.0,2.0,18.0
-0.76,-0.7466666666666667,0.033936420320964944,0.7714285714285715,3.0,11.0,2.0,18.0
-0.7666666666666667,-0.8066666666666666,0.02798327001722503,0.4,-10.0,8.0,2.0,18.0
-0.7266666666666667,-0.7333333333333333,0.017581518961463767,0.8285714285714286,5.0,11.0,2.0,18.0
-0.7733333333333333,-0.7533333333333333,0.02892773177961771,0.7714285714285715,3.0,11.0,2.0,18.0
-0.7533333333333333,-0.7533333333333333,0.03066544004906471,0.7428571428571429,2.0,11.0,2.0,18.0
-0.7666666666666667,-0.74,0.06306858836757642,0.7714285714285715,3.0,11.0,2.0,18.0
-0.78,-0.7466666666666667,0.02729224164366759,0.7714285714285715,3.0,11.0,2.0,18.0
-0.7133333333333334,-0.72,0.04834917714402536,0.8571428571428571,6.0,11.0,2.0,18.0
-0.7466666666666667,-0.7866666666666666,0.039598967005507114,0.4857142857142857,-7.0,8.0,2.0,18.0
-0.7733333333333333,-0.7466666666666667,0.022692425636307887,0.7714285714285715,3.0,11.0,2.0,18.0
-0.7533333333333333,-0.7866666666666666,0.010559724534801893,0.4857142857142857,-7.0,8.0,2.0,18.0
-0.7533333333333333,-0.7466666666666667,0.03966063579679037,0.7714285714285715,3.0,11.0,2.0,18.0
-0.7466666666666667,-0.74,0.04313605233568435,0.7714285714285715,3.0,11.0,2.0,18.0
-0.7733333333333333,-0.7466666666666667,0.03966063579679037,0.7714285714285715,3.0,11.0,2.0,18.0
-0.7866666666666666,-0.7666666666666667,0.02637227844219565,0.7142857142857143,1.0,11.0,2.0,18.0
-0.7533333333333333,-0.7466666666666667,0.03966063579679037,0.7714285714285715,3.0,11.0,2.0,18.0
-0.7533333333333333,-0.7466666666666667,0.022999080036798538,0.7428571428571429,2.0,11.0,2.0,18.0
-0.74,-0.74,0.023816825104773592,0.8285714285714286,5.0,11.0,2.0,18.0
-0.7266666666666667,-0.7666666666666667,0.039660635796790356,0.7142857142857143,1.0,11.0,2.0,18.0
-0.78,-0.7466666666666667,0.020239190432382707,0.7714285714285715,3.0,11.0,2.0,18.0
-0.78,-0.74,0.026270060308698766,0.8,4.0,11.0,2.0,18.0
-0.7666666666666667,-0.7733333333333333,0.0026399311337004724,0.5142857142857142,-6.0,8.0,2.0,18.0
-0.7466666666666667,-0.74,0.014514974956557297,0.8,4.0,11.0,2.0,18.0
-0.7266666666666667,-0.7333333333333333,0.026883369109680064,0.8285714285714286,5.0,11.0,2.0,18.0
-0.7533333333333333,-0.8,0.01900750416264341,0.42857142857142855,-9.0,8.0,2.0,18.0
-0.74,-0.7466666666666667,0.020443626699376473,0.7714285714285715,3.0,11.0,2.0,18.0
-0.76,-0.7466666666666667,0.040682817131759176,0.7714285714285715,3.0,11.0,2.0,18.0
-0.7533333333333333,-0.74,0.049780231012981714,0.7714285714285715,3.0,11.0,2.0,18.0
-0.7533333333333333,-0.7866666666666666,0.00791979340110142,0.4857142857142857,-7.0,8.0,2.0,18.0
-0.74,-0.7333333333333333,0.017581518961463767,0.8285714285714286,5.0,11.0,2.0,18.0
-0.7533333333333333,-0.7533333333333333,0.025554533374220593,0.7714285714285715,3.0,11.0,2.0,18.0
-0.78,-0.7533333333333333,0.03066544004906471,0.7428571428571429,2.0,11.0,2.0,18.0
-0.7466666666666667,-0.74,0.026270060308698766,0.8,4.0,11.0,2.0,18.0
-0.7466666666666667,-0.7666666666666667,0.02217542152308398,0.5428571428571428,-5.0,8.0,2.0,18.0
-0.7533333333333333,-0.7666666666666667,0.02217542152308398,0.5428571428571428,-5.0,8.0,2.0,18.0
-0.7533333333333333,-0.74,0.015026065624041707,0.8,4.0,11.0,2.0,18.0
-0.78,-0.7533333333333333,0.02892773177961771,0.7714285714285715,3.0,11.0,2.0,18.0
-0.7466666666666667,-0.78,0.029567228697445314,0.5142857142857142,-6.0,8.0,2.0,18.0
-0.7666666666666667,-0.7533333333333333,0.02943882244710212,0.7428571428571429,2.0,11.0,2.0,18.0
-0.7533333333333333,-0.7866666666666666,0.010559724534801893,0.4857142857142857,-7.0,8.0,2.0,18.0
-0.7666666666666667,-0.7933333333333333,0.03643104964506655,0.4857142857142857,-7.0,8.0,2.0,18.0
-0.7466666666666667,-0.74,0.023816825104773592,0.8285714285714286,5.0,11.0,2.0,18.0
-0.7466666666666667,-0.82,0.041182925685727394,0.34285714285714286,-12.0,8.0,2.0,18.0
-0.7333333333333333,-0.74,0.017888173361954415,0.8,4.0,11.0,2.0,18.0
-0.7533333333333333,-0.8066666666666666,0.0,0.4,-10.0,8.0,2.0,18.0
-0.7733333333333333,-0.7533333333333333,0.02943882244710212,0.7428571428571429,2.0,11.0,2.0,18.0
-0.7466666666666667,-0.7866666666666666,0.00791979340110142,0.4857142857142857,-7.0,8.0,2.0,18.0
-0.7533333333333333,-0.8066666666666666,0.02217542152308398,0.42857142857142855,-9.0,8.0,2.0,18.0
-0.78,-0.7666666666666667,0.022181334968823473,0.7142857142857143,1.0,11.0,2.0,18.0
-0.7333333333333333,-0.74,0.05846877236021671,0.7714285714285715,3.0,11.0,2.0,18.0
-0.7533333333333333,-0.8066666666666666,0.0,0.4,-10.0,8.0,2.0,18.0
-0.7466666666666667,-0.74,0.026270060308698766,0.8,4.0,11.0,2.0,18.0
-0.7533333333333333,-0.7466666666666667,0.049882449146478595,0.7714285714285715,3.0,11.0,2.0,18.0
-0.7333333333333333,-0.74,0.023816825104773592,0.8285714285714286,5.0,11.0,2.0,18.0
-0.7533333333333333,-0.8,0.006335834720881137,0.42857142857142855,-9.0,8.0,2.0,18.0
-0.7533333333333333,-0.7466666666666667,0.040682817131759176,0.7714285714285715,3.0,11.0,2.0,18.0
-0.74,-0.8066666666666666,0.020063476616123607,0.42857142857142855,-9.0,8.0,2.0,18.0
-0.7466666666666667,-0.82,0.029567228697445307,0.37142857142857144,-11.0,8.0,2.0,18.0
-0.7533333333333333,-0.7866666666666666,0.00791979340110142,0.4857142857142857,-7.0,8.0,2.0,18.0
-0.7533333333333333,-0.74,0.014617193090054178,0.8,4.0,11.0,2.0,18.0
-0.7666666666666667,-0.8066666666666666,0.03748702209854673,0.4,-10.0,8.0,2.0,18.0
-0.7733333333333333,-0.7466666666666667,0.03966063579679037,0.7714285714285715,3.0,11.0,2.0,18.0
-0.7466666666666667,-0.7933333333333333,0.020063476616123607,0.45714285714285713,-8.0,8.0,2.0,18.0
-0.7666666666666667,-0.8066666666666666,0.02534333888352455,0.4,-10.0,8.0,2.0,18.0
-0.7466666666666667,-0.8066666666666666,0.03748702209854673,0.4,-10.0,8.0,2.0,18.0
-0.74,-0.7933333333333333,0.03643104964506655,0.4857142857142857,-7.0,8.0,2.0,18.0
-0.7466666666666667,-0.78,0.00791979340110142,0.4857142857142857,-7.0,8.0,2.0,18.0
-0.7533333333333333,-0.74,0.049780231012981714,0.7714285714285715,3.0,11.0,2.0,18.0
-0.74,-0.74,0.05846877236021671,0.7714285714285715,3.0,11.0,2.0,18.0
-0.74,-0.74,0.014617193090054178,0.8,4.0,11.0,2.0,18.0
-0.7666666666666667,-0.7933333333333333,0.029567228697445307,0.45714285714285713,-8.0,8.0,2.0,18.0
-0.7333333333333333,-0.78,0.006335834720881137,0.5142857142857142,-6.0,8.0,2.0,18.0
-0.7466666666666667,-0.7866666666666666,0.039598967005507114,0.4857142857142857,-7.0,8.0,2.0,18.0
-0.74,-0.74,0.014617193090054178,0.8,4.0,11.0,2.0,18.0
-0.7333333333333333,-0.74,0.023816825104773592,0.8285714285714286,5.0,11.0,2.0,18.0
-0.7466666666666667,-0.8,0.00791979340110142,0.45714285714285713,-8.0,8.0,2.0,18.0
-0.74,-0.74,0.020239190432382707,0.8,4.0,11.0,2.0,18.0
-0.74,-0.7466666666666667,0.022692425636307887,0.7714285714285715,3.0,11.0,2.0,18.0
-0.7733333333333333,-0.7533333333333333,0.031892057651027296,0.7428571428571429,2.0,11.0,2.0,18.0
-0.7533333333333333,-0.7466666666666667,0.022999080036798538,0.7428571428571429,2.0,11.0,2.0,18.0
-0.74,-0.74,0.017888173361954415,0.8,4.0,11.0,2.0,18.0
-0.7533333333333333,-0.8066666666666666,0.03748702209854673,0.4,-10.0,8.0,2.0,18.0
-0.7666666666666667,-0.7533333333333333,0.031892057651027296,0.7428571428571429,2.0,11.0,2.0,18.0
-0.7466666666666667,-0.7866666666666666,0.04223889813920759,0.4857142857142857,-7.0,8.0,2.0,18.0
-0.7733333333333333,-0.74,0.04313605233568435,0.7714285714285715,3.0,11.0,2.0,18.0
-0.7533333333333333,-0.7933333333333333,0.020063476616123607,0.45714285714285713,-8.0,8.0,2.0,18.0
-0.7666666666666667,-0.8066666666666666,0.03748702209854673,0.4,-10.0,8.0,2.0,18.0
-0.74,-0.7866666666666666,0.00791979340110142,0.4857142857142857,-7.0,8.0,2.0,18.0
-0.74,-0.74,0.020239190432382707,0.8,4.0,11.0,2.0,18.0
-0.74,-0.78,0.006335834720881137,0.5142857142857142,-6.0,8.0,2.0,18.0
-0.7533333333333333,-0.7866666666666666,0.00791979340110142,0.4857142857142857,-7.0,8.0,2.0,18.0
-0.74,-0.74,0.020239190432382707,0.8,4.0,11.0,2.0,18.0
-0.7666666666666667,-0.7466666666666667,0.040682817131759176,0.7714285714285715,3.0,11.0,2.0,18.0
-0.7666666666666667,-0.7933333333333333,0.029567228697445307,0.45714285714285713,-8.0,8.0,2.0,18.0
-0.7533333333333333,-0.8,0.006335834720881137,0.42857142857142855,-9.0,8.0,2.0,18.0
-0.7333333333333333,-0.74,0.05846877236021671,0.7714285714285715,3.0,11.0,2.0,18.0
-0.7466666666666667,-0.7866666666666666,0.0047518760406608535,0.4857142857142857,-7.0,8.0,2.0,18.0
-0.7466666666666667,-0.74,0.014617193090054178,0.8,4.0,11.0,2.0,18.0
-0.7533333333333333,-0.7933333333333333,0.01214368321502218,0.45714285714285713,-8.0,8.0,2.0,18.0
-0.78,-0.7866666666666666,0.015026065624041707,0.6285714285714286,-2.0,11.0,2.0,18.0
-0.7933333333333333,-0.7466666666666667,0.049882449146478595,0.7714285714285715,3.0,11.0,2.0,18.0
-0.7466666666666667,-0.7466666666666667,0.020239190432382707,0.7714285714285715,3.0,11.0,2.0,18.0
-0.74,-0.74,0.014514974956557297,0.8,4.0,11.0,2.0,18.0
-0.7333333333333333,-0.74,0.05846877236021671,0.7714285714285715,3.0,11.0,2.0,18.0
-0.7533333333333333,-0.7933333333333333,0.0026399311337004724,0.45714285714285713,-8.0,8.0,2.0,18.0
-0.7533333333333333,-0.7866666666666666,0.0026399311337004724,0.45714285714285713,-8.0,8.0,2.0,18.0
-0.7466666666666667,-0.7866666666666666,0.006335834720881137,0.4857142857142857,-7.0,8.0,2.0,18.0
-0.7533333333333333,-0.8,0.007391807174361327,0.45714285714285713,-8.0,8.0,2.0,18.0
-0.7466666666666667,-0.8,0.006335834720881137,0.42857142857142855,-9.0,8.0,2.0,18.0
-0.7466666666666667,-0.7466666666666667,0.020443626699376473,0.7714285714285715,3.0,11.0,2.0,18.0
-0.7533333333333333,-0.7933333333333333,0.023759380203304266,0.45714285714285713,-8.0,8.0,2.0,18.0
-0.7466666666666667,-0.78,0.007391807174361327,0.4857142857142857,-7.0,8.0,2.0,18.0
-0.7466666666666667,-0.8,0.01900750416264341,0.42857142857142855,-9.0,8.0,2.0,18.0
-0.7466666666666667,-0.7866666666666666,0.00791979340110142,0.4857142857142857,-7.0,8.0,2.0,18.0
-0.7466666666666667,-0.7466666666666667,0.04722477767555965,0.7714285714285715,3.0,11.0,2.0,18.0
-0.7533333333333333,-0.8066666666666666,0.007391807174361327,0.4,-10.0,8.0,2.0,18.0
-0.7466666666666667,-0.74,0.014617193090054178,0.8,4.0,11.0,2.0,18.0
-0.7466666666666667,-0.8066666666666666,0.03643104964506655,0.42857142857142855,-9.0,8.0,2.0,18.0
-0.7733333333333333,-0.7466666666666667,0.033936420320964944,0.7714285714285715,3.0,11.0,2.0,18.0
-0.74,-0.72,0.04834917714402536,0.8571428571428571,6.0,11.0,2.0,18.0
-0.7533333333333333,-0.7866666666666666,0.006335834720881137,0.4857142857142857,-7.0,8.0,2.0,18.0
-0.74,-0.74,0.023816825104773592,0.8285714285714286,5.0,11.0,2.0,18.0
-0.7666666666666667,-0.8066666666666666,0.020063476616123607,0.42857142857142855,-9.0,8.0,2.0,18.0
-0.7533333333333333,-0.8,0.01900750416264341,0.45714285714285713,-8.0,8.0,2.0,18.0
-0.74,-0.7466666666666667,0.04722477767555965,0.7714285714285715,3.0,11.0,2.0,18.0
-0.7533333333333333,-0.7466666666666667,0.02299908003679853,0.7714285714285715,3.0,11.0,2.0,18.0
-0.7533333333333333,-0.8066666666666666,0.02217542152308398,0.42857142857142855,-9.0,8.0,2.0,18.0
-0.7533333333333333,-0.8,0.01900750416264341,0.42857142857142855,-9.0,8.0,2.0,18.0
-0.7666666666666667,-0.7466666666666667,0.033936420320964944,0.7714285714285715,3.0,11.0,2.0,18.0
-0.7533333333333333,-0.7466666666666667,0.020239190432382707,0.7714285714285715,3.0,11.0,2.0,18.0
-0.7466666666666667,-0.7466666666666667,0.022999080036798538,0.7428571428571429,2.0,11.0,2.0,18.0
-0.7533333333333333,-0.7866666666666666,0.013727641895242462,0.4857142857142857,-7.0,8.0,2.0,18.0
-0.7466666666666667,-0.74,0.05499335582132271,0.8,4.0,11.0,2.0,18.0
-0.7466666666666667,-0.7733333333333333,0.006335834720881137,0.5142857142857142,-6.0,8.0,2.0,18.0
-0.7533333333333333,-0.7466666666666667,0.022692425636307887,0.7714285714285715,3.0,11.0,2.0,18.0
-0.78,-0.7866666666666666,0.015026065624041707,0.6285714285714286,-2.0,11.0,2.0,18.0
-0.7666666666666667,-0.7466666666666667,0.04722477767555965,0.7714285714285715,3.0,11.0,2.0,18.0
-0.78,-0.7466666666666667,0.020239190432382707,0.7714285714285715,3.0,11.0,2.0,18.0
-0.7533333333333333,-0.7533333333333333,0.05141572114893183,0.7142857142857143,1.0,11.0,2.0,18.0
-0.7533333333333333,-0.7466666666666667,0.013595011755085354,0.7714285714285715,3.0,11.0,2.0,18.0
-0.7533333333333333,-0.7466666666666667,0.033936420320964944,0.7714285714285715,3.0,11.0,2.0,18.0
-0.7266666666666667,-0.7266666666666667,0.03802514566084023,0.8571428571428571,6.0,11.0,2.0,18.0
-0.7533333333333333,-0.74,0.04313605233568435,0.7714285714285715,3.0,11.0,2.0,18.0
-0.7466666666666667,-0.7933333333333333,0.023759380203304266,0.45714285714285713,-8.0,8.0,2.0,18.0
-0.7533333333333333,-0.7666666666666667,0.039660635796790356,0.7142857142857143,1.0,11.0,2.0,18.0
-0.7333333333333333,-0.74,0.023816825104773592,0.8285714285714286,5.0,11.0,2.0,18.0
-0.7466666666666667,-0.74,0.049780231012981714,0.7714285714285715,3.0,11.0,2.0,18.0
-0.7533333333333333,-0.7466666666666667,0.049882449146478595,0.7714285714285715,3.0,11.0,2.0,18.0
-0.7533333333333333,-0.7933333333333333,0.006335834720881137,0.4857142857142857,-7.0,8.0,2.0,18.0
-0.7466666666666667,-0.8,0.020063476616123607,0.45714285714285713,-8.0,8.0,2.0,18.0
-0.7666666666666667,-0.7866666666666666,0.00791979340110142,0.4857142857142857,-7.0,8.0,2.0,18.0
-0.7533333333333333,-0.7733333333333333,0.0026399311337004724,0.5142857142857142,-6.0,8.0,2.0,18.0
-0.7666666666666667,-0.7466666666666667,0.04722477767555965,0.7714285714285715,3.0,11.0,2.0,18.0
-0.78,-0.7666666666666667,0.02637227844219565,0.7142857142857143,1.0,11.0,2.0,18.0
-0.7533333333333333,-0.74,0.013083921087600946,0.7714285714285715,3.0,11.0,2.0,18.0
-0.7466666666666667,-0.78,0.006335834720881137,0.5142857142857142,-6.0,8.0,2.0,18.0
-0.7533333333333333,-0.7866666666666666,0.00791979340110142,0.4857142857142857,-7.0,8.0,2.0,18.0
-0.7666666666666667,-0.7933333333333333,0.023759380203304266,0.45714285714285713,-8.0,8.0,2.0,18.0
-0.7533333333333333,-0.74,0.06306858836757642,0.7714285714285715,3.0,11.0,2.0,18.0
-0.7466666666666667,-0.7933333333333333,0.029567228697445307,0.45714285714285713,-8.0,8.0,2.0,18.0
-0.7533333333333333,-0.7866666666666666,0.006335834720881137,0.4857142857142857,-7.0,8.0,2.0,18.0
-0.7466666666666667,-0.8,0.006335834720881137,0.42857142857142855,-9.0,8.0,2.0,18.0
-0.7533333333333333,-0.7466666666666667,0.02473678830624553,0.7714285714285715,3.0,11.0,2.0,18.0
-0.7866666666666666,-0.7866666666666666,0.015026065624041707,0.6285714285714286,-2.0,11.0,2.0,18.0
-0.7466666666666667,-0.7466666666666667,0.022692425636307887,0.7714285714285715,3.0,11.0,2.0,18.0
-0.76,-0.7466666666666667,0.04722477767555965,0.7714285714285715,3.0,11.0,2.0,18.0
-0.74,-0.7466666666666667,0.020239190432382707,0.7714285714285715,3.0,11.0,2.0,18.0
-0.7466666666666667,-0.7466666666666667,0.019728099764898296,0.8,4.0,11.0,2.0,18.0
-0.7533333333333333,-0.8,0.006335834720881137,0.42857142857142855,-9.0,8.0,2.0,18.0
-0.7466666666666667,-0.74,0.04313605233568435,0.7714285714285715,3.0,11.0,2.0,18.0
-0.7733333333333333,-0.7666666666666667,0.02637227844219565,0.7142857142857143,1.0,11.0,2.0,18.0
-0.7666666666666667,-0.8133333333333334,0.0,0.37142857142857144,-11.0,8.0,2.0,18.0
-0.7466666666666667,-0.8266666666666667,0.029567228697445307,0.34285714285714286,-12.0,8.0,2.0,18.0
-0.7466666666666667,-0.7866666666666666,0.00791979340110142,0.4857142857142857,-7.0,8.0,2.0,18.0
-0.7466666666666667,-0.74,0.07175712971481142,0.7714285714285715,3.0,11.0,2.0,18.0
-0.76,-0.7533333333333333,0.01768373709496065,0.7428571428571429,2.0,11.0,2.0,18.0
-0.7533333333333333,-0.7466666666666667,0.04722477767555965,0.7714285714285715,3.0,11.0,2.0,18.0
-0.7866666666666666,-0.7666666666666667,0.022181334968823473,0.7142857142857143,1.0,11.0,2.0,18.0
-0.7666666666666667,-0.7466666666666667,0.02729224164366759,0.7714285714285715,3.0,11.0,2.0,18.0
-0.7466666666666667,-0.7866666666666666,0.00791979340110142,0.4857142857142857,-7.0,8.0,2.0,18.0
-0.7533333333333333,-0.8,0.0047518760406608535,0.42857142857142855,-9.0,8.0,2.0,18.0
-0.7666666666666667,-0.7866666666666666,0.013727641895242462,0.4857142857142857,-7.0,8.0,2.0,18.0
-0.7533333333333333,-0.74,0.013083921087600946,0.7714285714285715,3.0,11.0,2.0,18.0
-0.7666666666666667,-0.7466666666666667,0.018705918429929472,0.7714285714285715,3.0,11.0,2.0,18.0
-0.7533333333333333,-0.7866666666666666,0.0047518760406608535,0.4857142857142857,-7.0,8.0,2.0,18.0
-0.7533333333333333,-0.7866666666666666,0.006335834720881137,0.4857142857142857,-7.0,8.0,2.0,18.0
-0.7466666666666667,-0.8,0.01900750416264341,0.45714285714285713,-8.0,8.0,2.0,18.0
-0.7333333333333333,-0.74,0.06306858836757642,0.7714285714285715,3.0,11.0,2.0,18.0
-0.7533333333333333,-0.7466666666666667,0.033936420320964944,0.7714285714285715,3.0,11.0,2.0,18.0
-0.7533333333333333,-0.8,0.01900750416264341,0.42857142857142855,-9.0,8.0,2.0,18.0
-0.7466666666666667,-0.72,0.04834917714402536,0.8571428571428571,6.0,11.0,2.0,18.0
-0.7466666666666667,-0.8066666666666666,0.007391807174361327,0.4,-10.0,8.0,2.0,18.0
-0.7466666666666667,-0.7466666666666667,0.020239190432382707,0.7714285714285715,3.0,11.0,2.0,18.0
-0.7533333333333333,-0.7533333333333333,0.01768373709496065,0.7428571428571429,2.0,11.0,2.0,18.0
-0.7533333333333333,-0.7466666666666667,0.040682817131759176,0.7714285714285715,3.0,11.0,2.0,18.0
-0.74,-0.8,0.0047518760406608535,0.42857142857142855,-9.0,8.0,2.0,18.0
-0.78,-0.74,0.04313605233568435,0.7714285714285715,3.0,11.0,2.0,18.0
-0.7333333333333333,-0.7866666666666666,0.039598967005507114,0.4857142857142857,-7.0,8.0,2.0,18.0
-0.74,-0.74,0.015026065624041707,0.8,4.0,11.0,2.0,18.0
-0.7666666666666667,-0.7466666666666667,0.018705918429929472,0.7714285714285715,3.0,11.0,2.0,18.0
-0.7533333333333333,-0.7466666666666667,0.049882449146478595,0.7714285714285715,3.0,11.0,2.0,18.0
-0.7333333333333333,-0.74,0.05846877236021671,0.7714285714285715,3.0,11.0,2.0,18.0
-0.7533333333333333,-0.7866666666666666,0.006335834720881137,0.4857142857142857,-7.0,8.0,2.0,18.0
-0.7666666666666667,-0.7333333333333333,0.026883369109680064,0.8285714285714286,5.0,11.0,2.0,18.0
-0.7466666666666667,-0.7466666666666667,0.019728099764898296,0.8,4.0,11.0,2.0,18.0
-0.74,-0.74,0.020239190432382707,0.8,4.0,11.0,2.0,18.0
-0.78,-0.8133333333333334,0.0,0.37142857142857144,-11.0,8.0,2.0,18.0
-0.7533333333333333,-0.7866666666666666,0.006335834720881137,0.4857142857142857,-7.0,8.0,2.0,18.0
-0.7533333333333333,-0.7866666666666666,0.00791979340110142,0.4857142857142857,-7.0,8.0,2.0,18.0
-0.7266666666666667,-0.74,0.05846877236021671,0.7714285714285715,3.0,11.0,2.0,18.0
-0.74,-0.7733333333333333,0.006335834720881137,0.5142857142857142,-6.0,8.0,2.0,18.0
-0.7666666666666667,-0.7533333333333333,0.031892057651027296,0.7428571428571429,2.0,11.0,2.0,18.0
-0.7466666666666667,-0.8066666666666666,0.02798327001722503,0.4,-10.0,8.0,2.0,18.0
-0.7533333333333333,-0.7466666666666667,0.013595011755085354,0.7714285714285715,3.0,11.0,2.0,18.0
-0.7466666666666667,-0.7733333333333333,0.0026399311337004724,0.5142857142857142,-6.0,8.0,2.0,18.0
-0.76,-0.7466666666666667,0.02473678830624553,0.7714285714285715,3.0,11.0,2.0,18.0
-0.7333333333333333,-0.7333333333333333,0.026883369109680064,0.8285714285714286,5.0,11.0,2.0,18.0
-0.7533333333333333,-0.7933333333333333,0.024815352656784456,0.45714285714285713,-8.0,8.0,2.0,18.0
-0.7533333333333333,-0.7466666666666667,0.040682817131759176,0.7714285714285715,3.0,11.0,2.0,18.0
-0.7266666666666667,-0.7333333333333333,0.026883369109680064,0.8285714285714286,5.0,11.0,2.0,18.0
-0.74,-0.74,0.014514974956557297,0.8,4.0,11.0,2.0,18.0
-0.76,-0.7466666666666667,0.022999080036798538,0.7428571428571429,2.0,11.0,2.0,18.0
-0.74,-0.74,0.020239190432382707,0.8,4.0,11.0,2.0,18.0
-0.7466666666666667,-0.7933333333333333,0.0047518760406608535,0.45714285714285713,-8.0,8.0,2.0,18.0
-0.7533333333333333,-0.7933333333333333,0.0026399311337004724,0.45714285714285713,-8.0,8.0,2.0,18.0
-0.7666666666666667,-0.8066666666666666,0.023759380203304266,0.4,-10.0,8.0,2.0,18.0
-0.7466666666666667,-0.7933333333333333,0.024815352656784456,0.45714285714285713,-8.0,8.0,2.0,18.0
-0.7466666666666667,-0.7933333333333333,0.0311511873776656,0.4857142857142857,-7.0,8.0,2.0,18.0
-0.7666666666666667,-0.7933333333333333,0.006335834720881137,0.4857142857142857,-7.0,8.0,2.0,18.0
-0.7466666666666667,-0.7866666666666666,0.006335834720881137,0.4857142857142857,-7.0,8.0,2.0,18.0
-0.7466666666666667,-0.7866666666666666,0.04910271908682882,0.4857142857142857,-7.0,8.0,2.0,18.0
-0.74,-0.7333333333333333,0.017581518961463767,0.8285714285714286,5.0,11.0,2.0,18.0
-0.74,-0.74,0.014514974956557297,0.8,4.0,11.0,2.0,18.0
-0.7866666666666666,-0.7533333333333333,0.05141572114893183,0.7142857142857143,1.0,11.0,2.0,18.0
-0.74,-0.7466666666666667,0.020239190432382707,0.7714285714285715,3.0,11.0,2.0,18.0
-0.72,-0.74,0.05499335582132271,0.8,4.0,11.0,2.0,18.0
-0.7666666666666667,-0.78,0.029567228697445314,0.5142857142857142,-6.0,8.0,2.0,18.0
-0.7666666666666667,-0.74,0.049780231012981714,0.7714285714285715,3.0,11.0,2.0,18.0
-0.7666666666666667,-0.74,0.013083921087600946,0.7714285714285715,3.0,11.0,2.0,18.0
-0.7533333333333333,-0.8066666666666666,0.02798327001722503,0.42857142857142855,-9.0,8.0,2.0,18.0
-0.7533333333333333,-0.74,0.07175712971481142,0.7714285714285715,3.0,11.0,2.0,18.0
-0.7466666666666667,-0.7733333333333333,0.006335834720881137,0.5142857142857142,-6.0,8.0,2.0,18.0
-0.7533333333333333,-0.7533333333333333,0.02892773177961771,0.7714285714285715,3.0,11.0,2.0,18.0
-0.76,-0.7666666666666667,0.02637227844219565,0.7142857142857143,1.0,11.0,2.0,18.0
-0.7466666666666667,-0.7733333333333333,0.0026399311337004724,0.5142857142857142,-6.0,8.0,2.0,18.0
-0.76,-0.7466666666666667,0.020443626699376473,0.7714285714285715,3.0,11.0,2.0,18.0
-0.7333333333333333,-0.8,0.006335834720881137,0.42857142857142855,-9.0,8.0,2.0,18.0
-0.78,-0.7466666666666667,0.02473678830624553,0.7714285714285715,3.0,11.0,2.0,18.0
-0.7533333333333333,-0.8066666666666666,0.0,0.4,-10.0,8.0,2.0,18.0
-0.7666666666666667,-0.74,0.07175712971481142,0.7714285714285715,3.0,11.0,2.0,18.0
-0.78,-0.8066666666666666,0.0311511873776656,0.4,-10.0,8.0,2.0,18.0
-0.74,-0.74,0.013083921087600946,0.7714285714285715,3.0,11.0,2.0,18.0
-0.7133333333333334,-0.7466666666666667,0.020239190432382707,0.7714285714285715,3.0,11.0,2.0,18.0
-0.7533333333333333,-0.8266666666666667,0.029567228697445307,0.34285714285714286,-12.0,8.0,2.0,18.0
-0.7466666666666667,-0.7866666666666666,0.0047518760406608535,0.4857142857142857,-7.0,8.0,2.0,18.0
-0.7533333333333333,-0.8,0.01900750416264341,0.45714285714285713,-8.0,8.0,2.0,18.0
-0.74,-0.7466666666666667,0.013595011755085354,0.7714285714285715,3.0,11.0,2.0,18.0
-0.7733333333333333,-0.7533333333333333,0.03066544004906471,0.7428571428571429,2.0,11.0,2.0,18.0
-0.7533333333333333,-0.8066666666666666,0.02534333888352455,0.4,-10.0,8.0,2.0,18.0
-0.74,-0.7866666666666666,0.04223889813920759,0.4857142857142857,-7.0,8.0,2.0,18.0
-0.7666666666666667,-0.74,0.05846877236021671,0.7714285714285715,3.0,11.0,2.0,18.0
-0.7533333333333333,-0.7466666666666667,0.040682817131759176,0.7714285714285715,3.0,11.0,2.0,18.0
-0.7666666666666667,-0.7933333333333333,0.024815352656784456,0.45714285714285713,-8.0,8.0,2.0,18.0
-0.76,-0.7866666666666666,0.010559724534801893,0.4857142857142857,-7.0,8.0,2.0,18.0
-0.7533333333333333,-0.7866666666666666,0.013727641895242462,0.4857142857142857,-7.0,8.0,2.0,18.0
-0.7533333333333333,-0.7533333333333333,0.02892773177961771,0.7714285714285715,3.0,11.0,2.0,18.0
-0.7666666666666667,-0.7866666666666666,0.00791979340110142,0.4857142857142857,-7.0,8.0,2.0,18.0
-0.7533333333333333,-0.7466666666666667,0.018705918429929472,0.7714285714285715,3.0,11.0,2.0,18.0
-0.74,-0.7466666666666667,0.02729224164366759,0.7714285714285715,3.0,11.0,2.0,18.0
-0.7466666666666667,-0.7466666666666667,0.020443626699376473,0.7714285714285715,3.0,11.0,2.0,18.0
-0.7533333333333333,-0.78,0.0047518760406608535,0.5142857142857142,-6.0,8.0,2.0,18.0
-0.76,-0.7533333333333333,0.03066544004906471,0.7428571428571429,2.0,11.0,2.0,18.0
-0.7466666666666667,-0.7933333333333333,0.006335834720881137,0.4857142857142857,-7.0,8.0,2.0,18.0
-0.7266666666666667,-0.7266666666666667,0.03802514566084023,0.8571428571428571,6.0,11.0,2.0,18.0
-0.7533333333333333,-0.78,0.029567228697445314,0.5142857142857142,-6.0,8.0,2.0,18.0
-0.7533333333333333,-0.82,0.0026399311337004724,0.37142857142857144,-11.0,8.0,2.0,18.0
-0.76,-0.7533333333333333,0.031892057651027296,0.7428571428571429,2.0,11.0,2.0,18.0
-0.7666666666666667,-0.8266666666666667,0.029567228697445307,0.34285714285714286,-12.0,8.0,2.0,18.0
-0.76,-0.8066666666666666,0.027983270017225035,0.4,-10.0,8.0,2.0,18.0
-0.7533333333333333,-0.7866666666666666,0.00791979340110142,0.4857142857142857,-7.0,8.0,2.0,18.0
-0.7466666666666667,-0.7333333333333333,0.026883369109680064,0.8285714285714286,5.0,11.0,2.0,18.0
-0.7666666666666667,-0.8066666666666666,0.02798327001722503,0.42857142857142855,-9.0,8.0,2.0,18.0
-0.7466666666666667,-0.7466666666666667,0.013595011755085354,0.7714285714285715,3.0,11.0,2.0,18.0
-0.7666666666666667,-0.7466666666666667,0.022999080036798538,0.7428571428571429,2.0,11.0,2.0,18.0
-0.74,-0.74,0.014617193090054178,0.8,4.0,11.0,2.0,18.0
-0.7666666666666667,-0.8066666666666666,0.03748702209854673,0.4,-10.0,8.0,2.0,18.0
-0.7666666666666667,-0.7933333333333333,0.024815352656784456,0.45714285714285713,-8.0,8.0,2.0,18.0
-0.74,-0.74,0.015026065624041707,0.8,4.0,11.0,2.0,18.0
-0.7466666666666667,-0.7466666666666667,0.020443626699376473,0.7714285714285715,3.0,11.0,2.0,18.0
-0.7666666666666667,-0.74,0.017888173361954415,0.8,4.0,11.0,2.0,18.0
-0.7533333333333333,-0.7466666666666667,0.04722477767555965,0.7714285714285715,3.0,11.0,2.0,18.0
-0.7466666666666667,-0.7933333333333333,0.0047518760406608535,0.45714285714285713,-8.0,8.0,2.0,18.0
-0.7666666666666667,-0.8066666666666666,0.02217542152308398,0.4,-10.0,8.0,2.0,18.0
-0.7533333333333333,-0.8133333333333334,0.03167917360440569,0.4,-10.0,8.0,2.0,18.0
-0.76,-0.7666666666666667,0.04937135847899418,0.7142857142857143,1.0,11.0,2.0,18.0
-0.7666666666666667,-0.7933333333333333,0.0026399311337004724,0.45714285714285713,-8.0,8.0,2.0,18.0
-0.7533333333333333,-0.7866666666666666,0.00791979340110142,0.4857142857142857,-7.0,8.0,2.0,18.0
-0.7533333333333333,-0.7533333333333333,0.03066544004906471,0.7428571428571429,2.0,11.0,2.0,18.0
-0.7466666666666667,-0.7866666666666666,0.00791979340110142,0.4857142857142857,-7.0,8.0,2.0,18.0
-0.7266666666666667,-0.7333333333333333,0.026883369109680064,0.8285714285714286,5.0,11.0,2.0,18.0
-0.74,-0.7466666666666667,0.020239190432382707,0.7714285714285715,3.0,11.0,2.0,18.0
-0.7533333333333333,-0.8066666666666666,0.02798327001722503,0.4,-10.0,8.0,2.0,18.0
-0.7333333333333333,-0.74,0.017888173361954415,0.8,4.0,11.0,2.0,18.0
-0.7466666666666667,-0.74,0.014617193090054178,0.8,4.0,11.0,2.0,18.0
-0.74,-0.82,0.01900750416264341,0.37142857142857144,-11.0,8.0,2.0,18.0
-0.76,-0.7533333333333333,0.025554533374220593,0.7714285714285715,3.0,11.0,2.0,18.0
-0.7533333333333333,-0.7866666666666666,0.006335834720881137,0.4857142857142857,-7.0,8.0,2.0,18.0
-0.7466666666666667,-0.7933333333333333,0.0047518760406608535,0.45714285714285713,-8.0,8.0,2.0,18.0
-0.7533333333333333,-0.7466666666666667,0.020239190432382707,0.7714285714285715,3.0,11.0,2.0,18.0
-0.7533333333333333,-0.82,0.041182925685727394,0.34285714285714286,-12.0,8.0,2.0,18.0
-0.7666666666666667,-0.8066666666666666,0.027983270017225035,0.4,-10.0,8.0,2.0,18.0
-0.7666666666666667,-0.7533333333333333,0.05141572114893183,0.7142857142857143,1.0,11.0,2.0,18.0
-0.7533333333333333,-0.7466666666666667,0.033936420320964944,0.7714285714285715,3.0,11.0,2.0,18.0
-0.7733333333333333,-0.74,0.04313605233568435,0.7714285714285715,3.0,11.0,2.0,18.0
-0.7666666666666667,-0.8066666666666666,0.0311511873776656,0.4,-10.0,8.0,2.0,18.0
-0.74,-0.74,0.049780231012981714,0.7714285714285715,3.0,11.0,2.0,18.0
-0.7333333333333333,-0.78,0.006335834720881137,0.5142857142857142,-6.0,8.0,2.0,18.0
-0.7666666666666667,-0.7533333333333333,0.05141572114893183,0.7142857142857143,1.0,11.0,2.0,18.0
-0.7533333333333333,-0.8066666666666666,0.02217542152308398,0.4,-10.0,8.0,2.0,18.0
-0.7466666666666667,-0.7866666666666666,0.006335834720881137,0.4857142857142857,-7.0,8.0,2.0,18.0
-0.7266666666666667,-0.7266666666666667,0.03802514566084023,0.8571428571428571,6.0,11.0,2.0,18.0
-0.7466666666666667,-0.7866666666666666,0.010559724534801893,0.4857142857142857,-7.0,8.0,2.0,18.0
-0.7466666666666667,-0.7933333333333333,0.0311511873776656,0.4857142857142857,-7.0,8.0,2.0,18.0
-0.7533333333333333,-0.7466666666666667,0.033936420320964944,0.7714285714285715,3.0,11.0,2.0,18.0
-0.7266666666666667,-0.74,0.05846877236021671,0.7714285714285715,3.0,11.0,2.0,18.0
-0.74,-0.74,0.014617193090054178,0.8,4.0,11.0,2.0,18.0
-0.7533333333333333,-0.7466666666666667,0.022999080036798538,0.7428571428571429,2.0,11.0,2.0,18.0
-0.7666666666666667,-0.7666666666666667,0.028825513646120828,0.6857142857142857,0.0,11.0,2.0,18.0
-0.78,-0.8,0.01900750416264341,0.45714285714285713,-8.0,8.0,2.0,18.0
-0.7666666666666667,-0.7533333333333333,0.031892057651027296,0.7428571428571429,2.0,11.0,2.0,18.0
-0.7533333333333333,-0.82,0.041182925685727394,0.34285714285714286,-12.0,8.0,2.0,18.0
-0.7466666666666667,-0.78,0.0047518760406608535,0.5142857142857142,-6.0,8.0,2.0,18.0
-0.7533333333333333,-0.7933333333333333,0.023759380203304266,0.45714285714285713,-8.0,8.0,2.0,18.0
-0.7466666666666667,-0.7866666666666666,0.00791979340110142,0.4857142857142857,-7.0,8.0,2.0,18.0
-0.7533333333333333,-0.7866666666666666,0.0026399311337004724,0.45714285714285713,-8.0,8.0,2.0,18.0
-0.7533333333333333,-0.7866666666666666,0.006335834720881137,0.4857142857142857,-7.0,8.0,2.0,18.0
-0.7666666666666667,-0.7666666666666667,0.02637227844219565,0.7142857142857143,1.0,11.0,2.0,18.0
-0.7533333333333333,-0.7666666666666667,0.02637227844219565,0.7142857142857143,1.0,11.0,2.0,18.0
-0.7533333333333333,-0.74,0.020239190432382707,0.8,4.0,11.0,2.0,18.0
-0.76,-0.7666666666666667,0.02637227844219565,0.7142857142857143,1.0,11.0,2.0,18.0
-0.7466666666666667,-0.74,0.014514974956557297,0.8,4.0,11.0,2.0,18.0
-0.78,-0.8133333333333334,0.03167917360440569,0.4,-10.0,8.0,2.0,18.0
-0.7466666666666667,-0.7466666666666667,0.04722477767555965,0.7714285714285715,3.0,11.0,2.0,18.0
-0.7666666666666667,-0.7466666666666667,0.020239190432382707,0.7714285714285715,3.0,11.0,2.0,18.0
-0.7533333333333333,-0.7933333333333333,0.006335834720881137,0.4857142857142857,-7.0,8.0,2.0,18.0
-0.7133333333333334,-0.72,0.04834917714402536,0.8571428571428571,6.0,11.0,2.0,18.0
-0.7533333333333333,-0.7266666666666667,0.02729224164366759,0.8285714285714286,5.0,11.0,2.0,18.0
-0.7533333333333333,-0.8133333333333334,0.03167917360440569,0.4,-10.0,8.0,2.0,18.0
-0.7533333333333333,-0.7466666666666667,0.013595011755085354,0.7714285714285715,3.0,11.0,2.0,18.0
-0.74,-0.72,0.04834917714402536,0.8571428571428571,6.0,11.0,2.0,18.0
-0.7533333333333333,-0.7466666666666667,0.033936420320964944,0.7714285714285715,3.0,11.0,2.0,18.0
-0.7533333333333333,-0.7466666666666667,0.02729224164366759,0.7714285714285715,3.0,11.0,2.0,18.0
-0.7533333333333333,-0.7533333333333333,0.01768373709496065,0.7428571428571429,2.0,11.0,2.0,18.0
-0.7533333333333333,-0.7866666666666666,0.006335834720881137,0.4857142857142857,-7.0,8.0,2.0,18.0
-0.7533333333333333,-0.7466666666666667,0.049882449146478595,0.7714285714285715,3.0,11.0,2.0,18.0
-0.76,-0.7466666666666667,0.022999080036798538,0.7428571428571429,2.0,11.0,2.0,18.0
-0.7666666666666667,-0.7666666666666667,0.02637227844219565,0.7142857142857143,1.0,11.0,2.0,18.0
-0.7466666666666667,-0.7933333333333333,0.0047518760406608535,0.45714285714285713,-8.0,8.0,2.0,18.0
-0.7466666666666667,-0.8,0.020063476616123607,0.45714285714285713,-8.0,8.0,2.0,18.0
-0.7666666666666667,-0.7866666666666666,0.00791979340110142,0.4857142857142857,-7.0,8.0,2.0,18.0
-0.7666666666666667,-0.74,0.06306858836757642,0.7714285714285715,3.0,11.0,2.0,18.0
-0.7733333333333333,-0.7466666666666667,0.040682817131759176,0.7714285714285715,3.0,11.0,2.0,18.0
-0.7533333333333333,-0.8266666666666667,0.029567228697445307,0.34285714285714286,-12.0,8.0,2.0,18.0
-0.76,-0.7466666666666667,0.03966063579679037,0.7714285714285715,3.0,11.0,2.0,18.0
-0.7533333333333333,-0.8066666666666666,0.023759380203304266,0.4,-10.0,8.0,2.0,18.0
-0.7533333333333333,-0.74,0.014617193090054178,0.8,4.0,11.0,2.0,18.0
-0.74,-0.7866666666666666,0.013727641895242462,0.4857142857142857,-7.0,8.0,2.0,18.0
-0.7666666666666667,-0.7866666666666666,0.0047518760406608535,0.4857142857142857,-7.0,8.0,2.0,18.0
-0.7466666666666667,-0.8066666666666666,0.020063476616123607,0.42857142857142855,-9.0,8.0,2.0,18.0
-0.7533333333333333,-0.7533333333333333,0.02892773177961771,0.7714285714285715,3.0,11.0,2.0,18.0
-0.7533333333333333,-0.7466666666666667,0.02678115097618318,0.7714285714285715,3.0,11.0,2.0,18.0
-0.7666666666666667,-0.7933333333333333,0.0311511873776656,0.45714285714285713,-8.0,8.0,2.0,18.0
-0.7533333333333333,-0.8066666666666666,0.027983270017225035,0.4,-10.0,8.0,2.0,18.0
-0.74,-0.7333333333333333,0.026883369109680064,0.8285714285714286,5.0,11.0,2.0,18.0
-0.7466666666666667,-0.8133333333333334,0.0,0.37142857142857144,-11.0,8.0,2.0,18.0
-0.7533333333333333,-0.7466666666666667,0.013595011755085354,0.7714285714285715,3.0,11.0,2.0,18.0
-0.7466666666666667,-0.7933333333333333,0.0311511873776656,0.4857142857142857,-7.0,8.0,2.0,18.0
-0.7666666666666667,-0.74,0.049780231012981714,0.7714285714285715,3.0,11.0,2.0,18.0
-0.78,-0.7466666666666667,0.04722477767555965,0.7714285714285715,3.0,11.0,2.0,18.0
