hdok,plok,none,nums,totalNums,average_rssi,snr,sf,tp,serial_size,rssi_0,rssi_1,rssi_2,rssi_3,rssi_4,rssi_5,rssi_6,rssi_7,rssi_8,rssi_9,rssi_10,rssi_11,rssi_12,rssi_13,rssi_14,rssi_15,rssi_16,rssi_17,rssi_18,rssi_19,rssi_20,rssi_21,rssi_22,rssi_23,rssi_24,rssi_25,rssi_26,rssi_27,rssi_28,location_id,realtime_average_rssi,median_rssi,mode_rssi,rssi_variance,rssi_skewness,rssi_kurtosis
HDOK,PLOK,17472,1,1,-118,-11,10,2,29,-108.0,-108.0,-108.99552965895323,-108.6642334003133,-108.74826012249935,-108.79880983013751,-108.8325928244256,-108.85678422212602,-109.00199960391056,-109.00177266141728,-109.00159055307351,-108.90745843737433,-108.91548581687296,-108.84163758522139,-108.85359392796686,-109.00612511060399,-109.0729328386293,-109.13213791664107,-109.12408915046623,-109.05855221477769,-109.05527432263489,-109.05229446001626,-109.15367686139813,-109.14593470121498,-109.13880307173152,-109.17970982227645,-109.21765353191167,-109.20783212402968,-109.19866871899116,2,-108.93667012033156,-109.00199960391056,-108.0,0.08569004154281645,2.2504485071427935,5.50717762836601
HDOK,PLOK,17472,2,2,-119,-11,10,2,29,-112.0,-111.00990089207038,-110.50720774674069,-110.33841716643285,-110.50398049825642,-110.4027805330577,-110.33514734572582,-110.28671643049847,-110.25029667779337,-110.33538329932996,-110.19819723629288,-110.27355276983859,-110.16308033880378,-110.06925974136105,-109.98853076302666,-109.34977407792462,-109.39348190978606,-109.36835306461084,-109.34591599459942,-109.4423528270699,-109.47357124115626,-109.44804081090385,-109.4767715132131,-109.50313149167852,-109.52741277689617,-109.59736049293397,-109.56972871858513,-109.63426834499636,-109.69448402333369,2,-109.98231374920401,-109.98853076302666,-112.0,0.3497481078629728,-1.4018260650448033,3.0566071400418315
HDOK,PLOK,17472,3,3,-117,-9,10,2,29,-110.0,-108.01980178414075,-107.51218032295799,-108.00730278174356,-108.75623533781088,-108.60438225989758,-108.67081270161987,-108.71838235223798,-108.88117803755267,-109.12165103144517,-109.10915362633554,-109.19287771264871,-109.26289032880231,-109.32234973794657,-109.29801237256736,-109.34789808823136,-109.39173202309685,-109.43057770173287,-109.40435041338563,-109.2641713552127,-109.19340003822423,-109.18297375859069,-109.22550178998232,-109.21414112733119,-109.15480770910591,-109.19495424129991,-109.23219279826513,-109.22171531986636,-109.12375896470095,2,-109.0365305419563,-109.19340003822423,-110.0,0.23812888385759762,1.466227484167931,2.9171176139869526
HDOK,PLOK,17472,4,4,-117,-9,10,2,29,-110.0,-110.0,-110.0,-110.0,-110.50050673452603,-110.19920295424119,-110.33366937494792,-109.85193302538963,-109.74371742696002,-109.65931016696328,-109.59157817857358,-109.6299627360463,-109.74880457027702,-109.84973302622095,-109.86107816417137,-109.87095043959454,-109.94684453528349,-109.88637641936663,-109.83238558370245,-109.90046014066989,-109.85005024189465,-109.91204453027544,-109.91662280792177,-109.92082330740372,-109.92469256420571,-109.78577001906251,-109.79567953695337,-109.75977525730704,-109.77036686641391,2,-109.89801167615076,-109.87095043959454,-110.0,0.035512133133862714,-1.3954489062864668,3.0520605398610514
HDOK,PLOK,17472,5,5,-116,-7,10,2,29,-112.0,-111.00990089207038,-110.50720774674069,-111.00398499891367,-111.00298773951698,-111.00238779738393,-110.49823965794462,-110.42624087011427,-110.49912181937275,-110.55596834909804,-110.80704763119891,-110.54323390853322,-110.66959890524538,-110.69625091463064,-110.79468380945963,-110.66714725079844,-110.756740885688,-110.51682500205521,-110.48534423029344,-110.51534982377062,-110.48649931581723,-110.56809279172207,-110.64262674377544,-110.55987206453663,-110.53251188159743,-110.60221739077502,-110.62061740120092,-110.59261263333744,-110.65466492937706,2,-110.6971716339644,-110.60221739077502,-112.0,0.08906019732921244,-3.065561288836589,11.921007975307147
HDOK,PLOK,17472,6,6,-117,-9,10,2,29,-107.0,-108.98019821585925,-109.48781967704201,-109.32548113449684,-109.49428175187143,-108.99342660497882,-108.9945303814039,-109.13982711277572,-109.37611296644533,-109.2199327819653,-109.50553353555567,-109.55200479499157,-109.59086546928894,-109.62386856015473,-109.5767665609603,-109.53577949574691,-109.56698414486604,-109.59463773734755,-109.61932910641958,-109.5832208210575,-109.66253548671746,-109.62681791233078,-109.64624286924749,-109.71444444793673,-109.72839915766176,-109.78880004477922,-109.75231295682894,-109.76348959824018,-109.81800785762177,2,-109.42281555808938,-109.5767665609603,-109.81800785762177,0.26418869806335227,3.8015535257015713,17.145349203914023
HDOK,PLOK,17472,7,7,-118,-10,10,2,29,-110.0,-110.99009910792962,-109.99949776482947,-109.66688098437598,-110.00049850699824,-110.20119975765735,-109.8315836929624,-109.71141457972928,-109.74807173824051,-109.54967656777134,-109.5959390145099,-109.44594846647439,-109.5807523434144,-109.53390559516532,-109.56909566513072,-109.52865372081874,-109.56033736064228,-109.58841543518388,-109.49166209782777,-109.57960160338233,-109.65911888144944,-109.73140636197793,-109.74538725768294,-109.80859399375538,-109.86681637767215,-109.82564270395622,-109.87996430070231,-109.79513270601788,-109.80416539046293,2,-109.76860213712831,-109.73140636197793,-110.99009910792962,0.0847746934477301,-2.6650124178566155,9.875782368684634
HDOK,PLOK,17472,8,8,-116,-9,10,2,29,-111.0,-109.01980178414075,-108.51218032295799,-108.67451886550316,-108.25546488086556,-108.60576989059344,-108.67196732729414,-108.71937012718567,-108.88204034177215,-108.89542802260392,-108.90617086916353,-108.91498917777552,-108.83561980947506,-108.92954526026368,-108.93486458440702,-108.86842981117229,-108.94449334212909,-108.94803815112067,-108.95120324394394,-109.01235046302659,-109.01165905475334,-109.06494094219781,-109.06156062185016,-109.10883870862071,-109.10351990961759,-109.09860272635768,-109.09404171451119,-109.04467412638273,-108.99861400840047,2,-108.96788614096849,-108.94449334212909,-111.0,0.18498280713651627,-3.5810045739041794,17.620514945678103
HDOK,PLOK,17472,9,9,-118,-11,10,2,29,-110.0,-110.99009910792962,-110.4972625943061,-110.66456551701346,-110.24800239135095,-109.9974018244449,-109.99783809899051,-109.85364417056131,-109.7452112163147,-109.66063442060201,-109.59276638951711,-109.44307401312668,-109.31789671528023,-109.29225337942663,-109.19468840897568,-109.18085316425953,-109.16869631319177,-109.28564844153642,-109.39007278230328,-109.30902840028214,-109.34771063264884,-109.38287583431288,-109.36294629634276,-109.3950407299101,-109.52234153074185,-109.59253013036223,-109.51886534381136,-109.58570013146128,-109.69214761970771,2,-109.6630963999556,-109.52234153074185,-110.99009910792962,0.20425430611401368,-1.4108382057912356,1.611003142453637
HDOK,PLOK,17472,10,10,-117,-10,10,2,29,-110.0,-108.01980178414075,-109.00547481138783,-108.6708689659731,-109.0034884827721,-108.80198663917855,-109.00315192748936,-109.1472027908186,-109.50957535766294,-109.67872919987626,-109.71173386322637,-109.64484324194939,-109.76239428894218,-109.70089528041363,-109.72347764977926,-109.81419182836778,-109.89390120694837,-110.02840251228936,-110.02667246245956,-110.0251173976712,-110.02371126605368,-110.02243298145451,-110.02126529492114,-110.02019396044616,-110.06807574306256,-110.01734227368942,-109.97028363409969,-109.97162455674732,-109.88469480764462,2,-109.62660462791264,-109.81419182836778,-110.06807574306256,0.26303173593112106,1.5247004378202895,1.874479260825654
HDOK,PLOK,17472,11,11,-115,-8,10,2,29,-111.0,-110.00990089207038,-109.50720774674069,-109.00563325019245,-109.50473024488917,-109.60418108109137,-109.33481384343452,-109.14192478457694,-109.12389698774636,-109.2233291807521,-109.20038621667277,-109.18155339274638,-109.07906131013668,-109.07268378048188,-109.14269604045842,-109.1325555567483,-109.12364524451688,-109.24347445895253,-109.2286439769874,-109.33191803288727,-109.31333647254516,-109.40426523215868,-109.487326772731,-109.51315498272315,-109.53694643362678,-109.65394118187908,-109.7162050810866,-109.77413510144844,-109.82818399615316,2,-109.42826659573912,-109.33191803288727,-111.0,0.15212380258902528,-2.382065601980472,8.024853994790083
HDOK,PLOK,17472,12,12,-120,-12,10,2,29,-110.0,-111.98019821585925,-111.4922900180888,-111.32846381794315,-111.49651800874182,-111.19601516998536,-110.99518540934794,-110.99588114820638,-110.99640433958223,-110.88331870099934,-110.79257395748043,-110.62410314009195,-110.39647923628719,-110.36449699260112,-110.26147763828331,-110.10076906446342,-110.09399542290767,-110.08799261472086,-110.02172096175065,-109.96215232261369,-109.96427112554538,-109.8044659882334,-109.81464396804492,-109.72322315070025,-109.68788022333807,-109.65520599543824,-109.67115494124832,-109.64086971512718,-109.65670391918613,2,-110.40305017954542,-110.10076906446342,-111.98019821585925,0.43978071815249486,-0.682576085269695,-0.6360488205164354
HDOK,PLOK,17472,13,13,-115,-7,10,2,29,-110.0,-108.01980178414075,-108.5077099819112,-109.00432009829726,-109.50374571367749,-109.40259289353952,-109.67082267429964,-109.42937821015302,-109.37483704485062,-109.44578911640731,-109.39999248718829,-109.55036540339978,-109.50262477928828,-109.46208023949248,-109.50269311493506,-109.53803349544408,-109.70352554117206,-109.78632199290021,-109.86024937679586,-109.86839715368843,-109.87576459380207,-109.82855174611097,-109.78542378658862,-109.84661350320124,-109.75637202400293,-109.76794432356967,-109.82493484242559,-109.83283449056528,-109.70793363625631,2,-109.54343634648635,-109.67082267429964,-110.0,0.17003765369168036,2.3163744101576,6.274966892525526
HDOK,PLOK,17472,14,14,-114,-7,10,2,29,-112.0,-109.02970267621113,-109.0149177286519,-108.34438551600888,-108.75870861551708,-108.60635890009765,-108.67245743283733,-108.43077673572283,-108.37605792467019,-108.3333777105582,-108.5045924850526,-108.45716955555496,-108.33076956095366,-108.30408782901375,-108.35662911192289,-108.40234931543486,-108.57696197774357,-108.66784112936494,-108.74898540293941,-108.82192237876467,-108.99983871725705,-108.89202654783065,-108.94969902806051,-109.00261264362558,-109.10022223505268,-109.09546169093811,-109.09104597223197,-109.04181356411449,-109.12815082086313,2,-108.82892838644806,-108.74898540293941,-112.0,0.4395721260264913,-3.8765093860881263,18.342909519198837
HDOK,PLOK,17472,15,15,-113,-6,10,2,29,-110.0,-109.00990089207038,-109.0049725762173,-109.0033177828299,-109.25274086376788,-109.60359285981059,-109.83807158445758,-109.42795225614145,-109.37359222064867,-109.21769812499502,-109.29806524834628,-109.45801755466896,-109.50503101161546,-109.54495799228613,-109.57931360763476,-109.60920906580687,-109.70269727389321,-109.7216838498671,-109.67772474480932,-109.57990960385006,-109.49146250929587,-109.4649675530468,-109.54486940292936,-109.51741916638761,-109.58987086633691,-109.46685231158447,-109.39900093447429,-109.33587235262189,-109.32106360049714,2,-109.46689061416863,-109.49146250929587,-110.0,0.0520735085467038,0.23665230795749054,0.5049559009689952
HDOK,PLOK,17472,16,16,-116,-9,10,2,29,-110.0,-109.00990089207038,-108.50720774674069,-108.67120108267326,-109.00373748614972,-108.8021856423414,-109.17123324512343,-109.14648895612804,-109.12788140180359,-109.22686138882212,-109.40901875548126,-109.46456072791138,-109.51100660707714,-109.63111718332156,-109.65896779039451,-109.68320274151874,-109.70449768045884,-109.72336927748017,-109.67930750989292,-109.69800460619639,-109.54696389606312,-109.5713872681943,-109.64574973542658,-109.61321720031094,-109.53438147958657,-109.55649830332159,-109.62326956393659,-109.5951451197611,-109.61299534030219,2,-109.41825374580995,-109.55649830332159,-110.0,0.11999343490092491,1.0775440243528034,0.6046775638411863
HDOK,PLOK,17472,17,17,-114,-7,10,2,29,-108.0,-108.0,-109.99105931790645,-108.99568288438618,-109.24701662436841,-109.59901805541905,-109.33051777098818,-109.13824952182256,-108.86664137341202,-108.99527046397266,-108.9957563367763,-109.09013779874861,-109.08231893015383,-109.07567862255839,-109.14546477232824,-109.27725458377387,-109.393056591101,-109.43181767915364,-109.40551486147632,-109.44017468741188,-109.47151503893303,-109.50000589155539,-109.52603169594434,-109.49953049326255,-109.47511912047744,-109.50005089914461,-109.52317676853865,-109.544692961741,-109.47658680474204,2,-109.24197726034815,-109.393056591101,-108.0,0.17034191293778228,1.7043051005997518,4.001558214496345
HDOK,PLOK,17472,18,18,-114,-6,10,2,29,-109.0,-108.00990089207038,-107.50720774674069,-107.33841716643285,-108.00448723278245,-108.40518889345127,-108.50506703475789,-108.43208164771413,-108.6312442787247,-108.5596020151118,-108.5021132047011,-108.64288854716682,-108.76060915123622,-108.86058538333009,-108.7956112932392,-108.88119940081617,-109.023624021541,-109.08597809725653,-109.08074101150123,-109.01773137019534,-108.90477397260138,-108.90990764888792,-108.91459715595887,-108.8181407491012,-108.87589659612627,-108.92929137265133,-108.93256210256824,-108.98072921884375,-109.02566929273884,2,-108.6667533275258,-108.86058538333009,-109.08597809725653,0.19302308471962287,1.7411832734860344,2.7027046424442545
HDOK,PLOK,17472,19,19,-113,-6,10,2,29,-108.0,-107.00990089207038,-107.5027374056939,-107.33543448298654,-107.75199760864905,-108.2033995270932,-108.16924554697236,-108.00028215613084,-108.12726991398374,-107.99933185408771,-108.20486369391162,-108.18561006489259,-108.25625310228553,-108.3969135281171,-108.44244648221526,-108.62419525184856,-108.71667609668236,-108.79863271749284,-108.81089837305457,-108.82192342490085,-108.7199278214562,-108.78893706575188,-108.79992336048561,-108.81000311730737,-108.81928800540526,-108.87537168318312,-108.92739299400664,-108.9757933613722,-108.93277022505049,2,-108.37956619852027,-108.44244648221526,-108.9757933613722,0.26086018180879084,0.9643387913780666,0.38546678580611937
HDOK,PLOK,17472,20,20,-114,-7,10,2,29,-108.0,-108.99009910792962,-109.49279225325931,-109.99436674980755,-109.99577648963685,-109.79582322468791,-109.49427625654569,-109.2783438685082,-109.37001122709437,-109.32801727520497,-109.19158793561235,-109.2675646286273,-109.33109863991265,-109.22372474192359,-109.2068335515561,-109.26319875569226,-109.31272613349766,-109.35661734718445,-109.33489512154064,-109.19876546371374,-109.18763810065427,-109.06970158531624,-109.01402124080057,-108.91255590036694,-108.81909190630464,-108.8751848987662,-108.88095840195801,-108.93145408596895,-108.97856672102593,2,-109.21019626252058,-109.22372474192359,-109.99577648963685,0.1384075735023671,0.5366771026487839,3.3376637618386726
HDOK,PLOK,17472,21,21,-114,-7,10,2,29,-110.0,-108.01980178414075,-106.51665066400476,-106.67750154894945,-107.50896797405099,-107.40676651697194,-107.6742954807057,-108.01037452132547,-108.26310390897552,-108.23324326668585,-108.20928181269538,-108.09563032591144,-108.17407852124094,-108.32136761065748,-108.37260427218793,-108.55931627549461,-108.7233777043548,-108.80490634192783,-108.81678985936124,-108.7108669082117,-108.83901801921395,-108.90160705948675,-108.95878085279591,-108.96085745194925,-109.10937619642674,-109.19918059977334,-109.18996721279395,-109.13627107811426,-109.13026282943939,2,-108.43187057233955,-108.55931627549461,-110.0,0.564078399609008,0.737085870497375,0.9126358064716773
HDOK,PLOK,17472,22,22,-114,-7,10,2,29,-110.0,-110.0,-109.00447034104677,-109.00298268344629,-109.00223625687038,-109.00178721346842,-108.6656556517485,-108.71397052875236,-108.49625582474164,-108.66692135034111,-108.59840745290464,-108.73013280854165,-108.92702904457146,-108.77158405060214,-108.7888294265542,-108.87489947748729,-108.95052812100282,-108.82596198989599,-108.83656296866477,-108.72948720059475,-108.7446311500263,-108.65057733083073,-108.72081777933336,-108.78526231291981,-108.89349351808099,-108.9935523226919,-109.08636346457013,-109.12759044118533,-109.1219649254135,2,-108.92110191849267,-108.83656296866477,-110.0,0.11116029540232418,-2.284418230047603,5.932200972186756
HDOK,PLOK,17472,23,23,-115,-7,10,2,29,-110.0,-107.02970267621113,-109.00597704655836,-109.33677189783752,-109.25249359640412,-109.40259389252955,-109.1670763148456,-108.85392005496777,-108.87247565523107,-108.88694886795223,-108.8985627916364,-108.5321656020496,-108.48600369249718,-108.36613428229326,-108.26299131280604,-108.45749279944708,-108.56117929221506,-108.52534082747529,-108.49334134095446,-108.52288068482245,-108.6055733347177,-108.62683704668446,-108.64626100761554,-108.71446167250325,-108.87502144211507,-108.88095790858755,-108.84020792523769,-108.80229434457141,-108.8110112693854,2,-108.74885098552248,-108.80229434457141,-110.0,0.23230735397095564,0.8720659903522425,5.5883600257645885
HDOK,PLOK,17472,24,24,-114,-7,10,2,29,-110.0,-108.01980178414075,-108.5077099819112,-108.00596834957604,-108.50498148452365,-108.00197781685338,-108.50539290099012,-108.72137309786017,-108.8837888879042,-109.01047184319683,-108.90666445392698,-108.82145374280806,-108.66345446099507,-108.6099364950989,-108.79038599435657,-108.94740895559573,-108.88372464229886,-108.89115030886369,-108.89778054592531,-108.90374017091149,-108.9651114015965,-109.02090269313703,-108.96776243939605,-108.86862759326777,-108.77731031556189,-108.78788804879714,-108.84395604177183,-108.80587333092444,-108.85852287385305,2,-108.7714869191739,-108.84395604177183,-110.0,0.13269855990462198,-0.39624162413997693,4.427708387627067
HDOK,PLOK,17472,25,25,-114,-7,10,2,29,-109.0,-110.98019821585925,-108.99899552965894,-108.66654588499237,-109.25050063462676,-109.40100112017066,-109.66949818471839,-109.57275145453397,-109.24595130714478,-109.33153110097615,-109.40020398056498,-109.36259175740032,-109.41788278246757,-109.38417400844388,-109.43066879470302,-109.54219100283142,-109.57296467394103,-109.60023633326259,-109.56367482223772,-109.41420679127091,-109.27905375731217,-109.31792028079391,-109.19726737949314,-109.1873291517271,-109.12930599812111,-109.12316397875773,-109.16372329824152,-109.20145948620058,-109.19257705342207,2,-109.36543340565085,-109.33153110097615,-110.98019821585925,0.1375995192219643,-2.6982404852394204,12.12941033063567
HDOK,PLOK,17472,26,26,-115,-8,10,2,29,-108.0,-108.99009910792962,-108.9950274237827,-109.66225004965091,-109.99702647928169,-109.79682221472265,-109.66302323067191,-109.85622484602719,-109.8744876834367,-108.86728903233667,-108.67545944226532,-108.79994324919254,-108.9040403779344,-108.99244664110023,-109.06851679518442,-109.13471127566433,-109.19287551180267,-109.30828348951867,-109.4113290874296,-109.38734767284295,-109.30968065284355,-109.18516477077944,-109.22757875511796,-109.1657339772309,-109.01102888254897,-109.05800489171688,-109.10157823909704,-109.05187057249009,-109.04958357731297,2,-109.19784234241078,-109.13471127566433,-109.99702647928169,0.1636195856397459,0.2694411303147455,1.607917785728747
HDOK,PLOK,17472,27,27,-115,-7,10,2,29,-110.0,-108.01980178414075,-109.00547481138783,-109.33643679845392,-109.50249572403264,-108.99999120042857,-108.66416121754975,-108.7126920497653,-108.74918693943577,-108.77765264757463,-108.59503154673371,-108.63309154757977,-108.49143146278689,-108.6131210801956,-108.64233039083061,-108.66774765422304,-108.69008147570224,-108.58214818911352,-108.6076003197892,-108.63047810719202,-108.65116482098462,-108.56214981197677,-108.48083644298683,-108.55737111122372,-108.67673904808413,-108.69209390443217,-108.70633654661223,-108.76471187517292,-108.81917624385471,2,-108.75281154318084,-108.66774765422304,-110.0,0.12141752846005914,-1.8256768608573362,5.505211661618876
HDOK,PLOK,17472,28,28,-114,-7,10,2,29,-107.0,-108.98019821585925,-108.9900548475654,-109.65893226682101,-109.4940322482508,-109.19402855356054,-109.16144810730344,-109.13811783272975,-109.1205736086215,-109.10688926082658,-109.09590835603235,-108.99291200502927,-108.82003983259315,-108.83455643119662,-108.77154752377517,-108.85884568764712,-108.73389509430149,-108.75088929100878,-108.76606308744275,-108.72139987965866,-108.73699657653714,-108.64335434049745,-108.76602298381225,-108.82819010275733,-108.93432348547384,-108.93744311201708,-108.89408032381374,-108.89885984810363,-108.81513832535634,2,-108.88430142167559,-108.89408032381374,-109.65893226682101,0.17759025930825817,2.882263677223243,13.838164175149332
HDOK,PLOK,17472,29,29,-118,-10,10,2,29,-112.0,-107.04950446035188,-108.51815736951633,-108.34572293085986,-108.50945797053515,-108.80876082457604,-108.84087289036644,-109.00837410289374,-108.75326319753144,-108.89475999943322,-108.90557147308203,-109.00842874585102,-108.92095410191172,-108.92733038834406,-108.93281693504362,-109.07971825149703,-109.20879854334737,-109.32318963214307,-109.24259169156085,-109.28675030618635,-109.15873258918519,-109.20408567883437,-109.29756700997922,-109.28257573910396,-109.26876664876747,-109.30350014502963,-109.38197420170043,-109.40986202595661,-109.30361020404072,2,-109.07502407095268,-109.07971825149703,-112.0,0.51041981278096,-1.6006732784322035,10.994003543796786
HDOK,PLOK,17472,30,30,-117,-10,10,2,29,-110.0,-110.99009910792962,-110.4972625943061,-109.99899768453264,-109.7489951500904,-109.59859591165676,-109.49808224203665,-109.28159986497785,-109.24583003683632,-109.10443614714245,-109.19643885470477,-108.89602912023483,-108.90504791876168,-108.91270728733065,-108.7682981235082,-108.71370015021529,-108.8673839792147,-108.93971597700526,-108.82156427050508,-108.89026973446668,-108.78444794217562,-108.84997887888261,-108.90984003371597,-109.06552068227198,-109.01345014216278,-109.06031114179015,-109.05752136261931,-109.054925766034,-109.09659448321493,2,-109.23336705476977,-109.05752136261931,-110.99009910792962,0.28643548933156376,-1.850501824540094,3.268340862134026
HDOK,PLOK,17472,31,31,-113,-7,10,2,29,-111.0,-107.0396035682815,-108.01541996382242,-108.34307236411372,-108.5074707170424,-108.20476855965617,-108.17038469743282,-108.29026936578049,-108.2533983064512,-108.33813291260259,-108.50885917758235,-108.46103525309367,-108.50778694430184,-108.62815723664245,-108.65623131932388,-108.75172425923162,-108.83563267374095,-108.78226685549227,-108.67370566771454,-108.69272936406608,-108.7099311045479,-108.6177479797988,-108.68969726897323,-108.60457120120743,-108.57502663252369,-108.59521281638125,-108.52142393830506,-108.49789518077678,-108.4759427745764,2,-108.54993441736079,-108.52142393830506,-111.0,0.32354639479617175,-2.176830646791771,12.961120611122139
HDOK,PLOK,17472,32,32,-114,-7,10,2,29,-108.0,-109.98019821585925,-108.49676035913556,-107.99866258514903,-108.49950401224494,-108.19840157994935,-107.9971711035402,-107.85307356018019,-108.12578388193724,-108.3384956477675,-108.50918464838337,-108.74327802930053,-108.59205998288161,-108.46363547618569,-108.42863105502941,-108.32710749561767,-108.43955841739947,-108.47534976995892,-108.38548347248458,-108.47961343165017,-108.62071066188454,-108.53333744975376,-108.66173271670195,-108.62839496731975,-108.6954234314842,-108.61489102234151,-108.67896124320805,-108.55807567411813,-108.53346988486409,2,-108.47782585435624,-108.49676035913556,-109.98019821585925,0.13360650623745546,-2.0859446204638896,9.221910130572644
HDOK,PLOK,17472,33,33,-114,-7,10,2,29,-110.0,-108.01980178414075,-108.5077099819112,-108.33875226581645,-108.75448510515393,-108.40218212478555,-108.50256514984832,-108.57444763785267,-108.75552642851461,-108.783272644433,-108.80553739244773,-108.91779613133801,-108.75143977306563,-108.61015879666896,-108.79059151218556,-108.66334576659605,-108.82041438980005,-108.95960876693066,-108.84024535361122,-108.96616392626599,-108.91207577341659,-108.9168158064659,-108.97319795069922,-108.92416874515928,-109.02561178274033,-109.11939498566544,-109.11387219776547,-109.19898191457362,-109.1461183018458,2,-108.8308373237827,-108.82041438980005,-110.0,0.11549896914505373,-0.843022552417384,4.283234871482831
HDOK,PLOK,17472,34,34,-114,-7,10,2,29,-107.0,-108.98019821585925,-109.48781967704201,-109.32548113449684,-109.24402838460843,-109.19502715516539,-109.4981104884559,-109.13711769278586,-109.373747706732,-109.21783596438381,-109.19545732721147,-109.27107036462228,-109.2475567710983,-109.30825307119215,-109.28498000241085,-109.26472831874202,-109.31415288015342,-109.29409020664698,-109.21526476617369,-109.08610982819248,-108.96932444200651,-108.9709781745936,-109.07659326932585,-109.02235506152161,-109.02126260020484,-109.06775250901455,-109.11087496624582,-109.0607477936998,-109.05806939813672,2,-109.11375821278352,-109.19545732721147,-109.4981104884559,0.17970399962024852,4.431818810088081,22.227988847478176
HDOK,PLOK,17472,35,35,-115,-8,10,2,29,-110.0,-110.0,-109.50223517052339,-109.00231546736254,-108.75148264659526,-108.8013852670396,-108.8347358049596,-109.14763020204249,-109.00185408421547,-109.00164365729422,-109.00147480175043,-108.90735356466519,-109.00213354617176,-109.00196144234555,-108.92631347727014,-108.9315499013573,-109.00337053427633,-109.067018053815,-109.0020240003457,-108.88530148051429,-108.77975782288739,-108.8994520380763,-108.95673800503857,-109.11005595824187,-109.20241494166457,-109.33529989556197,-109.41230300873809,-109.39369822900298,-109.33224949275272,2,-109.11012939636237,-109.0020240003457,-110.0,0.09477906818747857,-1.6912139503389518,2.8548286709661803
HDOK,PLOK,17472,36,36,-111,-5,10,2,29,-112.0,-109.02970267621113,-108.51715289917529,-109.01062056457347,-109.50846946705275,-109.0047654077765,-109.1718809510825,-108.85803039082231,-108.87606388143497,-108.6631424060595,-108.69774832567826,-108.6321721020207,-108.57733527813986,-108.61142979027275,-108.64076679308792,-108.59523164574661,-108.6224399537668,-108.58268921341491,-108.6081083892945,-108.5143520390569,-108.59752214281193,-108.72704076226219,-108.79330111924827,-108.90447345876193,-108.86027307645519,-108.8669100885232,-108.87306635504154,-108.83367006909302,-108.79691320800977,2,-108.89569905016808,-108.79330111924827,-112.0,0.39040199780067913,-4.448289771345526,21.86015117152354
HDOK,PLOK,17472,37,37,-113,-6,10,2,29,-111.0,-108.02970267621113,-107.51715289917529,-107.01226881585225,-107.75995860516193,-107.6073578901324,-107.50537294649827,-107.8658623637435,-107.88290100897362,-107.89619100948002,-107.90685547317702,-107.91560944090239,-107.83618626880428,-107.84940040510884,-107.86077065591213,-108.01279183495991,-108.21359033864913,-108.32767541011783,-108.30771609166992,-108.34807780671683,-108.32859158382922,-108.25696663742818,-108.34769539717064,-108.27979920545997,-108.3149944344055,-108.39503199617106,-108.3767592193338,-108.35975831916979,-108.34389642481672,2,-108.12617017789765,-108.02970267621113,-111.0,0.4040933676843952,-3.072043084580043,14.384217715205319
HDOK,PLOK,17472,38,38,-113,-6,10,2,29,-111.0,-108.02970267621113,-108.51268255812852,-108.67485396488676,-109.2567295895521,-109.20517794099021,-109.00280960696857,-108.85789726413296,-108.87594766497674,-108.89002682638393,-108.90132454647348,-108.72263306257209,-108.7466928428906,-108.76712602194422,-108.78470797850903,-108.94213443957219,-108.9460241309854,-109.07719672195445,-109.07249452609523,-109.12657018955026,-109.11948448952312,-109.11304302906076,-109.15921111031855,-109.15119013755917,-109.09493304820519,-109.13792361959281,-109.03903086767761,-109.03726963702776,-109.07971682030123,2,-109.01119087282913,-109.03726963702776,-111.0,0.2011796962537279,-2.708645279511174,13.647680928648183
HDOK,PLOK,17472,39,39,-113,-6,10,2,29,-111.0,-109.01980178414075,-108.51218032295799,-107.67616711678194,-108.50796748802678,-108.4059669298936,-108.16988296617757,-107.85632112739701,-108.0015953331404,-107.88792054937008,-107.89943465066743,-107.81490341548289,-107.74421583700244,-107.68418320458281,-107.78352721002909,-107.94103758066323,-108.1466593661929,-108.20115606384367,-108.24981513321418,-108.29355260488062,-108.33310120905482,-108.31514357893352,-108.35079187747976,-108.33311916551983,-108.36570872085893,-108.39583748035278,-108.33127099706338,-108.31632270951181,-108.34646632642202,2,-108.2718638189532,-108.29355260488062,-111.0,0.3546106039847545,-3.4028116288714854,15.098785946443888
HDOK,PLOK,17472,40,40,-112,-6,10,2,29,-109.0,-109.0,-108.50223517052339,-109.00066721608377,-109.25075361027513,-108.99960059489072,-108.99966766129131,-108.71070301269137,-108.62042695866828,-108.55001239298657,-108.69897193992605,-108.82124598045384,-108.66326472067566,-108.60976206030013,-108.63922497652214,-108.66486292160347,-108.7546101078557,-108.83414415758999,-108.84424674531215,-108.73672299571346,-108.69547949146276,-108.60407545941999,-108.62468421154705,-108.64359242536031,-108.66100957663599,-108.58211182146076,-108.6014418441004,-108.61942640047035,-108.59211563210108,2,-108.74224345123868,-108.66486292160347,-109.0,0.031144421294064847,-1.1535603562752414,0.7774427840569369
HDOK,PLOK,17472,41,41,-113,-6,10,2,29,-109.0,-107.01980178414075,-107.0099451524346,-107.67220339814062,-108.00448896879631,-108.4051902808712,-108.50506818920819,-108.43208263533904,-108.50422154255801,-108.33350183876624,-108.29924066124595,-108.36509986783535,-108.42017333061258,-108.46694540879173,-108.43169108813274,-108.54314064848592,-108.77550884879136,-108.91757101821293,-108.92259192074643,-108.86880272853543,-108.93212984027957,-108.93578874991844,-108.99118331028498,-109.04200696933258,-109.08882278000397,-109.13210358839646,-109.03348005044941,-109.03196929512886,-109.03055975557173,2,-108.55570047072457,-108.54314064848592,-109.13210358839646,0.29958000044457783,1.558107561516105,2.419173925921221
HDOK,PLOK,17472,42,42,-113,-6,10,2,29,-106.0,-111.94059464757774,-109.48134039531314,-109.32115805351613,-109.49104053646309,-108.58923352692891,-108.15446048851179,-108.13213996913281,-107.9883314764291,-108.21664322756067,-108.29711872221326,-108.45715998555255,-108.50424783104998,-108.54423798746708,-108.72964771593197,-108.81992342786711,-108.83202807683566,-108.77889245813441,-108.67053681117346,-108.68974525901669,-108.59514930344268,-108.67088541156433,-108.58391211299285,-108.55449492506658,-108.62513478333932,-108.69044071582088,-108.79727272386394,-108.80642059870084,-108.85904601236491,2,-108.68349093737352,-108.67053681117346,-111.94059464757774,0.7310379879831951,-0.91429767170366,9.45673432178424
HDOK,PLOK,17472,43,43,-114,-7,10,2,29,-108.0,-108.0,-108.49776482947661,-108.66490061639705,-108.99901373277446,-108.99921177656633,-108.66351267121449,-108.42312454883587,-108.24235414775684,-108.32834219660107,-108.50007427750143,-108.45307598103837,-108.50051808740172,-108.37947786452388,-108.42632720906863,-108.46709442007668,-108.50291604252287,-108.40693565916946,-108.44306031080104,-108.47553115226259,-108.56087454152497,-108.47672712049942,-108.45191241453493,-108.52990426025045,-108.50400856296696,-108.52756809658945,-108.54942111818136,-108.43438092359006,-108.50340972171338,2,-108.47970490633935,-108.47672712049942,-108.0,0.041128000816002895,-0.23764841122681882,2.936330888154893
HDOK,PLOK,17472,44,44,-114,-7,10,2,29,-109.0,-109.99009910792962,-108.99949776482947,-108.9996649006164,-109.50025549489153,-109.19900216386485,-109.33350230043425,-109.42981544150057,-108.9941479424793,-109.22179956122139,-109.30174533746656,-109.27338651665806,-109.07618500202527,-109.23137073293093,-109.13840239476657,-109.12856703265656,-109.05270537221973,-109.17706500348872,-109.04445592650357,-108.9835617875855,-109.04046441445911,-108.98437252826558,-109.0372381950104,-109.03536215415377,-108.98476542011342,-109.03298894058916,-108.98520654177162,-108.89562599141034,-108.85613746786933,2,-109.1354272909556,-109.04445592650357,-109.99009910792962,0.04890720299142492,-2.187694011779562,6.5689968283777045
HDOK,PLOK,17472,45,45,-114,-7,10,2,29,-107.0,-105.01980178414075,-106.50323964086444,-107.99968916357219,-108.75052705322395,-109.00142290964688,-109.00118398073447,-109.00101288801565,-109.00088422733519,-108.6603027026664,-108.5924687494958,-108.5367869774338,-108.57696769856432,-108.61109186173184,-108.64045437811009,-108.66600495758033,-108.75567537679703,-108.83514139550465,-108.7842713804006,-108.73854658802237,-108.69720099474013,-108.60570415571176,-108.7303325748077,-108.64315932151247,-108.7583349057334,-108.86481372817975,-108.82481051726522,-108.8327157754591,-108.840091406696,2,-108.46457369289473,-108.7303325748077,-109.00142290964688,0.7138577416729927,3.052371926041833,9.664696550924814
HDOK,PLOK,17472,46,46,-115,-8,10,2,29,-109.0,-108.00990089207038,-107.50720774674069,-107.67120108267326,-108.50424422067574,-108.80459400273497,-108.83740574345757,-109.14991431750856,-109.25789525979587,-109.22862576649585,-109.20513867568819,-108.99789394048612,-109.08482013245164,-109.15864368451103,-109.22216598235623,-109.20637808440343,-109.19250546212439,-109.05248598744642,-108.9883771091578,-108.98905474993862,-108.87770273770161,-108.83038540383536,-108.89126644258388,-108.84636490372131,-108.75613557323996,-108.67271934466372,-108.64160173753748,-108.61265007152592,-108.62972849144211,2,-108.82162094989545,-108.89126644258388,-109.25789525979587,0.18521095511426805,1.7722210953762463,3.112667175202574
HDOK,PLOK,17472,47,47,-115,-8,10,2,29,-110.0,-109.00990089207038,-108.00944291726407,-108.0063004662762,-108.25497712063826,-108.2037773702028,-108.00164421404766,-108.00140661469868,-108.00122794143817,-108.00108857779215,-107.89824514639113,-107.90780833528451,-108.0025488683936,-108.08300888303324,-108.15224159904312,-108.1414227742871,-108.13191641252872,-107.93190355126421,-107.93605143256237,-107.99808203646167,-107.99818940861891,-108.05219745050705,-108.15358490144943,-108.09546789534569,-108.18853977747303,-108.17958416071254,-108.26379013062059,-108.25188685275825,-108.28487147346993,2,-108.1772795587805,-108.08300888303324,-110.0,0.15957357809846015,-3.7187988653157555,15.358388882300412
HDOK,PLOK,17472,48,48,-115,-8,10,2,29,-109.0,-108.00990089207038,-109.49826706464714,-109.33245179954025,-109.24925461725266,-109.19920395323122,-108.82992301549388,-108.70999388067838,-108.87385509983514,-108.66118430730778,-108.49052818541911,-108.53840968714498,-108.57844964874756,-108.6124542694837,-108.49071417140365,-108.45584229237002,-108.49242027670397,-108.52483572443755,-108.61469072310334,-108.69545738200318,-108.71250640155728,-108.72800530568232,-108.74216323392504,-108.8055323946341,-108.8639043947174,-108.91786879936747,-108.8754114493318,-108.97128147980746,-108.9725476913417,2,-108.77403648762893,-108.72800530568232,-109.49826706464714,0.08923598109850615,-0.2430585649230405,1.0164214206451248
HDOK,PLOK,17472,49,49,-118,-11,10,2,29,-109.0,-109.0,-108.00447034104677,-109.33411834840793,-109.7510108411805,-109.60020684925169,-109.6673384081016,-109.42639744249978,-109.7533057000503,-109.89479767818297,-109.8028736809709,-109.63343486846675,-109.23151448787206,-109.29350484869965,-109.19584539247325,-109.03980087742721,-109.10434493877277,-109.09768118182225,-109.09173123942756,-109.0280808430174,-109.08249118736065,-109.13195448392796,-109.12508595982146,-109.01802523672883,-109.01714436803461,-109.01633001261435,-109.10808753947188,-109.14833423794231,-109.14179411951888,2,-109.23240362458941,-109.13195448392796,-109.0,0.13122890106635804,0.7473530919444715,3.3987770742469787
HDOK,PLOK,17472,50,50,-116,-9,10,2,29,-109.0,-108.00990089207038,-108.0049725762173,-107.6705338665895,-108.25349061040062,-108.40339070476806,-108.16773932977522,-108.28800627051264,-107.9973754810078,-107.99767334744054,-107.89518076811812,-107.90503195534501,-108.00001332138122,-108.0806778674944,-108.07458669846869,-108.06928630471997,-108.06462891710409,-108.0605015353583,-108.11772813356527,-108.16916657556638,-108.10371385193794,-108.09812259336267,-108.19711953856849,-108.23756823776606,-108.37256450416194,-108.40236761477323,-108.38375551827838,-108.36643891680231,-108.39437288922882,2,-108.16503133864771,-108.10371385193794,-109.0,0.05508883119180516,-1.3137287410256857,4.4674406834071
HDOK,PLOK,17472,1,1,-118,-11,10,2,29,-109.93559269804341,-108.6480681079515,-107.9844126676073,-111.2160058427316,-109.43063060389892,-109.68669915377963,-108.3870603853097,-108.6678140348836,-110.1242941060815,-108.35295851367263,-108.4794158233706,-109.88671069547199,-108.88719187701557,-108.00851932100507,-108.3858093389938,-108.95661039639299,-108.69673121405695,-108.16661816851145,-108.97965832404165,-108.0511456000798,-109.43051160026016,-109.93747763745883,-108.42803746971971,-109.87068354075706,-109.69704140030545,-109.11074871635854,-110.57983380743194,-108.51064714437204,-108.84107448438908,2,-109.0806207818604,-108.88719187701557,-111.2160058427316,0.6588302174446615,-0.7272650098216111,-0.017181889669944272
HDOK,PLOK,17472,1,1,-118,-11,10,2,29,-107.62909767880473,-106.39699173298969,-110.75900010478246,-108.46390374825025,-108.41741472941231,-108.5612685249815,-110.31655591014422,-108.85599472209113,-108.06958626093933,-107.71941414623983,-109.25608772733345,-110.05088198523082,-108.76617067775078,-110.42850517648237,-109.75929443404057,-108.73699439665786,-109.72739689369637,-107.86990138557505,-110.72427774140654,-109.19609663046624,-107.35202953328202,-107.54355989814759,-108.60649757972736,-108.56005652882449,-110.05824287871356,-110.33256154590157,-107.94412986967303,-109.3431908120337,-107.7510230625195,2,-108.86883194193439,-108.73699439665786,-110.75900010478246,1.2390149220069058,0.007892002714097754,-0.7074740028055366
HDOK,PLOK,17472,1,1,-118,-11,10,2,29,-110.02900003341485,-108.83913310167993,-107.94794038319266,-108.81544445400283,-108.1232674699534,-109.56213916845182,-109.51300583796014,-106.84724519209213,-108.86015138781059,-110.00278584285223,-108.98875731697638,-110.81522196407377,-108.74762050879343,-109.284142058505,-109.61984570039262,-110.81361608066246,-107.85321906139555,-109.2924361338916,-107.30893859907285,-107.92638713704112,-108.06261204885901,-109.22010975558945,-108.55314092674219,-109.23787349891359,-107.40533092126299,-108.85596511217248,-109.74632343645675,-111.09102324842256,-108.02855543006399,2,-108.94452523485168,-108.86015138781059,-111.09102324842256,1.0789605962501194,-0.13393083626222763,-0.2805255998552205
HDOK,PLOK,17472,1,1,-118,-11,10,2,29,-108.20816559956852,-107.51406138803303,-109.82307606512984,-110.7371694506189,-108.13943606570783,-110.08397677050752,-108.51907083168909,-107.3218931344489,-106.60062970918752,-109.56036622216564,-109.4514054546099,-108.18745426964746,-108.49526004566347,-109.86792829665579,-108.75133583762704,-108.89584501468185,-108.53626337910977,-108.90025305528503,-109.84118365458545,-108.76662605536612,-107.0134632850237,-108.40819690668562,-108.99832155169045,-109.60098748898241,-108.11496828752425,-106.64531374439709,-109.58035050071364,-109.81907531436755,-109.00475237801832,2,-108.73747688819627,-108.76662605536612,-110.7371694506189,1.051399293215477,0.39038883904350213,-0.2707572009898369
HDOK,PLOK,17472,1,1,-118,-11,10,2,29,-109.33459052723755,-108.98076262112916,-109.73144051626886,-109.80793988702892,-110.26529952992723,-108.16434343347458,-109.8621634289904,-109.57333664370462,-107.5527880958617,-109.09817946394622,-108.99777581685156,-109.72728692664872,-109.14910859561276,-109.06683006698191,-109.54840930878652,-110.74250612777122,-107.78765398987419,-109.9944343295515,-107.90642974094811,-108.74255784058616,-109.15267484548023,-108.14010797250846,-109.3353905736836,-108.77216937086513,-109.85860946676742,-107.7976629041626,-109.21270717640375,-110.06782385470251,-111.05233512918609,2,-109.22149373051523,-109.21270717640375,-111.05233512918609,0.7404784556024896,0.1431031815681506,-0.2609828225403863
HDOK,PLOK,17472,1,1,-118,-11,10,2,29,-109.64128455969379,-109.07438350690269,-107.5792565383182,-107.858409699351,-107.83337374708879,-108.19616598194742,-109.8906193665332,-109.31313916527307,-107.07266037928959,-110.81736390771202,-110.50372245240477,-107.1922395229497,-107.97790670516315,-110.44781268029357,-109.64720387639922,-108.27902014695208,-109.45380661695744,-109.08554446907571,-108.11299640661024,-109.21068340551751,-108.79836360721418,-108.25796178597636,-110.79638584162382,-111.05530797127294,-110.06610374441773,-109.67917255882509,-108.14776390167548,-107.81060751865127,-111.00234863272324,2,-109.06212443782114,-109.08554446907571,-111.05530797127294,1.3788405353313498,-0.13481201661210304,-1.1324067731441345
HDOK,PLOK,17472,1,1,-118,-11,10,2,29,-106.14494206901463,-107.40494758701017,-110.46450976030351,-109.4897035532089,-107.60924505492027,-109.50551220318036,-108.5855205780755,-109.39721020629304,-108.82917541976835,-111.50628659852408,-107.96481825837698,-108.6876638055762,-109.96872197421318,-107.58780392799316,-110.23802360856489,-105.7736068913295,-110.62884044745962,-108.34330757133601,-108.47492843733534,-108.54400138836102,-107.06708333707422,-109.02214771498541,-108.61473582170767,-109.84967493583058,-108.92551067031772,-109.29898165426883,-108.56420823066918,-111.04417637971204,-109.23665160115341,2,-108.85420481677804,-108.82917541976835,-111.50628659852408,1.7252558215405098,0.28960477350570984,0.25465745703841103
HDOK,PLOK,17472,1,1,-118,-11,10,2,29,-105.76582229027585,-108.07230917649396,-109.32091818963414,-106.99921193247293,-107.92035131994881,-108.41700091363037,-110.34544271536966,-110.12348482064822,-108.33429976011361,-109.92850809093343,-110.52189984203855,-109.22289351507453,-110.71146287719965,-108.8573354290375,-109.40953481618949,-109.03354137907961,-108.71134391018578,-109.23099408120305,-109.15486476530693,-108.5375712130575,-109.59828247538664,-109.19125694766252,-110.32529271886234,-109.72367002166422,-109.04581516823728,-109.75662657388996,-109.52342191753795,-108.23884897157276,-109.64675650732428,2,-109.09202628758732,-109.22289351507453,-110.71146287719965,1.084268745724964,1.178560857274523,2.397159284333705
HDOK,PLOK,17472,1,1,-118,-11,10,2,29,-107.57736329094593,-107.98442594972204,-109.31488863776951,-110.30020589105456,-109.29709378118386,-109.26658053304058,-108.27111996999332,-108.76136144124484,-109.97496567314556,-109.39290836806886,-108.96582901777943,-108.40404744698203,-108.49869936960846,-108.37605897131239,-110.53864512637566,-109.10071267119498,-108.45409787490843,-107.91208409256468,-109.45499761307394,-111.12597392182263,-110.30871843204241,-108.40516496122935,-107.24250423206642,-108.05297084280701,-112.14207499808808,-109.13604884693562,-109.98587545414483,-109.80660852663632,-108.73119059049024,2,-109.13045574228387,-109.10071267119498,-112.14207499808808,1.1525853108031454,-0.7453918988822501,0.7730442801224142
HDOK,PLOK,17472,1,1,-118,-11,10,2,29,-107.28498842234224,-106.81105029936236,-110.38727019238111,-109.79249986462723,-109.11300533447161,-110.05167195960729,-107.67835296253502,-106.40146074784195,-109.13394729689183,-109.94442897630636,-109.41507631653656,-108.1405120946689,-107.90121231382352,-108.7012012915727,-107.74916934685727,-108.88967716356764,-110.50620950295541,-110.12390695725071,-108.81304202288213,-110.50435978725955,-107.08647575159979,-106.83321240774656,-108.78472923088798,-109.1630696891607,-109.17327707637989,-109.48238073785537,-109.23426212073345,-107.03219565395531,-107.93617476524459,2,-108.69202828576913,-108.88967716356764,-110.50620950295541,1.4285491442134393,0.2687034686393565,-1.0223050712869979
HDOK,PLOK,17472,1,1,-118,-11,10,2,29,-108.46473253254979,-109.28539359409343,-108.62482495629538,-106.97328215954653,-109.91046944053909,-109.13052065321286,-107.94539986862436,-106.99423489243553,-109.06760514888667,-110.31106255455647,-109.50844105775,-111.1885222769793,-108.672094133328,-108.11163955502408,-108.80226984540093,-109.39790632181742,-109.55327322057543,-109.3754965144455,-109.87709544792594,-109.9768111930577,-108.5935907911517,-108.91724561142547,-109.65880300526206,-109.23332253992827,-108.65710201248932,-110.31784745209845,-108.9835047222218,-108.09701369199931,-109.1942553735597,2,-109.06288829542001,-109.13052065321286,-111.1885222769793,0.8237013996304272,0.27948529920747106,0.792299716650176
HDOK,PLOK,17472,1,1,-118,-11,10,2,29,-108.06030319947428,-108.65702737404237,-108.81340800238485,-109.18933409616534,-108.48636908387343,-109.2919682724357,-110.09968872786946,-108.93050845342417,-108.83466319997301,-106.9472805325732,-107.8466108093557,-106.97476503759304,-108.76284512506389,-108.10054032417466,-109.3240433845458,-107.7951021851058,-109.50392452833061,-108.70807926928818,-110.07070754188904,-109.09055648838157,-107.66412188243206,-110.35714655061017,-110.18718575470648,-109.06835191492837,-109.62266399290768,-108.8655326866398,-108.97876309198098,-110.1124208608175,-109.58964577608678,2,-108.89426062576048,-108.93050845342417,-110.35714655061017,0.7907204839733455,0.432320553661565,-0.17366401032338263
HDOK,PLOK,17472,1,1,-118,-11,10,2,29,-108.03225891868419,-107.92004845292816,-107.62661606596598,-109.1486690893943,-108.06058605333331,-108.85654960531913,-109.51128373915873,-110.87095510242335,-109.07456855729738,-108.88017467620499,-107.37679692933692,-109.91631330863653,-109.34284124157253,-107.22675075407177,-108.31235953682034,-109.11587188564587,-108.14363891608318,-110.05881613175605,-109.82346523373828,-110.41080190174095,-109.33610126041874,-109.34445094219029,-109.56194719293056,-110.00452229182193,-108.52327076676097,-108.8084855867697,-107.31561832844704,-110.58567658517377,-110.28170311316346,2,-109.01624628164787,-109.11587188564587,-110.87095510242335,1.0085711144322536,0.11864111775561195,-0.8630678709626625
HDOK,PLOK,17472,1,1,-118,-11,10,2,29,-107.07983665778605,-107.36316997193342,-108.3656787383476,-106.29549996184518,-109.47657017676494,-109.1111603199791,-108.65314686397437,-108.49436612663695,-109.62635804970151,-110.07775967050324,-108.94818049516834,-109.8021767594358,-106.68851416008911,-108.32744202886936,-108.28569463679142,-109.3244401887873,-107.45960883203809,-108.91587525835698,-110.23115873931066,-109.97726171169218,-109.38856067086734,-110.2350529002445,-108.96819877809587,-110.19893888694241,-110.91382566439341,-108.51354993558579,-107.59572501114786,-109.01437615677486,-109.30029268719522,2,-108.84939379445721,-108.96819877809587,-110.91382566439341,1.261332871457006,0.4867320220499565,-0.24541811230964106
HDOK,PLOK,17472,1,1,-118,-11,10,2,29,-108.19089034408843,-107.49502546376873,-108.31499634213431,-108.02988257765519,-109.15191438750543,-109.31817785584239,-109.22913615727023,-109.25183998257096,-108.81801520629236,-109.06959139695402,-109.51395024102116,-108.87635022529311,-108.70696799521816,-109.35557912318421,-109.86945626099634,-109.18265606684545,-109.59101123453364,-107.77982892900339,-106.96535459519436,-108.17794904937429,-109.21148075679791,-108.94010550474367,-111.19630670478821,-108.99755035133512,-109.43631207556403,-109.60972354524182,-108.85444438181199,-108.78509268149202,-109.07436448314384,2,-108.93082599722979,-109.06959139695402,-111.19630670478821,0.6176286971163972,0.019420138621712983,2.073356925718897
HDOK,PLOK,17472,1,1,-118,-11,10,2,29,-108.85486285071315,-108.86693893934286,-108.52363106098592,-108.49989985568025,-109.30606411997545,-109.52678477865221,-108.76034757534487,-108.83557994270951,-108.40233438838624,-105.90713063532144,-107.67811327130063,-109.38247594811423,-108.54801621479645,-108.62469343109798,-110.84358096233298,-110.3119059004779,-108.65972513262167,-109.95973660947162,-109.12499472243994,-107.60785134620929,-111.3302185548887,-108.20328077473347,-109.31062404974448,-109.32519355809644,-108.4758049322805,-109.4634097772819,-108.77154267196597,-107.63895170206293,-108.9349578712324,2,-108.88547074407798,-108.83557994270951,-111.3302185548887,1.0182312498021975,0.20491397292772434,2.3242439225726135
HDOK,PLOK,17472,1,1,-118,-11,10,2,29,-107.37737187717342,-107.35625545968806,-108.13614581962374,-107.41391888319092,-107.85355586052243,-108.44209285124147,-109.43675384091631,-108.74504833266842,-109.30804243401882,-109.353889954835,-107.96043818117691,-107.39409053247319,-109.49793329203806,-109.08909424528828,-109.70233244931867,-108.3209294328192,-108.99770395420894,-108.56290547299228,-108.37453640251582,-111.23299291211822,-110.35867968167153,-107.22985200399185,-108.3380041303122,-109.8798471851296,-108.53952376068986,-110.41067888227302,-107.01132005993163,-106.51400361427696,-109.4569726559151,2,-108.63085910906965,-108.53952376068986,-111.23299291211822,1.2387120985031685,-0.23702876944862708,-0.34813161240864643
HDOK,PLOK,17472,1,1,-118,-11,10,2,29,-108.97283128987291,-107.17996862512422,-107.82117589768012,-110.06199847586645,-108.52049005384131,-107.17130866935398,-109.28717688081913,-110.11730077738451,-108.65857760343962,-109.39196837184218,-111.40422462499872,-107.36995918109676,-108.9758907077089,-109.6740846880037,-109.26753413039437,-109.65049385265706,-110.34226301714921,-109.20021829978015,-108.63897870166777,-109.24017387303962,-109.78432808489227,-109.32930849351327,-108.02690558641714,-107.91473521370446,-109.8183547033357,-110.75340106718532,-109.944784545466,-108.45743605808718,-107.27961676005746,2,-109.04329269773723,-109.24017387303962,-111.40422462499872,1.1416345162122434,0.09395951711680293,-0.3892419477251772
HDOK,PLOK,17472,1,1,-118,-11,10,2,29,-108.28112585886647,-108.34567826900785,-110.46537187216988,-108.04098416808611,-108.61082861286832,-108.56064723823714,-109.20448728842803,-108.76632659595303,-108.06663660559165,-108.81133628092255,-109.25645751914641,-110.1026624761475,-107.68384881540118,-108.7975021718074,-109.54897217905307,-109.5373269496774,-109.64062238529453,-108.68932499623872,-108.09123957667758,-110.06090002641336,-108.75759109065669,-109.82065106735556,-111.29910268237701,-109.33517671078054,-108.54471412535987,-108.13535819200517,-107.98829431939153,-109.47427604894598,-108.65606225055618,2,-108.98529332322128,-108.76632659595303,-111.29910268237701,0.6865071627381013,-0.8067050408482772,0.5331114308311138
HDOK,PLOK,17472,1,1,-118,-11,10,2,29,-106.17857003819417,-108.40217144662941,-109.99420134112682,-108.28386783708014,-108.5294421707405,-108.55030779712148,-106.76233156905839,-109.03089146605016,-108.875094665109,-109.14727842250213,-109.08542102794965,-109.01261961562078,-110.60056592150394,-109.55078556578067,-109.07771446670857,-108.4772414502734,-109.33146670538949,-110.2796674286313,-108.2783704784577,-109.74126970564247,-108.94271846689263,-108.62746640392287,-109.10730383871893,-108.81073257226946,-108.80735001418982,-108.47601363112813,-108.52353693301121,-108.24047250890784,-110.1776479099418,2,-108.85870763443286,-108.875094665109,-110.60056592150394,0.8058856718883798,0.8199949829541782,2.3851193755853584
HDOK,PLOK,17472,2,2,-119,-11,10,2,29,-112.82434151596829,-110.79407571477505,-111.64669804596949,-110.26627611523158,-110.86261770461984,-109.05917883956741,-110.0700579145148,-110.59173038332422,-110.15860917739346,-109.36724217118079,-108.42783739193499,-110.6165556279659,-109.60208561743774,-109.98264430718218,-110.52799543643444,-109.19384690717816,-108.28364748086729,-108.867685047956,-108.18854506214527,-109.97081138852377,-109.52854013629222,-107.78646437867134,-110.03688967304224,-110.35267696126091,-110.48125480019364,-110.70154555844795,-109.62805652279971,-109.84357239168416,-110.6574551844914,2,-109.94203232610533,-110.03688967304224,-112.82434151596829,1.0937353157381329,-0.19213540750458416,1.0028471736442062
HDOK,PLOK,17472,2,2,-119,-11,10,2,29,-111.73708181634589,-110.17213680091423,-109.64470508228239,-110.64893382317307,-111.52123580636967,-111.34704639105864,-111.201199030561,-110.62164269414146,-109.19239045945984,-110.76486590970926,-110.0250684465154,-110.73277090415702,-109.88136426124052,-111.25475972553333,-108.08535311075117,-108.75359058987091,-109.68648502746127,-108.95333694421531,-107.95925700094654,-109.91478371165519,-109.9770328388441,-110.1112057865693,-110.65487336277027,-109.3589514796841,-108.06027162353101,-107.87530077196064,-110.13905895150356,-108.27276042209805,-109.6244049863674,2,-109.86799543998934,-109.9770328388441,-111.73708181634589,1.2161689094937485,0.29771608229510904,-0.771647538667863
HDOK,PLOK,17472,2,2,-119,-11,10,2,29,-113.19674038223982,-110.79291859068967,-110.46305744214223,-111.19431913180303,-110.86338008701732,-111.66998010992509,-109.65337811405337,-110.81909901598351,-109.66508773442965,-108.97935461891026,-110.4706038758169,-109.91618905768465,-110.26740425282448,-108.77820679490473,-110.99727961750564,-108.45786585110683,-108.92790484734941,-110.77276385487377,-109.33732883160937,-109.69711832936207,-111.51169053929482,-109.98589273452131,-110.62058810864988,-108.26513204512086,-111.37247420081484,-110.69374274291692,-109.91530156696035,-110.49665012364585,-108.50353823508864,2,-110.216723821974,-110.46305744214223,-113.19674038223982,1.1926633734864958,-0.2679561740653659,0.500851967097983
HDOK,PLOK,17472,2,2,-119,-11,10,2,29,-110.84882290204918,-109.35004661054967,-112.1612848514427,-109.83297371383662,-109.19290605472993,-110.44268582278876,-110.04204364946752,-108.7611260640288,-109.45220822149784,-111.05562915011939,-110.3004031987728,-110.46612276710175,-110.08235954274467,-109.08788062517021,-110.15236956197626,-107.98184204257737,-107.696156234934,-111.1795508616771,-109.7816106923625,-108.45377678522993,-108.85228608765385,-109.24525512314142,-110.2660770246288,-107.83181496746067,-109.78838608836647,-110.5168912262452,-110.38236290806175,-109.59672781132518,-110.15380859394338,2,-109.75708307530633,-109.83297371383662,-112.1612848514427,1.0211117903128706,0.14242290732598856,0.19562568946822134
HDOK,PLOK,17472,2,2,-119,-11,10,2,29,-112.87842864987861,-111.72502549409033,-110.52030168955388,-110.56891592527606,-110.75740751871226,-109.62816274383142,-110.69845993503877,-111.2188570002537,-111.20102031549476,-108.93270476257078,-110.02946851413573,-110.82851610478684,-112.2741588779645,-110.51945743338615,-109.64833247451584,-109.97191484559076,-109.70040464816694,-110.36172615842783,-109.37643850077039,-108.69248795417646,-110.93973879326256,-110.54906285078206,-110.31623404786494,-109.39995260454245,-107.78028645023272,-110.54838620377959,-109.60678142012044,-110.22047494517905,-107.56322362790827,2,-110.2226320858722,-110.36172615842783,-112.87842864987861,1.285208252571725,0.18398021910533738,0.9043008645549526
HDOK,PLOK,17472,2,2,-119,-11,10,2,29,-112.61834254876665,-108.65017798700929,-109.52798179547418,-109.78159057718227,-110.474171365311,-109.84905150699865,-109.51049948403114,-110.35216236350303,-111.39440105504366,-110.08495153918858,-110.41210034722003,-109.7416797572052,-110.83153163932616,-109.12465203633417,-110.96350745267338,-111.05719136207591,-109.64564849836947,-110.40227145264701,-109.98217788828742,-109.86544534006599,-109.3350858347048,-109.10679207787405,-108.10712322210281,-110.32150401379998,-110.21941498460264,-110.71867252347853,-110.25008936370632,-111.92980118902742,-109.3261701995448,2,-110.12359273812257,-110.08495153918858,-112.61834254876665,0.8567505516138229,-0.4783738816746279,1.0409330165169606
HDOK,PLOK,17472,2,2,-119,-11,10,2,29,-110.02161424724956,-111.90639047871116,-109.63266577542979,-108.58943997494264,-109.70674809726002,-111.26603482003487,-111.54436152630836,-110.96629176908014,-111.1587325954484,-110.4665642137288,-110.58117419716665,-110.13705986017733,-111.16857191806949,-111.90784234781964,-110.21172721654746,-107.09732897987831,-110.69014888843108,-109.09595854838238,-109.9108086745822,-108.1829402583416,-108.83054481603857,-108.55631571982067,-109.67504262536455,-108.60370427961294,-110.5008132562786,-109.3465542494861,-111.4612494536673,-108.62014415299058,-109.78641406369252,2,-109.98700644843247,-110.02161424724956,-111.90784234781964,1.4147513124778945,0.3294828488794268,-0.3857310569020731
HDOK,PLOK,17472,2,2,-119,-11,10,2,29,-110.93425015340682,-111.1216381232774,-112.20738538845217,-109.79466577292978,-109.80710993514676,-109.25109168858378,-111.27281137597456,-109.5931413083215,-110.12211905321946,-112.17375100500952,-109.76447217286857,-110.59224424035048,-109.6105067672628,-109.25568838992342,-109.17870923226255,-109.09667878833963,-107.12692525388857,-109.74823107200197,-110.93467206856953,-108.77392938279095,-110.72643114787107,-110.13731648472466,-111.00443703553363,-109.38960383732402,-110.01401030137932,-108.63702082465088,-108.79849536262412,-108.8685569832005,-109.9208922690575,2,-109.92609604892917,-109.79466577292978,-112.20738538845217,1.1663517257470508,-0.042042508336961486,0.654935502737763
HDOK,PLOK,17472,2,2,-119,-11,10,2,29,-110.26441541782155,-110.99531229601733,-110.13013362734317,-110.72678084348875,-112.26106355846753,-112.34746933613923,-109.24986242758355,-111.60086733745513,-110.03242931007986,-110.61243890754659,-109.84762243262689,-111.00374111485964,-112.44874692093025,-110.88629747609728,-109.46084359212324,-108.09714243440042,-109.29723064150363,-109.11707518526237,-109.14251460328929,-110.30378774811835,-110.24614687488113,-111.35766354218705,-110.97762348849393,-110.59671982777328,-108.38288286307166,-110.81521126091653,-111.68075091139478,-110.26880278813489,-108.15284046460646,2,-110.35532473215908,-110.30378774811835,-112.44874692093025,1.3344334443927148,0.15608333178014322,-0.38573080251781455
HDOK,PLOK,17472,2,2,-119,-11,10,2,29,-112.70104141105064,-110.16466803795272,-109.83369489279721,-107.11723701853246,-108.7365703126178,-111.17188224313932,-111.88814491573879,-109.25359098545057,-108.85123088433747,-109.17209018480101,-109.35986187320543,-112.13109584588416,-110.4059665629012,-109.18596762393284,-109.970478720589,-108.10481311409798,-109.7003630046604,-110.04846707605971,-110.38873614268016,-110.50202365540645,-108.34561655929541,-110.4220657974236,-110.96134441106587,-110.00394441057047,-110.30471574500808,-108.52110453596771,-109.49784472543423,-108.87633083362842,-108.80270320917764,2,-109.80771016322096,-109.83369489279721,-112.70104141105064,1.469642108417169,-0.3396672741659928,0.4013162828846517
HDOK,PLOK,17472,2,2,-119,-11,10,2,29,-110.39491170539549,-110.86552296178776,-111.53920156826,-109.85501683237497,-110.74800148040805,-110.96017590228881,-111.29112399666248,-111.20310792148202,-110.86606972760819,-110.32429207659294,-109.42471436353733,-109.45705907313925,-111.40049770480982,-110.16340156982861,-110.10127286873666,-109.2857139071945,-107.95816254326057,-109.20872027270933,-108.84321663118709,-111.2807349665936,-110.20249355166895,-108.16285935638138,-110.52435275211568,-111.89895081504092,-109.67143593633654,-111.36777027328621,-110.25068113656525,-109.73785483637448,-111.59215436559458,2,-110.29584383093867,-110.32429207659294,-111.89895081504092,1.0020166149758292,0.5575813087180905,-0.2070166341760764
HDOK,PLOK,17472,2,2,-119,-11,10,2,29,-110.133248829678,-110.80965457563875,-109.19242186956639,-112.20842188274125,-109.48743419344888,-110.73893698907067,-110.19286876787729,-109.32831223274752,-109.78608689485168,-110.47220378404229,-108.09280197896844,-109.26936587781346,-109.93408646761895,-111.88152097741184,-109.81226693309824,-110.70261355473565,-109.8900874804828,-110.4220083000189,-109.38423307967624,-111.41181102346785,-107.95871584750586,-109.49443251187719,-110.7003802579199,-108.6909060158907,-108.25503875542441,-110.89395681630663,-109.57542255307084,-110.24488400586829,-108.67506448291411,2,-109.91859265309421,-109.8900874804828,-112.20842188274125,1.0637882846925961,-0.10620937184722914,-0.09970339316305887
HDOK,PLOK,17472,2,2,-119,-11,10,2,29,-112.45986486393954,-110.16135835594993,-109.26532809980124,-109.99081308487965,-108.7456394875912,-111.37023844042113,-111.6105674977459,-111.2385913815154,-110.97536868760608,-109.16067483925575,-109.82440479981722,-110.18413807224084,-110.30250496861214,-109.81794322333475,-109.14164327297276,-108.69924136200133,-108.15443364851119,-109.73103542575396,-109.23956590676578,-109.51662500749997,-108.83069797434712,-108.6404493750343,-108.6869269837037,-108.09835326009669,-109.91375057429664,-110.2044970402001,-109.2230826138649,-108.4271677825291,-109.92598662479493,2,-109.70830664327873,-109.73103542575396,-112.45986486393954,1.1027886354110044,-0.720808362500756,0.27482234129754435
HDOK,PLOK,17472,2,2,-119,-11,10,2,29,-113.18704321137893,-112.15087703702225,-110.8385502830193,-111.09433186884006,-111.88492235697511,-109.67198980093006,-110.3564950909575,-111.98219616106267,-109.04709392432717,-109.48420395822426,-110.83503272155245,-110.27670167104664,-109.26064936462161,-111.3642227964662,-109.69842825286281,-107.90304489467363,-107.13927768034834,-109.7812858898443,-110.91845604451424,-110.37374229391145,-108.64599357481531,-111.11757283281155,-110.06868584185248,-109.65269061412712,-108.21005102518505,-109.51645604377268,-107.81076298244744,-108.44902468285053,-107.62108239122965,2,-109.9427884583335,-109.7812858898443,-113.18704321137893,2.133365051638986,-0.05339790918623905,-0.42519931310351744
HDOK,PLOK,17472,2,2,-119,-11,10,2,29,-110.15304059565493,-111.5951279066125,-109.41839711117079,-111.35497214251016,-109.06300378905752,-108.7217970904358,-111.03347803688114,-110.57353754968189,-110.42928960785629,-109.30412373243864,-111.52674972961736,-110.54162556790945,-110.4055750146259,-108.72248541461354,-109.29839572797445,-109.9462132789086,-110.46323408245684,-107.22171544659854,-107.78362292534791,-109.05924972863099,-108.74413011571696,-109.90968599300355,-109.89778607374224,-110.03316772198873,-109.11910885251339,-110.33797711635249,-110.36753142153125,-110.32868893733604,-108.62046742959748,2,-109.79221303933674,-109.9462132789086,-111.5951279066125,1.0809456697132254,0.40808273078857826,0.04022949891281735
HDOK,PLOK,17472,2,2,-119,-11,10,2,29,-112.47752369845037,-110.14014591203178,-110.48115371710561,-111.64973853886282,-109.66611103535257,-110.36729812768695,-110.06719925221799,-111.37060001679997,-111.03315108395552,-111.9073104926677,-112.12528787462998,-109.25731892445964,-108.89713103696404,-109.50817591787923,-109.36041093500972,-108.45417191947895,-107.36381509445695,-106.68424337889203,-109.5057395874356,-109.5522451761712,-108.89420962579689,-108.33157136224682,-110.72854718457513,-110.55443945047838,-109.4260598059816,-108.21323283867159,-109.79434163074811,-109.03334755928827,-110.55793678419886,2,-109.84146406767223,-109.66611103535257,-112.47752369845037,1.8132780632516743,0.11500752191600677,0.01917611523281515
HDOK,PLOK,17472,2,2,-119,-11,10,2,29,-110.60423908327678,-111.58851694810703,-109.55298183713573,-108.62472980897331,-110.67073465853626,-111.51603707846523,-110.93427418954687,-109.62359253924564,-109.6788892205472,-110.41621236920251,-109.22299453360957,-109.8251309757408,-111.18811334771725,-110.7265845392323,-110.94106845598434,-110.21225043931555,-107.39416012327084,-109.77641475545211,-108.69384870452231,-110.36004603208552,-110.31226706058473,-108.56960843545014,-110.46652559654672,-108.81728313683179,-109.35779536255546,-109.757760693469,-109.09653783868899,-110.01670186323794,-108.62861804560025,2,-109.88185923010114,-109.8251309757408,-111.58851694810703,0.9559640962430845,0.370034291996199,-0.07042442343943911
HDOK,PLOK,17472,2,2,-119,-11,10,2,29,-109.76958350738437,-110.94509202318223,-109.2299136674275,-110.50054497706886,-109.62949052856372,-110.75436031714966,-111.20680231023755,-110.42438140332312,-111.5602354470044,-111.8260630455064,-109.98232850354991,-111.31796565951714,-110.74158404015311,-111.26216385105525,-108.36872948602793,-109.37476248678178,-110.60120205640541,-110.58454516838056,-108.23943964382714,-112.25266956927521,-109.42283806600047,-110.25391586938991,-109.74758490263167,-109.24175628572623,-110.86255144514811,-109.6827720233818,-110.43457873408398,-109.38784328801115,-108.50338004603033,2,-110.21065787421466,-110.42438140332312,-112.25266956927521,1.0037402956646748,0.11112056515727153,-0.4656167703559726
HDOK,PLOK,17472,2,2,-119,-11,10,2,29,-112.14975403458163,-110.41561446219565,-110.92475471172375,-111.0536745102829,-109.71292155286287,-109.03404706544201,-111.76363506629723,-110.23088434253485,-110.33193655647945,-110.5920104262299,-110.01263447091083,-111.78785990508611,-111.01328608014751,-109.55210218067623,-108.99814880804249,-107.99799699542585,-108.43812448450277,-108.64953391709018,-109.48263683352708,-109.47586723621642,-110.68222309288876,-109.72197965672999,-107.9534983587911,-109.71530771852082,-110.01446280103917,-110.5250132202768,-110.78237675631087,-108.58158882914385,-109.78106466895893,2,-109.97844616354885,-110.01263447091083,-112.14975403458163,1.151274690946859,0.015170213508672183,-0.4247210832693744
HDOK,PLOK,17472,2,2,-119,-11,10,2,29,-112.7721787539659,-110.99116509858995,-111.47606462969432,-110.1430100351304,-110.48803511124164,-111.1152699837195,-109.93977701612877,-109.20934938358691,-108.76914719895818,-108.08639341742389,-112.10476595556199,-110.98054223961994,-109.0924092861935,-109.21190345673926,-111.0867655953527,-108.38489099861764,-108.62168877126999,-108.97620008292907,-109.31851471357285,-110.60063891998912,-109.22137777852784,-107.73229834799669,-108.32493343244069,-108.27202542797478,-109.63960400124351,-109.55388902292988,-109.81403678803873,-110.80383314546741,-109.12952030086144,2,-109.78828375495746,-109.55388902292988,-112.7721787539659,1.5365947793559238,-0.5014520442864843,-0.3416720295029556
HDOK,PLOK,17472,3,3,-117,-9,10,2,29,-108.43880850961074,-107.25069092370467,-106.42720568365681,-106.94320217392362,-108.82329938842908,-108.99667985749876,-107.58333393144667,-107.88639724296635,-108.09975787801856,-108.99306603661434,-111.63692818003031,-108.66897283724165,-109.04288892732814,-108.16782522196452,-110.46861762690101,-109.474370151916,-108.50922030024759,-108.2133096635398,-109.36617589059533,-109.60794381136122,-108.20011428035978,-108.51258700698375,-108.98167014192792,-109.64685408287697,-109.94751362604754,-110.71475237768675,-110.29873301145386,-110.33287692961343,-108.08175984538903,2,-108.87295019101153,-108.82329938842908,-111.63692818003031,1.3375421053735075,-0.202556869808955,0.08499087187726806
HDOK,PLOK,17472,3,3,-117,-9,10,2,29,-111.81358294132264,-107.79339051608379,-108.04906581130012,-107.11407022320765,-106.84894380137094,-107.46413770741815,-109.59948607686775,-106.78534652311099,-109.44236029613677,-108.13157641269352,-108.39139571614189,-109.63044486673083,-108.56688618058591,-109.3228576347798,-107.74126904195413,-111.27005051691738,-109.6662221237941,-109.0483248095988,-108.55900256450522,-108.76876201069236,-110.8354902192398,-107.70443458974025,-109.36324746348153,-108.02262253513986,-108.42104236432478,-109.6439331710073,-108.49646659007689,-109.64820114330041,-109.6321588603734,2,-108.8198197486861,-108.56688618058591,-111.81358294132264,1.466923185328449,-0.5078853027977297,0.19690246956196633
HDOK,PLOK,17472,3,3,-117,-9,10,2,29,-111.73838527844586,-108.05133388168069,-108.55274996056299,-108.06279294178863,-108.15922384830162,-108.65816815256885,-109.45369877987511,-110.76579358323723,-108.27551025892518,-109.19474222479793,-110.89373575773755,-110.95440410065522,-109.11111253469701,-109.92686311961674,-108.8303326771639,-109.04461541924069,-109.83287337019168,-108.64202325224599,-110.41919616618857,-109.70115258294578,-110.0123378254746,-107.92406881221831,-109.5793799671755,-108.8788441982786,-110.3249917185793,-108.62810093229389,-108.50389600663851,-111.31309432493644,-110.51973076687614,2,-109.44666042908065,-109.19474222479793,-111.73838527844586,1.1162208470983146,-0.43844534395628604,-0.84241966790161
HDOK,PLOK,17472,3,3,-117,-9,10,2,29,-108.77479415020214,-108.93774625762026,-106.40996164548784,-106.61467322037716,-107.61401981614952,-107.70071834889963,-107.91212251621549,-109.04727713214288,-107.75476830429268,-109.48967050498145,-111.0334402034385,-108.16358955102345,-107.88610951186767,-108.61735698566238,-108.43531865710851,-110.26545900320018,-109.67764235988278,-109.97076316266029,-110.37387457067595,-109.05489032790321,-108.1226155694064,-109.14514946182759,-107.6591065728319,-109.44058552077377,-108.00993775985025,-111.00939832517243,-109.47336537953346,-109.10471418274328,-110.88049799057087,2,-108.84757127560351,-108.93774625762026,-111.0334402034385,1.4265601942875377,-0.06532989886081751,-0.43040302090929394
HDOK,PLOK,17472,3,3,-117,-9,10,2,29,-109.38897660366784,-110.17644466583678,-107.73069882048475,-108.7664467870762,-108.08492092213797,-107.7553560757269,-107.03483116654502,-107.98844164062965,-108.29730999903741,-108.41320791341384,-110.1592144775877,-108.89521959060367,-108.03849932547071,-109.65385885400582,-109.91045766144332,-109.71354032875263,-110.1438167486613,-108.97401124737078,-109.95618789640132,-109.33392791560027,-108.50900582571226,-109.84523449782571,-111.16549303485108,-107.36795363229784,-111.57919411436677,-110.04657740675792,-108.43581722885348,-109.08819722662241,-110.59637076592068,2,-109.1396280128849,-109.08819722662241,-111.57919411436677,1.2432923713458168,-0.14540763613330396,-0.5559291010213969
HDOK,PLOK,17472,3,3,-117,-9,10,2,29,-108.61790093077539,-108.08688842968343,-106.68472953775317,-108.65942075123982,-107.74459847305589,-108.26939953902541,-109.11217281396218,-109.63423534079601,-109.93424302677634,-108.54891239008053,-108.70946886960323,-108.1038857885306,-110.32490396680468,-109.65102104687635,-110.089461240703,-109.1329178733074,-110.2201136991494,-109.5794374679823,-110.5776702087801,-108.4029813765181,-109.69833885706156,-109.98736850395994,-108.93907183041286,-109.13241674975403,-110.26649597470976,-108.33569486414919,-108.33822895686359,-110.48538612477795,-108.46590309851474,2,-109.09425061143473,-109.11217281396218,-110.5776702087801,0.8689446773462142,0.3166941683507961,-0.20382593279204508
HDOK,PLOK,17472,3,3,-117,-9,10,2,29,-110.53625712777946,-107.53486490927466,-107.94095176822515,-107.59520638313633,-110.99489367187039,-108.35867248288824,-109.10633072313883,-108.85762323551553,-108.93721025202424,-107.71192435460488,-110.27606588871102,-109.84719152542435,-108.960165052493,-109.93305698721807,-109.51140132415102,-110.85275907473502,-109.48832978261024,-109.39397399607645,-110.64379731224798,-109.96487765502916,-109.12804081046657,-108.75037551541284,-109.92462332445778,-110.02056349676427,-108.87302305783949,-109.25930853869221,-109.16842348366876,-106.92600886835714,-109.77059056495344,2,-109.25056935061265,-109.25930853869221,-110.99489367187039,1.0271704285683945,0.415495407537557,-0.24636590472356446
HDOK,PLOK,17472,3,3,-117,-9,10,2,29,-111.15821042974248,-107.20930156472075,-106.28843858372862,-108.7066551405915,-109.86302344098955,-107.49900965511148,-109.71849872594741,-109.07245516703439,-109.55801968375437,-109.63051445185397,-110.62738661870186,-110.11473045518076,-109.89451931458169,-110.4365421372793,-107.26501426785651,-110.227791997284,-110.07272215655527,-107.91786523100735,-110.1739491516972,-110.06711261391891,-108.14383997561885,-108.8578499795663,-111.20943801736493,-110.61061568197906,-108.55502958353097,-109.01646923762685,-109.80521159512686,-108.86048934835152,-109.81418938066673,2,-109.32327219266793,-109.71849872594741,-111.20943801736493,1.4610236136221664,0.7327517677330168,0.012420525717988351
HDOK,PLOK,17472,3,3,-117,-9,10,2,29,-111.12299280049588,-107.87700345061111,-106.01896493790609,-106.53585064891573,-108.11223394599685,-106.56953902383485,-109.28996216951577,-108.6246126764465,-107.35994984767943,-108.45092483756545,-106.4530562465707,-108.17402528217167,-109.91415774644463,-109.87730061462122,-110.41708340427634,-110.03989403740738,-109.10957383829899,-109.91498755789536,-110.12024651141174,-109.09761150274933,-108.24567378612417,-108.57936723311978,-110.62552098543313,-108.6128490516512,-111.00143302040587,-108.8710374133874,-107.99017808604708,-110.6682049072042,-107.08549961148789,2,-108.78481845433363,-108.6246126764465,-111.12299280049588,2.010403571265865,0.20677500211483557,-0.8252400092887635
HDOK,PLOK,17472,3,3,-117,-9,10,2,29,-111.73608457269552,-108.92884312241225,-107.28448756227888,-107.97105626345196,-107.37344480023829,-109.55161467841816,-107.91225963225256,-110.62681919072928,-108.11570007445486,-108.02495962870906,-108.47626641245142,-109.57870369468797,-110.3208375642243,-109.61055769125484,-109.81869649689408,-108.26131315761768,-109.60089698409668,-107.3215460416474,-106.91508880502155,-109.7567602958355,-110.18816761960926,-109.17035378871812,-108.8233017365243,-108.49623380461098,-109.54129663755806,-108.59074954368444,-108.17581230108468,-109.93669599076262,-107.26783339208943,2,-108.8750476373798,-108.8233017365243,-111.73608457269552,1.3219377772854684,-0.29514880424042705,-0.2995281112334567
HDOK,PLOK,17472,3,3,-117,-9,10,2,29,-110.17694121696597,-106.84811287491999,-105.91397497980145,-107.8317621586801,-109.35031236362727,-108.98395831269174,-109.44522624703151,-106.36857379583428,-107.838627573047,-107.58799033215728,-110.01961154524422,-108.20394972963423,-108.60351931763964,-109.4806073110505,-108.67522146635822,-110.97182533544627,-109.16780806939497,-107.2984032602106,-109.74294387830436,-109.69479419442,-109.00155659239076,-109.44434087887237,-109.31699214473666,-109.66818016797654,-108.78331268865368,-110.62383052002846,-107.84573985883993,-108.95891188665377,-109.20132516781014,2,-108.79477082304902,-109.00155659239076,-110.97182533544627,1.4167900835699685,0.6263254469340606,0.1450553783340629
HDOK,PLOK,17472,3,3,-117,-9,10,2,29,-109.71664275034473,-108.8486781900226,-108.70787207471925,-107.42259722252366,-110.46799269852157,-107.4515039529592,-107.8596790831656,-108.29937788820156,-107.94921949293072,-109.61997715300227,-108.5904805675078,-110.34523931742459,-108.5799803886215,-109.75352713467788,-109.00303737389937,-108.91182003720058,-109.00706772451069,-109.52954880832785,-110.71519127510646,-108.9408021264314,-108.30926089004492,-110.55807757037421,-109.68992199216991,-105.63523505137648,-109.98296865177252,-110.76762330833228,-111.20126072312758,-110.37016860382619,-111.24278221476902,2,-109.223363250548,-109.00706772451069,-111.24278221476902,1.5861044259852115,0.6091701432200826,0.6860562714984426
HDOK,PLOK,17472,3,3,-117,-9,10,2,29,-109.21793413628322,-106.60426723312449,-107.25129013534143,-108.2410630376635,-109.98587782069804,-107.73442721602005,-111.07581048257751,-108.66114699518685,-109.25788946409311,-109.06717366843556,-110.04232390273508,-108.50474280875522,-108.25107164019204,-109.89242760060195,-109.74746131309149,-108.80816910047463,-109.8894505185066,-110.35566407600442,-109.18013079018169,-110.23493150671598,-111.5729975294033,-109.83422911714632,-108.7119520464753,-109.10193185177486,-108.33155043613695,-108.57439026765218,-109.48838390826675,-111.22869823936614,-108.94339284265313,2,-109.23416481674337,-109.18013079018169,-111.5729975294033,1.228161757181619,0.04984643638142965,0.28169200757808266
HDOK,PLOK,17472,3,3,-117,-9,10,2,29,-110.34523770257572,-108.1201175066763,-106.50151871273198,-106.38806708373839,-108.34868941632952,-109.19260553171014,-110.24142535170242,-108.17576777479756,-109.74940909681521,-109.5633943247139,-110.0223729370825,-111.76838976031365,-108.62213593807209,-109.10784989859489,-110.69637659856201,-109.86167164247537,-108.79645059205775,-110.77770407503543,-111.12933509093966,-107.79558004294735,-106.68542818069007,-109.89972762931068,-108.30417467972148,-108.6960470571376,-109.97849029598024,-108.09363787612138,-108.54114408731776,-110.9027924210507,-108.30417230286113,2,-109.12447288303665,-109.10784989859489,-111.76838976031365,1.8368185588408743,0.20529213407739766,-0.40601018824842194
HDOK,PLOK,17472,3,3,-117,-9,10,2,29,-111.16951937242418,-109.63670698305778,-105.23849478769606,-108.01198581199712,-109.69873620988808,-109.8549620688815,-109.16684266372208,-106.85309592543967,-110.63833058427717,-108.60832113564626,-107.40100665796189,-106.64504925264508,-110.07906220881019,-110.18063851985812,-108.70687728186506,-110.33727504683694,-109.0897450937639,-109.81722349959986,-110.90660067334787,-108.2207997504534,-110.66161640364697,-108.26071866746312,-109.72929381488025,-107.29646313603268,-109.57961390126285,-109.10612968911633,-109.46421161378485,-109.97198135745498,-107.62923353717014,2,-109.03312191893048,-109.46421161378485,-111.16951937242418,1.947599743107934,0.8104193347016585,0.3414387750401864
HDOK,PLOK,17472,3,3,-117,-9,10,2,29,-109.81823097111187,-106.82541632036944,-108.01693593507113,-107.3247170800745,-109.32103067620064,-107.49816839484473,-108.33045037226906,-108.95925682929852,-109.19341220626434,-108.73275994855608,-109.86026656737401,-109.18872924659422,-109.91304834597693,-109.70675474796946,-111.09593147424864,-110.99029185842896,-109.01316287368479,-108.03723808122643,-110.31164507763336,-109.66073451235573,-108.035869951642,-108.29638394826615,-109.19538040897386,-108.00837705728124,-109.05938777256134,-108.44602029417341,-108.90579433752274,-110.40537834606971,-109.10453185425119,2,-109.00880363759637,-109.05938777256134,-111.09593147424864,1.0477556399016368,-0.035273681595734525,-0.21423983306096872
HDOK,PLOK,17472,3,3,-117,-9,10,2,29,-109.44314519239711,-108.4556587401496,-106.07091323285626,-108.30960679585856,-108.07798050281579,-110.24134679565178,-108.22260499443095,-107.78064967572176,-109.0576534671543,-111.07365602278414,-109.5794798340853,-110.01230939704526,-110.34352829343652,-109.8281751136654,-110.49383328798707,-107.38109393345567,-109.70194076342067,-110.70950431946197,-107.89422304851232,-110.02173837230102,-110.7361224933959,-110.09780105190964,-109.39040557108467,-109.84921540324802,-107.78009146389769,-108.05138875975854,-108.79465142087241,-109.32368229888662,-111.28518290928713,2,-109.24164079846663,-109.44314519239711,-111.28518290928713,1.5129926049401188,0.49078096767933055,-0.1706849390021734
HDOK,PLOK,17472,3,3,-117,-9,10,2,29,-109.46213187044978,-110.63064782187223,-107.2210091174594,-108.50029620329809,-107.32851639685738,-108.90862637758448,-109.19985126405341,-107.56314870266667,-106.7227844001644,-108.86436854152302,-109.65308721362953,-109.61442034189515,-109.79342906186247,-110.96584077945317,-109.94027289328916,-108.29974844722858,-109.2365457969487,-109.44181262765248,-110.24113468316192,-110.68164881241904,-111.20372798692449,-110.15849664530194,-108.26287424904932,-107.58541919262996,-107.99337570728568,-109.51223055015812,-108.61858909070784,-108.41645932340455,-109.8069145263606,2,-109.09749684914802,-109.2365457969487,-111.20372798692449,1.329999853275082,0.18496751876876852,-0.6580277085977939
HDOK,PLOK,17472,3,3,-117,-9,10,2,29,-109.79122364142839,-107.80781786312878,-106.716442777813,-108.32655828487965,-108.41582416162689,-106.35780383540327,-108.38302154815476,-109.15086188050587,-108.05080574618727,-108.74191099336574,-109.48752719093346,-111.85527861450893,-109.19794944716872,-110.35881032678486,-109.03358624553535,-107.4154884096839,-108.44096121521481,-109.09763150734977,-107.82451252068554,-108.25393164798926,-108.504976494391,-108.91772327288666,-109.7681768826168,-110.93796160320737,-107.41909206030141,-110.4816513793853,-108.11889276649639,-110.96549353446834,-109.28640298974754,2,-108.86580409799477,-108.74191099336574,-111.85527861450893,1.5499488018779277,-0.3501787679226079,0.16009314186596635
HDOK,PLOK,17472,3,3,-117,-9,10,2,29,-109.13787002697268,-106.29891885766915,-107.80761345998566,-105.94914507276171,-109.28646785513327,-108.1983464614736,-109.10541385633476,-108.95390286807904,-107.42020820809566,-111.86281528843578,-110.96226506579961,-107.67513969949316,-110.71622283825715,-108.79895324038132,-109.26182827379506,-109.48180251657946,-108.81120965541638,-108.53653062784875,-111.14388208193715,-108.81330178276835,-109.09340131581024,-109.50645879334144,-109.84770381164307,-109.84495873912834,-109.24443110396733,-108.67609370022774,-110.78576740432696,-108.58813012637009,-108.51607549254385,2,-109.04568476636474,-109.09340131581024,-111.86281528843578,1.6773190885591707,0.17511258481027953,0.7000435579046091
HDOK,PLOK,17472,4,4,-117,-9,10,2,29,-110.42570406844453,-109.55110489657883,-110.73975814769611,-111.53015889010032,-110.50705513354849,-110.139199662808,-109.88375091762396,-109.25780787748205,-110.08929166542808,-109.16865609399926,-109.43338311254303,-111.71382109365183,-110.77462453449603,-109.75743878673256,-107.95991684414611,-109.99504111896783,-110.18499151952487,-109.51146937980874,-108.33939620908482,-109.48930846566618,-110.36013309894997,-108.29582934222238,-110.41707587810178,-111.50543649112366,-110.4474059878944,-109.75622913144116,-108.53680403241147,-110.67374834850514,-108.89345748567484,2,-109.90820683498818,-109.99504111896783,-111.71382109365183,0.8789802653913397,0.14886056152612917,-0.23845717651804943
HDOK,PLOK,17472,4,4,-117,-9,10,2,29,-110.2932958745269,-108.57889672410357,-109.29637658235374,-111.28284997983233,-108.64877240498578,-110.51649043592379,-111.15769132121488,-111.99985217326449,-110.77972718949593,-109.83968028239947,-110.29779605747821,-109.31098115896326,-109.86043053352113,-109.73835159106807,-109.04792110415195,-108.80516060082662,-110.76592836190366,-108.63335256374997,-109.20253257138268,-110.23052566776073,-108.97467642788591,-110.90411396788613,-109.1999850186212,-110.05168983167539,-110.46933219885833,-109.93777320236842,-109.58932876829526,-106.92158874780745,-108.80502002838523,2,-109.7634524610583,-109.83968028239947,-111.99985217326449,1.0561137942838066,0.28359504840978855,0.7807412070564319
HDOK,PLOK,17472,4,4,-117,-9,10,2,29,-110.99069049019698,-108.6753739708173,-112.04339454561381,-112.3978012534375,-110.25061270348729,-110.62637707951707,-109.91285618511101,-110.00685874202149,-109.23910659988842,-110.71378982238821,-109.15016124780372,-108.84466588174335,-109.99759737281447,-108.57706532644222,-110.7605669457012,-109.52988164128503,-110.30774467546782,-110.20497530418919,-110.16581499569132,-108.94849216175871,-110.46445458121215,-110.94924765892955,-109.61705609686878,-109.7607153577262,-110.36144230486988,-109.39117551770215,-108.05954011334205,-110.67561300279414,-109.62734019681265,2,-110.00863488881495,-110.00685874202149,-112.3978012534375,0.9153084605941392,-0.3448833824416925,0.5132959259308034
HDOK,PLOK,17472,4,4,-117,-9,10,2,29,-111.37599347399546,-110.31758652232625,-109.29447401717144,-110.34892939247418,-112.32076297728581,-111.55046367168016,-111.44058216308247,-111.05269876505997,-110.60834014545873,-108.68890922096676,-108.75665874650541,-108.66081072481069,-110.67221428825088,-108.91221568106766,-110.70541622529848,-111.69192546708904,-109.03152124557928,-107.58500600020295,-110.81853810961861,-110.91390109998439,-111.21442726253278,-110.8548239431252,-109.14729057213142,-110.16970699850411,-111.24437234828756,-108.74784395321298,-109.14184121111246,-109.44967615409519,-109.15805309008358,2,-110.13362011968945,-110.34892939247418,-112.32076297728581,1.3653237254470236,0.19809076692994138,-0.9469021570802614
HDOK,PLOK,17472,4,4,-117,-9,10,2,29,-110.0857988073352,-109.60687940863407,-110.26710809099228,-110.52693447513941,-111.76597186200215,-109.89307237147025,-109.16805988543726,-109.45639640890873,-108.67843962376777,-110.06883587678273,-110.26541285998678,-108.34021529810273,-109.86372788197413,-110.451351832384,-110.52135103370485,-109.61497579548774,-108.47288673937646,-109.15678644705304,-111.65189549130118,-108.79334657160862,-110.33281959420452,-109.80808256701074,-110.64162221780721,-111.34194436968534,-110.41926313245683,-108.79473900770209,-108.97009145079103,-109.6769774163126,-109.97504997673039,2,-109.88310470669484,-109.89307237147025,-111.76597186200215,0.7528742257335841,-0.24442852692583344,-0.17290928228255442
HDOK,PLOK,17472,4,4,-117,-9,10,2,29,-109.4516860981262,-109.63783141332225,-111.45212686890636,-107.72034098731051,-110.6074606462048,-108.58589895906238,-110.69611714752332,-110.48878903369656,-108.88627807276451,-108.54577107660107,-108.92648188662989,-110.10025734605709,-108.8942446231861,-109.83265240484198,-110.39205902315703,-107.7967544534726,-111.22380731227999,-109.22764622775492,-110.25133577735822,-109.4919664374106,-110.21339777681209,-110.380457582887,-108.8945868400997,-109.63019101779305,-109.9378693975783,-110.34125895551013,-108.25545505397652,-111.24184293276353,-109.62446014884551,2,-109.68031122420459,-109.63783141332225,-111.45212686890636,0.9466719560155133,0.19919571722615276,-0.5555076575592754
HDOK,PLOK,17472,4,4,-117,-9,10,2,29,-110.73681803189601,-109.7797023909112,-110.36889409099163,-110.46746334611632,-109.28963924384512,-111.70115354272382,-109.13677456706263,-109.056168696544,-109.70667775537952,-110.2055923853628,-110.9021681365278,-110.12243447786278,-110.17762659356703,-110.32383975476831,-112.24401084536014,-110.92873908272605,-108.36207622753173,-108.71203094135353,-109.20449192607322,-111.08009124663221,-108.60595404457217,-109.23066154918011,-109.04284251681386,-109.36938407628983,-108.49794196186305,-108.68824410367394,-109.92433224373197,-109.1497649818395,-109.94587596123806,2,-109.82625499042891,-109.7797023909112,-112.24401084536014,0.9239821246838575,-0.5848616654150116,-0.08449769443688471
HDOK,PLOK,17472,4,4,-117,-9,10,2,29,-112.06785641977035,-109.68053479999215,-110.97029334182474,-109.78626312240209,-109.85879182815836,-110.52691054839248,-110.52085925627115,-107.60251883252425,-109.51195057056523,-109.84225401552082,-109.24753299128886,-110.33989219326529,-108.5544166861546,-109.81653069332378,-109.88749288909482,-108.73135935129683,-110.15446377267354,-109.24397088205102,-110.34565414009151,-111.11943119551734,-110.16902455474727,-110.67827567179602,-109.9038983617011,-110.71261140861844,-110.36566992556587,-110.24151164029675,-109.25151391220287,-108.18039247377799,-110.82870910299144,2,-109.93588222696128,-109.9038983617011,-112.06785641977035,0.8267867700744878,0.4288231099155294,0.9358453129254749
HDOK,PLOK,17472,4,4,-117,-9,10,2,29,-110.93837628327937,-109.62652734576595,-109.99870152037944,-110.16237591153899,-110.43861537267122,-109.29984130318589,-111.66914141684799,-109.92242794257284,-108.56691254575382,-109.12904607233487,-108.13978642679093,-109.51810601760873,-108.56700533607392,-110.01380969665728,-110.25950194175084,-110.3386267998985,-109.73736729062107,-109.35200896478925,-109.66825130692746,-110.3444479376728,-108.88105518303486,-110.63015302008579,-111.93362428724225,-108.69255610801909,-111.39486716592205,-108.43410340145569,-109.09109961853267,-109.29733079841029,-111.36350877233546,2,-109.84169571683307,-109.73736729062107,-111.93362428724225,0.9629861489896607,-0.36114321723088033,-0.47492576443372947
HDOK,PLOK,17472,4,4,-117,-9,10,2,29,-109.78382758380573,-109.61896240872693,-110.7885554508497,-109.42403844555707,-109.65125918690437,-109.51589177317165,-109.49028452344982,-109.35498503553082,-109.51818152924284,-109.9752590763146,-108.54455375282036,-110.62131202520499,-109.06835809282677,-110.57844622445944,-109.02129658505201,-111.23266756314825,-110.1897193770603,-109.05336337395491,-110.2631376471235,-111.00611065436351,-111.57008090384143,-111.94591117162233,-109.39931731990062,-110.00016052402705,-109.44305707456489,-108.98575060393047,-111.38626855613725,-109.46660657702354,-111.19237253599475,2,-110.00309433022792,-109.65125918690437,-111.94591117162233,0.7650715851470029,-0.6006751792860652,-0.6151232806599043
HDOK,PLOK,17472,4,4,-117,-9,10,2,29,-108.98259672750426,-110.3585327911158,-108.38226911102109,-108.65142733380178,-109.91046998230917,-110.58761283055235,-111.02836957024178,-107.3821438795683,-110.06787673276492,-111.5500741284661,-110.19678828814773,-110.04433032840505,-109.8776684537048,-110.39751002692456,-109.81030401645411,-110.84378346127507,-108.15891333610001,-109.28369973954197,-110.07230646663503,-112.33316104652404,-108.74407097481136,-110.24056985101691,-108.76976979721537,-110.14024107170447,-109.65480082410052,-110.98196384976086,-109.47531151983812,-112.45463436907892,-107.45774738785748,2,-109.85651544470491,-110.04433032840505,-112.45463436907892,1.4828345955588753,-0.0005340254701589028,0.13449320408636245
HDOK,PLOK,17472,4,4,-117,-9,10,2,29,-109.08164452657297,-109.73921142489115,-110.93812607505863,-108.99326174738972,-108.87398703742915,-110.28652697063386,-111.28960162450348,-109.88947036116402,-109.35154312374503,-107.47125573497014,-109.30715546912592,-110.17282251108395,-110.3147637874037,-109.32358027796667,-109.82100379457138,-111.10246802872574,-110.98399578277198,-109.99076605450254,-111.28747315998422,-109.55303155041446,-108.01343979812067,-107.58124615924415,-110.15847327306302,-108.61860256907349,-110.12968024408124,-108.86312401181823,-108.6698039665047,-108.4167104315042,-110.89996326936853,2,-109.62492181950645,-109.73921142489115,-111.28960162450348,1.0976147238199392,0.23104820271841472,-0.5965553057728918
HDOK,PLOK,17472,4,4,-117,-9,10,2,29,-110.37908376010407,-109.6757518080659,-108.80998143419448,-109.98569581066236,-112.1506229941968,-110.06772712101265,-110.43184316037323,-110.88851584493315,-109.84292934742535,-109.37122734631436,-109.18830585279865,-110.26365546599042,-109.83319570728601,-111.31638431263228,-109.13197313145574,-109.10918839742963,-110.51846985191975,-110.05445925106012,-111.21984158949141,-110.48894603693644,-110.48532115031715,-110.37616118552452,-108.92632712422827,-110.37206815626183,-110.51710011956038,-110.55422701291488,-108.15314702946986,-108.973580422952,-110.31103311296785,2,-110.04816425994758,-110.26365546599042,-112.1506229941968,0.7056045402256654,-0.01608214479572184,0.39842536721736366
HDOK,PLOK,17472,4,4,-117,-9,10,2,29,-110.71260731733165,-108.99503991541377,-110.6620608967838,-111.30307146786664,-110.67976311627635,-108.55783891179799,-109.87178821616773,-109.74626884889098,-110.48763594598731,-107.80495513854319,-109.41446637782899,-108.63792517076506,-111.43638527312936,-110.17283819093097,-111.6814331393239,-110.15237349220827,-110.11356002715324,-109.54019228164944,-111.20762086254618,-111.76218633675491,-108.80405146256143,-109.06917151675806,-109.3938706039619,-110.27278568446084,-109.95567983471454,-109.5706623870566,-109.88979832803511,-110.22354293875644,-110.16004454840484,2,-110.00964200800205,-110.11356002715324,-111.76218633675491,0.9059397753642571,0.11493592052656044,-0.19025626585772715
HDOK,PLOK,17472,4,4,-117,-9,10,2,29,-110.34540040592465,-108.57823128178934,-109.55020043212109,-108.47176427232945,-110.49673312400918,-109.28185310784369,-109.48758496747563,-110.4470153726016,-110.06710412123152,-111.15738877917593,-110.29834238529713,-109.92469861764926,-109.56405086939004,-109.81388265449236,-110.43182909283398,-111.17604997572013,-109.21771134774087,-110.30177177079534,-110.22369527390795,-112.52711524672242,-109.17940194632538,-109.10226117838437,-108.94172135105579,-109.86711392998407,-109.32340920044882,-108.49994054659857,-109.37530698514507,-108.92164904736374,-109.47224648540929,2,-109.7946715093023,-109.56405086939004,-112.52711524672242,0.76585037172528,-0.9907496939618918,1.8214519113589076
HDOK,PLOK,17472,4,4,-117,-9,10,2,29,-110.06668251291902,-109.091280123263,-109.802459906899,-110.31484189488168,-110.24780667641576,-109.82161666508479,-110.25236538444967,-110.21373101364021,-111.01702115454061,-109.07080590447164,-110.83252448373766,-110.61290259975857,-109.59840560557173,-109.67908588460945,-109.70482589770492,-108.38682256363956,-109.85326890550273,-112.10568048136861,-111.94870054532046,-111.22324859799464,-109.84589872940936,-109.47533736840381,-111.579862907296,-110.86045828593153,-111.5467107411819,-111.52782692764677,-110.86710546110079,-108.52825419941037,-108.95360219018775,2,-110.242383917667,-110.21373101364021,-112.10568048136861,0.9452213156776482,-0.09028192160593818,-0.635541423965778
HDOK,PLOK,17472,4,4,-117,-9,10,2,29,-110.38251606914471,-111.04605199680881,-109.79574939704973,-109.45541043272306,-110.04531511154498,-109.48341829643823,-110.88786327577435,-111.45758647754897,-109.67391254356126,-110.57150736374565,-110.34878304798886,-111.1830836781566,-110.63016372188098,-109.35651888516026,-110.42944802154538,-109.10522472906388,-107.86207045296749,-109.03899306141827,-109.87182657742288,-111.1723955902738,-110.59159388628193,-110.26199816582985,-110.54585559036357,-110.71258131024757,-109.24171104632832,-109.82882519053473,-110.94223436219116,-110.63284766553721,-110.87371729585975,2,-110.18721390494457,-110.38251606914471,-111.45758647754897,0.6296641400918332,0.8408507558982721,0.8489099033156866
HDOK,PLOK,17472,4,4,-117,-9,10,2,29,-111.70994503082923,-110.70072344030883,-109.63710974585537,-110.26521392430838,-110.27637375578166,-112.65398384902095,-109.58730463087122,-107.28260978994142,-109.78796599116939,-109.00122667933049,-108.89403250236609,-109.63137512376296,-109.9364653824891,-107.284449956743,-108.3271581116807,-108.81387743761908,-111.35765840680412,-109.80922472527986,-106.97888760664105,-109.66362209478196,-109.87790773674624,-110.12057153793289,-109.10126712234606,-108.79864843522509,-110.15697847470105,-109.3296616245577,-112.87175866832308,-111.63898055603234,-109.85776611984113,2,-109.77078442969967,-109.78796599116939,-112.87175866832308,1.9165766611110142,-0.19048693716212808,0.46542862585001554
HDOK,PLOK,17472,4,4,-117,-9,10,2,29,-110.01506787382368,-110.09677061703432,-110.06497672167109,-109.46157980183925,-111.99636781684083,-109.3160725632351,-110.28616557912551,-109.43475536114953,-110.88624245834147,-110.73426090972862,-111.38710615281892,-109.21309894046166,-108.78368534685856,-109.72468634158864,-110.69385498225127,-108.79228089434041,-109.76973863031748,-109.16937600967658,-110.24644969409376,-108.33883318002964,-113.16251093530296,-110.47779363540455,-110.010997084882,-110.93140370712746,-110.17882182649576,-110.26676015438167,-107.48655181350524,-109.52978710250818,-109.0165158812575,2,-109.98181075917559,-110.01506787382368,-113.16251093530296,1.1993550241918929,-0.5467186539207818,1.7279172847703932
HDOK,PLOK,17472,4,4,-117,-9,10,2,29,-109.27573417180041,-110.97108839626324,-108.91038511742335,-109.16224034460626,-108.79792147004183,-109.26865262076323,-111.62419960707066,-108.72359480634552,-109.28220003497846,-110.85916500857488,-108.6510230441186,-109.64839932030843,-110.40457365921328,-110.11939035277996,-109.15405466094855,-109.9493096291658,-109.11963509617613,-110.13796921456333,-108.91966053041854,-108.65589245668845,-109.48268587649876,-109.64112644444013,-107.43124281805628,-108.53265198350597,-110.97416073716138,-112.03623352956525,-109.20569407519542,-109.5129700122197,-109.4644557857312,2,-109.5833210622284,-109.28220003497846,-112.03623352956525,0.9595748670316846,-0.6495625937696604,0.6803633140322165
HDOK,PLOK,17472,5,5,-116,-7,10,2,29,-111.49735492566742,-111.32225898248944,-112.92621171163317,-110.15738946986777,-108.96838477288146,-110.00218341776063,-110.56513154620521,-111.08423203416658,-112.18859431329507,-110.37440209213679,-110.139983106672,-110.83194301880285,-110.79172852443433,-110.24802711504607,-110.08446183091702,-110.75230428871826,-111.20029509239312,-111.69668169705993,-109.56246232324419,-109.1816760222004,-111.59879663249666,-111.40361468433447,-112.96688978282467,-108.41207441852933,-109.06156984826434,-109.66158074438029,-110.5630015060968,-111.34307654524027,-111.60174926371052,2,-110.69613999005068,-110.75230428871826,-112.96688978282467,1.1965184490807923,-0.04672145369924338,-0.1332417831682693
HDOK,PLOK,17472,5,5,-116,-7,10,2,29,-110.23656478703464,-110.27284049512038,-108.60987965905423,-112.34006886090361,-111.49465089676583,-110.01539436851793,-111.32663278288477,-110.07971754163219,-111.85977832572227,-110.2108193151644,-111.06688225009788,-110.93374239292788,-111.26024872706483,-111.89437262673775,-111.62045222296925,-111.35631979949203,-109.18081136363487,-110.91700692270383,-113.13013103726144,-109.13867917779203,-109.6901083420484,-109.82891973140158,-111.3998621640111,-109.15139407973528,-111.83136436001949,-112.68110877914131,-110.55090565495588,-109.29787979963982,-111.92107050293566,2,-110.80336575749553,-110.93374239292788,-113.13013103726144,1.305665523888569,0.04301148388713422,-0.7502961846910554
HDOK,PLOK,17472,5,5,-116,-7,10,2,29,-113.10864317986913,-110.81805913724236,-111.46280967593562,-111.34606275093617,-109.9114511742793,-111.07804261275004,-110.37673464089221,-109.61039566227569,-111.94694781382671,-110.0940736534588,-111.98279651526086,-110.48472556291732,-110.44626464551472,-110.3683473393964,-111.10365976168468,-109.92531446556595,-111.22508704500879,-111.19348545230847,-109.69790473939787,-113.43779094832898,-111.35747398433936,-109.69359045330185,-110.79317452383556,-110.62831332067132,-109.95452098189872,-111.02222351336744,-109.35583372785163,-110.4167274439085,-110.08991742494521,2,-110.7907024879645,-110.62831332067132,-113.43779094832898,0.9165769875316998,-1.0377349937604199,1.2437036204974228
HDOK,PLOK,17472,5,5,-116,-7,10,2,29,-111.91107601992127,-111.4336172417696,-108.10325010921966,-110.1075360865367,-109.62263473162245,-110.69182209165595,-110.12760200690474,-110.18880000819055,-110.75872983507807,-109.49306586184768,-111.21608820714616,-110.08331527941941,-110.66683587807809,-109.29930449583578,-111.88966289534913,-109.73432905028164,-109.7216525036685,-109.41290234485317,-111.401037614255,-110.93338281202932,-109.6031774301396,-111.76832140952766,-111.14988632625204,-110.80538815944315,-111.04906722506477,-109.05662425370718,-111.91389799962892,-110.47719671349472,-112.19692336643007,2,-110.51093544680519,-110.66683587807809,-112.19692336643007,0.9839257675688583,0.24392246962306346,-0.4219017927144888
HDOK,PLOK,17472,5,5,-116,-7,10,2,29,-111.84625854822653,-111.00040929798132,-109.96365814790774,-112.36743457244914,-109.49009452251003,-110.53532747421508,-111.10292507876021,-109.86539607674202,-111.22957659249113,-112.07586041145224,-110.50155097458199,-109.25493102120697,-109.34632330138216,-111.32230432159871,-112.00255361958065,-110.54217667822326,-112.09938998303684,-109.66841107449916,-110.21580339062896,-112.66498726990604,-110.85113953245703,-110.87196699268674,-110.2901957376375,-111.0321750951557,-111.70292986085322,-109.57995916029448,-111.10769687125077,-110.8157921147728,-112.27738694059168,2,-110.88360740217517,-110.87196699268674,-112.66498726990604,0.9213165400109451,-0.03977410563611247,-0.9464027996202291
HDOK,PLOK,17472,5,5,-116,-7,10,2,29,-111.15679607476225,-110.90793940947756,-110.74173679394872,-111.26295946616122,-111.39793560960588,-111.1936123513062,-109.28263416639317,-110.91675437980447,-110.6495176673879,-109.48541540366253,-109.93369161482116,-110.2423357104214,-110.2366091533485,-110.60281766434153,-108.0649431932517,-110.40857260178124,-111.86922416220754,-111.48962985476678,-110.05201838666646,-112.0305760284889,-111.58987077435474,-109.55415978479473,-110.32232448818299,-109.00232469956335,-110.2195489220464,-110.1498553032853,-110.69619063138707,-111.12509924212631,-109.74342282373362,2,-110.49408677110617,-110.60281766434153,-112.0305760284889,0.7791187401597004,0.5975079439573964,0.5561447622149243
HDOK,PLOK,17472,5,5,-116,-7,10,2,29,-110.89904654838682,-111.14061988586975,-110.7787637132642,-112.55449183463654,-111.5233714880776,-111.27164995991852,-110.71867951917609,-109.59262710078988,-108.66177770678766,-111.35548675036132,-112.2177441087719,-108.6446332486105,-108.20061196077167,-110.57852637534958,-111.68700540620951,-111.07394309707516,-109.2149123898537,-112.68273002881807,-109.70242562764378,-110.71669691787463,-109.44667196410002,-109.98033897418021,-112.11359085005314,-111.14368375165425,-110.5488868665695,-109.17162407626701,-110.80207653353214,-109.66549085566612,-110.47131216873139,2,-110.57101447272417,-110.71867951917609,-112.68273002881807,1.3387395888392466,0.17914145090535125,-0.5557129236702827
HDOK,PLOK,17472,5,5,-116,-7,10,2,29,-111.77611091966162,-111.9939540420553,-109.21105089024651,-111.65000582447972,-112.6914556903354,-111.26411594817986,-111.08900628839797,-112.04113481605422,-110.99117466213947,-109.20114410282466,-109.6219084899211,-111.09957453352055,-107.81875575084591,-111.49240584789806,-111.54432051984202,-111.3416135946621,-110.63927823926397,-112.71812366596237,-109.89009696537109,-111.38129724411358,-110.05597821089557,-111.22508637277093,-110.23427853322072,-109.43059665521182,-112.44241383000967,-110.33519479089375,-112.12129799382038,-109.46748901247521,-112.36176935519383,2,-110.93553906173335,-111.22508637277093,-112.71812366596237,1.4299811597927117,0.6105264150417371,-0.08379522298236308
HDOK,PLOK,17472,5,5,-116,-7,10,2,29,-111.32531362858276,-111.40495798498095,-111.38469825437593,-111.18611045588469,-111.46506055888588,-110.77389688580038,-110.92157581873771,-109.93258390431548,-112.75492632655994,-111.8235289509688,-111.57948295451084,-108.58700013137504,-110.56125003751902,-110.4322268979024,-109.21224488960135,-111.34987402607095,-110.99138674711764,-110.37665657144295,-110.91340700907898,-109.33797373652345,-108.60094526897406,-112.4986518622449,-110.05256224799089,-111.07994496939735,-108.81850139651716,-110.04810298887988,-112.36586757254757,-111.2238636698649,-111.32281834270186,2,-110.7698418651501,-110.99138674711764,-112.75492632655994,1.1664734633280502,0.45814546032159514,-0.1959235778571471
HDOK,PLOK,17472,5,5,-116,-7,10,2,29,-111.54555370451389,-111.78705130356151,-110.71425850345537,-110.01843845019042,-111.70750356366928,-109.84827631950057,-109.66431083945623,-110.62232512067057,-110.25770665400219,-111.94753904325222,-111.04982473914184,-109.43193614286734,-109.87374791579116,-111.199922882086,-112.88634817961113,-111.27199278313797,-110.33993360013207,-112.36283317474857,-110.01617946447782,-111.44606084305869,-112.75186839052884,-111.52242566318856,-110.43699141567446,-111.5070813179296,-111.09733454237025,-110.70931646142664,-110.48803172811074,-110.99143167190036,-109.43560879945247,2,-110.92868390406575,-110.99143167190036,-112.88634817961113,0.8482310351338139,-0.2844774562460539,-0.5182814703321807
HDOK,PLOK,17472,5,5,-116,-7,10,2,29,-111.78792499548034,-109.70243509148928,-112.38132732793397,-110.88506257432412,-110.57351335661005,-110.0182646239935,-111.21546264579676,-112.37298658628818,-111.15624782942079,-110.3033995966355,-109.75418655058756,-111.17587005413816,-111.97405581765867,-110.61643588239335,-111.88034039164319,-112.52724358338986,-109.65571847226528,-109.91082008038116,-110.70182710068794,-110.48381667078539,-110.44974117233869,-109.26292502222127,-113.7754211313574,-112.68070953022428,-109.48468372474026,-110.66973992238773,-111.88116177017426,-106.97064925523925,-110.08495035559491,2,-110.83920417642003,-110.66973992238773,-113.7754211313574,1.7345039039247543,0.3574306562324324,1.4523133301225601
HDOK,PLOK,17472,5,5,-116,-7,10,2,29,-110.95562029282628,-111.88399863788679,-110.91652599547953,-113.32055576966235,-112.01283652937583,-110.58567798326116,-109.43513815559427,-109.77274589026149,-111.07420941446303,-111.48930545974964,-112.37572518979593,-110.97437505672374,-108.8321174669609,-110.42950142325584,-110.54544713366323,-110.94267092046077,-109.39324870524322,-109.24606205723703,-109.75979082821227,-110.3143456394148,-111.3656705761106,-112.1683672126098,-112.45810736486717,-111.35203458612929,-109.48901907686516,-111.27017910406222,-111.77287508932406,-109.97325809262459,-111.56748333154074,2,-110.88541010288488,-110.95562029282628,-113.32055576966235,1.1746529776247319,-0.04650416094805064,-0.5152693281679017
HDOK,PLOK,17472,5,5,-116,-7,10,2,29,-111.10751648299521,-112.27577467921292,-110.3592598785322,-110.29050335296985,-111.18838583446086,-111.69568206264472,-111.35806901536152,-109.99223070236766,-110.48286797515439,-110.20963210335614,-111.61594788287192,-111.53119396191053,-112.13656619550021,-109.59849646925994,-111.02822894439323,-110.1862151693171,-111.47258860893594,-111.57757037174841,-110.39175332041022,-112.30723878856034,-108.38117179312674,-110.84179511521079,-111.710434482216,-112.78864332296432,-109.85397676553296,-109.84844438988846,-110.34314739247539,-110.6397087525436,-112.05640245962525,2,-110.94032573357057,-111.02822894439323,-112.78864332296432,0.935362786156541,0.3277314113900767,0.1469070940809032
HDOK,PLOK,17472,5,5,-116,-7,10,2,29,-110.87233409630144,-113.3855869076117,-109.96654989995426,-111.85870473835973,-110.8633341398508,-111.6294257283641,-109.23596285495,-108.90437810465106,-110.02641127219778,-110.98554885706345,-110.61479435442519,-111.2889901439402,-110.43679387212771,-110.0070859031174,-109.58776474646116,-110.68949814415566,-112.52205834391191,-109.46274414774646,-109.11186704160129,-111.326983883144,-111.77948229264769,-110.45852818520373,-111.12991228570459,-109.91644812703733,-110.73242890277271,-111.22028672122099,-110.59135447874756,-110.1756029547276,-111.6268678782802,2,-110.70371479331992,-110.68949814415566,-113.3855869076117,1.0090476360956826,-0.4421143020827007,0.47113017509679667
HDOK,PLOK,17472,5,5,-116,-7,10,2,29,-111.89864481584061,-111.15094700985203,-110.24361498845298,-111.77596069254174,-111.94492580630464,-110.97094676898672,-111.31175180050123,-111.54102919152642,-110.1718650101931,-109.81353534147868,-112.68283274408533,-111.37569743606058,-111.76872005109196,-110.42326753499857,-112.0203458225167,-109.6063861269866,-108.68074436114522,-111.3543446831432,-111.28923326812617,-111.80918234977851,-111.82278344570113,-112.77758638439562,-110.1784903582823,-112.08841962890602,-109.42580382625289,-110.98921919868805,-109.69239261284429,-111.7361840379699,-111.16419279902156,2,-111.09341545157496,-111.31175180050123,-112.77758638439562,0.9898198063645395,0.5829624703377021,-0.2559947438632175
HDOK,PLOK,17472,5,5,-116,-7,10,2,29,-111.0945606014221,-109.6241608508109,-108.15286685028062,-112.66178702152547,-112.70220417111041,-109.6496507463663,-110.05478306480744,-111.77338342981643,-109.18556925723965,-110.13809074227896,-111.30392217864217,-111.86954881581752,-110.52496337145102,-110.20482252518863,-111.70907225931072,-112.3748789872566,-110.97770009116685,-108.97373726021625,-108.81725964013937,-109.45682434346672,-110.97063604745934,-109.59652929089984,-110.05226141259847,-109.93212122820813,-110.38335663876047,-110.6149271144669,-110.41280308381779,-111.08325274164328,-108.77720623247683,2,-110.45078896547054,-110.38335663876047,-112.70220417111041,1.3603973907495561,-0.19528307699812647,-0.5273771741044508
HDOK,PLOK,17472,5,5,-116,-7,10,2,29,-111.47420688685074,-111.9659122931228,-110.29830734868081,-111.104932140468,-110.72430706536815,-111.16252325005759,-110.01995229541879,-111.37944196739014,-110.48844041223514,-110.7099133878721,-111.15145776980674,-109.59513953484795,-111.51028099636444,-110.37269164140895,-111.40546222459068,-109.24267562482355,-111.69961355718881,-110.28036833889831,-110.04468923500177,-111.4300859701243,-111.53598225869811,-110.73264286960683,-111.00706907595146,-109.13179523201558,-111.03941496030752,-110.99087312757347,-110.1187101105961,-110.62542528305683,-112.03465290946396,2,-110.80265406095826,-110.99087312757347,-112.03465290946396,0.5493331294993478,0.5206307735819133,-0.2165611826411995
HDOK,PLOK,17472,5,5,-116,-7,10,2,29,-111.82659221806696,-108.78497759172646,-109.1519907503863,-110.08118219390153,-110.50546368966528,-112.12759955601624,-110.09929857017696,-111.22707761812939,-107.88047943107853,-108.84750404778143,-110.98399528742307,-111.24048285498775,-110.28294055190382,-109.69964272700905,-110.72023346860162,-112.45832034331482,-111.00258802882361,-111.79744694188116,-110.67807396935946,-110.78238332093957,-110.05988689989674,-111.3399650349285,-110.01860597150475,-110.14514608394293,-109.94192321113651,-112.1085770404716,-109.15904835981682,-111.56528023007041,-109.41864946198083,2,-110.48052949844559,-110.50546368966528,-112.45832034331482,1.2163099742517758,0.25227121813459075,-0.34355033679869695
HDOK,PLOK,17472,5,5,-116,-7,10,2,29,-112.6102438561217,-110.64724789812621,-110.70738067460813,-112.10626701033425,-111.90886620485034,-112.25863762338186,-111.36352043842295,-109.32291185888363,-111.56119206283506,-109.13941550715356,-110.83277082396816,-111.95118261276778,-111.43959332568033,-111.50603201203518,-110.17623415248612,-109.43713951354808,-111.55471613934024,-109.90536822385577,-110.67252952772401,-109.68577793511567,-110.57377644765533,-111.86067003701777,-112.03258532951224,-109.56421839865743,-109.52255861511422,-111.4516199061468,-111.01921786378892,-108.40985319574771,-111.18529895559303,2,-110.84161469484388,-111.01921786378892,-112.6102438561217,1.1536187237912339,0.4485256828366444,-0.7343974654876404
HDOK,PLOK,17472,5,5,-116,-7,10,2,29,-113.05053194887533,-111.9848885559428,-109.6514718900651,-109.52224911856398,-110.42852722221028,-111.87106369593884,-111.04982725408492,-110.05000283888056,-110.65329152179731,-109.09280329463883,-110.9896270782737,-109.46469717005498,-111.09549096556361,-110.77758700933289,-112.60638934986547,-109.7210616659535,-111.63255670637584,-109.86625137328626,-110.74453759458152,-107.49047167389065,-110.36335331965817,-110.27432962128168,-111.01537254074933,-109.89303420950755,-111.34691073861022,-109.90709996834973,-110.22548138382908,-110.58511239873215,-110.08543205971134,2,-110.53239497133124,-110.42852722221028,-113.05053194887533,1.1849734820841906,0.0811509921565555,1.42390119684663
HDOK,PLOK,17472,6,6,-117,-9,10,2,29,-107.57544384009752,-107.57220470850127,-108.9836254925938,-108.82698163902958,-109.25760752450374,-110.0232757333234,-110.0947604599523,-110.09877497625341,-107.49334520955695,-109.8281970229371,-110.25833147059811,-109.60404963466482,-109.99360668757387,-111.26242423024496,-110.48002758068381,-110.61856213802444,-110.67294529172895,-109.22387387465899,-107.4652221424453,-109.5744954780689,-109.47123132878853,-111.8945577801571,-111.117749301761,-110.41863051280379,-108.00332905694285,-109.88930285837347,-109.86850555677397,-110.25940980756798,-109.82386478722152,2,-109.64325296985622,-109.86850555677397,-111.8945577801571,1.2715150384198854,0.5241362255614385,-0.056826297089377587
HDOK,PLOK,17472,6,6,-117,-9,10,2,29,-107.2897039445341,-107.76076110371451,-110.90668547801529,-109.87492753399974,-109.16657752717403,-110.03582031559424,-110.07307534337893,-108.94767543992636,-109.94952837511737,-109.65738550521813,-108.64761846362052,-109.05380889607633,-109.18954362648664,-108.61013127327173,-110.09890248622675,-110.0822762310904,-110.13783996985555,-109.82239112266682,-110.16161731350114,-110.22242561654383,-110.00675368236818,-110.08943936591683,-109.56843252621273,-111.01187829947301,-109.92928186106631,-110.75164029462807,-110.42378058033275,-109.60899016359124,-109.90188830048179,2,-109.68899243586495,-109.92928186106631,-111.01187829947301,0.6864429691677467,1.1428340707713978,1.66097597792541
HDOK,PLOK,17472,6,6,-117,-9,10,2,29,-107.9937264046602,-109.49871899387253,-109.06616418715258,-110.61506180916493,-110.18290318470571,-108.7492056142667,-108.52823460419884,-109.39308391852472,-109.94410886298571,-108.0037460118436,-109.45430754233988,-108.35499957042377,-110.19492135134988,-110.77065784246784,-109.38039619856761,-108.98438319373875,-109.11998859295895,-108.3633331466878,-107.90537549155884,-109.88192280363293,-109.2412790962464,-109.63349361080734,-108.5642145831455,-111.2333525951965,-109.46005229318122,-111.23438636244957,-108.75690648520573,-110.99829955257059,-109.56747677275469,2,-109.41636898885034,-109.39308391852472,-111.23438636244957,0.8797103739765287,-0.34349332459543896,-0.5918421826254598
HDOK,PLOK,17472,6,6,-117,-9,10,2,29,-108.56788344873587,-109.33895004087071,-109.30590219967523,-108.85913756632425,-108.33533373747062,-108.81284888905901,-108.60727692119298,-107.89433116763317,-110.15454810266392,-107.8872097021762,-109.54708101805153,-108.88572497792563,-108.89633887833067,-109.79624121221872,-109.88246025264688,-109.25752923090873,-109.34340499330646,-110.05364952931272,-110.99722128455046,-109.4471322017991,-109.50134121007872,-110.36583417356206,-110.69001582681204,-109.0309172700622,-108.93953333020457,-110.68734382922861,-111.18242359191801,-110.64781160863588,-109.65937469267685,2,-109.46809658234594,-109.34340499330646,-111.18242359191801,0.7393928677088935,-0.19713906885137475,-0.5272525616362347
HDOK,PLOK,17472,6,6,-117,-9,10,2,29,-107.38577075489823,-109.30199547149155,-110.20181801610397,-109.6184096953141,-110.74370468870474,-109.78237821750125,-108.96851293333772,-108.70489847648835,-108.78418859191467,-107.85369302052844,-110.00380662643732,-108.41735356773056,-110.58133541482755,-109.43999955266042,-108.41649968992668,-108.49189075851042,-112.06528064521596,-107.21980422253193,-110.8039725753417,-110.08887630937848,-109.93283315133817,-110.23416035150673,-109.04367922442125,-109.64923268511684,-109.17766714394448,-111.29666106016931,-109.68087381617362,-111.26036214472423,-110.47571804968051,2,-109.57328885710066,-109.64923268511684,-112.06528064521596,1.2969791745822623,0.07668568796887221,-0.15461476257261353
HDOK,PLOK,17472,6,6,-117,-9,10,2,29,-108.5090477517945,-108.21654460417376,-108.16256705751444,-109.23815842073658,-109.39261692113432,-108.1244239189841,-108.51742764343506,-108.63752111157773,-109.19858520544047,-109.493102895152,-109.5788486466057,-108.71297201331039,-110.23849441251355,-109.97971660277871,-107.6028235675621,-111.1400768062543,-109.72609998899252,-108.17441835706539,-109.62877797409308,-109.83015830060961,-108.95868572426271,-109.47388496312135,-108.7934181605456,-108.74108523092305,-109.84000412795716,-109.31620757768565,-109.46852967348292,-108.3377320576944,-109.85664682377781,2,-109.13408884617857,-109.23815842073658,-111.1400768062543,0.5837634178604729,-0.25904169090597917,0.16476645477006135
HDOK,PLOK,17472,6,6,-117,-9,10,2,29,-106.24680747498122,-109.36693368843872,-110.66404524002081,-109.41784905577377,-110.4421449885581,-108.99812570812568,-108.37645518215665,-109.451882408149,-109.3929648185757,-108.39656914702074,-109.04154694960452,-109.70334488682599,-109.25858307273161,-110.34236311875745,-111.14927807638286,-110.0285487472627,-109.80852975946368,-109.92404693699345,-111.31481991944386,-108.11316929187144,-109.04570603191809,-108.98345341532135,-110.52311684552365,-110.54206224697784,-110.72831473187911,-110.40838887822198,-109.2214885383747,-111.17546653217568,-108.92474342436282,2,-109.62037065916874,-109.451882408149,-111.31481991944386,1.1324809897990689,0.8820119971819319,1.9557862911304302
HDOK,PLOK,17472,6,6,-117,-9,10,2,29,-108.05587280817849,-107.13295369348614,-110.63021518497696,-109.01278345983263,-109.08127045692858,-108.91876093308458,-109.23315815846492,-108.38178105413921,-108.34358323099045,-109.23704767451821,-109.53603315584057,-107.49420033156014,-110.15516451192873,-109.75402991776923,-111.36508865315169,-110.22977511952541,-110.23934245930249,-110.37083174940652,-110.5461680367437,-109.48978717043195,-107.87089816705415,-109.98890659153822,-107.87999319098164,-110.51833365556637,-110.65526768758622,-109.17938565314668,-109.31248636330457,-110.84342177480522,-109.40045947166561,2,-109.40886207985898,-109.40045947166561,-111.36508865315169,1.137042382933239,0.3398588927763104,-0.6023085969432516
HDOK,PLOK,17472,6,6,-117,-9,10,2,29,-105.75010674408728,-110.0776322206472,-109.75881854342121,-109.32535099288633,-109.38161187110107,-108.74752708999513,-108.25118516564864,-109.00656561120145,-109.4782641975804,-109.15558437436837,-108.73439235128424,-109.44121059207716,-108.97235998253798,-111.24964327825941,-109.86224307895813,-109.84183817925847,-110.18671470448224,-110.25629760304757,-107.26996415332218,-110.61816049216914,-109.05367945193419,-108.68668372238089,-110.0876965270009,-109.78992609338071,-110.44881624551275,-109.09053205731072,-109.69029678959417,-108.47329997035588,-110.60829079254799,2,-109.35498940952937,-109.44121059207716,-111.24964327825941,1.1209069624279908,1.3569161819950502,3.5993836969368735
HDOK,PLOK,17472,6,6,-117,-9,10,2,29,-108.78315057961348,-107.56177971351228,-108.15470922200984,-108.91041888440505,-108.83210521693546,-110.05291786114906,-110.50581635634742,-109.88619624363963,-107.98574631893644,-108.15759778426475,-111.74353211807215,-109.68086134184837,-109.28956990743376,-109.67512384304831,-108.07848420075838,-109.88854604253657,-110.08372219948423,-108.62334964806357,-108.38868309290343,-109.65338477998888,-109.79561120409119,-109.10152532478385,-111.11641897334984,-109.74098849334995,-108.26309764355629,-111.01167380399463,-108.76998972908456,-110.95167355708399,-109.0123003461354,2,-109.36893015277174,-109.28956990743376,-111.74353211807215,1.0768358645101683,-0.392885757093793,-0.44688293757187925
HDOK,PLOK,17472,6,6,-117,-9,10,2,29,-106.12921475618386,-109.43713238716578,-106.81574143325814,-109.68130144139934,-109.32780948195911,-108.75796689071912,-108.58654594186106,-109.07926493670169,-109.35392744812177,-109.30586284283652,-109.64732126612002,-110.03505040882975,-107.95755154027862,-109.6490658223048,-109.09433349589354,-109.9290309859525,-110.00688080797106,-109.30624604642989,-109.85349404629638,-110.74598271419934,-110.05488086278112,-108.51814871368104,-111.20443775709985,-110.27842272493764,-109.7175272329218,-110.71542259781356,-109.50265050469548,-109.0663151357745,-109.45069784193056,2,-109.35200786434886,-109.45069784193056,-111.20443775709985,1.074060858506303,1.3076806009741344,2.8950394849001833
HDOK,PLOK,17472,6,6,-117,-9,10,2,29,-108.94945553621471,-109.88227172722246,-108.72201210743309,-111.01006265870012,-110.37820744100932,-107.47918625419761,-109.68056655410808,-110.01712761903086,-110.01525615962257,-108.93586516421999,-107.28696887767444,-108.83696266329835,-108.01505293561242,-108.76991512245466,-109.61949204883327,-109.51007041373221,-110.1407166913964,-107.45357958857876,-110.09204929463284,-111.41430120197464,-110.40348650041948,-109.67395904546173,-110.11029461516857,-109.98869897888758,-108.64026767711783,-107.12060554828132,-108.69429486332822,-108.40283932266911,-108.81763474041196,2,-109.24348970178248,-109.51007041373221,-111.41430120197464,1.1739798715338123,0.25694952276823974,-0.45999974448578396
HDOK,PLOK,17472,6,6,-117,-9,10,2,29,-106.90168960533492,-109.91587654533453,-109.95230551390688,-110.32817049222788,-109.53852828812984,-108.25777248147914,-107.84488699946819,-109.33854162246168,-109.23446414458003,-110.02497429876352,-109.18599793916103,-109.07617912826338,-110.57105575711054,-109.60986127892944,-108.51036766049968,-107.25505937154722,-107.87897313895124,-111.48011866107036,-112.01551091876291,-108.07083358304142,-109.74723935304472,-109.62660875623926,-108.56449021531343,-110.98117615298317,-109.55651325385861,-110.21453994701609,-109.57181160376099,-111.26166066699801,-110.29691819289549,2,-109.47628019210806,-109.57181160376099,-112.01551091876291,1.4563325691192592,0.12431936531032114,-0.13142398481572037
HDOK,PLOK,17472,6,6,-117,-9,10,2,29,-107.28790683406254,-108.90217001000984,-109.10216659655947,-109.85617774395601,-110.46241867261163,-106.89700964935291,-111.59659039976157,-107.5776564086669,-109.54584324877912,-108.69550257364035,-109.28225512527219,-110.30034069163415,-109.58256939303561,-110.48477093598169,-110.88279093109558,-109.64831881280742,-109.34328796977488,-109.43228716755777,-108.3039519734563,-109.95600878986838,-108.8809162150931,-109.04602145907629,-110.27676013036482,-109.91104004659972,-108.63559545048344,-110.14962985168596,-111.50599869714696,-109.82360066903067,-110.96346385054831,2,-109.52872587234184,-109.58256939303561,-111.59659039976157,1.2421317503386167,0.41414362742323874,0.26301974957864305
HDOK,PLOK,17472,6,6,-117,-9,10,2,29,-107.91451587705863,-110.89586525916788,-109.62743222847632,-108.81436676823843,-110.26966179581845,-107.3224385898885,-109.03318719645851,-109.75993339073666,-108.86371144088817,-109.69498188389454,-107.95127222560902,-108.71487785499956,-109.17508055301258,-108.49333644555621,-111.08723485550551,-111.21430900533497,-109.5530795758247,-109.25875956052745,-109.01458564133932,-109.72548066917481,-109.49638336298453,-109.69062592245936,-107.9278813103478,-108.5364624988546,-108.90943542560372,-110.22724600255971,-111.13918738214483,-108.89928063178785,-110.32412959813323,2,-109.36326699835814,-109.25875956052745,-111.21430900533497,0.9810134541785206,-0.1413478954127891,-0.3641329287356485
HDOK,PLOK,17472,6,6,-117,-9,10,2,29,-105.63563469494203,-110.21716134199795,-109.31808669853966,-109.66806581900534,-110.67356909850344,-109.80070293324763,-110.46479514144131,-107.9435735208822,-108.9836686850399,-108.18479687469268,-109.4228167085785,-109.02946363778025,-109.94407906047127,-108.65177497229824,-110.09010506820673,-110.88342826017964,-108.78675657316015,-110.2477230309873,-109.31710416997512,-110.12467634689546,-108.76930654269731,-110.37472204067352,-109.01760396799104,-111.20541012095092,-109.29718430361615,-109.70592459734235,-108.53385559114267,-109.39937588958338,-108.25246740996111,2,-109.37737355519943,-109.39937588958338,-111.20541012095092,1.165913170237559,1.2629310379043126,3.578784100323714
HDOK,PLOK,17472,6,6,-117,-9,10,2,29,-105.97148465700964,-109.1851742294565,-109.79671357240343,-109.98650389874553,-110.07202904689177,-109.57037032647072,-110.32385358333,-109.12501048280508,-109.85653258015167,-109.95082410061192,-110.53805850444475,-109.1078942443572,-110.80472937116053,-110.14474625761054,-109.2301411805784,-111.2093662403607,-109.31259721517193,-110.59904856281865,-108.18428200407344,-109.15503439785702,-109.8156943921616,-109.45800115457261,-110.22340150688292,-110.3578723735859,-109.47599954754094,-110.23251515427879,-109.60454649571224,-109.67742963577956,-111.5204042976171,2,-109.74104341429106,-109.8156943921616,-111.5204042976171,0.9700238927462826,1.772295061090782,6.548186072508081
HDOK,PLOK,17472,6,6,-117,-9,10,2,29,-106.71689058059057,-108.13779152783523,-109.28167396628423,-108.81803260306306,-109.3036700652337,-108.53414223615678,-108.61411235575288,-108.5956673436485,-107.52409063934948,-107.83765620288665,-110.39811584478721,-109.11809819734323,-110.70407634589493,-109.43250314834093,-108.83785502268847,-108.89267746536468,-109.95556320174406,-110.62513203961547,-109.68229627854774,-110.31343708514856,-110.34329421700912,-109.4725644091582,-109.34980190696811,-111.06072716553061,-110.36953346918312,-111.04227918432854,-108.92921153005793,-110.88991729818886,-110.09448277012996,2,-109.40949290002864,-109.34980190696811,-111.06072716553061,1.1523010918585748,0.42875850177347713,-0.1312881153761607
HDOK,PLOK,17472,6,6,-117,-9,10,2,29,-108.87153628057426,-108.29664251665525,-107.48587038695868,-109.32092974196992,-110.21381876499504,-107.84202572383464,-110.40197576603939,-109.34162544315267,-110.82554310724596,-107.23270823125452,-107.6699443435152,-108.57828071097057,-109.57692967987172,-110.77593298214167,-109.12641075940029,-112.05774078071872,-108.8423405004112,-108.14239698577035,-109.70827984095061,-109.23214609625497,-110.2803723310542,-109.73413477195798,-111.03457806715873,-109.74097083958723,-108.78017474158942,-106.95415609998734,-109.22732581835876,-110.41604624271076,-109.53915168169553,2,-109.28448238747534,-109.32092974196992,-112.05774078071872,1.4301995669408119,-0.025310007091458843,-0.20332379079794372
HDOK,PLOK,17472,6,6,-117,-9,10,2,29,-107.49278102920377,-107.69839668294873,-109.02576806798331,-109.72694055668262,-109.85259472616515,-108.86058256782033,-108.13796208525541,-108.87983133119133,-110.37031759311087,-108.813696734166,-110.12865692968714,-110.01083821641241,-111.26094301165591,-111.6884570408427,-109.198143405923,-110.40220390498145,-107.98601543133476,-111.68084709036677,-109.07752391654192,-108.05692886614959,-110.0039319468862,-109.1665613380402,-109.01428222608904,-109.61009848218879,-110.19654577066493,-109.3394576625829,-111.16663971009733,-109.4326463938783,-109.12397546573374,2,-109.49667476498566,-109.3394576625829,-111.6884570408427,1.1848490485120549,-0.26540623313984285,-0.2553263982782328
HDOK,PLOK,17472,7,7,-118,-10,10,2,29,-108.39757450001056,-111.46838701780803,-110.91418185768883,-111.00204518653464,-110.86619795904294,-109.86037770492914,-109.15877121084567,-109.81529583917339,-109.80678227653269,-110.1707917804731,-108.79419657122783,-110.95138600972653,-108.18921778247015,-108.99975664513221,-110.74360789071818,-109.61933183002715,-109.50370299095955,-108.90064594947067,-108.63415311132421,-108.49954879492492,-109.05574393225027,-110.96179910582941,-109.45893210946014,-109.2998527021813,-109.359257438313,-110.86902585956311,-111.17201033243144,-109.75879812389306,-108.88584356684713,2,-109.76266262344099,-109.61933183002715,-111.46838701780803,0.8915507384222464,-0.2145436963455735,-1.2155229072255822
HDOK,PLOK,17472,7,7,-118,-10,10,2,29,-110.44774114397707,-109.86810283825308,-110.14662588768338,-110.83969544727624,-109.91236053656759,-109.1262788934626,-110.49252109567377,-110.17480064838618,-110.98178340947499,-108.11236243973919,-110.18748105862717,-108.01605700228949,-108.10236945573548,-110.975746015388,-109.83040549687334,-109.77841819481283,-109.38341384253573,-109.79551364139138,-109.13600143811593,-108.1325238333763,-109.7869224285486,-108.71565642480164,-109.36104521529674,-108.93890673167321,-108.32300402543866,-108.84128390269495,-109.63141341476287,-110.30608539318014,-110.46629740614496,2,-109.57968335386832,-109.7869224285486,-110.98178340947499,0.7752251826136818,0.3218920118734827,-0.8718525484167485
HDOK,PLOK,17472,7,7,-118,-10,10,2,29,-109.59271973180225,-110.24888920677937,-111.85766376194938,-109.34139821669734,-111.1804123595452,-111.49947010440447,-109.04210391465293,-110.35627234880566,-109.50124399161582,-110.35035176317703,-111.14888728742318,-107.39817587154585,-109.52711900359927,-108.31632281699764,-109.36883519970961,-109.44179816236567,-108.35129461271295,-108.55120011492546,-111.51904043058364,-109.59043824692898,-107.93982642526187,-111.15918466281578,-109.44756481705753,-107.69764696956508,-108.95708123764024,-109.74153141662741,-111.58370515010895,-110.13683034570806,-108.847962243546,2,-109.7136196694673,-109.52711900359927,-111.85766376194938,1.4532651271191628,-0.0687921484318502,-0.7475561965355513
HDOK,PLOK,17472,7,7,-118,-10,10,2,29,-108.45944948198529,-111.62776374244356,-111.95447766945826,-110.79453056787588,-110.4830123442952,-111.90897873230918,-110.85998959049455,-109.96386335370465,-109.57501400358404,-108.8845275890177,-109.3806331029647,-110.72504945685284,-109.66024653718834,-109.64437157069456,-112.2118691442956,-108.5280926953029,-109.84865158376746,-109.76269459244,-110.91350689880252,-110.9525084835841,-111.13075244625308,-110.66233276530023,-110.962824879895,-108.66828715568124,-110.37223909338948,-109.5771845745822,-111.27508797731815,-111.09462346648567,-112.10499055112884,2,-110.41336393279639,-110.66233276530023,-112.2118691442956,1.123567475538075,0.16297235236155438,-0.8051477367938751
HDOK,PLOK,17472,7,7,-118,-10,10,2,29,-111.90750564497931,-110.7536516050707,-108.60065472416127,-109.34345749237443,-109.05963492586062,-109.55362063060538,-110.02433704021932,-110.52372350739076,-108.91766095527424,-107.46424674941485,-108.8365981138835,-109.88101572382833,-110.6698542781813,-108.20117140083528,-110.84171011904265,-109.18005610075367,-109.4519188011158,-108.73532424969974,-109.8676811703473,-110.80670740330511,-109.35675895145901,-110.34057836502947,-109.622524258981,-108.41564865112522,-108.67917032321316,-109.00352912065297,-109.20672735624773,-109.46654127065779,-110.77517735316586,2,-109.56852366506472,-109.4519188011158,-111.90750564497931,0.9169811903600945,-0.26089604165555147,0.047968690865021646
HDOK,PLOK,17472,7,7,-118,-10,10,2,29,-111.67942929327869,-109.63385079642084,-111.15183734744207,-109.08819831995211,-111.82279942023155,-110.52962372136568,-106.95055974371937,-108.06654241965543,-111.17686580162182,-107.17589850189592,-108.97519501192073,-110.67677052416126,-110.61694740352813,-110.60727548579564,-107.18569742432206,-107.76388027933194,-106.93068234209758,-108.56536609108095,-111.16906466622126,-107.90071986279106,-107.95247243705933,-108.83374438679431,-110.40885617005904,-108.86815898030311,-109.07544643250105,-108.74524006354193,-110.86698999966276,-110.32346883483206,-108.99242637468613,2,-109.37013821159566,-109.07544643250105,-111.82279942023155,2.1841672375535426,0.06580348436467075,-1.214193030474021
HDOK,PLOK,17472,7,7,-118,-10,10,2,29,-108.12524841741849,-109.76356650095353,-109.60931237106779,-108.63385650677505,-109.73396052227444,-110.35796712492741,-110.7977533829579,-109.12809624709027,-109.4965757564788,-110.64550599672287,-110.6836311688515,-110.36163078544857,-108.11591116491537,-109.71660521350806,-109.4729106527428,-109.66621325978812,-111.04327987906456,-108.81096449882932,-108.13522294131296,-107.79136605298908,-108.60189335544428,-110.16478235456917,-109.00031697091774,-109.45546830561409,-109.26270349457403,-110.41988251660476,-109.13239373954667,-108.16208198839666,-110.27271578412817,2,-109.46764886047971,-109.4965757564788,-111.04327987906456,0.8039506221355829,0.1503083904960857,-0.9236709141696124
HDOK,PLOK,17472,7,7,-118,-10,10,2,29,-110.28702997371803,-113.46672076128412,-110.40010476686905,-109.46722377094207,-110.0405704504807,-110.12884005629684,-110.83455397625968,-109.7420404166046,-107.62546928764809,-108.62667390620057,-109.64319800702776,-108.76710416724265,-110.56694100881927,-110.38820523590879,-110.243845535389,-108.32150541425888,-109.1787308043592,-109.61911776210896,-109.48996739004286,-109.15711404560257,-110.05249652898104,-112.07468894882946,-108.86621822250375,-108.33141252346596,-109.99456299180483,-110.84957950658746,-109.3845478941935,-110.79870450080652,-110.9960735660245,2,-109.9083876351814,-109.99456299180483,-113.46672076128412,1.3276071943185979,-0.8032449315285944,2.086545707049179
HDOK,PLOK,17472,7,7,-118,-10,10,2,29,-111.82376530448447,-110.14790000438504,-110.33895142744775,-107.91119168208495,-108.87289174074476,-108.79800737524072,-109.32074375920504,-109.53010197541019,-110.41271659653307,-110.42022505288219,-110.41917095923294,-108.97328409440523,-110.96581801565429,-109.82537008834511,-108.49487196199381,-108.6364348623197,-109.33892948172968,-108.8948014402798,-108.80273782977976,-111.4563691766027,-108.51223656472152,-109.34331355635032,-108.66542640501619,-107.65490138507423,-109.5686234660396,-110.54284514085774,-109.19016428852123,-109.99847595656698,-110.3944621454083,2,-109.560507990942,-109.34331355635032,-111.82376530448447,0.9902443516632878,-0.307040267442258,-0.3079280643512341
HDOK,PLOK,17472,7,7,-118,-10,10,2,29,-110.95865388698768,-112.94423292533315,-108.54356286703549,-109.0933838327446,-110.68047026320008,-110.33891220480875,-109.77852505371187,-108.36791453522159,-109.56852769531683,-108.74921755182233,-109.38964097912329,-109.3759385836729,-109.68333976721955,-107.79928110220695,-109.55135830308932,-108.38421526957401,-110.52790403002533,-112.6180490850159,-109.1896506365738,-110.14658937441004,-109.5821380379892,-109.833079486737,-110.99442377646848,-107.159607973883,-108.41204862563778,-110.41273389575912,-109.14206797562402,-108.40675138073254,-110.63204975594407,2,-109.66428513296098,-109.56852769531683,-112.94423292533315,1.5950729116190723,-0.6492338823194783,0.9523168203986603
HDOK,PLOK,17472,7,7,-118,-10,10,2,29,-109.10773812370256,-112.6165563014998,-111.11840644662178,-111.10696195759617,-111.56300195805034,-108.95257764625225,-110.39517130755736,-108.55073573206566,-110.10514095238764,-109.97018351467042,-109.17972074310075,-108.23410133335192,-106.88272948615399,-109.28303019866925,-108.92138449360917,-109.45908841669097,-110.7878203620563,-109.51378846647923,-108.92334748520379,-110.745154490521,-107.67895905264797,-109.15360168296237,-110.14044171915319,-110.8280639746824,-110.19718263463275,-110.67454887180536,-110.42427837239835,-110.98738038938839,-110.16391592898297,2,-109.85051765665149,-110.10514095238764,-112.6165563014998,1.4418667808760315,0.23707800635113957,0.40888858015245555
HDOK,PLOK,17472,7,7,-118,-10,10,2,29,-109.50757672532289,-110.61085527914297,-110.68656956605213,-110.10060661993863,-110.72725234862872,-110.26805481403787,-110.62867056914752,-110.17549738816432,-108.33255449020142,-110.22762868052489,-109.25702876715512,-110.6626170365811,-107.9618751712088,-111.03532291653022,-110.34225995425848,-110.21855403850488,-108.38347535492113,-107.901503574231,-108.8393015291809,-110.39902864259034,-111.0970588551709,-106.37982690351785,-110.84430130404658,-109.56044965766735,-111.54087924206735,-109.48471009436719,-111.46755553953619,-109.48896621054593,-110.3081749593723,2,-109.87717780112465,-110.22762868052489,-111.54087924206735,1.3720221008769287,1.137663514841555,1.284592803966174
HDOK,PLOK,17472,7,7,-118,-10,10,2,29,-110.14401483718633,-111.25416127881962,-108.96739181842874,-108.80042273165812,-110.49963424789163,-112.11106590653033,-111.27575703054568,-111.58260030890033,-110.02581277545893,-108.9015317901592,-111.6274005625255,-108.64578107855428,-108.25926805276094,-111.18352624197215,-108.53253774709097,-108.87461107240877,-108.54166949388983,-109.31491611314247,-109.60883009486919,-110.83636314905176,-110.66361752056898,-109.47616269918834,-110.42521729903056,-109.79196252038768,-109.65177646883625,-108.03342131890668,-110.53330277264145,-108.9250501578816,-110.12055535586882,2,-109.88304698086743,-109.79196252038768,-112.11106590653033,1.238336799541116,-0.21784507190800134,-1.0202613878617797
HDOK,PLOK,17472,7,7,-118,-10,10,2,29,-107.55838366482017,-112.49522001139196,-109.5548887249504,-110.58361483890243,-110.65455704582635,-108.94745574381938,-110.9675085763493,-108.81125052803993,-109.56924381863892,-110.47695477877309,-111.96524572338355,-109.22019626447502,-108.52890049394962,-109.18316129398634,-109.69372211699088,-109.98581042174736,-110.04844404477349,-110.05055654149545,-109.72696272296503,-111.19886758948913,-109.23017673782235,-109.63332330761745,-108.98300914847816,-108.54232097633309,-110.89451016625591,-111.3232672079809,-108.95582943815937,-109.65610518280094,-108.62763252495296,2,-109.82990067707476,-109.65610518280094,-112.49522001139196,1.1940514199640864,-0.4727206850673027,0.1579806227521674
HDOK,PLOK,17472,7,7,-118,-10,10,2,29,-109.03560651396172,-111.08019784881319,-110.70309337406319,-110.07741306648956,-111.15112985225933,-108.92836569434084,-110.24292667341447,-109.49234169841006,-110.28476820743319,-108.6596150232172,-110.1919299451338,-108.7783237889654,-109.70175558017375,-109.75558694584886,-110.15694154060928,-110.17381769561626,-109.56353190044081,-110.02057244655029,-108.71382577622983,-108.47396992049427,-109.01950839740722,-109.05623540889819,-110.3035808228135,-110.18640676027589,-110.48424882377076,-110.07927368061615,-110.9838143844153,-108.14988030758103,-109.7486564996069,2,-109.76542477854659,-110.02057244655029,-111.15112985225933,0.6293097471047134,0.21301995541663865,-0.7590238276296764
HDOK,PLOK,17472,7,7,-118,-10,10,2,29,-110.02029218067123,-111.58993928130164,-108.36130962171627,-110.48843087227418,-110.40642735656989,-112.01841620115708,-109.02225029922856,-109.65519273120496,-111.36587203513226,-109.27645713876171,-110.21657430599305,-111.45678133751838,-110.18565211431572,-109.86596468737365,-109.20881824019638,-109.5984789488673,-109.386952568358,-110.21126606904146,-108.53205653663703,-111.7632332469458,-109.16957365800673,-109.2484270879776,-109.68172307462856,-108.93034156590623,-110.46745984925784,-108.87707891926493,-108.91612222988658,-110.24839664679921,-108.67428753618007,2,-109.89116470141974,-109.68172307462856,-112.01841620115708,0.9820116078868013,-0.59997839433584,-0.46127810118764145
HDOK,PLOK,17472,7,7,-118,-10,10,2,29,-108.84734603399723,-112.10172041212702,-109.24142896680348,-110.17530619855734,-109.51896811326962,-110.4869400410385,-107.80417610929757,-109.93565360097325,-108.68136352028026,-108.47200973101184,-109.82527950580864,-109.13890677959049,-109.49632574270645,-111.42965294999324,-108.44210654115385,-110.39136318234529,-110.02070329157496,-109.96382154949278,-109.41047481705742,-110.11651014145757,-107.04725792775879,-109.5950345900343,-110.06920415978172,-110.34082124640697,-111.45229161514476,-108.41402725342378,-110.51825287111173,-108.85426665751085,-111.5523253817258,2,-109.70150134246329,-109.82527950580864,-112.10172041212702,1.2678500605419356,0.03877065476524912,0.16622303489978218
HDOK,PLOK,17472,7,7,-118,-10,10,2,29,-109.65797700687504,-111.08286785605084,-110.83945351051132,-109.11773040701587,-108.65383387635771,-110.31929578926548,-109.76315477200154,-109.99243122527945,-109.87095318066217,-108.81006513605415,-111.00010349406227,-109.47407352181393,-109.14670033499573,-109.85435300947103,-109.95578130412088,-109.35395897715466,-110.19535526937871,-108.65224115166323,-109.3027932734948,-109.22129236787798,-109.78222032903302,-110.25305405736191,-109.69627324580891,-111.29186378038743,-110.1508577243644,-109.26715769604331,-110.49604350557945,-110.45201483722767,-109.28960023816873,2,-109.82563796131316,-109.78222032903302,-111.29186378038743,0.48530748999407575,-0.3069427288446781,-0.4911040073653772
HDOK,PLOK,17472,7,7,-118,-10,10,2,29,-108.91301614514457,-111.9247198641705,-111.15365760604244,-109.2977290774384,-111.17718207485798,-109.94877038349328,-110.70067555145165,-108.46115517158192,-108.18579769239828,-109.63244623114008,-108.72634696971194,-108.86813612354558,-109.62534132539759,-109.28302624149708,-109.74787522575222,-108.59544564447941,-107.9639172865306,-110.09927744470397,-110.14269849454378,-109.412947187243,-110.15397443110396,-111.45574864670655,-108.65784266613355,-110.59402019809262,-108.07716376488598,-110.37816536493725,-108.49459565751408,-107.86628270463491,-110.54746366021018,2,-109.58915237363254,-109.62534132539759,-111.9247198641705,1.202056441083262,-0.2712368501367115,-0.8081554693444684
HDOK,PLOK,17472,7,7,-118,-10,10,2,29,-111.24873654639475,-110.29703615780524,-110.47783800905718,-109.8270103975282,-109.99578441866407,-108.88072095051507,-109.96104213948456,-109.08183000125958,-108.46418976284632,-109.53558773118844,-109.52682733495901,-109.29736673220401,-110.40613851900834,-109.48704806428674,-109.38064161261404,-109.80439208510265,-109.61988373694713,-110.50077658290841,-106.88276306677719,-110.43897529400218,-108.99491803443738,-108.98029413700026,-109.38125021737065,-108.66793154370802,-109.91643586132034,-109.43676617924605,-109.2116208975444,-108.80275114008002,-109.43096738536062,2,-109.51508705309037,-109.48704806428674,-111.24873654639475,0.6393572511622045,0.8321276971438273,3.0161071416083316
HDOK,PLOK,17472,8,8,-116,-9,10,2,29,-110.71561359571271,-107.97772116332206,-109.51334040521627,-108.27168078781152,-106.80343596814187,-109.12387797956131,-109.13204414588184,-107.20558231916408,-108.81744031745092,-109.64270884653837,-111.67974220667786,-108.57853683779238,-108.53642196820273,-108.0026252048416,-109.29390438929198,-108.58733463189829,-109.06449646615303,-108.0031758913458,-110.13171769381496,-109.41926249477883,-111.1161760376157,-108.69366380386793,-108.91870941255317,-110.37662586525506,-109.03307647528067,-110.30576902766862,-109.2465827834681,-108.86040611453085,-108.92562720733396,2,-109.10266551866113,-109.03307647528067,-111.67974220667786,1.1222676651580417,-0.31901025931184407,0.5638050061115134
HDOK,PLOK,17472,8,8,-116,-9,10,2,29,-109.70106305150104,-108.05113966037698,-107.95529689924935,-109.64087682574325,-109.27660406757032,-108.95331174481571,-108.06860585535809,-109.1731066657759,-107.4924551843633,-110.78205513262512,-109.40917999582607,-110.17483529354405,-108.82653953282083,-108.56951966575966,-107.58071114625464,-109.04848263236036,-108.39356842070312,-108.70164946285853,-106.63894535634091,-110.80188803080662,-109.87805344876286,-108.35576882510236,-108.4347310099932,-109.93196715864696,-107.2753303524003,-109.21721661066984,-108.15139204392459,-110.06900217115002,-109.16182422995517,2,-108.88672829225031,-108.95331174481571,-110.80188803080662,1.009973895799416,0.07965957622305779,-0.30691105647145767
HDOK,PLOK,17472,8,8,-116,-9,10,2,29,-111.32095024254028,-109.53458024902542,-106.91634659688286,-109.16639169905122,-105.83191575275615,-109.59965443679356,-108.50279013840398,-109.72229866504894,-110.49641279044262,-110.24904564161186,-110.49876997314914,-110.93572225391131,-110.33490598963196,-108.40492603377447,-108.47060804928144,-109.48456390081925,-108.37586903601772,-109.9546807066188,-109.00435969869697,-108.86068659411809,-106.54331004834476,-108.80611800167836,-108.76450348197085,-109.24489782808458,-107.27255907852746,-110.420916125196,-110.45651842671766,-108.83743427247835,-108.79215762112092,2,-109.13116873561017,-109.16639169905122,-111.32095024254028,1.6501692941203074,0.7206444661223566,0.45427820663330865
HDOK,PLOK,17472,8,8,-116,-9,10,2,29,-110.46250273390959,-107.96797908459348,-110.5394704793431,-107.06776895206663,-108.19306449393433,-109.32641019541408,-108.5973334455136,-107.24178635268721,-109.47371217722993,-109.63904266174791,-109.49248781678149,-107.6937535980248,-109.30122008174864,-109.17535450352932,-109.65591616051141,-109.94724144579428,-110.5504480635709,-108.22601483227963,-107.87289201621962,-107.60217527644099,-109.15206854428686,-107.65709173364135,-109.06749333232969,-111.66948505612098,-109.4872908460909,-108.40169604250147,-108.19033012850747,-110.50348900217557,-108.93990419154561,2,-109.00329045684626,-109.15206854428686,-111.66948505612098,1.2430487358943982,-0.26295881703462143,-0.39532071902702226
HDOK,PLOK,17472,8,8,-116,-9,10,2,29,-109.8565638018612,-108.53953955818473,-108.19016904021481,-108.75259555541956,-107.81811628484196,-108.77050700660948,-107.39190208692678,-108.1338306557308,-107.8309909286555,-109.18001234162405,-109.76411886109865,-106.7739138350478,-109.48116292255268,-109.93386652470238,-109.65728686980063,-109.49464807249466,-108.91342439572294,-109.77893773529776,-109.27326980397373,-109.04095085704121,-109.33536291606963,-110.53229889074287,-110.85473764977253,-106.74040814467989,-109.04113191318902,-109.74255869810034,-109.64993328525527,-110.32762884255689,-109.14336900822228,2,-109.0325253960824,-109.18001234162405,-110.85473764977253,1.0204115982851454,0.6433811532154085,0.12180940651062366
HDOK,PLOK,17472,8,8,-116,-9,10,2,29,-111.32739011124225,-110.01566529071945,-108.63431803836669,-108.15169246524675,-107.95715636680322,-108.22613294361588,-109.71265032136448,-108.01235301024737,-108.37513026177623,-106.20130059393685,-109.55250188637007,-110.51254304726011,-108.21813829647269,-109.59884606858625,-107.56354168978837,-107.66045612524927,-110.47880732418093,-109.05404871949156,-109.99203954156883,-108.15004999536501,-109.39855679794174,-108.78024482581685,-110.78326307139425,-110.4073137313103,-108.80493915788271,-108.35816413852243,-108.88456117831659,-109.07457503080124,-108.77919901008151,2,-108.98846824274895,-108.80493915788271,-111.32739011124225,1.237694991545831,0.008081944982477881,0.12335534538134185
HDOK,PLOK,17472,8,8,-116,-9,10,2,29,-109.99567379290951,-108.29670525878956,-108.78200163639056,-109.0773660718359,-108.65768930236283,-110.17086312979748,-107.97312477984737,-107.6061530847075,-110.48314389961334,-108.51454284288005,-108.87212034885805,-109.42413933189138,-109.01337599525947,-107.90792310377952,-110.08160893834345,-108.76844791281744,-108.37446159101904,-111.04293461089644,-108.6860461026945,-109.00852650383521,-107.81015401952064,-107.30209256486468,-110.29584315491726,-110.97528299463525,-109.05930438280949,-107.67302705092257,-108.00395641839422,-109.9469159787772,-109.93181404199422,2,-109.02535306363325,-108.87212034885805,-111.04293461089644,1.038574956510854,-0.3154041191389549,-0.8155065743352923
HDOK,PLOK,17472,8,8,-116,-9,10,2,29,-110.5830954196788,-107.43544620944162,-108.50242779666036,-108.64555432177976,-109.03060781522508,-108.64154677557735,-108.67101912051957,-109.32636992885837,-109.83848859119502,-109.8610245113673,-109.2947176230581,-108.6390675728899,-108.52992964248142,-108.81116930590032,-109.20283554293485,-109.15331883153372,-109.14470453894971,-107.79517884528673,-109.60399996563609,-109.40021479556712,-107.72519433841522,-107.79735196611466,-107.61888465910654,-109.64798198286718,-108.35560647299411,-108.86762862784637,-109.09142376046736,-108.39551492080494,-110.25608302882397,2,-108.89194437627525,-108.86762862784637,-110.5830954196788,0.5895265158055875,-0.03749607234148185,-0.24937568368328744
HDOK,PLOK,17472,8,8,-116,-9,10,2,29,-110.50439709105397,-109.0254978670545,-106.2656257727398,-109.55175705237781,-108.98121847966152,-107.241990877099,-108.65561305219563,-109.41812887273575,-108.04217873282414,-108.28337068145231,-109.21715854490975,-110.94586491157071,-106.65721975463447,-109.85044966245938,-109.21293096433291,-109.41595210066392,-109.40796224050192,-108.32583140310282,-110.11543411308998,-109.7600334308986,-110.16697040267624,-109.83546228059842,-108.551710915081,-108.67326095416799,-108.88348022218369,-110.02007427906355,-109.86764524620249,-111.58002456662567,-109.64931305727725,2,-109.17608819066326,-109.40796224050192,-111.58002456662567,1.3076011886109435,0.6254434828694962,0.9571767395259321
HDOK,PLOK,17472,8,8,-116,-9,10,2,29,-111.00977591203242,-109.35796390233268,-108.87321486903474,-110.64495345636993,-109.09930360972646,-107.74592702071618,-110.26245692353562,-108.60390540532525,-108.00934107469433,-108.7084148067978,-107.56051818709099,-108.87003467546367,-110.28510342351548,-108.80909405209638,-108.01694366604417,-107.56604114260918,-108.58796722867721,-109.62176612843427,-109.06058965062076,-108.32317222182212,-109.03002090756696,-109.93040291017333,-109.3172464912624,-108.58800373585716,-110.80437636522436,-108.1889492993648,-108.41458884386248,-108.90016580647213,-107.9119927808132,2,-108.96904256888057,-108.87003467546367,-111.00977591203242,0.8850281957169712,-0.5984029523720554,-0.3413170222837629
HDOK,PLOK,17472,8,8,-116,-9,10,2,29,-110.39594907818298,-111.65089583461504,-108.49192541881412,-109.98460641052783,-108.51552827862423,-107.84431730735884,-108.17697683764915,-109.57140905320031,-110.21927717004108,-109.90551229811899,-109.14048953826722,-110.1890803166882,-108.64474040555885,-107.87095906261807,-108.46629410738689,-109.68172798070967,-108.51904638973039,-109.36205101196596,-108.07429255251918,-110.70301098399197,-108.77779675708241,-109.10680748356518,-110.45938038179162,-109.05331000760573,-111.28946661250092,-108.37604293856762,-107.63305293897987,-108.03025607891968,-108.61778453322815,2,-109.19834440582103,-109.05331000760573,-111.65089583461504,1.1181591013359564,-0.5835473461054568,-0.4974762900960399
HDOK,PLOK,17472,8,8,-116,-9,10,2,29,-111.3675630088739,-106.99553174565423,-108.28449573976913,-109.16898753164095,-107.81808873906374,-108.26456707874907,-107.59166042611969,-108.15647919591424,-109.63490109714816,-109.43611451435206,-108.14547342185053,-109.39862089266033,-108.50491531967619,-108.6629808990775,-108.07677542670108,-108.12810904497788,-110.49286609217373,-109.79767844183534,-108.71327409607211,-107.12135621870276,-108.08155259890776,-108.32914088125852,-108.2642282074391,-109.00238234125034,-108.75906074622505,-110.02246130350102,-108.1546171407673,-108.13837346544152,-109.67907328646035,2,-108.69625272076767,-108.32914088125852,-111.3675630088739,0.927848674757127,-0.763260583640007,0.7565073631447405
HDOK,PLOK,17472,8,8,-116,-9,10,2,29,-111.99036099486317,-108.14055384987056,-107.57320151511679,-107.89940748292781,-108.0056741181084,-107.47106219350005,-108.37956181462413,-109.72035665971487,-108.92681546440896,-108.01581581239917,-108.80945952174795,-108.571314383361,-108.53479736269949,-109.76980887918823,-108.25156175159793,-109.65944626843458,-108.49861810628731,-109.88544499596276,-111.21303864422418,-109.88129008894613,-106.93181611746081,-107.39534293179823,-107.77133580022037,-108.68650732358333,-108.92269745742752,-110.55795034067907,-108.3166833525757,-109.12191043183456,-108.16218624403903,2,-108.79531103129659,-108.53479736269949,-111.99036099486317,1.3009633955233626,-0.9846625790578559,0.9713592922997303
HDOK,PLOK,17472,8,8,-116,-9,10,2,29,-112.32875111666145,-109.43359977699717,-107.08598517957321,-109.04218500398157,-109.86773040552374,-109.75135263210066,-108.52008884200751,-108.68364944565239,-110.1621291538332,-108.21533349681604,-110.23390885919264,-109.23578818041582,-107.36637621285432,-110.12576162941399,-108.72148854179946,-109.68719608899927,-108.04169164449134,-110.14129125921562,-109.58429188243255,-108.76322208125949,-108.78689498505692,-109.08758060722867,-107.72672296491285,-109.14429968879985,-109.42272809657956,-108.99234976368203,-111.15165162842952,-111.09249838766608,-109.29460973558669,2,-109.29969507900563,-109.23578818041582,-112.32875111666145,1.2273952456772523,-0.43895866930185384,0.9639651919439545
HDOK,PLOK,17472,8,8,-116,-9,10,2,29,-111.42114906956675,-109.70172508324491,-108.11670861385038,-108.60498553633225,-109.11967414288684,-108.61714345971171,-108.2559145693441,-110.77212791379814,-107.93783650815374,-108.46323510152072,-108.6501023548087,-109.03190360529067,-108.46168462351234,-110.72986587584026,-107.6978752646195,-107.93037749866544,-108.75451587103892,-109.25943013938696,-110.98345679439487,-110.58293317710992,-108.1958747325279,-110.36259667955792,-109.22578740805439,-108.6484007580301,-109.76817872729552,-108.5314388580016,-108.55396224990811,-109.53277908776667,-109.0896418100282,2,-109.13797605221544,-108.75451587103892,-111.42114906956675,0.9931328829440669,-0.781221161047904,-0.3735302212169831
HDOK,PLOK,17472,8,8,-116,-9,10,2,29,-110.66488497588998,-109.95246620683668,-106.53325005895455,-110.25534353656951,-109.98051058968379,-109.2551439264404,-109.76418247561675,-109.04588499641535,-108.65446865645103,-108.2713851464729,-110.21731896628995,-108.52381064682022,-107.87645831281132,-108.04470957968438,-107.95528766460515,-108.74645045573519,-109.79553834598231,-108.649466400697,-109.2261333996973,-108.78738169978561,-108.89963411201349,-110.40826088994403,-108.82625792700509,-109.27786348229874,-109.08575618943192,-109.73134324532577,-110.39026182843574,-109.76902958300914,-108.31877293347145,2,-109.13473297353015,-109.08575618943192,-110.66488497588998,0.8482322913820726,0.552097439507007,0.5546740503150662
HDOK,PLOK,17472,8,8,-116,-9,10,2,29,-110.19042070621397,-107.75582833204946,-108.3948482959304,-108.98348533465605,-106.63456277490329,-109.60705187075088,-111.32347645637306,-110.28758062538074,-107.85323802701973,-108.64703825740433,-109.42422544599697,-107.60294211807634,-108.66404021343826,-109.99447729345958,-108.72906254367808,-108.30769634314092,-109.24365269744047,-109.0729172029751,-109.70975069363601,-107.18463929005385,-107.78638366912097,-109.3730959824961,-108.44262183661279,-108.27174832217338,-109.4887692508289,-109.75532896139345,-109.6322804488175,-110.8482472152612,-108.75567843414615,2,-108.96431340149753,-108.98348533465605,-111.32347645637306,1.122162438596603,-0.008480553161479266,-0.06139382041068586
HDOK,PLOK,17472,8,8,-116,-9,10,2,29,-111.77263248969993,-109.49165418010053,-110.00299848285432,-109.7899216134848,-106.15601952042343,-107.53754587348192,-107.82163610379776,-109.96023526233844,-107.96755544457487,-108.15200174134901,-110.98798391645693,-109.1602623611679,-109.33374212145577,-108.47566485923102,-108.86247981331789,-107.99916011066388,-110.11072649166293,-108.95643283877051,-108.1655570040062,-110.51834221267917,-109.99128188298121,-109.06595233377064,-109.38097680660003,-109.60961771240427,-107.75104995697956,-109.62603579950434,-107.0993641183692,-109.87161993211184,-107.81134025056902,2,-109.01482038740716,-109.1602623611679,-111.77263248969993,1.473724519352828,0.09862295443764747,0.04228806196108925
HDOK,PLOK,17472,8,8,-116,-9,10,2,29,-108.47892967882117,-108.02381914236717,-109.4132304816027,-110.06188693041747,-107.49821799478072,-108.2983882853204,-109.71872392614738,-109.76868035703981,-109.1439712294267,-109.60090100715279,-109.02274935694841,-109.21984401205098,-108.40015203366707,-109.03669298642015,-108.31770393989896,-107.8325095030702,-108.12385217742164,-107.66854832437379,-109.98641372563667,-107.15407855227166,-110.49146806790931,-109.2484402513649,-108.16212026166303,-108.26534458305746,-109.43448164549234,-107.62835347585809,-108.56221704340923,-108.45667897859904,-107.36566634216835,2,-108.70289876877098,-108.47892967882117,-110.49146806790931,0.76259695563245,-0.14996501269074689,-0.8851580707973539
HDOK,PLOK,17472,8,8,-116,-9,10,2,29,-112.01361322177992,-107.938313533734,-106.50574418866564,-107.19221389383164,-107.54607523521842,-108.4416814690209,-110.35547291413879,-108.60972824350294,-108.24674427474146,-109.21211953355763,-108.91389321510376,-109.39862708090124,-109.01026754575969,-110.07729752370484,-107.22357272921869,-109.32171669044007,-109.13960993949756,-108.4905285514107,-109.45097525618041,-108.42823989776538,-108.33464230992568,-109.36642938861587,-109.8859544419991,-108.3506033301865,-110.3750577856627,-110.53917388318891,-109.90851499383598,-109.16651384855487,-110.54804059517899,2,-109.03418501776973,-109.13960993949756,-112.01361322177992,1.3579554549725183,-0.135118421479581,0.4203549999578846
HDOK,PLOK,17472,9,9,-118,-11,10,2,29,-111.07467044525784,-109.93787183065461,-110.3509380756049,-110.74010223598597,-108.58742009593676,-108.86276922647254,-110.4159858009454,-109.00540037958947,-107.83556436523034,-108.76651597407943,-111.27963513021766,-110.58780476385213,-109.07306386963154,-109.51846953825172,-107.59264514929625,-109.52953681532733,-108.622902982926,-108.84350990052998,-109.08428843499776,-108.09337288367408,-110.08325333185546,-110.28545160421226,-108.33021288559914,-108.20953000822364,-108.88723788213544,-109.48547451010913,-108.95575567816627,-110.31797676497966,-111.57518792722925,2,-109.44594994796455,-109.08428843499776,-111.57518792722925,1.0910770921696709,-0.2679127029620538,-0.7957850052814335
HDOK,PLOK,17472,9,9,-118,-11,10,2,29,-110.72865380518417,-110.99359521428474,-108.3797636223478,-110.0803087927735,-110.16555824728893,-108.62623599857096,-110.26624719474107,-110.74950954102842,-110.31282872296414,-110.10672869831143,-110.3098835105651,-110.06897169108876,-110.41654717668479,-109.1990789868573,-108.06097015017936,-108.38883133284249,-106.27787967990764,-108.04494574531643,-107.71377560550117,-108.73716519689187,-109.73601326325516,-110.33144878363456,-109.09505253308704,-108.91410685600405,-108.56214315783451,-110.12226697502469,-110.82675977572106,-109.62266372927358,-110.16242145671679,2,-109.48277087737524,-110.06897169108876,-110.99359521428474,1.238960437643477,0.9126212452211071,0.5557832436001902
HDOK,PLOK,17472,9,9,-118,-11,10,2,29,-110.03195312794735,-110.44709483997667,-110.17987607266927,-109.85338047527078,-110.37708048004602,-107.21014598472755,-109.37965777860678,-109.8504559820252,-108.5327247485252,-109.48726490835831,-109.63087525831018,-107.85194986383404,-108.47127174407089,-109.14316793890548,-108.47542459243445,-109.88901229447879,-108.3460418369216,-109.25667378363643,-109.83250280234672,-108.77404970099968,-109.70343473848652,-110.35249498304759,-109.93141816811806,-108.53446508387795,-109.27767040364877,-108.63944705892835,-109.03779196642623,-108.70289696535104,-109.49395024232005,2,-109.26531633876881,-109.37965777860678,-110.44709483997667,0.6182574531886644,0.5843822069605581,-0.01619522860877476
HDOK,PLOK,17472,9,9,-118,-11,10,2,29,-109.95194151565252,-110.07839571857278,-109.98031444467799,-109.8681574478138,-110.10318892373976,-107.64947502657665,-109.2560649379505,-109.84951215551999,-108.43602056043076,-109.06659526459838,-109.85171811012613,-108.42081437932875,-106.73289103042097,-107.54692616887766,-110.3925876954867,-108.35768012961647,-109.01231885524282,-110.53100635841867,-109.16310583494312,-108.41237841737023,-108.41319084577428,-108.4884570718198,-108.03139446380553,-109.2767740142976,-110.2685404914959,-108.89373050677193,-110.00603891812966,-108.84581308486807,-109.43410258582713,2,-109.11445292959155,-109.16310583494312,-110.53100635841867,0.8758720615369228,0.5451868775241002,-0.20385493288656242
HDOK,PLOK,17472,9,9,-118,-11,10,2,29,-111.4673632628012,-110.35222140216958,-110.77109503410968,-111.04874781616881,-110.51068666565718,-110.2555546163287,-111.4111539606815,-108.11553985050247,-109.12793655862514,-107.75447337768829,-109.01931126647105,-107.66408897375426,-110.65064558237441,-109.11793639100188,-108.11236249483208,-109.34047434005983,-111.88741980580829,-108.39271878394896,-110.56831192292175,-109.45573061809368,-108.47073682830052,-110.83852367490174,-110.03120548900942,-108.56658287127247,-109.11570121388063,-107.72434307020036,-108.27454284173791,-110.78434341860265,-109.51216829261219,2,-109.59799725601786,-109.45573061809368,-111.88741980580829,1.5250932886979298,-0.05066886980171399,-1.2166736427339258
HDOK,PLOK,17472,9,9,-118,-11,10,2,29,-111.04434049888344,-110.9042376135797,-109.87471460551721,-111.49982111369384,-111.17674773707452,-109.96621651862135,-111.65142147069669,-111.48865584034229,-110.0216178619109,-109.52794284068734,-109.55913527437983,-109.20526669546551,-109.64105310218727,-110.68397544031431,-110.80212858177488,-109.28540019878223,-108.18620853414507,-109.5619672414519,-109.24174942817018,-107.61269997332903,-109.86897521595236,-110.25345417481014,-108.15626760465797,-109.98459499748265,-108.95551301237465,-109.31819011450986,-108.31792945262937,-109.9297200058943,-109.58452552221593,2,-109.83808519557016,-109.86897521595236,-111.65142147069669,1.046273339574183,0.11418842336472504,-0.3242426906357734
HDOK,PLOK,17472,9,9,-118,-11,10,2,29,-109.88713908723058,-109.38091179790652,-110.24364256622694,-112.3232178623678,-110.75115902308951,-108.39671842801505,-110.91182202229038,-107.82390378263966,-111.15319172084908,-109.38936459653573,-108.94635566303936,-108.47476772157411,-108.62449702812313,-109.83205252047195,-108.72424287635964,-110.27124400328411,-110.13093360778348,-108.71819992728068,-109.55575517253315,-109.7322486055513,-109.782262374822,-110.70378343095312,-110.97640891044114,-108.1852984799962,-110.23655329101929,-111.69995481236225,-110.25415517587639,-111.94973637849651,-109.43761810716823,2,-109.87921168876855,-109.83205252047195,-112.3232178623678,1.2668387216918138,-0.24547674406686779,-0.44033595331308284
HDOK,PLOK,17472,9,9,-118,-11,10,2,29,-110.11753298357762,-111.66804719602663,-109.89685924951095,-112.10439200384876,-110.1718698362392,-110.4279572997708,-109.79326213901831,-109.37723787287149,-109.47620246154452,-109.31224680710578,-109.02688265744221,-108.42614316211471,-108.3035727823244,-109.07410749156722,-108.54113643064416,-108.48009181836173,-110.58217351219888,-110.7034676606498,-110.01289507624166,-108.7466203978831,-109.12523210371364,-108.63235475030395,-109.15597257523667,-108.06938296283633,-109.88381413529015,-110.90752475793231,-108.72426573250384,-108.87577727793338,-109.82839465841867,2,-109.56708337217623,-109.37723787287149,-112.10439200384876,0.9664327042034129,-0.7569471715960261,0.2578493044877863
HDOK,PLOK,17472,9,9,-118,-11,10,2,29,-111.03452424497448,-111.5176716732006,-110.45774029483393,-109.46574039135604,-109.89997034178188,-109.93505628468286,-111.00919002388355,-109.65235597193863,-108.108311789504,-109.93780144959472,-108.91704096458642,-109.69935742123337,-108.17955053760969,-108.6222834640615,-108.30950306819287,-109.63416505289766,-108.38393798234804,-110.68245146096123,-109.4395470384144,-108.66581409681923,-109.03450683950929,-107.63914062114435,-110.03225789459793,-109.27881664769923,-110.30557100982331,-109.27172530674443,-111.13266952944576,-110.19620406024276,-110.88152282872102,2,-109.63187683761392,-109.65235597193863,-111.5176716732006,1.002146633324095,0.05881890181093184,-0.7584338593992528
HDOK,PLOK,17472,9,9,-118,-11,10,2,29,-109.06409507414857,-110.80125363659762,-110.96165589212096,-111.78707649154701,-110.37448461586744,-108.84131090877317,-109.20122152242135,-109.49199247143926,-109.51847640349776,-108.62121720306607,-109.21062176635449,-108.5971801494334,-110.17931021783436,-109.36834008249085,-108.68532623286515,-109.2265427033446,-107.95310232771655,-108.99838420910824,-108.98414523187414,-110.23349446563444,-109.21852007986651,-109.02996033586125,-108.44473613287462,-109.84766771293147,-109.91117771669542,-110.47554070252995,-108.43530606158045,-108.30943502043651,-110.23614015411742,2,-109.44854191458725,-109.21852007986651,-111.78707649154701,0.7774890491995546,-0.6917694568808039,0.18817393962555995
HDOK,PLOK,17472,9,9,-118,-11,10,2,29,-108.27016630987445,-111.73542352257323,-109.58474362759758,-110.30952756885353,-111.26644141037434,-111.80262044072654,-111.76265810697784,-111.205381982873,-108.17815817362143,-110.32244823596379,-110.4344728804836,-109.92312976929753,-109.66297952010625,-109.68054158376002,-111.39105225407448,-107.33415232994389,-109.29987319094339,-109.94902660438021,-108.99045494296288,-109.96895586742484,-108.5641965479579,-108.19824799228779,-108.79821553075335,-109.67314432172927,-109.6141686964104,-109.09911780167798,-109.17947519108593,-109.92987646670265,-109.2426754421837,2,-109.77142504529662,-109.67314432172927,-111.80262044072654,1.2975709918973362,-0.13026799230368102,-0.3879498572370581
HDOK,PLOK,17472,9,9,-118,-11,10,2,29,-110.25471666317914,-109.19943383125499,-108.5586959082418,-109.73325107080987,-108.17778509451706,-109.24861481421874,-111.80310474110566,-108.86428367283604,-109.0113955566132,-108.65582981605084,-109.59613943267885,-109.94949951871801,-108.2587199314016,-112.17323889997611,-107.9534565459234,-106.82783754331895,-108.76257967512386,-109.9673024524653,-110.41454338894393,-108.78295748169519,-109.9084201732635,-109.09358444497785,-109.3691224007186,-109.20083969217788,-108.21426872926138,-108.74281055626264,-110.01248011944902,-109.12026432471211,-109.56227143257132,2,-109.2902568245678,-109.19943383125499,-112.17323889997611,1.1177530275285583,-0.6544841611395679,1.8337659826925505
HDOK,PLOK,17472,9,9,-118,-11,10,2,29,-109.77615718561196,-111.94485593548364,-111.2416196148466,-110.06606554383801,-110.71461431552567,-109.5735074389863,-110.17891687709567,-109.23645917078967,-111.39750388927172,-110.78352904609753,-109.90375477735726,-108.80402767332086,-108.58251513537047,-110.12410587088338,-109.88748911529676,-108.73529309973439,-108.54194565836636,-109.15756673080132,-108.32411658338016,-109.39465588185863,-108.180970514915,-110.47690169318268,-109.8341064351705,-109.92016200485541,-109.9292133495805,-109.46033932500485,-110.30756253220137,-111.77269555546964,-110.09403965505797,2,-109.87395484859843,-109.90375477735726,-111.94485593548364,0.9307491221771305,-0.27971617645688795,-0.2512035771811414
HDOK,PLOK,17472,9,9,-118,-11,10,2,29,-109.95477781820905,-110.25617186094576,-109.24663310969721,-110.29422683784946,-108.4618249248165,-108.15391774125773,-110.0125070807562,-111.66334706859199,-108.37908000177981,-109.10095089029956,-110.9875170272959,-110.70665080156617,-108.31096275163489,-110.64085458119493,-109.67554956703461,-109.55009393446561,-110.07740305287159,-109.59889882647104,-109.85252510955462,-109.49793584757967,-107.94808041387827,-109.15571234985778,-110.03845256031997,-109.7426748717569,-112.40072210543954,-109.48228712367174,-110.01470892875216,-111.00827819640405,-109.67269256522482,2,-109.78915303273025,-109.7426748717569,-112.40072210543954,1.0014459443972894,-0.3563658109311877,0.5767799062698988
HDOK,PLOK,17472,9,9,-118,-11,10,2,29,-111.39330942013444,-111.26245608625085,-110.86143291472433,-110.0770708814752,-110.04658762852604,-108.86445159497889,-110.6756431686569,-109.49393629070798,-109.46034351194852,-108.38915321530527,-107.35243746186197,-107.0065590459558,-109.76862298567212,-108.63282236624423,-108.46341724834349,-110.0581044401933,-109.69669800025184,-107.69491507244547,-108.37498432329909,-110.09547684199502,-108.88730361133958,-109.70171530119883,-109.67677839583402,-110.45370724904998,-108.82410746354029,-111.02926769431664,-109.65751569662923,-109.98097222932824,-109.83583086445545,2,-109.50743520705736,-109.69669800025184,-111.39330942013444,1.1956615578337546,0.4350797980463047,-0.14696025089258358
HDOK,PLOK,17472,9,9,-118,-11,10,2,29,-109.0517941238209,-113.63695473646416,-110.14315652223664,-111.47222315820744,-110.31406874415505,-110.06158278587083,-109.755403062441,-110.20098070294031,-109.84281038554461,-108.81139941439692,-111.43560107861876,-110.70282347986284,-108.26648941752028,-109.7042859480729,-110.6580557114408,-109.61971486552665,-108.30197258697909,-109.23013861502716,-110.21214631203239,-109.61877507107732,-107.58955006095901,-111.33290026823056,-108.95595714021843,-109.80487898108025,-108.26217061356805,-109.09730928839188,-108.12746205648722,-110.84736778107589,-110.36736889534964,2,-109.84225316577918,-109.80487898108025,-113.63695473646416,1.5184013275452177,-0.7385646679100167,1.7142163651506803
HDOK,PLOK,17472,9,9,-118,-11,10,2,29,-110.68585069485172,-111.76544400060325,-111.31306583169317,-110.98602915248362,-108.95069168700587,-109.284414651948,-110.62240573787413,-108.81715855553614,-108.54619598814992,-109.65885964292858,-108.60629347099133,-108.7020082369545,-111.16330632249688,-111.32020337320026,-111.22526583948785,-109.53155382111021,-109.02032054509716,-109.423384380513,-108.56403204142705,-109.51286025380178,-107.39294164246272,-110.38190626435744,-109.13845435005005,-109.13671703404101,-108.87699339362588,-110.8183338232134,-108.57337688491685,-110.65371809633794,-111.45085694780407,2,-109.79733250568839,-109.51286025380178,-111.76544400060325,1.299523944742836,-0.08054806421662968,-1.090901559533851
HDOK,PLOK,17472,9,9,-118,-11,10,2,29,-109.51547370285977,-110.04434362967574,-110.94746911223787,-110.16611220896894,-111.28013058657743,-110.01569686740396,-108.83421116073836,-110.14219646488014,-109.68519678305452,-109.92348734537936,-110.15321313914588,-107.00861354080031,-109.14713282733824,-108.34920757408956,-109.01508328887529,-110.77987481775212,-109.48116361175539,-109.21040439148088,-109.31076181071725,-110.83378889905005,-109.31791999364599,-110.27130102166639,-108.1764221533755,-111.39043286879404,-110.33166128576046,-109.1625769355122,-108.41937478347259,-109.10339496400157,-111.20016445770439,2,-109.69713138712805,-109.68519678305452,-111.39043286879404,1.0014535045854158,0.4172405816012228,0.36270362818945934
HDOK,PLOK,17472,9,9,-118,-11,10,2,29,-109.77593746473723,-110.09886034535695,-110.42563670771774,-109.44246672152747,-111.67540379333587,-108.72519661526353,-109.81286337686251,-109.52648982334149,-109.54947729260246,-109.90816818179388,-110.7001040724229,-107.36488850913618,-108.11638440460005,-107.55218809285581,-109.54355535520081,-108.30630135146656,-110.60092905077697,-110.00389638433646,-109.06344815365416,-109.59801044655747,-110.7256017748652,-109.0660770269226,-110.88216069243961,-109.0936076590074,-110.08097825347429,-108.26613576452993,-109.78076504672674,-109.51814031911462,-110.02060000474854,2,-109.55945767880606,-109.59801044655747,-111.67540379333587,0.9506559413957174,0.3736808394638017,0.22605580332597563
HDOK,PLOK,17472,9,9,-118,-11,10,2,29,-111.21345624519147,-111.28806128908974,-110.18119321675697,-110.17346320860402,-110.77576979400288,-110.46105566793956,-108.32794730001598,-110.78161178921854,-109.92641020774866,-108.48482010359248,-109.27967778826465,-110.35030189790335,-109.86229551297035,-107.75441489451975,-107.66466130084133,-108.98166616346931,-108.99240010706527,-110.05580053241323,-109.34852392315773,-109.55789528913925,-108.68881160000012,-109.59645714693939,-108.76239682018705,-109.90186454798045,-107.84925382827906,-109.48429809411255,-108.1532298153818,-109.00207541367459,-108.52296817128074,2,-109.4283717817152,-109.48429809411255,-111.28806128908974,0.9991739583340986,-0.01016090776974355,-0.8093464090238318
HDOK,PLOK,17472,10,10,-117,-10,10,2,29,-108.57378777179795,-109.98567591928763,-108.63211071552114,-110.36761701126584,-109.78578900417786,-108.29482859395529,-109.74071249191233,-109.19145970602086,-109.52691618419907,-110.33517358120173,-109.8682861086776,-109.16188567400634,-110.33370466747482,-109.40520185963165,-108.76423780785,-109.0988994381714,-110.19192106145819,-109.64154850971318,-110.77234053195362,-111.03025292411718,-109.11100524940989,-111.68335071137119,-110.88791142382384,-110.49524251812433,-109.58407634625021,-112.47490737295283,-108.49343783114915,-109.69917747268696,-111.46313202118476,2,-109.8825720865292,-109.74071249191233,-112.47490737295283,0.9812177316759214,-0.6317463511166286,0.2461617327961676
HDOK,PLOK,17472,10,10,-117,-10,10,2,29,-108.83142525687833,-108.74549014178676,-107.53376612718229,-110.09096382211068,-109.39113653815546,-108.6989197233481,-109.16145938104056,-107.62122924134502,-109.11632040690068,-110.11099897618281,-109.2758097610203,-108.13088096857209,-108.71647638908651,-109.09391587748469,-110.40513364032657,-109.94948098354654,-110.7463639873817,-111.10971513645468,-109.11377639063731,-108.16972641239826,-112.0315320751677,-110.48825373870635,-110.56958086006651,-111.01817456884251,-109.08272107882856,-110.52893475032128,-109.85546139149436,-109.30198230528069,-110.55891295802604,2,-109.56719113408873,-109.30198230528069,-112.0315320751677,1.140044030196202,-0.11194169785466439,-0.3433417153193692
HDOK,PLOK,17472,10,10,-117,-10,10,2,29,-111.42353916546497,-107.86869649159203,-107.98380041403033,-107.80778095175603,-108.31879922077381,-107.87370055338657,-108.74958697251199,-110.1746843692878,-109.85745048136197,-108.3736252341796,-108.64152139077795,-109.78444019272558,-111.02190352895913,-109.16809001246864,-109.0992463526504,-109.71983183607031,-109.03574133864741,-109.58564234863321,-110.34563194694708,-108.65434755438234,-110.2002099310208,-112.42885814122334,-111.27115088147315,-109.20123561347849,-110.52667989595069,-110.1036384666322,-107.16082468337954,-108.3067249248393,-109.34771753015424,2,-109.380520704302,-109.20123561347849,-112.42885814122334,1.493200922076367,-0.46053446455461955,-0.08268155423280055
HDOK,PLOK,17472,10,10,-117,-10,10,2,29,-109.90396059714845,-108.77541178482728,-108.91615490895724,-108.27784087493694,-110.48492450801652,-110.03066964552862,-108.16451899053105,-109.44882606222622,-110.30810368092675,-110.25086504015249,-109.9552670661695,-109.1099875808661,-110.24869894257402,-110.60044652065015,-110.04138374402386,-109.62334291332728,-110.23679946223972,-109.67938742902214,-110.13395009087367,-109.64467544138824,-110.96477708458559,-111.36544092179669,-110.7832589253123,-108.58533663294563,-109.75661421507107,-111.05140013497699,-109.08365231950306,-110.06539712586986,-110.14778152807818,2,-109.84961635077673,-110.03066964552862,-111.36544092179669,0.6263421999311471,0.3840141018930644,-0.21865131756993694
HDOK,PLOK,17472,10,10,-117,-10,10,2,29,-109.42019319902144,-107.76350314006038,-108.25899846435881,-107.83735771993025,-108.80687028437667,-108.64813161624537,-108.70918781421298,-110.54581041130638,-109.31588108716811,-111.6777974868677,-110.92469328147921,-109.61796604320024,-107.81791376853404,-109.49035820029201,-110.19698583267497,-108.04308125295293,-109.98725639772809,-111.7742103861445,-109.68440943047538,-110.80141988846825,-110.93415227428926,-110.39687413533716,-109.45420839896867,-109.86484191721425,-110.7281235653651,-109.5927561164335,-109.47316392875608,-111.52719062467516,-110.65625560330474,2,-109.72239973344281,-109.61796604320024,-111.7742103861445,1.3163079641145852,0.062496263093883314,-0.7965650910815105
HDOK,PLOK,17472,10,10,-117,-10,10,2,29,-110.19335781648319,-108.24347791415877,-108.75137947108374,-110.10926002450145,-108.29131359726536,-110.18423671586513,-107.96971085671721,-109.24657207985163,-110.29407732817499,-109.84225280665716,-110.29023543184225,-110.018728439163,-109.67667899378972,-109.4817760493427,-110.79563310804645,-109.32887062387668,-109.98628877586077,-109.79327612114774,-109.13725163761256,-109.38043881715626,-109.15639438671504,-109.19320866906389,-110.1814986040931,-107.12545305127082,-108.9494542361744,-108.97890218815729,-109.62161276383344,-109.81349538955052,-111.65420982969754,2,-109.5065188181777,-109.62161276383344,-111.65420982969754,0.7868155174843423,0.38149130556614524,1.2296262631634955
HDOK,PLOK,17472,10,10,-117,-10,10,2,29,-112.26966755310825,-108.10896843731922,-107.5044181339421,-108.87609719269356,-109.60913997613257,-108.93770575946019,-111.1905023497873,-109.97650127117258,-109.55074665272996,-108.72500600048237,-110.5589216082127,-109.3621421872216,-108.77035594842563,-110.36269089494219,-111.19971944762516,-110.09739603024845,-108.65829451442318,-110.44955017627834,-110.65122320679059,-111.07290555988806,-110.79305546016452,-111.74062208669167,-110.29623262627288,-109.07286900508927,-110.33255923456456,-111.90605158094245,-109.37173904027514,-110.99277338110215,-110.173919605742,2,-110.02109568695616,-110.173919605742,-112.26966755310825,1.3062564993109098,0.10842029990178235,-0.44726712927138923
HDOK,PLOK,17472,10,10,-117,-10,10,2,29,-111.6123122750798,-107.96524741820157,-109.24812548891268,-108.29278520542759,-108.19024283473883,-107.84726891383046,-109.33475575524197,-109.10806157440423,-107.97384815302229,-109.37828516988348,-109.72870073637736,-109.3790431107501,-109.17764260000098,-109.83723923313848,-108.92677038633205,-109.85829357085426,-110.61209636387558,-109.81213453761022,-110.7151433158157,-109.36145053697084,-111.00472862757748,-110.87971308918912,-111.6886396582544,-111.93163362819143,-111.47692437369048,-109.15553811146258,-111.96327030176417,-109.32039268092554,-111.0636263426752,2,-109.82220393083446,-109.3790431107501,-111.96327030176417,1.4935663566859467,-0.22388150648428445,-0.9405597095342855
HDOK,PLOK,17472,10,10,-117,-10,10,2,29,-110.270195112057,-108.82524522370122,-108.40363249263642,-109.14713231793114,-111.21146601282771,-107.58051531383818,-108.84154281595312,-107.8911485357896,-110.67081631788962,-111.74706231997952,-108.4817103465691,-110.37184494463057,-110.40642446308448,-109.86290451408829,-108.35807420820703,-110.32188997217311,-110.10469116724575,-110.45864616059845,-109.0241883800676,-109.86326005500995,-109.74968312161013,-110.33677511731781,-109.49329127012268,-110.74333345241057,-110.61900328318285,-110.62273641158771,-108.86648767862691,-109.01670090391605,-110.99058438638335,2,-109.73382711377366,-109.86326005500995,-111.74706231997952,1.065373051311465,0.26546260718236464,-0.7163346776152668
HDOK,PLOK,17472,10,10,-117,-10,10,2,29,-110.23100836116008,-106.9739456116767,-109.58310090617721,-108.51290376282647,-108.95293274797439,-109.04282870298786,-108.64045386242529,-109.4248758477075,-109.54957487784176,-110.38017862449168,-108.76713706241632,-108.50171538144849,-109.40787847430204,-111.20242789825609,-109.79458634890881,-110.42677562681477,-109.10853778843631,-108.93814242185657,-109.60501600124601,-111.92874316611919,-109.45472644591415,-109.73575305431231,-110.50902475165914,-109.55871722284074,-111.62581802383754,-108.91449614601305,-109.36362596814398,-108.05451924241375,-110.1705738610994,2,-109.52965579970027,-109.45472644591415,-111.92874316611919,1.0401608363886827,-0.2262756629974218,0.9888745733806554
HDOK,PLOK,17472,10,10,-117,-10,10,2,29,-110.04368487447418,-106.6392372594756,-108.55467351578592,-109.28881976361788,-110.11044918758388,-107.1614272376562,-109.71236962469197,-107.18463966769673,-109.34988327138497,-112.09878207790219,-110.30014088089273,-108.31790550616762,-107.68030839833229,-109.56453580573672,-110.66590526886459,-107.82938634356813,-111.27549741050491,-110.78863369131027,-110.0124864647406,-109.51082639889883,-110.74548435803582,-111.34315519475818,-110.73321146738465,-110.47846127117312,-109.65242767074008,-110.2068378908469,-108.26519291896979,-110.9792773610103,-109.64601209761439,2,-109.59102251309722,-109.71236962469197,-112.09878207790219,1.8435916269690484,0.5204043159998281,-0.4015394739287217
HDOK,PLOK,17472,10,10,-117,-10,10,2,29,-110.65798582510276,-107.78396464738444,-108.40290932538498,-108.9480702506477,-108.15511277540017,-109.53223499581166,-109.54624204443321,-106.58349339267527,-109.3203461687499,-109.80944500817664,-107.9420044281078,-109.14096364433816,-110.25206132202274,-109.6158236247199,-108.14473295969367,-108.44302047849351,-109.6489258508252,-110.16433228467427,-110.02102550694318,-109.55422566028695,-112.14758881111364,-109.53311761570633,-109.54536271950772,-111.24138875026462,-109.30416132607392,-109.5597144939615,-110.57404562704858,-109.00257252361529,-110.5146330213987,2,-109.41687948560562,-109.54536271950772,-112.14758881111364,1.2201514834899725,0.10816473509907622,0.9939115912296885
HDOK,PLOK,17472,10,10,-117,-10,10,2,29,-110.54418938824625,-107.15403358573536,-109.81205786754103,-108.55562011752498,-108.80085325336404,-108.59822901131915,-109.5884001342243,-108.01619923862206,-110.33726918800346,-109.02300293944444,-109.82024278890572,-109.06742637052571,-108.77509092711591,-108.6511057753696,-111.734858877319,-110.20760139177209,-109.18966813542467,-109.7403432862474,-109.01077348929029,-110.2083867842381,-109.91879693167273,-111.6587292385083,-110.95391596041465,-109.52684773226026,-108.10295302677889,-109.65989775182084,-110.39452126940405,-108.61548704069448,-109.08770763467083,2,-109.47428307367099,-109.52684773226026,-111.734858877319,1.0555239472919078,-0.23662030154246738,0.23615019364628642
HDOK,PLOK,17472,10,10,-117,-10,10,2,29,-110.36621934879442,-106.70224706506991,-109.13234424604714,-108.37543417065456,-108.6984609061859,-107.84829544252412,-108.98083345305632,-109.07057807549164,-110.12011889936242,-109.4091352462852,-108.60242668817752,-109.83551583582675,-108.42653827260133,-110.50770725436998,-110.58535856865818,-111.13841307137847,-111.79209076417425,-108.17164575060107,-111.05509182054207,-110.41597616138358,-109.13014112076972,-108.83919389254002,-109.8953972007922,-108.75003092522621,-110.98346628307823,-108.08400126869007,-111.56222113039252,-111.58465825088358,-109.0717193889275,2,-109.55638829318913,-109.13234424604714,-111.79209076417425,1.5726410294780029,-0.019163932312608357,-0.5850709589382235
HDOK,PLOK,17472,10,10,-117,-10,10,2,29,-111.6594855488526,-108.49360339067624,-109.32166905043212,-109.57805557098881,-108.83757463153563,-107.56205767925235,-109.2352222247408,-109.40408305172568,-110.0996260905214,-110.21621750335125,-110.29883180331974,-109.8253287736178,-111.00550074486381,-108.79691413254119,-110.57966620023053,-108.27082644372003,-110.64700054978937,-110.50360297939275,-110.34686087272942,-109.31275553118014,-107.33044123572752,-109.57251656408283,-110.09446725883626,-109.68588208439391,-111.22306667636315,-109.90190302722009,-111.19118802776903,-111.14471036045732,-111.13335397841936,2,-109.8369797236804,-109.90190302722009,-111.6594855488526,1.147841570291924,0.525594079729732,-0.06856801170860516
HDOK,PLOK,17472,10,10,-117,-10,10,2,29,-109.94338702550115,-107.82407078528406,-109.52887973598467,-108.73335127418794,-109.84415104801084,-107.36509021642578,-107.89937805586501,-108.76155873749359,-110.82995670697395,-109.87502257194456,-111.25418266344319,-111.86460998186814,-110.31668907059878,-109.48701249457416,-110.7521639797201,-109.7003235342386,-111.01203811016192,-110.50623373188107,-110.03742923528587,-109.31261634980143,-108.02774834300443,-108.83119628187892,-109.55973951684383,-111.22549282328278,-112.90198693179369,-109.3691375123199,-108.7293462416041,-109.08783974919483,-110.85237704310835,2,-109.7735520604233,-109.7003235342386,-112.90198693179369,1.5676662292076189,-0.25887229243833076,0.08518115304606289
HDOK,PLOK,17472,10,10,-117,-10,10,2,29,-109.62038434316074,-108.71631266796449,-107.99773815102371,-109.4689148545879,-109.88247908682642,-109.21620436784792,-109.75467502284066,-109.20120286621169,-110.28904354276162,-109.74408778720802,-108.62807224862355,-107.65863619181128,-109.10006730605744,-107.07941026076502,-109.10832024671994,-111.39140567611942,-109.31153322299065,-110.95368701482394,-110.72417535635249,-110.61533705113342,-111.11885938570691,-110.11581436239904,-109.46434008239538,-112.47158564344316,-110.40525125106493,-109.99991269684776,-109.3197237479715,-112.56016304067776,-111.36526215021033,2,-109.83733102160505,-109.74408778720802,-112.56016304067776,1.5592763135170593,-0.15604324304072822,0.32239618245038937
HDOK,PLOK,17472,10,10,-117,-10,10,2,29,-110.10077025469812,-108.54852996702837,-109.30076724732443,-108.34212211382408,-109.88329888393295,-107.25811485229153,-108.10548079368587,-107.12417035146329,-110.66851441005709,-110.83560748202923,-111.25058325519703,-109.2637525274768,-109.67968123861414,-109.55531784634138,-111.10006282384428,-107.96886594500576,-108.2693221592822,-109.8447782524875,-111.4465260717454,-108.89816718189766,-110.30189129278963,-109.216113324495,-108.78940293927155,-110.46789475224448,-110.50300350350787,-109.58535166736115,-109.03998893129207,-110.13387696675316,-108.19720791973108,2,-109.43721258467838,-109.55531784634138,-111.4465260717454,1.3026899043950868,0.17726625010659167,-0.6782470955629085
HDOK,PLOK,17472,10,10,-117,-10,10,2,29,-109.36751009192997,-108.9717896985233,-108.94264531506016,-109.06253591978107,-108.53762392929168,-107.6208917612926,-108.45998265278561,-110.24928551914039,-109.41690162516934,-109.89218801029173,-109.10494075024076,-110.24160531804317,-109.65452964640676,-108.74612835193489,-110.18164578112659,-108.91690157745028,-109.66106392207021,-108.55253991156475,-110.72061821935142,-109.33587056171811,-109.97496242610794,-110.75826704613749,-108.86107486105713,-108.73089376504431,-110.43350211649683,-111.12269502306262,-110.0540816734479,-110.52718952508953,-109.04012318246956,2,-109.48758579938227,-109.36751009192997,-111.12269502306262,0.6719043056457537,-0.05169469886404309,-0.5084439416629234
HDOK,PLOK,17472,10,10,-117,-10,10,2,29,-109.57706927894405,-109.29666332744434,-110.57543597153833,-107.83650855049643,-107.94749666063173,-108.78569908102814,-109.39516253616885,-108.21784566140218,-111.0872434164219,-108.89115524393014,-109.36144464746438,-109.90009161946101,-108.42130502568806,-108.79366270315099,-109.18685946187138,-111.16005997314247,-110.8500189092912,-110.33174098197136,-110.906326995969,-110.627203896216,-110.85954567922356,-109.4944254203013,-110.97182552004837,-110.12318789553046,-111.65493505370328,-108.32113148332222,-109.41971236743825,-110.30312962787688,-109.53402824083989,2,-109.71830742174191,-109.53402824083989,-111.65493505370328,1.0897186071995226,0.05538205466842255,-1.0087066476094515
HDOK,PLOK,17472,11,11,-115,-8,10,2,29,-110.49595019684645,-110.26185618811405,-107.75705087602972,-109.77203776549472,-111.72749242426926,-109.65773124722446,-108.56300220886821,-109.35888893945429,-108.8458680086308,-110.68160940348102,-110.05812956369651,-109.35923581816141,-110.18992815289187,-109.99295490385514,-109.39393027696632,-109.77983083822959,-108.94557315380335,-109.72029281408545,-108.40801317695993,-108.79864184071404,-109.22575291416705,-110.22117883560102,-110.27312741678729,-110.33981210406955,-109.30600916718457,-111.37305046999768,-109.32283763397908,-110.04329971781323,-109.7076862327125,2,-109.70968180310649,-109.72029281408545,-111.72749242426926,0.6935126180538751,-0.11386666123440493,0.6715137852795681
HDOK,PLOK,17472,11,11,-115,-8,10,2,29,-111.2593722660093,-110.9056988075886,-106.80369534451931,-108.70501258179513,-109.290762464164,-107.3749893858769,-110.07830227201822,-108.96434103522002,-110.21821507959484,-109.43566937497305,-108.18964927822717,-108.56904161220197,-109.9996920242633,-108.40727494167864,-107.95068157596087,-109.53161265834915,-108.21964454245366,-108.74175048328507,-110.26515194312735,-109.0555658164637,-108.66812309879059,-110.88615772462734,-111.4015248703025,-110.85688081894891,-108.62995690342616,-109.03580532527185,-110.92976189697697,-109.75060643454515,-109.92590366118073,2,-109.3810635938566,-109.290762464164,-111.4015248703025,1.3455621977899375,0.08198148191928956,-0.5605088004418546
HDOK,PLOK,17472,11,11,-115,-8,10,2,29,-110.97333565690512,-110.5316821766308,-109.9190256854993,-109.4612107720739,-107.81214189016093,-109.98570475241749,-109.03362908337954,-109.84979268766656,-108.57912100054044,-107.88306338558806,-110.04644706352893,-110.445153140371,-108.97588610594445,-109.08357411557803,-108.70434966665547,-109.42319671948161,-108.21693636857701,-110.96143978070668,-108.62637799594594,-110.05074851026271,-108.73607770020084,-109.24371467392506,-109.8431450440332,-109.90682091494493,-108.30633444437782,-109.01150784056277,-109.77878107779921,-112.02594092901833,-110.33322073055086,2,-109.50856413494229,-109.4612107720739,-112.02594092901833,0.9370029838245064,-0.3712127951215618,0.1435373041228063
HDOK,PLOK,17472,11,11,-115,-8,10,2,29,-111.20702754042624,-111.24690928516165,-107.95899257359002,-110.13044223811227,-108.87385831422328,-109.7572364674233,-109.73828265379339,-108.64108407859408,-109.07849659087995,-108.90434132870043,-106.97680162569246,-110.00425906004924,-108.31735362806003,-109.62229314983617,-110.54119336124256,-108.03846785050717,-108.83696112477064,-107.1338408027663,-107.85067282967853,-109.89217903683426,-109.11073148098481,-110.09115617088901,-109.8286848680835,-108.1774430089318,-109.91487482969038,-108.15930799387824,-111.79043193745854,-108.18648829644013,-109.00115138508497,2,-109.2072746038546,-109.07849659087995,-111.79043193745854,1.3707947182831581,-0.20429205975273076,-0.3058375174959225
HDOK,PLOK,17472,11,11,-115,-8,10,2,29,-110.11040127000187,-111.38943098536723,-109.58927641101721,-108.47804044988433,-110.17371497907824,-111.36911922152963,-108.25326930201851,-107.77481031669821,-109.06699392245318,-110.27196429804238,-108.14327331762738,-108.66888242938705,-110.38783811608842,-110.13475562360202,-109.25315045491843,-109.25704002370655,-109.91745631688586,-109.65669339140746,-109.00330155079685,-108.20640779712723,-107.96599178554915,-109.47869981845778,-108.12676512119621,-109.81003862855279,-109.8210328886011,-107.35864280351676,-109.69971942139907,-112.33900133559402,-110.08942853118232,2,-109.44121174178233,-109.58927641101721,-112.33900133559402,1.2961718471853758,-0.3814392927695425,0.1782714057115662
HDOK,PLOK,17472,11,11,-115,-8,10,2,29,-112.78887081722934,-110.187387217186,-108.26051681046629,-107.479200723766,-107.98193767699993,-110.2163368134404,-109.9568126052074,-110.55621184611587,-107.85045626347797,-108.83916017053609,-107.94807089373538,-111.31908352933795,-108.3202253396113,-107.42164410859169,-108.39842324101518,-106.85866333082893,-109.70111749820117,-108.6424733001154,-110.34100592975443,-107.65995609691271,-108.54524602342559,-109.30823050384335,-110.38085656574513,-110.7527813509345,-110.65763484392396,-109.89979607879567,-109.45033052555277,-109.27635514321288,-110.39092326204175,2,-109.28930029344843,-109.30823050384335,-112.78887081722934,1.8292809809361814,-0.33295935889079264,-0.12034856549600281
HDOK,PLOK,17472,11,11,-115,-8,10,2,29,-110.67437818841363,-109.84134194229003,-108.0150210012022,-109.10383181228207,-110.33458375098725,-107.67189268659034,-108.02717879704174,-109.14006603355334,-110.111196224391,-109.86572698934636,-107.89541689431985,-109.64148024438936,-107.65768932799568,-109.95488105965202,-108.09618079349949,-110.0424424430815,-107.87440233757525,-109.30491911528513,-109.29317506770657,-109.56471219785432,-107.64285052327381,-108.06500829526236,-109.64192868089918,-108.77331104455257,-109.25704211998246,-108.3386857282078,-108.24196987774027,-109.29469264760644,-110.42692056169136,2,-109.02734228919567,-109.25704211998246,-110.67437818841363,0.8744814524932681,0.03910822809350299,-1.361284654171676
HDOK,PLOK,17472,11,11,-115,-8,10,2,29,-110.09640521444635,-108.42740937302105,-108.58759387998953,-108.1151181693903,-108.70307206269626,-109.7074364000465,-108.11394886007237,-109.92853525448143,-108.82934374812208,-110.20619169081486,-110.50489770657495,-109.39806504031111,-111.10706562345963,-109.44570607136933,-108.00038901926183,-110.26052469108399,-109.3430723862066,-108.71881730277865,-109.21392261871883,-110.4065740884146,-108.67768950402916,-108.62336347300989,-108.71895474307848,-110.18154976333926,-108.2725920919588,-112.00677656693657,-107.74800268649496,-108.91956901630107,-109.75811977358543,2,-109.31105885586186,-109.21392261871883,-112.00677656693657,0.9898967226964778,-0.6809943113520162,0.23778209623948365
HDOK,PLOK,17472,11,11,-115,-8,10,2,29,-110.43194568854855,-110.80301466185551,-109.84339688696768,-108.90490004122985,-109.91296754394362,-108.19520490347008,-108.692597213,-109.55207949516868,-108.7949621894914,-109.35397402945816,-110.29668054060839,-108.45214994902969,-108.41836978935137,-109.41906778120826,-109.43972752264084,-108.8601266372325,-109.04935450542548,-110.64546748679938,-109.20772513138893,-110.29751205215622,-109.42434571194337,-108.41705646960865,-110.33554435177977,-110.30148035050104,-109.26836306811762,-110.71496941478445,-109.40895584097004,-108.9927166174636,-111.02749037506199,2,-109.53317745686914,-109.41906778120826,-111.02749037506199,0.6296232806832517,-0.20137123211460015,-1.0422657841883294
HDOK,PLOK,17472,11,11,-115,-8,10,2,29,-110.22169757093175,-110.80974738329297,-110.01940608743212,-109.2343185906539,-108.35498576852729,-111.45425101038535,-109.26677236097692,-108.81248396935227,-110.36622615853865,-109.0810436708352,-107.04675040767204,-107.8938324795477,-111.85093775235491,-107.01391743586588,-107.79073911874085,-108.98944243085592,-108.5869660268161,-109.08688271540886,-110.06472365621734,-109.59254010607283,-108.14097152217242,-109.27817230836708,-108.96081868307691,-108.73068179051737,-109.93591924486515,-108.87850542226496,-108.68501617331283,-109.87536579806782,-109.57555065667917,2,-109.22754021723458,-109.08688271540886,-111.85093775235491,1.2411212812391557,-0.21359219312691893,0.3626335927429398
HDOK,PLOK,17472,11,11,-115,-8,10,2,29,-109.45555488345015,-110.41845895480802,-109.985244263716,-107.9438657837451,-109.16979474706766,-110.62236863201113,-109.19672192274743,-108.38593785948422,-108.38172787636515,-108.97937822566726,-109.24109267519643,-110.27206949719486,-110.0920344195458,-107.60707789993432,-107.49544872950129,-109.34357512265761,-109.27975369149523,-107.960738056258,-108.53900988241071,-111.13130795487464,-110.21901299496079,-108.27221779274295,-108.94292338402502,-109.68204595801598,-108.67172337706484,-109.37369150589188,-110.51573732276171,-110.75495444462685,-108.56392319253894,2,-109.25853072588826,-109.24109267519643,-111.13130795487464,0.9389598367547131,-0.051013078764943744,-0.8483501907642217
HDOK,PLOK,17472,11,11,-115,-8,10,2,29,-110.79595362278002,-108.28239034930593,-109.35988731148565,-108.62716593340421,-109.75811823931829,-110.01809720074974,-110.84821051654072,-108.80782470785047,-108.95693573168407,-111.58301015228851,-109.23444543297778,-108.41777104906323,-107.02703595006454,-108.94586748950003,-108.88895047415059,-108.05643214462215,-109.86066679398309,-109.82069212321942,-108.28311814385735,-110.48263719352471,-110.06793633897384,-109.16207658564365,-110.19160498513264,-110.6183711148107,-108.37460775883902,-109.59505647993471,-110.03756882156625,-109.71119089744722,-110.355674625031,2,-109.45411372992238,-109.59505647993471,-111.58301015228851,0.9812482901808381,0.171170827393569,-0.026470001657765696
HDOK,PLOK,17472,11,11,-115,-8,10,2,29,-110.74515572504872,-111.23316259399239,-109.1375203508958,-109.33404092412172,-108.44693285865493,-108.33379659043528,-111.4620637598528,-108.4886281635996,-109.25759427936255,-110.19849051071593,-108.05037483164297,-109.47868329628982,-107.97485450503808,-110.22729462892192,-107.94056691094367,-108.45177300246202,-109.77902957366594,-110.45951172539655,-110.67898903918649,-108.88360281526045,-110.66061634296483,-109.26340722764856,-107.4575598764415,-107.93534036573033,-109.38413485498842,-109.87216247678094,-108.29645826733687,-109.02497885230763,-108.43792215789475,2,-109.2722291899166,-109.25759427936255,-111.4620637598528,1.149300027260244,-0.3441250987209924,-0.8637376522360567
HDOK,PLOK,17472,11,11,-115,-8,10,2,29,-110.15556759435823,-111.36316635106502,-109.49610544895145,-109.20640416545965,-108.78952978386415,-108.84207652650235,-110.37830936154373,-107.83226206634905,-108.55130005575454,-108.97230761046535,-108.811352851059,-107.5436479984799,-107.49477362507858,-108.99708618161,-109.39287224818166,-108.81933859285827,-111.37424528582319,-108.58365890396668,-107.9869189102109,-108.78757845217974,-109.5955741366524,-108.87545228324703,-108.41177537248727,-110.34635340885525,-108.31647027050181,-110.57845588153205,-108.88902814858847,-110.98884219493294,-108.70279890490356,2,-109.17528457294694,-108.87545228324703,-111.37424528582319,1.0650738059420681,-0.6325567573524977,-0.16561454378835627
HDOK,PLOK,17472,11,11,-115,-8,10,2,29,-110.42962960288241,-108.98330968362134,-110.40701539928932,-109.5055527847071,-109.9717321226526,-109.74675307439139,-107.63432611535815,-110.75023779516081,-109.99927619633446,-110.08321516288568,-109.71911774729541,-110.7364194127978,-107.95287868819331,-110.15525387791415,-109.89036982134662,-108.61940383247142,-109.5680220756908,-110.36385252329221,-108.86408681272879,-109.34312435418055,-108.4032571192447,-109.32607800816479,-109.48988777287391,-110.24468992473025,-109.34776478616821,-109.45234077496141,-108.37113612986153,-110.51097732893159,-109.77922982874642,2,-109.57410133644403,-109.71911774729541,-110.75023779516081,0.6346996834754871,0.7087808394262396,-0.008749138981006599
HDOK,PLOK,17472,11,11,-115,-8,10,2,29,-109.65970897398388,-109.20558810568936,-110.74420609705288,-108.06706056120902,-110.0383464979203,-111.44309547810707,-110.96333290966534,-108.47453329307352,-108.03094361192746,-110.12107385419402,-109.39351882421069,-107.27850985500034,-108.26925641235779,-108.87351091638887,-110.00486399545964,-108.70096411832067,-110.76618504161901,-109.98597742429052,-109.83708121185228,-110.60350134313839,-110.49823276386489,-109.59793096117957,-110.8369506572068,-109.06788949227152,-108.52765944333812,-111.92120426020671,-108.2566688970351,-109.04398444253229,-110.62919169380632,2,-109.61520590127247,-109.65970897398388,-111.92120426020671,1.2712178747650071,0.02878592543763418,-0.6955495391258641
HDOK,PLOK,17472,11,11,-115,-8,10,2,29,-113.10084068532989,-110.1970734787434,-109.25065785932081,-108.5438380561346,-109.63891358693061,-109.6832414275081,-108.06703621999254,-109.35666021474388,-109.98829087273705,-111.28750238027288,-109.826539226218,-109.71518847212309,-108.7650454219255,-110.20159571865773,-108.63516608687948,-107.63218252300435,-109.75614358894444,-109.55242087977295,-108.61983858353088,-111.07852774179473,-109.38480389897943,-110.85798192417705,-108.06716984586039,-109.55452932137449,-109.2604796516966,-109.47021512228308,-108.92220146472417,-111.11792219675672,-110.18157612017824,2,-109.64529595071022,-109.55452932137449,-113.10084068532989,1.224863849972572,-0.8983219058575195,2.0017651511919605
HDOK,PLOK,17472,11,11,-115,-8,10,2,29,-108.22831979475072,-109.69056732443369,-110.65339124312908,-110.42650175171548,-108.29445574778468,-107.50037946382032,-108.80758047608666,-109.53704550002148,-112.11833129122952,-108.41658011696374,-108.76544732039817,-107.61432619722511,-109.96603307466731,-109.07551071485544,-107.70234229917041,-108.81133489746283,-109.73101800851072,-107.35725253173536,-109.2306350419984,-109.28916226138625,-110.05522490349834,-108.38334644316471,-106.96990605571358,-109.68345248879876,-109.7124925141268,-109.04597016972059,-108.87384459976293,-111.40294652770888,-111.14033587729634,2,-109.18909429783227,-109.07551071485544,-112.11833129122952,1.4795473466327749,-0.3694064007059837,-0.007649235041800484
HDOK,PLOK,17472,11,11,-115,-8,10,2,29,-112.47830306429864,-110.91988287906813,-110.77307949128675,-108.40584278775935,-109.37227118124483,-110.27872799763672,-110.71558986009981,-110.98764632723197,-108.45553957578859,-107.93449666768429,-108.70678836294923,-108.10935391723866,-111.55755843527703,-108.6555510178936,-108.86595891708187,-110.91394673652385,-107.87626858038686,-109.2926493413643,-107.79695074471059,-108.3770267885878,-109.47565346176746,-109.78651064053247,-110.30975069911985,-109.25198749358097,-108.0243544611139,-110.62785646076776,-109.3188944154369,-109.59157886947332,-108.92702881782218,2,-109.50989820668028,-109.3188944154369,-112.47830306429864,1.4802581255593332,-0.5002567372629332,-0.5062692734252918
HDOK,PLOK,17472,11,11,-115,-8,10,2,29,-112.18404404138714,-110.09820000932814,-109.56309854218036,-109.09078368153038,-110.5073902260879,-108.38096665977514,-109.55767009077107,-108.06317042397109,-107.55132243078266,-109.9576674388707,-108.92341119718317,-108.63045803434449,-109.00838806939494,-109.54562650460628,-110.6306288565257,-107.04518772573815,-107.6209084212699,-108.22567697446173,-107.95771563574206,-109.74324650724817,-109.35151108442916,-108.25648419069846,-108.79252651459373,-109.11306892178351,-108.71389737132675,-109.47977663805717,-109.77446364127262,-109.01460349142232,-110.7618473841634,2,-109.1566807141016,-109.09078368153038,-112.18404404138714,1.1595344831027294,-0.4971777665423382,0.8759385083298983
HDOK,PLOK,17472,12,12,-120,-12,10,2,29,-109.65707178059883,-114.01200041948248,-111.55232136234537,-109.56070443057864,-111.00966494938811,-110.46722296389062,-110.31076145678006,-110.25698774232362,-109.91550877030137,-111.47187236277222,-111.12799393305217,-109.89007936913944,-110.9418964183589,-110.08841513520416,-112.1701673957252,-110.34750572884076,-109.9196401685811,-110.50412637695422,-107.87594812896488,-110.88420283215495,-109.86511287224988,-110.45094526673935,-108.45662098512939,-109.03021282000618,-109.80067611259133,-109.03383315583245,-109.11815964048021,-110.57742003062131,-110.85823430186393,2,-110.31570023830866,-110.31076145678006,-114.01200041948248,1.3251276046952924,-0.8052008565597559,2.740528270616035
HDOK,PLOK,17472,12,12,-120,-12,10,2,29,-109.45983682606067,-111.98322754088869,-109.2781847048203,-110.63267532883252,-112.81882659166617,-110.11603118552,-111.11308948914706,-108.24465886461432,-110.64199215690584,-111.43393954444109,-111.39690937584614,-109.1231979890053,-110.5127219540501,-109.43262586763268,-109.94880415125965,-111.67602853845591,-109.21925130041302,-110.67081392510029,-110.2079996952155,-111.1706079230434,-106.86984772450944,-110.90491621080032,-108.73181131608669,-110.5157704813462,-109.48170727979624,-110.55549287982052,-110.05035332258909,-108.64049098794382,-110.2192304076353,2,-110.17417391598093,-110.2192304076353,-112.81882659166617,1.4679710772184822,0.39785314427220403,0.8265340207549774
HDOK,PLOK,17472,12,12,-120,-12,10,2,29,-111.10467492461167,-111.73737447703104,-111.8778959031257,-112.22463757874931,-110.54096986203453,-111.41279839973772,-112.36879473625974,-112.39886017231846,-110.51265920997466,-110.61452145433479,-109.94073143485595,-110.42598352577774,-110.96602437790108,-110.60527641408169,-111.13514886612374,-109.27763120719302,-110.0477064590779,-111.05385508627144,-110.84949217802304,-110.47630625915201,-109.51017785175404,-109.6043197882036,-107.70548699758945,-110.99898373714835,-109.8493965050485,-108.71976175676774,-108.81430509689555,-109.29896075875774,-109.4223552228156,2,-110.46534793936604,-110.54096986203453,-112.39886017231846,1.2633600154952211,0.27666534693169814,-0.0897306530931603
HDOK,PLOK,17472,12,12,-120,-12,10,2,29,-111.57760584404573,-111.40304689440295,-110.64356154348314,-110.50288534066573,-110.19025182435654,-109.38221768829294,-109.83549745471619,-110.65322997515085,-111.73600513283994,-110.7156940444581,-110.18509583991441,-112.31800751790533,-110.69743818829696,-109.1226470783623,-111.51925593656455,-110.7440577259212,-110.93780895090762,-108.57083035152593,-109.64812356219943,-108.99971874056841,-109.22280606227423,-110.11118587667626,-109.7854339995737,-109.30288221016288,-109.0653935208494,-109.6275174617039,-109.3066010392386,-110.87260942543236,-110.11439962820633,2,-110.23420030547227,-110.18509583991441,-112.31800751790533,0.8592782058295323,-0.2923249886439511,-0.6014820750609515
HDOK,PLOK,17472,12,12,-120,-12,10,2,29,-111.04319244415878,-110.60200325764413,-113.11446359440582,-111.19908476037601,-111.2924542052052,-111.36318653221896,-111.12819834330497,-111.59718281545875,-111.2828582387335,-111.94303685000659,-110.71367890446878,-108.99901714186616,-110.98911226747686,-108.7853627659099,-110.5358043182931,-108.30559096089752,-108.79227429577571,-109.99662467429239,-110.61624316184994,-109.11547699195422,-108.97778313477487,-109.41979376904834,-110.66958498310356,-108.61533332084865,-109.10169693054806,-109.73620697748702,-108.6488281259872,-109.01761173482892,-111.06076475293045,2,-110.229739663926,-110.60200325764413,-113.11446359440582,1.452239466870506,-0.17846305451559816,-0.7214627258065778
HDOK,PLOK,17472,12,12,-120,-12,10,2,29,-110.65797268570944,-110.9183922779453,-110.54404947547752,-112.68910393257379,-110.43408254412672,-110.26075669257727,-111.27067971469224,-109.9745693748077,-114.0128528968248,-110.724701111516,-110.10411560392178,-110.01952206762557,-111.57983477977291,-108.23418420581397,-110.41662730028676,-108.77148824481775,-109.82167389054123,-110.0289602579308,-109.63250169517714,-110.40335657678979,-110.89861760521899,-108.85390213896603,-109.91120890875109,-109.7146974974017,-110.76731803467949,-108.6027652967005,-109.93927532391055,-111.78295424592808,-110.57446607442418,2,-110.39809070534169,-110.40335657678979,-114.0128528968248,1.3313835735600656,-0.9314974202935878,2.4809724764354857
HDOK,PLOK,17472,12,12,-120,-12,10,2,29,-109.21624347151231,-111.29309320410556,-111.57700177954766,-112.02912343535314,-111.96510492541496,-110.61387805460868,-111.11151752951072,-110.93459346807575,-111.42670928472508,-110.23375644553683,-111.81397965499217,-110.55272165098839,-111.37783035172168,-110.92314503840646,-110.33235640456263,-109.68284682737391,-109.85859625413532,-111.07628543282094,-112.42620451085685,-110.0146768707244,-110.73656014276705,-108.79682288003248,-110.77418639796252,-109.17360369233033,-110.42298597595845,-109.47549284967134,-109.56445433151397,-110.78159611343034,-109.40605542960563,2,-110.60660077269812,-110.73656014276705,-112.42620451085685,0.8675801161522332,0.07343040730577642,-0.7517296200769943
HDOK,PLOK,17472,12,12,-120,-12,10,2,29,-111.19670287636889,-112.22484940187233,-112.39406017398787,-111.84434401833249,-112.02408159219937,-110.57114465973392,-110.72146880192415,-111.22471764606627,-111.76877546788421,-112.39736073607571,-109.08706549646548,-110.84703052759274,-111.59772264822381,-111.11347494283582,-111.51113915894226,-110.38948736174606,-108.82597129485318,-110.15755075662024,-111.23652558123986,-111.00429223153246,-108.62294427123227,-110.3411958768239,-110.42218367096682,-110.03073812755714,-110.46909729525777,-110.32724099053759,-107.49705879904303,-110.23762983584868,-110.1648104416679,2,-110.69829878218731,-110.72146880192415,-112.39736073607571,1.2855331233387208,0.82803261520564,0.958411818644707
HDOK,PLOK,17472,12,12,-120,-12,10,2,29,-110.69665630364166,-111.54973433381576,-112.75241639637701,-112.44330069552154,-114.4546501973542,-109.35332422773838,-111.03686024312478,-111.12610399294043,-108.67075024899883,-111.56337845376807,-110.9965564144933,-110.95908864041105,-112.43636353481018,-110.12597665752459,-110.63225525032712,-108.86030139943986,-109.80269015361067,-109.67420624448543,-109.63366932807642,-109.53323330491999,-109.2283742539777,-110.2474256205025,-110.1966330052127,-109.4352959199577,-109.74956571272018,-110.76392976528625,-108.53243135947928,-110.63706001304897,-108.71445999321466,2,-110.47609281602688,-110.2474256205025,-114.4546501973542,1.8140971214277628,-0.939428970061072,1.1510599220247673
HDOK,PLOK,17472,12,12,-120,-12,10,2,29,-110.35841647051643,-112.16339388070236,-114.0068538727452,-112.35119902697164,-111.57825425018274,-110.3699612968711,-110.64456528381116,-111.89016765978448,-110.01559307847432,-110.54069197200062,-108.52585346385322,-110.52786039157313,-110.75744369462964,-110.26150886058645,-109.40272495985556,-109.05738616092903,-111.18013138183785,-110.34257790167003,-109.59769476698979,-108.94426678764827,-110.27494356119962,-107.81895021528072,-109.31266104387295,-109.43701335465373,-110.10724106568357,-109.87965412604241,-109.34895402207637,-110.27781232586031,-107.91403687584767,2,-110.23751075007415,-110.27494356119962,-114.0068538727452,1.6996619966402406,-0.6528166205644497,1.3100901332693051
HDOK,PLOK,17472,12,12,-120,-12,10,2,29,-107.89381531178067,-112.14949814277578,-110.08792914680197,-111.12470016548708,-112.26214309150234,-110.7895735334003,-111.36736211891424,-110.76653510168443,-111.18552061556385,-112.02717925940088,-110.51842330493012,-111.07806276255455,-110.4921092437613,-109.90777481725094,-110.32956443186143,-108.98126917096788,-110.26777058925116,-109.87500133372698,-110.02684247919396,-109.0115894975288,-109.47840449737394,-110.74407111098184,-110.0169542974068,-108.70442872289627,-110.05263331865449,-109.1928397087342,-108.97564654480954,-108.74821274556625,-111.28277184779226,2,-110.2530561004329,-110.26777058925116,-112.26214309150234,1.1551198825810032,0.07716065193137824,-0.41279115127443955
HDOK,PLOK,17472,12,12,-120,-12,10,2,29,-109.26227864757182,-110.84221038874239,-111.88273306825998,-110.21824651690767,-108.50298821080959,-112.57295889692651,-110.33315740281738,-110.42316269240342,-111.4236883094676,-111.35593175003623,-110.1861430821632,-110.65185738875584,-111.50714495103757,-111.08722076166912,-111.31522830351591,-110.94133705675722,-109.1401331778767,-109.40630171077396,-109.88361818076481,-109.09159347460992,-110.52949991710815,-110.20703136572834,-110.50868545233051,-109.8202735649512,-111.18049010978109,-107.81731693270135,-110.31398447168277,-109.40135600126392,-109.77377267144885,2,-110.33035670547805,-110.33315740281738,-112.57295889692651,1.0495631911355172,0.24780823354440262,0.24324397207429937
HDOK,PLOK,17472,12,12,-120,-12,10,2,29,-110.09169255063007,-110.5374971703115,-110.60223913060031,-111.08350031875366,-113.87307720453688,-110.80514278403523,-111.01685519166877,-110.6716960305154,-111.5545283158117,-111.02398136232257,-111.39420401612644,-110.71039689284515,-110.21011907045427,-110.12822821000238,-109.04882938575149,-109.1792424706763,-109.67220299847,-108.52386037207576,-109.76058944619669,-110.74423675284721,-110.14145609367924,-108.60695435566541,-109.92019471196376,-109.04466642391591,-109.81833596956974,-108.9678011354708,-109.87434053283334,-108.72457690584461,-108.53986798899126,2,-110.14725219974365,-110.12822821000238,-113.87307720453688,1.2600695965898965,-1.0075992920982417,2.645208422932321
HDOK,PLOK,17472,12,12,-120,-12,10,2,29,-110.11624545735711,-111.33481151838053,-112.23662977155611,-111.2261639187222,-112.81598059297843,-110.94704985268008,-111.32970215904066,-110.86194723977404,-111.63997451860563,-112.99240762881186,-111.17427549384914,-111.44369034149722,-108.05218828617531,-109.76872881297174,-110.96122306522199,-111.3868897546385,-108.27675632025053,-111.60951173898233,-109.87720471156125,-109.96172043593315,-112.30647835221828,-109.77478441653969,-110.22377558109258,-109.91977886148952,-109.39164834996296,-111.10181544137461,-109.0119809141449,-110.62650241240507,-110.49952671728455,2,-110.71963422984481,-110.94704985268008,-112.99240762881186,1.4009889893711038,0.2877612426866438,0.029374913656522672
HDOK,PLOK,17472,12,12,-120,-12,10,2,29,-109.61252265945626,-112.2855670078032,-110.62953653522185,-113.54930273435816,-111.33162366096214,-113.28502848815323,-111.28627007042503,-111.75350166371442,-110.30680016081331,-110.15580959517806,-112.30994639782729,-111.8679910392029,-110.09465996833666,-112.43711504890581,-111.3691402767995,-110.23194781690864,-111.15013124720775,-112.0457197611146,-110.01782543720832,-109.07476565198407,-110.69428577874322,-109.14192539912086,-110.83305144220432,-107.74959398889487,-111.13566560863373,-110.37346601825298,-109.54569836151983,-109.03261800674514,-109.43079731302956,2,-110.78387265995603,-110.69428577874322,-113.54930273435816,1.755143377546975,-0.04617990225673324,-0.14702859596731077
HDOK,PLOK,17472,12,12,-120,-12,10,2,29,-108.11677880821225,-110.05381423159994,-111.8510066567075,-110.94527930293346,-111.31663754978582,-113.38312986942786,-110.01607977121924,-110.46421609890106,-110.49566706989295,-109.6236956264495,-109.73450511595765,-110.46851653180009,-110.55099441789068,-112.56923475047202,-112.06975581479264,-109.74247454279254,-109.66003507018733,-110.74310592566708,-111.68787660663514,-109.76902542989974,-110.13734299774589,-111.11342446645654,-109.2234740773653,-109.78550912076409,-109.07192275979308,-111.49464056377191,-109.82677027500961,-111.42364858231187,-109.50719515692678,2,-110.51192266177134,-110.46421609890106,-113.38312986942786,1.2575442931448189,-0.4958802302346201,0.3775525762438705
HDOK,PLOK,17472,12,12,-120,-12,10,2,29,-109.76161954281359,-111.83352350374199,-112.36771983847217,-110.46375930316339,-111.64189580718683,-111.89609481342389,-111.72464480944308,-110.8393808015971,-111.10671350040516,-112.21201924737305,-110.9739065665018,-109.04184475322853,-111.48029146481342,-110.96219606072384,-110.22221296638598,-110.30399938935075,-109.13240180173118,-110.46603261063444,-110.70318805611032,-110.37961598165253,-111.22303882695239,-110.13596878263853,-110.76133576578658,-110.58569201419219,-109.9704172030221,-112.16420261083631,-110.77530196583052,-108.81090152240525,-110.96865060996366,2,-110.78995069380623,-110.77530196583052,-112.36771983847217,0.828960401110901,0.30024335241041294,-0.21048652498309162
HDOK,PLOK,17472,12,12,-120,-12,10,2,29,-110.72527873660212,-111.19285948828922,-110.20052193166603,-108.96226229100996,-110.46680551748015,-109.72791421345951,-110.79573262696196,-113.74855500982207,-109.32882428656663,-110.67314787250591,-111.64274745191756,-109.26296970360421,-110.00403824672586,-108.76144767697907,-109.84728275083872,-110.90991318683231,-108.43129480408803,-110.10705309938454,-110.27299639803765,-110.19044118688544,-108.99458408894313,-108.47092569708346,-108.98000042455442,-109.1533739691682,-111.06518749556699,-111.20286461566953,-110.03002001542218,-111.97030530429646,-110.59069493933758,2,-110.19689803550685,-110.19044118688544,-113.74855500982207,1.3086864392395283,-0.8553510759738612,1.6734058202721172
HDOK,PLOK,17472,12,12,-120,-12,10,2,29,-109.83841032721192,-110.89105854730506,-112.80000440780552,-110.73024617341204,-111.66681384746245,-112.0656897287386,-109.34976027098836,-111.8812524275941,-109.90357114137966,-110.65296889710132,-109.34693190832733,-111.1555227321936,-112.09595530435165,-109.36013939147726,-112.05678133748968,-109.97243484451319,-108.79039163984119,-110.40383271401203,-111.08620978718614,-109.48499323393979,-107.49491141011187,-110.01125224899087,-110.11398801781736,-110.96659933497057,-111.31635702227447,-110.99869841166868,-107.44946078106784,-111.1067655565492,-110.19069698164499,2,-110.45454132508367,-110.65296889710132,-112.80000440780552,1.5941702053986972,0.5610566334076745,0.3853424045713383
HDOK,PLOK,17472,12,12,-120,-12,10,2,29,-110.06873154737329,-110.11451631032953,-110.7818478566382,-111.65969226858044,-112.05818360466344,-113.12320037142838,-111.25101210878336,-110.54271359137991,-109.97747506394973,-113.14628007658271,-111.69689142145374,-109.79043894578297,-110.75245580218498,-109.16917927722469,-112.70005509995275,-110.68680744987711,-109.43365840570738,-112.43483585636224,-109.06436039027453,-109.41954098697889,-109.52089160982965,-109.63899695801076,-110.14177901243875,-111.06748415890759,-110.26693356594326,-108.60380606260028,-107.64341928874964,-108.87107893116978,-110.4238192569874,2,-110.48448569931537,-110.26693356594326,-113.14628007658271,1.8026650759097225,-0.3022791775394094,-0.2565634375361068
HDOK,PLOK,17472,13,13,-115,-7,10,2,29,-110.30343327197737,-107.95275018381626,-108.22673867780983,-107.86776408727862,-108.71133452500283,-109.65801760749297,-109.59826587574862,-108.11552589951336,-108.64448454558317,-109.6864246695904,-110.50422964302781,-111.34553093920145,-110.08467466655452,-109.65656088987214,-108.24982794334086,-108.44776485396632,-110.40247158322201,-109.18729115184087,-110.45519311473855,-109.08159692047829,-109.84256802918024,-109.12977260471489,-111.66446339590215,-109.55355452679025,-108.94820896315012,-107.90473676292649,-109.43866568680636,-109.99646040585009,-109.45122643866058,2,-109.38308751255303,-109.45122643866058,-111.66446339590215,0.957355950441634,-0.32389985658678294,-0.2603357191379705
HDOK,PLOK,17472,13,13,-115,-7,10,2,29,-110.34787615545117,-107.30999632823045,-107.54700622203767,-108.26255614184169,-109.87269883021804,-109.00061595424799,-109.82625249990957,-110.6792355772376,-109.47178533574652,-109.48198927875488,-108.13674147597274,-108.99536037846158,-107.56281485357539,-110.5956954187186,-108.25393323680747,-108.96349260028656,-110.76558373526487,-110.64624632158383,-109.83684483207739,-111.14950421286973,-111.92109933558119,-109.29736207552985,-110.73697180420714,-110.16190408353887,-109.61792631650351,-109.47225750739975,-109.81546599151365,-111.21267055349016,-110.75797543317499,2,-109.6448228444908,-109.81546599151365,-111.92109933558119,1.3550487683621744,0.3236931824704959,-0.49955721336341696
HDOK,PLOK,17472,13,13,-115,-7,10,2,29,-110.81623645836545,-108.46064561603617,-106.98164849195614,-109.39855388718092,-109.23936741251458,-110.00408559801275,-109.17418454775337,-109.44961685794601,-108.78616359081005,-110.92294469931412,-108.17161264703651,-107.47321857673663,-108.48176317451754,-110.04582573047348,-108.91540751581444,-110.15012376142292,-109.85677638920521,-108.77133361719224,-109.89802616872696,-109.23516869243073,-108.5509169975116,-110.56017590096148,-108.78725102553278,-110.05879570695825,-107.74256817950796,-109.80526555657062,-111.20995592923823,-109.57486228041105,-110.59958533799747,2,-109.349037253384,-109.39855388718092,-111.20995592923823,1.0514851991626422,0.3043779636546712,-0.2541791859625149
HDOK,PLOK,17472,13,13,-115,-7,10,2,29,-109.41502813274515,-108.68351164398372,-109.57041039556583,-108.99756685179008,-108.3668291286108,-109.6089329849673,-108.61913828181473,-109.99334318886955,-108.85833747130775,-109.1880145375922,-109.62797494198003,-108.73533210501343,-109.5100785884414,-111.19154740499164,-111.41924102019554,-108.79712021837807,-110.3208430807034,-111.4705464791679,-109.6915772206243,-109.3605052307049,-108.66530519170861,-109.06626944385789,-112.19360114869086,-108.86543817855643,-111.19276876627596,-110.93876673602873,-110.45470262121141,-110.72643003337856,-110.8079992629124,2,-109.80472966517478,-109.57041039556583,-112.19360114869086,1.0662293040785316,-0.616865191465796,-0.7194542890541906
HDOK,PLOK,17472,13,13,-115,-7,10,2,29,-108.92319328103694,-108.35259993223208,-108.95031991223547,-110.14035828583924,-109.21834719898477,-108.5527526708463,-109.75752640147985,-108.05436960989364,-109.8840242287009,-108.80960818494418,-109.18352469412386,-110.234832715456,-110.56472202874971,-109.83130712142417,-109.34687817265063,-108.94297766689768,-110.35095210889213,-109.10402875977444,-109.5090843575869,-109.6708599553492,-108.91114414403673,-109.70178461853413,-109.17288409909824,-110.7005737324896,-110.60309529098437,-109.20015593681781,-109.62222948164465,-109.18387865715373,-110.6431374843033,2,-109.48693623214346,-109.34687817265063,-110.7005737324896,0.47948388823430776,-0.11621468452214422,-0.6153480075082598
HDOK,PLOK,17472,13,13,-115,-7,10,2,29,-109.63645168650038,-108.23721583007507,-106.3132559293072,-110.49074292299358,-109.61022133923368,-109.3301940708951,-110.68180536966102,-110.53611554292898,-111.32371152388923,-109.35062415558573,-109.94537275692953,-109.71291348161489,-109.1538495081131,-108.00946662043376,-107.90991399373426,-110.32242995169908,-109.55885559099892,-108.69512166757292,-108.52867104244434,-110.18186948824639,-110.06747668734788,-109.21617162312204,-110.33108532221557,-110.36569492389084,-110.8310308293117,-111.35499706355478,-110.25754226739201,-111.6294165579293,-110.85567254813178,2,-109.7392375964053,-109.94537275692953,-111.6294165579293,1.3379640980919674,0.892602954209465,1.2011554840256555
HDOK,PLOK,17472,13,13,-115,-7,10,2,29,-109.49798821191594,-109.32603113377108,-108.9626651735025,-107.96932546287299,-109.99430675015599,-108.29480973115737,-111.19380138567081,-108.4759072578397,-108.55605630019404,-109.39529798453765,-109.10103515105511,-110.41541791664622,-109.3266232808908,-108.26091990111952,-111.40200210230459,-109.01868271798428,-110.59283002005911,-109.32348503418893,-109.83618726440301,-112.09310051185363,-108.57493213141456,-110.41454239058245,-110.58568595478793,-109.82687828029005,-109.95732689547437,-109.81534869131224,-108.93807864475467,-110.0494983647092,-110.25934234912415,2,-109.63648644808873,-109.49798821191594,-112.09310051185363,0.9514939721087086,-0.4852434384444185,0.03621423159159498
HDOK,PLOK,17472,13,13,-115,-7,10,2,29,-109.74149338284242,-108.07468499825004,-108.34802603290025,-108.12794827323796,-109.1023513906889,-110.15132083169236,-108.29760394901338,-110.35953518930909,-109.77336402266918,-109.66125286388679,-111.3809924180147,-110.2185017688903,-110.73455760359771,-109.59668895573063,-108.51500059655422,-110.2446792039073,-108.04813032156831,-108.47081513235469,-110.38184672805768,-110.34042200283785,-110.42935689864008,-108.88592235077255,-111.35386470091866,-109.21017305472003,-109.35959359802392,-109.4120486599517,-109.52307062506257,-111.12515646885149,-108.37598105623911,2,-109.56015114066152,-109.59668895573063,-111.3809924180147,0.9834482250505011,-0.08471981218557025,-0.9860208051476236
HDOK,PLOK,17472,13,13,-115,-7,10,2,29,-109.05629413396844,-107.03043240490207,-109.71599828952868,-108.87718047257187,-109.26215616674149,-110.09122854062555,-111.44554420282968,-109.37393978542492,-110.10806224344759,-109.33033397828027,-109.17184600923035,-109.61099883131634,-108.97399300765412,-109.51387284430979,-109.42838077158645,-109.30721015539287,-109.53663173094075,-110.38212743642016,-109.19429996902402,-109.69829350902998,-109.63509402961013,-110.01358803102873,-110.22161983697889,-111.14379343840797,-110.50261244292993,-110.72852761712117,-107.74627465209669,-112.7165123909549,-108.56919161854306,2,-109.66848408761713,-109.53663173094075,-112.7165123909549,1.1093564593973126,-0.35410960393984114,2.272023629713274
HDOK,PLOK,17472,13,13,-115,-7,10,2,29,-110.48294850966708,-107.82330681627639,-107.422728780202,-108.9162020018466,-108.70857808926797,-107.92334131243902,-110.80402392435225,-110.06134930023654,-108.34744706347041,-108.65220529579999,-108.60980091785193,-109.84794103450369,-107.43976704610856,-110.55612786288343,-109.71591916103507,-109.6029741443896,-108.82187246285783,-109.10308516395024,-110.49887360635185,-109.30424233005586,-109.10152706952331,-110.66639589541246,-111.05171045247059,-110.63182336183442,-109.93635716120649,-108.7974321582218,-110.09069291379342,-110.46143040386997,-109.52685158843452,2,-109.41058468373494,-109.52685158843452,-111.05171045247059,1.0526446446536661,0.30130458583536934,-0.8755578077356816
HDOK,PLOK,17472,13,13,-115,-7,10,2,29,-108.50351897042353,-108.65841998118832,-108.24524022342673,-110.09253855191643,-109.04099309021424,-110.2845926031962,-107.75815249797385,-111.38570680682976,-109.50303771886242,-110.15279271185346,-110.88247090645889,-108.52956590621237,-109.14894373794651,-110.84333317662396,-109.11035554702792,-109.16137456645566,-110.77331588011559,-108.86052873397168,-110.46495744583373,-110.04216243260042,-110.19131332713474,-111.53481542360844,-109.98014539659057,-111.13512913757907,-109.53206504924863,-107.42983006641427,-108.67725325563825,-109.75083682113161,-109.58991967437753,2,-109.62976929796048,-109.58991967437753,-111.53481542360844,1.0979462945329488,0.09583239462208062,-0.6159368111423693
HDOK,PLOK,17472,13,13,-115,-7,10,2,29,-109.09290885038665,-107.59486107088958,-108.41892522665829,-108.7608622344462,-109.62190092797213,-108.80974913967172,-110.32746132460069,-109.0888974821639,-108.78489402023112,-109.94288604518623,-109.90120305954689,-111.24564434409504,-108.79462322629064,-109.58475187594459,-108.90811107385929,-109.01945784163472,-108.96663858368869,-108.76886550441606,-110.22348545598308,-107.45452397231759,-110.88451346584135,-110.49052178680654,-107.79598238704472,-109.06308974461095,-108.68175906641102,-108.79334351768217,-110.42370152617742,-109.9848031898908,-108.2864962209097,2,-109.23154697121923,-109.01945784163472,-111.24564434409504,0.8626167069088266,-0.21583750796000534,-0.31943935096311993
HDOK,PLOK,17472,13,13,-115,-7,10,2,29,-109.62907545900681,-108.28011372494456,-107.23148786768083,-108.74487262264373,-109.25677531945463,-109.33211221162021,-111.00878834113719,-110.2921209620309,-109.96076116557316,-107.97212173349868,-108.68726356734571,-110.44210560241986,-109.21006074188273,-107.59368926370696,-109.25653832060915,-109.93034772096682,-109.70691758904665,-110.8380672953877,-110.84693400054715,-110.27914166011591,-109.98688965421692,-110.14462149251092,-109.32720707837048,-110.3555814088476,-110.66191204812982,-109.96450462419206,-112.11425212696253,-108.37638195049263,-111.16494855911017,2,-109.67571014180872,-109.93034772096682,-112.11425212696253,1.2233832344327609,0.2652551003047342,-0.031329741386852294
HDOK,PLOK,17472,13,13,-115,-7,10,2,29,-109.79849689382034,-107.21567320972476,-108.43916705939581,-108.61334627451329,-110.44405043244264,-110.61421927062345,-109.18785432541017,-109.41628597602435,-109.25542136236773,-109.54257001310762,-109.71732788889206,-108.56346667756372,-107.63259602753543,-110.02612385475669,-111.42099871435377,-108.93663706504132,-111.1116825014913,-109.1996296993852,-107.44519058227901,-109.1301991322739,-109.542396262391,-110.07129528811659,-109.65224419110564,-109.7928264053359,-109.03658351405882,-107.95366293872902,-109.44931878300788,-110.7363691753051,-107.91513392622177,2,-109.30554370500946,-109.41628597602435,-111.42099871435377,1.077574117300008,0.11938159850445726,-0.24694539644888236
HDOK,PLOK,17472,13,13,-115,-7,10,2,29,-110.02875581061335,-107.08856255289594,-108.79181595976695,-108.89898210918948,-110.57556405156879,-109.98696542819565,-109.15002140807455,-108.54761400590856,-106.91352921248883,-110.05394317528649,-109.45320102501255,-109.8114821330034,-108.88315766401621,-109.5503411433098,-110.05066963573404,-108.82480722837873,-111.64750883806282,-110.4515544597346,-112.0771789659183,-111.56960039229722,-108.7669934962372,-110.62264215093276,-109.35435631990597,-112.22683020530836,-108.95770484801123,-108.80572494090973,-108.47245655956289,-109.30446974317752,-108.49989074449348,2,-109.56435600717226,-109.35435631990597,-112.22683020530836,1.588482050254657,-0.2741232510991108,0.26232359010857254
HDOK,PLOK,17472,13,13,-115,-7,10,2,29,-109.18343491127429,-107.3739870916604,-108.38950518370243,-109.02210623735128,-111.91481100632465,-111.10467730802232,-108.18866403662668,-110.59939825874011,-109.33155545000992,-109.13966195953113,-111.98508298146857,-108.76590890335646,-109.17241662655286,-109.89148055750661,-110.2107321803131,-110.60409616456577,-110.13558697682674,-109.53483196541086,-108.3561354356905,-110.82368760577663,-110.54440160016738,-110.73748957749379,-109.26565256329903,-110.65308477203068,-111.43860716308971,-109.99842663745707,-111.69374897298208,-108.59853642282917,-110.1022256984253,2,-109.88827359477536,-109.99842663745707,-111.98508298146857,1.3575435280145898,0.03844725401038425,-0.618890858793196
HDOK,PLOK,17472,13,13,-115,-7,10,2,29,-110.72838394722059,-108.9633823853298,-109.76133788857645,-109.80174333143553,-111.06670033436166,-107.82958298408171,-108.44131733544778,-109.37887031698162,-108.71772186472212,-111.16672770454592,-110.286339989015,-110.70758868277471,-109.48224969168231,-107.68769183794304,-107.36351741100322,-108.59211777421432,-109.10687204952525,-109.61484815467804,-109.08030641736158,-109.0800535949361,-110.90345017809743,-109.96742009440378,-110.64566163715867,-111.63673305721805,-111.95788115295277,-110.20110809519268,-110.22024297902448,-109.78736292749025,-110.10946225116318,2,-109.7340233127082,-109.78736292749025,-111.95788115295277,1.2751898384565152,0.1747088857247459,-0.3484556287639262
HDOK,PLOK,17472,13,13,-115,-7,10,2,29,-109.51457833083744,-108.88600976906108,-108.11694537415579,-108.12994679188458,-108.38273971413322,-110.363455612411,-109.6363118516488,-109.71321037270974,-108.6756902261212,-108.02104866433797,-110.4124799229919,-109.1569190606938,-109.57264170896514,-109.61913401839543,-109.53594298027676,-108.74903729524588,-109.8730318389766,-111.12440355715191,-109.63449899908645,-112.96714864281127,-110.73690386318836,-108.99916466501539,-111.997981034232,-109.09631387039337,-111.33575196323156,-109.25863486530831,-108.47464206779318,-109.26865353473183,-108.90042561363738,2,-109.59150504170441,-109.51457833083744,-112.96714864281127,1.3199048541737997,-1.1510155506514597,1.426364515031112
HDOK,PLOK,17472,13,13,-115,-7,10,2,29,-110.02171554565763,-108.57938940048678,-109.86200884544623,-109.81766323346635,-108.62884736299357,-111.54409486154434,-111.37358600451135,-107.97161965747229,-108.89018267704752,-108.93364011429458,-110.26260424326686,-109.16381983027298,-110.40361318100106,-107.92869895322818,-108.81321108332355,-108.36873650082526,-111.83985670302414,-107.7568083708422,-110.34955845265944,-110.8896841851843,-109.54589999724551,-109.22853923747053,-110.64254442421503,-109.28705951614933,-110.44542226560657,-111.46498575952442,-108.20448533248046,-109.15947372314028,-110.40876951235201,2,-109.64781099912872,-109.54589999724551,-111.83985670302414,1.3066923902006065,-0.188957931903665,-0.9176259570232297
HDOK,PLOK,17472,13,13,-115,-7,10,2,29,-110.75299521167626,-108.23380686507032,-107.42603666009815,-108.49107797407534,-111.08502208942569,-108.51700329648108,-111.65184408685195,-110.34357378604157,-108.44118889216858,-109.25023736492867,-109.46209704857058,-110.70253246029438,-108.2897837517079,-109.9806014165075,-111.00500771502962,-109.17479728862041,-109.6985526788877,-111.37496409206886,-109.57584124110761,-109.49522207620052,-109.71800062060255,-109.72898375288341,-109.03579776599207,-109.04077435867791,-110.68502260881839,-109.79299971527219,-109.2511859910641,-110.57582826732893,-110.3332397264522,2,-109.69358685527259,-109.6985526788877,-111.65184408685195,1.048774301749834,0.0716988336655778,-0.5190543627449435
HDOK,PLOK,17472,14,14,-114,-7,10,2,29,-114.10521426507361,-108.7962220047321,-110.3925912045929,-107.33209008265241,-109.62967504480585,-108.14417048686862,-109.73322078926924,-108.22472449278438,-108.04840008106945,-108.45130098497,-106.86166296385453,-109.70448446066281,-110.14688532806169,-106.8043014464786,-108.96745647618513,-107.5277168560456,-107.31912292961961,-108.20947427579061,-109.60483136389435,-110.06089100233602,-107.7802032640978,-109.20955936316497,-109.06931648350503,-110.34635107959546,-109.51838122882215,-108.18235813200107,-109.87307574936553,-109.64631540875051,-108.90287155551748,2,-108.98596099326095,-108.96745647618513,-114.10521426507361,2.0029626903115654,-1.3829300455153895,4.53192554307056
HDOK,PLOK,17472,14,14,-114,-7,10,2,29,-114.10910024661332,-109.72290553123071,-109.36020411848757,-110.16938741492984,-109.40192675923657,-110.66344636611613,-107.78981333133926,-108.77846214423423,-108.461358156004,-107.14450088648876,-107.34844563046754,-109.05382053403933,-109.18441665303827,-110.05848768568559,-108.96101365996621,-109.41486030125184,-108.72634431224509,-108.59802095663277,-108.12725465752644,-108.50473924305665,-110.24048181165564,-109.15799142632413,-106.72162320069525,-109.68687153823,-108.27467266160969,-108.44106873118288,-108.50052183254488,-108.13907682080873,-109.71019368244153,2,-109.050034837727,-108.96101365996621,-114.10910024661332,1.7616363324775481,-1.702628953060945,6.259772865431911
HDOK,PLOK,17472,14,14,-114,-7,10,2,29,-112.80987204936692,-109.04236033917641,-107.99743535075689,-107.7664430677829,-111.09849817643443,-109.23596707325949,-110.1259984181887,-107.95733152898849,-109.08004902396685,-108.19736201526568,-107.76494389445038,-108.29300997925132,-108.86688587662331,-109.91252971741498,-107.76750458056542,-109.06310169851433,-109.3679792215701,-108.66797850815115,-110.93615090389349,-107.7340793584782,-108.96839740024923,-109.02000445292518,-109.092904173302,-108.68023758639181,-108.91922461420019,-110.78197543797144,-109.14775892204241,-109.09243371668286,-110.22608410538517,2,-109.15912073073277,-109.04236033917641,-112.80987204936692,1.3309631533401913,-1.23885042668028,2.0544783236537243
HDOK,PLOK,17472,14,14,-114,-7,10,2,29,-112.04975295952102,-108.22198086603686,-109.05951393195352,-109.93607520948532,-109.61164894706643,-108.32191041930086,-109.42928868412321,-109.4561188299424,-108.55949342262721,-107.80232114745463,-105.95311452805393,-107.66714363176331,-106.64427755709944,-108.64598933627252,-110.68495228724076,-106.45019045133527,-109.26171732656374,-108.581481023183,-107.22662876283901,-108.43471944798533,-109.23473270037263,-107.47452672965632,-107.47776792184449,-110.19236126851486,-108.37726178948215,-109.23984047374985,-109.58329635988277,-108.1900150570304,-108.2082372083203,2,-108.61987442340352,-108.55949342262721,-112.04975295952102,1.635291853671618,-0.25882334694396514,0.7456687177537042
HDOK,PLOK,17472,14,14,-114,-7,10,2,29,-110.76828634104149,-109.64831875339685,-108.62419588075197,-109.07644395676698,-109.24815955489107,-110.23665060410316,-109.50895267859153,-108.23743431834855,-107.66814228343875,-105.58549530365748,-107.46826717372518,-111.01344794705297,-107.39023930511257,-108.39343898249699,-108.5686846315493,-108.3409084162139,-106.70600415480862,-108.7433194274616,-108.1947262664798,-110.62126516943233,-108.89177737702632,-107.69276194940765,-109.23943262408294,-108.35508902455207,-107.30904766556208,-108.65235608571692,-109.73551141418214,-108.8093550428988,-108.90836569588886,2,-108.67710613891856,-108.65235608571692,-111.01344794705297,1.4096424721652665,0.21245839733954458,0.5722407204775068
HDOK,PLOK,17472,14,14,-114,-7,10,2,29,-112.53232298119823,-109.12371623148972,-110.5890042190992,-108.59206954042521,-109.15493149090662,-108.30877702702,-109.79248580173824,-106.96752516442673,-108.46583956505697,-108.25609170468178,-107.48397137322185,-107.81811841485431,-106.59642415197057,-109.00504755380916,-106.87189021513237,-107.99916557994547,-108.17929577429862,-108.8660510015722,-109.5441330836574,-106.75396973133967,-106.68103011446003,-108.1843200814284,-110.23358014065377,-108.25162046722662,-108.75162240645874,-109.48168302168085,-110.87532640452957,-108.20673851816812,-109.21894915276727,2,-108.64778279011097,-108.46583956505697,-112.53232298119823,1.770119233584302,-0.7417663649197422,1.1540482380128299
HDOK,PLOK,17472,14,14,-114,-7,10,2,29,-112.68796624649309,-109.86691921098299,-110.77571805095985,-108.4636361873402,-109.00060904741453,-107.73261283634208,-108.28046756203638,-107.45895471966645,-108.31204729176964,-109.89936177006668,-108.77483590397868,-108.03966940526576,-109.23065598363259,-108.7066840511762,-107.95144229680501,-107.84261981602316,-107.92561888743515,-107.92267484989854,-108.56316015895686,-108.5625349053533,-107.29035775893124,-107.4566932448259,-107.11064439051873,-108.03686683630679,-108.1325136146469,-108.50505140610497,-108.9287183360755,-108.28504732899009,-111.13449057495241,2,-108.6509852645845,-108.31204729176964,-112.68796624649309,1.4538615486749877,-1.7017640229716713,3.3690798204285026
HDOK,PLOK,17472,14,14,-114,-7,10,2,29,-113.55621436273988,-109.0862882746736,-110.02200280203755,-109.0776921122653,-109.22622223791555,-107.7824349468229,-108.48393443159321,-107.90375640697019,-109.87369226664771,-108.10110665869627,-109.41593889987371,-107.45770114908588,-109.0057791363235,-108.72594328303285,-108.30587805483898,-106.72110733196327,-108.73528956833054,-110.45080995361506,-107.16920728711592,-108.19648172985015,-109.15394525000538,-111.00153097422375,-106.88503489634687,-109.13553935439836,-108.57317083546948,-108.89646637942779,-109.50469635494478,-108.79681798313933,-108.40583495253162,2,-108.88450061637518,-108.79681798313933,-113.55621436273988,1.7186490539119652,-1.4318570126781363,4.461236167012856
HDOK,PLOK,17472,14,14,-114,-7,10,2,29,-111.94939887989769,-107.69725351959401,-109.81249183347379,-107.37495911798456,-107.87694472066673,-109.88192659412157,-109.20454181876467,-107.27899459874118,-106.76262974064994,-108.95593837359135,-106.36620638345298,-108.57804343957774,-109.40180153453811,-108.29581912743278,-107.88310593196128,-107.64000554670159,-109.29859331024382,-109.69384767416558,-109.3004639602175,-109.76293000016325,-108.36805012215856,-108.20365401713208,-108.92937201593956,-108.37590349656783,-111.79476965532186,-109.88942951518159,-109.39793696200974,-107.6556006141735,-109.2546319488898,2,-108.78914636045911,-108.92937201593956,-111.94939887989769,1.6079594406555484,-0.5339443820940014,0.7087129276158097
HDOK,PLOK,17472,14,14,-114,-7,10,2,29,-110.89955420378723,-107.75163235775584,-108.81983979232771,-107.0871883076774,-106.87092735560192,-108.40280093542897,-106.31203200119394,-110.54975138276694,-107.43036661554248,-110.07622856315405,-109.42498976739931,-107.25234166344762,-108.21776656662196,-109.37935927974343,-109.9035385283728,-108.14745506579126,-108.26491145292412,-106.77781728661435,-108.64261931789225,-108.25139136448759,-107.56700144872457,-109.63052903016334,-110.36663472044444,-109.29122901887979,-109.8558019968868,-109.01332737738218,-107.33953737658793,-110.87313245681838,-110.04217153623772,2,-108.70489230243643,-108.64261931789225,-110.89955420378723,1.6779146815433212,0.0036787672137447085,-1.0869190661884867
HDOK,PLOK,17472,14,14,-114,-7,10,2,29,-113.09654857140274,-107.26138597458898,-109.58396780309684,-107.3019120651226,-108.65225395452495,-107.18282509050762,-108.72377446338668,-107.31032298978003,-107.92854123452516,-108.88236473433916,-108.63814976644073,-108.5832731744384,-108.80831800443282,-107.10433090237863,-108.21771031637216,-108.76678714017726,-109.31527592955058,-108.78547587398144,-109.66479777437638,-110.46154235600996,-109.01150980163875,-109.08900130182407,-109.64664731136375,-108.24841598922917,-110.28394324550304,-110.05290236579924,-108.43986863153934,-108.09243006025237,-108.53612814266363,2,-108.81622086100847,-108.72377446338668,-113.09654857140274,1.447976471996742,-1.422826045617372,4.216373093438946
HDOK,PLOK,17472,14,14,-114,-7,10,2,29,-112.14387292377351,-108.06614546101801,-108.76510422222556,-108.32758272641541,-109.6743218749743,-108.32893845088404,-108.62499963494128,-106.17275957064925,-109.03949643823671,-109.09950276053486,-109.14216294802537,-108.95625811013544,-108.60028504316395,-110.86964142189498,-108.32589163622144,-107.35765879167663,-107.31873858644815,-107.28850251152743,-109.72320478868862,-109.71371021234695,-105.7364184183178,-107.32393489756707,-109.81462413911231,-109.1098784162656,-108.41724573263623,-110.66771135562774,-110.31452246217302,-108.78182770816707,-109.70065834647362,2,-108.80708964103871,-108.78182770816707,-112.14387292377351,1.806040140333892,0.020263514074504812,0.6961666730225704
HDOK,PLOK,17472,14,14,-114,-7,10,2,29,-112.18011330244141,-108.52073261206996,-109.06185436496894,-108.4071430732386,-109.03647228981393,-109.41654893326373,-108.13305354415733,-110.60542420313865,-106.64874626618017,-106.42975448045293,-107.60921415274551,-110.222121725913,-108.45107792360253,-108.90273290977812,-108.36373408468408,-109.2239288027286,-107.04409623891388,-106.89455393620275,-108.21808812740746,-108.31192494204697,-109.69113877831806,-108.188642209986,-109.43502314122371,-109.87551495278598,-108.33944251825703,-108.72869532821636,-109.08523851204535,-108.40063686572593,-108.68109935660331,2,-108.69333612334171,-108.52073261206996,-112.18011330244141,1.3867610896322191,-0.5427524202394176,1.660609367894701
HDOK,PLOK,17472,14,14,-114,-7,10,2,29,-110.76996850532437,-109.25711272646298,-107.97841091963409,-109.51060136301625,-107.31943187244266,-109.93148155320482,-109.00892040317507,-107.26914199561739,-107.95526709766965,-108.46622350760917,-107.95142098636616,-107.58404776366396,-110.7546472286397,-107.39838268223113,-107.74804396305602,-108.56755443251615,-108.55054043806415,-107.73675576245252,-111.67892563316158,-110.28661845046604,-109.09542326162824,-109.46388139601237,-107.42668160639447,-109.21893907992526,-109.76063940221877,-108.66198299577732,-109.67170905073809,-109.14575262068428,-110.10878521836774,2,-108.90611351436276,-109.00892040317507,-111.67892563316158,1.3305789802639818,-0.42443938532129993,-0.4725652632092334
HDOK,PLOK,17472,14,14,-114,-7,10,2,29,-112.69056725390278,-107.8953724226929,-109.14204741562125,-107.74426056605532,-108.09085754381648,-107.29467975163845,-106.55411149330672,-109.25826413453034,-106.60589688210884,-106.05363081474287,-108.07840212558135,-107.61175948549057,-108.33863213627892,-108.3385609582158,-108.85139315437279,-107.4499247640824,-111.48960241686612,-108.36584087060567,-108.97272278095016,-107.7055775947392,-108.35399770294819,-107.64917951578958,-106.92167692206642,-108.31108336140579,-108.9097951207463,-108.36102769123609,-107.4710591024818,-109.3840547886808,-109.37758181162111,2,-108.31970898560604,-108.31108336140579,-112.69056725390278,1.780898819237942,-1.3984890439655293,3.4350135652466247
HDOK,PLOK,17472,14,14,-114,-7,10,2,29,-111.08553857222483,-109.38662560865762,-111.12980620934428,-107.45161661276715,-106.99792154332214,-107.83565676803394,-109.36452992090247,-109.23006194057515,-106.97071978142637,-108.096204621403,-108.93973500644223,-109.26778493293367,-105.96103457234068,-108.49480766129119,-107.44354292610628,-108.43820903316761,-110.27810059837032,-108.47282179315154,-108.09285274337651,-109.46947038764803,-109.57883978993623,-109.981709666864,-109.4316161964977,-107.60434178163483,-109.43509088964241,-109.19940318413424,-108.6505705210605,-107.67254682990321,-107.4939736878613,2,-108.67086668210412,-108.6505705210605,-111.12980620934428,1.4430628795816847,-0.016051157323690654,-0.13554152674195485
HDOK,PLOK,17472,14,14,-114,-7,10,2,29,-111.9116478818761,-109.81657146703621,-107.40020853465725,-108.0833773748701,-109.65575338715128,-108.88927482824955,-109.21381339767271,-106.30757153655722,-109.77124443426133,-109.36706971081374,-107.5783251781155,-108.95309500762066,-108.6006738766856,-107.49720961312488,-108.59818555950318,-107.89654281037683,-109.81225669414074,-108.57380331827576,-107.72660004020281,-108.62763360223552,-108.5024839646498,-108.01130167553183,-108.67268288445908,-108.01089800295344,-111.18739328460659,-108.65870822187146,-108.33103431099154,-109.10544921721254,-107.990796451588,2,-108.71557262990659,-108.6006738766856,-111.9116478818761,1.2336325468972054,-0.8087358384697945,1.793793232443853
HDOK,PLOK,17472,14,14,-114,-7,10,2,29,-114.76544170558672,-107.84035644702175,-106.84247739126312,-109.73444093603622,-110.67521398558135,-108.74751118941519,-108.04156200454904,-109.63570737405274,-109.03713123567184,-108.62034478571067,-109.75884196297368,-109.76668942728031,-108.2547772803788,-108.87340510951124,-108.16730764880468,-108.18968914641495,-109.52612149186521,-109.3065052689039,-108.45610414052749,-109.00698155268653,-110.6233214205295,-109.15949641269235,-109.65774362731963,-107.37030394994176,-107.69771434199073,-109.49219651992233,-109.47591689483706,-108.92249406691427,-108.93876954530336,2,-109.12360575392024,-109.00698155268653,-114.76544170558672,1.9086174471631667,-2.228972037997546,8.79083189277447
HDOK,PLOK,17472,14,14,-114,-7,10,2,29,-112.56817301046715,-107.34535882530656,-106.73980686290601,-107.9706519629721,-108.79693030177918,-108.77050675863556,-108.03168473815413,-108.17052006356023,-108.44181077282157,-106.35326938909002,-106.97443958593789,-108.45039308723247,-108.9484263873777,-107.01762002456361,-108.11883456212722,-107.05897800372774,-108.75620155504615,-108.99219342628915,-109.16599774838217,-109.33138531954914,-110.17778670025251,-108.24708289206927,-109.28675566511197,-110.64628692359202,-109.51776312441527,-109.19699417704274,-109.05654567722051,-110.14116087707117,-108.78293820855473,2,-108.65712057349158,-108.77050675863556,-112.56817301046715,1.6120338471298992,-0.7180401182413249,1.8559927363269844
HDOK,PLOK,17472,14,14,-114,-7,10,2,29,-111.93161057126507,-105.55912407219597,-108.13595696773014,-108.4274217668492,-109.06453004308051,-109.73874450557005,-110.22934253895673,-110.15752409072536,-109.00133938348539,-109.52583205434149,-108.43364932244685,-108.22592305979194,-109.23327942321635,-106.64543924864253,-107.32062321387706,-106.50171702310658,-107.87916481682595,-110.55321652977217,-110.04268073787111,-108.34469464174524,-107.96593188881344,-108.41779727203696,-109.36290175606008,-109.66976386182756,-110.34964662292712,-109.95666643754173,-109.68042153202227,-110.08034602625824,-109.71632329335625,2,-108.9707452655979,-109.23327942321635,-111.93161057126507,1.820519401911433,0.507972629127117,0.49923863432765625
HDOK,PLOK,17472,15,15,-113,-6,10,2,29,-109.32844503687417,-110.90164976566119,-109.50331404476033,-106.66419415975898,-110.36874562977872,-109.78024318947271,-107.98584425987859,-110.34847438010569,-109.71229357067001,-107.4333002796073,-111.01713044112057,-109.13671837241922,-111.75426447629525,-108.34109126112978,-108.90923458992634,-109.0654778320722,-109.09208838507945,-109.54497630723871,-108.8451441932636,-109.0226876920074,-109.81584178503591,-108.63823807804229,-109.4527579169505,-110.47403017813835,-111.25394330928934,-110.54817024071161,-108.28524699512485,-109.58113703941342,-108.1280826844345,2,-109.41147469290554,-109.4527579169505,-111.75426447629525,1.2939575305157351,0.1479838320498099,0.11095163901701
HDOK,PLOK,17472,15,15,-113,-6,10,2,29,-109.88059686529742,-109.20443760973944,-110.53180200342757,-109.15989264619027,-108.60439955935036,-110.65419218919406,-109.83630594830298,-110.2704114619712,-109.52972596103278,-108.22797857210485,-108.5149716746017,-109.664831060532,-109.43211147056353,-109.06905179886641,-109.51982029952717,-110.76962748519497,-110.81497374477246,-110.61436162913238,-111.20136453588509,-108.45922879888612,-107.82421985981583,-108.41406905539779,-110.19081882142366,-110.15884647303331,-109.22533690394265,-108.5568828144757,-110.01883957674296,-108.12499142407509,-109.28469619609093,2,-109.50892367033005,-109.51982029952717,-111.20136453588509,0.8168564310134259,0.025623847007031693,-0.9769629535376727
HDOK,PLOK,17472,15,15,-113,-6,10,2,29,-109.21079971256194,-107.6241243777243,-109.2841966894456,-106.94351610569582,-110.71547853814235,-108.4863576390669,-108.5169634851124,-109.06990328416792,-108.31110157945646,-107.25964435440095,-110.53970294967004,-110.13014362491481,-108.25369288032746,-108.37586503435224,-108.44313198540497,-109.54251303974488,-108.94443211342848,-111.11281193601417,-108.55847588896691,-110.73398084644026,-107.94017532799957,-110.62659258721288,-110.4143596630577,-109.30787626165275,-108.45972183338759,-111.3397689199614,-108.04209490316725,-109.73931949777028,-109.47213247324387,2,-109.15168543215492,-109.06990328416792,-111.3397689199614,1.3349560562543155,-0.17575631010311624,-0.7989079566069335
HDOK,PLOK,17472,15,15,-113,-6,10,2,29,-109.99685857488025,-106.45194275331691,-109.0094946140977,-109.17326943449689,-108.64777132683444,-108.26562507713092,-109.96532079890467,-111.01681440751229,-110.80246559979406,-111.27114686389366,-109.64058046577533,-109.56871426906838,-109.52401612413125,-108.93704757092841,-109.09246949553827,-110.71470344087157,-108.16957876280004,-109.96442742815809,-110.7865403013446,-110.07859675930672,-109.17985996293758,-107.24417107714198,-109.51757162984704,-108.62622918022119,-109.5932238357347,-108.5979163071362,-110.57145492737892,-109.31880040975916,-109.54342824784906,2,-109.42310481540655,-109.52401612413125,-111.27114686389366,1.145981158021497,0.6491763328894847,0.9303864657144483
HDOK,PLOK,17472,15,15,-113,-6,10,2,29,-110.25702270351988,-109.48940153881529,-107.97319506099878,-107.6545128849455,-109.14471828126861,-109.56570053623024,-109.31670878598746,-107.75501359311484,-110.04241536937165,-109.91555279842322,-110.07346330971056,-111.33245147033966,-108.7571547501742,-108.7938430210436,-109.84973742500321,-111.13828698366771,-110.29573677701298,-109.34035936694261,-111.98608158669677,-110.25011509221407,-107.46975266632859,-108.27804570577726,-108.63163163605925,-110.77542700371086,-108.49543861318351,-109.59187298028942,-107.43872292615961,-108.25991217807332,-109.10214474130073,2,-109.3439455098746,-109.34035936694261,-111.98608158669677,1.3511658111316311,-0.22485186453551817,-0.4337432779006263
HDOK,PLOK,17472,15,15,-113,-6,10,2,29,-111.01447351796571,-109.08919549579406,-107.80877446764516,-109.7964061297172,-109.15522366260697,-109.47743074827522,-109.2178881375472,-108.28745732813633,-110.90911494149756,-109.06732166664627,-111.16102313389788,-109.27021286341974,-111.4809578920729,-110.75393848899323,-109.31016249840962,-110.79912743827923,-109.56700318242453,-108.63923306125668,-109.14339737948654,-109.08591304265525,-109.282727497695,-109.67730239943587,-107.9287834552217,-107.35015764836405,-109.78275687871005,-109.12287043662458,-109.28932856129691,-110.10935061905191,-107.48194981847575,2,-109.41584422040009,-109.282727497695,-111.4809578920729,1.1035483007183822,-0.045712884239315965,-0.23644451783064424
HDOK,PLOK,17472,15,15,-113,-6,10,2,29,-110.08158925087069,-109.99510032847142,-109.19864538313934,-107.03245951435068,-109.60645305419403,-109.33426267311864,-108.85883985598224,-108.93926289335138,-109.86457801883617,-108.59428259135849,-110.09836571599482,-109.68246883243181,-110.02739903400885,-108.74038535686769,-110.80362777606989,-110.45866638557929,-108.60705806693224,-109.48769844129339,-110.01733429525596,-109.46289224186093,-109.95051777224786,-108.3758963421016,-109.96593978950592,-109.46426146663552,-110.20826305623837,-109.01116909652583,-108.48752784439621,-108.88083728063361,-109.22230072975984,2,-109.39510631337973,-109.46426146663552,-110.80362777606989,0.5863461131576503,0.8366123279166939,1.5624711413493189
HDOK,PLOK,17472,15,15,-113,-6,10,2,29,-108.90372395686656,-110.60257180616924,-108.08390002201637,-108.40361608577744,-110.2163638191428,-108.7593947710196,-110.37481371093796,-108.46784584958456,-108.92561225745908,-107.95459171983029,-108.44721554037915,-109.25953707959808,-109.64202158204033,-109.42220556271657,-108.35127677613987,-109.60107979477863,-110.12689116096536,-108.36354025032756,-111.69024240642347,-110.27523507369702,-110.04257532592453,-108.72551180138078,-109.62038768833122,-109.98427977596279,-108.55845829143482,-109.06941049511838,-110.43893530245178,-109.98398623713,-108.20525869064687,2,-109.3276028563535,-109.25953707959808,-111.69024240642347,0.8323944226686986,-0.47824030151517816,-0.322034672871756
HDOK,PLOK,17472,15,15,-113,-6,10,2,29,-109.85174961415986,-109.83821386113932,-109.06059030411163,-110.16750935211005,-109.0416375540585,-109.1423965520837,-108.87439020614185,-108.74129984880872,-109.88137073474459,-109.73490969772585,-109.33268882197217,-108.20009409353676,-109.4948692627437,-109.84751880497458,-110.19230198500311,-109.88668870231483,-110.02212376742855,-108.16935323815532,-109.38982591326072,-110.28433023076488,-108.6216346419858,-111.51174347770598,-110.08480927613755,-108.14337037869825,-109.53893773912411,-109.78423162999755,-107.74916802764581,-109.46985480646258,-110.91222570569798,2,-109.48171855961014,-109.53893773912411,-111.51174347770598,0.6777475993704092,0.01595964229019919,0.3635924307794829
HDOK,PLOK,17472,15,15,-113,-6,10,2,29,-111.22777505061717,-108.08960059524738,-109.16414680731779,-109.40967181281702,-110.57364037452713,-108.38071097253922,-109.1610389320079,-109.92661274137838,-110.15576494124376,-109.96224783139039,-109.84231389698267,-108.96955517763185,-109.43092843867781,-110.66245236911293,-108.64488757429181,-112.05596702137825,-110.71845625129147,-108.04975131437973,-109.28762950691907,-107.4791894903323,-111.22411026988837,-109.32303209461371,-107.32799380373598,-108.41556564539144,-110.46417024419566,-109.0555003338021,-110.06999755811637,-110.11262662363846,-110.88626890600091,2,-109.58867608894712,-109.43092843867781,-112.05596702137825,1.296397473111644,0.04776243637080793,-0.38649223914208664
HDOK,PLOK,17472,15,15,-113,-6,10,2,29,-110.11563652421025,-109.45962959562625,-110.28461989644693,-107.25301626892278,-110.23865300010046,-109.08684498305364,-109.45486674936937,-110.17465685160604,-110.04709586576669,-109.37851455505789,-109.52367511616559,-109.82823003251615,-108.3263693938581,-108.29724968789165,-111.17808402535104,-108.57881474749088,-110.26165910925965,-109.94288445704726,-109.73455384636226,-109.13582302473377,-110.85442454123083,-108.29877186905003,-109.623388937874,-108.77685925825267,-109.828170436273,-109.84911605861566,-109.21247826603631,-109.14160609524949,-109.26033137175723,2,-109.48779395052333,-109.52367511616559,-111.17808402535104,0.6690667951309199,0.5074667890910631,0.8037638832056051
HDOK,PLOK,17472,15,15,-113,-6,10,2,29,-110.02700990909804,-109.37670417949191,-109.33658823210828,-108.46867230189609,-108.91705934144697,-109.77208017628531,-111.42784508403464,-108.25568947776225,-110.69402348171243,-108.15970024048495,-109.08686271682406,-108.43762506569988,-111.22817442365032,-107.28172692290954,-109.07490052513388,-108.56631361502352,-110.47273344914632,-110.09989372300747,-109.91815400821397,-108.83900028816984,-109.6704038776463,-111.04082934403414,-109.36205958866074,-110.46654132518907,-109.25452072087737,-109.81689688075852,-109.55251980296221,-109.00746186039697,-110.90255522188419,2,-109.53498433739685,-109.37670417949191,-111.42784508403464,0.9708699009513423,-0.025423373450789873,-0.3112418765239222
HDOK,PLOK,17472,15,15,-113,-6,10,2,29,-110.7813271604187,-108.95712713584031,-109.79933767355517,-108.54448970795251,-109.14363651603836,-110.41402811443149,-109.85463589071115,-107.39117442049482,-109.35772501664587,-108.2811383513519,-108.520369473934,-110.57039607991845,-110.67054741881762,-110.72373747093447,-110.55308087721659,-109.74898919505678,-111.82081344850931,-109.8045779090723,-109.34392729419956,-109.60170531866976,-109.28610491085723,-109.69610490270959,-109.30902000754175,-108.99664711311576,-108.8010598211474,-110.52451231075196,-108.96640665221013,-110.49758288170555,-108.54189599060214,2,-109.60352065739347,-109.60170531866976,-111.82081344850931,0.8771502826250183,-0.03222712943274605,0.09946767653058242
HDOK,PLOK,17472,15,15,-113,-6,10,2,29,-110.89904424591703,-108.58004941673892,-109.42741666142652,-109.61604897351745,-108.93921903911283,-109.59640321623753,-110.65756670313027,-109.65831608994871,-110.3382692719344,-108.47805802941194,-107.09424206744353,-109.37316400506654,-108.9995244591438,-110.17818259316779,-108.23786119281459,-110.37181447301393,-111.24320520269397,-109.0531371175402,-108.52066647179022,-109.57121152375485,-108.65553087541531,-106.844294969683,-110.95419883348538,-108.73173595303219,-109.95485012923182,-110.45206646614739,-110.71412061144075,-109.51265538478624,-109.34907254020858,2,-109.44834229369776,-109.51265538478624,-111.24320520269397,1.1148911117299467,0.522720050005123,0.27467501448945786
HDOK,PLOK,17472,15,15,-113,-6,10,2,29,-110.27441936645461,-107.73661118225701,-110.07767915150181,-107.92185952548161,-107.79906182936287,-110.28936396763068,-109.20253753120039,-110.75061004048887,-109.03896777198737,-109.0450105571092,-110.2008000215275,-110.65976815889547,-110.79506752907977,-109.35803872731579,-110.19698517349207,-109.68930867927153,-110.54235720782204,-108.81469802823275,-108.05202977287188,-110.58425180840378,-109.90758747175127,-109.53804105489014,-108.23290512153199,-109.86619625035117,-109.56907584988298,-110.43513128408257,-107.7341349116543,-110.41281560396494,-109.08162103677058,2,-109.51058395225058,-109.68930867927153,-110.79506752907977,0.9625912635601731,0.5697373182016306,-0.929395323838663
HDOK,PLOK,17472,15,15,-113,-6,10,2,29,-111.22452323008831,-107.88430403679085,-108.46137487121744,-110.03932222130469,-108.11574075355304,-109.31671563418651,-108.42532777570685,-108.87030437752793,-109.30073777094394,-109.72402428771865,-108.53292343962462,-108.36506161276733,-110.3008256080808,-108.70801327250395,-110.44226576037542,-109.39290649376719,-111.26709628615775,-109.69949913944616,-108.27300894154506,-109.6385226251017,-108.66345295949301,-109.2556027900245,-107.91434433847117,-111.16075055364016,-107.98075867200922,-108.60988482041813,-109.26723991089233,-110.32624089839464,-109.61913569886539,2,-109.268272716573,-109.26723991089233,-111.26709628615775,0.9637813282085126,-0.5421202431578006,-0.5499694026529109
HDOK,PLOK,17472,15,15,-113,-6,10,2,29,-110.94054823552207,-109.01013689828686,-108.75576344915349,-108.17575315040119,-109.34030824966818,-111.5194976834748,-108.28731707463474,-108.43780849854619,-109.40589799287922,-108.2582353150671,-109.12478261852738,-110.49234435409709,-108.89399528720008,-109.12561438716858,-110.0345564031597,-109.73015015552107,-110.41279198451748,-110.47347873765007,-109.5019022250277,-108.2859970661508,-109.04504221520094,-108.41349694820438,-108.88609017211098,-110.54465131570701,-109.08089682220756,-109.0725674340926,-109.35632901603131,-108.31863058881476,-107.88401486240983,2,-109.26926203935976,-109.08089682220756,-111.5194976834748,0.8206987833540316,-0.7107291184389956,-0.1340675332769803
HDOK,PLOK,17472,15,15,-113,-6,10,2,29,-110.33554382015525,-108.78303244997146,-108.74879690618094,-109.50140896569059,-110.42193767735063,-109.92940255883222,-109.74594337434544,-109.3370491454354,-108.97045109735879,-109.9753721181626,-109.61175076302735,-110.2349686871878,-109.86376052649555,-109.36861194392269,-108.67078847653589,-109.71130058048502,-110.29060639161726,-109.73393461781866,-109.25233582567868,-110.53431245001033,-110.07074071697761,-108.6389076385834,-110.00079043987532,-109.37162161675228,-109.49287687891865,-111.81104915949106,-107.87294539976209,-109.8003452264011,-109.25397044824506,2,-109.632226065561,-109.71130058048502,-111.81104915949106,0.5384899600219787,-0.3280822657725225,1.9174265009041185
HDOK,PLOK,17472,15,15,-113,-6,10,2,29,-111.94537244730398,-107.97957512181071,-107.43604653293703,-109.06741554652224,-109.94936409701832,-109.71950723107878,-109.19951790090519,-109.33249919127333,-109.65196159741208,-110.02410374138972,-109.3835905199999,-108.13092751967324,-110.19020083639502,-110.73470484176495,-109.3768543725321,-110.29473361292725,-109.2009397709018,-109.21711445842824,-108.17796183500106,-109.07756029748322,-109.70116988598214,-109.37668141201618,-110.46454541989371,-109.73615974559537,-108.81956935924424,-108.48086967129743,-109.56897787249274,-108.40585963954751,-107.97069223751018,2,-109.33153367987371,-109.37668141201618,-111.94537244730398,0.8723139126490878,-0.3457769336398943,0.9294769137530952
HDOK,PLOK,17472,15,15,-113,-6,10,2,29,-109.75650252431693,-109.54946534393451,-108.4878009612793,-110.03868129749176,-108.19708957494893,-107.94521662233613,-109.39539027725151,-109.62148362939479,-109.48363233297219,-109.00618729168112,-109.61680829387238,-110.33270631945499,-107.53288570064194,-109.26024762728775,-108.73760487464936,-108.14785260707646,-109.53571485877731,-109.80817449286423,-110.58148173280745,-109.96873321860859,-109.32744169962945,-107.58430103478983,-109.5031548394611,-109.59632484220468,-109.10543662337749,-111.0955593114666,-109.54355602774781,-108.90041493427152,-106.97020835547544,2,-109.19413990517488,-109.48363233297219,-111.0955593114666,0.8536422823567696,0.5266365997157433,0.24150606664018293
HDOK,PLOK,17472,16,16,-116,-9,10,2,29,-110.3689424349753,-109.28872488861886,-108.6175721705304,-108.16939576746313,-107.84343124165409,-108.62329204755122,-109.6611224562753,-106.81674812328949,-107.6223782794808,-109.64319241460238,-111.6846660227803,-111.35065017750266,-110.85897460602693,-110.52152300127412,-109.51894836600985,-109.1906622102673,-109.69223352539319,-109.8901670805999,-108.32601629759513,-108.12542049705989,-109.00378864467011,-109.40723473089346,-110.93505567035564,-107.73511727416903,-109.44953575569903,-109.31409952719832,-110.33190647574493,-110.1083752698642,-109.34257616014028,2,-109.36006038336846,-109.40723473089346,-111.6846660227803,1.3192971143560352,0.07487710729656002,-0.27849533235582014
HDOK,PLOK,17472,16,16,-116,-9,10,2,29,-111.26102485321208,-109.85014902368529,-109.80907195532178,-107.69615440582126,-110.00741687820282,-110.03142973419924,-108.66219508928133,-107.96914567974288,-108.2609188581203,-109.60141488782642,-108.68965648408513,-109.70787164022707,-109.40463070917147,-110.74454994197765,-109.53476576970834,-109.94890582394906,-110.59747665593181,-111.0624990810828,-110.01714463998772,-110.39025714295991,-109.07404350591997,-109.75225184552936,-109.95708270265938,-109.86705492577151,-109.98312349768732,-107.56336010526631,-109.99419640078202,-108.40023361316328,-109.84588076877647,2,-109.57530712482932,-109.84588076877647,-111.26102485321208,0.856971204890628,0.5743183335994624,-0.07026738593286241
HDOK,PLOK,17472,16,16,-116,-9,10,2,29,-108.53746605602447,-108.67752881153635,-107.73129856294355,-108.97469613742204,-108.89236726585887,-107.62668718270264,-108.7059435437643,-110.18854756574358,-109.75554384515841,-108.78931855014096,-108.523365200792,-110.19525973023808,-109.80250088581494,-108.9811367820429,-109.49402018545088,-109.3703603911917,-109.94769413944152,-108.26897414300483,-111.87710397513283,-108.10483219003353,-111.20643162127058,-109.87745280446502,-110.58029260428101,-110.00185225906154,-109.2350100416474,-110.35235269266916,-109.03955782027603,-111.2715207821993,-109.31589497023961,2,-109.42500037036373,-109.31589497023961,-111.87710397513283,1.0406720385139658,-0.44766057135117576,-0.03419455741005262
HDOK,PLOK,17472,16,16,-116,-9,10,2,29,-109.3369313657038,-110.53662330291671,-109.72539821438325,-107.0473177488507,-109.70231270293226,-106.50241634415845,-110.83521266948536,-109.07163116604585,-108.68998261109303,-109.37373505087918,-108.42632877406926,-109.02307876064832,-109.44197006342756,-109.0015225589057,-106.89340450896303,-108.71273539985008,-108.39508075632243,-108.96704804728944,-108.36435380309743,-110.37034496856462,-111.00851253932463,-110.4910294919627,-110.23517297599675,-109.38307914844238,-108.34563816904128,-110.96260437313487,-108.4918625839371,-108.80897259226083,-109.23820943719824,2,-109.1511210389271,-109.07163116604585,-111.00851253932463,1.2671374598296437,0.4095894540982201,0.19360964380413526
HDOK,PLOK,17472,16,16,-116,-9,10,2,29,-110.48442340764127,-106.9126108444595,-109.10744817153173,-110.08252789074385,-108.6486341786655,-110.16458486360975,-111.32840351878917,-109.96728711874619,-110.61361171605385,-107.73335680145543,-108.00917720216627,-106.86165711110351,-109.91277118467569,-110.47479553934264,-110.09587308764822,-108.54981610014555,-107.87758471298567,-111.3985807009061,-106.67845611026236,-111.14180106218886,-110.37862381047111,-110.60028473508522,-109.53333436097047,-110.06394099440034,-109.82402096371015,-108.93625023039985,-108.94947459180833,-108.75367104175972,-110.42453324277423,2,-109.4312943205,-109.91277118467569,-111.3985807009061,1.724278313820556,0.6219735926323647,-0.48727256998910784
HDOK,PLOK,17472,16,16,-116,-9,10,2,29,-111.00146058949167,-109.68185141596996,-108.25752373846795,-106.9650449120572,-109.22396920402686,-109.83444905717327,-108.66728485135152,-107.62359057768322,-108.6380694687401,-108.71630052666616,-109.53423778121429,-110.10829666384875,-108.877554636987,-109.25498539309547,-107.94979677865103,-108.92982051390948,-110.70586816973746,-109.06857087550382,-111.30828143493606,-109.60810744146583,-111.05212143778498,-108.52697879668516,-110.66680716147117,-109.8070565803046,-109.95498885216149,-110.59903780831236,-109.651536471312,-108.84274982610344,-110.3924383147971,2,-109.42926825103135,-109.53423778121429,-111.30828143493606,1.0971785315942832,0.20301187489579597,-0.2753987161922127
HDOK,PLOK,17472,16,16,-116,-9,10,2,29,-109.38808153451384,-110.58557472416975,-107.51129703577492,-110.54308870613336,-107.40910986876779,-106.94130282351055,-109.84342594838762,-108.7800795445443,-108.9906478714119,-108.17226912112565,-107.90433171328775,-109.26625798078757,-107.99609792441981,-109.95729321823696,-110.19227966185322,-109.52968160950178,-108.57270124805937,-109.51220229235781,-109.07404188293845,-110.14225343913849,-108.97526218394349,-109.35113163931914,-109.6337727326287,-109.81444715581789,-109.94404366014344,-109.65274475228719,-109.56555739497979,-110.73383726722948,-109.92910727076784,2,-109.2383421450358,-109.51220229235781,-110.73383726722948,0.9371406802060164,0.722972598429941,-0.1190443891355164
HDOK,PLOK,17472,16,16,-116,-9,10,2,29,-112.15821659316691,-110.77439570893912,-109.70350193403723,-109.7844263929433,-110.21998710414006,-108.96865893178474,-109.34618003458988,-110.49573332333395,-106.94123952198687,-108.78508542981882,-109.63459466797178,-110.95278532817868,-109.7643135945551,-108.29614409763981,-109.34684236328084,-110.57669993757956,-109.79703094099104,-110.66934617937171,-109.8407469787301,-108.32813308501194,-109.07852680941217,-108.41789820623929,-109.75145861316913,-110.49191051694983,-109.60186576927269,-107.84201833641903,-109.70815225759006,-109.97749184659042,-110.20961162265826,2,-109.63665503883975,-109.75145861316913,-112.15821659316691,1.063812495918006,0.31634616172521657,1.0503604410977005
HDOK,PLOK,17472,16,16,-116,-9,10,2,29,-111.44681597427866,-110.05558293093253,-107.06401077376361,-107.6566340008345,-107.2995099301393,-108.85729172196329,-110.22851050225816,-108.73413000853498,-109.2389330488883,-108.74348940209448,-109.66811013612798,-110.63228795066256,-109.59965934443842,-109.69101650304005,-110.40083813774667,-109.32624179388633,-110.78014530954606,-111.003906370844,-108.88966563747941,-111.02503711154232,-109.97249359321138,-109.57426485502984,-109.08706457918247,-109.26872877247729,-108.30663034678923,-107.8471366966446,-109.03279357922635,-111.09508551049895,-109.6447462051224,2,-109.45416416300635,-109.57426485502984,-111.44681597427866,1.2611191681543703,0.2773895977010158,-0.3642188463179825
HDOK,PLOK,17472,16,16,-116,-9,10,2,29,-110.62981431017174,-107.38774434442739,-108.99658027305016,-107.18271873630756,-107.25367297358295,-108.5947117485583,-109.46416371088777,-110.17878072929383,-109.5932114497646,-108.46971980219301,-110.25184235585544,-109.85825532666239,-107.97839337258146,-108.87947422486793,-110.61013954107469,-108.51670939868774,-108.51874532452912,-110.13293498503613,-109.68166719425749,-110.20020913874166,-108.62051873433934,-110.2296952321177,-108.74468301291078,-108.7755714431806,-110.08198930570066,-110.25662988398813,-108.82328076146995,-108.10994864064118,-110.19068620352361,2,-109.17974110891043,-108.99658027305016,-110.62981431017174,1.015321205508546,0.3742938035630982,-0.8797889240389267
HDOK,PLOK,17472,16,16,-116,-9,10,2,29,-110.84949583959562,-109.79017593568908,-107.47685129496574,-106.9122379862845,-109.17459661117235,-108.72491201735043,-108.42374138806565,-107.91782030506961,-108.19551132765295,-108.05157607900789,-110.64673300138436,-108.30777376564743,-109.15005550083497,-110.8268217082885,-111.21005060683162,-111.52092782618774,-110.17545219038142,-109.85266293633137,-110.49532335191894,-109.06110869149447,-108.31277190732669,-109.749848119514,-108.47393466967816,-109.26002445429737,-108.50626392644507,-109.31026485692364,-109.98738520922801,-110.34514788734911,-110.79475399937908,2,-109.36221459980332,-109.26002445429737,-111.52092782618774,1.3771728304764408,0.03930053648727723,-0.8383365365505071
HDOK,PLOK,17472,16,16,-116,-9,10,2,29,-109.93830700968559,-107.43094834916884,-109.61926963429528,-110.04691552098431,-107.58700936784706,-106.98395183106683,-110.21315725348254,-107.91269070006129,-109.72773443657617,-109.50108893690587,-110.43433867600775,-109.616866286302,-109.4547934466819,-109.98203932348109,-109.35432322331556,-109.25272538142016,-108.69038100917165,-108.0906501300137,-110.64249858444539,-111.04415228028802,-109.66262985740468,-108.14075752222134,-109.00907819812645,-108.09275991474168,-110.17310631241625,-108.8808785741877,-109.00700518745415,-109.41829965667625,-109.53517609847177,2,-109.22219078285865,-109.4547934466819,-111.04415228028802,0.9770980465464914,0.5137380745874334,-0.30461956142517455
HDOK,PLOK,17472,16,16,-116,-9,10,2,29,-109.91848463824832,-106.82495533307997,-107.11058931243876,-106.79677657830266,-109.33364221923658,-111.41111820578458,-110.18360713915989,-108.11805020560423,-109.50230028048892,-108.83907708393434,-110.57453087584767,-109.69467023461233,-108.66521105552,-110.54216219598706,-109.2986576928272,-109.36924434844822,-110.38758978211396,-109.48597640816995,-108.83986795412793,-109.7179576418572,-109.84665279172734,-108.92661442424273,-110.53040493272772,-110.88383500990578,-108.45848939693053,-111.29386385894942,-107.37805278953957,-110.09436994526054,-109.87157315069601,2,-109.3758043270955,-109.50230028048892,-111.41111820578458,1.4972806853608092,0.6099566881809149,-0.11058950960755709
HDOK,PLOK,17472,16,16,-116,-9,10,2,29,-109.07769149528374,-109.20181673144644,-107.39438738150811,-107.93955102641037,-109.35218400219873,-109.86241736385388,-108.7371798517968,-108.42966545964167,-109.03017941706791,-111.1705978785187,-110.25553822720272,-109.62173876433583,-108.82992496605645,-108.93579948526215,-109.65652330559827,-109.2146165236563,-107.13339431675732,-111.13390905168251,-110.94437210491662,-109.90752227417812,-109.28433152139618,-109.49531676442882,-110.12564570941747,-111.1777561304497,-109.32100806669308,-110.94993867549142,-110.35912023021938,-109.88634299677031,-110.22962554076123,2,-109.53993431941383,-109.49531676442882,-111.1777561304497,1.0610529887683375,0.3593036775288711,0.07353269605641755
HDOK,PLOK,17472,16,16,-116,-9,10,2,29,-109.80355799050278,-110.1765413377714,-107.38148266088773,-107.79164225910132,-110.11807671106087,-107.98871106493044,-109.48375624996534,-110.36166332192788,-108.7785893035558,-110.3369300400586,-110.04178400503191,-109.40618936867205,-109.49822528381576,-108.12867600718293,-108.60867245023218,-110.88320279722497,-110.27762649079018,-110.68099030356682,-109.2236184360101,-109.71063617072969,-108.5629610874114,-109.30852217226649,-112.11779424962235,-109.64004592469611,-109.59352129276752,-107.80774432657188,-110.32539360250189,-108.56049700204355,-108.52126277277554,2,-109.41787292012678,-109.49822528381576,-112.11779424962235,1.1235435708425068,-0.12859464598928275,0.047161827118118005
HDOK,PLOK,17472,16,16,-116,-9,10,2,29,-110.6329091305976,-109.68379952914151,-110.2040668714345,-108.2428265790233,-110.21827431102385,-106.25070346388142,-109.17987968956277,-110.29940716520184,-109.84232822661325,-109.578003848743,-108.82149702524794,-108.46567488215489,-110.98408653266604,-109.77041560953911,-110.25367015537873,-108.64260967139685,-109.10167405414333,-110.35704202571249,-108.44112159274076,-110.37109157675137,-109.26022739122477,-108.46997384213394,-111.1424615818227,-108.53897640138277,-108.66431889793321,-110.36776014784904,-109.57286888679262,-108.543144681019,-111.32807557749547,2,-109.49065135684856,-109.578003848743,-111.32807557749547,1.160881232992964,0.6751054802977702,1.164707744005098
HDOK,PLOK,17472,16,16,-116,-9,10,2,29,-110.53208703290346,-109.1961450222405,-108.03970253404874,-110.12607710763515,-108.63379023560945,-108.87218073307417,-108.47934657620273,-110.98839477312677,-111.52718678781103,-110.79712199691048,-109.26896340208359,-110.20434983322569,-108.06363438809883,-108.64191906425549,-108.52701751099958,-108.972734620365,-111.4970700829984,-110.06238526717301,-108.83507717168303,-108.43358707732494,-108.64608439979274,-110.69488243308122,-110.59971192919986,-109.63713475262719,-109.60870039679256,-108.16341036705307,-109.3830588895609,-109.4373363256823,-109.2713338565297,2,-109.48760084717549,-109.2713338565297,-111.52718678781103,1.0200650047395587,-0.4761244591436052,-0.8260649821500112
HDOK,PLOK,17472,16,16,-116,-9,10,2,29,-108.406102168277,-110.17114061811323,-110.30987053351721,-110.95791869531838,-107.55753851225602,-108.98334660127836,-109.97604788677688,-109.30189727008627,-109.30563070970206,-108.0582532136649,-108.24578814538545,-109.3587852533614,-110.64954140364266,-110.79838333793978,-109.20299346782262,-109.26940262425629,-109.83924120368472,-109.54655702989133,-109.85322157826188,-110.26674428995244,-109.6413943451076,-109.30927017559806,-108.32286340498601,-110.45915832709379,-109.90705957085034,-111.55359035118465,-108.50718127667697,-108.03410274293097,-109.85347213199941,2,-109.50505161619367,-109.54655702989133,-111.55359035118465,0.9112429325895037,0.08493159767817413,-0.421837982269206
HDOK,PLOK,17472,16,16,-116,-9,10,2,29,-108.57286409937659,-107.44025389967378,-109.51967368824303,-109.23667388827434,-109.49324339429185,-106.76211763985054,-108.54116805275716,-108.85021437845907,-110.89069705148277,-111.40456444597544,-110.33868192009884,-108.8930623783183,-108.20944599975894,-110.80232131238859,-111.4228358847216,-109.99666554998599,-109.18893313191816,-109.41279007916094,-107.4204405507962,-109.46214205624726,-109.07715836787582,-108.52503926442256,-110.76163830218516,-108.17618604484551,-111.1431529407712,-111.47867351399078,-108.83941813897142,-108.93894020217543,-109.06900221039281,2,-109.37475856508308,-109.18893313191816,-111.47867351399078,1.5154918522440832,-0.07593656903308209,-0.4963135269060981
HDOK,PLOK,17472,16,16,-116,-9,10,2,29,-110.95715324872371,-109.5681636092284,-108.86011939717474,-108.30017150157441,-110.83721381595758,-107.07923984920474,-109.50497397630922,-108.55853790016783,-108.52630332712245,-109.77999916551761,-109.36604646488234,-109.59278965360393,-108.33545159848538,-110.3756007362877,-109.8583389751882,-110.20070456026106,-110.86798477993142,-109.63385687896427,-108.36408062800676,-111.05308324402245,-107.52814910065901,-108.45598985733332,-111.2507643445088,-111.07162722133499,-110.11047073795645,-108.83581100073083,-110.04216474278287,-110.95659575146279,-112.94803344162912,2,-109.68342825893146,-109.63385687896427,-112.94803344162912,1.6053280933305383,-0.19184166957039084,0.1787024229521772
HDOK,PLOK,17472,17,17,-114,-7,10,2,29,-109.35571805161817,-109.30350252470606,-109.10072901228628,-108.78134059990083,-111.53807005081237,-109.83490143798946,-111.31436755458597,-107.26332646514079,-108.95822937844355,-107.19022545039685,-109.26844068567024,-107.84973704704353,-109.78658821419522,-109.07894954640095,-109.98528499357782,-109.11374874822525,-109.48639918307352,-108.35286016206376,-109.38237960842604,-109.39411021232513,-110.51042911828229,-110.89438819310718,-107.94351754011261,-110.78492121029399,-108.82011356285496,-109.87636681047942,-107.42394068386425,-110.71056863854592,-109.81649992965401,2,-109.34895360738197,-109.35571805161817,-111.53807005081237,1.260122543454177,0.11074732565660103,-0.2840275665047671
HDOK,PLOK,17472,17,17,-114,-7,10,2,29,-106.75381071452944,-108.74685843915114,-109.98198427107901,-109.20168179246284,-109.2858375394121,-110.12999824879908,-108.82360370001948,-109.3796140485129,-108.17420033529886,-107.82245635981282,-108.05937826460652,-109.60407213371535,-110.37197002442363,-108.55255565637194,-110.60983617145288,-110.48915160033108,-109.0718553671544,-108.55962591146077,-110.43153638135857,-107.6794075507406,-109.43398146551009,-109.78074644975233,-111.7177443549198,-108.97314600194821,-108.59600720055415,-108.62872346070436,-110.0163179626436,-110.16882519552982,-109.54752722825411,2,-109.2618087527762,-109.2858375394121,-111.7177443549198,1.070598513961497,0.09049349438921085,0.3164389297347219
HDOK,PLOK,17472,17,17,-114,-7,10,2,29,-109.37482694921924,-107.00415485259148,-108.92449600167149,-109.03715661990644,-110.29703309437099,-109.19217347201686,-108.95909997351765,-109.99508360894337,-110.38285777994602,-110.59020638169142,-109.7055284368947,-109.716851566933,-109.1404499529345,-109.24030100721592,-109.23939647578008,-110.17163983785994,-110.48797775652204,-108.7266500702106,-108.40491445315139,-110.74906423731144,-109.5156391816688,-109.40097995353032,-109.55905020546379,-109.63278294844893,-109.47445303985658,-108.46591682010245,-109.76689116374996,-109.82841203481674,-108.7583510101858,2,-109.4393909960866,-109.47445303985658,-110.74906423731144,0.5823558292658615,0.8531188539220753,2.187612871783599
HDOK,PLOK,17472,17,17,-114,-7,10,2,29,-108.75715458834135,-107.99043641518317,-110.86106065526752,-110.32390504495797,-110.27448366959554,-110.62138939078545,-109.61571932973241,-108.38226980787022,-109.72424368946004,-108.16866432832813,-107.6931724836731,-108.06005686573597,-109.29535477611735,-109.8873107020646,-109.52750378840011,-108.24325039259455,-109.13103838909787,-109.55159352429908,-110.39315778200704,-109.09524074222887,-109.23071993857556,-110.4252481421314,-108.53360203479988,-109.28160984812028,-109.60684563984421,-109.05381880435691,-108.32290582203137,-110.9783865378546,-108.50689005040417,2,-109.2943804546158,-109.28160984812028,-110.9783865378546,0.826456264349223,-0.12438550476846029,-0.9645148751832378
HDOK,PLOK,17472,17,17,-114,-7,10,2,29,-108.55482139897363,-107.2410595460421,-109.39158365424822,-108.21539326658122,-110.4950871411648,-111.14541075209064,-110.61242571747559,-109.22292494134457,-107.93073420538398,-108.0861283956409,-109.30525482506914,-109.99487124502231,-107.9119917483022,-109.66167146986328,-109.14821572377775,-110.71956493362376,-110.49011103105818,-107.35373603008698,-108.67391306046503,-109.27232655447689,-109.03026791452395,-110.09037061804855,-110.5686339743418,-109.01745931399896,-107.70671162649745,-110.20372305537607,-108.94834054053341,-110.3838344821573,-108.72925010410448,2,-109.24502818173356,-109.22292494134457,-111.14541075209064,1.1497865921063832,0.12260342550574183,-0.9605114466801581
HDOK,PLOK,17472,17,17,-114,-7,10,2,29,-106.97235929895227,-108.0181055882672,-110.04396458001213,-108.07485706011735,-109.81422290386415,-111.64373216435507,-109.92290902805462,-110.5786801636991,-109.48409479251603,-110.7045133954712,-110.24186810375573,-111.2547059637804,-110.13190333879137,-108.61587925987968,-109.24673283181214,-108.30772101405792,-108.32270111621736,-110.65272641810716,-108.09364379584437,-109.75256592440344,-108.34221106337864,-109.76309435613834,-109.8574578817252,-110.42930287042577,-110.53267220858318,-110.2478741234659,-109.77635751857032,-110.03503299151899,-107.99526056158005,2,-109.546798286805,-109.81422290386415,-111.64373216435507,1.2428395994625376,0.41610787369522206,-0.5088811533615192
HDOK,PLOK,17472,17,17,-114,-7,10,2,29,-109.93405207160387,-107.24115178922634,-108.77326785713855,-109.29348613630839,-109.64112567171244,-110.1272381855982,-110.11015343200998,-107.65566468322902,-110.0899493103333,-109.84017106792477,-107.37229622587947,-108.01061511306013,-107.76609969799615,-107.48230160595723,-107.41939409708763,-110.59586986063503,-109.69024378736368,-109.36372348553286,-109.39436991545331,-110.66990889452914,-108.78194893311115,-110.02602614333308,-109.10838440375575,-109.57025084878855,-109.3767554042651,-109.11650609655152,-108.64741561936683,-110.16452116484164,-108.65582933897772,2,-109.10064554626103,-109.36372348553286,-110.66990889452914,1.0230636375610151,0.48240012308429103,-0.905685508717315
HDOK,PLOK,17472,17,17,-114,-7,10,2,29,-108.02346044914957,-107.42397502578548,-110.24637247803665,-107.96040957453862,-107.71167113788269,-107.78342195927715,-110.42883269999302,-109.27050000428724,-109.13642906819257,-107.67259617516243,-109.81782539073097,-108.03945780895413,-110.21247878827003,-109.00402242385768,-108.30279040194911,-106.8087645147594,-108.79219913479223,-108.44558770318426,-110.17188714661818,-109.7964999568699,-110.46622427590847,-109.60455944953925,-110.2745111086482,-110.03413131387278,-108.1726092214669,-108.68202680181338,-108.03754226913564,-108.81459926408675,-111.45191115168184,2,-108.9857688516705,-108.81459926408675,-111.45191115168184,1.2681332954316882,-0.16590649472136962,-0.8266634477334054
HDOK,PLOK,17472,17,17,-114,-7,10,2,29,-109.39079021016968,-107.63734337827555,-111.46789120891457,-109.51503175404603,-110.66163723762453,-109.56653997808931,-110.57097791634163,-108.1413043878496,-110.24728139927885,-108.99800640639714,-108.5246513921744,-110.37898664190524,-109.83956517996582,-109.05257639780848,-111.31379461395395,-109.08001704715787,-107.69076228102692,-109.55585396823045,-109.27418639279973,-109.77785301091096,-109.14393051639783,-108.48706211136968,-109.10015499947868,-109.27859008767516,-109.53769760403004,-108.18243369818504,-110.505257828666,-110.36604752381629,-107.68885509716813,2,-109.41293380240369,-109.39079021016968,-111.46789120891457,1.0117920366343958,-0.04930396159193557,-0.420829083257233
HDOK,PLOK,17472,17,17,-114,-7,10,2,29,-107.62896738253536,-106.59043984590983,-109.15651061091398,-108.90316449916102,-109.68487930401028,-110.92847223960807,-109.07851930279328,-106.35584203900856,-109.18067300687494,-108.19369385231293,-108.17093105850086,-107.75190047274289,-108.36423197961139,-108.46518421243404,-109.73643117935455,-107.96689246636603,-108.39237783082493,-109.91595984132775,-110.20479393551022,-109.25700221201136,-110.37475879606205,-108.47479606938974,-110.26411913875509,-109.13889543290252,-109.33979783772911,-110.95475126923508,-108.19530836183822,-111.01165939752906,-108.51313200292037,2,-108.97220984752325,-109.07851930279328,-111.01165939752906,1.361636300472043,0.15143155624332266,-0.12618548712373556
HDOK,PLOK,17472,17,17,-114,-7,10,2,29,-107.92852990036398,-107.30404300762648,-108.36850783084658,-106.81235112502958,-108.63213584178462,-110.05675431348904,-110.21933061581994,-109.61106001209649,-109.17756196234627,-107.70194157906622,-108.56884659696021,-109.49981016353358,-109.4483937511603,-109.0475848243164,-110.22070595358615,-110.23240359178489,-108.25458150746626,-110.03719367846554,-110.69653024265891,-109.49035495344533,-109.48905128277568,-107.34935992693197,-108.52934887023028,-109.4855038321461,-111.53851678522052,-107.89961346179382,-109.67360828205773,-109.29806836036867,-109.46720147751762,2,-109.10478943899614,-109.4483937511603,-111.53851678522052,1.170827945732845,0.17032150179579517,-0.20005559444692844
HDOK,PLOK,17472,17,17,-114,-7,10,2,29,-109.18276338655662,-108.7382608439677,-109.13469264843133,-110.80001490500395,-108.54128359222746,-108.63731289367921,-109.94235982019211,-107.78252683490363,-107.9650267250884,-109.61162066785633,-109.25110280478063,-108.74777574041556,-109.08304599741213,-109.03109160061365,-107.74088418550176,-109.9927832149528,-108.36425706584193,-108.71877213574179,-108.68832949826229,-109.3384425770217,-108.71151881363728,-110.48425979169738,-110.0394188851507,-109.54550360363206,-108.7955933294962,-110.03144600650374,-108.07233616635199,-110.85081359258521,-109.67909018857978,2,-109.15525267296846,-109.08304599741213,-110.85081359258521,0.6805578795370665,-0.30576182926132306,-0.44081689165403093
HDOK,PLOK,17472,17,17,-114,-7,10,2,29,-106.6282943083274,-108.63953933042038,-110.28920417149868,-107.86338516086236,-110.64504466708333,-109.78684095039436,-108.84032114845265,-107.80165135556933,-109.12179233097666,-109.24988106450981,-109.06273969438517,-109.75696582196328,-109.36479131060803,-109.09152466865642,-108.71741352428567,-110.27871168542708,-107.94252118882223,-109.52447430346048,-108.57192003881498,-107.67787280253121,-109.34824119749952,-106.90356972040071,-108.387330125374,-110.71609552991443,-108.27506954546469,-110.08644827245342,-109.62390860319074,-109.21483712349522,-109.95604004650392,2,-109.01263550659813,-109.12179233097666,-110.71609552991443,1.042008434912477,0.4729595866897424,-0.1287754767164122
HDOK,PLOK,17472,17,17,-114,-7,10,2,29,-108.96623817721674,-107.29387504999788,-110.03556146411763,-109.78642065018843,-109.64893798366883,-108.74054577949875,-109.25931305985434,-108.03880446990648,-110.49963078635919,-109.78904988395247,-106.68134616331922,-107.42316969803673,-108.01665933840546,-110.20985026768707,-110.49054322457357,-109.64873679554672,-110.59325170928342,-108.25449896322087,-108.13102626616642,-110.36833631462216,-107.22523077653926,-108.0763068957378,-111.29508752327648,-108.61395488239542,-109.17287617531125,-110.54753297738769,-109.16314179266917,-109.14053242100124,-111.94544872435043,2,-109.20882442118243,-109.17287617531125,-111.94544872435043,1.6176914307010117,0.02289360997422677,-0.5317628990630494
HDOK,PLOK,17472,17,17,-114,-7,10,2,29,-109.55924379559418,-106.95289125398723,-110.00039402660977,-108.6334411679062,-108.94562790301903,-110.6166957889893,-110.26702627971176,-109.14729272824037,-109.45537731443865,-108.05829795438362,-107.98798234149099,-110.66217473447318,-107.6644208171698,-108.88101979466624,-108.49065790478483,-111.42264121122545,-110.02223720704303,-108.33296371627522,-109.88152397317253,-112.22978826732022,-109.37576399438254,-109.77019598507353,-107.50582255199424,-108.9825006001074,-108.78147692466965,-108.56952125190038,-108.15828873516064,-108.47588045863723,-108.58639097264651,2,-109.1523289536232,-108.94562790301903,-112.22978826732022,1.3472479346590587,-0.6235298940284844,0.5192603109541292
HDOK,PLOK,17472,17,17,-114,-7,10,2,29,-106.48763045217004,-107.48708658875825,-110.36127063693401,-109.22615355537732,-109.19319286298553,-108.98086449572051,-108.99614260856177,-109.41775440455083,-108.12837017282254,-108.7342089494137,-109.9325336938209,-109.17830156961223,-108.52222312313812,-108.77680487958536,-109.43225867784436,-109.91743424946824,-110.18730198288753,-108.3936086192016,-108.09118486073454,-110.40763580559016,-108.90299807875617,-109.40129547191336,-107.52583873011045,-109.33261648251687,-109.61696724801116,-110.74026365416962,-110.3365032483618,-108.64563312682807,-110.51217425063048,2,-109.13331905105086,-109.19319286298553,-110.74026365416962,0.961619641324482,0.593123738216427,0.44869368800318377
HDOK,PLOK,17472,17,17,-114,-7,10,2,29,-106.47657908187234,-106.97922070684652,-109.2395878464937,-107.92880298392993,-108.34256209617627,-109.76947730651779,-107.27068464825891,-110.95007158953307,-109.80886976906376,-108.36211455447676,-108.80333568596795,-109.63843704363748,-109.03346561751881,-110.43370208833203,-109.23964820874298,-110.1161649059964,-109.16140308299168,-108.36511266511755,-108.80788410819036,-108.03356749105527,-109.6171134206685,-111.2966958758681,-110.31783887199053,-108.49406315632994,-109.77923358953348,-111.8050484027746,-109.59091225498724,-107.80992331158586,-111.03821098980265,2,-109.18999073635379,-109.2395878464937,-111.8050484027746,1.6116494822395824,0.039219232074881406,-0.2639662375549263
HDOK,PLOK,17472,17,17,-114,-7,10,2,29,-109.05584261555394,-107.83388651793716,-109.88918434532742,-107.77588256840039,-108.74006957124254,-110.16169131010402,-106.84915279797309,-107.94615451013865,-108.65121307877186,-108.49932867211572,-110.36902692455364,-109.32341830350252,-108.78097185561519,-107.82679584940091,-108.9283454225557,-111.34986591020864,-110.2305225709769,-109.3051404894143,-109.58292347570406,-110.30278127509358,-108.45466515747047,-109.70581121891351,-109.07330805322606,-110.50871055502476,-109.39778374807644,-109.9052698137158,-107.78325292212894,-109.88671181600992,-110.22839681814582,2,-109.18434855749317,-109.3051404894143,-111.34986591020864,1.0550960048758575,0.2058435961104225,-0.38466903986162615
HDOK,PLOK,17472,17,17,-114,-7,10,2,29,-106.97909350984968,-108.476576376627,-109.71231892499253,-109.69875984745855,-108.95175612426348,-111.91702488196363,-110.1930343901122,-109.38130211695794,-108.40922460245118,-108.30357727287611,-108.67884953142716,-107.57028109222952,-109.14304279736622,-110.32059425847304,-108.2051273437941,-111.30966770028301,-109.23530379522218,-108.27576979312514,-107.66206885234833,-109.7387671785838,-111.2835158828323,-110.9498226619329,-110.2362259349026,-109.07479133095428,-109.61580020942141,-109.12854016359013,-108.76837812655958,-108.99624478141814,-109.8372120799706,2,-109.31216108834435,-109.14304279736622,-111.91702488196363,1.3081413009132703,-0.3103260268529771,-0.01913544992840377
HDOK,PLOK,17472,17,17,-114,-7,10,2,29,-108.48492483479919,-108.47292932023502,-111.45088661930531,-109.48000470079883,-110.71588407243307,-110.91974421383362,-107.85312469076449,-108.48204087812337,-108.30183124933062,-107.4098077521856,-107.77432077085415,-108.05083555528847,-107.59327168644107,-108.46574635626249,-108.05865364129542,-109.31697619834853,-108.81495929478847,-106.9295315167962,-110.31299438870403,-109.58008872585978,-109.34382659941673,-109.01468624605499,-108.60863196172906,-109.87808230834385,-110.48551452093486,-109.19537619715277,-110.77685286306706,-109.11573383870888,-111.24378931222132,2,-109.10796725220958,-109.01468624605499,-111.45088661930531,1.4206945004605716,-0.3283775109148413,-0.74136705246864
HDOK,PLOK,17472,18,18,-114,-6,10,2,29,-110.62772287790361,-107.87834637879557,-107.71128130223472,-106.45023619853112,-107.87969256881419,-108.63254187585281,-108.56429629704199,-106.50714718181564,-109.90616097735717,-109.46219334425089,-109.91628430146427,-107.27662075198019,-108.87639068041629,-109.52363685282897,-108.09191212720316,-110.02536329689978,-110.2010689852845,-109.80691669256412,-110.29624817392026,-108.7828996950569,-107.61983329830429,-108.6596509195627,-108.65376321381359,-109.86808381921742,-108.06164236634497,-109.7251995815838,-109.03420244159335,-108.12360421430557,-108.33742797620091,2,-108.77587477210838,-108.6596509195627,-110.62772287790361,1.198170275965146,0.3116202618570721,-0.5694952029970066
HDOK,PLOK,17472,18,18,-114,-6,10,2,29,-110.53419804951501,-107.2420699649841,-108.19308549611675,-107.13487151064624,-106.81263195271833,-110.25832257243982,-108.28957616380141,-108.1285396627857,-106.1830379259057,-107.16030601779914,-109.61997645731843,-107.31048303448051,-108.75284782858407,-107.4270670114834,-106.94188420943723,-109.40859185346778,-109.60903637476567,-108.91544320093811,-112.34748970740633,-109.76433736503861,-108.8607006990419,-109.00503518057492,-110.85355624644188,-107.67421714518125,-109.56478995824413,-109.51540845811506,-109.39734928999792,-109.88320686330388,-109.1074840286302,2,-108.75501876652282,-108.91544320093811,-112.34748970740633,1.9267937344122574,-0.2820959852569974,0.01154413577757829
HDOK,PLOK,17472,18,18,-114,-6,10,2,29,-110.73423585215528,-108.2097105145056,-107.40534103162072,-108.85839931569528,-108.78399018679708,-106.78582794689885,-109.59059108910856,-108.52983922257346,-110.03489862370438,-108.16142073826161,-108.99543133936055,-108.85670653356793,-110.45460836917164,-109.1988689951347,-108.29691474141059,-109.00681795402068,-108.36549731617626,-107.33905347584958,-110.27225190118718,-108.23464563493944,-108.92034921026851,-109.64218687177187,-108.60697943187847,-108.5768972871981,-108.03669373984654,-108.31845100699354,-109.98799364965855,-108.28916220008047,-108.25919095108534,2,-108.78458465968693,-108.60697943187847,-110.73423585215528,0.8397833658028988,-0.23989449387434458,0.01673860452751441
HDOK,PLOK,17472,18,18,-114,-6,10,2,29,-109.40478541906243,-107.97311336022763,-107.67140434301615,-108.27594907599536,-106.95007738903317,-108.86143098010324,-106.86614120046016,-108.65709604148863,-107.7766905799287,-108.9717835515491,-109.93566471187695,-109.51517415204744,-108.26602883408985,-108.2008376228272,-111.01308451099528,-106.9137572184474,-108.9170782481851,-107.59111906556097,-108.61709950287691,-107.008893911146,-109.87538274936169,-108.94516570735662,-108.73035028058494,-106.52162629022368,-107.9640980309107,-110.73937476947903,-110.10792883075244,-108.46610064476518,-108.40971345517332,2,-108.52230863715604,-108.46610064476518,-111.01308451099528,1.2775809174399184,-0.28409549754898483,-0.2816826351554562
HDOK,PLOK,17472,18,18,-114,-6,10,2,29,-110.58976365999794,-107.28369009162081,-107.81690904292957,-107.07817535968779,-107.88109975997413,-107.34580561448772,-107.44143973909556,-107.95570209873308,-107.92129314480512,-107.0759992331559,-107.84771484338883,-107.51859825620566,-110.43910388924196,-110.20890163864195,-107.89518401936078,-107.65715212936949,-108.66491799002185,-110.23613457048032,-109.20487253731697,-110.36712884955682,-109.86438568840897,-109.69772500410511,-108.38299180367787,-107.86187047315138,-110.29678289669951,-107.65052216516871,-110.72937223670415,-110.90990107246378,-110.02026016743677,2,-108.75322061985824,-107.95570209873308,-110.90990107246378,1.6860526927301287,-0.33952971424294204,-1.6124653914565195
HDOK,PLOK,17472,18,18,-114,-6,10,2,29,-110.37577667051332,-106.79240269452669,-108.43054476462048,-107.0173731389766,-107.31120038489536,-106.07887850847678,-107.34739543944667,-108.12221999085934,-107.89953519326549,-109.78067704589157,-109.50932061917659,-108.2306302050092,-108.20050795948048,-109.3641114621896,-108.57391975356792,-110.84949892239553,-109.11866917337964,-107.44066782737487,-109.16626356094216,-108.18914614538085,-109.7237149558977,-109.8581087376107,-109.37709291530892,-108.36883208165624,-109.71823310324905,-107.8014583343274,-109.85101776108758,-110.21266914273178,-109.53814428359706,2,-108.69820726813224,-108.57391975356792,-110.84949892239553,1.3682960788849923,0.273682103656931,-0.655328140872212
HDOK,PLOK,17472,18,18,-114,-6,10,2,29,-109.23918250444503,-108.343252443801,-108.7222242585748,-108.18817033330697,-109.05183647161104,-108.22643436054565,-107.06517892864154,-110.58442124941197,-108.79922764292542,-108.82621311109598,-107.96422407022402,-108.64464019174015,-107.78657533169434,-106.6029260663319,-110.28585486374084,-108.56881834938969,-109.65580045266333,-107.37746340412038,-109.89591467642633,-109.58314267948711,-109.51735864226963,-111.16582687889733,-108.43958665600967,-107.9413273272331,-105.89411391293456,-109.43483652478479,-109.50723679886136,-108.75783370553343,-109.1092957223456,2,-108.7303075020361,-108.75783370553343,-111.16582687889733,1.2779321162113164,0.3169755317041106,0.565532070759927
HDOK,PLOK,17472,18,18,-114,-6,10,2,29,-108.1812711451768,-107.47452441066045,-106.0848870264501,-105.01953790228352,-108.49861482027302,-107.58510355369924,-109.99661331315536,-105.89369054903158,-109.41589155954746,-107.74195296737058,-108.78289653176742,-109.27354265414297,-109.3486710244693,-107.67105417811975,-109.95179740282029,-108.3020531050413,-107.01830753975582,-109.37082140246476,-107.43346134674681,-110.28265134259456,-108.05003775258152,-107.18104963026688,-107.80287549392368,-109.96451106911591,-108.73011123684829,-108.9692206359829,-108.38480190059425,-107.85665780850815,-108.61921486583881,2,-108.2374422127321,-108.3020531050413,-110.28265134259456,1.557682453427655,0.5678185186024504,0.30243467913069555
HDOK,PLOK,17472,18,18,-114,-6,10,2,29,-107.14310282666649,-107.95001801890754,-105.53193331732001,-108.2490193944038,-107.6974135531114,-108.81353604313327,-109.26789056896375,-107.16722188957384,-108.65691853733168,-108.31264760345978,-108.19264416403193,-108.41491443629509,-107.34421973657385,-109.62585695900523,-107.39892455884714,-108.24895631812606,-109.77241997821626,-109.23424553952857,-108.3763973596883,-108.80063558965094,-108.09615014905988,-109.16272262078586,-111.10562848824924,-108.24524892190708,-110.02292385046232,-109.64241333829415,-108.89703998078114,-110.88469094572031,-108.4967702109867,2,-108.57767258272693,-108.41491443629509,-111.10562848824924,1.2820289605424136,0.05961597979614998,1.1174278978246979
HDOK,PLOK,17472,18,18,-114,-6,10,2,29,-109.89280589797589,-107.87213443932865,-108.4329141921555,-107.39007510702899,-106.88234411815878,-108.077814015643,-110.13211880455087,-109.29657903853283,-107.43955293921596,-108.90802891445192,-106.46066364243778,-108.60072597352719,-110.0463780061916,-106.52839801538661,-109.79707042341676,-108.60733100107436,-109.1162599201562,-107.42757786512077,-109.57119676056499,-110.35159313075903,-109.19098222771906,-108.43092595365691,-108.21152105598432,-108.13960963570989,-109.00648737935744,-111.38423575631197,-110.49386908034704,-107.56909470325591,-109.73137129855313,2,-108.72378135505424,-108.60733100107436,-111.38423575631197,1.4958259423593436,-0.014791463839857905,-0.5621147303330081
HDOK,PLOK,17472,18,18,-114,-6,10,2,29,-108.10252335724154,-107.09822654667711,-106.66072304017453,-106.7280563332033,-109.0398305111951,-107.34910960861374,-110.40369920364434,-108.76568581306996,-108.18200250258516,-109.36261831605354,-108.38185274282337,-107.65089497500308,-108.52679376443739,-110.7147383203489,-108.38678768312852,-109.17931290545181,-110.83074791146139,-109.25845126027676,-110.75210362327265,-110.4933960173845,-108.57783294697452,-108.46286869242347,-109.39596310206103,-110.64279626751673,-108.80500265155732,-108.03653011192182,-110.42392931557336,-110.41626262688112,-109.60745458359165,2,-108.9736618873982,-108.80500265155732,-110.83074791146139,1.5094165405017248,0.09259754870102169,-0.8891152709573511
HDOK,PLOK,17472,18,18,-114,-6,10,2,29,-108.38501064571074,-107.26564615481415,-107.31331236872877,-108.20287903554085,-109.15510702509187,-108.1250324351706,-106.6779938831059,-109.38535138376564,-108.40080329461436,-110.51616436099937,-109.92452933122125,-107.84362718278663,-108.86104545014317,-108.98189944733176,-107.86555574036294,-108.00921837559241,-108.97015163107831,-108.82982109291177,-107.44372578931016,-109.62381193545083,-106.74097252585031,-108.07222241969977,-106.93841840758805,-108.51397255647076,-109.79482758840301,-110.03379978871904,-109.63642305870984,-109.07528434147864,-109.0007526075203,2,-108.5374951675231,-108.51397255647076,-110.51616436099937,1.0183939032452758,0.10010517339098626,-0.7212984462028058
HDOK,PLOK,17472,18,18,-114,-6,10,2,29,-108.66869131763984,-108.0837816081341,-107.35766993707597,-107.3894000390748,-108.85330272348102,-107.11937688475501,-109.74578141539803,-108.14835881947589,-108.43436177855286,-109.5431122862448,-109.3840817561905,-109.77722544597138,-109.4071942187957,-108.15858131539045,-108.09667255965299,-110.32862264437334,-108.31900431788343,-108.1607204923178,-108.29065809535348,-108.75707030715405,-106.55291400487673,-107.80907699398895,-108.68678425962753,-110.48537052264496,-107.11004558460853,-110.03298897941696,-109.49915604549535,-108.33909473524383,-109.57944796901684,2,-108.62477748475293,-108.43436177855286,-110.48537052264496,0.997269591172787,0.021585987305008696,-0.6521352801919345
HDOK,PLOK,17472,18,18,-114,-6,10,2,29,-109.67510934980619,-107.29077437522906,-108.62816862081773,-106.91184353707995,-108.0843897451517,-108.01080670437752,-106.55230260468666,-107.28146642300304,-107.98342241205874,-108.4190030738136,-106.08838358325404,-107.89678928100626,-108.45182968006435,-109.53634637190379,-106.78639502141755,-108.53612176779302,-110.16992755466028,-107.2738914867013,-108.43601592441962,-107.17162386840107,-110.91642938726177,-109.49691465907621,-108.84275047629411,-109.12566708941715,-107.85999220794132,-108.07499786175772,-109.50584248382773,-110.77185050256469,-110.37993607308916,2,-108.41927559058189,-108.4190030738136,-110.91642938726177,1.5534636808663935,-0.2629634488852419,-0.5736852860286148
HDOK,PLOK,17472,18,18,-114,-6,10,2,29,-109.49849723651374,-109.14195950142458,-107.48776516470768,-105.86846654336918,-108.85225517678349,-108.36908402309366,-108.45223465395595,-107.5852044844087,-107.10881647380553,-109.22692799930142,-107.53499810092522,-108.42144862221981,-107.07486147603868,-106.65152599770465,-107.91497625556815,-109.08498289224805,-106.71386246632103,-109.97152540425587,-106.89019207592472,-109.8962834348327,-111.45967900799397,-108.48190497809237,-108.70023095998089,-108.9052290359732,-110.0409552736297,-109.06863381176659,-108.82994161960346,-109.31640982904452,-109.23023326201886,2,-108.47514088832779,-108.70023095998089,-111.45967900799397,1.47318231199555,0.02248178078836418,0.07500975467801263
HDOK,PLOK,17472,18,18,-114,-6,10,2,29,-107.92546535215061,-107.13348625602745,-108.32015728999504,-105.00680682846827,-106.93304169152408,-109.2894826650773,-108.73139396735728,-108.12461527733936,-108.88702446659795,-109.66081599784758,-110.49073731584141,-109.73548899374445,-106.72537314589201,-109.66158519126769,-107.05208484880906,-109.56206028855581,-108.39239047230183,-108.13313318242571,-109.455258732121,-108.6890561068578,-108.11894598505089,-108.74625715232901,-107.87254976294957,-108.37253023392446,-110.00873193623504,-107.8435767530131,-109.86631302454917,-107.88259170062068,-109.05376605715794,2,-108.47154209227695,-108.39239047230183,-110.49073731584141,1.357365836285865,0.7753938210124062,1.1803516459029422
HDOK,PLOK,17472,18,18,-114,-6,10,2,29,-108.64183743917992,-108.3733159434629,-107.0549404723721,-107.24752030546045,-106.9264703720538,-108.65071886445666,-110.2159752729328,-108.56591346868105,-110.48540418911992,-105.38738805108548,-107.93248730120239,-110.36832856954284,-108.72898790340356,-108.81364940612586,-109.69738154533735,-109.95528500175536,-108.51455827388317,-110.66653814656895,-109.44473176044622,-108.71516349617966,-108.13413294261638,-109.30814502894717,-109.52595397922035,-107.55905320046215,-108.27299098955646,-109.61881090998453,-109.96902178051401,-109.02058636630068,-108.77491766396456,2,-108.77828305671784,-108.72898790340356,-110.66653814656895,1.386410555930446,0.7288240778358985,0.918738200620806
HDOK,PLOK,17472,18,18,-114,-6,10,2,29,-108.13250015470328,-107.01510541181895,-106.73217958651293,-108.12639673810033,-107.76334047610277,-110.05099986969806,-109.14989014656597,-107.25151371518696,-110.06019622742599,-109.84602111841404,-110.76146616249598,-109.10009235842755,-108.76295779417467,-110.11243683530411,-108.9838391297408,-107.3968138757153,-108.73047387563835,-108.45373673636747,-110.12168274792741,-109.67143318256946,-108.27508998595847,-109.45860725030371,-107.78226188355565,-108.62289823195451,-109.30400081847544,-107.25093544734585,-109.0860423377523,-107.58232340072671,-109.4081008527305,2,-108.72390815005839,-108.76295779417467,-110.76146616249598,1.127401697669123,0.10319569750101733,-0.9301541073064268
HDOK,PLOK,17472,18,18,-114,-6,10,2,29,-108.59027049381527,-109.65206399419372,-108.1399295567735,-109.5841425545589,-108.72852719080988,-107.32587301292489,-108.83023128601837,-107.50107204293069,-109.54538513398792,-109.35967968069275,-107.61509873965947,-108.07606817338014,-109.7161003436936,-108.11583663889256,-109.03665877453145,-107.05673410582298,-109.66005082513671,-110.05518378058703,-111.04314585948599,-108.86510704456319,-107.54793736175974,-108.98019186928768,-110.78890874309309,-108.0013867019363,-109.33567437350058,-110.52539969355617,-109.73894719869885,-109.78711771957047,-110.77608267877694,2,-109.0337519162979,-109.03665877453145,-111.04314585948599,1.1679715649143103,0.02609418961514572,-0.8122249042376537
HDOK,PLOK,17472,18,18,-114,-6,10,2,29,-111.29045578441443,-107.41213214768146,-106.60617978031405,-107.05844431260542,-109.31028868908837,-108.67166790026585,-108.53963983509082,-109.04039770386115,-109.13259117640989,-108.07321648047865,-108.26124932957434,-108.99314942073892,-107.69902013975575,-110.81928351564704,-111.10318216937144,-108.369978409385,-109.31901920927963,-106.79236387346,-110.06153790899839,-108.54480753106839,-107.13464997987035,-107.29075830009882,-108.40793854265225,-107.18167170343253,-107.3274263022601,-107.86471019082505,-109.19270054083945,-110.43627021287325,-108.62478721179399,2,-108.57101787248739,-108.53963983509082,-111.29045578441443,1.596135826016364,-0.5387954390726399,-0.3502095752260814
HDOK,PLOK,17472,19,19,-113,-6,10,2,29,-108.83147432957523,-106.69392271693823,-108.79904040533546,-105.53834066117629,-108.6285303853207,-109.09924289300916,-110.06354681621147,-109.25775445260989,-107.77426350627786,-107.64638151510411,-109.83405394229827,-107.92502603600634,-107.7476724097244,-108.06044735111921,-108.08085811009614,-108.1661123158801,-107.52202792211088,-108.65763960154625,-108.6107335508429,-108.45721941054622,-107.37584608397125,-109.93597142223346,-107.57659878336216,-108.65557091818796,-109.2190814627976,-106.97878373518805,-108.77812124437013,-109.57650912904138,-108.3823216145434,2,-108.34045147329049,-108.45721941054622,-110.06354681621147,0.9855225350037449,0.5590765303846359,0.8556516790449904
HDOK,PLOK,17472,19,19,-113,-6,10,2,29,-107.1761970068707,-107.31860059282947,-106.90945835436223,-108.46637532310878,-107.97122825194567,-108.29680661141212,-109.67247925940951,-107.70986437826723,-108.39000654571291,-107.92450717396643,-108.42363936525703,-107.89909202555118,-108.35045997295158,-107.99253432009723,-108.24372955355304,-107.02302198921213,-108.80149719130472,-107.5524467934753,-108.73007600202706,-108.82563628366276,-108.16954901395499,-108.78661713456283,-110.0179572795028,-109.22010660058831,-108.89519482537749,-107.92319293628859,-108.71428351013333,-109.4898774340993,-109.55693597281704,2,-108.36039212766555,-108.35045997295158,-110.0179572795028,0.6022288077189292,-0.1318503942153588,-0.3342607391311323
HDOK,PLOK,17472,19,19,-113,-6,10,2,29,-108.82050572378165,-108.06342330658143,-109.37649963646518,-107.16272994600375,-107.68798151662894,-107.92032035104359,-107.63598942005335,-108.0259572712621,-107.739617308421,-108.66952672333076,-110.62783746734235,-108.30942823847158,-108.82663857971068,-107.82849697118345,-105.89147367651996,-107.51746362142498,-109.49897123963527,-108.41150943954032,-109.88459698912617,-110.28966757251936,-107.81319835790933,-107.9779250975463,-108.44270714468368,-108.48598289093361,-108.46271363782813,-106.57712304593625,-107.44522175609113,-109.37472653425903,-108.23877302279567,2,-108.31058643058716,-108.23877302279567,-110.62783746734235,1.027334448617345,-0.18829324874683,0.6228139644605957
HDOK,PLOK,17472,19,19,-113,-6,10,2,29,-108.8040695160499,-107.09481105050031,-107.85955136478564,-107.94875703186813,-108.00022754097415,-110.37421154016339,-107.87996704153274,-108.17182680664126,-109.6523413566149,-105.32312769825023,-109.34832621589592,-107.80561629724741,-107.44124442106484,-108.23503733730031,-108.19640211665684,-109.05166414820548,-108.59913534591152,-107.90096499135585,-109.49936223284803,-107.00956352788658,-108.717049666633,-109.46253292646439,-109.76738483315414,-110.16546025375261,-108.7929538776081,-108.02727149555547,-108.05244384216358,-109.14058515033993,-110.04405542322301,2,-108.49537741553958,-108.23503733730031,-110.37421154016339,1.1548752331321428,0.5584668168589997,1.1432056326799311
HDOK,PLOK,17472,19,19,-113,-6,10,2,29,-107.2587214243801,-106.81379182636053,-107.46018550276658,-105.95112556758622,-106.87535084319073,-107.50819955418001,-107.90950104444026,-106.63478198215704,-109.43684683212719,-107.20076781410563,-107.19614541938559,-106.28870122829383,-106.93626284847566,-109.32629117111405,-108.28013089931194,-107.11034354654082,-108.20660230894663,-108.5321611357604,-107.20937218991418,-110.22015728910301,-108.24668564914515,-109.11648024271521,-110.07870206014232,-108.467109395546,-109.48323659146276,-109.22071008349593,-109.49275895156977,-108.22525897318882,-108.280650729556,2,-108.03334596913662,-108.20660230894663,-110.22015728910301,1.2967419362482564,-0.20280744945140353,-0.9083243197391924
HDOK,PLOK,17472,19,19,-113,-6,10,2,29,-109.87594650514058,-107.25415062224971,-110.22416847758193,-106.24968359507906,-107.82255844315799,-107.74502241325598,-109.53103584475228,-107.05163993341843,-107.63076397191803,-108.36759947196146,-109.49851062948198,-108.34245884311129,-107.75611659641575,-109.05024355051117,-109.9160968599008,-109.909417264549,-109.81815115664001,-110.2603213895976,-109.67688755091564,-109.59701636367345,-109.60299934005558,-108.40157726554634,-108.38790980824376,-107.98530648701691,-108.24917473613544,-109.14508254102238,-110.58630852356795,-108.8168980976383,-110.11787816362057,2,-108.8576180843503,-109.05024355051117,-110.58630852356795,1.209792944106991,0.43821024268286546,-0.6576017525598519
HDOK,PLOK,17472,19,19,-113,-6,10,2,29,-108.32140695146833,-107.90489730631002,-108.16307820790026,-105.83799125987905,-107.05426757472533,-106.34848664099172,-108.01166920763798,-109.80880936303508,-109.155000176621,-109.28284498229917,-108.9713771163682,-108.1219800257741,-108.17828004252384,-109.66012518942891,-107.89019646864395,-107.91706570562282,-108.56112579470008,-107.41245249194768,-108.4462478005266,-108.06687574750029,-107.18495116230574,-108.858776712236,-108.92375185323685,-109.52850513278584,-109.33191214104448,-108.16479197074409,-108.3659952256441,-107.5092601380725,-106.03302900666723,2,-108.1729362550566,-108.16479197074409,-109.80880936303508,1.00292032972642,0.5938464781412685,0.15666891188537502
HDOK,PLOK,17472,19,19,-113,-6,10,2,29,-107.50777871096636,-108.37122519330012,-107.67646144477955,-108.51907773159446,-105.79455770136455,-107.77036870210853,-108.6251410709379,-107.86824902391074,-108.12940234348139,-107.36666857920648,-107.72890703880498,-107.00528822767455,-109.22387665647967,-109.22812834658819,-110.01003473561852,-110.62903641596047,-109.366624452338,-108.23921725891569,-108.8029421432983,-107.46051398725525,-106.5834910847066,-106.31286168285682,-110.31231518178721,-109.14652367062169,-108.58533694255789,-109.72475025331288,-109.64468939604782,-110.4124577751198,-109.00730575749822,2,-108.45011143134799,-108.51907773159446,-110.62903641596047,1.4784348686992579,0.16765831852306942,-0.46296648690244924
HDOK,PLOK,17472,19,19,-113,-6,10,2,29,-109.74272651277956,-106.45391826602115,-108.62368539860016,-107.25173441800453,-107.78572403641162,-108.2564449686899,-108.88957202864,-108.05073206172835,-107.60606892172885,-107.03495427351571,-109.15026959915458,-107.06694697455842,-108.70441994165535,-109.3968217317501,-109.22941384691948,-108.62141822172265,-107.52028059423554,-108.8514682206644,-109.26972407407337,-108.8499360897283,-110.00001396576964,-109.2356318803465,-109.0201113346178,-109.01175830653966,-108.51856332074598,-111.45808192151596,-108.81249565579584,-109.694162014986,-106.96993879230266,2,-108.58886266804147,-108.81249565579584,-111.45808192151596,1.1224311801873166,-0.14016582252526558,0.6111111093040833
HDOK,PLOK,17472,19,19,-113,-6,10,2,29,-107.88464476322764,-107.59317071331597,-106.87080733428267,-105.62663597984763,-107.80439648631811,-108.65722893893133,-107.23353328374678,-107.10858747965416,-109.47274825048322,-107.40737527035239,-108.4832490472458,-108.25243352919084,-109.16704657914747,-109.88361067850263,-109.76204404033868,-110.39837109722052,-108.98047759108238,-107.99501809126494,-107.35052978642727,-108.42288295026312,-109.3039918560591,-109.9870642650006,-108.5164652366435,-108.02614447778932,-110.27680553560054,-109.46067314187223,-108.43326134620139,-108.45208120696036,-108.75820082872961,2,-108.46791309605862,-108.45208120696036,-110.39837109722052,1.2047150651554492,0.29296697729231264,0.08278489658946775
HDOK,PLOK,17472,19,19,-113,-6,10,2,29,-108.30063808157077,-106.183831516421,-107.18590855313721,-106.199878276042,-108.00307200975995,-107.56982856608627,-107.51150355524464,-107.47905592603948,-107.44612089529365,-107.81325697970449,-106.99093877865168,-109.1491081340594,-108.92031305513693,-109.31998511575846,-108.56945947933754,-108.22935643876515,-108.99386835538897,-108.83754386088133,-108.20079612487156,-109.92969628675942,-108.86305863600101,-107.49796195894335,-108.01755057565977,-110.93646124030589,-109.18813865442955,-108.43979313016051,-110.33655103016166,-107.77904388489905,-106.21807667088541,2,-108.21071709552952,-108.20079612487156,-110.93646124030589,1.3002740829039046,-0.25176206248987704,0.12013020927384543
HDOK,PLOK,17472,19,19,-113,-6,10,2,29,-107.94899951621963,-106.65374876905797,-106.2276301850613,-107.07018375163682,-106.62329984094528,-107.76187496761588,-107.70540016614962,-107.64783715241579,-108.28834644588818,-107.36528774284973,-107.44971547673312,-108.99889367877972,-108.06729334837375,-107.8580656816728,-106.85233342247894,-108.7173055145373,-108.02668002154716,-108.91724052967812,-107.42740681229311,-109.79822222673542,-109.2002704076235,-109.41822223327775,-106.93113702996129,-108.04421513019872,-108.7103841884192,-108.41081753492966,-109.66822490544965,-109.31549002885252,-108.66165466360886,2,-108.06090280596518,-108.02668002154716,-109.79822222673542,0.9015057458599955,-0.023914709743933078,-0.8135654692673575
HDOK,PLOK,17472,19,19,-113,-6,10,2,29,-107.83476856509047,-106.69320422063454,-106.8330965081516,-106.8338321871006,-105.91023551028407,-108.42540515265745,-108.51517717948482,-107.95729241436125,-108.04074076940385,-109.2093202681299,-108.6495109390476,-106.80414445796538,-110.29862294048804,-108.25067543071494,-108.69560635356117,-110.59345035405784,-108.54853775044158,-109.07207539910826,-107.54540115003445,-107.77476577394765,-108.23266329371634,-110.77322684114073,-109.21936650265067,-110.2454147358215,-109.78451987044787,-108.718237924651,-108.12737738992664,-109.19200695903196,-107.3825843157014,2,-108.41935383302598,-108.42540515265745,-110.77322684114073,1.4325675008724548,-0.10243938830830855,-0.3037609678496893
HDOK,PLOK,17472,19,19,-113,-6,10,2,29,-108.2563548090867,-107.5372183806778,-108.1357808831652,-107.68346721218562,-106.73192936559035,-109.11193319151123,-107.23594645292827,-107.20587165041401,-107.13452278035652,-107.97204831565494,-109.45100379919965,-107.94376733246065,-110.24454447352988,-107.77738850475491,-108.59828346261565,-108.316151673661,-107.11610329144504,-108.59222666713418,-110.80580642643793,-110.43890719102583,-107.32606247721735,-108.94790667983035,-108.90428823513213,-107.54611613459176,-109.51800123289097,-107.54080994186783,-108.1960278223199,-107.92216577684707,-111.4528266268164,2,-108.40149864797756,-108.1357808831652,-111.4528266268164,1.3792173794898368,-0.9897385444971595,0.39238911919915376
HDOK,PLOK,17472,19,19,-113,-6,10,2,29,-108.3096149191557,-107.89340950338897,-107.41328675514244,-107.0635176744224,-106.99177388975946,-108.30718809519877,-107.67203813996203,-108.01707122705402,-108.16975996792584,-106.96683545869215,-109.035456694778,-110.19638293263051,-109.39683185177023,-109.33061189956928,-107.88948002781407,-108.59564263235521,-108.2304175212181,-108.69312401420251,-110.02789026966765,-108.62259698386288,-109.49130037215227,-108.83989157636749,-109.5157638465546,-108.81889847086018,-109.11832034085218,-109.19967469184301,-108.69641926534726,-109.71424029940965,-108.22421989007343,2,-108.56695376593207,-108.62259698386288,-110.19638293263051,0.7379820396104276,0.13974098836072235,-0.5619928092576192
HDOK,PLOK,17472,19,19,-113,-6,10,2,29,-108.80581866042053,-106.70646895650282,-107.32629162172226,-107.46027072180657,-108.11072770802629,-108.53217725612113,-107.26184733037763,-106.34973419853758,-107.49500919329599,-109.05064842904719,-106.19006107430437,-108.79573481865538,-109.32255142136408,-108.79648478143453,-108.13223575766267,-108.75796289892924,-110.55915910664585,-110.36984786454035,-109.04407813504865,-107.48161862706262,-108.09344416142054,-106.96777852808998,-107.69611115058919,-107.83417427634282,-110.01545147414727,-107.21119817083155,-108.4810684906457,-109.10438700269076,-107.58930762499561,2,-108.19109136004343,-108.11072770802629,-110.55915910664585,1.2013228064012345,-0.3002113875274284,-0.2958756708760397
HDOK,PLOK,17472,19,19,-113,-6,10,2,29,-109.37587809336428,-106.96863130297608,-106.86097212660754,-106.6218304367384,-108.09661621927768,-108.83850394619492,-107.04718967186685,-107.11916016668707,-107.75144026833146,-108.92623741753111,-108.74900658287844,-108.20316654554797,-108.73127236310572,-109.12663767922315,-106.64635264968038,-108.30421272251823,-109.04652927845666,-108.71861320954704,-108.57711369618725,-107.66124492702657,-109.7923519406484,-108.06669387480322,-107.15488471270179,-109.40497053984863,-109.24552540569007,-108.79372843220658,-110.50394107699135,-107.89138426270108,-111.50807006417615,2,-108.40455722805221,-108.57711369618725,-111.50807006417615,1.303043885631044,-0.4929836499584854,0.48032312389666076
HDOK,PLOK,17472,19,19,-113,-6,10,2,29,-107.832592013067,-107.54819198223589,-108.47493328263178,-106.24334847270562,-106.62510320272077,-108.151563881109,-109.3630888334839,-107.83826519295282,-106.64779881762307,-107.06624301923084,-108.60591670124495,-110.30781064639395,-107.22907915896215,-107.7235497505161,-107.28968292463229,-110.31952414483706,-108.01595704971075,-110.74022420329636,-109.12082041681657,-108.65238621069393,-110.47335090108187,-106.5414387261154,-110.37935880826052,-109.26535836413436,-110.1614797957703,-107.75201618317682,-109.12892575253218,-108.41490324565999,-108.5743895415817,2,-108.43059659390268,-108.41490324565999,-110.74022420329636,1.659355307204161,-0.2125158152546039,-0.936644849640436
HDOK,PLOK,17472,19,19,-113,-6,10,2,29,-107.37275142985769,-108.92538001745412,-106.93869545160608,-108.30781383015379,-107.25006721753297,-107.10291714620504,-107.53054805653622,-107.85327541368437,-109.4148269508568,-108.25223542448477,-108.75307150645956,-109.65202096603564,-107.1821099899344,-107.04289526451817,-108.20555112475391,-108.11734512822385,-108.96915948639884,-107.42182178173533,-106.30804707651373,-108.38100150488367,-109.67084065354814,-106.62772385956016,-109.0494801370689,-108.68081600968246,-108.11939181702292,-108.79118040241268,-111.01300697507433,-109.40932002490169,-109.37161983234056,2,-108.2660315337738,-108.25223542448477,-111.01300697507433,1.1426675824944752,-0.3043957499256622,-0.08196131922541827
HDOK,PLOK,17472,19,19,-113,-6,10,2,29,-106.32599476519121,-105.52722232751368,-105.6704915633283,-106.9406042864126,-106.90152244031354,-107.32434923714499,-109.73927195886417,-106.92068766160858,-107.74366569569153,-107.89364381832716,-108.21558566983708,-109.00867533347024,-109.29972642683676,-107.59142125212323,-108.89634423335382,-109.10608557291575,-109.94706472333226,-110.48565067193455,-109.50006384096216,-108.1642205707751,-110.38532594130811,-108.63363077599628,-109.20349971839694,-108.57807080359844,-109.90174572270156,-108.38267382808162,-106.77934435765397,-107.57878638936712,-108.51279324636089,2,-108.24683320115176,-108.38267382808162,-110.48565067193455,1.7375897830544698,0.2660681569616959,-0.6176047410658962
HDOK,PLOK,17472,20,20,-114,-7,10,2,29,-107.5316504894729,-109.027298941556,-108.85088632710773,-111.39027619532594,-109.56757553865728,-110.67699508833438,-110.53452565355947,-108.18883696829656,-109.14761729191473,-109.43701633130081,-109.78740206151012,-109.47192709219155,-109.98587884640284,-109.40195322421444,-108.52467603129459,-109.93627213376877,-109.75696221202861,-110.86510451573321,-107.43476662090342,-109.22267747158702,-110.22759092963737,-110.32563241591114,-109.09252784403252,-107.84200732217778,-109.63540871041185,-108.820389059405,-107.4293426606899,-109.78854236822575,-111.39738457143847,2,-109.42410775576172,-109.47192709219155,-111.39738457143847,1.1224902038286608,0.1951057661031673,-0.2868143241616994
HDOK,PLOK,17472,20,20,-114,-7,10,2,29,-106.78236883704828,-109.60168868605776,-109.18875742227333,-111.53388909105517,-109.39337854666226,-110.269227105273,-108.68224040047207,-107.90497829753782,-111.67658496472131,-110.00852522434941,-108.30099626112141,-108.15943934046196,-108.15757597693914,-110.16777838168989,-109.57536848853067,-108.61450701098524,-109.70984731897647,-109.47380590248302,-109.50590209259174,-108.54313204820153,-110.28869521205704,-107.21873464623664,-108.58600800203332,-109.76138507187754,-107.17347288509934,-108.58936589450607,-109.48189719418184,-106.59332050532718,-109.21779537934243,2,-109.0400229720032,-109.21779537934243,-111.67658496472131,1.4841102872849812,0.021163578523222575,0.08379905573323176
HDOK,PLOK,17472,20,20,-114,-7,10,2,29,-107.90557574126707,-109.33242665028328,-111.30799094113556,-109.26244588430183,-108.94226302767217,-109.10617115945729,-110.49371343122966,-106.96201294962782,-110.12379036343656,-109.31806956393669,-109.99533647989932,-108.63530493842055,-109.88995376778317,-108.92949884878544,-108.81212972311032,-109.02928295397615,-109.81230272563937,-107.8066974106873,-109.15418226898757,-107.57287302734576,-107.25638237634898,-108.97536741245446,-110.26124821745425,-108.27387030873454,-108.97427088436598,-107.68881183815074,-108.27559207703126,-111.60395697637333,-108.46378052297855,2,-109.04018284382329,-108.97536741245446,-111.60395697637333,1.2066583515597409,-0.32667775777552155,0.07824397996967125
HDOK,PLOK,17472,20,20,-114,-7,10,2,29,-108.0508213727753,-109.47831489587085,-108.9868670978653,-109.23070666778075,-110.78421611038276,-111.7944967944729,-109.84894392781698,-108.41077843667357,-106.74687007029463,-109.04781375476303,-110.14318142082067,-108.14699793359837,-111.59503894046847,-108.85770809261969,-109.32471951873268,-107.84429236083147,-109.34116119181762,-109.59678520536511,-108.30572946555525,-107.86265514879544,-110.54713789667738,-110.01096123732664,-109.41206507816506,-109.6819510121926,-109.23239263562917,-108.76703697160889,-109.00816340356164,-109.79478192927112,-109.23359278517974,2,-109.27883383989355,-109.23359278517974,-111.7944967944729,1.151417712596908,-0.23857265231795252,0.7723088352473595
HDOK,PLOK,17472,20,20,-114,-7,10,2,29,-108.15639075099348,-108.21741736412703,-109.93861547999191,-110.6093152362047,-109.08640919149948,-109.92195398875347,-108.9465246941266,-108.06236889234049,-110.77884021241509,-109.48580781514103,-109.58544485453055,-109.23900707586179,-108.77600299627584,-108.81300630083331,-109.50514443645707,-108.95996587671534,-109.61012861909151,-109.02959594210733,-110.46821982315178,-108.82086567038017,-109.02510873837741,-110.3167902280989,-109.79300274501546,-108.53437815532132,-109.0778614416377,-109.13469633972552,-109.81630406372224,-109.70968623696284,-109.08635314083415,2,-109.32776573485151,-109.13469633972552,-110.77884021241509,0.47944326108765795,-0.24373657352794886,-0.32753016810136515
HDOK,PLOK,17472,20,20,-114,-7,10,2,29,-107.15865801834572,-109.75346289881034,-109.86550584766854,-109.62521162057314,-111.28922208639801,-111.55068893601084,-108.76153104494516,-109.89708693679414,-110.88268881403073,-109.61194493866125,-108.94142718986082,-107.86032932758036,-110.75849668057526,-108.11738167254822,-109.55891052992524,-110.39495569683882,-108.40080393769696,-108.79538088241777,-110.0525639992833,-111.48231792106954,-110.0488212805854,-109.22894014123803,-108.29603381061757,-109.94782205182995,-108.01153094790348,-106.29016638646112,-109.07280584260356,-110.12521928711341,-109.58114314067846,2,-109.42624316789878,-109.61194493866125,-111.55068893601084,1.5149992192613768,0.43570147840499973,0.2237461662100122
HDOK,PLOK,17472,20,20,-114,-7,10,2,29,-106.62106206028332,-108.72626990224283,-109.66570203339965,-110.24529724352257,-110.01137290085867,-110.91657603798328,-109.53491644021969,-109.48161055994575,-109.14125097547617,-110.06075017756702,-109.53725815860298,-109.72435172274528,-109.10111767612646,-108.1533384296925,-109.54581168570533,-109.53714086021621,-110.72782001531995,-110.41318945229375,-109.67527764518444,-109.7727360006249,-110.14970361834925,-108.31399294733953,-107.85281856265587,-107.6104655072737,-108.7820955923647,-109.28950874412928,-109.46423733666816,-108.7513470331386,-108.85920012884777,2,-109.29883515340615,-109.53491644021969,-110.91657603798328,0.8664802017016826,0.8539782608126801,1.1287779347491385
HDOK,PLOK,17472,20,20,-114,-7,10,2,29,-107.88334218661434,-108.87483024881428,-108.27497469722954,-109.04013810544315,-110.0803860565809,-111.07109928004512,-108.21140634065408,-109.41989231359884,-106.71190903798485,-108.12203446718253,-107.96328666061468,-109.34884188982744,-109.22915493946226,-109.8534262982235,-107.95114263808608,-109.1878970551863,-109.52072474777826,-110.10513878353801,-108.9986387193533,-110.48420771524773,-109.34767500833098,-108.21367237001351,-109.60247247582676,-108.15510550164248,-109.17170908844079,-105.20446092216899,-108.6814267969972,-108.21488052353911,-107.35579623522132,2,-108.76826452081539,-108.9986387193533,-111.07109928004512,1.3439511763354068,0.8066784052442764,1.9258482364442835
HDOK,PLOK,17472,20,20,-114,-7,10,2,29,-109.14109908765235,-109.41958733048737,-109.87024676081543,-112.35785577997859,-109.77430338838072,-109.68710390637882,-110.89392356633076,-109.55264483332299,-109.95471834156658,-109.1221907216008,-108.22339392321273,-110.2715351100031,-109.08734126625392,-108.6900580261308,-109.88911355421392,-109.45060294423153,-110.2136645830828,-108.7585020454055,-108.89269849977066,-109.91116253340431,-108.05509091592928,-109.01113884915335,-108.71902902005137,-108.61975835696708,-107.76643448569045,-109.83743538733059,-108.94257921127006,-106.99991338185652,-110.56285238111109,2,-109.36813717902012,-109.41958733048737,-112.35785577997859,1.0229155284374023,-0.40443820526703267,1.8799888718026456
HDOK,PLOK,17472,20,20,-114,-7,10,2,29,-110.04636871158256,-107.19103084029408,-109.89099172040822,-109.1618689735219,-109.19374593040266,-110.91687286426763,-109.65375465246122,-111.22432204259702,-108.02017253134092,-109.17898264579293,-110.23727289933096,-110.04590759630659,-108.75776744243707,-109.676012830348,-110.44260692202509,-109.19338556862682,-109.44303066666252,-110.54014364708671,-109.9810001226984,-110.05788923668105,-109.4853473126965,-108.32141968466941,-109.77631198721966,-108.77728575459241,-108.22612877780371,-108.05390190465418,-108.19734216039934,-110.19689592697992,-109.98477617178473,2,-109.44388060433353,-109.65375465246122,-111.22432204259702,0.8741424322024094,0.42945033418780854,-0.17620504358922773
HDOK,PLOK,17472,20,20,-114,-7,10,2,29,-108.57491716301848,-107.25497540990123,-109.48633781077292,-107.96790475705258,-108.81628720816994,-109.87534260868274,-111.49679957341294,-109.03984478728299,-109.1255181587395,-108.7279044165081,-109.09077040187731,-112.08577929672114,-110.03364723596442,-109.00875900398323,-109.59140285790869,-108.94611091781302,-109.33916588153944,-111.05227614511094,-107.70018912851238,-110.60338280579893,-110.2452313243491,-107.3545571184578,-108.65337825214503,-109.09209667972762,-109.06848567861799,-110.18780194591174,-109.28000875534616,-109.93676787386715,-108.85450918429659,2,-109.32724663384448,-109.09209667972762,-112.08577929672114,1.2022526879707476,-0.43749547318005017,0.5929897709073173
HDOK,PLOK,17472,20,20,-114,-7,10,2,29,-108.67242795900611,-108.12183449994656,-109.5964814689218,-109.33684093370533,-110.24257384161918,-108.38958712481441,-109.14229135907713,-109.09584850724502,-108.77733771746705,-108.19849101665014,-107.37368638026882,-109.03154391895967,-109.2467303925934,-107.68299888880797,-109.04363497532925,-110.3682589579329,-110.67662448517197,-109.12293506166931,-109.59768201643398,-108.02228282525458,-109.8716951786787,-108.54008141524056,-109.12546387350504,-109.00695152472495,-108.84205848285026,-110.06336183811321,-108.8355679736333,-108.81897707612474,-107.47936928993217,2,-108.97667651667852,-109.03154391895967,-110.67662448517197,0.6530891640433791,-0.01767051630419276,-0.12394641135991957
HDOK,PLOK,17472,20,20,-114,-7,10,2,29,-107.39224839539146,-107.77336237905894,-110.62471807684554,-107.39015420786434,-110.33322909817794,-109.11521901207756,-109.10979200958798,-109.35441575065634,-111.31567646643869,-109.84795545262655,-110.22791583998998,-108.3261555417653,-110.02666601110855,-108.9861069464657,-109.7313838619017,-107.86175616974249,-108.15476855780012,-108.70555897796291,-108.32043783642405,-109.98436563231725,-109.1617904333186,-110.34606115626315,-109.36886401686326,-107.09788650079241,-108.6080326164937,-108.13627406665844,-107.74676026093098,-111.23979384298795,-108.82648721207006,2,-109.0728909079511,-109.10979200958798,-111.31567646643869,1.2884229082382292,-0.17673360847565445,-0.7741922659437037
HDOK,PLOK,17472,20,20,-114,-7,10,2,29,-109.17845800384836,-109.68323120588957,-108.80502708326424,-110.66741186227276,-109.61687961824654,-109.60124592517174,-110.55291427657872,-110.89573010903551,-108.58370137854159,-110.43593054709157,-109.83572604897566,-109.38490447207205,-111.26034324641923,-109.30983332012923,-109.67886679324084,-109.65146005529611,-110.5239248782382,-109.44429670887921,-111.9407233312157,-108.53668935209684,-110.81738444424359,-108.62072587968187,-107.22436522259092,-108.43808340521386,-109.13846661793606,-108.38143050942153,-108.37033173601286,-108.52968966669074,-109.49317254718932,2,-109.53796373260292,-109.49317254718932,-111.9407233312157,1.0484162693736527,-0.22845034241847795,0.03459298047156345
HDOK,PLOK,17472,20,20,-114,-7,10,2,29,-108.01209507559949,-107.56805959641142,-110.91914184566322,-111.41375760484468,-111.18210529982112,-109.69532904584493,-109.83637065458505,-109.4828743309666,-111.23510933978484,-109.94621103735707,-108.52938373218201,-108.58322639485607,-109.50812976966516,-108.56290544417818,-108.56912122205645,-108.71179117996049,-110.1420387841483,-108.79511269554551,-110.49441675639567,-108.81356888200571,-108.75052326564908,-108.6950635277771,-108.66441960544405,-109.7380788698195,-109.00782185850024,-108.87552302414247,-108.86264650760914,-108.97840507885759,-108.94619184682674,2,-109.3282559405689,-108.94619184682674,-111.41375760484468,0.9330176848501914,-0.7225067847054875,-0.13721806571131134
HDOK,PLOK,17472,20,20,-114,-7,10,2,29,-107.93102244182407,-108.0165848168991,-109.92789647920091,-112.08496213226057,-110.12947924923732,-110.10555793168542,-110.04024797843954,-111.07061122564012,-110.24515638453973,-109.7109645699326,-109.28467154338367,-108.6850037138407,-110.7981436464569,-110.79603673968207,-109.37050668741499,-109.61477791543616,-108.80626535341653,-108.67973074580078,-110.25946586454435,-107.05952277390554,-110.0276286088421,-109.93099795466672,-107.0279029104374,-108.7655359579595,-107.3776990387948,-108.7819000196999,-108.61884043750426,-107.58971340816414,-109.13607738265054,2,-109.30596220387102,-109.37050668741499,-112.08496213226057,1.4842021977561632,0.07370166169141058,-0.267570366588747
HDOK,PLOK,17472,20,20,-114,-7,10,2,29,-108.60127847537758,-108.98849800506383,-110.01860267914282,-108.52245853964551,-110.55334045848495,-109.68718143969232,-108.70065587254642,-109.79171883864888,-109.94332451832551,-111.29142448444095,-106.97680387692502,-109.47321766868123,-108.44866268514696,-108.6392209275519,-109.71749302176153,-109.17499460691788,-109.41674331286877,-109.22677255324675,-110.76190381837236,-111.17955995138989,-109.45897528348294,-110.55898891164813,-109.21960180259873,-107.4078128222769,-109.22170038130673,-110.16659393414277,-108.72682488687225,-108.47619289850199,-110.23405990534815,2,-109.39946919173828,-109.41674331286877,-111.29142448444095,0.9800722774813208,0.2455549916861843,0.2803469911921268
HDOK,PLOK,17472,20,20,-114,-7,10,2,29,-108.4924239837663,-110.09682307458557,-108.02027135379204,-109.00909443529332,-109.07573586128487,-110.36239244260977,-107.09733520862501,-109.16969582017768,-109.21288764099195,-108.50674543234653,-107.34335995622477,-110.86093270462025,-108.76948050257263,-109.52873629620703,-110.31000103341411,-109.52936837963534,-108.77604740614747,-108.63942193428444,-109.72242969035214,-109.0307274385223,-109.5536382184892,-108.49513230615501,-108.24137394211111,-108.62333376573238,-109.71626551565484,-109.36124629432905,-107.88759070518805,-109.66161804191067,-110.30288263100782,2,-109.08265489710453,-109.07573586128487,-110.86093270462025,0.777810102305807,0.21147965613563663,-0.09339238005824546
HDOK,PLOK,17472,20,20,-114,-7,10,2,29,-107.98556986952336,-108.37156156872005,-109.36689595845503,-109.50433879974476,-110.11970429507089,-109.81386882793119,-111.85503436562003,-110.01916530434401,-110.61037672720722,-108.52896491168566,-106.63055910126985,-109.4984611357194,-109.08980794001691,-109.23154962878647,-108.07676292033912,-108.24798813892122,-109.857795174651,-111.53733066007027,-109.41779294805146,-109.70974654166551,-111.56461302789035,-109.00143152087115,-110.18542386843458,-110.14963803079368,-110.24671249994773,-108.69096966759201,-107.84764853999813,-110.59734101184867,-111.46355967005891,2,-109.55933147086995,-109.50433879974476,-111.85503436562003,1.474427729499373,0.10396227310319449,-0.021985773710716305
HDOK,PLOK,17472,20,20,-114,-7,10,2,29,-107.46609638505433,-109.83575685145647,-111.57994762021725,-112.53390829647394,-111.17884811691873,-111.17335959056534,-109.77780259270304,-111.08834471894396,-109.06336213676214,-109.655945265397,-109.4273890059536,-108.21125503482968,-109.84504121258341,-107.31416731469159,-109.20673162363849,-108.01833567198585,-107.86012329843142,-110.39282853928667,-109.13763537652987,-108.55903407209317,-111.32118205218785,-108.25488282888871,-109.71961480581983,-108.61466138423049,-110.2387703060999,-109.78567995030004,-108.23256982871425,-109.65011432798238,-108.45699602133784,2,-109.50346152517508,-109.65011432798238,-112.53390829647394,1.6760094166645723,-0.3638954585203711,-0.41791907564925834
HDOK,PLOK,17472,21,21,-114,-7,10,2,29,-109.76062547031773,-109.46402468383978,-106.43961972735774,-106.18084569880865,-108.58251443498565,-106.8112248065881,-106.12749084687576,-108.20687640884269,-106.70935152069514,-106.5998367040413,-108.44829726565492,-107.37945317518641,-107.32477016541837,-106.51859044909841,-107.90800202806307,-107.6069238262992,-106.58425669825897,-107.4577304186051,-110.19489949552694,-110.03717584331154,-110.26918461807757,-109.62540175836928,-107.469654557645,-107.53472918371176,-109.38095758933436,-109.23979327333838,-109.41194748268894,-111.2563238580848,-110.52845032384215,2,-108.24341214871953,-107.90800202806307,-111.2563238580848,2.1926125741240243,-0.2805642495992728,-1.1901153318432969
HDOK,PLOK,17472,21,21,-114,-7,10,2,29,-109.43828331649533,-107.86858820083799,-107.65085366266105,-106.02558616599238,-106.05898215013312,-107.2641090351299,-106.40324465184129,-107.32316515240802,-109.20009705410723,-107.91477789727143,-109.89148149168032,-107.93689293161823,-108.73393745007797,-108.52730426739697,-109.66175855093589,-108.18201346538645,-111.53949139672295,-109.70318602099043,-109.55280846043144,-108.73206398455652,-108.95647457708732,-108.03621984131298,-110.59763065795724,-109.57890672659151,-110.3626170507818,-108.51812650371677,-107.42065187156344,-108.58146198006278,-108.71751177363143,2,-108.56476642377173,-108.58146198006278,-111.53949139672295,1.668458382589211,0.01642840101247996,-0.0009111807085875334
HDOK,PLOK,17472,21,21,-114,-7,10,2,29,-109.32677359789997,-108.60808293878665,-107.59608883467604,-106.78774812859791,-106.82328171745212,-107.11294993433917,-106.28952358869579,-108.80652718502061,-108.62102428572616,-108.00796557910982,-108.132293883733,-110.00420746678245,-108.31955663426557,-109.18702424927027,-107.98977616050136,-110.5326279167075,-108.09139382465037,-108.7199594126175,-108.39630442443755,-107.48766055160523,-109.89112814945973,-106.80518359488767,-110.72273049913868,-108.33420406415439,-110.79227676312227,-109.67917964131617,-109.58835500446091,-109.47612077625831,-109.89892505477825,2,-108.62168530560177,-108.60808293878665,-110.79227676312227,1.4843829007169296,0.01906580372334028,-0.7740907822382379
HDOK,PLOK,17472,21,21,-114,-7,10,2,29,-109.30622289430498,-107.67687763774101,-107.72365198602591,-105.9761490548938,-107.349132987552,-108.22620825692653,-106.63606732756702,-108.02241617278185,-107.71791333466533,-107.54252532856762,-108.13058200937523,-109.25818308679456,-107.87680173117425,-109.18236054333207,-108.55710530905043,-110.63361897831962,-108.55744931889944,-109.5469208967668,-109.51864869635052,-105.66399536599607,-109.398046936638,-110.48437494130627,-110.22053938143591,-108.09184045196407,-109.97684568826327,-108.37176604305229,-110.21203111726824,-109.96271278439092,-109.49650410768189,2,-108.59715490927886,-108.55710530905043,-110.63361897831962,1.6237773188007987,0.42786553986384435,-0.28370864570732257
HDOK,PLOK,17472,21,21,-114,-7,10,2,29,-110.23095033867553,-108.68870924211814,-106.47484536417186,-106.0878340684766,-107.34838618580461,-107.62895889888894,-106.5747190341904,-108.063802135791,-108.00747361695768,-109.15445971939505,-108.59070628033875,-107.61663554642496,-106.97242108256845,-106.43332879491187,-108.64154025279481,-107.40255649275932,-110.53255276406747,-108.8014781405387,-109.71875933424587,-108.45359754315801,-108.11454766808338,-109.5979499379477,-107.40349788209636,-109.18445363906771,-110.1484595640185,-110.26031411185805,-108.84164844971995,-108.44343718299304,-109.80917354632138,2,-108.38714471787532,-108.45359754315801,-110.53255276406747,1.525420005968931,0.05899177781053883,-0.8794203460019863
HDOK,PLOK,17472,21,21,-114,-7,10,2,29,-111.18457186389746,-107.9235576333819,-107.1880304296738,-106.9898334976452,-107.41105671391236,-107.4266035806398,-107.47474598295295,-107.5523020721726,-108.03926109191802,-108.4050366610612,-107.90272909044124,-108.56964919110307,-107.92408925423342,-109.04041319966304,-109.51544921028213,-108.52862838020211,-108.89220305434682,-108.0078395343224,-108.64659895023156,-109.77577805422823,-110.44841538408407,-108.10769028525455,-110.73994785118943,-109.18255092232125,-108.84889554290847,-108.15408733565118,-109.67373690829733,-108.14586925597668,-108.60291681257753,2,-108.56215474981275,-108.4050366610612,-111.18457186389746,1.075466156748393,-0.8603089857897072,0.34230530021578565
HDOK,PLOK,17472,21,21,-114,-7,10,2,29,-109.34715407923699,-109.17674864930748,-107.22136531348514,-105.93908216469175,-108.49769118143668,-108.69940388188874,-107.44287238713896,-108.46363963082672,-107.35430203784715,-108.09822809929763,-108.62845335334859,-106.54604309945408,-108.28763483600204,-109.60207071644399,-108.5031662770552,-109.52105360312014,-107.35818487608684,-108.47621789931885,-108.50306201071058,-107.16871711622733,-108.42480615370354,-108.53944767436828,-107.14892432674745,-109.95898480384575,-109.50909474372153,-108.74549247973607,-109.0908258132492,-109.94860869479304,-108.87513488706126,2,-108.3819451996604,-108.50306201071058,-109.95898480384575,0.9806449875683114,0.5442466050768588,-0.10681025072569694
HDOK,PLOK,17472,21,21,-114,-7,10,2,29,-111.89205219064036,-107.46311235778914,-107.47368925390059,-106.42560330997979,-108.40877485256419,-108.21670839904276,-106.20965845071323,-107.0849632841961,-106.35708637732175,-108.91896537675808,-109.87163153798654,-107.95973778380373,-106.43568662889261,-109.0175398111177,-108.72250279188088,-108.35828496413319,-110.47116464901681,-109.32050185683535,-108.20976862912036,-110.8693569469237,-109.05281977154097,-109.35434051448316,-109.38306003753532,-109.1692968452166,-108.60432285748355,-107.7040896242139,-110.08220120322775,-109.10340926780484,-109.58228637404422,2,-108.61112468786784,-108.72250279188088,-111.89205219064036,1.8503091747185685,-0.10595033568026108,-0.010561312846435023
HDOK,PLOK,17472,21,21,-114,-7,10,2,29,-109.20468952545883,-107.27614735419739,-106.02042782535354,-106.99986179752557,-107.64023126616776,-106.37781992041809,-107.28660943396758,-108.07880160655878,-108.45417599837663,-107.79801462217796,-108.48626152186829,-107.67065435410613,-107.11354352470441,-107.97638463713352,-107.9616406365141,-108.77641923202698,-109.12369152813594,-109.88240299585644,-110.16154481215469,-108.3811958673981,-108.17575614870358,-111.23702180397969,-108.12954064462981,-111.19376576952965,-112.30384542942234,-109.11662792091096,-110.20884827997368,-109.13729145971013,-109.55747715051045,2,-108.61140320922311,-108.3811958673981,-112.30384542942234,2.0700090542820493,-0.647872559039963,0.3524223056137097
HDOK,PLOK,17472,21,21,-114,-7,10,2,29,-110.03396901213563,-107.50938071362079,-106.76640121003793,-105.75607196618131,-108.50076671871666,-107.04208523987492,-106.77036267716333,-105.61959160119754,-107.27264696439131,-107.82564813652637,-107.98657002401742,-108.01722577307223,-108.11787549073034,-107.92288614559713,-109.53034990188603,-107.31886529306324,-108.89408452926926,-108.0243597030577,-108.94265874809417,-107.56279970698756,-107.92296276420385,-109.56753370835871,-107.71941662708251,-109.4038334536931,-107.9776915268465,-109.10944713825624,-109.69561239942746,-111.73525086374963,-109.53750571754107,2,-108.20978806050965,-107.98657002401742,-111.73525086374963,1.6622616587783796,-0.3624891630053801,0.7837044085053386
HDOK,PLOK,17472,21,21,-114,-7,10,2,29,-110.86623382258746,-109.38775188228553,-107.0517606831798,-106.72246156469113,-107.99738905927566,-107.4047715741308,-109.02313246285688,-109.57244156821338,-108.78043347497419,-109.66205801191208,-107.326123845073,-107.73051214953306,-107.16553432835443,-108.38638603713133,-107.24948875106347,-108.8497397452914,-106.4457197847353,-111.34267728879709,-108.34491134207111,-109.81724019140033,-107.44150944798268,-108.30036302016556,-108.1993067818932,-107.82903874873897,-109.25548047299284,-107.5753753950078,-108.1453007766299,-108.66004855109531,-109.09801787296628,2,-108.40107615982863,-108.30036302016556,-111.34267728879709,1.3383079037822139,-0.631810746207918,0.24585973206315082
HDOK,PLOK,17472,21,21,-114,-7,10,2,29,-109.70504840865458,-107.87668961427772,-107.01981783733592,-107.56773065694823,-107.35411313057959,-105.72428364435437,-108.06860073014165,-109.0715094414575,-110.04174722071171,-107.9994003985467,-109.41919977393519,-107.67741815403531,-108.9669414310879,-110.14907125965354,-106.67887675397937,-109.90032919331414,-108.50344060985033,-108.73106320701777,-109.34266787875791,-108.73127875778658,-108.74853829132215,-108.35758655176966,-108.74890578346276,-108.62149035255321,-109.40477268647928,-109.05253059637622,-111.27966653110906,-110.61173300440315,-109.21820768887042,2,-108.70940205478522,-108.74853829132215,-111.27966653110906,1.3905156433681747,0.28963053156184393,0.4824782737379727
HDOK,PLOK,17472,21,21,-114,-7,10,2,29,-111.59247386061291,-107.597665043162,-105.49639642096611,-107.54091162126637,-108.88767049675793,-109.09713487723158,-107.6715485542009,-107.6314047283436,-109.02765477811023,-109.73625792800539,-107.0481831980897,-108.86905118676552,-107.33744386133625,-110.31343433326336,-110.50032189284654,-108.13450049127579,-108.93680297474323,-108.98253155669266,-109.62306748637053,-108.9119753671153,-107.6481257800888,-108.10679217628801,-107.01865142295611,-108.74045008509405,-108.94826286497073,-108.62314175525711,-108.21920265619953,-108.66036581163434,-109.50006587598871,2,-108.56556858915975,-108.74045008509405,-111.59247386061291,1.4232996479391453,-0.042746884312323034,1.082296660590416
HDOK,PLOK,17472,21,21,-114,-7,10,2,29,-110.33941040105607,-110.02040565124564,-105.81076252748981,-107.57868100914722,-108.8373138923931,-106.99168504606833,-106.85805593192929,-108.85313153192634,-108.38595362298992,-108.6309112363695,-108.74122406606702,-107.38072086652569,-108.56120600575733,-108.33939558779555,-109.9607798431726,-107.61807017248529,-109.35588711504137,-107.78965284571703,-108.53266010357953,-109.25488898551137,-110.43142953577733,-108.85188660314724,-109.91863999266197,-107.68126296586705,-110.0936053826164,-111.5602066041729,-107.58132100355934,-109.6862304271408,-108.81901610317801,2,-108.70566879518583,-108.74122406606702,-111.5602066041729,1.5394315963971714,0.021730448666928467,0.044266415866933695
HDOK,PLOK,17472,21,21,-114,-7,10,2,29,-110.18941524918208,-108.04366180319417,-103.12008160765052,-106.9294324384115,-104.750358570456,-107.97551973858745,-108.57821723931112,-108.26463355535925,-108.77840380218858,-107.82615531326586,-107.88832861843873,-108.70636846668276,-106.57835948568324,-106.7271615675141,-108.34886458361923,-109.25353779070632,-108.5988761174811,-109.65296883603735,-108.51159243658672,-108.39551508320852,-108.87183713282542,-108.55004749935165,-108.89190726897937,-109.88689201732195,-110.05689016319299,-109.3232007998206,-109.12427216170572,-108.14083828735009,-110.0851028664354,2,-108.27753243105339,-108.55004749935165,-110.18941524918208,2.2589367029423784,1.7538861492182765,4.146540320783968
HDOK,PLOK,17472,21,21,-114,-7,10,2,29,-110.78354365669881,-107.29859714307446,-105.87396489704756,-106.2044422308581,-107.05099543576058,-108.81132155530211,-108.48302209551302,-107.37747054514067,-109.82084281302578,-106.90706258039148,-109.4358554153234,-107.2805870301344,-108.94929853582899,-109.1774517148787,-107.27721003446122,-107.87532662632212,-109.26878288711063,-108.16980769657843,-110.69007151039078,-109.75985562361409,-108.25330434713429,-109.987726999831,-109.02317444654459,-111.21039424602331,-108.68886226517675,-109.92419006357888,-110.47131387404184,-109.52077034288399,-109.869264015246,2,-108.73946588372124,-108.94929853582899,-111.21039424602331,1.9190821645078375,0.25733384414965965,-0.7386935711912499
HDOK,PLOK,17472,21,21,-114,-7,10,2,29,-109.91316425277324,-108.75487625862006,-106.30872283090966,-106.37986651677373,-108.1962368879724,-108.18912291649163,-108.17038046007963,-105.92901458777777,-107.7956856646133,-108.36827499307131,-110.48672246690747,-107.67846366934553,-108.26490394006619,-107.93761821505997,-108.67905028118466,-108.51002918324046,-108.8399527139946,-108.70437196676626,-109.50825977425586,-108.98969476827182,-108.780532144784,-107.94263885613759,-107.82903881840349,-108.82988072310685,-109.06663666601868,-109.46444617769458,-109.0402999370602,-109.48447606605136,-109.6175172198865,2,-108.47103030887307,-108.67905028118466,-110.48672246690747,1.0311803939234927,0.7156513908610772,0.9101975392702459
HDOK,PLOK,17472,21,21,-114,-7,10,2,29,-110.16751436194227,-108.3333651393034,-107.86767617070291,-105.81460567410141,-109.89761189116207,-106.79087964308822,-107.71325576620247,-109.59065782788579,-107.49692048189286,-106.85462091886109,-107.8352639868157,-107.56927667387252,-107.52520087500808,-108.69801776778671,-107.66893814707295,-107.70340872240266,-108.86561072628335,-107.46025211743928,-109.63292675864119,-108.7327409482377,-109.15955493226836,-108.10162859074536,-108.61539421023868,-109.06387916717598,-109.7236483475953,-109.63387378410533,-110.05414670029005,-109.01793045517941,-108.79168257343201,2,-108.42691321930113,-108.61539421023868,-110.16751436194227,1.148720402875188,0.2861549783544682,-0.4056325738994633
HDOK,PLOK,17472,21,21,-114,-7,10,2,29,-110.69512202389356,-109.90929591972883,-107.93020026029525,-106.60794651979042,-106.48432366851652,-106.25594859123541,-108.44265017421027,-106.71333382584444,-108.15629274562276,-108.3363149902528,-108.15245051029092,-107.91758792147287,-107.33288780376677,-108.4677292019704,-106.8683656157222,-107.73169959872989,-108.88394308517822,-108.81796538445222,-108.58382675972128,-109.40070465780839,-107.53365674178791,-108.31604999315775,-110.08735783863305,-109.1253789247261,-109.53184697792314,-108.71140695633149,-110.26922728689576,-109.09366977247647,-108.91469675790341,2,-108.38868553477032,-108.44265017421027,-110.69512202389356,1.2956532719763871,0.04385982604877697,-0.4712409097464092
HDOK,PLOK,17472,21,21,-114,-7,10,2,29,-110.43961968325954,-107.79169457697805,-108.08022885106958,-106.72358507405441,-108.0375706139283,-107.83458497659862,-106.98095352654418,-108.32942497393222,-107.40395210335745,-108.0827026313418,-108.18292847709789,-107.88546865081142,-108.26333501149915,-107.94337690846386,-107.42425888542529,-109.15825485511847,-108.05745817365177,-109.23829820982768,-110.02155336884887,-107.46572538056277,-108.5937719167066,-109.03831202987594,-107.37348643407188,-108.30486480058347,-109.19147674724486,-109.19289267202122,-107.08421905513399,-109.75264258061499,-111.3278812387549,2,-108.38636284163374,-108.0827026313418,-111.3278812387549,1.1132609310214576,-0.9129225504760992,0.7621068295188649
HDOK,PLOK,17472,22,22,-114,-7,10,2,29,-108.32680719915246,-109.65119786893658,-110.14271323815183,-109.27638084886043,-109.57110516305252,-108.1742486893619,-108.6843600473509,-108.06990458554031,-107.79313981021852,-109.30385471329261,-108.3459397964174,-110.49450452187371,-109.66164125986144,-110.25411407341984,-107.6691786361344,-110.30249300293407,-109.38899070108646,-110.29599012905679,-107.49716019563179,-109.33961551451095,-108.92700410693959,-110.08482230567904,-109.55279110344415,-108.34432526086331,-108.6583114154796,-108.6961599812817,-108.66716877152776,-109.71255970772894,-109.1320014489216,2,-109.10408565850726,-109.27638084886043,-110.49450452187371,0.7094392717485385,0.14854878159567012,-0.9732873344385649
HDOK,PLOK,17472,22,22,-114,-7,10,2,29,-108.46290138662923,-110.5676549648929,-108.8534048658368,-109.79148610753104,-109.8233211143329,-109.17599536360333,-110.127915520949,-108.73244404357189,-107.08210927164977,-106.60846475556446,-109.57749976106213,-110.09898666049692,-111.16699936931519,-107.70035101969974,-107.20676024125508,-109.1789961692788,-108.52434577781735,-107.77881793222349,-109.09098818311203,-109.42047026609815,-108.67698076392912,-107.91125422827183,-108.87088296247957,-108.45977707226267,-107.56006166050254,-108.502761740426,-109.66261084635286,-109.67015896529476,-110.56787026407274,2,-108.92594038891423,-108.87088296247957,-111.16699936931519,1.2078321977496087,0.13788831368135201,-0.4197165558978524
HDOK,PLOK,17472,22,22,-114,-7,10,2,29,-110.16451449009591,-110.36055275137079,-109.72638805651812,-109.01049746792135,-109.30660872294749,-109.73261889730863,-108.38546735982891,-108.20561954672911,-109.15661985151135,-109.28950034021214,-108.66962569525502,-107.86359804869674,-107.00814981633252,-109.41793822119692,-108.93668581758715,-108.60149870581613,-107.43191809633956,-107.75927835347596,-107.75990528449952,-109.03759589397256,-108.86953196163932,-109.05606782735344,-108.39347231444228,-110.60559030981109,-110.04085007610131,-109.64998102982274,-109.67332774038253,-108.00816326583147,-108.05725874966122,2,-108.90271809285039,-109.01049746792135,-110.60559030981109,0.801688731917507,0.11417818226469827,-0.619124054903299
HDOK,PLOK,17472,22,22,-114,-7,10,2,29,-111.07821272263482,-110.08649148740604,-110.15574198324225,-108.44190152390709,-108.50395270975106,-108.94967815295865,-108.86057933305678,-109.72496982259788,-108.85332310082438,-107.92371659786289,-110.09819423026369,-108.1690067705112,-110.77745732645656,-108.27210494303436,-107.67762400799285,-107.95951772584296,-109.29657809279298,-109.22933385913763,-109.29319497304056,-109.96953454632015,-109.00656235473035,-109.3900411353355,-107.99182006136768,-107.17694372404928,-108.39035342701571,-108.80658214619136,-108.0681226494365,-108.78608520061817,-107.88249362857425,2,-108.92483166334324,-108.85332310082438,-111.07821272263482,0.8828984017320339,-0.4590484815282945,-0.2926466265648786
HDOK,PLOK,17472,22,22,-114,-7,10,2,29,-110.64065115488778,-108.793872500033,-109.42763599113644,-109.21588390418258,-109.4910270020649,-109.97382873734952,-109.18325067047553,-107.88189545822172,-107.99270799999375,-108.25323746824992,-107.70368222113326,-109.91885358417528,-110.16356494237073,-108.81998509745733,-109.78173462798928,-106.77197357911918,-109.26065418593646,-107.80240153508478,-110.62441806762251,-106.92961079749045,-108.7650223597719,-109.44751331391117,-109.67647131669888,-109.36359856637561,-108.71391191992795,-108.97141401859797,-109.10898509339589,-109.05429132202724,-110.1127942359508,2,-109.02913350591835,-109.18325067047553,-110.64065115488778,0.9337699415038884,0.5877872161858558,0.07100192622285917
HDOK,PLOK,17472,22,22,-114,-7,10,2,29,-111.3686693227802,-108.81337235601981,-109.62742644208224,-109.25102192324458,-109.81159230799764,-110.26921017286578,-109.11709256592795,-108.28650120274999,-108.568421558236,-110.30260844398218,-109.16269774431863,-108.99486331540655,-108.17568690363959,-109.61057365255179,-108.83243440623656,-108.01185668914162,-110.30949437646909,-108.11047943944683,-108.98600352844966,-109.30034010627227,-108.71000793399915,-108.70805439531568,-108.66780502620234,-108.75930590442293,-108.23069880990133,-110.83870834562569,-107.91937657100246,-108.98102804447495,-109.71034283044418,2,-109.15295428686922,-108.98600352844966,-111.3686693227802,0.7159227466161058,-0.7985316482838859,0.29937302576937475
HDOK,PLOK,17472,22,22,-114,-7,10,2,29,-109.44750621909961,-109.57201924299163,-107.75715629606573,-108.08573891050236,-109.18545814091536,-111.51723294317692,-107.78874194507196,-109.10887210814164,-107.3168351750337,-107.89789288645594,-108.31168487768144,-107.64329085418218,-109.37976210374782,-110.95320198214861,-111.29318216658187,-110.88014371532383,-108.35582871585483,-107.57530715013219,-109.03855794989424,-108.64425491896745,-108.35665952463756,-108.62774065580881,-107.54218366315729,-110.19889647162641,-108.20965410833718,-111.14209600980298,-110.52647055211206,-110.50440727168325,-108.15323945647846,2,-109.06944882812458,-108.64425491896745,-111.51723294317692,1.618769704049948,-0.5311200192317863,-1.0316812103275232
HDOK,PLOK,17472,22,22,-114,-7,10,2,29,-109.41565424799023,-108.92455034048415,-108.80060983585504,-108.72330036695755,-108.74240835019792,-109.72567332484103,-110.30685416077313,-109.2445961876403,-107.86398570152667,-107.06499691417687,-110.1375314171758,-107.9975657607954,-108.30968323638125,-107.60864966230817,-108.53822006412086,-108.59923816734232,-109.29547032690402,-110.01008039660671,-109.77993975562163,-106.70985010768163,-110.03416572573225,-110.68830445373986,-110.1864852264423,-107.34005165725021,-105.59388146933662,-108.95117969721586,-108.66709092982397,-109.11570305620678,-108.73867406240097,2,-108.79704808977691,-108.80060983585504,-110.68830445373986,1.3248632692421771,0.7679327036568717,0.7015524751953
HDOK,PLOK,17472,22,22,-114,-7,10,2,29,-109.94552882649882,-110.50575522928176,-109.13789857977501,-110.52738407015053,-109.0242773571673,-108.04849277076985,-109.4297550229499,-109.94423700338807,-108.19186543056232,-109.19480919417981,-109.25103742365552,-108.49756676710626,-109.95944900132426,-108.58085545440326,-108.9161766141406,-109.76421562248382,-108.54882570416858,-106.03631038108375,-109.36435077536673,-107.58273386870242,-108.83272878383193,-109.36027101084501,-107.88903452003683,-108.21510370537108,-110.0679957836605,-108.64611786220853,-109.6387882745688,-108.43258918871304,-109.0718693840416,2,-108.98641460725638,-109.0718693840416,-110.52738407015053,0.8731515140377313,0.8894735437482784,1.9742574117436535
HDOK,PLOK,17472,22,22,-114,-7,10,2,29,-109.41199351967003,-109.67614868596593,-110.46695942248898,-109.55897812335199,-108.26023189841005,-108.41452456293736,-107.78059099223503,-108.83797887315653,-107.37084852211838,-108.6051405266467,-108.74586677466932,-109.63125209009351,-108.96423058028773,-109.48325206016534,-109.12149052659389,-108.71538894115322,-108.02418681818288,-109.82401464866821,-109.19187011676814,-108.11540370849347,-108.86546043323177,-107.11824477390188,-109.02702388317987,-108.12981068041701,-107.99625487513501,-108.02823768100144,-109.00291408238891,-110.09064374362674,-110.96905788400638,2,-108.87682756651539,-108.86546043323177,-110.96905788400638,0.7739459192762893,-0.22448175879676788,-0.019452400901552203
HDOK,PLOK,17472,22,22,-114,-7,10,2,29,-109.01847889374396,-109.63806897254528,-109.30816426668291,-108.95002298620824,-108.09550699990054,-109.43426451486741,-108.45183601194658,-109.85277215408482,-108.90140505942996,-110.15582283544394,-108.06826586918085,-109.92849151608287,-108.04372014476441,-109.95653944922611,-107.87680065261783,-110.67765240905663,-109.13063623959214,-107.37668262963551,-108.99301217443197,-109.29688341072601,-108.74287888535174,-106.56923307371228,-107.60723679784407,-107.91637612807784,-108.62327193925566,-108.80778704384795,-109.16415385945156,-108.95122983809979,-109.73237108832394,2,-108.87136433945287,-108.95122983809979,-110.67765240905663,0.8142971609312958,0.4043912422343842,0.17990113695761378
HDOK,PLOK,17472,22,22,-114,-7,10,2,29,-111.95253250137205,-110.1911952875391,-109.99606026644756,-109.45058267387314,-109.09561825118632,-110.13747986219887,-106.95559135312683,-108.85739832725932,-107.58565190419137,-106.7792198589227,-108.28190905202217,-108.20355502112666,-107.69017599217322,-108.70779540883271,-109.6618258783165,-109.9485326467087,-108.51176339719488,-107.872060520639,-109.44645472221367,-107.88889627524885,-107.81078139101456,-109.89082585024059,-108.26938585978445,-106.76930100329162,-107.72924432850644,-108.40934921253599,-110.64659360167337,-109.87996520438304,-107.5642576329719,2,-108.76496563051711,-108.51176339719488,-111.95253250137205,1.538836460671692,-0.42168811391698785,-0.16383053055942742
HDOK,PLOK,17472,22,22,-114,-7,10,2,29,-110.2170909631986,-111.38504866452186,-108.92601731095121,-110.26301187937557,-110.0526609489842,-107.97317774469849,-108.11031472853288,-107.1504626361433,-107.26884646130735,-107.76885533899559,-109.68745987953437,-107.78581698289085,-110.10404732084531,-109.25435980638514,-109.52718480895373,-108.93607764348006,-108.70958350729528,-108.30593455580923,-109.40216895951185,-109.67853605907865,-107.06220547935261,-108.9095109023217,-108.06689650197221,-111.34102388334627,-109.69026857298599,-108.74394578073355,-108.79919231316582,-111.02677930958001,-109.54258888181378,2,-109.09272647675053,-108.93607764348006,-111.38504866452186,1.3520029594494414,-0.13992904279289672,-0.5219019033646743
HDOK,PLOK,17472,22,22,-114,-7,10,2,29,-110.76465712784952,-110.6455217758402,-109.21079537094697,-107.10366438827128,-109.09902482061612,-108.31148818809267,-107.80536818811738,-109.2802357090327,-107.90817511744181,-107.00240783085299,-108.12304442311454,-109.93962869621984,-108.97529123395188,-107.71205818013404,-109.45447922530859,-108.8560184944445,-108.65783247278837,-109.2565066840458,-108.78297470713962,-106.98394229896084,-107.25593712234526,-108.40770590610805,-108.10978899596199,-108.47829487256843,-110.77811091808046,-108.77518625734488,-107.3242562756689,-108.66062434357686,-109.2345889362919,2,-108.65164167452126,-108.66062434357686,-110.77811091808046,1.0895131874634998,-0.3362090700064896,-0.24061032808679794
HDOK,PLOK,17472,22,22,-114,-7,10,2,29,-111.91168069815518,-109.74854949745719,-110.12740050700368,-105.92165089717284,-110.67454277314907,-109.15285114722448,-107.14889141483395,-108.928918781693,-106.06227322639528,-108.43746461116251,-108.46324673774743,-107.77413686677276,-108.86982913076945,-109.2052868216316,-110.08680993316865,-109.952133591448,-109.9961898642304,-110.77548199651027,-108.58352616113513,-106.53747241945315,-107.72224504411271,-110.20367270631343,-110.1988266561367,-109.47962037459249,-109.74512740531141,-110.36877141564479,-107.0826760088058,-108.5146950835184,-107.34688114381942,2,-108.93175354880582,-109.15285114722448,-111.91168069815518,2.1723442477248662,0.36800075259577014,-0.4544468132012338
HDOK,PLOK,17472,22,22,-114,-7,10,2,29,-110.41723531648981,-108.83777736467862,-109.36395860315496,-108.92362655553053,-107.67886719151646,-108.9789436918708,-106.70611236085607,-109.83310397496393,-108.62049587512384,-109.67943810787595,-108.92822071309615,-109.13927801726344,-108.79010270724433,-108.16405312116653,-109.48074937949218,-108.88420850346621,-107.7825171768797,-108.62320563918988,-108.1349445024507,-109.16510732794255,-109.28978448807015,-108.35385149374595,-109.61402158043288,-109.64099634089729,-109.06151283943153,-110.417258920169,-109.06453680692728,-109.83713299242521,-108.56835930408033,2,-108.96480692746319,-108.9789436918708,-110.417258920169,0.6223983223546422,0.6019354303149809,1.187065044489692
HDOK,PLOK,17472,22,22,-114,-7,10,2,29,-109.64398287874984,-110.78454297668422,-108.92398018588823,-109.29530941394388,-109.08736338330668,-109.57287225865463,-107.92211034531654,-108.04329850959513,-108.32049827222373,-107.82731926289333,-109.71203662994664,-108.88007806251741,-108.53262174926434,-110.25159610221195,-107.70763219388735,-109.58762570655622,-108.19855890088677,-108.7001485538422,-109.20889513918601,-107.42505146750267,-108.6565404199984,-109.21522800556441,-107.6904309248751,-111.00987963361754,-109.28454023938131,-109.56248493131865,-111.84564043800643,-108.61290197955775,-108.69676956547379,2,-109.04137717692589,-108.92398018588823,-111.84564043800643,1.0388388313352792,-0.7971318504671211,0.7712334015340523
HDOK,PLOK,17472,22,22,-114,-7,10,2,29,-110.43965436289898,-109.71981926250466,-107.92032770621537,-108.66876161620648,-109.1519585280722,-109.27608535898973,-108.8805338444517,-107.98758820511658,-106.70219714264603,-110.3542635785582,-108.25112321461789,-109.11488087412341,-108.61012149579349,-109.18298102202901,-108.33024474765257,-106.91017330763398,-108.62731012089317,-108.3270965701795,-108.55576219788367,-108.4854689586517,-110.4219836003264,-107.68653573391575,-109.64824142888949,-109.69633895005457,-108.76250132509972,-109.21512835603805,-109.00295098521124,-108.50532785060778,-109.06536811103648,2,-108.8103699467689,-108.76250132509972,-110.43965436289898,0.7830708447729555,0.2557098014056247,0.4912262309386466
HDOK,PLOK,17472,22,22,-114,-7,10,2,29,-109.82730338458506,-110.86429161593696,-107.94569963298449,-109.24833742367457,-108.76918714433087,-106.56112853174128,-109.04096639300742,-108.3641727663377,-109.27664167017676,-107.31275274643033,-107.5637466043481,-109.08608056752901,-108.74809836295881,-109.39331609300885,-109.1225383580324,-110.64143809561264,-109.3894623116142,-109.08690859422912,-109.83435274992344,-106.76609625484166,-107.55571844859028,-109.03819771730481,-109.83522964881425,-109.07411439151934,-109.90900954165903,-108.4587855579813,-108.9709863861313,-110.37312253587476,-109.37073380648346,2,-108.94580749433315,-109.08608056752901,-110.86429161593696,1.0812283005902419,0.54264096760067,0.15755580260266466
HDOK,PLOK,17472,22,22,-114,-7,10,2,29,-111.41976550666068,-111.64471122382723,-108.5986961530313,-108.81538328070053,-108.65366502687388,-108.08976043493172,-107.77964075043317,-108.26648809048092,-108.23171657731737,-108.01435218389418,-108.02965135796906,-109.61788227286594,-109.7370823915885,-109.78200050153879,-106.54373070652798,-108.51600625232456,-108.85960475689505,-111.0429308614447,-110.23705500075029,-109.35601458145695,-111.41082542671687,-109.61031987189241,-108.69608742430762,-109.79384889728678,-107.43388378854726,-110.40475732540393,-109.1821441839384,-110.34009143495864,-110.173686603883,2,-109.25109596098095,-109.1821441839384,-111.64471122382723,1.5479236926572504,-0.13803544839245335,-0.4127339214903012
HDOK,PLOK,17472,23,23,-115,-7,10,2,29,-110.44602537835043,-107.66815031268415,-109.04141474408134,-109.7798034111829,-109.47581140543062,-109.7333767375327,-109.26518391343804,-108.09373561461094,-108.66146392080013,-109.28941913390203,-108.23202214408559,-108.53061381239817,-106.98190516514012,-108.16002594068505,-108.71338302372644,-108.61804064777802,-108.56504862872852,-109.5691165585244,-108.593791048244,-108.58378157009132,-107.64177312605403,-108.71933881846026,-109.02354382745102,-107.78397256584836,-108.7011823851544,-109.83904815347846,-110.81035866393344,-107.24149100740794,-107.39996509200992,2,-108.72975126728319,-108.66146392080013,-110.81035866393344,0.8277446459417142,-0.19736296264073375,-0.13852814360007049
HDOK,PLOK,17472,23,23,-115,-7,10,2,29,-110.02191062157839,-109.04721221883834,-108.71364260672158,-109.60892110389182,-108.24302815727543,-108.7722472452296,-111.17705071086878,-109.8362007020072,-108.67799242237153,-108.92061945897998,-108.69214055905067,-109.395476103076,-108.56100827671985,-107.69538783426954,-108.39924340764263,-109.01893621023119,-107.32780082868175,-109.33708687449908,-107.14669186727416,-106.66446817332582,-110.1371279946618,-110.52048918837626,-107.06793438293617,-107.89037309611389,-110.51328967278516,-109.0722372609207,-109.10090726011522,-109.66951996330211,-108.55986702180599,2,-108.8892693525362,-108.92061945897998,-111.17705071086878,1.142772934176054,0.10133926693509197,-0.15894668624270425
HDOK,PLOK,17472,23,23,-115,-7,10,2,29,-109.73676275575147,-107.410651705519,-110.82988342203234,-111.23438135556682,-109.1339803202318,-109.06782338038856,-107.20635342507946,-109.22574591401195,-108.60682690141704,-108.98917191782348,-107.11604890777231,-108.7967891037949,-109.97483620352706,-108.12566379029387,-108.67951114897585,-109.71699702985225,-107.18528933283312,-105.57722548281846,-108.7034783538167,-106.97034120766632,-109.56481034806563,-108.2264902682197,-108.57797661903086,-107.97770384263644,-109.51479165367938,-109.00492536244988,-109.5742184113304,-109.91278986832505,-109.84394345102612,2,-108.77535901668745,-108.98917191782348,-111.23438135556682,1.4762262703411593,0.47220274931905154,0.46739658459656885
HDOK,PLOK,17472,23,23,-115,-7,10,2,29,-110.7223994936408,-107.70553581419875,-108.53802313405524,-108.47610663341594,-109.72113947301558,-109.58194208212979,-109.19833341159428,-106.36503303719695,-109.86552014206454,-109.68560740637876,-107.98503049384163,-108.47379681476828,-108.57363410441819,-108.44604974998575,-107.34380979143816,-109.3421941760285,-107.48187487133512,-108.17478685433885,-108.52273139270166,-109.67166772918469,-108.34044627564366,-108.2137420186283,-109.91325743680974,-108.29411083515245,-109.10394016019276,-108.98639012174564,-109.53738496461543,-109.93876542760438,-109.75427117572416,2,-108.82612155247749,-108.57363410441819,-110.7223994936408,0.8886052214861477,0.4001138194108832,0.17837890273722534
HDOK,PLOK,17472,23,23,-115,-7,10,2,29,-109.6265351994485,-106.90199379237414,-109.56063205825522,-108.4434787266274,-108.1942542348899,-109.2383316730507,-108.85014331470579,-109.61180342791184,-107.75711329304461,-108.76338625798219,-107.75053961490747,-108.41998134329151,-108.0589764342658,-107.50248426241107,-108.59479553338936,-108.67041367634664,-107.82688667609408,-108.49714260811822,-108.57090355482339,-107.53199680195127,-110.4519131549817,-110.82507213186007,-110.40683493879855,-109.34585691351087,-108.274929243263,-108.05425365630603,-107.91267686020122,-109.49136341830376,-108.40280696731952,2,-108.67370688856668,-108.49714260811822,-110.82507213186007,0.8634184707508887,-0.5556984943311979,-0.05660087799947444
HDOK,PLOK,17472,23,23,-115,-7,10,2,29,-109.78302034962256,-107.05159793957611,-110.83362247184857,-110.08426310183684,-109.47411295518434,-108.82772400834504,-110.67687484551993,-110.8348997710763,-110.63454916568361,-108.8656614001104,-107.79488179993947,-109.01170708363512,-108.60110111537742,-107.22650670404715,-109.68370351511031,-108.05588750025186,-109.30668537117974,-109.35692251461172,-109.92914050726576,-109.0919912424206,-109.00701645336868,-109.35193657250915,-109.51040288303884,-109.49158986640276,-108.45746436313759,-109.04349569196111,-106.99336093522086,-108.90445150844309,-109.87904368936798,2,-109.16426259745145,-109.30668537117974,-110.8348997710763,1.042322595523121,0.45977977891058747,0.017330376233440692
HDOK,PLOK,17472,23,23,-115,-7,10,2,29,-109.82608730101721,-108.49222383133106,-109.74101873645093,-108.44983188755532,-109.87561335607555,-108.15126323815302,-109.54869104982185,-108.21235570932467,-109.3056254837607,-108.48132572994972,-109.25777015480898,-109.45611751826551,-107.20091209806539,-109.17304633694194,-108.60911147191453,-110.62528632526968,-109.16647959438905,-109.10934784144482,-108.87044939031038,-109.18282917289345,-108.63395083865502,-109.106027722347,-109.63279284160171,-110.115720460404,-110.016659117182,-108.3145299811358,-107.37685918156107,-109.04451823435177,-109.38023564739473,2,-109.04678207766817,-109.16647959438905,-110.62528632526968,0.5862068270357115,0.44197574755866975,0.3589351270953487
HDOK,PLOK,17472,23,23,-115,-7,10,2,29,-110.77444678124067,-107.4502249658901,-109.63076189222065,-108.62903318133193,-109.60702779749923,-110.71011712229506,-108.46572116063,-109.54434444242241,-107.85388875841123,-109.56692589012431,-110.70418253180394,-107.82953454426162,-108.7264782824632,-110.80896790651056,-108.71339652627532,-109.15829898420111,-108.83019846632709,-107.82849711180295,-108.82243639860037,-106.8462959118646,-108.64854692362712,-108.22034108752952,-108.0785220799166,-107.20890314445111,-110.23586571582491,-110.30189677881226,-108.38610608328143,-110.03637524349884,-107.74672013396248,2,-108.94358813265794,-108.7264782824632,-110.80896790651056,1.2529549153921318,-0.1481348137539867,-0.9339893515607529
HDOK,PLOK,17472,23,23,-115,-7,10,2,29,-110.53605849367804,-106.66260779701055,-110.26004143246652,-109.74949521678182,-107.77844076461461,-108.97666448230363,-108.59280449678562,-108.0160486342125,-108.53553504792136,-108.29434827759496,-111.0649000252696,-109.19985198770173,-107.46391566375915,-108.94327549500561,-110.6045879762954,-108.93639645771154,-110.6610802095568,-107.56866297024546,-110.92403685614677,-109.0528300823617,-105.7825768361712,-108.47107054100614,-107.92309419206276,-108.5674700132687,-107.22316207679333,-110.43358145257666,-108.63122348561535,-108.68441962541205,-107.10990510039383,2,-108.7809684720939,-108.63122348561535,-111.0649000252696,1.7475201654994357,0.04100308813325851,-0.4279581780587933
HDOK,PLOK,17472,23,23,-115,-7,10,2,29,-109.86485554862428,-108.01892254981887,-109.20228710632674,-108.68873018891938,-108.76884648112905,-107.67873658056553,-110.17507556525639,-107.87218678327434,-109.12768349862766,-108.43395970206596,-108.59401205278691,-109.75580334974072,-108.24126626438068,-108.1646765602666,-106.51780282408232,-108.72996193196194,-108.56446395639617,-108.80385828646982,-108.29668276654408,-111.46480989269065,-108.2196117438274,-107.98602989975988,-110.07390927053275,-107.92190728156886,-108.74288539008107,-108.75070302447119,-109.05469837101441,-107.85392390100154,-109.39045003513017,2,-108.72271520025224,-108.68873018891938,-111.46480989269065,0.8620327685350894,-0.6521438561572165,1.900885849338612
HDOK,PLOK,17472,23,23,-115,-7,10,2,29,-110.14196038018368,-107.64219956667384,-109.02903016918182,-109.33138426798874,-109.62021957514175,-107.67829567749081,-109.35749201309265,-108.12335637911059,-108.93506485473323,-108.3073765820162,-108.59542554507662,-106.93286698290292,-108.54685366797833,-107.7024982923285,-110.50289088400376,-108.63398994736225,-108.23284068685182,-109.09941586821711,-107.54504476541763,-109.57218805560832,-107.14923656493579,-106.53953639604498,-107.92101742270356,-108.81701408823992,-108.45675031067366,-107.6323705190232,-111.76349316531554,-109.22267306895344,-108.31291048582086,2,-108.5981171097611,-108.54685366797833,-111.76349316531554,1.2016659272012087,-0.671074210354661,1.1288138193275024
HDOK,PLOK,17472,23,23,-115,-7,10,2,29,-109.45445729206953,-106.8480036104268,-109.12018945250077,-110.22146333016953,-109.01532637179122,-108.92286597992067,-109.05114953452077,-110.19798971564312,-109.60218642779374,-107.33737051839242,-106.71502195552733,-108.44534223852985,-109.53114640008111,-106.1750123035254,-109.67277329751504,-109.06635546098481,-107.89767819676156,-109.81974159759199,-110.10067510052424,-108.47953384426411,-109.04547047970128,-110.30305233368868,-108.82850227471259,-108.27935251439585,-110.76488385528059,-109.6997145790797,-107.6040667317149,-108.33321439745852,-108.33336783672918,2,-108.8574450907343,-109.04547047970128,-110.76488385528059,1.2632545329379496,0.6249680631491874,-0.060196561957938766
HDOK,PLOK,17472,23,23,-115,-7,10,2,29,-109.29536827430624,-108.03913113212482,-109.58581355028736,-109.21797655443204,-108.90302633740765,-110.96591071801456,-110.44269145500651,-108.40036328773168,-109.38382555469754,-107.7488095389521,-109.6997064570747,-108.6108427114534,-107.9995482598256,-109.60583340528973,-109.4169080742316,-108.83482736053477,-107.69725386985128,-109.94537636081077,-109.11489257578943,-108.31533755846738,-107.96424394135018,-108.76113426443696,-107.50133307277471,-107.8043281726361,-110.50483870932585,-108.18239608467805,-109.45347451471198,-108.23259934126641,-108.67881492773168,2,-108.9071243470759,-108.83482736053477,-110.96591071801456,0.7964860145801292,-0.4324825008933855,-0.46666276939331697
HDOK,PLOK,17472,23,23,-115,-7,10,2,29,-109.3593952260162,-109.73734967963782,-108.77833501029103,-107.7622016024377,-110.7112236483941,-109.9619557538744,-109.48031132541975,-109.67757501185324,-109.9142238007647,-108.45292752749329,-110.06838576574023,-109.55704749789805,-107.40413537167751,-108.34183047649195,-109.54212219256057,-107.34158812385182,-109.81623954712083,-108.74649618112657,-107.76730931707436,-108.92542914763806,-108.6920595985067,-109.56262191914,-110.00371880230627,-110.28071645422553,-108.89067097068808,-108.06663531070228,-108.78674577979604,-108.46589886285517,-108.47771257991457,2,-109.05423663743092,-108.92542914763806,-110.7112236483941,0.7629179014203868,0.2569194580413247,-0.728368921102573
HDOK,PLOK,17472,23,23,-115,-7,10,2,29,-108.01860626899776,-105.92502569669327,-110.17194899494643,-108.0825187233174,-110.62790535216557,-107.91074121712359,-110.49647340079916,-109.51477566942447,-108.86376353070601,-108.96578311795442,-107.87999898449881,-109.69078458358847,-107.63475743050475,-108.2280351746543,-108.51377984278454,-110.69952025068473,-109.81667917726001,-108.48906555222187,-108.41891276827569,-107.39191510921691,-108.6987557803003,-108.43217549760645,-108.2737691014856,-108.54918531995395,-109.25780817673194,-108.79220279948301,-107.16585560980373,-107.83742962375824,-106.84389209811815,2,-108.5928298225193,-108.48906555222187,-110.69952025068473,1.2404288173414806,-0.04085082212740962,0.10692631608106407
HDOK,PLOK,17472,23,23,-115,-7,10,2,29,-111.60831964662303,-107.52611397849222,-109.94205264759731,-108.33031130942098,-109.39100996504528,-108.55008441897726,-109.9375244486729,-108.9118981925589,-108.5323869949488,-109.23162469562888,-109.94305249661653,-108.96723939656661,-108.54616857274316,-109.51717043940513,-107.82462187672527,-107.8496843707769,-109.16539191997444,-108.33480762383314,-107.80562986506614,-107.55115886818793,-107.34693428430784,-107.41517743092477,-109.03989546690393,-109.43454947657374,-108.34232232841512,-108.42022478745605,-109.13811557636299,-108.31527034543913,-107.37079165717597,2,-108.69963907177313,-108.54616857274316,-111.60831964662303,0.9179103807803842,-0.8159934896642089,1.2776502256223865
HDOK,PLOK,17472,23,23,-115,-7,10,2,29,-109.07309922022962,-107.99618345673373,-109.34417363752333,-108.6168584388271,-109.40802473092052,-107.42204059370636,-110.50856076359382,-107.78084227186933,-111.06397243989963,-108.85086338637437,-107.60061344836983,-109.2245724373561,-108.22980537776856,-107.13592559479054,-107.52901980429426,-110.84131299801774,-106.82935396146104,-109.75719581630642,-109.14750890299706,-109.81700766380969,-107.79062445186631,-106.48080028316225,-107.2173352707836,-108.95451649472092,-109.32199904278042,-110.08557380892677,-109.58752883036799,-110.44442904885011,-107.27792060929818,2,-108.7357814753657,-108.95451649472092,-111.06397243989963,1.5595823561717996,-0.038492091265156306,-1.0008818520526312
HDOK,PLOK,17472,23,23,-115,-7,10,2,29,-109.55719232769876,-106.75848768718947,-108.65739993715228,-108.37986517787151,-107.97130784160977,-109.16253296802907,-109.32317947316464,-107.44990679355476,-108.45686316804013,-109.24130394045778,-108.78495563715013,-108.54984219882066,-108.16370086511918,-108.48628625197263,-108.47144048738458,-107.44941045444403,-111.15683955635221,-107.10959020997772,-107.68635427103219,-108.3962938504995,-109.4807305473973,-109.8549317402899,-109.74392334094627,-107.56008543006524,-108.66335264192381,-108.71651896827966,-109.11163213957167,-109.54686011289866,-107.98233109904575,2,-108.61631445234273,-108.54984219882066,-111.15683955635221,0.8570313531987426,-0.3331438519147142,0.6616695295758155
HDOK,PLOK,17472,23,23,-115,-7,10,2,29,-108.92574049656963,-108.72065137506193,-108.36883347587539,-109.6038607647541,-107.97996440645595,-110.14130687206315,-108.6755067330501,-109.4900676974875,-108.27211050814527,-109.96701581419451,-107.36617802551648,-107.36329166332068,-108.18356523001056,-109.61700255773987,-108.00681532140334,-108.83572319441036,-109.91302064258976,-108.02925173763896,-108.47789365988375,-108.62750410075442,-106.52664680702965,-108.81703210861694,-108.70564170707097,-107.72982092881499,-110.61807592362685,-106.89472076422776,-107.49990296792609,-108.86131727637851,-107.2688839086909,2,-108.53404643687269,-108.62750410075442,-110.61807592362685,0.9816388758679664,-0.09138862208392334,-0.4163473882425852
HDOK,PLOK,17472,23,23,-115,-7,10,2,29,-110.22314758330415,-107.47690971254144,-108.6441406494346,-108.8686399634589,-110.61758827204605,-110.2969047813615,-110.52551626231235,-108.31159771930636,-109.33050494951495,-109.67846563516784,-108.53366759698018,-110.37187367029809,-108.90899136819498,-106.81949739372905,-110.40578935007441,-109.39188293834914,-109.3279385280771,-108.66643608185349,-108.90598386900248,-109.43253120156723,-110.04623516291832,-108.64413468693992,-108.86869810074774,-109.49653860461297,-107.91319383064757,-108.69775794171983,-108.52289283911256,-108.40545596594123,-108.77364234965933,2,-109.10712265547843,-108.90598386900248,-110.61758827204605,0.8307936541000784,0.23717917569228048,0.037306588685699804
HDOK,PLOK,17472,24,24,-114,-7,10,2,29,-109.75676915176615,-108.54068412739896,-110.17059669905399,-108.77015491770698,-108.29154123448988,-108.14271077846635,-107.49629280592757,-107.44645445636748,-109.5931090519903,-109.57278204938928,-109.74854242511917,-110.56780471504858,-108.20188878997313,-108.5518416281438,-108.44573710539314,-106.91299168203568,-109.79180070602746,-109.14131686007515,-107.98558909996058,-109.32275754680857,-108.24029087234685,-109.72807603897462,-108.01605750025425,-108.47932588823888,-108.14769676814457,-109.88986822123493,-110.48060879922458,-109.36261922145663,-105.99856084898114,2,-108.78601620655166,-108.5518416281438,-110.56780471504858,1.1367748450441622,0.45838774755705886,0.1017677474185601
HDOK,PLOK,17472,24,24,-114,-7,10,2,29,-109.17511461281427,-109.20170808670278,-108.30209210218732,-108.41385192133073,-110.6857227627723,-108.01788178512707,-108.32124111721109,-108.29554035886493,-108.81773110787819,-109.10924422246842,-106.7699935182139,-107.86914920127145,-109.51879564906311,-109.64316102359959,-108.96526809097828,-108.00950279796214,-109.00256548071165,-107.905628959049,-109.30172737210613,-107.01552698267382,-109.79896000055132,-107.86312895390392,-109.05454181120338,-108.87934751279874,-107.72753711236027,-106.61895756381296,-111.00878390077699,-108.46928625696565,-108.16655538616328,2,-108.61822571212144,-108.46928625696565,-111.00878390077699,0.9957101825707614,-0.21942587905066802,0.44979603419777137
HDOK,PLOK,17472,24,24,-114,-7,10,2,29,-108.34360217444335,-107.24609214250583,-108.72498751223682,-107.6146467959747,-107.14128310196006,-109.58375147333764,-109.01181207159979,-108.61687445730954,-109.97080850040203,-108.95485386806243,-108.28099348999436,-107.91306983466815,-108.74081734196072,-109.06091387390074,-108.83169894146305,-109.2363806623854,-110.47229897518545,-108.85545499618922,-107.43271964975526,-108.5515026841808,-108.95836945527145,-109.11832261860091,-108.96415760461372,-108.69657366567107,-108.36342253419599,-109.3716090021399,-105.99852255734453,-108.78668869501048,-108.42319128928479,2,-108.59535930929823,-108.74081734196072,-110.47229897518545,0.7717124256298514,0.7796832724988618,1.7722547136972273
HDOK,PLOK,17472,24,24,-114,-7,10,2,29,-110.72868665668949,-107.19645630607911,-109.18057824266221,-106.8160863167017,-107.75082897839049,-107.29495987169602,-108.73670218373694,-107.50097205334913,-108.15356095215527,-108.11079857848429,-109.55290266055711,-110.24011856444912,-110.38686868644616,-109.81443633348862,-108.37291949595605,-109.63014839636541,-108.16809928604042,-107.65159005465486,-110.19086133177761,-107.47705433614927,-108.91463536552963,-107.61143715848156,-110.54969890878795,-110.90492142476565,-108.15445959191747,-109.36681026902116,-111.37395141938556,-108.740995578444,-110.01964177267372,2,-108.91693726809783,-108.740995578444,-111.37395141938556,1.5917327319266374,-0.20016598679759387,-1.148445720179061
HDOK,PLOK,17472,24,24,-114,-7,10,2,29,-110.94118355362525,-108.19979409928727,-108.11168921187699,-107.26532551708104,-107.48933232677804,-108.21373100221531,-109.7075478873673,-109.67624609298284,-108.91114631055962,-107.82071496513315,-108.66067191390954,-107.2387502992745,-108.08162071693715,-108.89780554730947,-109.82157386424619,-107.10532530385387,-109.23776325746738,-108.48477908918734,-109.2553357589961,-109.57108975536134,-108.72700835615655,-109.25040426752273,-109.48304238221823,-107.7759294291357,-109.78239047997093,-109.66409183806647,-108.51012007120434,-107.31900635518559,-109.45335411683942,2,-108.71230254378446,-108.72700835615655,-110.94118355362525,0.9070925708691286,-0.05018698428409156,-0.5815516126666296
HDOK,PLOK,17472,24,24,-114,-7,10,2,29,-108.91331223615221,-108.26577890571072,-108.47495508763907,-107.79516044384486,-109.52055627486197,-109.42107604923402,-106.63253009539648,-109.18976652643929,-107.90074503160032,-109.08057283501063,-107.42843072480673,-109.54107445425024,-108.91890118053065,-109.38479521998222,-110.28986239029874,-108.81700170781367,-109.36859597120895,-107.85466693101235,-108.63106599535423,-110.29425164061927,-110.27701598579537,-108.32701665525681,-109.548702960797,-108.03437813244567,-108.379152153098,-109.50924279287987,-109.79065198555718,-109.7840403210684,-110.57524722204984,2,-108.96374303140398,-109.08057283501063,-110.57524722204984,0.8653922896535731,0.40571342227914686,-0.12937636149741039
HDOK,PLOK,17472,24,24,-114,-7,10,2,29,-110.4318917836364,-107.84838283834632,-108.42508302729216,-105.45933821568033,-106.70767710388479,-108.61695054851101,-109.41461123262557,-109.3144461443104,-110.28393736669965,-110.15075160800643,-108.25203385243418,-108.35361755455567,-110.14907804859688,-108.60143013646675,-110.35480769336479,-108.32863352670881,-109.84708601336061,-107.66546139844925,-109.91088858575642,-108.64583666656256,-107.6824829036801,-109.5543373686398,-108.65371841926002,-109.45613224331454,-110.58987554316539,-109.42961857971677,-108.80977300419794,-108.49394285976669,-109.05164020204394,2,-108.91322291272527,-108.80977300419794,-110.58987554316539,1.3187833370368183,0.9074179129043086,1.404264305029828
HDOK,PLOK,17472,24,24,-114,-7,10,2,29,-110.13758334437867,-109.62718266383762,-108.93863669397693,-108.58845536658716,-107.86467621714526,-109.11158257008628,-108.48137163428261,-107.98441660539908,-110.34484727864437,-108.43429083760381,-109.72185839328117,-109.86033530978293,-111.71016300880784,-110.13136923911735,-108.94573864731443,-108.86683440013016,-107.42353272167666,-110.5293052365415,-109.03721944100505,-107.70753632215171,-109.43308705344147,-109.87761906086358,-107.17556778882673,-109.86340529834615,-109.058576346438,-109.93454545214676,-110.20882578273246,-108.49213280434739,-108.65290945153565,2,-109.17736568863545,-109.058576346438,-111.71016300880784,1.0286130823809663,-0.09836432449030001,0.021164229547447455
HDOK,PLOK,17472,24,24,-114,-7,10,2,29,-108.83197093633622,-107.00287267111783,-109.0134898524009,-107.0747095024072,-108.53220180179545,-106.52487760545428,-109.43919259643774,-107.93727978024026,-107.07424203581249,-109.09738801201263,-108.5499066059605,-109.71951769296217,-108.96436863631567,-108.50772913363988,-109.96983213881067,-108.47204847961059,-109.59030412681048,-108.97282994591784,-109.22056654951626,-109.79489880786497,-109.7438906115548,-109.07284677307794,-109.99360426167776,-109.24428807669874,-109.58760230951377,-107.34062365117457,-110.66810771280052,-108.57921525351165,-108.96677708364639,2,-108.80990284983037,-108.97282994591784,-110.66810771280052,0.9979010970195465,0.6816614272745338,-0.01918903562916885
HDOK,PLOK,17472,24,24,-114,-7,10,2,29,-109.70052022177903,-108.54966995238422,-108.87670177913931,-107.8674210279744,-108.28728184304904,-108.26112424086526,-108.381160066239,-110.56148844216688,-108.30384970994463,-109.1487008760624,-109.08418457832425,-108.82172004595857,-107.96305149437204,-107.92362144821533,-107.24170552256116,-107.60264400127716,-107.89167985863475,-109.69308398699381,-110.42230610146869,-108.56319789727176,-111.43933335911647,-110.26976343163818,-108.23933307458861,-109.02013570868024,-108.76286013863651,-109.47423256879374,-109.23308040196208,-108.50706698720614,-109.49113132248948,2,-108.88213965819976,-108.76286013863651,-111.43933335911647,0.9024554241581467,-0.7653821646261159,0.46843899919299714
HDOK,PLOK,17472,24,24,-114,-7,10,2,29,-108.14381740741074,-106.69205022439641,-108.49291004708876,-107.28444232614726,-107.03776466198833,-107.76471566449551,-109.33538981075785,-110.2444883245102,-109.68460572139952,-108.14428124825868,-109.78935433834712,-108.18541662809275,-107.72096929821316,-108.9154917066659,-110.22293456631029,-108.91669189979314,-108.65326582458542,-108.07485420497395,-110.25863380920134,-108.2878835720734,-109.43302686644085,-109.8035054691784,-108.38555913899891,-108.7795042484454,-108.63446847091508,-110.56302905332326,-108.69124508993357,-109.67219244330282,-111.32087404287243,2,-108.86666779683172,-108.69124508993357,-111.32087404287243,1.1811055253611402,-0.14959519725081183,-0.32826158370089153
HDOK,PLOK,17472,24,24,-114,-7,10,2,29,-110.4954616861485,-107.21128444359266,-107.07187981111456,-109.33100822791008,-108.24828257440616,-109.08785102926642,-110.8639049713031,-106.83278472596355,-110.2326707520917,-108.09326604582289,-108.89862655117153,-108.09629115978717,-108.91671872629699,-108.88594007716486,-109.68856142884172,-108.29622072762194,-109.61580108077024,-108.79158801455412,-108.83625107473736,-110.45542304010624,-109.94101152837221,-107.20168123236792,-108.58742967561894,-109.19322354675117,-108.14602996500618,-108.38241851579076,-107.49038537148559,-109.5254066435358,-109.21266429590392,2,-108.81482989391392,-108.88594007716486,-110.8639049713031,1.0957281165767732,0.04201069678329695,-0.5342081961709666
HDOK,PLOK,17472,24,24,-114,-7,10,2,29,-109.5194034871352,-110.48196416247077,-109.90219492165538,-109.1724583932322,-107.78332542588134,-107.96011768837919,-106.39601843913347,-107.02655331324135,-109.17748109041165,-110.11994363582815,-110.74172498616859,-108.9457662322464,-109.36540223145093,-108.43595444656357,-107.70963201598622,-109.76609509295213,-109.30963315194893,-107.4388383659193,-108.51124742401905,-109.42535781572138,-110.56523111239804,-108.77465041057948,-108.28995115723211,-109.8670014394752,-108.47325851465658,-108.12788052803529,-108.21794482825727,-110.29824807697149,-107.56835186297107,2,-108.87488380175593,-108.9457662322464,-110.74172498616859,1.2142328134681504,0.21018467765917864,-0.6125379974196901
HDOK,PLOK,17472,24,24,-114,-7,10,2,29,-109.72417156400445,-106.6998813881335,-108.05709431014377,-108.56713842986406,-108.96439233411195,-108.16447550761934,-109.30334748432792,-108.20998525568187,-108.97182647992022,-109.56944387513882,-108.60495047255839,-107.7580961650534,-108.59896502682405,-109.69680593765767,-109.97296133484512,-109.63510754978827,-110.11247360776608,-109.98698024076383,-108.12377771850508,-110.29705357408645,-108.52718909250096,-108.30330796981012,-110.82960081636634,-107.86834403605151,-107.65055308475269,-107.71627228571846,-107.36280369819501,-107.50832169716537,-108.86773988622225,2,-108.74665726977851,-108.59896502682405,-110.82960081636634,0.9950444417229725,-0.15036478960819796,-0.6863428083940604
HDOK,PLOK,17472,24,24,-114,-7,10,2,29,-111.0561017741332,-108.18163421498248,-109.52482379441491,-108.78185026740138,-108.00964383632605,-107.33746467530364,-109.57876649067,-108.16240036280439,-109.05536139388659,-110.63452032844725,-106.80654357722142,-107.98336561865426,-110.11568376632151,-106.46321077348335,-107.84839730782873,-108.07796659537365,-109.67824019180931,-108.520295658761,-108.74972046733392,-109.17490867975935,-108.51974241181539,-108.48341710807519,-109.48382691194699,-110.65873696254049,-109.99066709613045,-107.47774414759488,-108.50069139495594,-108.60430719148692,-107.80049174171307,2,-108.73312154279917,-108.520295658761,-111.0561017741332,1.2317872205270441,-0.18999750733848408,-0.2742876793071387
HDOK,PLOK,17472,24,24,-114,-7,10,2,29,-110.19363295306448,-107.10600414437378,-108.48549887935171,-109.29589453239102,-107.80242426827469,-108.5334229031885,-109.68649858882604,-109.44219367913719,-108.059368526,-108.48151441006532,-107.57001018058291,-109.11375637965726,-109.08220396603176,-107.93176198804419,-108.79267708639506,-110.7185750095,-109.82511977153449,-109.37305969332509,-109.4407427120827,-108.0465057898824,-110.4883961074705,-110.06801352907169,-106.99768849272733,-108.07096685812996,-108.54149809191317,-108.32349207196154,-110.00709990647793,-110.48841251738875,-107.07056613265758,2,-108.8633447989485,-108.79267708639506,-110.7185750095,1.1127286928481113,0.034327141362059665,-0.9311483391103939
HDOK,PLOK,17472,24,24,-114,-7,10,2,29,-109.061115844729,-107.25559219867397,-107.67009183456544,-108.27627642426188,-109.49461662878154,-109.5594658337938,-106.3684452259725,-107.44659784702098,-108.45306832915875,-109.07719598291291,-109.71418744771462,-109.5073411467987,-108.90973330612364,-107.81855100256908,-110.36011049004627,-108.75994266515168,-108.55558510141815,-108.2720459771148,-107.80077250231622,-109.35520137786966,-109.82540291386707,-109.01282538912847,-110.67670819617557,-108.13724652987824,-107.89701780556344,-109.40654998194576,-110.06543757411721,-108.14462389893082,-111.0132669737568,2,-108.8239660838054,-108.90973330612364,-111.0132669737568,1.1224523516038754,0.03772750630481774,-0.18918360377622978
HDOK,PLOK,17472,24,24,-114,-7,10,2,29,-110.1275549290634,-107.54103379329125,-108.62287646209968,-109.9734135985347,-107.24098076042479,-109.80578767375245,-109.91140207255648,-109.01103981629934,-109.01515739967356,-108.19608397011916,-109.46404461732442,-110.16837905085234,-109.10575722927686,-108.62903282490925,-109.66587596579045,-110.90490140923447,-108.97684684441474,-108.30475877272056,-107.39974337005064,-108.6612452361474,-108.95862161763208,-108.72155138503271,-108.21956078773286,-107.31930279215825,-109.29516171727879,-107.71928965163046,-107.86653832739403,-108.88577008102753,-111.2509221101388,2,-108.92974600919179,-108.95862161763208,-111.2509221101388,1.0390663194389884,-0.2708495813929401,-0.294457031242108
HDOK,PLOK,17472,24,24,-114,-7,10,2,29,-112.25317011664612,-107.55841565480254,-109.40027538291653,-107.70046355138346,-109.38105490848372,-110.30122150516995,-108.01948637559163,-107.86669980068558,-109.50281503998164,-109.02798153989858,-110.14239586249519,-108.79699275006713,-107.63502201218434,-107.29031938530565,-109.60611430831815,-107.43564743388802,-107.45323326964751,-107.52874228834163,-111.56702379223438,-108.33638222341355,-108.42096319806576,-109.45245067811642,-108.37599599044889,-109.79508949170182,-109.55556200495546,-109.60827842749401,-110.53738663065675,-107.5936980084967,-109.28931568783183,2,-108.94593783859389,-109.02798153989858,-112.25317011664612,1.58491568488005,-0.6977364149093692,0.20586154718446092
HDOK,PLOK,17472,24,24,-114,-7,10,2,29,-108.98686890546723,-107.82316298716297,-108.23806156776027,-108.46276420243245,-109.86986495677353,-106.2295613477642,-110.1104247698897,-107.75380017840301,-109.974439679882,-109.4554981420018,-109.67041355076847,-110.05590063639221,-109.0578260692092,-109.08453156178732,-109.49852606288792,-108.80889504813754,-109.32778371031655,-110.61765198274824,-109.52950372790384,-109.59529582435619,-109.07509014917675,-110.00223057065108,-107.12347391979834,-108.53353807436369,-109.55154837351462,-107.16296963177159,-109.08412802707024,-107.43324533878557,-107.44997464723534,2,-108.88161978084179,-109.08412802707024,-110.61765198274824,1.1287643543088273,0.7218093403799141,-0.17724541898710777
HDOK,PLOK,17472,25,25,-114,-7,10,2,29,-109.57290199400731,-110.46450941887208,-110.04220055829082,-106.12476457491755,-110.0634747301476,-108.72627757393408,-109.66618017329313,-107.87298445274048,-109.9525181096291,-109.43727082674766,-110.23984321535238,-109.76044438832565,-109.4406611602789,-110.17071116896177,-110.37493968941973,-110.82967625839655,-108.35900890390226,-110.46314278594905,-109.65242930041727,-105.92591954872613,-108.6076157445626,-108.89665250998833,-108.49916069900293,-108.16426520559402,-109.79586144262785,-109.39787026370021,-107.42733934165334,-109.86473890795935,-110.18087581959506,2,-109.24049099196527,-109.65242930041727,-110.82967625839655,1.4494523948953553,1.33445263402936,1.5262483805279348
HDOK,PLOK,17472,25,25,-114,-7,10,2,29,-108.70214765102891,-112.29081169385698,-108.01139001094639,-108.28003288283253,-110.70949497746759,-109.53068468694232,-110.19019161593023,-109.31130835875133,-108.87256561570742,-110.72602645013191,-109.75450445719021,-107.6435734097214,-107.15659668513335,-109.26558621005596,-110.862398206361,-109.30334846567057,-108.61301189223654,-108.80300137624614,-107.18618828600799,-109.6110422678628,-107.62283423990831,-107.76345467565972,-108.61155294277575,-109.20677022451106,-111.01201335798964,-108.71515640303564,-109.41220218821799,-107.9737791784205,-108.1717955963114,2,-109.07977462092796,-108.87256561570742,-112.29081169385698,1.4789652890733973,-0.614220432359075,0.21377731976842185
HDOK,PLOK,17472,25,25,-114,-7,10,2,29,-110.07562043676519,-110.9434166598516,-108.15324827800012,-108.75383894743864,-108.76451411439625,-108.79317763578541,-107.72938303470448,-109.57240020753216,-109.34865249171894,-109.86989723046848,-108.98061150934674,-111.03114956494213,-108.21519380694177,-110.83485775039689,-108.5916310464704,-109.19758134072353,-108.46502521926196,-110.98315075095555,-108.4133679203861,-108.8032053969929,-109.05502328390558,-109.02254379381831,-107.9825520834033,-109.0742899950995,-108.18786016319879,-107.91127501585322,-109.72601905945517,-108.95810446337494,-109.21674586953334,2,-109.12601162312832,-108.98061150934674,-111.03114956494213,0.8465809896386163,-0.7663399675003328,-0.10120187036318695
HDOK,PLOK,17472,25,25,-114,-7,10,2,29,-110.81781741003194,-112.35168727803325,-109.75733256661668,-106.90105270654253,-108.44806159932202,-109.13990281940421,-109.08341998120304,-109.02703436527248,-109.17378860026892,-109.20968218484249,-109.21424081484635,-108.78855868724685,-108.53691128165279,-108.59213702805445,-107.83027216270489,-108.07536427413558,-110.74590961000071,-110.73688573774778,-109.83656179509791,-109.68959904658735,-109.51329755119555,-107.82374711827059,-110.14993075746479,-107.52731859600773,-107.86888248025,-108.20349137320478,-109.06414773019199,-108.65717789110374,-109.94598356109559,2,-109.12793782787577,-109.08341998120304,-112.35168727803325,1.2914596075851834,-0.616606031161334,0.944760607427106
HDOK,PLOK,17472,25,25,-114,-7,10,2,29,-109.59305850641253,-110.76870525807018,-107.42761902566377,-107.21620392205281,-109.38124259370579,-107.39698174188149,-108.49414631312077,-110.35913674101597,-109.62698243714608,-109.49102864510847,-110.28304499392767,-108.30833157730756,-107.26318069608583,-110.1438748394838,-109.591644876777,-109.5874574042567,-109.96747028424993,-109.19808752450795,-111.3729118097661,-107.16907762996533,-109.99596203948505,-109.2894638071756,-109.1469242848177,-106.26966347038952,-109.23456358119826,-110.91509905430388,-107.84218253396735,-110.89048569675616,-108.38956227164627,2,-109.12462391587053,-109.38124259370579,-111.3729118097661,1.6827958604197666,0.4031211487928915,-0.6329615891173277
HDOK,PLOK,17472,25,25,-114,-7,10,2,29,-110.52542348717628,-111.50065141477538,-108.74723886274427,-108.97070653777789,-109.47204274263662,-108.12853589526834,-108.22361527059965,-109.82866548487401,-109.16795170435472,-109.84252033705692,-108.83634267459207,-111.54780136332556,-109.40675086695104,-108.75558649899334,-108.70872220355054,-110.71892938369984,-109.23189289666915,-109.00457667013897,-108.9810677356267,-109.3701237994651,-110.19754168379477,-109.91603482588305,-108.19713617429949,-108.37552391130903,-109.1023640239013,-110.03788977944734,-111.05195473004167,-107.05607848123505,-108.00350155221449,2,-109.34162658594491,-109.16795170435472,-111.54780136332556,1.090412211465811,-0.3389760361148157,0.04583223778206591
HDOK,PLOK,17472,25,25,-114,-7,10,2,29,-107.13044700010026,-110.00986864671245,-109.82482201907219,-106.94634928092333,-109.0499276164174,-108.4922774922749,-109.44395717295146,-109.8099943420332,-110.26108447994136,-109.04789299539242,-110.15324160880044,-109.034873213057,-109.07824800058398,-108.49538955303123,-109.4818674117545,-109.22909679836475,-109.82605904294041,-110.0153682637329,-109.2373493439436,-111.16691749895229,-110.03462666033664,-109.32121809447217,-108.23628395363465,-108.2974948307026,-109.23636567629694,-109.46477176848741,-108.16649878145084,-108.56759764369579,-108.40888497504329,2,-109.15409566086552,-109.23636567629694,-111.16691749895229,0.8112269999811252,0.45666639683207366,0.7096102648834646
HDOK,PLOK,17472,25,25,-114,-7,10,2,29,-109.25319089323993,-109.13241115583313,-108.0731418449709,-110.2221084602085,-109.67402425204284,-109.61937623417631,-108.42085144268265,-107.265044425964,-107.60371233144956,-110.59663252298945,-108.49286371967021,-107.93143429353444,-110.49680382401475,-111.84916574179164,-108.75919186694546,-108.10492066510902,-107.39722461720822,-109.1096937198837,-108.32414564551861,-110.76022423338755,-107.40526011330681,-109.59338185985033,-109.49767983562806,-109.47472789236699,-109.29701876589128,-109.48541497921249,-108.97024269066854,-109.01484333778893,-110.64221424493735,2,-109.11954984863002,-109.13241115583313,-111.84916574179164,1.236022686493344,-0.2913240128045492,-0.16780983056737853
HDOK,PLOK,17472,25,25,-114,-7,10,2,29,-108.4315407500312,-109.89132138299955,-108.14085827225796,-108.56948712633108,-110.23094934324737,-109.26513353623545,-110.91815717743614,-109.07126987622995,-109.58320220555929,-109.78934021433955,-108.54282941107631,-109.49649719214358,-108.92453455413259,-110.06187115049634,-110.19558166899513,-109.68953773054446,-110.9628249459987,-110.76464059873682,-107.65184689983967,-110.29102588574516,-107.03526473520543,-107.92729948345219,-110.76483194917806,-108.18086576870225,-110.98212943195374,-111.04951676739685,-108.57828274379457,-110.09410626080246,-110.183142564593,2,-109.49199619405017,-109.68953773054446,-111.04951676739685,1.2034337902998482,0.38834323721215824,-0.7822418795759565
HDOK,PLOK,17472,25,25,-114,-7,10,2,29,-110.53284958254353,-109.05461915201927,-110.07656968714348,-107.41506161186899,-107.86696054235932,-110.10643254556312,-109.10060828219389,-107.78269857836509,-109.56632093472824,-107.42579365013215,-110.38400472901283,-109.03780569916113,-109.3361354152358,-110.46417450219876,-108.79826167249014,-111.4509555852216,-111.3773320170072,-109.18811312427201,-108.49478296024286,-108.92968843873435,-108.98095634345725,-109.0979222124801,-109.69650863983684,-110.91861671896177,-109.470295439788,-109.28521127981851,-109.14652291804788,-109.62560410280761,-108.9210262727315,2,-109.36316664270426,-109.18811312427201,-111.4509555852216,1.0366974278581902,-0.09427383958318489,-0.01561525604301739
HDOK,PLOK,17472,25,25,-114,-7,10,2,29,-109.53189190324713,-111.57753647073898,-108.58290952519776,-108.63798845576692,-110.42896560259982,-110.16585289369513,-109.55167436722532,-109.580473693893,-109.83885784860328,-108.37116834878422,-109.8655646021178,-109.6822727288652,-109.78440188609528,-109.60063211450806,-109.80248838694142,-108.28962087077544,-108.95890405931694,-111.32420282312499,-108.7781101502301,-107.42819796475739,-110.27091724855578,-110.04303046319308,-110.54612792953664,-110.61013747368976,-109.81907580357738,-109.80279256877765,-108.45931554066367,-110.38439907392456,-110.03307597123069,2,-109.64657195757358,-109.80248838694142,-111.57753647073898,0.8203467963882359,0.2652296856817498,0.3061531846944878
HDOK,PLOK,17472,25,25,-114,-7,10,2,29,-107.8802694986277,-111.1269980198422,-110.3416147447824,-110.14795336834794,-109.80511972121126,-109.79472962564628,-108.13226756318583,-110.55144307458441,-110.4984326599143,-109.48183143792036,-110.07818382680709,-109.1620679698031,-109.85799467390021,-109.18497955695814,-110.29925141914926,-109.48459887912438,-108.30112173370239,-110.92589822593573,-109.5115142569163,-110.37457142936445,-108.98079762049521,-110.15186869816593,-108.97391047541234,-106.55445797022075,-108.53224424182652,-107.54631036268158,-109.44812780476742,-110.17038922815742,-109.12766947763954,2,-109.46298681258932,-109.5115142569163,-111.1269980198422,1.0708479045957882,0.8908400651739974,0.7747974438883092
HDOK,PLOK,17472,25,25,-114,-7,10,2,29,-108.91964913441545,-110.08890420109407,-109.64673533737368,-109.31769404586726,-110.67176613394669,-110.03179840327776,-108.75174581570069,-107.18721141721473,-110.44126212102842,-108.51436987005624,-108.67597502111131,-108.80441675594908,-109.9244038727214,-108.1725148300969,-109.16475454018006,-108.44896434281813,-107.9027093844861,-110.54324897530005,-107.78411345390909,-107.62611399063755,-111.78670556913843,-108.47609166697043,-108.48584141321246,-108.55038500785389,-109.76649873017972,-108.89825888030498,-109.26479883135416,-110.08493091468146,-107.82541208200783,2,-109.0950784394099,-108.89825888030498,-111.78670556913843,1.0919260670444089,-0.4653678357748528,-0.0023665814565498877
HDOK,PLOK,17472,25,25,-114,-7,10,2,29,-108.9525980689974,-111.35113593703224,-109.8832996964006,-108.28949658011256,-108.51844784757664,-108.15768752736052,-107.26937065603019,-111.34732228601558,-109.47592896215563,-109.76251077835535,-108.98262947821087,-107.88085963764712,-108.73088576472239,-110.05314108398822,-108.84240349078594,-107.63137857165368,-108.73943757241044,-108.17968936501521,-109.48332505100133,-107.18859658120473,-108.42226214254573,-111.31347815325599,-108.71315752921439,-109.62442460310496,-110.78175184793605,-107.04733645695804,-109.67370743995319,-108.81138096802995,-109.69238007092005,2,-109.06206979822738,-108.84240349078594,-111.35113593703224,1.3675893844795441,-0.3540143429674674,-0.2954090160805265
HDOK,PLOK,17472,25,25,-114,-7,10,2,29,-107.49505181394731,-112.77773365172024,-108.07881640005618,-106.68477480840119,-109.57469989556313,-109.72929850844669,-108.36111817039755,-109.0003287674338,-110.19171871522612,-109.658908705109,-109.44843469962287,-106.45233219618359,-108.59063973932041,-109.60222306067423,-110.24946352018155,-108.96958100177939,-110.98349749234646,-108.38082802107084,-109.60999688422753,-110.63681397826333,-106.76650260629091,-108.48700457394746,-108.80828732611911,-106.74392893337864,-109.71724032866415,-109.10130560220409,-108.97010852537262,-110.81873297652164,-108.60235343145014,2,-109.05143877013519,-109.0003287674338,-112.77773365172024,1.9419190884644735,-0.16545551207400483,0.6694226120237627
HDOK,PLOK,17472,25,25,-114,-7,10,2,29,-107.2921017578611,-111.85144307406128,-110.14705887105804,-108.65428103302288,-108.3454405143016,-109.3339703895416,-110.61237894822986,-108.84852106607586,-108.47274151760226,-108.43487102864776,-109.0011374805754,-108.24044340689356,-109.40948604504428,-109.16788777605711,-110.20694349783999,-109.08469911984591,-109.03565989900835,-109.15961412701166,-110.25325212990285,-107.5527784571776,-107.38902563431708,-109.56146280767005,-108.91290035868242,-109.10845869691099,-109.41347284154102,-108.81706006929116,-107.26615527099507,-107.95365205834561,-107.50864149009985,2,-108.93225997819351,-109.0011374805754,-111.85144307406128,1.0861341753545306,-0.5279239863148242,0.7930641897804773
HDOK,PLOK,17472,25,25,-114,-7,10,2,29,-109.2760588430631,-110.05504670490214,-109.18224959349882,-109.44445182866225,-109.12245481473396,-110.4326997448784,-109.4493943005867,-109.1292772995554,-106.98829092550203,-109.1203101331276,-110.79878375264053,-110.46814147553596,-109.25726643164593,-109.63698681225203,-109.92231859636246,-108.97646041135945,-110.40567364622127,-110.21346224699248,-110.62074172670026,-109.33923832349636,-110.29316939757663,-110.60505130369377,-107.2618131982734,-109.51535869918507,-109.10479032709725,-110.49780955093699,-109.47410986988186,-108.79565760707712,-109.28124411908126,2,-109.54028660981106,-109.4493943005867,-110.79878375264053,0.7704268978854488,1.1319022955883145,2.1055927243929466
HDOK,PLOK,17472,25,25,-114,-7,10,2,29,-109.97918346822327,-110.55908557081757,-110.70127819935826,-109.17358935606171,-107.83738237116633,-109.78103319894521,-110.13347706108193,-109.67420930728275,-107.98752864608608,-108.04963575466721,-106.93700240346142,-108.62774649783799,-107.98301603676278,-110.39468309389308,-109.13413269191368,-108.99028114369955,-111.11191720641447,-107.54411938264472,-108.72311848181998,-108.12197903288235,-109.70435644843514,-108.77002100932414,-110.89523066330943,-108.6870154898998,-109.00685113735375,-109.57557203680898,-109.7651390164565,-109.91730941398956,-109.74014839608186,2,-109.22434629367862,-109.17358935606171,-111.11191720641447,1.0982078179361643,0.18769578593440386,-0.6354728714605331
HDOK,PLOK,17472,25,25,-114,-7,10,2,29,-109.7430239292745,-110.46456218069109,-109.75377874501629,-109.35432698854758,-109.82653563895431,-109.07603322475737,-110.9731139464532,-109.44313159818672,-107.84795103942413,-110.29705626565787,-110.93923541635112,-110.08697188787019,-110.65183345629407,-110.94391112658964,-108.37871401532215,-108.88991951304597,-106.30235477841099,-109.15376649482272,-109.65423156818824,-108.52928809293212,-111.39930728538656,-109.15319121342168,-108.32495802954062,-109.59898409144044,-109.89834622914344,-109.76297818095279,-107.53832630049995,-108.78575906386729,-109.01333177176878,2,-109.44085938182107,-109.59898409144044,-111.39930728538656,1.2243765568378722,0.6430416737258003,0.9116096097523703
HDOK,PLOK,17472,25,25,-114,-7,10,2,29,-110.56802236768824,-111.37303626594289,-109.97608298617413,-108.00323554635969,-107.87052781252558,-109.67484748656945,-109.99027914705557,-109.90642147960926,-110.71699640270144,-108.85944499577194,-108.58289793114884,-108.32581078821298,-110.88898057182591,-110.66822045639849,-109.89789258950393,-109.50360339692573,-109.81496415950402,-107.96920475696271,-109.05497853702425,-110.30677593463685,-108.64076778953151,-109.4111486926474,-107.833485506488,-109.57805830446287,-109.45154528575766,-109.33240109709459,-109.84073933428415,-109.96551808398847,-108.96961122062785,2,-109.48191375611808,-109.57805830446287,-111.37303626594289,0.8698897813785231,0.14049870124846317,-0.5977788792872181
HDOK,PLOK,17472,26,26,-115,-8,10,2,29,-107.90284693752213,-107.28840442635256,-109.50917258490958,-107.89346700118645,-110.08734967417143,-108.44224309175536,-109.43265578727802,-109.45267214112833,-107.99829651131128,-108.71616905707216,-107.30519012709061,-111.8796428429329,-109.50890229246647,-109.48371875581047,-109.729342082772,-109.94200749811576,-109.83695712361066,-110.19626814515387,-108.04837451999234,-108.82047721268162,-110.3656945040978,-108.56772581050598,-110.39230712815248,-108.93073612098426,-109.54952066660572,-108.8928431616765,-109.6991434952265,-107.17457135101358,-109.1468361979429,2,-109.11012193963862,-109.43265578727802,-111.8796428429329,1.1218096812778127,-0.10463390556418863,0.2751215027719405
HDOK,PLOK,17472,26,26,-115,-8,10,2,29,-107.81286807111339,-107.51707547372423,-110.72327878092712,-109.31292159011853,-110.83251077281098,-109.83842714039399,-109.85967305523427,-108.98020160112239,-108.45979105628756,-108.47525350747453,-108.61745495674529,-108.24175593236365,-109.53742675994542,-108.92732595275271,-108.38892085646452,-108.53321410230978,-108.3536757637318,-110.11106088420316,-109.4667716039112,-111.00446619141452,-109.07305156763432,-109.52581398283131,-109.96624395673405,-108.17768487143307,-110.06653547741342,-109.6679037734804,-109.02624742520291,-107.78484722767305,-109.62675420989991,2,-109.16928126018453,-109.07305156763432,-111.00446619141452,0.8293995571107277,-0.19174628428708995,-0.650118344843281
HDOK,PLOK,17472,26,26,-115,-8,10,2,29,-108.4422973188699,-108.5853683023378,-110.60747164611249,-109.6253478655826,-111.01044889446105,-111.97901255368268,-110.01978519610155,-108.3494642782814,-110.8400127545012,-108.86551455764963,-110.21457973614133,-109.63619371930501,-108.22318380895852,-108.36644478814966,-109.48483093834876,-107.70833292264045,-110.95655617547443,-109.30099416865073,-108.50002799738014,-109.95058449706357,-110.37556965272267,-107.95988863268626,-108.64768845004485,-107.36535615629151,-109.26234007943133,-110.83984484787511,-109.84785723538008,-107.79909673840447,-109.27837507240658,2,-109.380774792584,-109.30099416865073,-111.97901255368268,1.3227488512269585,-0.24057045274531094,-0.6928179601372939
HDOK,PLOK,17472,26,26,-115,-8,10,2,29,-107.7315978375615,-107.68376723001681,-110.2595527572024,-109.00323656976505,-110.29113574070571,-108.61260259633067,-109.79250639596354,-110.4077627529236,-110.10188815895314,-108.33338361389337,-107.12488186201418,-109.28389099646343,-108.21061749755796,-107.0212187786226,-110.55604033426528,-108.58459582316867,-108.35309826004608,-109.61859931401277,-109.68162658132259,-110.48439106432639,-110.1483694571179,-109.19884055024174,-110.05223749702039,-110.0642135781437,-109.58000083038927,-109.99135882992053,-108.97899988818172,-108.65686109022083,-108.75914996048468,2,-109.19194571885642,-109.28389099646343,-110.55604033426528,1.0081601601426176,0.5570042825248236,-0.6299034302951374
HDOK,PLOK,17472,26,26,-115,-8,10,2,29,-108.66213686544053,-108.47836592672003,-109.21824938038057,-110.15496299066959,-109.6508873107454,-109.28599433869292,-109.58565264276997,-111.37880228939606,-109.74943430739658,-108.17144295983103,-108.82460333685593,-108.24423539536751,-107.91627738564335,-110.9884310131284,-108.6012853610035,-109.88296425204125,-109.56463284852735,-109.3232727881069,-109.66557291968468,-108.87055707287666,-109.62042801400592,-108.74661653963572,-108.7635565435418,-109.06236998413283,-109.67658895255177,-109.34481682994196,-108.80629495839358,-109.56059150845756,-110.73575476353913,2,-109.32878549929234,-109.3232727881069,-111.37880228939606,0.6341506165131718,-0.6670223238401201,0.5873550786197197
HDOK,PLOK,17472,26,26,-115,-8,10,2,29,-107.9207975890791,-108.31684489765269,-109.27567369468386,-109.39926057833031,-109.66021666386017,-108.7135397696241,-109.84420187226064,-111.2048558267512,-110.35645774904573,-109.05395728904332,-108.518888583757,-109.77520667124772,-107.71467904383462,-107.66710830127312,-109.08076994230784,-110.77649566338013,-110.48172587295755,-111.06633819248282,-108.33989834772905,-109.43855209605763,-109.23383055999106,-110.17725854618246,-108.27099948173863,-107.88917266359742,-108.70897260357104,-110.02291671506421,-109.85925809212033,-109.4826309157482,-109.85251886722408,2,-109.31389748588265,-109.39926057833031,-111.2048558267512,0.9481452828080662,-0.05678821396426002,-0.7581254621119564
HDOK,PLOK,17472,26,26,-115,-8,10,2,29,-109.04360283234887,-109.5812685850277,-110.28480871546913,-111.09084878582563,-109.91227695339221,-110.28580162862613,-109.7239897879388,-108.40785573790382,-111.6977453757468,-109.12831502020708,-108.59459184472132,-108.41146643073883,-109.76873825582652,-110.36098420649171,-110.37453372736574,-109.06479316095374,-108.29353925493588,-109.21547829876476,-110.18029887319106,-109.26410211380859,-109.0442751205408,-108.62293731997113,-108.7830899018245,-108.92261548177791,-113.21526387118392,-109.12674123520017,-108.75164220297093,-108.83687873094621,-109.34284277376622,2,-109.5631491802575,-109.21547829876476,-113.21526387118392,1.1332140246236433,-1.657132211589912,3.5579704849289997
HDOK,PLOK,17472,26,26,-115,-8,10,2,29,-108.54990019248396,-109.06082458214313,-108.26673081212884,-109.57698788685607,-110.95421894504454,-110.7572766647731,-109.68546303584323,-109.86537237143757,-109.7864046388852,-106.96547862033223,-108.76908607162342,-108.30080501966331,-107.83159858508037,-109.16526074503975,-108.54284660295308,-108.15296073290972,-109.63442377500022,-108.5417084144411,-108.88236268780287,-110.78757767381182,-109.39259687423777,-108.2191782918116,-109.4160276538394,-110.1392329078073,-110.81834928899036,-109.05643610147648,-108.80652684645928,-110.04222066681957,-107.90592244685212,2,-109.1680613495361,-109.06082458214313,-110.95421894504454,0.9547979846509049,-0.06700020866328583,-0.37558437327009964
HDOK,PLOK,17472,26,26,-115,-8,10,2,29,-107.58666327145701,-108.74617223326146,-109.1524266634305,-110.14873446598875,-112.15660177953573,-109.56268309986591,-110.213997955837,-109.325765237074,-110.38212160833737,-109.7335929393258,-108.37452294296408,-109.97164431543816,-108.13625287393918,-108.53296623084448,-109.96687637606372,-109.66892652653345,-108.86245678999657,-108.2724600264549,-109.54710099471541,-111.62352188271069,-109.78977550012793,-109.39665560185846,-108.00021568748024,-108.09799953260054,-109.98096149043631,-107.54686610420721,-109.39392258646566,-108.82221779467986,-110.08438475167509,2,-109.34753404356226,-109.39665560185846,-112.15660177953573,1.1260093759392127,-0.5146758112437273,0.6523659750215773
HDOK,PLOK,17472,26,26,-115,-8,10,2,29,-107.90372126232705,-107.90572455916099,-107.29567831290146,-108.96055306205244,-109.76272214389054,-109.42679009837181,-110.03957168631395,-108.36281616770073,-110.0999447507899,-108.62316211200995,-110.22197416457539,-109.07675002376877,-110.01434645324794,-109.76276085745735,-110.23285947272346,-110.2780891158271,-109.74349522543929,-109.17867547115388,-108.89021921364767,-109.93311580778544,-111.14736754790027,-108.62805374960793,-108.38777867825641,-110.58735595728109,-109.64972958527689,-108.96717557683212,-108.78257487388714,-110.88863608883194,-109.18592502289123,2,-109.37715748420376,-109.42679009837181,-111.14736754790027,0.8355047080541228,0.22664979484732486,-0.3501344934047248
HDOK,PLOK,17472,26,26,-115,-8,10,2,29,-106.02735258592438,-109.6994552072347,-107.40006466583885,-111.08757536708413,-110.93249182242224,-110.13958947631691,-110.74355607120992,-110.62524993216522,-110.03092801098369,-108.95169444644579,-107.89629772497103,-107.83103887681077,-109.07283040074913,-110.29013055313503,-108.68231760408884,-108.2918408230767,-109.10295971334877,-107.96702873876941,-110.02737068083955,-110.08183321978747,-106.90196631645266,-109.20799243741993,-109.11711524700806,-111.21106100365684,-108.59324626782683,-109.08639115682772,-108.8331056605919,-109.85852285889642,-109.38343705076589,2,-109.20946358347064,-109.11711524700806,-111.21106100365684,1.5635741009405262,0.5216959826816351,0.06249946705739262
HDOK,PLOK,17472,26,26,-115,-8,10,2,29,-107.6651647653373,-109.86057285550581,-109.08679155968936,-109.50644261073886,-110.29534225548882,-106.59817820459368,-109.44122037779677,-111.39941991977167,-108.36385490393293,-110.49837398499014,-109.1986704488114,-108.05721418483171,-109.93346510011862,-110.0769131385335,-108.1227447675317,-107.08348637353619,-107.93156882223899,-109.94461083710003,-109.03047360970608,-108.53231573645056,-109.72007610844459,-109.78826829911507,-108.91616305117178,-108.39408455026201,-108.80392488327915,-109.70009846953857,-108.82721122841227,-109.27460967844499,-109.256172448353,2,-109.07956666116294,-109.1986704488114,-111.39941991977167,1.0524196200501723,0.3215457702056132,0.38664966608707685
HDOK,PLOK,17472,26,26,-115,-8,10,2,29,-108.14309757402121,-107.4601275922518,-109.29159319203242,-110.61908606997451,-110.40655904534107,-108.39834382210493,-110.33191356635854,-110.78829265183941,-108.22490406175444,-108.80628876835652,-109.7551235245385,-110.90616344295171,-106.58787242021765,-109.36807970901224,-109.51426888668604,-109.80972133690513,-108.91458621855375,-107.49490314464512,-109.73564302686847,-109.7332161491679,-109.09034209011395,-108.66395320049548,-109.65764331293309,-108.43321422646069,-110.4464683917212,-109.12587839918442,-110.72236559655084,-108.33861057150935,-107.03817107851074,2,-109.16573900245038,-109.29159319203242,-110.90616344295171,1.2976118357913065,0.4160007557777317,-0.461334565043376
HDOK,PLOK,17472,26,26,-115,-8,10,2,29,-108.82271288417297,-108.80907811015805,-109.80968754162195,-108.31363508471344,-111.22475522163894,-108.81750449914702,-109.22267621792835,-108.8156928679818,-109.44287756570527,-110.43757396318644,-109.21320963711062,-107.48307756412947,-110.48266545034413,-109.42076224800462,-108.15977807391442,-109.69512218863771,-109.57180650430053,-107.94534901725524,-109.50584288443339,-109.07894496390625,-108.30068913972147,-107.56430591094076,-108.06620752851387,-108.82719443858134,-109.71222667428734,-110.21289142646862,-108.99102934183983,-109.34417326355883,-109.68827909493534,2,-109.13723273472888,-109.21320963711062,-111.22475522163894,0.7452645574559661,-0.13696474395535818,0.059102070567431664
HDOK,PLOK,17472,26,26,-115,-8,10,2,29,-107.37246196622154,-108.89882795468672,-108.33997521019434,-109.53531084403762,-109.6510312892677,-109.2605713273018,-109.21097291142637,-108.56127330062762,-108.164092839833,-108.27173175592125,-108.11753005014009,-107.35162163353786,-109.08342263718531,-108.75306706093077,-108.97118257400486,-109.5781822097145,-107.13777511828057,-109.62802731671235,-109.21337487543757,-110.40518524628877,-109.22675967016717,-108.78353259405728,-108.3526027930108,-108.87577053460173,-109.6107244801483,-110.24306721706364,-108.73005259085919,-109.07408371268113,-108.68959073193922,2,-108.86523456711305,-108.89882795468672,-110.40518524628877,0.5937775582957252,0.3778832119281145,0.2475491117222175
HDOK,PLOK,17472,26,26,-115,-8,10,2,29,-107.75667943464755,-108.04451834971853,-108.78917540620141,-110.76532512072984,-111.90243543317192,-111.17727911381243,-110.83182755906967,-110.3653960066471,-108.3198517427334,-109.26489929287528,-107.23865061939838,-109.06860132930142,-106.96387554109843,-108.56639782089886,-108.26491605099228,-108.25493880417638,-109.17841970604763,-109.30359255664,-108.34526078742444,-108.68061375979421,-108.23238586473241,-107.53460560425991,-109.39853481587093,-109.01187011368779,-109.5567747323438,-109.84084589530033,-107.93741646018945,-109.83414444270836,-107.92708131320332,2,-108.97780391991985,-108.78917540620141,-111.90243543317192,1.400080639965417,-0.6342024887941214,0.01932746606415492
HDOK,PLOK,17472,26,26,-115,-8,10,2,29,-107.57535371797825,-108.02204286747062,-110.3128946524102,-111.01313485675124,-109.44953378462695,-110.10467004914845,-110.53190872121631,-111.10574660352697,-108.54260077849518,-109.2021299409507,-108.65953013276676,-108.86458463862819,-107.9330950679029,-110.43237406284337,-108.33196119420819,-109.63787550424337,-108.66727868988711,-109.00125726449242,-107.6923352652815,-110.01718844411738,-109.65455494015019,-108.97106292763597,-109.24006589136496,-109.59367170510173,-110.52838815936771,-108.7200889039556,-109.08254350543069,-108.7064286586255,-109.23945752663239,2,-109.27012960190383,-109.2021299409507,-111.10574660352697,0.8805665872947187,-0.17954582370321473,-0.6307143434643696
HDOK,PLOK,17472,26,26,-115,-8,10,2,29,-108.26629580957653,-108.30468041821334,-110.47303766250624,-108.28998214358718,-110.34164146953039,-110.30173135694223,-110.88400360127567,-108.44632042203159,-108.85371783884621,-107.19008133033584,-109.92039454073216,-108.19006530690903,-108.90055616349011,-107.9378236177817,-107.43520659720194,-108.59180437185854,-109.21306695191609,-109.23926481152988,-110.57725748263455,-108.53944932011707,-108.19342477437011,-110.20060162842353,-111.34394321508351,-110.41330312867667,-108.20513806029984,-110.39093339155178,-108.91544172443284,-108.24392076512851,-110.67671810608489,2,-109.18895882796787,-108.90055616349011,-111.34394321508351,1.272660597478746,-0.21726967935034477,-1.2020736694145122
HDOK,PLOK,17472,26,26,-115,-8,10,2,29,-109.7684404955253,-110.74523211239205,-109.93246768727953,-111.15165832314172,-109.27592376340708,-110.40072083406801,-109.5441994688129,-110.66222367541872,-111.41679545129189,-109.373163433351,-106.81574973508313,-110.2042561550146,-108.16415406165999,-108.68988653884597,-108.35378836710808,-109.90043781016671,-109.37305457700124,-108.28761376296667,-111.42882623868256,-108.55586371487959,-109.26481624836629,-109.60296269169972,-109.04355132625784,-106.991157525639,-108.95592751324898,-109.11319289621761,-109.32654738851002,-108.26533028732561,-110.59773013040488,2,-109.42088524875058,-109.37305457700124,-111.42882623868256,1.3016591347048183,0.26073523410914945,0.03366737194393021
HDOK,PLOK,17472,26,26,-115,-8,10,2,29,-108.2581680981428,-109.30571039714371,-110.18011102164859,-108.99759474516051,-109.5052799578999,-109.80018706355635,-111.33169979916985,-108.88508176134472,-112.07124199639341,-110.29545845393295,-108.23391198004659,-108.25246959128877,-110.75419463199238,-110.61598064305575,-108.63193188737156,-109.39597651078682,-109.25102299310612,-107.79507841029833,-109.37238209149062,-110.33137121070817,-109.53189705353792,-108.58155616951274,-108.82938896212627,-107.65136212666995,-108.75516194399039,-110.06773656486214,-110.19568768737761,-108.2989958831848,-108.55452122898379,2,-109.37004002982013,-109.30571039714371,-112.07124199639341,1.0931020094609736,-0.5924074668602335,0.07720917985387477
HDOK,PLOK,17472,27,27,-115,-7,10,2,29,-110.47408082302056,-108.580106161886,-108.14175943431697,-108.61075908071199,-107.93795583782178,-108.93228203643852,-108.39695170872203,-108.35287522573707,-110.89165949798083,-107.83722225136675,-109.72686715746757,-109.17010159143928,-108.85994561030739,-108.03321184133887,-108.85905393113654,-108.51171015509988,-107.8392559293678,-110.49907866768127,-106.107960211759,-109.21588695839465,-108.71967667762814,-108.17465283231863,-107.71758648018952,-108.3569641404164,-107.34952829119418,-108.70266944050411,-108.58380130799956,-109.40386680832009,-107.85450284204421,2,-108.61524044595205,-108.580106161886,-110.89165949798083,0.9256303152132446,-0.26896103671124055,1.3578581698690564
HDOK,PLOK,17472,27,27,-115,-7,10,2,29,-110.65321391404295,-107.1646513379958,-109.57667844123117,-109.32429369630093,-109.74703211067437,-107.88749360322169,-108.68998428336923,-108.14415944003522,-109.14686561056376,-112.67710201632993,-108.91916059956854,-108.88619614155299,-110.60380931930644,-108.88962653686893,-109.48497616144773,-109.80433489008855,-107.77311928216882,-108.8633356526376,-107.94597615070172,-109.18428135745323,-108.52347271250204,-108.61519639972155,-106.56964763482013,-109.03495549862313,-106.78616407624085,-109.51727479422344,-108.86689625093551,-111.01167958913516,-109.32468066418738,2,-109.02125028158446,-108.91916059956854,-112.67710201632993,1.5334374384595644,-0.5464949476152231,1.6968496096781087
HDOK,PLOK,17472,27,27,-115,-7,10,2,29,-108.82688279492756,-107.74259035483064,-109.19293316694778,-108.80405112701615,-107.24189706521348,-107.55394378028349,-109.70028968303068,-107.96958220579066,-109.16721317357052,-110.74937614375467,-108.51509389008109,-108.86162609932731,-109.3256614436329,-109.37028676846668,-109.10553398236702,-108.09088289242364,-108.82213292193924,-108.1849143130586,-109.19969130540235,-107.16080897640695,-107.9176187575245,-108.45809178601797,-107.85476535273615,-108.32458694951437,-108.6367745187491,-107.83181695853969,-110.09589435578945,-108.92041948349019,-109.95467091738813,2,-108.67517348855935,-108.80405112701615,-110.74937614375467,0.7155551528589494,-0.30878814501835367,-0.08089274121631718
HDOK,PLOK,17472,27,27,-115,-7,10,2,29,-110.61523338894038,-109.4512637274821,-109.37725517732922,-108.39192079590356,-109.46272564116609,-106.62117525379622,-108.95207448450292,-108.81700968682722,-109.44370149455035,-108.53521834256249,-108.82263622156631,-109.84216501870748,-109.09432662763749,-109.31036281842842,-107.50738035203722,-108.57482491958018,-107.31470684439176,-108.46017085996502,-109.821918023051,-110.67116391152892,-107.84242533495144,-109.41800398934788,-110.14836071278174,-108.54161402132048,-107.5691477120304,-107.65116122533553,-108.5809582039891,-108.65276886744653,-108.84356381039828,2,-108.83914611957086,-108.82263622156631,-110.67116391152892,0.8959112690308625,0.19966173539893026,0.0006181936996907389
HDOK,PLOK,17472,27,27,-115,-7,10,2,29,-111.4443129092447,-109.05659778653822,-107.95707034171008,-109.91820383255276,-108.6138552713634,-110.30719454220939,-108.4146871870289,-108.44151391945087,-107.40981881439761,-108.50534374717752,-107.12961589401431,-108.76072105757672,-107.12276890301243,-107.01077759673966,-107.65064453772007,-107.58187231101729,-109.8107084433919,-109.47406943876787,-109.7942670236509,-108.25749688697634,-109.45613555069292,-107.41323897767343,-109.48265537827264,-107.70104101397229,-108.8487600721388,-110.78876699558948,-107.72506922654603,-107.76212023929888,-108.5611606351605,2,-108.63449960461674,-108.50534374717752,-111.4443129092447,1.292135352312525,-0.6063645865453089,-0.240544303447078
HDOK,PLOK,17472,27,27,-115,-7,10,2,29,-110.54840813491934,-109.60616305932848,-108.48215271749035,-108.36925230249726,-110.05841903529912,-110.12906478232152,-107.8519162948851,-109.73244269269317,-109.19226302489722,-109.9316498285292,-109.53503403206334,-108.57954599182742,-109.08975084844994,-110.00076070977975,-107.35644648893935,-107.69686895708321,-109.25744928205405,-107.59640238180145,-110.07974127906844,-109.33255927014491,-109.86626980500036,-110.29711748306542,-107.3651516117635,-108.26354861034794,-108.9759999701186,-108.28122505338236,-111.85764382840304,-107.94420052305239,-109.39059804264198,2,-109.12648434627064,-109.25744928205405,-111.85764382840304,1.1346583730349598,-0.18694363924559323,-0.1112280006084787
HDOK,PLOK,17472,27,27,-115,-7,10,2,29,-110.0087688132408,-106.3944034175979,-109.7811561697508,-108.05387430049723,-109.1473365023304,-108.64439883287605,-108.18959858422515,-107.9968237261194,-107.72262708631818,-108.45666119604901,-107.61744246136492,-108.23650210851214,-106.94610424389597,-110.02960155432591,-108.07580799526055,-109.42069633047768,-111.3282098938716,-108.72967836078953,-108.31923124197952,-108.56738583048092,-107.03069563445534,-107.97453861941771,-110.41101264988197,-108.21458392319646,-109.70938859434843,-107.4402062177607,-108.89104428266421,-108.9121620402493,-107.53155028253956,2,-108.54418934118888,-108.31923124197952,-111.3282098938716,1.1939014329751616,-0.47594580106473006,0.23408680856870756
HDOK,PLOK,17472,27,27,-115,-7,10,2,29,-110.41154770487483,-106.68713152319131,-109.66023782569529,-109.2034645977586,-110.36700507262006,-111.09222828170934,-107.04380178492754,-107.87533991259882,-108.6944511453,-109.32213818413013,-109.09889740395502,-109.61755380326599,-106.00565083030162,-110.25927610511113,-107.59507176051375,-108.05016139082817,-109.07497259611034,-107.46397022394441,-108.11158994578207,-111.1487758819301,-108.7277206602237,-108.3749554389157,-107.62457272899431,-107.64944189218551,-109.45843672813822,-108.58057564393664,-108.51473092597269,-107.52515877483553,-110.13617394913527,2,-108.73707009368577,-108.6944511453,-111.1487758819301,1.6278608765751041,-0.026276394657863328,-0.5101077944395476
HDOK,PLOK,17472,27,27,-115,-7,10,2,29,-110.53094658160877,-111.26097324620152,-108.47728449103236,-109.69937656621578,-110.22635210998473,-110.16390433943877,-108.32996723220515,-108.84574005046476,-108.49646181516437,-109.0937731180836,-109.60961792344779,-109.19899824620944,-109.79918908785173,-110.26072467022718,-109.58054913698982,-107.19178473657564,-106.7381994953604,-108.87776022936505,-109.86156540465502,-108.09707734859161,-107.91237660623815,-110.49585026484702,-110.2536691100259,-109.04235355299463,-109.24804775373055,-108.7255544089692,-107.30991786676356,-108.32501639556938,-108.03719977475572,2,-109.09276660564025,-109.0937731180836,-111.26097324620152,1.1678057821933672,0.22354613368303594,-0.4215484857854541
HDOK,PLOK,17472,27,27,-115,-7,10,2,29,-108.27451354812882,-108.78190117599516,-108.5715915884601,-109.04476946174996,-110.76056057485124,-109.71995194345013,-108.13514089806392,-110.13077241919744,-109.48851118299197,-108.28522333903499,-108.04324572309325,-109.21111603162264,-107.81346120072207,-107.9149115045218,-108.31772747832727,-110.01984676177963,-108.66526367419829,-109.3035357288899,-107.86965152832151,-110.05247715898633,-105.64145354601173,-108.56902708808065,-107.96102512177958,-108.42478772847629,-109.33028010085872,-109.47479481222433,-107.40047183111936,-106.19993110109993,-108.31844506886162,2,-108.61118583865166,-108.56902708808065,-110.76056057485124,1.1890903148365963,0.5898827042092076,1.1231758802606389
HDOK,PLOK,17472,27,27,-115,-7,10,2,29,-110.43852694566377,-108.48009652344984,-107.30367292464229,-109.87070161882794,-108.61931697213556,-109.11183844157134,-108.6872316354248,-108.93361836395549,-107.88867906017789,-108.97049591576817,-107.57719348169604,-108.28098315013315,-108.56950361059513,-110.11538278518775,-108.86229578903773,-108.81802366702443,-109.85570835440927,-107.67083130382022,-107.85523399685655,-107.58782048369436,-105.51180149438663,-107.51167567012358,-108.47067429542957,-108.43267819477111,-107.60069087383135,-110.37036163521317,-110.68407837406482,-106.4692958814217,-108.99843262916681,2,-108.53609807146483,-108.56950361059513,-110.68407837406482,1.348884771959783,0.25939004678963135,0.4379104426125986
HDOK,PLOK,17472,27,27,-115,-7,10,2,29,-109.40581125214813,-108.8858053458232,-107.67092520491839,-110.2189357842143,-110.57748483856955,-110.63278173551078,-107.89985039910232,-108.23716897411646,-107.81256532339734,-107.35099492728568,-108.74579098973186,-110.45740661128535,-110.32696375353375,-107.66358998605816,-108.21009469682348,-109.15455378871677,-110.11066137409422,-108.42660705165315,-108.46121194103453,-108.41091437193681,-109.98752549038376,-110.06549114943361,-109.4624379110933,-108.55767163056575,-107.9811166274648,-108.40979171778804,-110.06376376292529,-109.94841071004375,-111.52538850177585,2,-109.12626606384235,-108.8858053458232,-111.52538850177585,1.2048829331932391,-0.24831495071652487,-1.0411486434997665
HDOK,PLOK,17472,27,27,-115,-7,10,2,29,-110.91554373480325,-108.62798035233142,-109.61354839534859,-108.75832548415195,-109.18682633510075,-107.64151557563366,-109.67102552456564,-109.08252886281343,-107.83395847078765,-109.83151174036105,-109.01256216968737,-107.28680887348291,-107.54341829562817,-108.6107629734779,-110.024878275539,-108.75925834125104,-107.51944648052961,-108.86329197781293,-107.56159563380177,-109.20383700533394,-109.1656565214076,-108.01467112499495,-108.90212907240253,-108.80183183154973,-107.89963767561713,-108.46600366991592,-108.84178786354505,-110.08074415206379,-110.35775359301032,2,-108.83030482782584,-108.84178786354505,-110.91554373480325,0.8280542704277265,-0.2095080541303992,-0.4063059631657562
HDOK,PLOK,17472,27,27,-115,-7,10,2,29,-109.4160319072549,-109.77779233545839,-109.04742776902796,-108.61060883376443,-109.69375495318336,-108.71607139035504,-108.25272443747218,-109.6593311166573,-109.00362418881842,-109.04618370212674,-108.27446343998339,-108.49489231998334,-107.90367685458111,-109.30566659939427,-107.56143586302619,-108.41874791958334,-108.78295526315598,-111.00631441827366,-108.19647139431514,-109.17537561775771,-109.28622454643016,-107.18860774395738,-108.15029395618264,-106.68941557127087,-109.13398800290355,-109.117660444788,-109.79105248281374,-107.62440770722789,-106.39051280330254,2,-108.67985219251896,-108.78295526315598,-111.00631441827366,0.9494107176261614,0.3188042760472061,0.6090334477114783
HDOK,PLOK,17472,27,27,-115,-7,10,2,29,-109.7858430378614,-109.1498074733843,-107.07768169773767,-111.33630042025992,-108.72780309924663,-108.34718459616316,-108.62289771045273,-109.08204801188606,-108.75818846513498,-107.55832319931943,-109.62351070401223,-108.96338922093574,-108.1027880807173,-108.67782933365321,-107.50605653272717,-109.16021943689594,-109.51392173160869,-109.56808298924423,-109.54026243120859,-107.61366676764511,-108.68181429632745,-110.4003166025543,-109.48892530573147,-107.20861646847558,-108.53556390925114,-108.67324425779744,-108.35772817225286,-108.4947632673337,-108.00649032217373,2,-108.77804370834455,-108.68181429632745,-111.33630042025992,0.861918335494773,-0.42192837852573434,0.7796654875223274
HDOK,PLOK,17472,27,27,-115,-7,10,2,29,-110.32908875014601,-109.88212560865654,-109.71770652644146,-110.69507469964002,-107.98584391293878,-107.69915962540875,-109.02039979447984,-110.26846969657562,-108.60418761021681,-107.95978108922141,-108.352719704318,-109.15552334742671,-107.5230374498305,-107.53221407494658,-111.11678636418762,-108.23995785703468,-110.20873338795755,-110.58166831106483,-110.06031998393014,-109.14645539193714,-108.86639502155616,-110.86032293786698,-108.5086756834851,-106.63614328460139,-109.80705755986807,-108.58508027758761,-106.27821525167504,-109.09265432334345,-108.68231471530747,2,-109.01365904281553,-109.02039979447984,-111.11678636418762,1.5203895543922736,0.2570795359619967,-0.5145282325316729
HDOK,PLOK,17472,27,27,-115,-7,10,2,29,-109.81051976980145,-107.31955316969085,-109.76505784485501,-110.52264065330579,-109.51555747432317,-109.38682961727234,-108.74657087458326,-108.19105783649619,-108.16370529879232,-107.26629785219363,-107.45957200585828,-108.27842349860273,-109.23018665222006,-108.21411766070662,-109.16286970795721,-108.659094202667,-107.81678920704059,-109.6526399192252,-108.8918797857864,-108.18502420635784,-108.32000150298408,-109.490639504051,-107.95121043713756,-109.67290498892537,-109.0087363621338,-109.01763935679959,-107.24918432304305,-109.6371477868756,-107.33543899455366,2,-108.68694105152551,-108.74657087458326,-110.52264065330579,0.7961608932510675,0.052953128976341114,-0.9529579852138932
HDOK,PLOK,17472,27,27,-115,-7,10,2,29,-109.69736411579046,-107.60543596424965,-108.85724795577259,-108.73610040110708,-109.41856973473168,-108.39860227353792,-110.25170203265657,-108.88297162155276,-109.71212535238332,-108.9125586885738,-107.41916606977162,-107.70907385948806,-110.10636054946664,-109.20674069577584,-109.06317058103629,-109.26805606721041,-107.00066781712806,-109.09606107625062,-108.91172507899364,-107.43354350077692,-109.25186708495087,-108.70169445264418,-110.04524014968328,-108.85486712334598,-107.50400690704102,-106.90337522165441,-108.94619957703739,-108.91372038183047,-108.89269125659214,2,-108.748307089346,-108.91172507899364,-110.25170203265657,0.8004861459661214,0.5193540459535253,-0.4055198740580588
HDOK,PLOK,17472,27,27,-115,-7,10,2,29,-109.06494551721504,-106.36496507362081,-109.56997346478006,-110.13136987410702,-108.84084937992756,-109.38569750378518,-110.63740717701835,-109.19603260852938,-107.37482550889129,-108.88705003676344,-107.63829119922215,-109.05203533508556,-108.19032819496587,-108.43749173603806,-108.30771848142074,-107.70628621594014,-107.44980633069781,-108.31372382634069,-107.69241202353669,-108.74088812115701,-108.55292459251869,-108.54344521113654,-107.68171963788662,-108.52388991910257,-109.67006898763057,-108.09944402894054,-107.66953400618205,-109.72600627369437,-108.46832365382802,2,-108.54887772137802,-108.52388991910257,-110.63740717701835,0.8290997193135783,-0.0737225869002543,0.23736594768560426
HDOK,PLOK,17472,27,27,-115,-7,10,2,29,-109.5121543328922,-107.85769504872779,-108.77355741172815,-108.48008145432172,-110.59824069391041,-110.41617036836902,-105.00158203574117,-108.09755385041889,-108.67224670335307,-108.15964216335018,-107.98573663143496,-108.77226498857492,-108.98646153299842,-108.17938758505554,-108.24808334910449,-108.19279710896592,-108.38079429936562,-109.80387650739277,-108.22158746076352,-108.66542950859187,-108.21397457071507,-108.99213708203317,-109.5425416241651,-108.57645846942886,-108.38412171808513,-109.60184184313668,-109.72657776468728,-109.74678745341227,-107.09916749573071,2,-108.65134313987775,-108.57645846942886,-110.59824069391041,1.0961834046937475,1.0992157876684403,4.026336668008069
HDOK,PLOK,17472,28,28,-114,-7,10,2,29,-105.32979580332655,-105.8364700344795,-109.42872727938568,-110.1270668770371,-108.21865228742173,-109.36797371167752,-110.7745656398304,-110.06762681038025,-107.24358721425475,-108.5957476788622,-109.12206036600068,-109.71083811958201,-107.59536629359675,-107.6344419706585,-109.79851087614543,-107.83201910582102,-109.75424322461306,-108.9157542861854,-108.76360252171794,-109.40046307749705,-109.7042051446138,-110.53813595422397,-109.4665642829645,-107.28191392028887,-108.39998256912197,-110.1688060350345,-110.18457048131202,-110.3396533897625,-110.53625230166163,2,-108.97026197439507,-109.40046307749705,-110.7745656398304,1.8502517650024686,1.032132498929299,0.6659750927694206
HDOK,PLOK,17472,28,28,-114,-7,10,2,29,-106.6116996493136,-108.92002121273167,-109.9754767879528,-108.63198812066645,-110.85283594226573,-108.83291433893855,-110.95582947123098,-110.23827388941999,-110.43367903320625,-109.55037535314803,-110.01961539867055,-109.16732904658748,-108.21869272591375,-109.36926237127653,-107.42709334117387,-109.25296042167692,-108.66526506356804,-106.41706551199566,-108.82391505013817,-107.96542737264608,-108.31342909754301,-108.36601967724107,-108.2645708737923,-109.59809730571368,-109.72787244657883,-109.33581259525785,-109.25854629819666,-107.52726790130072,-108.71666607755718,2,-108.94613801295523,-108.92002121273167,-110.95582947123098,1.202034058085316,0.3704765760310891,0.13715806924600704
HDOK,PLOK,17472,28,28,-114,-7,10,2,29,-104.04655885816041,-108.65504077384902,-109.45125792958805,-108.5188241464182,-109.26980004071245,-109.4207001563623,-109.84468564516746,-109.55939290186059,-109.69571072678906,-108.3104827300349,-109.23809241527495,-108.15021258152318,-109.10118826420133,-109.19213844113979,-108.62653978560019,-109.39326740975443,-107.72014699721565,-109.8453309639176,-108.57395246939512,-110.03571629809457,-107.5754520038994,-108.08464676955924,-108.44532841556466,-109.07669232543684,-108.2718617283503,-109.62481194711238,-109.19701194878084,-107.70650292002676,-108.88057076414137,2,-108.74179028820451,-109.07669232543684,-110.03571629809457,1.2395645656719414,2.6250319754196334,10.050420164513975
HDOK,PLOK,17472,28,28,-114,-7,10,2,29,-105.67364658086183,-109.43698624389157,-109.30198746911674,-109.59812542856686,-108.97034759196018,-110.19214751967931,-107.46012532886932,-109.14790929209349,-107.39172305677772,-107.74531182767556,-110.9704569358104,-109.56749217994196,-108.30489677941125,-109.31835787861368,-109.12967633114603,-107.35442469018568,-108.34418159616621,-108.60928080076037,-108.37280329593963,-109.0441748327042,-106.82122421874773,-109.81635946295943,-109.80079004080008,-108.50944933549466,-108.93714295983452,-108.86743800861478,-109.38196468221363,-108.85441614489403,-108.73029324653484,2,-108.74665978483678,-108.93714295983452,-110.9704569358104,1.1333833829229507,0.784257514104085,1.3674690379817274
HDOK,PLOK,17472,28,28,-114,-7,10,2,29,-106.33152687687006,-109.1547115558556,-108.8448816210771,-108.16457713224183,-108.1131033235867,-108.80704337016385,-109.13401263487688,-107.89509252706478,-110.31570823362917,-108.18428108639966,-108.98723802954876,-109.0478863817709,-107.81825754002968,-108.19186227556852,-108.49106362426451,-110.63558312166627,-109.13041703673721,-108.12996733681524,-108.930332546281,-109.28719114184821,-111.05982667205761,-108.09761841450522,-110.24847557044365,-109.74558366032345,-109.76504036879794,-110.08709602334625,-108.58778257891507,-110.52084045637224,-107.35153585370685,2,-108.93305299981948,-108.930332546281,-111.05982667205761,1.109739030963039,0.02896771966139214,0.05746452007178027
HDOK,PLOK,17472,28,28,-114,-7,10,2,29,-106.02800783264671,-109.21460360428664,-109.51844934430346,-109.40248641155584,-110.26956392595346,-108.05850360720694,-109.20454626587282,-109.77943656435944,-109.67550156811186,-109.61619582419397,-109.9782408020004,-109.38471496644345,-109.14375604993685,-109.73225082514638,-110.43850821864805,-108.50184123986512,-107.259754595142,-108.5489518372779,-108.20519819658738,-111.10564693745098,-106.67259175268332,-108.35496584760433,-108.5275554125425,-110.73549696903595,-108.3436212923009,-108.18240845845591,-108.02728938219329,-109.55618253593819,-107.52152603782149,2,-108.93061366570915,-109.20454626587282,-111.10564693745098,1.3461689715488285,0.4779880740857746,0.18515937430059104
HDOK,PLOK,17472,28,28,-114,-7,10,2,29,-107.60658758675666,-110.41522474848703,-109.49989776282278,-110.83413298829754,-109.982781320721,-108.12561712704739,-108.84968582378698,-108.41043461929331,-108.81520080909429,-110.0718781749071,-108.05492015559305,-109.72069524358528,-108.88777314731475,-108.92387663208366,-110.21662262094421,-109.43549689557271,-109.42317421069633,-107.77034469754113,-108.88071055274035,-109.163265048092,-108.04377972467755,-106.8539632257576,-108.08046914827005,-109.47729089846219,-108.43300598551012,-109.85364822806196,-107.96710119104125,-109.32522469234094,-108.28678237757376,2,-108.9451581254163,-108.88777314731475,-110.83413298829754,0.8590465945899064,0.04393141128730561,-0.44690865969237414
HDOK,PLOK,17472,28,28,-114,-7,10,2,29,-108.02068200648498,-109.31075169193417,-109.19276347475825,-110.1643931391946,-108.76631385619407,-108.66851370295174,-109.27386274767647,-108.97038935951039,-107.79976631107081,-108.2853979746125,-108.95742897297703,-109.86477524794536,-109.29401846157171,-108.43862848964659,-108.75045382032935,-108.47383028968815,-108.04395764959521,-108.6901311766116,-107.10685136245633,-109.6777004873224,-108.94838538736084,-110.07687252697043,-107.77545944359137,-110.03835058767345,-108.85897248392178,-109.01957091862845,-108.87420884570606,-107.79958002290333,-107.36154066833217,2,-108.77598452095239,-108.85897248392178,-110.1643931391946,0.6079382835524147,0.14712232080369203,-0.36805192848938173
HDOK,PLOK,17472,28,28,-114,-7,10,2,29,-108.37747198289735,-110.30833006507528,-108.36701047586931,-110.07345970812531,-111.68515172727929,-109.30196750345777,-107.54466419714926,-110.17843640891049,-109.52932163347232,-108.34562316529546,-108.15116526444291,-109.42742817526423,-108.9204315658698,-107.90974181653615,-106.85298339226354,-111.15981120178886,-110.43350304924253,-109.3401240897472,-109.1572620578774,-109.13814470183458,-109.85670496461992,-109.2494859838982,-107.0885594660092,-107.17129136522786,-106.83719020805697,-108.49303226172073,-108.95737667228768,-110.15457884101012,-109.52740714262086,2,-109.01853996854656,-109.1572620578774,-111.68515172727929,1.4857752644414646,0.025765421404663313,-0.33492025152394644
HDOK,PLOK,17472,28,28,-114,-7,10,2,29,-107.23780096643956,-109.33223290131376,-110.18162848319297,-108.14688486111743,-110.02374489625343,-107.72152142460928,-110.41096802849313,-108.70506012834785,-108.85124688560276,-109.13280219761724,-109.7561801033632,-109.51684130499446,-109.66870394954871,-108.08077957065413,-108.16308571056706,-108.37199836915335,-108.94420467833139,-109.25757131118657,-111.14105397393917,-108.89469032930482,-109.63282596678816,-109.74103174881675,-108.34605543723671,-109.5520123126057,-109.3180409246345,-109.21508315968917,-109.79468413627117,-107.67433634960088,-109.03214256596394,2,-109.09811078191854,-109.21508315968917,-111.14105397393917,0.7576075120878256,0.07077067510517132,-0.02041838007704122
HDOK,PLOK,17472,28,28,-114,-7,10,2,29,-108.10790992489531,-109.73221206949533,-108.88837223773025,-107.72828084377514,-109.49873610737927,-110.70090834425137,-109.50885499301212,-110.9089692385834,-110.52214732232628,-108.51148437778659,-108.47859354344287,-109.5424280592465,-108.96065385601005,-109.41470033960276,-108.10170116350182,-109.33195145786222,-107.27336199968423,-110.09518326674039,-109.10311888325577,-109.80818811880523,-109.9807881900062,-109.9721716934619,-111.2990741295429,-109.7993256209125,-108.95061488367139,-107.71428759643638,-109.87929632299719,-110.10853602286967,-107.87902272143846,2,-109.30347839064565,-109.49873610737927,-111.2990741295429,1.0047724574709436,0.1821933909030442,-0.5424039329521659
HDOK,PLOK,17472,28,28,-114,-7,10,2,29,-106.6911009759138,-109.65206873233957,-108.05476744961851,-109.7416851279323,-110.0588274914799,-108.72502212778365,-108.08471804703377,-108.91668005396713,-109.09395488050345,-109.88241961620012,-107.77127665416748,-108.64739285010467,-111.04132118029912,-109.11881994082573,-108.86588178127724,-110.38662751729944,-109.25780639333435,-109.11280264033246,-109.06886525897127,-110.04955858344952,-109.11965578027782,-109.75001298775945,-109.26366367639923,-108.31950338313146,-109.05641365959436,-109.05742510853075,-108.4513497807416,-108.10996912097268,-109.17791717510654,2,-109.05267268880507,-109.09395488050345,-111.04132118029912,0.7286339409168148,0.2933890850590838,1.2198913682437946
HDOK,PLOK,17472,28,28,-114,-7,10,2,29,-107.32204124126275,-109.3516245941842,-108.60748816561181,-109.53316828929378,-111.48219977257035,-109.13923264906968,-109.71143519370254,-109.19910852080362,-110.73805081900267,-108.6142803099149,-108.8176426762939,-108.6222567318437,-108.53390668880148,-108.66855229865766,-109.06006723247778,-109.58705811253839,-110.48431016174985,-108.97393365239083,-108.86819343716662,-108.70161434213463,-107.2393818409935,-107.48228186072498,-109.22197957209008,-108.07943983172957,-109.66282622070514,-108.67721990317916,-108.16409979715989,-108.38229874364715,-110.30428903591265,2,-109.00793040329701,-108.86819343716662,-111.48219977257035,0.8985608537201645,-0.46262420330376686,0.7117657314205572
HDOK,PLOK,17472,28,28,-114,-7,10,2,29,-107.539732700603,-109.9074744098639,-110.17930252545366,-109.68499996650334,-110.09378510179056,-108.7655328910819,-110.25052820745253,-106.9463506825634,-108.31007151024176,-109.140802130365,-108.24211453431792,-108.27108442481753,-109.41614578768564,-107.94017892204964,-108.43238556182222,-108.89193219480156,-111.44482325428918,-109.62135917449822,-108.48673575863909,-108.73778606505485,-106.80930652976699,-109.9044580518085,-110.36988234375666,-108.6524387389321,-109.98364722020163,-108.57483551365226,-107.98711487036606,-109.43537302806313,-108.95246193800817,2,-108.99905669098102,-108.89193219480156,-111.44482325428918,1.095046696536237,0.025493402296257146,-0.029145546724765214
HDOK,PLOK,17472,28,28,-114,-7,10,2,29,-107.38802342934073,-109.20671830787191,-108.61922858102656,-108.26542927998469,-108.91508139706627,-108.09396792523961,-109.95442064621065,-108.84839626870081,-109.02627416961536,-111.46367859259036,-109.17490702321555,-109.28585879632632,-109.2680533984624,-109.24595776921804,-109.51624981240217,-106.65422838186383,-110.22818695424455,-107.10029759934598,-108.74769363022672,-108.26990821032179,-107.87660173341577,-108.65883904102688,-108.27292271617178,-109.24926400687946,-109.90048128753982,-109.34865030268777,-109.65530953140636,-108.11943564981988,-107.30649309342488,2,-108.81588129433264,-108.91508139706627,-111.46367859259036,0.9957697108577946,-0.07865581425002433,0.753138821305599
HDOK,PLOK,17472,28,28,-114,-7,10,2,29,-106.94592356295104,-109.21323384929224,-110.07818179789531,-109.7176672809957,-109.52839608508503,-108.50388954630598,-106.85541092433758,-107.45048865806771,-107.97629632873773,-110.29978392203975,-108.58031811528184,-109.54556759088493,-108.38075176512143,-109.45982167057001,-108.1837692726608,-106.6899473940233,-108.46076707823852,-109.62749421155715,-110.04983532226416,-106.84625901160923,-109.50712053712184,-110.13654064535947,-107.11604957622242,-107.89365133021668,-107.12872606413995,-105.72988970801849,-109.4767345998311,-110.6625103113495,-107.91898618906556,2,-108.5504831844567,-108.50388954630598,-110.6625103113495,1.6730726945463417,0.29588433170212375,-0.9552331151761906
HDOK,PLOK,17472,28,28,-114,-7,10,2,29,-106.65997205810349,-108.55532548227056,-109.42760060042907,-110.81938562071097,-111.74131925907805,-107.94002054042309,-109.57908833585442,-108.86213573978168,-108.07341095345072,-108.65508832876706,-107.90145512867605,-108.949888377437,-108.200061359638,-109.03989616047367,-110.2785181554941,-109.81265548105308,-110.2761502471523,-110.93892105384658,-108.41669729600255,-109.26590095881254,-109.279531698674,-109.14953139087702,-109.5985672954295,-109.47973939227656,-108.42023899378498,-109.17686175754774,-108.37637819666482,-108.6333125625585,-107.61758441050638,2,-109.07328402881981,-109.03989616047367,-111.74131925907805,1.1178106280725004,-0.37043213091680527,0.646740305796448
HDOK,PLOK,17472,28,28,-114,-7,10,2,29,-108.59954713052306,-108.4360038500227,-110.0697801975255,-108.97230517037933,-110.31852170654548,-109.2104965105814,-109.82323256645816,-109.11266603349097,-108.71953989026206,-109.03294714081865,-111.0313727999763,-107.92969536469347,-108.71208784326164,-108.85597023161951,-107.28754133596946,-109.88736280053509,-107.65570004204665,-107.93904663170153,-108.10100468552807,-108.96130313826548,-110.28323864188614,-110.17830587916689,-109.25273710694248,-109.03198375768267,-108.20425837833561,-109.86584572248279,-107.11226911304267,-109.03460286027362,-109.27178277870132,2,-108.99624652788684,-109.03198375768267,-111.0313727999763,0.866749537091695,0.010715609590863455,-0.2755729760293195
HDOK,PLOK,17472,28,28,-114,-7,10,2,29,-106.70541442733781,-109.26528720668564,-109.72118808651169,-108.97253000304568,-111.05793287215539,-109.43668281073644,-108.4139301042976,-109.94153894778779,-107.71780669895453,-109.5889875668967,-108.05336757841225,-108.50122268323199,-107.73336007839688,-109.86543438167321,-107.59663929762522,-108.74891705004443,-108.26571660481287,-108.19372653999733,-108.89476548371557,-108.95425443254038,-108.45237961843988,-108.06812708757762,-109.83105176794805,-108.56332269641955,-106.90477939255686,-109.00711389373762,-108.08407238299755,-106.95499878917961,-109.28914156672725,2,-108.64771345001529,-108.56332269641955,-111.05793287215539,0.9717678665040214,-0.07059048614643867,0.07115790932339427
HDOK,PLOK,17472,28,28,-114,-7,10,2,29,-108.20486952811869,-109.51175169071935,-109.75910735099708,-109.25783696118296,-111.63012118054286,-109.76242500832817,-107.9475114005533,-109.2756796997528,-109.31923689333604,-108.96697221295469,-109.1942156974177,-107.67684353130444,-108.47631421944311,-109.52933042682172,-109.14109421910935,-106.64446012743133,-109.3584068471684,-107.88665253738465,-109.50809042487614,-109.15691214992138,-109.5021635539862,-110.39075878239314,-109.2707793466955,-110.08123419800289,-108.45951075550731,-109.72601413838345,-108.97670499626642,-108.5436904534705,-109.91749740511995,2,-109.14055812886862,-109.2707793466955,-111.63012118054286,0.8486267256703953,0.20554096859732504,1.9041120691744662
HDOK,PLOK,17472,29,29,-118,-10,10,2,29,-112.48557337345633,-108.20811306105058,-108.65614125073945,-107.93689816146515,-109.75754629558844,-109.17376172173381,-108.01461199658132,-108.69348914437424,-110.37534415657002,-107.46228734128975,-109.12213942830951,-107.71679648429516,-107.91619926755588,-108.1667286441673,-109.14300489933078,-108.79819080778586,-107.9898670716624,-108.65771680182968,-109.24240396957059,-109.32665272799535,-108.29271230715544,-108.67139016005713,-108.29649789105298,-107.84502586191894,-108.57137010962141,-109.46425737927792,-110.34863934086762,-107.68691939578096,-108.92218902956137,2,-108.79111958898778,-108.65771680182968,-112.48557337345633,1.0332646000774302,-1.767529525212476,4.717368843869584
HDOK,PLOK,17472,29,29,-118,-10,10,2,29,-112.16058046789361,-108.77729828380346,-108.92617105632733,-108.45408560911686,-108.9326004848281,-109.03411040147832,-106.77764383543406,-108.90707986079653,-108.1004248756036,-108.18353890933082,-110.03777527195182,-107.2269645027123,-106.83860287762936,-107.95915601979486,-110.26655072441253,-111.18618776769817,-109.64171108679486,-109.172753309798,-109.81975768229469,-108.9916402734773,-107.76589188875609,-108.65674613650891,-110.14272923698405,-109.24549565766951,-109.28003054692985,-108.21253806475993,-108.25031772458286,-107.42371230570303,-109.71394166703368,2,-108.8995185010381,-108.92617105632733,-112.16058046789361,1.4211506939962153,-0.5234473613763034,0.8156921931534131
HDOK,PLOK,17472,29,29,-118,-10,10,2,29,-112.03197102283372,-107.48332572799978,-109.2765619432141,-108.96156544960685,-107.95244298126866,-108.33671909007614,-109.06123373329274,-108.1378470509363,-108.05924041271628,-108.41432960379197,-106.39622091406154,-107.4669277234159,-109.630285112781,-108.5637919785612,-109.64410426363006,-108.74850301179134,-110.45392630811801,-107.09764137730008,-107.64216764996438,-107.93946923892102,-110.4178279462087,-109.46709107149144,-107.62575169859471,-108.7463580400781,-108.1638941690328,-110.85934141938604,-111.15045157563846,-107.90125192093087,-109.58950995414462,2,-108.80068111688918,-108.5637919785612,-112.03197102283372,1.6325892776097684,-0.6366392778527246,0.17252701785601499
HDOK,PLOK,17472,29,29,-118,-10,10,2,29,-112.26376468856114,-106.42755313539743,-110.82406092805404,-110.90321881721741,-107.13144086045303,-110.26867341899307,-109.06219483900948,-108.30394652255629,-108.04443169725161,-107.31715673230707,-109.0109655413686,-108.31618517914625,-109.91720037103069,-109.50632740583767,-109.21273855338337,-109.61332784480436,-107.36254463579036,-109.26677505619261,-109.5754789109455,-110.86447225018753,-109.43396498868515,-109.47630848765328,-110.60343172324387,-109.36637961584755,-110.1372048846451,-110.0354267653888,-110.7069788711367,-109.97964629325327,-109.31305424336406,2,-109.38775356074846,-109.47630848765328,-112.26376468856114,1.6274902678908403,0.3564467824652102,0.28091605012354615
HDOK,PLOK,17472,29,29,-118,-10,10,2,29,-111.5271568462912,-107.03474773843865,-108.78019177515355,-107.66798451794631,-107.8144357796834,-109.07982704554544,-108.41804282997605,-110.59070446592945,-108.09351090138534,-108.06274239006223,-109.2493978967797,-109.12135245716429,-106.9302229485719,-109.21432604512626,-109.28864217603422,-108.05545809723644,-109.84783002262402,-109.83165358089492,-108.69881069541532,-109.3247949819276,-109.11629261789373,-108.57794634360604,-110.18387272883741,-110.26652681231556,-109.03583930042844,-109.98934633979485,-109.40702038576231,-108.86536737888875,-108.90363699119928,2,-108.999230416928,-109.07982704554544,-111.5271568462912,1.0142025637314216,-0.10761660816807068,0.4417418761490426
HDOK,PLOK,17472,29,29,-118,-10,10,2,29,-112.5934629044485,-106.9560200182207,-107.50078667645086,-108.68471323949643,-110.6268795993212,-107.4143960048246,-111.27112277292649,-110.63813091529833,-108.62634399371608,-108.05432822635146,-110.0789859010195,-109.593743118498,-106.9009815844836,-108.84452295720747,-109.73007626843716,-108.41299024454501,-109.15604948543297,-107.88755784147025,-108.79945423773354,-108.16806938056911,-109.38411666941498,-107.30730268749346,-108.94181037395715,-107.78747311981923,-109.18047228711063,-109.40380149410592,-108.15621506084642,-108.58147833116449,-108.90691444671006,2,-108.88235171865773,-108.79945423773354,-112.5934629044485,1.6368668547845575,-0.8699267657181896,1.1322968858825964
HDOK,PLOK,17472,29,29,-118,-10,10,2,29,-111.44352181514216,-105.72882603557282,-108.01555001018693,-109.56440518133607,-108.65268741069895,-107.58854891221844,-108.0065493438372,-109.30825049266824,-108.09360333249961,-109.60138479732541,-107.71767462812034,-109.78654085814574,-108.3319910724823,-108.3487020137592,-109.47899497347431,-106.9721767678582,-110.12031603564425,-110.77572644224257,-108.27433590566733,-107.03972079945237,-108.58761069863964,-109.08665091286238,-108.63533726581508,-109.93466956241676,-109.44506625977765,-111.00576032902369,-109.9565344995245,-111.18216071637134,-109.05046115261675,2,-108.95633649053036,-109.05046115261675,-111.44352181514216,1.7109986927766778,0.1663508703339797,0.06247137381554779
HDOK,PLOK,17472,29,29,-118,-10,10,2,29,-110.94845003555909,-108.72583138993029,-109.79481199193229,-108.71808940610781,-109.8831989507984,-108.37367367440159,-110.09443093292018,-108.98317010897127,-108.74569093755676,-108.75713869232888,-108.83124205665294,-109.78468488315407,-111.32586365731123,-109.00306710153968,-109.06932860697609,-110.02593743367973,-108.133594875674,-111.315460067553,-108.02654555226047,-109.00885145128372,-108.19545293840444,-108.99864110402847,-109.10811389152586,-108.18662084999954,-109.17453296660366,-109.4277540409916,-109.25228913327352,-111.4679354570481,-109.77090714137148,2,-109.34935549413237,-109.06932860697609,-111.4679354570481,0.8962420507277741,-0.8842749097953386,0.14552984705080751
HDOK,PLOK,17472,29,29,-118,-10,10,2,29,-113.18627768089316,-107.59097175446269,-108.10356192385335,-108.3289962340983,-108.6100887570313,-108.41846152281796,-108.68500936831025,-107.68169658854207,-108.89446452365178,-108.61854938778768,-109.4806731804834,-107.47854976967845,-109.77649315411189,-109.6219219235087,-109.3609670751919,-109.2978050319047,-109.11644252208629,-109.40547297233607,-108.09347180790198,-108.9112707430862,-107.97070046787746,-108.55188709825777,-110.52378243165266,-109.92793472798066,-109.10983070909887,-110.23474599201363,-109.18555250961978,-110.19027375136139,-109.44613559338548,2,-109.09662031734436,-109.10983070909887,-113.18627768089316,1.2196456689418136,-1.6250899553997675,5.198265874828733
HDOK,PLOK,17472,29,29,-118,-10,10,2,29,-112.8224370703159,-107.31703664198257,-107.20020355850805,-109.10329049833479,-109.4123191401687,-109.4281406077958,-107.97882785984848,-109.61086536153509,-108.151005046575,-110.53818532188953,-108.15170685150653,-107.51983164319634,-109.34546237891661,-108.47372466213879,-108.45840117167238,-109.41323594596676,-107.2994049201544,-108.95799108185938,-107.63817849887793,-109.38639109476154,-109.77815832152618,-111.24407294321452,-109.95263850852047,-108.34610838174169,-108.46533103339621,-108.85521858413026,-108.6801298899206,-108.83024733769464,-110.18776509098528,2,-108.98435549817702,-108.85521858413026,-112.8224370703159,1.4840028542963628,-1.0472105991040401,2.0597983267800335
HDOK,PLOK,17472,29,29,-118,-10,10,2,29,-111.60492193165402,-106.95595608622511,-107.05977441291417,-109.0682046088675,-108.17952896093149,-108.89419920565896,-110.90824403386735,-108.57446073071196,-107.685679505863,-109.06474445712777,-109.38720817937119,-109.0636548648585,-108.93276829625565,-110.03929801531908,-109.87185086849327,-108.19439554531259,-110.82282581847245,-108.31355617635894,-107.7834290832719,-109.46699812288718,-108.55335386224684,-110.2718505850788,-109.20792709619603,-108.4777926351955,-107.83448615725035,-109.66911993450681,-108.92715783165359,-110.23221160248136,-110.42867281498863,2,-109.08531970427654,-109.0636548648585,-111.60492193165402,1.2553090033002072,-0.187259423549971,-0.2795269668252707
HDOK,PLOK,17472,29,29,-118,-10,10,2,29,-110.77056443002874,-107.28320895472956,-107.29887355728272,-107.39776707709608,-109.27648765107159,-108.43069298843798,-110.1534037339799,-107.99446961548372,-108.72949723080873,-108.7566205090947,-108.86775579573906,-108.61137807145813,-108.93115569944301,-109.16420123103109,-109.4368814509089,-110.16767313193444,-108.58719355601364,-109.29928804010865,-108.69566706554689,-110.73405267871783,-109.06536544727527,-108.14013232126617,-110.21401797922839,-111.7164500048281,-110.64276064048681,-107.87933835587505,-109.41776173894331,-109.01071791587015,-109.1384830827729,2,-109.09696068811934,-109.01071791587015,-111.7164500048281,1.1380701640452526,-0.3959480741890226,0.04143311339039668
HDOK,PLOK,17472,29,29,-118,-10,10,2,29,-111.88290318292948,-107.36564708323836,-106.60451788153944,-108.86131820957613,-107.3336137268276,-107.41699288432928,-109.97102327821504,-108.25618394342355,-109.88904108603609,-109.350775830296,-110.20120185695912,-110.2326667489324,-109.74854449244916,-109.7276273101329,-108.45860726131963,-109.10230612780921,-110.57086804527665,-108.35480409763038,-110.80806424467474,-110.74484408714102,-108.01354246006653,-109.82360010029437,-108.82106795179058,-108.47499177896613,-107.472380487982,-108.65902607750664,-110.23281495683169,-112.73044373428559,-109.06690746193632,2,-109.24745953063436,-109.10230612780921,-112.73044373428559,1.933066757071325,-0.3406941105299803,0.1118901030329198
HDOK,PLOK,17472,29,29,-118,-10,10,2,29,-110.34474446733836,-107.47421239664722,-109.83226989578277,-108.73901214382714,-109.3741041084314,-109.03437513990872,-109.24204358500938,-107.2861703351896,-108.67447382356528,-109.09583039408872,-106.83627609422497,-108.46807831243957,-109.15747262009702,-109.71679308322744,-108.27386843284098,-110.80233222250902,-108.66216688725036,-109.14739816836175,-110.58730824771442,-108.33019433039293,-109.03723392879012,-109.50898670915495,-110.61007172408735,-109.66489214188242,-109.60480931178161,-109.38520674760532,-108.14756931585292,-110.42688064786537,-106.60072904197393,2,-109.03674152613245,-109.14739816836175,-110.80233222250902,1.1317657197652145,0.5018200980245656,0.019534049624000627
HDOK,PLOK,17472,29,29,-118,-10,10,2,29,-111.91862407488111,-107.43057561005266,-107.57832992980578,-109.71943120296427,-108.78790659829941,-108.02620188557175,-110.11565232804956,-109.35211628230839,-108.80401318156574,-109.02595598510284,-108.39026036445443,-108.23885119886506,-108.7503556274338,-108.1281102006218,-109.47988929772207,-109.54466523817098,-109.56334706042377,-107.36218989353549,-109.9164694962236,-108.39200215522831,-110.04201141709696,-107.75653517911428,-108.30259734983004,-109.62400094934206,-109.28989881896595,-108.59979956306965,-109.9158169638466,-109.85780974488937,-108.94624784577398,2,-108.99516087735208,-108.94624784577398,-111.91862407488111,0.9572369425583248,-0.5874861463090457,1.1665117278010206
HDOK,PLOK,17472,29,29,-118,-10,10,2,29,-109.76812305175604,-108.03800557087276,-109.8397216532217,-107.63158711720857,-109.32200820904869,-108.40012995961904,-107.36979684816593,-107.7839152484801,-108.07464870868668,-107.90895750899134,-109.47805048794447,-109.78535552035869,-109.23221779182714,-108.81639646208558,-107.42686715242809,-108.28910905510412,-108.6423033807383,-109.68861315410572,-109.17838569000037,-109.18301295538892,-109.55746814675888,-108.87349813510811,-108.30680473425323,-109.19332109968106,-110.69825032076282,-110.2314545422757,-111.09719097919188,-108.3001283145102,-109.50331183529161,2,-108.95236667702986,-109.17838569000037,-111.09719097919188,0.8841726824886338,-0.223898175995488,-0.4460219491656088
HDOK,PLOK,17472,29,29,-118,-10,10,2,29,-111.89398731330752,-107.5854238674383,-109.9830301267084,-106.3807716405992,-109.08431952637451,-108.52130418570464,-106.92519981763412,-108.3874933531077,-110.16176549663582,-109.21936764521318,-108.27505942458248,-109.20620532563784,-108.5254940975932,-108.32820738998743,-108.13733700376419,-108.40859803225233,-110.5091002549078,-108.02215612822228,-107.29453826204131,-109.92149646898824,-108.73069696236502,-109.03273500385464,-108.72104027808663,-109.44829579798011,-108.90816074858552,-108.63792001937907,-110.40912044846615,-108.86002064368782,-109.28076570266745,2,-108.85515899881977,-108.73069696236502,-111.89398731330752,1.2349755789502663,-0.3144212381555349,1.1283669915288521
HDOK,PLOK,17472,29,29,-118,-10,10,2,29,-112.1705263067252,-106.54291481032918,-107.17859754212583,-109.24692736777023,-107.55881643160886,-108.9196878925022,-111.21398516775476,-108.4734671386331,-108.35451544945094,-110.34500222121305,-108.71884305148357,-110.33902927020237,-111.04153249512657,-108.75382282523906,-109.23594972585396,-109.98198212372125,-110.09295886268231,-110.21734772113223,-109.09298481676127,-109.13147733051741,-108.30306844228626,-110.32657415260238,-110.86729343259594,-110.65800491160748,-108.6536472064073,-109.04592517422817,-109.76319487486947,-109.74054518805238,-109.12584900603628,2,-109.41705072205238,-109.23594972585396,-112.1705263067252,1.4994841020253917,0.13483086465927838,0.21544469647999875
HDOK,PLOK,17472,29,29,-118,-10,10,2,29,-113.69786622977213,-107.15501602928683,-107.87532180692772,-108.27291483543081,-109.80678702204246,-109.78793476340482,-108.7872447755037,-108.04317437224282,-108.61702331558429,-108.13716945460376,-108.09685974790628,-109.56493798013483,-110.2168083863546,-108.54604015451525,-108.26964082925302,-110.39421422575379,-108.47982964880727,-108.34932357835972,-109.58496823005204,-107.9680914344952,-107.74235691602223,-110.78571178687238,-109.84705431334676,-110.21034143623194,-110.10507187541343,-110.06000529593763,-108.95874843356634,-109.47672472626311,-109.71300857234256,2,-109.19138586815268,-108.95874843356634,-113.69786622977213,1.6125405194903244,-1.408051840085012,3.929343583739325
HDOK,PLOK,17472,29,29,-118,-10,10,2,29,-113.44821217508496,-109.04709637638526,-108.46478706010751,-108.89226170939898,-108.64357850673038,-110.27293964548511,-110.65022294547049,-110.2397800948313,-108.54409563401478,-109.23360137171782,-108.58870770945022,-108.95989146734138,-108.56330310396521,-110.28023422617854,-108.3506776617501,-109.73737662814032,-108.00046392604054,-109.16028076168885,-108.86193781993208,-107.39726986038544,-107.97072925999746,-109.75373305420095,-106.91695233542922,-110.44038354516681,-108.56750772800014,-108.64348068610691,-108.99247435456869,-108.30993821519701,-110.86519186936167,2,-109.16541757696992,-108.89226170939898,-113.44821217508496,1.5328445376425484,-1.3478121143959993,3.6390619997926117
HDOK,PLOK,17472,30,30,-117,-10,10,2,29,-109.20131453006674,-110.83288189941163,-110.31107966981327,-110.71668230715575,-109.81205108607519,-108.53774876436319,-108.38652413629727,-108.56583762452395,-108.62673754987264,-109.55544939572916,-109.77165770427305,-110.28182648085631,-109.10195768336641,-110.3279145519689,-108.73997788650699,-106.73758847740609,-107.2079616991979,-108.95130642948047,-108.67829931130828,-106.62313628052061,-107.26437477297064,-109.65402840694145,-108.69894394152625,-107.19098126273413,-109.19103750017014,-109.67451180056875,-107.19203575309038,-109.50349656071093,-108.71421153900421,2,-108.89832948296244,-108.95130642948047,-110.83288189941163,1.3350277387089031,0.39476854586763066,-0.5714817164846053
HDOK,PLOK,17472,30,30,-117,-10,10,2,29,-109.99925457933978,-110.07571953067244,-111.17365075417462,-110.6262816547704,-108.8898665967686,-109.51072681428631,-110.73754631050524,-108.50991633579525,-108.81325966507947,-108.69998032344839,-110.64481715360907,-108.76654500686439,-108.60020598241303,-107.52696612273361,-110.66016678876043,-108.56839772056915,-109.04201717648037,-109.57697780014391,-109.1211943131228,-109.08179294624789,-107.3824423019954,-107.17347247199541,-110.2323902771906,-107.91917533192705,-107.05486305937912,-108.11781783835396,-109.62313244462388,-108.5653428161076,-108.21312782843627,2,-109.06576027399291,-108.8898665967686,-111.17365075417462,1.2359604602420031,-0.07249869479587324,-0.7522636919510317
HDOK,PLOK,17472,30,30,-117,-10,10,2,29,-110.97240863190851,-109.18011429998559,-109.74731516730323,-109.58056674518261,-110.47753285033565,-110.3744376417862,-107.7941770847854,-107.65144365713975,-111.12238485365359,-109.40437605483851,-110.25733808195628,-110.73251914093632,-108.81842452729764,-109.19899543646163,-108.80836004525554,-109.76609253464612,-109.06900059906332,-109.84285406866996,-106.51546862739818,-110.64846868193149,-108.93410887156737,-109.4115448396065,-109.71562227330938,-108.81707768628802,-108.13912406240216,-110.93383779588399,-109.31860976645892,-109.19948748403756,-108.65746758447756,2,-109.41686755498505,-109.40437605483851,-111.12238485365359,1.108090035214243,0.5726745165874382,0.633819882831792
HDOK,PLOK,17472,30,30,-117,-10,10,2,29,-109.94029034153981,-110.9498499514525,-110.51875246929593,-109.98883929638717,-110.72288022532233,-110.8728887365758,-108.61068162246963,-109.17631690720683,-107.40527771102003,-111.80144252853029,-108.36768317090298,-110.00596309511162,-109.15165563776453,-110.56013136905649,-108.29957221276753,-109.03871073880597,-108.22480694883647,-108.06794199349237,-110.08322043990965,-108.21962838932717,-108.32727763089623,-109.15444736833004,-109.15584792013958,-108.75531596520865,-108.27052302683573,-109.51747763517879,-110.25135353856531,-110.7944314902537,-109.3358771301246,2,-109.4334167410796,-109.17631690720683,-111.80144252853029,1.1532687159503947,-0.2169818156100894,-0.7816844075450318
HDOK,PLOK,17472,30,30,-117,-10,10,2,29,-110.58379679112598,-109.6558227473294,-111.77459258466139,-109.20764725705281,-109.9619255880706,-109.7268074202272,-108.11481247319483,-109.89078998568834,-109.37396823872095,-108.96593132357896,-110.01597943618299,-108.98114811129427,-109.27710580638308,-107.40395119219471,-109.29665495634906,-108.04255620446223,-108.53579610059865,-108.33905757883218,-108.79203848010809,-109.19148254435774,-109.56767030472923,-109.98782710049274,-108.36745916685076,-109.1411825146451,-107.74648790812005,-110.70654628190836,-109.67120243178519,-109.42208471760958,-109.0678462444592,2,-109.26931625831084,-109.27710580638308,-111.77459258466139,0.8267879140616994,-0.34183422048040485,0.9351344813273816
HDOK,PLOK,17472,30,30,-117,-10,10,2,29,-111.29429053476868,-110.12367538605037,-111.44793354545408,-109.97455799990948,-109.09168201852876,-109.89580232323723,-109.9011749000048,-109.59169672412371,-107.54047587275967,-109.93316739548297,-109.15725705008519,-109.05690525768844,-110.46216129721188,-109.98772950933129,-108.42966232254733,-109.12172181225147,-108.9553005116331,-109.85302804971614,-107.80629473809593,-108.94757652997909,-107.72050494683958,-109.4519806163136,-108.89565065901937,-111.21672777148339,-108.32016637235638,-108.06870566833155,-110.89365614997175,-108.310903022299,-108.57025024624491,2,-109.38002204247307,-109.15725705008519,-111.44793354545408,1.1115387224308035,-0.22023222426488578,-0.5899155082857526
HDOK,PLOK,17472,30,30,-117,-10,10,2,29,-110.86159819162383,-109.57856267334694,-110.74147348018295,-110.56013237035904,-110.10730914597958,-108.33187264394651,-109.24604908242534,-107.3137833722109,-109.60015176538758,-109.89747094027192,-110.39600107684657,-107.67965241042644,-109.06905384895671,-110.03045241127325,-109.87298181168421,-106.29273580536893,-107.46842304142886,-110.14480573969927,-109.78577427120933,-107.22029623013412,-108.11418098115989,-109.18113389694501,-108.45369889733774,-108.50741340866715,-107.46115913100114,-109.47936297805805,-109.12927638798142,-109.35316398586856,-109.90733090572381,2,-109.09604485812085,-109.35316398586856,-110.86159819162383,1.3777182443111213,0.6124717014106696,-0.45771155693847465
HDOK,PLOK,17472,30,30,-117,-10,10,2,29,-112.26800311518632,-111.64170116784149,-109.39615015355831,-109.52911147812998,-109.71277801099673,-110.25621123187314,-110.06501149022543,-110.81154200477626,-109.38164539045196,-108.45407529886619,-109.4768561783139,-109.28874370306447,-109.49407788904811,-108.36283384302007,-109.9501081031588,-108.80521142620731,-106.54472774229691,-108.00936413062435,-109.88991874430955,-109.44384505675698,-110.36750063702203,-108.06545092025898,-108.3400747387,-108.80957009236361,-108.93146834074412,-110.23084002621077,-110.57832113459212,-109.92796601669654,-108.47057741411274,2,-109.4656443268761,-109.4768561783139,-112.26800311518632,1.2765760610630377,-0.051760402140119635,1.1379704793030814
HDOK,PLOK,17472,30,30,-117,-10,10,2,29,-107.96440051165267,-110.38454141070362,-109.86513174659888,-109.62637463402929,-109.20713401542048,-109.36187257702055,-109.83976850648337,-109.64028953591773,-109.63157238796512,-109.89363124999907,-108.98690538603819,-108.76698626862492,-109.50810365562373,-108.01485032032869,-110.64251650821647,-108.13533568608489,-107.873429584709,-109.66071943539434,-109.17870356286737,-109.02329205575282,-108.52761651478257,-108.57281486373844,-107.57722798662408,-109.34345369316908,-109.69865705697325,-109.82370280151736,-108.2884892544586,-111.13744868553596,-110.5695526113354,2,-109.26705250026089,-109.36187257702055,-111.13744868553596,0.7678718991980299,0.060531751590503155,-0.46154541742798383
HDOK,PLOK,17472,30,30,-117,-10,10,2,29,-108.60966277501313,-111.95611526492138,-109.98884974261487,-109.2630487893745,-109.53322731455255,-109.69404276223719,-110.90588241184734,-108.08469861768776,-109.78213956309075,-107.64445307534888,-109.62725505966947,-109.5631285660691,-110.36671499121552,-109.36842039906554,-108.15307083878605,-109.47436911544862,-109.32692809340132,-109.00218044401912,-108.97034971061392,-109.37394477566295,-108.71130256069249,-108.66911428159848,-108.36815423948173,-108.54021956571377,-109.65499474161034,-108.46962813973937,-108.8835773058013,-109.96226440061116,-108.43108167212324,2,-109.2544420420004,-109.32692809340132,-111.95611526492138,0.7733457275906649,-0.9007729732828214,1.8342650556212985
HDOK,PLOK,17472,30,30,-117,-10,10,2,29,-109.5560164859236,-109.50853136738843,-109.04319983506153,-110.6944717252246,-108.90076119338657,-109.63239033366473,-109.53009507235282,-109.2703320936179,-106.99947373305888,-109.4195415784738,-109.59953177755875,-109.42562368059349,-108.29009061706348,-107.54217364141353,-109.43156549423816,-109.60509176434424,-108.65043917069335,-108.72388087724651,-110.11710026556891,-107.43303296474515,-107.78370202361668,-108.51093179519263,-110.00336399858307,-109.88989748924561,-109.03347421845199,-110.06677081813352,-110.02270594205471,-108.85436514925823,-109.20282760865706,2,-109.12901319706246,-109.4195415784738,-110.6944717252246,0.7340931292673689,0.8063716749200746,0.38163268144159757
HDOK,PLOK,17472,30,30,-117,-10,10,2,29,-110.34492580968174,-110.95697778907592,-111.35019215480675,-111.90297277236344,-108.09711297850163,-107.95792586992228,-110.5997357064171,-110.15110283349402,-108.0745657077249,-108.79678808107785,-110.55535818833299,-109.61413412196424,-109.76470033643025,-108.76306365743363,-108.87283332087992,-108.98661238615283,-109.1399213537109,-108.69260194507116,-108.14404343656308,-107.9276118731913,-109.00692024570597,-108.6570186057935,-109.34852735976868,-107.80545935427565,-108.19452948545315,-107.50856263064102,-107.49538492745779,-109.84188885013451,-108.43267017165189,2,-109.13738420529924,-108.87283332087992,-111.90297277236344,1.3451374288717322,-0.6572491257348113,-0.34460298115973576
HDOK,PLOK,17472,30,30,-117,-10,10,2,29,-108.88516124581348,-111.37928940429529,-112.03295878423322,-109.56657927840578,-109.84257305059819,-109.76994600703975,-108.2896467438779,-110.32633907175344,-108.4834695923285,-107.96491304324137,-109.66541029690096,-109.4635945344627,-107.44658083032846,-108.21826274937933,-107.69483405881807,-107.6428760257929,-108.99143720141105,-109.51323939797153,-110.52567299978358,-110.10192867302555,-109.19549388931955,-109.12437982395113,-107.82163228868446,-107.46671055240729,-110.27610200981373,-108.84997630983973,-109.26869462647123,-108.90988354017307,-109.87869617978463,2,-109.19297524861746,-109.19549388931955,-112.03295878423322,1.2533793100685477,-0.41731382185538746,0.11698823439084816
HDOK,PLOK,17472,30,30,-117,-10,10,2,29,-110.19017480922031,-110.96409888903254,-109.39060035727263,-108.34022333574677,-109.81797211660017,-110.56271386851587,-110.9039708265691,-110.21815346743277,-109.47960847456345,-108.40161501616926,-110.85063342168309,-109.20355904352978,-108.96830659602422,-109.84348680555706,-110.52394668760168,-108.92603310807247,-106.99764028095906,-109.27955369097752,-110.53961541129452,-109.54292070037839,-108.4547865744354,-110.15875272398638,-111.53029778540855,-108.94743992931392,-109.13231486596997,-108.29933423244697,-108.76865745933043,-109.15676129571189,-109.61522185465869,2,-109.55201357339527,-109.47960847456345,-111.53029778540855,0.9690705960693694,0.2154850677821252,0.16999795131239592
HDOK,PLOK,17472,30,30,-117,-10,10,2,29,-109.36060178796548,-111.27393959991076,-110.725485841335,-109.02457174023156,-109.40144594561764,-108.99118702791671,-110.3296744699013,-108.48301479086633,-108.12025498142846,-107.14357636191563,-108.4103664151794,-106.22472745732057,-108.53785332345453,-109.60507487838392,-110.70620873857447,-108.72327069275842,-108.4231732634328,-108.46037302871488,-109.49968599962058,-107.80537610956371,-109.56228695420312,-109.33444228361239,-109.02442561864106,-108.85191090023963,-109.15357717464416,-106.92258044422242,-109.73662315158266,-108.42672996690365,-109.3333950235047,2,-108.95158048178091,-109.02442561864106,-111.27393959991076,1.1833699941386107,0.2774285414269784,0.7300385176796556
HDOK,PLOK,17472,30,30,-117,-10,10,2,29,-108.96440348776672,-110.08297444980758,-110.05214554125612,-110.6538798732215,-108.7836848245289,-110.39842485122804,-110.5848113320206,-108.45504014480018,-110.96601661148755,-109.23104367110984,-107.11511601074811,-108.69860000495213,-108.92708303746002,-107.94093920287234,-108.75308457148452,-107.3798869024638,-109.52212502665382,-109.08849932074347,-108.63163230314622,-106.22387865915292,-106.83157868010122,-107.68086184732441,-108.50136152347059,-108.83933481803335,-109.48837241048864,-108.90426786511648,-110.68057522233174,-110.93416626007816,-108.82759301739048,2,-109.00487522314619,-108.90426786511648,-110.96601661148755,1.4787577658146434,0.2736710171544972,-0.27465903397078195
HDOK,PLOK,17472,30,30,-117,-10,10,2,29,-111.43591063569137,-111.25477009216348,-110.25516004862065,-110.3442818900545,-110.44697798254532,-110.12442008379982,-109.49146650149571,-109.47788729964603,-107.8556833763915,-108.25719454225839,-107.12234615378793,-107.56742248726607,-108.81432431969694,-109.37458420829961,-109.67244123027137,-110.60463757547126,-108.68815466575587,-108.18068866422335,-109.66816457267605,-110.20605862560728,-108.00991819763001,-109.45754702479148,-109.85390842828964,-109.99229361309764,-107.91034933984818,-110.167328493808,-109.55483949899458,-109.19799914037604,-108.96182591126076,2,-109.3775374001317,-109.49146650149571,-111.43591063569137,1.1450696764808346,0.25192202228462746,-0.49064804918874927
HDOK,PLOK,17472,30,30,-117,-10,10,2,29,-109.29061383307977,-108.5139636318782,-111.14121698273453,-110.26559085209938,-109.73316901677781,-109.01121741459062,-107.68577332264185,-106.42809734000296,-108.47606162509095,-109.33666301868044,-109.23663639776301,-109.15854743925819,-108.76494519772865,-109.12859009631933,-108.10362568286828,-108.78651424934053,-109.593738981434,-108.03605869509262,-106.87037057984674,-109.31321305507655,-109.51172355215164,-108.92982228153696,-109.88220856792061,-110.30300264220453,-110.34875081223866,-107.42475206650761,-107.63114619760435,-107.78674621208569,-109.99228268776378,2,-108.92017387697648,-109.12859009631933,-111.14121698273453,1.1683010393028197,0.34426791292840336,-0.09938816848782084
HDOK,PLOK,17472,30,30,-117,-10,10,2,29,-110.84920985514658,-110.95829773962116,-111.15626748912355,-109.99616849688985,-111.72582127377925,-110.24019083353186,-109.98043282228913,-108.96292654970226,-108.5118146378648,-109.1905098375141,-111.81664865988705,-108.57581090081116,-108.27880374614875,-109.59707197090268,-109.45758080023738,-108.89208428452936,-108.96934123815498,-109.34821403591718,-109.71385134193467,-110.29206141981533,-110.50246320344553,-109.95300194368575,-108.93509784195074,-107.58201507303497,-107.1825831563151,-110.10926413476815,-108.66044641712799,-110.92799870777567,-109.28190117794404,2,-109.64303033068443,-109.59707197090268,-111.81664865988705,1.2499593153031845,0.029016952924483728,-0.2279740870924858
HDOK,PLOK,17472,30,30,-117,-10,10,2,29,-110.01990512254302,-111.14964299360386,-109.03082269002404,-110.27658277938835,-111.7418419830865,-108.86833638174413,-109.73410700711787,-109.74553314176003,-109.85949922403712,-110.43881475288525,-109.48672177067951,-109.04662897648316,-107.21306477597959,-108.68220775523156,-108.77535231827294,-108.75872840898629,-109.33397179956333,-109.22737390895611,-106.96989989253515,-107.50466211449601,-108.32758028940393,-108.34252627707407,-108.90234008972308,-107.84283652226965,-108.4206712220177,-111.27717295339542,-108.952834396699,-107.62832765544809,-108.44380387689095,2,-109.1035100372516,-108.952834396699,-111.7418419830865,1.328600244878233,-0.368933026393612,-0.002612239119718307
HDOK,PLOK,17472,31,31,-113,-7,10,2,29,-111.39671433198313,-108.35989820867162,-109.46747202135259,-108.06442029999107,-109.05447815638198,-109.29901118712144,-109.42344205008519,-108.10205161140794,-108.09400813584031,-109.60283093293249,-108.58511299497069,-107.72532868201642,-107.83926624546669,-109.82802935121508,-106.29887619036792,-110.72168894847923,-107.22378444816172,-110.83324020589156,-109.05651832696488,-109.09732941956744,-107.69165920654955,-107.29837033716774,-108.93508482318302,-108.35891823474243,-109.58487252725135,-108.46122873387736,-108.51476966962504,-107.4379580680405,-107.12881687397334,2,-108.67190276631997,-108.51476966962504,-111.39671433198313,1.3392535793500757,-0.37209862716912206,0.07786685780535008
HDOK,PLOK,17472,31,31,-113,-7,10,2,29,-110.14482598905096,-104.9410534477701,-107.5489476524557,-108.08920306883546,-108.84089304254456,-106.3933378842621,-108.25655463758221,-107.9817011920739,-109.47903072657341,-109.7747818547607,-106.53000389842431,-108.42104786066017,-109.34745317477717,-106.98373107381451,-107.69820788043099,-109.01595660752209,-109.18398769783336,-110.29148789981359,-108.24987478861733,-108.0071635486499,-111.07034887885317,-108.59112877907602,-106.82072358234873,-107.26056441247954,-109.48425949628219,-108.93146266848575,-110.1624547231181,-108.25004032005296,-106.86521871411838,2,-108.36604984487127,-108.25655463758221,-111.07034887885317,1.8210751809263521,0.2976524357766863,0.09754058081385253
HDOK,PLOK,17472,31,31,-113,-7,10,2,29,-110.05708109690055,-107.61580314164469,-108.09434245089906,-107.55887043333666,-110.31129530978954,-108.66009612121773,-108.02423092292358,-107.38330426323296,-106.47560008493062,-109.0158845495299,-108.68371214297935,-109.37699606564122,-110.62237883498437,-108.12032518231415,-110.19358291494474,-108.64289373520656,-109.50728533923056,-106.40457317290543,-108.33715391547805,-108.04809297650486,-109.23994652165372,-109.91293990731873,-109.81602575890744,-107.33821204740133,-107.4398746254845,-109.83663661147197,-107.72171022461264,-108.74474934680738,-109.77048266329777,2,-108.65358897798448,-108.66009612121773,-110.62237883498437,1.293405743126379,0.13404491108315886,-0.8701293577135663
HDOK,PLOK,17472,31,31,-113,-7,10,2,29,-112.81862707559004,-107.27027387151463,-107.37608338586546,-106.72513307809476,-108.19886705991402,-109.75982715023429,-109.12966102357842,-109.43638297038855,-109.34324009591542,-107.9283464299497,-108.19669351392591,-106.534161250129,-108.69746765658395,-108.94840793907996,-108.44670080625004,-110.41386646605177,-108.76009315359622,-108.4442679451684,-108.1289589997309,-107.67933931005882,-109.58821896706736,-108.39219783427217,-108.77836083025286,-108.45393120098073,-108.92846933313461,-109.63348347783449,-108.93454040991297,-107.04339026992591,-107.50755544728405,2,-108.60332920525126,-108.45393120098073,-112.81862707559004,1.4841023585873183,-1.1978927022437833,3.6902571660080636
HDOK,PLOK,17472,31,31,-113,-7,10,2,29,-110.7817302028589,-107.49551528394574,-108.57319630784404,-107.2076308607766,-108.18870109455133,-109.46058608285328,-108.63633022194499,-108.25623397114472,-106.92397163611662,-108.49287440957431,-107.66320857759443,-107.71950247189288,-108.419501436547,-109.67119621838894,-108.46057813815847,-110.96619496905511,-108.38699418754442,-107.53455952058452,-110.01039964323539,-108.71971658763445,-108.36571831567665,-107.84965810031126,-108.278864299742,-108.42198894987627,-106.8863086924736,-108.48374242657253,-109.7066185338979,-107.32777723085029,-108.97442993306919,2,-108.47805959671435,-108.419501436547,-110.96619496905511,1.0227405615133887,-0.7547715210794976,0.4592062455939643
HDOK,PLOK,17472,31,31,-113,-7,10,2,29,-111.37088662438214,-107.93460179089872,-108.35825337033913,-108.56170916123524,-108.74871040669736,-105.96197863027197,-106.03186026022357,-109.67842372655569,-109.5752883437815,-106.51394599082448,-109.39989597043962,-108.73958046182058,-107.61421763461111,-108.05217852041424,-108.03053950009475,-109.26437047589201,-109.37228727565669,-106.032355538342,-108.02785945300545,-107.71058795718278,-107.84366142309258,-108.71692986875817,-108.76805252680504,-110.80945812013086,-107.99571607989988,-107.28661207163714,-108.89596232864898,-108.9161155772978,-108.86983536382441,2,-108.38213360181945,-108.56170916123524,-111.37088662438214,1.575759481726231,0.017711358161266594,0.5038480404641565
HDOK,PLOK,17472,31,31,-113,-7,10,2,29,-109.42849478515518,-107.15295995285527,-108.20274776602238,-109.89311881585907,-108.2444921635134,-108.24166039032988,-107.80941483750689,-107.85954869774406,-109.66514432006139,-107.6066413035008,-108.64280314119651,-108.90501927085441,-108.02870813741232,-109.30848980681115,-107.37192507114842,-108.95660199364615,-107.34328955303015,-110.15818030119222,-109.9190959528731,-109.31884218998067,-108.67039689197631,-108.96575137829502,-109.49514077488774,-108.31835720767724,-109.2218524650492,-108.83739129242159,-107.87748225466662,-108.33282513553009,-108.9178058338243,2,-108.64462695465593,-108.67039689197631,-110.15818030119222,0.6579740519208438,0.013084369678014194,-0.8804598734057465
HDOK,PLOK,17472,31,31,-113,-7,10,2,29,-113.12069863906672,-105.5057947322076,-109.03275349446534,-109.36905836993891,-107.52712629621561,-109.17533739682044,-107.43468001860361,-108.89717978840623,-109.7895042847934,-107.73343944543643,-110.31264392584754,-109.00250466767146,-110.17835641019933,-107.94417194718943,-108.33649747989402,-108.65259793056678,-107.88199319282128,-109.87166732016034,-108.6474221641466,-108.01866181796066,-108.44302986739216,-107.163434506036,-109.04634159580165,-111.41152597577653,-108.31374961050615,-108.77948061307208,-109.26366798019998,-108.50329155895612,-105.99211597137175,2,-108.73616300005253,-108.65259793056678,-113.12069863906672,2.1194798378320634,-0.5737089755470081,2.284463046749225
HDOK,PLOK,17472,31,31,-113,-7,10,2,29,-111.1485830451509,-109.32177675771223,-108.85176113313365,-106.36401040007061,-107.82083351909412,-107.83872650971634,-107.10284870460666,-107.0865998714209,-106.43156595951868,-108.39323653506368,-107.22505104807428,-107.41885063198065,-108.29563665341179,-108.65250715029312,-108.62752400168917,-109.17832932042965,-109.01258543931583,-109.0904421305235,-109.02794217043326,-110.46900975804016,-109.16030585433292,-107.8979924574625,-108.53224378018234,-108.50343824897462,-109.29885998261085,-109.3797597052533,-108.06571214172708,-107.04153953852607,-107.72066565210372,2,-108.37787372761562,-108.50343824897462,-111.1485830451509,1.1834360802691986,-0.2757036763315856,0.3167433897014331
HDOK,PLOK,17472,31,31,-113,-7,10,2,29,-112.68159351594997,-106.7265000457118,-105.00371233635533,-109.22864388623444,-107.93753134407582,-107.61046643737741,-108.19385572607139,-108.42954555927325,-107.10938150387625,-109.20223248834158,-109.85653688000698,-109.35078693470561,-109.29705898865754,-108.32783604490741,-108.80999501163737,-109.6917228467369,-108.348031812249,-107.31337958554396,-108.33389192047896,-107.20871418740612,-108.3659199950677,-108.11459964976098,-108.34203381430369,-108.3175850558575,-108.98127271955858,-109.05789988702124,-106.22304770968226,-108.90450615040575,-107.90085250000038,2,-108.37479774266396,-108.34203381430369,-112.68159351594997,1.7555462097152363,-0.48312733456437845,3.5987267130344702
HDOK,PLOK,17472,31,31,-113,-7,10,2,29,-111.40208654696588,-105.78551639988447,-108.05996669450406,-109.28284461650018,-108.57716976447733,-107.67245612179492,-107.28753352917543,-108.77566311227513,-108.19193030235405,-108.30531900504918,-107.98383738245052,-109.20661850050917,-108.31811595045868,-108.5049270070928,-108.57102607926639,-110.27421421064616,-107.72293861431024,-108.35934291579458,-107.4621856134342,-109.08267644142988,-108.3937860563524,-106.89148964873743,-108.40558775843321,-108.64286328146099,-110.43962376389003,-109.61211396549817,-107.99995557399959,-107.24768163290665,-108.19472731880141,2,-108.43635164856735,-108.35934291579458,-111.40208654696588,1.1854986995352705,-0.44658403838418625,1.589554203907761
HDOK,PLOK,17472,31,31,-113,-7,10,2,29,-111.1619475205696,-108.65081392045026,-107.82161648670461,-108.86411057573092,-107.4464246176,-108.58952441617156,-108.55884359757341,-108.69780845817226,-108.95020506058526,-107.99484050733302,-107.63114143272645,-108.11980168607873,-108.97556544101603,-108.56265471461649,-108.02734859874201,-110.11987836519593,-107.35835265710034,-109.36871484137735,-109.33079392927306,-109.82334489973427,-108.42145108585179,-109.25389311673881,-108.49284211414965,-108.85272893331751,-109.57843882668243,-109.30428821558148,-108.73471375333864,-110.02404525481568,-107.35720710218112,2,-108.7611496596348,-108.69780845817226,-111.1619475205696,0.7590117065132674,-0.5255612480989629,0.6078108041705299
HDOK,PLOK,17472,31,31,-113,-7,10,2,29,-109.24271537407878,-107.12816600385118,-107.92423257254916,-111.3169688515437,-109.05855976171809,-107.62937318785697,-107.87326575661305,-108.06903899128538,-107.57788460691611,-109.2836127420845,-107.41917102967727,-109.49954011547904,-108.47146175586813,-106.75907267416962,-108.26348207256942,-108.93340640174314,-108.82201866546485,-108.30118681471185,-110.95630499129236,-108.76009359233426,-110.51512826323139,-107.8644514529768,-110.16466933219257,-106.96270772453425,-108.56503380027058,-108.66833913612717,-108.7495750501856,-109.28622402041539,-109.54651125207641,2,-108.67628262047646,-108.66833913612717,-111.3169688515437,1.2415958639461238,-0.5162411948574028,0.07069045964687337
HDOK,PLOK,17472,31,31,-113,-7,10,2,29,-111.06775860782327,-106.4276161387202,-106.300226548483,-109.25547277232921,-109.76753188759317,-110.11055612960999,-107.88205282245693,-110.0597183091603,-109.08989152821205,-108.04168677703942,-107.56491629040023,-108.71985831676598,-108.09256968409638,-110.37659766655162,-108.57154342992457,-108.45546976136636,-109.21168328999437,-107.68816263841532,-108.20189896123448,-108.74674979174426,-108.33459970851058,-107.54243258527156,-108.60341964415706,-109.40338414741517,-109.88810631438247,-109.03990819029693,-108.16317575020395,-109.7603548331741,-109.78611074587343,2,-108.76391218176575,-108.71985831676598,-111.06775860782327,1.2113590163499612,0.2271423051547937,0.01365364327330898
HDOK,PLOK,17472,31,31,-113,-7,10,2,29,-110.52420433940657,-106.66130327471747,-106.42632873071017,-108.5182392741094,-108.10677968919696,-106.1200879376128,-108.49781790760872,-106.33993050680844,-108.16248982256909,-106.82394618597259,-108.33215289108814,-108.47657809667722,-109.00648864934026,-109.30715778093105,-111.13192681487483,-110.85682574969508,-108.25936745355524,-110.05540294296212,-108.67591772466476,-107.10008892141909,-109.46153246664664,-107.05823454316315,-107.43175507305412,-107.562833364836,-108.61334946495282,-107.41849971918352,-108.94151597387898,-108.08871207776421,-108.37635860419647,2,-108.28744227522748,-108.33215289108814,-111.13192681487483,1.6671318945009663,-0.3971141945225224,-0.1881863679502711
HDOK,PLOK,17472,31,31,-113,-7,10,2,29,-109.07909220672407,-105.9171154744399,-108.92311622052954,-108.48647976466064,-109.32148193885457,-108.3073164016066,-108.06298546659387,-106.88345041846779,-106.68418636587504,-108.95687077798333,-109.10836847721629,-108.74569241392169,-108.13783993548306,-108.32280982850546,-108.68342036405329,-108.3982299194939,-110.34930970230224,-108.91713771634416,-108.65031239736716,-108.30946000155703,-109.50388066561146,-107.2084241742733,-108.09064692280894,-107.81822422146864,-106.82966120163526,-109.57578312954213,-108.9833661792906,-109.41321108353422,-108.68497343475462,2,-108.42596023465168,-108.65031239736716,-110.34930970230224,0.9205630593239997,0.7478151546155251,0.6635244915056329
HDOK,PLOK,17472,31,31,-113,-7,10,2,29,-112.7117079467723,-105.28717317238588,-107.15804559370854,-109.10832032727792,-109.15652072552182,-107.84918560678808,-107.48591870046714,-107.58011155762158,-108.72909972773003,-107.57360601710734,-108.73078242615568,-109.02335264638717,-107.57816633428877,-108.97721442184086,-110.4477423563698,-106.7770969150747,-109.70493687004772,-107.96010819621443,-112.08010983497358,-109.27763097391441,-109.60175561663071,-107.58562510899927,-108.00746954525033,-108.13401454060894,-107.29466814976813,-108.78671913850984,-106.34307072846335,-108.09610770191347,-109.44807201122775,2,-108.49980458248345,-108.13401454060894,-112.7117079467723,2.306182859577031,-0.7890200214449345,1.6555787468268304
HDOK,PLOK,17472,31,31,-113,-7,10,2,29,-111.72525528393021,-106.1037375511124,-107.00731073960502,-108.74574494692095,-109.69311344649394,-109.020622652894,-107.46531072173511,-106.83014939223351,-107.92875858241409,-107.41970434852074,-107.98657764778508,-110.68356667666562,-108.31434980438513,-108.48298686995328,-108.08014799971014,-107.10621593235017,-109.98486527761582,-109.36186854829847,-108.45908562610327,-108.37952399259791,-109.57436971014322,-108.95272706966668,-108.35956911039271,-110.44548656943833,-109.56519153851933,-109.41221574394557,-107.82682859968294,-111.06711401558807,-109.0868643532159,2,-108.72652630179026,-108.48298686995328,-111.72525528393021,1.6778965391737795,-0.2776059171999369,-0.09663302271078056
HDOK,PLOK,17472,31,31,-113,-7,10,2,29,-111.58938851962047,-105.43495186638063,-107.31084019078494,-109.83056404252221,-107.6734230013721,-106.37015235581373,-107.59536760111894,-108.86359237825206,-107.31892820025791,-109.14339821023084,-108.16698015238107,-108.40467008600639,-109.20649778039008,-108.03705243670068,-108.50641249734282,-111.40920617320805,-110.08046187884355,-109.2323079182401,-108.53174922486669,-109.42241858974691,-107.94045422988674,-109.4166375013874,-109.56043712690673,-109.41632797366967,-108.8564799835508,-107.91706599031211,-109.35520677450377,-108.10925226395084,-107.94460723727228,2,-108.64292524777656,-108.53174922486669,-111.58938851962047,1.636888164849468,-0.024135025881126138,1.0300627825779238
HDOK,PLOK,17472,31,31,-113,-7,10,2,29,-112.89312120573832,-108.5855809787073,-108.14897841285523,-110.86045066878695,-108.61349435321283,-106.19221597689317,-107.33471030601623,-108.0163280101474,-109.83806376250162,-107.15348919324491,-111.12840742439558,-107.68066046596412,-107.87267620799268,-108.5564654886389,-107.07266938836345,-108.74085687982203,-108.21389649928372,-108.882839422969,-107.50846490507098,-108.11396588696908,-108.09715762689706,-110.55603350015501,-106.98708575048364,-107.29369425175571,-109.5991007927593,-107.574661659851,-108.00928199127364,-108.36900826017094,-108.69164966478192,2,-108.50293134261044,-108.14897841285523,-112.89312120573832,1.9814022951537125,-1.3134027749437835,2.115911252886329
HDOK,PLOK,17472,32,32,-114,-7,10,2,29,-106.08611427484543,-109.77904407644854,-107.81841284846008,-108.23964292001887,-108.11018777810881,-109.35234514722447,-106.45762996848958,-106.89594889281786,-106.6285200238159,-108.5941832949646,-106.55902816333544,-110.30545655524442,-107.53292445051888,-106.07280382657325,-107.70488120043625,-108.8364569422777,-108.8927899962189,-109.30288021377939,-109.057174558823,-107.65538094807006,-109.88906628173908,-109.48967207683245,-109.11366564711537,-107.52066738178891,-109.76299566236534,-110.19057497862015,-107.37024810753611,-108.46931457201313,-108.00478379039309,2,-108.26526877858188,-108.23964292001887,-110.30545655524442,1.5232189624846755,0.1585164463282297,-1.015253578323656
HDOK,PLOK,17472,32,32,-114,-7,10,2,29,-106.60892542600314,-111.99407028967359,-109.08210181720486,-107.9197394033768,-107.92589719924652,-108.73578540448118,-107.20316138894913,-107.94305053177779,-108.95984081103798,-107.07223457189745,-107.8091029748349,-109.20797374837662,-109.23316404625189,-108.32680274285215,-108.2817675786866,-109.11127274577632,-108.8278286351161,-109.59223597568658,-108.17575014151627,-108.96130693202896,-106.855598409938,-109.15079019106727,-109.8977975681552,-108.58529446375853,-107.33339502659382,-108.68919202626667,-109.47401140244308,-107.8394544043417,-110.1667615333844,2,-108.5849761169215,-108.68919202626667,-111.99407028967359,1.210769094668518,-0.7065350581506769,1.8104802200631638
HDOK,PLOK,17472,32,32,-114,-7,10,2,29,-106.13901049673788,-109.17262120183229,-107.39399719669186,-107.23450300512188,-110.72568583025948,-107.98147510385967,-107.21529776913667,-108.31569051594593,-110.6346115049533,-109.02166732997003,-107.43466236302157,-109.81478559797863,-109.98537679758648,-108.68203834611056,-109.31600383402476,-108.45862746397746,-107.37367450012574,-108.68602822614668,-106.85315176805287,-107.48819945338614,-109.05155966754447,-108.27633192485366,-108.01144131671674,-107.17546017413756,-109.52257951631823,-107.3002881160409,-108.57664883243078,-106.62492183560352,-109.4150779576218,2,-108.34073853952371,-108.31569051594593,-110.72568583025948,1.3742323289794478,-0.24280907834205984,-0.6557218387139678
HDOK,PLOK,17472,32,32,-114,-7,10,2,29,-107.5982275747245,-110.30258085001657,-106.47501759267884,-108.19427625610811,-109.32122194163372,-106.76425104145912,-108.22993112378218,-107.8111282111661,-108.42618649602606,-107.36820049849948,-109.45172302563027,-107.2917341471787,-108.4952532340411,-108.5946294287233,-109.48762833628386,-108.15000445504772,-110.14958008132803,-109.14738017801191,-108.10331599759361,-108.4832495670613,-107.48057988114994,-109.54152989489033,-109.50511909949955,-108.89420382999604,-110.11689987273257,-107.08209182510525,-106.72532732178087,-109.9044359207611,-110.16815994230458,2,-108.52634026293842,-108.4832495670613,-110.30258085001657,1.2533481211898343,0.09051444530778373,-1.067426216336544
HDOK,PLOK,17472,32,32,-114,-7,10,2,29,-108.12644240746228,-108.3925386172585,-108.49119891602307,-109.63537797341783,-106.84952416366954,-107.58152619354534,-106.53249037572824,-107.37962587138624,-107.81467449836687,-106.79528764126154,-107.34174698110063,-109.3508998685286,-107.93758571832772,-109.40602644539236,-106.35452067664296,-105.62041340990179,-109.52159007756914,-110.84277960805017,-106.9481151205589,-109.6200424223665,-110.00404023641231,-109.74468033906732,-108.65491870947672,-109.45557611853245,-109.37949416355617,-108.66184281135888,-110.53436969720192,-108.13919873273136,-107.48090675053221,2,-108.36542877742853,-108.3925386172585,-110.84277960805017,1.7287364000486982,0.09888920994473302,-0.7953037654065311
HDOK,PLOK,17472,32,32,-114,-7,10,2,29,-108.55338690954115,-110.798915401847,-106.89156186304055,-109.26012441609895,-107.99803497127,-109.58604364566202,-107.64376535733032,-107.06185999264021,-106.90248269983874,-110.11052040465488,-108.25385026181083,-109.79257156572628,-108.17186109531802,-108.8196548047512,-108.62992558040898,-107.45397788843903,-109.07029518725726,-108.15282477891427,-107.09515100758112,-107.44845750377475,-107.44940844800398,-107.56221045394034,-110.27025379899975,-107.9320970932941,-109.2227128236173,-107.5325986406923,-107.6752178085491,-108.10191715161747,-107.76215101230225,2,-108.31737353679041,-108.10191715161747,-110.798915401847,1.0938746079917787,-0.7211890642404479,-0.32444517567635467
HDOK,PLOK,17472,32,32,-114,-7,10,2,29,-108.41832859598594,-109.75643151597527,-108.16082841308294,-107.92374410091607,-107.14227608330128,-107.98901387930086,-105.99664686224368,-107.07605035404869,-105.99844030340527,-108.69033805989409,-107.73914766565258,-110.49067548117358,-108.65793585397113,-107.89503951059862,-108.45877969963328,-108.06741909705826,-108.66177611036592,-107.17425990487843,-107.02294633427104,-108.26698106314514,-107.974576335727,-107.34767472129609,-109.31023931743124,-111.14367839582819,-109.42027973978469,-106.91232736826838,-107.8989608438688,-108.89177989644264,-109.65434316795115,2,-108.21175581639658,-108.06741909705826,-111.14367839582819,1.3765996849051836,-0.3873348961230007,0.4060397003193992
HDOK,PLOK,17472,32,32,-114,-7,10,2,29,-107.123549973712,-108.91546321297585,-109.16295945819839,-108.7644489783162,-107.92294695501312,-108.79752245143933,-109.06954759690676,-108.77527757288483,-108.02927589396631,-109.55018180646981,-109.3817637009701,-108.45211692846635,-107.46088740525731,-107.08142708041855,-106.94049181956723,-109.49546599019357,-107.58352810675723,-109.61074475773695,-107.28567751643959,-108.92513758454754,-106.54267043209104,-108.04653192058612,-109.21792434021273,-110.29365827327258,-107.97835701524409,-107.62241036439492,-108.22521934271866,-107.90369355182747,-108.58439333285553,2,-108.37045770218761,-108.45211692846635,-110.29365827327258,0.8451707494105409,0.05884879740997139,-0.7237695662307582
HDOK,PLOK,17472,32,32,-114,-7,10,2,29,-109.19888433579199,-108.73149499797397,-108.92054895719869,-110.20638282080733,-108.71601584125634,-107.02380460564243,-107.11645982387745,-107.33797992403272,-107.38458000865731,-107.19613909586275,-108.97608085155032,-108.55155820136419,-108.60461938720118,-108.5277088846787,-108.9779265635472,-106.02163102676751,-108.66092143278402,-109.37088330054245,-108.9018760345362,-109.42203931764085,-108.71627891646622,-109.52940996802721,-108.32476985959889,-107.23584514746724,-109.25126304025595,-108.75425667721966,-109.27551385647767,-110.24314948164995,-107.62868952057505,2,-108.51057627170525,-108.71627891646622,-110.24314948164995,0.9735555156374974,0.5834926096366,0.018625021789472118
HDOK,PLOK,17472,32,32,-114,-7,10,2,29,-108.91358095243822,-109.3416817284348,-107.09670675908342,-108.22510341927851,-108.44712347776264,-108.65652302558598,-107.81684490729448,-107.38552354198582,-108.27294259165585,-106.15891381073628,-107.9816987497394,-106.19787353942164,-111.07903413153747,-108.73476368007242,-108.01434400542409,-107.04681000025826,-108.41798180900498,-108.44144603693364,-110.74289107454614,-107.78006677358634,-110.1984856538505,-107.59477238145506,-109.32087287006794,-107.18901262145073,-108.85037794550544,-108.53081235877791,-107.62616856498167,-109.3314704011346,-109.02099827629206,2,-108.35913189959643,-108.41798180900498,-111.07903413153747,1.301571890150359,-0.35479575531725543,0.44703657508900463
HDOK,PLOK,17472,32,32,-114,-7,10,2,29,-108.27374448879483,-109.68769973449794,-110.76552326911704,-107.34643206762789,-110.47510236201437,-106.76453669078927,-108.29569723998247,-108.8173465283566,-107.06690938962686,-108.42485471842464,-108.1941525924419,-107.16481689461624,-109.47044431465186,-109.23405188160936,-107.78595806294989,-107.90864772014923,-107.37618420872023,-110.06886531452923,-107.44659520117486,-109.52627772173513,-107.13709152734943,-107.26366761907022,-108.98422067661372,-109.37660950311884,-107.87097021769819,-110.48875385436084,-108.82862815266358,-107.16845394259306,-109.56151342723498,2,-108.50943963181076,-108.29569723998247,-110.76552326911704,1.3409815460396115,-0.32225882449841586,-1.067735601737453
HDOK,PLOK,17472,32,32,-114,-7,10,2,29,-107.7350130499877,-109.51170700090745,-107.75829669635505,-108.56724165848837,-109.6999871079735,-108.31281146991812,-105.88043936275947,-107.16973142361542,-107.28868518934786,-109.80046507837854,-106.27405021049087,-109.4780646916785,-107.17947489653844,-108.73533984921835,-107.43999463041708,-107.90805345842182,-107.70047710623756,-108.19140814922028,-110.50355389544342,-109.38729112780813,-108.27887941725528,-107.43730259575182,-108.61418343885444,-109.37088148934362,-110.06748342048861,-107.58463304432472,-109.96158551843656,-108.2711297718858,-107.47963039479178,2,-108.33061362566684,-108.2711297718858,-110.50355389544342,1.3031566272088468,-0.008347294483265157,-0.5808058466714012
HDOK,PLOK,17472,32,32,-114,-7,10,2,29,-108.75197418777225,-108.88012279177768,-109.42990307135884,-107.27068874896088,-107.37378458160403,-107.55000034047978,-106.88561307840162,-108.85080518472053,-109.30942758556964,-107.19886310031129,-109.00914702911393,-108.02908165326089,-106.76644368824363,-111.0847495187815,-109.5277409778559,-109.46292422250873,-109.14036819686702,-108.45419693871358,-107.93710666517235,-108.01275740327979,-109.03871330183831,-108.70775431492343,-112.00017342810044,-109.12370168633689,-106.45499741981934,-107.19331291990858,-109.89383149108433,-108.60033876507724,-107.93863239165383,2,-108.54748809253438,-108.70775431492343,-112.00017342810044,1.5177544317017886,-0.6557582154411925,0.9354922043780438
HDOK,PLOK,17472,32,32,-114,-7,10,2,29,-109.69045243377118,-108.29630584563903,-107.41377586858559,-108.28067781295357,-109.59463707199404,-109.24531065842741,-107.87418996156323,-106.85518287175219,-108.87683732727892,-109.69812534860166,-107.65425177343269,-109.16361072257328,-108.20149523781156,-111.29875546571692,-107.35729539257339,-107.09818680692206,-108.46365164146052,-107.91841874304018,-107.59391185319176,-108.24045677476288,-109.25652541662134,-108.97462146213738,-107.6146467750732,-107.17994359237734,-108.55838831560368,-107.82999819237426,-108.74547491494491,-108.32186469325202,-107.23227620158747,2,-108.36307824744908,-108.28067781295357,-111.29875546571692,0.9525262884150141,-0.8693407009138294,1.1515588295143453
HDOK,PLOK,17472,32,32,-114,-7,10,2,29,-108.02326401412313,-112.14672740572657,-108.32563089249277,-109.02554357418119,-107.5358498618738,-107.46914739061437,-107.66751167895896,-106.8799589805093,-107.95295402604778,-108.0554315238474,-106.61774953342382,-109.60123979445174,-109.11230307992592,-108.10170064009418,-109.12078911580564,-108.14068609028311,-108.07209138457327,-108.12147145747248,-109.57695600919907,-107.20037630905482,-108.53257277242683,-108.98394155907648,-108.80826844232648,-107.96530107288427,-108.28238816170123,-109.8514502189037,-108.70478966974827,-108.98176899944075,-108.22492063915901,2,-108.45113049304572,-108.22492063915901,-112.14672740572657,1.0823624660594986,-1.3753666776814402,4.274588669175257
HDOK,PLOK,17472,32,32,-114,-7,10,2,29,-106.80922982598133,-111.3083692521695,-108.32407144866602,-107.23139687797274,-108.30186816847741,-107.83379943288494,-108.05122560565118,-108.96388999955947,-106.22196623387336,-109.2155517886986,-109.58165979825542,-109.6458467693117,-109.13883923464002,-108.86431571934507,-106.5343797282367,-110.17579986220974,-109.84241409608818,-107.57303256825377,-107.96232186675617,-107.75030256894208,-107.56422741379913,-107.79287164787567,-108.4176408099206,-107.1340890676426,-108.83579560949525,-110.15465368857843,-108.76082443377913,-109.72709342203909,-108.51884937900641,2,-108.49090780407273,-108.4176408099206,-111.3083692521695,1.3746862327715943,-0.19316944369360617,-0.17374519589143844
HDOK,PLOK,17472,32,32,-114,-7,10,2,29,-106.813501205099,-110.76685686384562,-109.17873611729254,-108.64532615260917,-108.37962119178627,-106.86821310041675,-108.5086087818544,-106.98114640560998,-108.23464781450804,-109.17719737107679,-107.66170586240015,-108.74929992189715,-109.48605950230973,-109.1703530474732,-106.32509331719035,-107.92031647586032,-107.19350512010956,-109.00175642924262,-108.68462912225446,-108.29976388053926,-107.63917741674884,-109.36792433383215,-109.05699699479143,-108.80285882478927,-108.57535869570205,-107.26472675288723,-109.1921585686789,-108.93668068127656,-107.67252351150258,2,-108.36395667115808,-108.57535869570205,-110.76685686384562,0.94859506027158,0.11077918360697565,0.049117858098297607
HDOK,PLOK,17472,32,32,-114,-7,10,2,29,-108.35076535809692,-110.19071250857877,-110.3558423951019,-108.64897561927677,-108.3040749509909,-109.79939119210464,-107.22102674852589,-108.6237509432186,-109.26931739254593,-108.6608674606146,-109.21883296510369,-108.7692610765917,-109.40644842949254,-107.66997341403251,-110.59423667244043,-108.01798378365545,-107.22391410907352,-108.02376030713995,-107.27793860200855,-107.8379085529247,-108.17397765666327,-108.51187579431132,-108.33905994674136,-109.83691385563806,-109.10557919228859,-109.72102120597259,-109.25420491703474,-108.12351090147307,-108.7409653309973,2,-108.73352038905648,-108.64897561927677,-110.59423667244043,0.8211112644466645,-0.23710225896181084,-0.5808360118586777
HDOK,PLOK,17472,32,32,-114,-7,10,2,29,-108.46898137461643,-109.48869609529976,-107.86260008850537,-108.83322810359303,-109.43077159586336,-108.40549912287443,-109.0639804055845,-108.41362832282744,-107.71675937402361,-108.13442153123808,-108.72751535170087,-108.77293724528599,-108.22568551825822,-108.73679461481798,-107.74678224755755,-108.70308965399511,-108.12899320200098,-109.60419862656613,-108.10501943121474,-108.60566905244261,-107.79282395361963,-108.76432374123793,-108.18606466864298,-106.18806638887452,-109.2672656059126,-109.75170476642293,-107.42155994756793,-110.66701084676546,-108.86152470033794,2,-108.55433088198787,-108.60566905244261,-110.66701084676546,0.6864495322129683,0.16323070911863766,1.8603567229336808
HDOK,PLOK,17472,32,32,-114,-7,10,2,29,-107.60685978570055,-109.30182722255078,-109.00375159325819,-108.64971352716904,-108.76826186366235,-109.14808474685319,-109.1359832788817,-107.1573378593155,-107.89437613350759,-109.55528561520094,-106.27386701073242,-108.21486829710975,-108.3052660001597,-107.58649628356707,-108.25163883724171,-108.22762572662441,-108.71068003849258,-107.90594524830001,-107.17609861401286,-107.30877197554692,-107.57481388562236,-109.01752050545858,-109.32173694661358,-109.29312791147528,-107.38497790857552,-110.0763326480672,-108.88789992200671,-108.30151749430966,-109.74616720470172,2,-108.40644255464545,-108.3052660001597,-110.0763326480672,0.7984772832068948,0.28645371491696586,-0.43422253096692165
HDOK,PLOK,17472,33,33,-114,-7,10,2,29,-107.75236826353327,-108.05786890529505,-106.73563593967808,-108.30981116740325,-107.61448163760274,-109.44489751356582,-108.3985687444568,-108.4162651494555,-109.2462727207182,-108.60331722689382,-109.70052802256609,-109.45038879303723,-107.2321215211991,-109.00519716132669,-109.2954792845369,-108.15477336965584,-109.44775562431286,-107.67191781772364,-107.81242727660843,-107.1066698516906,-110.50711759055947,-108.09431023755053,-109.77309236753511,-108.95085832979349,-110.02165250186236,-110.33365192177195,-109.24775317306555,-108.26471878582582,-107.29879149612718,2,-108.61892042742589,-108.4162651494555,-110.50711759055947,0.9815475912727244,-0.048139207120331005,-0.8687293179888496
HDOK,PLOK,17472,33,33,-114,-7,10,2,29,-107.98306422206059,-107.02801940657518,-108.98668841730854,-107.45871356246325,-110.33368503081843,-108.85489974228688,-109.5568336175812,-109.50306330233884,-109.96040503316608,-109.0197881000499,-107.60808141696702,-108.31595297080017,-107.47996076239599,-109.411463080222,-109.72832542534059,-108.54161408631538,-109.31650220825796,-108.91576994766484,-109.23952375314525,-109.05635722840248,-107.7566728567703,-109.30589352671689,-108.47035237852242,-108.6664656644644,-108.34866882328245,-109.40627755246268,-109.03027196413692,-110.23704829887019,-109.80437482232206,2,-108.87326680005893,-109.0197881000499,-110.33368503081843,0.7141654382221623,0.4156049101770124,-0.46646362955306975
HDOK,PLOK,17472,33,33,-114,-7,10,2,29,-108.56632491905322,-107.34456657480104,-108.70369591127636,-107.01275847864763,-109.6879385470303,-109.12127082596392,-108.51407097948413,-106.36459490386294,-110.77586437674496,-109.65704725362023,-106.0392008288345,-108.27498704377932,-108.74307046763974,-109.22991174583917,-107.8202736193967,-109.6746830715795,-108.72119697204714,-109.93069930234562,-109.19392249706833,-109.13501206669986,-109.21251371340634,-109.54146383083598,-109.00543237816171,-109.70312033648773,-108.60782975224045,-110.43400685289251,-109.68861376640606,-109.7045802209115,-107.40985402447055,2,-108.82132776763886,-109.12127082596392,-110.77586437674496,1.2446278064716525,0.838920230784146,0.4708399070025462
HDOK,PLOK,17472,33,33,-114,-7,10,2,29,-109.07995658628832,-108.53259136349281,-109.02583073173247,-108.49837382737631,-107.04726273858913,-107.7582285035813,-110.2274304363717,-108.10692870173538,-107.48273307539324,-109.85952740536962,-107.92941457435751,-109.93993415386667,-110.22299779787767,-109.0355959793391,-108.27596394602364,-111.02242958660366,-109.45385846227619,-111.17907488558598,-108.52162118780134,-110.14990653689271,-108.91243167658007,-110.25427558518567,-110.14911325490404,-108.99152869356826,-110.06141753112222,-107.40220045985578,-109.81147643227489,-107.30581211312307,-109.27852530436807,2,-109.08677384591508,-109.0355959793391,-111.17907488558598,1.234238063808788,0.08412691595151486,-0.8673900936493877
HDOK,PLOK,17472,33,33,-114,-7,10,2,29,-110.03567657780233,-109.68237003502435,-109.64681939404248,-108.20202053388522,-108.81161023514903,-106.40861559972709,-108.73895069281787,-108.38730621167913,-109.45101992297626,-110.03653882268146,-109.16872727018718,-109.35026945696941,-107.94984625900906,-108.1428880138339,-109.13694233543153,-108.76637773480287,-108.06502879886463,-109.56751859280226,-109.48430275130076,-108.92833548458212,-108.30567134792284,-109.08742453078399,-109.28850399692855,-109.99385536141746,-109.34124740048429,-107.40279537825579,-109.02054930997434,-109.20609771546575,-110.11062583729061,2,-108.95579088283078,-109.13694233543153,-110.11062583729061,0.6900470650146459,1.0703769620387191,1.5998420629414878
HDOK,PLOK,17472,33,33,-114,-7,10,2,29,-109.69808530390111,-109.67193779366019,-107.98869142157247,-108.42522049064208,-108.17758090145641,-106.43480858863519,-107.81772106546245,-108.81827279640419,-110.26350599642767,-108.05011064379721,-108.28009030121969,-108.4580155390164,-109.36294296964917,-109.27599676312349,-107.24436173185654,-107.45970181848787,-106.67249079297805,-107.72127731035938,-109.81091778517981,-109.16189814011982,-108.0306842619827,-108.98500304446019,-107.37852214279418,-109.09401246760457,-109.57156803495702,-107.94162424326082,-108.31534161859085,-109.82062203415605,-108.41868985177898,2,-108.49481709839775,-108.41868985177898,-110.26350599642767,0.9238858678747907,0.16386304273468927,-0.5669489207746414
HDOK,PLOK,17472,33,33,-114,-7,10,2,29,-108.7911782883788,-108.35582468482636,-107.87733393169609,-108.14714331660556,-109.06017915211388,-108.89631047842471,-107.45909093538103,-107.23649902862573,-109.62886529193348,-110.63537556100927,-109.24275051555611,-108.05320751594896,-109.18729032100306,-108.19677444677474,-109.53766306870267,-108.54566067108526,-107.55379581332332,-109.79295297260285,-108.38836468885744,-107.76724463869239,-109.36306441372244,-107.45166963536803,-108.01469323909004,-109.22205525666752,-110.16096713684654,-110.53862359182595,-108.223498496723,-109.74338676038505,-110.64121249295867,2,-108.81767849465962,-108.7911782883788,-110.64121249295867,0.9624055613614224,-0.2951206794271881,-0.8771129361192362
HDOK,PLOK,17472,33,33,-114,-7,10,2,29,-109.61792363661338,-106.62908569051692,-109.20358253732806,-108.76754910143435,-108.35436587487334,-108.40665831209,-108.69902034145265,-108.28361799694763,-108.5376301438313,-107.08734730713708,-109.06002172784281,-109.59099248382658,-108.91610170658768,-108.76222300306853,-109.36348781504645,-108.67256491430129,-108.91434395133429,-109.16307943821138,-110.82966277572484,-108.54623016646609,-107.37591067665234,-109.64911175522984,-107.80585362879279,-109.79778583063838,-109.36413364097353,-108.66703610251484,-109.01697573072526,-109.41003710316409,-107.72591389812305,2,-108.76614645832585,-108.76754910143435,-110.82966277572484,0.7295602863439137,0.39729374185115274,0.9926980054576728
HDOK,PLOK,17472,33,33,-114,-7,10,2,29,-108.0822481353066,-108.03153228175906,-108.24669885409094,-106.7126148627132,-109.86130777938908,-107.8926042776816,-109.09530003303851,-108.89752633516132,-110.31789063543822,-107.09895866075408,-107.87194337360864,-109.37097414549069,-108.3205330674755,-109.13328175281416,-109.728046309022,-110.32970567371974,-107.90530445863314,-109.31867656795092,-107.80131820926121,-109.47468889183017,-109.01270088219609,-108.58191424023032,-108.95167454038906,-109.62412620186564,-108.46103772196807,-108.16048285654969,-109.38537508414383,-110.19467555162038,-106.69046168633771,2,-108.70874493346341,-108.89752633516132,-110.32970567371974,0.9682736963751934,0.2717310969671759,-0.5019702713993119
HDOK,PLOK,17472,33,33,-114,-7,10,2,29,-109.29979755724902,-107.92292380378004,-107.49651342339405,-108.95854240988888,-109.3005890399434,-107.65979131424179,-107.97700331470946,-107.55646810551697,-106.73716847973479,-108.71904085412885,-108.90664919897532,-108.3361750773128,-110.4878936085291,-110.59725492648722,-108.41652195577483,-108.78601629332739,-108.62844909431885,-109.3248303031077,-108.05486867408779,-108.03152381793248,-108.7976280674281,-108.95184925549799,-110.60939501395342,-108.6904725688293,-111.4348792429392,-110.64246751313044,-112.35995827221187,-109.28740250796578,-109.40690661580796,2,-109.01306828655879,-108.7976280674281,-112.35995827221187,1.5273063427533051,-0.8038573651488368,0.7036846729136932
HDOK,PLOK,17472,33,33,-114,-7,10,2,29,-110.01417033116999,-108.10094392706402,-110.60489978519851,-108.2772378085987,-108.22387474235117,-110.26691785267833,-107.04365757363621,-109.68507778290562,-107.85255035418498,-108.09671508170395,-108.43880899897182,-109.02317817308568,-108.52506251755096,-108.46012369250842,-109.35946979786232,-109.20757279927768,-108.80758690901851,-109.52400595015894,-108.63415903142791,-109.86455956976407,-108.84461336507461,-109.84556551645761,-110.79133033996209,-108.50352800495607,-108.79179776621781,-109.69524280759116,-110.34672484680443,-108.9983716472796,-107.9075644591572,2,-109.025355566642,-108.84461336507461,-110.79133033996209,0.8096172204994443,-0.12384422294475163,-0.504621857675787
HDOK,PLOK,17472,33,33,-114,-7,10,2,29,-109.19246943399995,-108.41987714461584,-108.13730372016781,-110.33674188397495,-109.38212173138683,-108.48575111162691,-108.76855512361078,-108.40619863137856,-108.00479469674399,-109.10710904898664,-109.76973128770278,-108.38951835666052,-107.55208255439908,-108.92690188590667,-108.74905544345613,-108.63181148023692,-108.56996020788098,-108.19704449636407,-107.9002161529588,-108.01049210867205,-109.09150009014962,-110.21019562721315,-106.04830300211216,-107.96861278088474,-108.12462643519756,-109.81212694200826,-109.55804453237907,-110.42191639982926,-108.26243399732287,2,-108.70467228647678,-108.56996020788098,-110.42191639982926,0.8286231266648304,0.2889346307939088,1.3163075077889963
HDOK,PLOK,17472,33,33,-114,-7,10,2,29,-108.63614318267273,-108.06071297410611,-108.32528414385435,-107.57391261858847,-108.263251003767,-109.50397183805504,-109.41867780331064,-112.06646476541982,-107.94984408887031,-109.93127509791476,-108.64876615101889,-109.56466059340644,-110.73519680686059,-108.63762430343517,-109.5193286886013,-107.86390456846746,-107.89063064052787,-108.09531567527019,-109.73535596968537,-110.6135570525843,-108.00183494238362,-108.30830708328514,-109.8354365450315,-111.10230032777491,-109.95337524109823,-109.1747288179259,-108.74700652778469,-109.338968102548,-111.20665302066926,2,-109.19663753706615,-109.1747288179259,-112.06646476541982,1.2981401892665596,-0.6998279749663358,-0.14875538483902018
HDOK,PLOK,17472,33,33,-114,-7,10,2,29,-110.67715602785152,-107.85602280153148,-109.57923881269538,-108.51959724521276,-109.33687736230571,-108.21634464074475,-108.63857233558679,-108.36614458221298,-108.76457001079814,-108.87088600278487,-108.07009478434381,-109.38151118840135,-106.86636001419895,-109.91765701046893,-107.79857621017656,-107.37580686223791,-109.05513620250626,-108.13580570877292,-109.42064606676165,-109.45107811991379,-109.45207669670083,-110.22401909270977,-108.50688930907738,-108.41656267893708,-107.6347370163785,-108.41774345440923,-108.2168058710237,-107.76209015673666,-108.13585981055668,2,-108.65740917503572,-108.50688930907738,-110.67715602785152,0.7453250247915449,-0.31563324770152834,-0.11212395396299124
HDOK,PLOK,17472,33,33,-114,-7,10,2,29,-108.63210769762289,-106.28956474335246,-110.24515841832715,-107.21173638235071,-108.41059259499816,-107.25941951246868,-110.43739180490009,-108.37203362540298,-107.65169785468646,-108.42064295609029,-110.51411645192495,-109.96916130744896,-109.28626099586764,-108.86600099666882,-108.8297417179462,-108.35383913970006,-108.24372154775884,-109.3386632601507,-109.35320422353765,-108.85762811517156,-108.02282179209848,-110.0094067143197,-108.79614539187475,-109.38202905278543,-109.57577600043739,-106.54490795968174,-108.16105122989819,-108.13427595089296,-109.06882086787012,2,-108.69785925193912,-108.79614539187475,-110.51411645192495,1.1090342952949477,0.3467321803599884,-0.042657294743888574
HDOK,PLOK,17472,33,33,-114,-7,10,2,29,-109.9684189554275,-108.37152966816265,-107.96349146009482,-107.81537877014478,-108.03404264852523,-110.238248405615,-107.91377730970432,-107.97260911015906,-106.66473986912315,-109.61522170036366,-107.81054846661713,-108.69217751736707,-109.3812775835508,-108.59266196916833,-108.4091846166982,-110.04102056100403,-110.27603356994257,-107.57478947154578,-108.85327303473647,-109.19232583459147,-110.48712281359177,-108.89587406174246,-109.59238929209435,-108.23975721082596,-108.03187673968206,-108.5181227720041,-110.53546434383802,-109.61513306879385,-110.28201171618615,2,-108.88201732901035,-108.69217751736707,-110.53546434383802,1.0211194020663776,-0.03255723738259211,-0.875378301546947
HDOK,PLOK,17472,33,33,-114,-7,10,2,29,-108.83383793482655,-107.52717648222202,-109.56750552321355,-108.23104747896926,-108.44739477971113,-107.08200127599099,-107.83995167775372,-110.53859277933434,-108.73305271915774,-108.26414949595227,-107.61581614205474,-106.50103803556081,-107.70554139594232,-110.3588353667542,-108.16483045781659,-107.36400197781578,-108.1675498635151,-109.45751401734069,-109.43642397063671,-107.92270905352771,-108.25553101469896,-109.91510075518549,-106.61600657399156,-108.97156018519962,-107.55177482601223,-108.089809314664,-108.15953295723325,-110.24566278079898,-108.07207449062349,2,-108.40124218367254,-108.1675498635151,-110.53859277933434,1.08462385105694,-0.4097848777557808,-0.33193574285664695
HDOK,PLOK,17472,33,33,-114,-7,10,2,29,-109.51246632061773,-109.26532410272814,-107.03327376584132,-108.94706185482619,-108.77282747864199,-108.74340033398744,-107.96638381007314,-107.43371410365657,-109.4018827464552,-107.55309339191886,-109.8521031419456,-107.89584948873842,-107.93897167144401,-107.40044427629797,-109.46787580718727,-108.18368882304564,-108.86131186374844,-109.77014837498643,-109.5184729552247,-106.2819616016282,-110.44242580130643,-110.5100639255599,-108.23375996448223,-109.42377417305613,-109.7714229777945,-108.95088269641161,-109.28445314975076,-111.10640389165498,-109.63767481670807,2,-108.86762473481785,-108.95088269641161,-111.10640389165498,1.2076938662910774,0.3071878394291607,-0.16984476316648545
HDOK,PLOK,17472,33,33,-114,-7,10,2,29,-111.24229420728616,-108.36269960181646,-108.6442761216469,-110.31044905567963,-108.74927876273865,-109.64576271696104,-108.5027104163363,-109.21363865173029,-108.22224544020101,-108.89482308384326,-108.37319262070926,-108.88312342461987,-108.28858315357647,-108.30353352129141,-110.39612386718083,-107.67931191290526,-110.63655478158768,-111.03559491872323,-109.86453553494292,-110.70391894014973,-109.04752218798914,-107.52128000717238,-109.57999343902212,-109.07923891671221,-108.6698555277079,-109.6813065074367,-109.06966615830656,-108.14407233747016,-108.30205881456541,2,-109.13957395276928,-108.89482308384326,-111.24229420728616,0.9653382177916461,-0.5850488164199933,-0.5195074160843403
HDOK,PLOK,17472,33,33,-114,-7,10,2,29,-110.96814888900288,-107.31840706651914,-110.00363540115683,-108.31450716380618,-108.8892026567294,-109.9335589677639,-109.0426446228292,-107.78959352075441,-109.39308137872509,-109.29848177635375,-108.80522574471169,-109.60349414651253,-110.36336339732742,-109.38093835093369,-108.51966362313482,-107.02145691054325,-108.83908586945614,-108.75151397523736,-107.72458296935015,-107.92623918082917,-109.22150536037385,-109.92930245139995,-109.32509714700471,-108.58852611085346,-108.81123429802986,-109.98470736710463,-108.42950618499873,-109.72239539664491,-109.42192045909991,2,-109.01106966852372,-109.0426446228292,-110.96814888900288,0.8071122423777684,0.2252172950984963,-0.0274284997666725
HDOK,PLOK,17472,34,34,-114,-7,10,2,29,-106.40842115176106,-111.03272574325162,-109.12743972089915,-109.39751250661764,-108.49519815734563,-109.4888057667459,-110.44229487002171,-109.90978410453867,-110.8523950589433,-110.44543997335941,-108.70319833158922,-107.64049376385297,-109.19710441738226,-109.26791993188509,-108.75356651292533,-109.66068144773537,-109.77077212587575,-110.36455360427034,-109.35874443654065,-107.49433121866751,-108.2490376230104,-109.40601661154223,-109.7903788656965,-107.85187814859098,-109.6702295502236,-109.71342706772862,-109.83466699579594,-108.9166921848437,-108.90733711257093,2,-109.24658782773142,-109.39751250661764,-111.03272574325162,1.0317100648624866,0.7338484014317398,0.8872890761030079
HDOK,PLOK,17472,34,34,-114,-7,10,2,29,-106.94655278744847,-112.35091865496481,-108.47754918877939,-110.7322214243588,-108.07672441196333,-108.93742607809794,-109.61103849003389,-108.29871528527036,-110.07152272861534,-108.91522893195948,-109.25635569462268,-109.2908739621682,-108.7205190632642,-108.7959614179212,-109.070679084617,-109.83400185954497,-109.7098039097387,-108.86891119591148,-108.45328932573683,-108.2454302993351,-109.40802388765607,-108.08355839155408,-108.81130103174888,-107.81609998526007,-108.25507856502287,-106.90248241461046,-108.38494912807994,-109.99876043539032,-109.29539743147369,2,-108.95239224362582,-108.86891119591148,-112.35091865496481,1.1293453798762585,-0.8539943721124788,2.633395604472589
HDOK,PLOK,17472,34,34,-114,-7,10,2,29,-106.18477994903628,-107.35865958524978,-110.85840851996362,-108.7414329755254,-110.20274029984401,-109.98246399670529,-110.00557730397037,-108.76314805486533,-109.91287517859887,-111.03055123426111,-110.20576192511712,-109.48281666430837,-108.03062273823049,-109.19755607779834,-110.2798711119852,-110.4715986543028,-108.82723174778185,-109.55868226325033,-108.0881035640779,-109.30544405529699,-109.61328043968933,-108.42893963021908,-110.0662765674501,-109.87610043273486,-110.6191387667169,-107.73358090564358,-108.4955811954219,-109.574499210077,-109.45137109974532,2,-109.32231359130577,-109.55868226325033,-111.03055123426111,1.2041191171294172,0.8886146813070462,0.8123535970158229
HDOK,PLOK,17472,34,34,-114,-7,10,2,29,-108.7874183006437,-107.83082599291525,-109.8284176262185,-109.94581380288132,-109.62919958339447,-109.72002116559716,-110.1265777872461,-109.4541997865047,-109.14531045344155,-108.18105160569672,-108.35185029139994,-107.99910442418192,-108.6771544326079,-108.8837519554666,-108.92401398482816,-109.27729336849025,-110.64120812752049,-109.21433220340768,-109.24065708895957,-108.67471034394426,-108.22400012054476,-107.6362331176972,-108.93879403559326,-108.91571580216169,-109.43928632763058,-108.2976314422269,-109.96177752927177,-108.82775580050429,-109.83465428136242,2,-109.05547450973583,-108.93879403559326,-110.64120812752049,0.5283235890634582,-0.01632111668769666,-0.5029251572915419
HDOK,PLOK,17472,34,34,-114,-7,10,2,29,-105.79320424378153,-106.89487296023249,-110.88577150231458,-110.58924117952193,-109.57277917269022,-108.34311278852051,-108.68867500111124,-110.57204077188906,-108.79492409068467,-108.54253453750242,-109.43678397733046,-109.23545052954563,-109.38061111007781,-109.32027331432617,-109.21246418184589,-109.28953704710122,-107.91911105687859,-107.52821964035593,-107.98249238751085,-108.65087504390992,-109.16143540883213,-109.82019565956047,-108.7530800685996,-109.67421355457445,-110.00992095911184,-107.62275191092826,-108.970816843254,-111.27169048356122,-109.79576874993953,2,-109.02458097156871,-109.21246418184589,-111.27169048356122,1.3585718847054107,0.5670536039747446,0.9577060689028154
HDOK,PLOK,17472,34,34,-114,-7,10,2,29,-108.1467044323713,-109.29655764006026,-108.88570360318647,-108.76445831712638,-108.6751656963312,-108.51898072530325,-108.91404511069247,-109.76806746637672,-109.49072456620921,-110.29539090190872,-109.8774911030383,-109.218643347976,-109.19991308607958,-109.21096121931751,-109.09957904180249,-108.33332042510456,-109.05913311900754,-107.87917052482716,-108.1716079631354,-109.57280820283253,-108.23862475109851,-109.10447869563525,-106.88580207608864,-107.94179551610685,-108.5079112369254,-108.50841561016846,-110.3655043930371,-109.84919877109286,-109.22740173130131,2,-108.93129514738419,-109.05913311900754,-110.3655043930371,0.5701038474532847,0.3480774206929688,0.5681048268304019
HDOK,PLOK,17472,34,34,-114,-7,10,2,29,-105.98531807701436,-108.85102747056847,-108.50156338539804,-109.67359555525562,-109.52050387346064,-109.55731012881004,-109.84444149299775,-109.69192107427327,-109.66283106343408,-109.47674712955087,-108.78742548563258,-108.69486403411483,-108.42101957806193,-108.81680982729466,-109.57305481609842,-108.46874330775663,-108.74273709496839,-110.15636595250187,-108.68066422934105,-108.85218161758475,-108.18997200650446,-109.22312113980597,-109.7885973174083,-109.11967587818472,-108.07096167884512,-108.16241674174391,-109.77162337517437,-106.94965775031042,-109.86783383326815,2,-108.93458568673668,-108.85218161758475,-110.15636595250187,0.8011273165813645,1.453374539786563,2.994603270183705
HDOK,PLOK,17472,34,34,-114,-7,10,2,29,-108.419798443226,-109.83389809170768,-107.98460679545332,-107.34148259874516,-110.03333130991379,-109.20051750015188,-108.56813282206629,-109.44811947093964,-109.9370171151622,-106.8010038484698,-108.7557674009295,-107.70670281647406,-106.94518337422639,-108.69580116535371,-110.38876310111571,-108.90340593581848,-109.3621567071498,-108.98392409212352,-109.59184879097266,-110.62457284636531,-108.30759540820608,-107.6390929529792,-107.95013888631117,-110.18906539425507,-108.25386106017562,-110.88066093524913,-108.23442043488103,-108.67246871970367,-109.87951692676168,2,-108.88044327396166,-108.7557674009295,-110.88066093524913,1.1421455302500625,0.045982662768942,-0.7212626032102776
HDOK,PLOK,17472,34,34,-114,-7,10,2,29,-106.64503042978073,-105.76193817907156,-109.74537054890844,-109.05572784442326,-108.83589206556351,-108.77430644228505,-108.85188523901003,-108.43251840393305,-108.86848156222328,-109.02851997142069,-110.16683866776175,-108.82827962381643,-109.4999360550941,-108.89078920021093,-110.05127325137578,-106.930715439235,-109.42558502785297,-109.39194122251409,-108.43968677038951,-109.67053145350533,-108.6923600102157,-108.93539226760201,-107.59472205385237,-108.19920451409189,-109.21702355664765,-108.51297854310431,-107.85143199670256,-107.93758554504959,-109.86366273612931,2,-108.69308995247486,-108.85188523901003,-110.16683866776175,0.9872156873304674,1.1436870031958775,1.5864655194842583
HDOK,PLOK,17472,34,34,-114,-7,10,2,29,-106.44291545671238,-106.73426208580237,-108.85059380981774,-110.63260992568709,-110.65061781938117,-108.71833799392813,-110.55796424220411,-110.15890696023614,-110.05708359325016,-109.35757156617913,-109.32084983532906,-110.10584235154784,-108.78362840721144,-109.65970887879197,-109.54642420703495,-107.26252345501767,-110.02545651901177,-110.17195545169054,-109.10928103932892,-109.45753478353015,-108.70114778112023,-109.63997178743936,-110.36328571036927,-109.90839871161064,-109.26313041644521,-110.18399649567264,-108.3071848868722,-109.49038893718279,-110.2829261730398,2,-109.37049997522222,-109.54642420703495,-110.65061781938117,1.1375960465176245,1.3391620716009451,1.5681625983001495
HDOK,PLOK,17472,34,34,-114,-7,10,2,29,-106.93686719783138,-107.45723540410204,-111.17709149915652,-109.87586055716052,-110.08447919213087,-109.8581743643911,-108.99986726239462,-108.22948533791926,-108.13177996645591,-109.89827190416426,-108.1415754498173,-110.10535487155946,-110.19150611914662,-110.9505925987122,-110.13805848131085,-106.75399028352867,-108.16140185628781,-108.48295749510632,-109.18521372847103,-108.57677278157375,-109.02348664877154,-109.7567877469262,-108.2052314394986,-107.36280272489559,-109.2073474993128,-110.82941435038475,-109.12689136544961,-107.86963011672132,-109.26121110200117,2,-109.03377032224766,-109.12689136544961,-111.17709149915652,1.3628099303272405,0.10339542134791392,-0.7360476901776631
HDOK,PLOK,17472,34,34,-114,-7,10,2,29,-105.99645267497317,-110.64590721742287,-110.71860300672307,-108.77999214049024,-108.51288445383518,-111.72029785476836,-110.11592531915511,-109.71883130271951,-109.87392401229076,-108.12079167232636,-110.33196634636992,-108.55951057573412,-110.7249677224001,-109.6801806908983,-108.80902725287922,-108.80361236521748,-108.33774487928326,-108.31261151698335,-106.16877534848444,-108.57957469054966,-108.8463220331128,-107.71429601587566,-108.6020929777358,-107.87446943441056,-109.82743266069095,-108.08362415979369,-108.8814307567693,-108.43321705163822,-108.31989197215577,2,-108.93428821054096,-108.77999214049024,-111.72029785476836,1.5707662496713555,0.1259437226569957,0.5812581502893428
HDOK,PLOK,17472,34,34,-114,-7,10,2,29,-108.18295832052658,-107.94131995180817,-108.71209246841777,-108.82261430122658,-108.86791331566442,-109.06655335872209,-109.35671299901593,-108.93667713682086,-109.16797932975584,-109.58141092186553,-109.35750420223934,-109.51607514136415,-107.98218727788206,-108.57255644967434,-109.38516845540286,-108.50226655025719,-109.30624800076764,-109.53830650080926,-110.12902476684489,-107.95376198026517,-107.52273370685522,-107.69610057733799,-109.08635077685275,-108.62975409048768,-108.14903981513073,-109.81279921368606,-109.62237552799263,-109.68986502007475,-108.86238451024482,2,-108.89485291958596,-108.93667713682086,-110.12902476684489,0.4536975105260086,0.34215236325524695,-0.7527340443779003
HDOK,PLOK,17472,34,34,-114,-7,10,2,29,-107.02159183732857,-108.2801049467311,-108.30856449541993,-107.67558169307459,-108.75237224285439,-107.6263646253809,-111.28676594452087,-107.58564502299846,-109.37244746739894,-108.17515502552982,-110.19044933144234,-108.40892989229813,-109.70960628904196,-108.86183952418146,-108.99263336892302,-110.78917621351206,-109.5475797050514,-109.1798509290188,-108.45126971482712,-110.27342767256764,-110.44348118673204,-109.5164522003158,-108.43487591706509,-109.70831088802007,-108.85591344961362,-110.01040229191753,-110.05021087901281,-109.27288107270134,-108.88074008870908,2,-109.09181461779963,-108.99263336892302,-111.28676594452087,1.0195531326101221,-0.07896021696724145,-0.3954533551833497
HDOK,PLOK,17472,34,34,-114,-7,10,2,29,-105.92333709497427,-108.89448203271166,-110.14744329408897,-111.33251454028967,-108.09728119435896,-108.62688667335273,-110.2625289639976,-109.2045718795418,-110.93182901481501,-107.92130307055774,-108.63636441561565,-108.78653631460976,-110.66459760694748,-108.5656033435353,-110.66076610911587,-109.32839499768774,-110.82818893679972,-110.2680324726278,-109.60201128461154,-108.26211870820855,-108.72775730141218,-109.34500509417904,-109.28703210242712,-109.67411872904111,-109.72895435851706,-108.96912356653415,-108.60203404149766,-109.18694535475369,-108.80866613686636,2,-109.2853251252992,-109.2045718795418,-111.33251454028967,1.196948236023462,0.5667228647973909,1.708277853068839
HDOK,PLOK,17472,34,34,-114,-7,10,2,29,-107.1750833942385,-108.9659131945719,-110.96792833390617,-109.04602210630874,-108.87460108017258,-109.56952162709636,-111.2780713628169,-110.42691529299799,-109.69499962348935,-108.76359975798354,-108.30164460027399,-108.40308022883949,-112.06533607673168,-109.38065764913459,-110.43116265733678,-109.982731655401,-107.6015131488404,-108.41765306150465,-109.76549107602521,-108.54635327322143,-110.26887441935824,-110.07276123114904,-107.15213640062473,-109.18780692883603,-109.37385313551617,-108.50828047783828,-108.69934273209626,-111.50746170584942,-109.53513441883574,2,-109.37806657417222,-109.37385313551617,-112.06533607673168,1.4106274928170417,-0.24368266263075053,-0.06849416757299354
HDOK,PLOK,17472,34,34,-114,-7,10,2,29,-105.71898818046989,-107.89738488008024,-110.62121971342073,-108.28174752671761,-109.43526224573645,-109.81780926146422,-110.88179275395503,-110.46038957991998,-109.62326284244753,-111.10709654411725,-108.43209354721083,-111.11776675118693,-110.08060316243213,-108.7172309010891,-108.0374877329568,-108.40744079368879,-107.32254542858932,-108.49635681208125,-109.38264553774901,-110.7975261494269,-110.38620459346348,-109.26099066169229,-108.7079788516136,-108.57082079236719,-108.92778406529261,-108.64877227545709,-110.61621359660775,-109.4699237753389,-107.66486459358285,2,-109.20311046724676,-109.26099066169229,-111.11776675118693,1.5886249487259716,0.4749267697506386,0.3537967542674081
HDOK,PLOK,17472,34,34,-114,-7,10,2,29,-106.79922387866048,-109.44464657973641,-110.4267228561187,-108.11741268108392,-109.29865339204508,-108.31196656399206,-110.63766971629971,-109.02775240106354,-109.67768305106411,-107.97299010149166,-108.46043485084391,-108.63135899498387,-110.90944478242206,-107.87717589429869,-109.33311680793024,-109.67142172406855,-109.5201034856041,-107.79797826317493,-110.52541137319314,-107.58884604264883,-107.79594061926255,-108.82310581805534,-109.81503162492739,-109.17175101390278,-110.29888777544735,-109.49751004252865,-109.95974330059505,-108.70869626967111,-110.09799764205427,2,-109.11029922576446,-109.29865339204508,-110.90944478242206,1.0521469346362158,0.2378716673208308,-0.6526002000939055
HDOK,PLOK,17472,34,34,-114,-7,10,2,29,-107.25181294915336,-108.90942586508194,-110.16441940055577,-109.43268882437825,-108.13048792354765,-108.23376167610341,-109.90204076278877,-108.68190429886032,-107.81211278336055,-109.17009099320178,-111.18447834737634,-107.96079537881172,-109.04485293662641,-110.03178735197265,-110.20878747090771,-109.06967598181795,-109.25820277272867,-108.82417465220897,-108.04054442496755,-109.12722360327876,-109.14566552099456,-108.0912316502305,-109.7241584164632,-109.80935449440327,-109.75104014656122,-108.56870286288746,-108.98449397859017,-107.71950669427245,-108.41132778272488,2,-108.9877499980985,-109.04485293662641,-111.18447834737634,0.7752770378315691,-0.2434166932480346,-0.08243105124553773
HDOK,PLOK,17472,34,34,-114,-7,10,2,29,-107.20924754708875,-107.98785300695963,-109.82487645736491,-110.43215494493356,-109.84451340042536,-109.11559884776788,-110.9053009444157,-107.42343873465337,-109.33852424313409,-107.55994907682602,-108.54963732217988,-110.95802001524595,-107.8687549514348,-109.19232526328868,-108.63080277787655,-110.43927508292619,-110.18291336522009,-109.31352476213557,-110.62539761242324,-109.37210463900402,-110.23437756081766,-108.51005307984367,-109.45154662749796,-109.18854413563793,-109.23854751939696,-109.482792563009,-108.71054844858087,-107.24218606489544,-110.17047491450852,2,-109.2070097899825,-109.31352476213557,-110.95802001524595,1.1526429224131498,0.3108194499838927,-0.746296015262907
HDOK,PLOK,17472,35,35,-115,-8,10,2,29,-110.87206455658483,-111.04780601120365,-109.69584262186396,-107.45566598656863,-108.09804501445014,-108.60396409794083,-110.94460889333554,-108.03548115690344,-108.26938626678556,-109.26729784468576,-108.96083967699978,-108.71773176527319,-109.68409677696336,-108.42956485081896,-108.55732328184405,-108.92317123967108,-107.7135622908108,-110.23516671889598,-108.46216816050448,-107.59879336304824,-107.89276497734815,-108.07411739584425,-109.7701226146903,-110.42498845872142,-109.6005979430742,-107.7194481209217,-108.35699948777659,-109.36950838746722,-110.67194485239062,2,-109.01562320046159,-108.71773176527319,-111.04780601120365,1.1520730970060002,-0.4759907168420703,-0.9323602420774533
HDOK,PLOK,17472,35,35,-115,-8,10,2,29,-108.88275283277814,-110.44302972911527,-108.9947427586063,-109.21722311392676,-108.74829819201025,-106.70763635243213,-109.31345637320015,-108.97186194233376,-107.38047797159038,-108.2410920278513,-109.45131199944177,-110.57614629827641,-107.94226005153325,-108.18476212070138,-110.3513771537291,-108.70299355486983,-108.51569451468053,-108.48068326264955,-109.37018130553516,-108.41210393018383,-108.67902836628043,-109.339845538009,-109.39667693094503,-108.08451819403749,-109.89762313074837,-110.53590336284626,-107.853630466853,-109.44659747595786,-110.36035944202186,2,-108.98214718597049,-108.97186194233376,-110.57614629827641,0.8919223321625781,0.1404846499781711,-0.10523303687292351
HDOK,PLOK,17472,35,35,-115,-8,10,2,29,-108.79755223303998,-110.05007708320733,-108.2167798785531,-110.19222005407177,-108.2415348820163,-108.12875049209796,-109.70381060041336,-109.98850375412192,-109.9169295534599,-110.19901422429425,-109.28692501149094,-109.64345478000266,-107.27159977383664,-108.60623077008749,-108.72508372205526,-109.33647827870581,-109.06822887268034,-110.05979438052742,-110.09237565940792,-109.52146410630306,-108.24713161420526,-108.60363659155678,-109.04513101973839,-109.26048929133799,-107.92673159575587,-109.39093497978794,-109.85108154555408,-108.93473583301393,-107.75847677613565,2,-109.10569508129164,-109.26048929133799,-110.19901422429425,0.6458225439970395,0.42941854168690824,-0.745548052245729
HDOK,PLOK,17472,35,35,-115,-8,10,2,29,-110.77910938739443,-110.09725695100369,-110.40269111529604,-108.30485100498835,-109.24506360997772,-108.2527304646462,-107.15122221583354,-107.6145716138175,-108.83955861131803,-108.02485301110329,-110.31553949128528,-108.44336080455213,-109.88936432078503,-108.87822951823478,-107.27647778303049,-109.59295807102437,-110.23156052097539,-108.38483678619976,-108.91488241548448,-107.67853459224388,-108.96562659280461,-108.75174954002924,-108.40977058560482,-108.0504174250985,-109.6211247599975,-109.59902832598891,-106.62921726975776,-110.80097794937602,-109.62202518302965,2,-108.92302034209936,-108.87822951823478,-110.80097794937602,1.1967691384693275,0.09873167234695203,-0.7153996004911058
HDOK,PLOK,17472,35,35,-115,-8,10,2,29,-110.23322233167532,-109.00199103442168,-108.98906704228447,-109.2909848684942,-110.28983147461904,-109.138367594571,-107.34861369994454,-109.31781647612647,-109.46499930117606,-109.39325132713823,-107.50997952684698,-110.17323937520742,-108.5937073287278,-110.02923542312044,-108.19337060116291,-110.34723924105536,-109.03812587657384,-108.49568927917112,-108.68582238560055,-109.50466616696383,-108.2970846605745,-107.94271461890492,-109.42063944967784,-109.83432176772013,-110.17034532310998,-109.8825446424811,-111.0335329382341,-109.36659619293594,-108.36610298815772,2,-109.21907251505785,-109.31781647612647,-111.0335329382341,0.7688476826705171,0.23643888398325796,-0.30992315125609515
HDOK,PLOK,17472,35,35,-115,-8,10,2,29,-109.50922680767016,-108.87191232416602,-108.86130231751129,-110.15727904259023,-109.19043559169674,-106.48756844910636,-109.93579982457808,-109.63117991733407,-109.53241861372513,-109.4408956084702,-108.69835628836165,-110.8516421122179,-107.10266787394839,-108.43527810568445,-109.76882213904832,-109.80076646310651,-108.09213697062847,-109.23316945304002,-108.8831875896193,-110.70112966309974,-107.73173871092827,-108.01257107662184,-108.86768653605085,-110.76638331544883,-109.17633522478162,-109.92004290376971,-110.45037964276642,-110.29186183916349,-109.99662041293143,2,-109.25513085579539,-109.4408956084702,-110.8516421122179,1.0920110544204142,0.7537907988054761,0.49761106393612753
HDOK,PLOK,17472,35,35,-115,-8,10,2,29,-109.71305310078796,-110.25313177550464,-110.71317703633623,-109.01973138748086,-108.40226429925049,-110.90588086420736,-107.5534359109584,-109.24719142579274,-109.06248184835725,-109.95580850155423,-108.9028685543347,-110.54798274966983,-109.84358633569701,-108.97263812973357,-109.12509300209707,-110.10902141110732,-110.25611984270365,-110.33983147817925,-108.9622869687184,-109.58462628735438,-107.5099919917407,-110.10245940924582,-107.81361958494817,-109.01387241804736,-110.3104354526028,-111.37071174256741,-109.62840133539747,-107.92535420024274,-109.75318213139505,2,-109.47924962675906,-109.62840133539747,-111.37071174256741,0.958339444629852,0.3719320553511254,-0.35138687530270296
HDOK,PLOK,17472,35,35,-115,-8,10,2,29,-110.01702499510647,-109.41065234438221,-109.6702752827941,-110.60709949681801,-110.25302024436479,-110.07100747716916,-108.48675890146225,-110.11521034691482,-108.82313299420802,-109.0331074694259,-109.51798143050712,-110.17691461835395,-107.52624705779444,-111.0902309526241,-108.70964543420685,-109.72956418061783,-110.09424819376248,-109.8814665285315,-107.92536935869882,-107.72026288670027,-109.96750762450061,-110.14596804498677,-108.85143885762318,-109.17455855740423,-109.34107504364762,-108.18213520265148,-110.0738083462891,-109.2999884969687,-110.42517400791066,2,-109.45934049573881,-109.6702752827941,-111.0902309526241,0.7693795030546843,0.5799325551400376,-0.2654790275887948
HDOK,PLOK,17472,35,35,-115,-8,10,2,29,-111.02737394093843,-109.70393521426375,-111.0936881328153,-109.79907430845397,-108.11715282587734,-109.19103739032175,-109.45931213146034,-109.75856058970334,-108.93750433929324,-107.12273089183022,-111.37405360674109,-108.47000119189262,-109.52738945368696,-108.52645436652801,-109.91381725974158,-107.61537552092882,-107.78770290033438,-106.85365131233326,-108.6625849251403,-108.61703139419242,-109.69656032783446,-110.13234744521147,-109.2114495646921,-109.17619300419456,-110.24396262842264,-112.24301049279903,-110.27410302565231,-109.1847691274678,-111.15799608500065,2,-109.4096145999225,-109.45931213146034,-112.24301049279903,1.5732145086619393,-0.05766878503134356,-0.061674313672222425
HDOK,PLOK,17472,35,35,-115,-8,10,2,29,-110.21476048308105,-110.806340007109,-108.64151111202126,-109.73909031535908,-108.80048649918876,-110.4805101535015,-109.34770155859003,-108.25873206106999,-108.4302521804534,-109.30683571151755,-107.60245150413814,-109.21372842044532,-108.1648387351962,-107.38608192290205,-108.94560813847598,-109.22975531968683,-108.38093839537991,-106.97326875319771,-109.17735504435133,-109.21800864589072,-109.77254796210327,-109.26297480558118,-108.29266961971283,-110.09779761262679,-109.75678232401788,-110.14077681567557,-108.70369674193896,-108.8270412302746,-109.57074967539674,2,-109.06011350858218,-109.21372842044532,-110.806340007109,0.8015518455028396,0.3021410771829254,-0.035478454047025654
HDOK,PLOK,17472,35,35,-115,-8,10,2,29,-110.1327478044372,-107.96423928970323,-108.53815735782635,-110.59514132546515,-108.82941048629492,-107.1507735897748,-108.38207593413344,-108.54455572978274,-111.05026972660308,-107.47775539835746,-109.02224576014336,-111.10115439650113,-110.27478776358883,-109.4352272334032,-108.81741059104395,-108.93993450892444,-109.5006848941432,-107.58331712525744,-110.784416110142,-109.86512180891363,-106.61326787245366,-108.66376041207411,-110.13229350604789,-111.1280211576852,-111.1130735425822,-109.12629401735586,-108.19320150004106,-111.05719124446534,-109.51745261780935,2,-109.29427526568807,-109.12629401735586,-111.1280211576852,1.6162100931889,0.16181657136328753,-0.8177071186707523
HDOK,PLOK,17472,35,35,-115,-8,10,2,29,-109.40274151390784,-109.83012412947805,-109.30721143145321,-108.96423119184685,-107.37893621996359,-108.52061371856765,-108.29650384790865,-110.05834553725829,-109.92433325783247,-110.48204465207554,-107.40403947582071,-110.00262645108752,-108.18117159168004,-108.90236850075429,-109.66801371274437,-108.69149977708527,-110.27295278658455,-109.39672802549578,-109.25381687035144,-110.33933288170483,-107.36148141715339,-108.25768774514286,-108.39813718230306,-110.90696814361796,-108.63636065322956,-108.46645415773668,-110.35193867575992,-108.54565172366308,-109.57660317443005,2,-109.13030753264266,-109.25381687035144,-110.90696814361796,0.9105500104251628,0.15602512354383125,-0.7499705741720297
HDOK,PLOK,17472,35,35,-115,-8,10,2,29,-111.60334711955257,-110.73510219616858,-107.68133449861166,-109.04464817623386,-107.91969487914336,-107.28983334919457,-109.38454796382354,-110.12659261789555,-108.18302775775577,-108.62676497810239,-110.11494110466293,-108.38586366216225,-109.99772894297865,-109.16773895623562,-108.6078154931923,-107.77660729950337,-108.64989059386195,-109.06847362857654,-109.39690971439231,-106.83738522317466,-109.50691000759886,-108.52984079672159,-109.24976738685791,-110.89386771101017,-108.34808014154758,-109.42326036020994,-109.43674887202214,-109.68950060251515,-109.8736476312874,2,-109.08792660913771,-109.16773895623562,-111.60334711955257,1.1392064674314561,-0.13006063325631842,0.07911139243796361
HDOK,PLOK,17472,35,35,-115,-8,10,2,29,-109.58840909266097,-111.18010248024413,-109.39101827576391,-109.37151892419008,-108.68011352173764,-109.2762032793637,-107.09651574606399,-110.029097849086,-108.08007091148524,-110.44108888283365,-108.8374758750676,-108.72863506876443,-108.4879154127861,-109.50273331207053,-112.07106156491157,-109.65425679443031,-109.77804677972354,-108.29189289982322,-111.02045342746507,-107.84228832134646,-108.16379902547001,-109.49283962332736,-108.21532605694586,-108.56961286375657,-109.31121995256709,-108.22935163618905,-110.07727986254685,-109.51452164588503,-109.66116700664283,2,-109.26151779631546,-109.37151892419008,-112.07106156491157,1.1203649691162365,-0.5311629314682561,0.6519587068506376
HDOK,PLOK,17472,35,35,-115,-8,10,2,29,-109.18430731587996,-109.57489649296633,-110.08967485004486,-108.83209607901736,-108.07890357120031,-109.59602848688434,-109.272125753971,-109.58033568002324,-109.17183283970364,-109.43426028078946,-108.51568886729831,-109.39953102337205,-109.00018307268735,-108.23646201447664,-108.77829587398311,-109.75873323558021,-107.86332550866035,-108.67714677799496,-108.53967511210236,-107.44208303386807,-109.92384549191021,-108.37194401665855,-108.75059688725626,-109.40721337334394,-108.20557483745318,-109.19318390991283,-110.47557686706736,-110.03895192582314,-108.85386394815687,2,-109.04297714234781,-109.17183283970364,-110.47557686706736,0.49720299214941777,0.17267428969634377,-0.3060097030381055
HDOK,PLOK,17472,35,35,-115,-8,10,2,29,-109.67398573013051,-110.77961965471992,-109.89330470760684,-108.71881692153431,-109.40236903463686,-107.42641876422746,-107.77000123447023,-108.41697346391305,-106.49547477894703,-109.52424564127327,-108.60456457008239,-108.88926869180476,-109.07316094114142,-109.64557522630217,-109.68702216130468,-108.9005319089128,-108.0632589565645,-108.93923002745326,-110.05002529312084,-110.00862467444998,-109.19278535257963,-110.8346685359591,-107.8062575189516,-109.30774517696288,-108.55131082901165,-108.48837808337055,-109.8337009142524,-108.81971600699934,-108.17612805640512,2,-108.99907458127892,-108.93923002745326,-110.8346685359591,0.9104377575700753,0.3585210090800545,0.46750580302917033
HDOK,PLOK,17472,35,35,-115,-8,10,2,29,-111.2555621201708,-109.9055245691573,-112.05227360158044,-108.42579304306882,-110.25565478380496,-107.03421342591184,-106.64425575068881,-109.02262192470823,-109.20308254244298,-108.47999934434914,-111.13754805396908,-111.08367383008732,-110.17070542017585,-108.74329867305302,-109.33706336541005,-110.95758778527225,-109.85287258650784,-109.57632807499972,-107.09479122273011,-108.19013249957088,-109.27661113657992,-107.38088673944759,-108.09596052863023,-109.07606597021055,-110.0324564270495,-109.21446954383254,-109.36348641931096,-110.98775535306466,-111.20370905406634,2,-109.41566840654662,-109.33706336541005,-112.05227360158044,1.8985049004012926,0.18138266394099806,-0.5578981021410843
HDOK,PLOK,17472,35,35,-115,-8,10,2,29,-109.66589061505145,-111.60916240123157,-108.51964425939255,-108.0287226849077,-108.33923213079869,-108.32518232005877,-108.38452161740423,-109.06137568337081,-109.70637243650516,-109.1940175115436,-108.36718408084354,-108.80754937110711,-109.16080197265542,-108.48951954905668,-106.64548286057843,-110.16910208774392,-109.61253040288727,-108.73054327165175,-106.84111701901222,-107.49075118200473,-110.58003079656044,-108.9937777006472,-110.6087393902026,-108.48684845192746,-108.95422730023004,-107.0134597223182,-110.48231552928983,-109.57098468129259,-108.81358411137776,2,-108.91905762557417,-108.81358411137776,-111.60916240123157,1.273162546172522,-0.10079068026867839,0.25174484099735306
HDOK,PLOK,17472,35,35,-115,-8,10,2,29,-109.60168206398298,-111.26895650881552,-109.4755199840721,-108.91354542834883,-107.6790205040862,-109.74680063201157,-109.24301914081295,-108.91697939232031,-109.94186894542787,-109.59431075741577,-107.51039249114775,-108.00063508793411,-108.73222261490866,-108.20525080079337,-108.55263152337503,-109.30807405039812,-109.5008840508836,-108.43720425982778,-108.01478175175885,-109.41961029541733,-110.39524457739819,-107.95634405784658,-107.71191692737655,-111.75864221114318,-109.262541751777,-108.91355694966971,-111.76902288265383,-109.4269385995534,-107.0148401882371,2,-109.11284270446187,-109.24301914081295,-111.76902288265383,1.34779603064783,-0.6052359838330575,0.3686140110986611
HDOK,PLOK,17472,35,35,-115,-8,10,2,29,-111.16224931035545,-109.17941170112515,-108.61895642871089,-108.12798268868941,-108.72352496571405,-109.28380440575538,-109.0754244227445,-107.40487965909924,-110.53534778585089,-108.97874294041961,-108.89843130500006,-110.5728119864333,-109.75049097532408,-108.57671953601718,-108.6389958012886,-109.42095275029962,-108.83678579908637,-108.01286422159377,-109.07474936306797,-107.25346828279389,-109.35891696522654,-107.79066708892971,-110.68851892822838,-108.14501982967441,-107.36671540059177,-109.81287011220012,-110.43886187027563,-108.82940520946217,-110.36126614292843,2,-109.06616675437539,-108.97874294041961,-111.16224931035545,1.0550428587033585,-0.167628729959765,-0.5613525206245544
HDOK,PLOK,17472,36,36,-111,-5,10,2,29,-113.10438519101567,-108.31071150752629,-106.09055080118078,-107.9169422834215,-109.86218234653843,-108.9471092115057,-108.09537698742231,-108.19209239702022,-109.88601203399026,-108.91325655688163,-109.02929196414337,-107.06506482513468,-109.18358353898479,-107.85241858712486,-108.47946208945295,-108.43612822104082,-109.36385361468908,-107.22494948401919,-107.29731415835019,-107.14754109134894,-108.75371144121165,-109.7035612757989,-109.03150284504632,-110.0392462815925,-110.34303090838463,-109.99645328061828,-109.32882329437591,-109.35158469840925,-110.98848815668356,2,-108.89429755423838,-108.9471092115057,-113.10438519101567,1.8469732324210488,-0.6800579600101653,2.006840170177012
HDOK,PLOK,17472,36,36,-111,-5,10,2,29,-111.26649916824329,-109.74625725708717,-108.35118105321729,-108.63165943256818,-106.15325956900287,-109.3427253757549,-108.31307047616978,-109.06596172867111,-109.4044799222595,-107.78312714090593,-108.42870850290474,-109.061260351937,-110.07136073072998,-109.6716490549931,-106.78822500572863,-109.43254681665609,-108.74997241215216,-108.64324998888593,-106.44103821034302,-107.17971845241729,-108.5929767027424,-109.09748690159127,-108.49565287215897,-109.66294242295547,-108.27074643597341,-110.06127564739396,-108.15444262202524,-109.0458216684418,-108.22728920361025,2,-108.69429603888001,-108.64324998888593,-111.26649916824329,1.1994225629365984,0.3609514719294047,0.7083536342754564
HDOK,PLOK,17472,36,36,-111,-5,10,2,29,-113.10386793839574,-109.82974721184188,-109.40779277184325,-107.52883986045525,-109.23080559157474,-108.08369228653783,-109.7012461488444,-109.62894058389048,-107.60849522954827,-109.46499159286655,-108.20240102272956,-110.24616760756018,-108.91625141899615,-108.98352471989008,-107.90152135703889,-107.95279681080659,-108.8029398116089,-108.12354303427081,-108.99733086048606,-107.80611226049433,-109.22144336253419,-109.29772259412326,-105.56720136176358,-108.81682509466272,-109.83510391094143,-108.21805682341967,-109.23155055576066,-109.95576333675665,-109.22613553115228,2,-108.92726933416533,-108.99733086048606,-113.10386793839574,1.539813316061161,-0.5850903918703964,4.479338935297365
HDOK,PLOK,17472,36,36,-111,-5,10,2,29,-113.51084425557087,-109.69600335744032,-109.09434291988956,-108.54392294294165,-109.97065754978154,-108.77256133601365,-107.73292883879513,-108.6841930034024,-109.05482112017609,-108.56628209925093,-109.10937610226475,-108.54090253539728,-110.02072199420745,-109.86957357329065,-107.15016238865772,-108.2862915466696,-108.49200767606732,-110.11781368383096,-107.5920450919135,-110.60051722198708,-109.09839521394485,-108.64410539626083,-108.8834155690143,-109.40877419281445,-109.38944099966417,-108.60837005650444,-107.76494127755618,-107.66412794182568,-108.68727044886593,2,-109.01913139082757,-108.77256133601365,-113.51084425557087,1.3780016155254287,-1.8385284816703744,6.273052668243864
HDOK,PLOK,17472,36,36,-111,-5,10,2,29,-112.04003054612724,-109.55625688382845,-108.55197216078578,-109.99018502104879,-109.06611714625535,-106.93572042102866,-110.09802480566671,-107.67633851655732,-109.48632236043785,-107.83680743527346,-107.12511757232684,-108.82524282892162,-107.32617993619468,-108.8669656417082,-109.42633591694634,-109.63114127858907,-108.70659874746039,-106.87079686974226,-109.40384196257301,-108.41677448943172,-108.44648927733465,-107.68120159781397,-108.15383654459843,-110.29285656753301,-108.84280270354667,-108.33332062291515,-109.31477738380582,-107.73294192986522,-110.79061776457226,2,-108.80777982527204,-108.82524282892162,-112.04003054612724,1.3915478357423743,-0.5129225487304205,0.49509958774130514
HDOK,PLOK,17472,36,36,-111,-5,10,2,29,-109.89269337827577,-109.19612185172157,-109.1407126721288,-109.12034643321934,-109.95818329174395,-109.59368481957071,-111.35621741620353,-108.73704283241976,-108.02817194188862,-108.94572603086773,-106.95955619192259,-108.87537862646684,-108.62968810832359,-108.27817393280748,-107.49366003929356,-109.05966569161065,-108.52391539326612,-109.95104396899129,-108.78030687616257,-107.65142499627287,-107.82602998163215,-107.38208390997303,-109.67314093110846,-109.27331362977912,-108.92689678045826,-108.97462545339374,-108.34637388446325,-107.8967812910906,-109.05702519163378,2,-108.8113098464376,-108.92689678045826,-111.35621741620353,0.8262425604970345,-0.3156144272623387,0.9204583870498202
HDOK,PLOK,17472,36,36,-111,-5,10,2,29,-111.42925694642803,-109.13375580106673,-108.75789421743598,-108.53893633695297,-109.05785723356159,-109.89266219421596,-108.39347357770232,-110.9273127535934,-109.80395009996681,-108.16145852549283,-109.65667117458052,-109.65451776247131,-107.95140158150325,-110.32397985219045,-107.99782094645145,-110.1933071347016,-108.91105346329672,-107.67716344451088,-109.07709529770355,-108.86348397486476,-108.32861936531731,-108.5450206132134,-109.14985757651377,-110.62063145117042,-108.46495886835142,-107.62556167979749,-109.40236700123833,-107.44720268314268,-109.35810451617888,2,-109.08087503702119,-109.05785723356159,-111.42925694642803,0.977204690896646,-0.4708925319259049,-0.21348079620968008
HDOK,PLOK,17472,36,36,-111,-5,10,2,29,-112.01868117427753,-108.40264443997697,-108.73451889317566,-107.4107766065159,-108.84676232896446,-110.02611821741887,-109.41771551190403,-110.80811080504175,-109.44887810041877,-107.45977516973524,-108.91863824941204,-109.09218560722258,-106.76918847318764,-109.69851406621876,-107.85683617046251,-108.33831914519563,-108.7906659966915,-108.4264736009904,-108.51657681538774,-109.66548904586858,-109.16965034612386,-109.76445292443228,-109.86142800211982,-110.92325711776884,-109.56880382934222,-107.55689538016388,-110.24883660540945,-110.31517721589282,-108.66182886001941,2,-109.12817926549445,-109.09218560722258,-112.01868117427753,1.3041468440804214,-0.2238816705932748,0.2965387992976676
HDOK,PLOK,17472,36,36,-111,-5,10,2,29,-111.20752315622045,-109.58923096131755,-107.92270656754629,-111.00955698073842,-110.14376478147186,-107.24226499251589,-110.15681062473259,-107.93161178471264,-107.81626475903242,-109.15291043058834,-109.97761992190814,-107.85064087460047,-107.96337559957396,-108.58440389214073,-110.06780669308687,-108.17154391026162,-108.54439817080191,-109.28085272139964,-109.56397628177831,-109.29233439081919,-105.93321905789337,-108.64130885793416,-109.00964281564336,-108.57067839166595,-108.85030073474552,-108.77426857986782,-108.13009710029445,-108.37598439116191,-107.31125660362953,2,-108.79539151820975,-108.64130885793416,-111.20752315622045,1.2874976153625866,-0.0010801693084412035,0.4227228144573578
HDOK,PLOK,17472,36,36,-111,-5,10,2,29,-110.84994278602781,-109.02135186950268,-109.01000114986073,-108.10976335380145,-107.45437439679719,-108.15214757085612,-108.69399413949033,-108.34729854775766,-108.62928177806953,-108.88226937155297,-106.69489190620928,-108.94645256838902,-106.6778802289465,-109.08110211158719,-108.62033616579691,-107.35958453668812,-109.14079474794548,-108.2783374544187,-107.49853930470525,-108.31005271848117,-108.09367297970633,-109.41026221990786,-108.03616456481808,-107.33945489910194,-108.91176943364283,-106.18583143333707,-108.37478858363473,-109.62883169729359,-109.46000305297947,2,-108.38617846797607,-108.37478858363473,-110.84994278602781,0.9479424294514044,0.1327495600992482,0.6278455815867181
HDOK,PLOK,17472,36,36,-111,-5,10,2,29,-112.36013020426637,-107.48163661338185,-108.19289141703646,-110.75317572534576,-109.18114460813952,-108.39861460842035,-110.38693369436899,-109.39482437994846,-107.31722738027881,-108.12389752887499,-107.1317890077906,-109.53821549599454,-108.63534521583396,-108.36352670170868,-108.19703946543761,-108.92280371416662,-107.91994481580738,-107.39464204997014,-109.1287969792635,-109.01927899663077,-108.02627746347692,-110.42796454720234,-106.93425980013795,-108.91496386839218,-108.44928041833164,-108.89678460049815,-107.51718591898013,-110.19873753608597,-109.1364222441438,2,-108.7704736206867,-108.63534521583396,-112.36013020426637,1.442265782938871,-0.9332372231528808,1.2857831484339761
HDOK,PLOK,17472,36,36,-111,-5,10,2,29,-110.96423471173064,-109.97832465194587,-107.72152460450009,-106.57345175228264,-109.15392907913221,-110.84675750333069,-108.34652934694064,-109.13078527480991,-108.61939748544651,-107.6402246140566,-108.63886109675948,-107.90242620791815,-108.61387312616621,-107.2288642256579,-109.57472752931108,-108.80962459313241,-111.27505642720843,-107.12720019642612,-108.95099887972906,-109.42155336717028,-107.96765030426495,-108.60096676374108,-108.78621158722304,-109.95649478565277,-108.11940247193952,-109.70021217175206,-110.3009041469207,-108.66782243060216,-108.77306462679032,2,-108.8755542745704,-108.77306462679032,-111.27505642720843,1.273019778294242,-0.23890138548566478,-0.14389564364349816
HDOK,PLOK,17472,36,36,-111,-5,10,2,29,-111.39732010149214,-109.18979120790442,-107.5978451078684,-109.67265039530369,-110.46460572817918,-106.6949925107191,-108.5834631280987,-107.33400765460945,-110.00805132086894,-109.86015298804678,-109.92092708489257,-108.94894639436932,-108.69490737993993,-108.7487548948554,-108.75609023441471,-109.36074119090078,-108.30240969883577,-108.54493430740109,-109.25141228989462,-109.75935695047156,-108.59890972792242,-109.66546240737006,-108.81400076092856,-108.66855904047027,-109.91290581778382,-110.8398969344983,-109.74130994413068,-107.93939381572831,-108.47180910878629,2,-109.09460717678225,-108.94894639436932,-111.39732010149214,1.0191577458050158,0.0774155280629346,0.37919542790124927
HDOK,PLOK,17472,36,36,-111,-5,10,2,29,-111.17974218689496,-110.13792083664954,-107.35195888011259,-109.16118919717361,-109.25450438190393,-108.13808227150942,-110.18338172709684,-108.80375931727097,-108.08147795397065,-109.40502782590855,-107.23308851694337,-107.68972406704468,-108.2174580142859,-107.99743561312202,-108.2972960332188,-109.99462070494329,-109.57384174963005,-105.81340357385045,-108.72873512740505,-108.61911442123197,-109.39454555841536,-109.05310072333857,-109.00723322710004,-108.11339206430438,-108.85701864744492,-108.24055872501019,-108.91212066465803,-106.56634153603133,-108.44938951891405,2,-108.63639527811667,-108.72873512740505,-111.17974218689496,1.1939841253088725,0.2699686258581417,0.9195856825334325
HDOK,PLOK,17472,36,36,-111,-5,10,2,29,-113.78302472785317,-110.13149937694814,-108.01341026742453,-110.58373388578471,-109.99026933373027,-110.00265878962924,-107.28858457922178,-110.0010048569316,-108.27534562947925,-109.33776467826398,-107.73367810340208,-108.58028840151952,-110.86055004355737,-109.7978964029021,-109.12928483676072,-109.4972842885644,-108.85656037357326,-106.14129655102343,-108.27853553954671,-108.32419786128884,-107.84108457088976,-107.63803762877552,-109.22530122745421,-108.83666267359283,-110.71157481080279,-108.48890318620772,-109.19107216939983,-109.17833246569043,-108.9567143938229,2,-109.12670867772555,-109.12928483676072,-113.78302472785317,1.9164852024915946,-0.9884817375374113,3.37226691649763
HDOK,PLOK,17472,36,36,-111,-5,10,2,29,-111.4029069594537,-109.49885182042907,-107.88247907613423,-110.11210256353108,-108.80580650253681,-110.25111421843765,-108.41936050335985,-109.8325679633584,-108.25055015345836,-108.35422463645384,-108.17273276179374,-109.20691578994456,-109.63104399820773,-108.50299576173263,-108.24290412065125,-110.04415519317921,-109.09419907042955,-108.17156620371328,-108.85737684188004,-108.26152458732943,-109.76737299707356,-109.01623893002748,-108.8683603228329,-111.55643871488942,-110.31206320069064,-108.13855429901035,-107.39037475991202,-109.17859332757922,-108.41822793509343,2,-109.09108976596976,-108.8683603228329,-111.55643871488942,0.9911461811627695,-0.7915120395359382,0.3100031776926584
HDOK,PLOK,17472,36,36,-111,-5,10,2,29,-110.10323938464515,-108.23807647335825,-107.42743828574535,-110.13603902735588,-111.3677885814056,-108.70349308474755,-108.30490037987742,-110.64647079788455,-107.81490014254207,-108.02509493324534,-109.36805117450012,-108.8303567239214,-107.80172586240711,-106.72371403587712,-107.93942016446091,-109.11168774692197,-108.72295469837528,-110.49531914342923,-109.53829071146433,-108.41910247464209,-109.6356941887675,-108.74942676137495,-108.61530106116875,-108.96291453575294,-109.72594340377184,-108.62730917545319,-109.71978120142055,-108.35801588388522,-106.86719721213153,2,-108.86136714657013,-108.72295469837528,-111.3677885814056,1.1678332190001863,-0.2009222219069714,-0.0691184379219747
HDOK,PLOK,17472,36,36,-111,-5,10,2,29,-109.98851749193915,-107.55817139601506,-109.41720886943097,-108.51161393463877,-110.53482733138124,-109.58582859466036,-107.94303176274191,-107.79321499722352,-109.31993730804797,-107.65332123475191,-108.38729207881724,-108.91801077038932,-108.01870875572877,-105.58314946591008,-108.98490737028028,-109.07376231779747,-108.30043417141428,-108.98698367173543,-109.34433018379417,-108.68100180677732,-109.12009512289609,-109.52568836147886,-108.8246999362765,-109.2174265389339,-108.59933613123368,-109.44406289178691,-107.00198012546521,-108.70138404204495,-108.31985933149537,2,-108.66685468948575,-108.8246999362765,-110.53482733138124,0.9118679366169379,1.071930906418336,2.579116114609396
HDOK,PLOK,17472,36,36,-111,-5,10,2,29,-111.99254497191696,-108.56056915347506,-108.71675327666922,-108.2845754688429,-109.74232204149551,-110.07388721873916,-107.13342474158348,-108.63659248452255,-107.75398231922617,-108.40207440380661,-110.0943798028888,-109.4177978939402,-109.51937881781036,-109.57012339706478,-108.38865114363541,-108.8361075864882,-107.62043905492723,-110.31600211883905,-107.74962806426889,-108.57808507162589,-109.15309358796445,-109.92028450661488,-108.20137515376351,-107.54497305472144,-110.01984664583524,-108.14232704065002,-108.22125767620778,-107.2311264395118,-109.77830547806943,2,-108.88275546948636,-108.63659248452255,-111.99254497191696,1.1744327393597902,-0.6429898694637296,0.6342037015581896
HDOK,PLOK,17472,36,36,-111,-5,10,2,29,-110.53827170244682,-108.35854876916338,-108.26905318935091,-107.73538877155518,-109.26820047696798,-108.81216892593969,-108.24538910035587,-110.28675705293178,-108.50365679986426,-109.79362658865082,-109.33291918104446,-108.6444770800728,-106.7158895244444,-108.3828065653125,-108.68250264876954,-107.49132672601091,-107.86356332155205,-107.21835917293119,-108.70362451786382,-108.71859277914479,-110.11478272390042,-109.10277575307677,-107.65483797157295,-108.90894261081424,-110.18657545215035,-109.38093264651089,-106.5026639413097,-109.95412521437842,-107.86524945637557,2,-108.66331064360216,-108.68250264876954,-110.53827170244682,1.0598701302403628,0.10273849540596748,-0.4390711237036631
HDOK,PLOK,17472,37,37,-113,-6,10,2,29,-111.15402257258465,-109.66676501599015,-107.86457722160254,-107.17032755237794,-108.09813622215763,-107.85126885655696,-107.25472492175557,-106.5180175301322,-105.63583691539993,-108.64933775714714,-108.05751565253563,-106.44382816195008,-108.46996369986893,-108.44405825059064,-107.93866988159779,-107.53527009316946,-108.24561428923474,-109.71852959278061,-107.99725515943562,-107.24945654376123,-110.1675616939473,-109.0360433456586,-108.80978192177675,-107.55734905220372,-108.83672941245989,-106.02637744296678,-109.1385269427172,-108.90100928628615,-109.7271808957603,2,-108.2125426167037,-108.09813622215763,-111.15402257258465,1.5126428591073209,-0.06964638687484964,0.15457233655561753
HDOK,PLOK,17472,37,37,-113,-6,10,2,29,-109.53666720199016,-107.69946507377527,-105.03934429511335,-108.83805459593101,-107.72525947975352,-108.20007992000043,-107.3516336582714,-108.11526600822572,-107.30470526598111,-108.92825840717592,-107.69332466683518,-109.24460703471964,-106.94838286247234,-107.67605537027278,-107.21999974429121,-107.3824684128771,-106.37779790161161,-108.27559788056084,-109.3250179842079,-107.18669851393226,-107.76703127706013,-109.15096560648185,-109.51103962676845,-108.53015241191048,-107.39840456900504,-107.714324119031,-109.42927909498033,-109.18192227472913,-107.78133858537414,2,-108.01838420149444,-107.76703127706013,-109.53666720199016,1.0567822887972995,0.5463434745504031,0.8293969185782895
HDOK,PLOK,17472,37,37,-113,-6,10,2,29,-112.07743686086478,-107.96016343261563,-107.17447298796034,-105.9851206027539,-107.72323475806328,-107.7204775379534,-108.675664165248,-107.04359558262313,-108.96123738628508,-108.03468377293099,-107.46419616782202,-106.7626509893413,-108.8095907702688,-109.29827296834212,-108.18396843190031,-108.00218013766984,-108.24619191789063,-107.69149521528499,-108.95711380947627,-107.52526086721792,-110.19939800169662,-108.42636362211667,-109.73222118049013,-108.15324913482098,-107.83068767286233,-109.02299098666265,-107.42750260244613,-108.75606070817729,-109.0399113660587,2,-108.30639288406361,-108.15324913482098,-112.07743686086478,1.2995299447661366,-1.07197066727006,3.051903881046805
HDOK,PLOK,17472,37,37,-113,-6,10,2,29,-111.3095817284879,-106.68536724979606,-107.18569734733312,-106.63095706263455,-108.13934835107825,-109.81782550113164,-108.01295490375072,-109.12558218788993,-107.76747030441027,-107.74555221874789,-107.9920560870309,-108.8440335153099,-105.78754280844177,-106.83808978137041,-110.40944265756345,-107.95994577011885,-107.52481908799274,-109.56922416718614,-108.9385054640833,-108.10807034848078,-108.8895523027774,-107.82269615672504,-108.54160914338118,-107.82952296993118,-108.97193884142261,-109.2182596528639,-108.88263531559545,-108.8096953809823,-107.56699375774436,2,-108.30775758842283,-108.10807034848078,-111.3095817284879,1.3352887860138223,-0.31070121762820163,0.6468201317899132
HDOK,PLOK,17472,37,37,-113,-6,10,2,29,-111.66117558712502,-108.03059574260692,-106.88661081874926,-108.03254299724918,-109.7028287070751,-106.38839232901081,-108.23141493144806,-109.42303289666694,-108.14219565902688,-108.24038670293046,-107.66842999895684,-108.1647297182812,-105.61580810777166,-107.40730113878553,-107.20416585248849,-109.01516457560027,-105.4491010483168,-108.58173812525534,-108.82861998691344,-109.15774677907048,-108.51000366286671,-107.62183200089783,-107.08684972638078,-108.38089818265112,-106.53054547396556,-107.55675589604303,-108.72466511086964,-108.02108432118442,-110.72714844625546,2,-108.10316429394632,-108.14219565902688,-111.66117558712502,1.7379499318352867,-0.3966370884596924,1.1121612103825202
HDOK,PLOK,17472,37,37,-113,-6,10,2,29,-111.20442738699116,-107.45102693174235,-106.88163388156792,-105.13642821016923,-109.51245078659818,-108.25868970785186,-107.28282161563922,-108.73484722961796,-107.84054271681315,-107.89599907396722,-108.01495675182899,-109.3422825946008,-107.45824038082407,-106.72107246143982,-107.20683424558159,-108.0153079373296,-108.95340073383335,-107.19383081897466,-109.09441733164768,-109.22690354706192,-108.49909332234176,-107.59447457904508,-107.52490514962348,-107.45228788288502,-108.32625637894634,-108.59156316037229,-107.74611472010395,-108.72817765193118,-108.94174237412003,2,-108.09761136425689,-108.01495675182899,-111.20442738699116,1.196165859902181,-0.15508730629275702,2.092840357638656
HDOK,PLOK,17472,37,37,-113,-6,10,2,29,-111.92295000427806,-106.74641551966178,-107.42495792958896,-108.00460376790659,-107.11668316454451,-106.91494209526586,-108.72039772036847,-105.68548936938461,-109.73699235740503,-106.45588860366759,-109.507288084463,-108.81827183546466,-108.59978604444399,-108.83871226599966,-106.59047924367594,-107.45882927890898,-108.81873426443802,-110.27538729881637,-108.61233807738095,-108.23900102532832,-107.75943482323704,-107.88014320404596,-109.62845445505137,-108.56574477939611,-106.60552805483199,-108.74078368504651,-108.7252882918,-108.84338310125759,-108.72149272612484,2,-108.27442762316494,-108.59978604444399,-111.92295000427806,1.6621413748756764,-0.39781217682581327,0.9426365034975182
HDOK,PLOK,17472,37,37,-113,-6,10,2,29,-111.34521908850175,-109.63677145501387,-106.76581527010755,-107.22835643460743,-107.99583341387559,-105.62893761728884,-106.45675521126962,-106.19939291287415,-108.09258755008585,-108.3187877334254,-108.5144690276682,-107.55066053688024,-107.7189164364076,-107.72606837765694,-107.27824472249436,-108.09711862310179,-109.17982841563246,-107.7597100552248,-107.85857371372153,-110.39174181827856,-109.34146061855886,-109.44036268529409,-108.886435749994,-108.7932679786301,-110.41853940220652,-107.76051102793886,-109.78382702036728,-106.43440683485224,-110.81640084991996,2,-108.32479312351306,-108.09258755008585,-111.34521908850175,1.9788675009912968,-0.25629938720575135,-0.4248883214322703
HDOK,PLOK,17472,37,37,-113,-6,10,2,29,-112.31154133207801,-108.5154552445518,-108.69318959219483,-108.17623422724776,-107.87506324520749,-107.09108931248777,-107.91100300763956,-107.07319067698108,-108.03698480319004,-106.82973395822054,-107.22501486578467,-109.49116329890386,-107.63740158428223,-107.15465828083737,-108.90103267279297,-107.55362532479363,-108.52709542952788,-108.92101257558545,-106.41381361635251,-107.2562267959231,-109.22489518843592,-107.51715705957668,-108.22631335318603,-110.03076520560666,-108.11835661366999,-108.25506646278949,-105.32882784159179,-107.01804298444904,-108.18659190640614,2,-108.05174298138944,-108.03698480319004,-112.31154133207801,1.5643854898874943,-1.1145302395924779,3.75029554464828
HDOK,PLOK,17472,37,37,-113,-6,10,2,29,-109.87187035785891,-107.58082727715484,-107.76976331460432,-107.30414373802589,-107.8829725761214,-108.12585341303372,-106.11800353316117,-108.7586468555922,-107.57190337977035,-106.72495063005496,-107.0677322028072,-109.34615882503236,-106.53949192568433,-105.49722200842056,-107.19541975147557,-106.54265267885421,-108.47721730250161,-108.74619514618179,-107.98907551341985,-109.13900323528654,-107.3230755011782,-110.12574718012664,-107.58261241466653,-107.6337798434586,-107.0367029189375,-109.11291882110602,-109.76101235247576,-107.2965066224018,-109.65956136706254,2,-107.92348347194678,-107.6337798434586,-110.12574718012664,1.370227487227486,-0.16914773323830778,-0.6186425519605727
HDOK,PLOK,17472,37,37,-113,-6,10,2,29,-109.80631631480718,-108.27228535300105,-108.10875878924334,-105.4466341594261,-107.87937282689562,-108.02084289493354,-107.69163238698896,-107.28583212885245,-109.49135178693076,-107.09379497270415,-109.61790464815681,-107.71465490725339,-109.77088633815742,-108.72847141136,-107.55034987237384,-108.40783920232982,-107.95559017706739,-110.15093110586054,-107.81507343942752,-108.3256797567321,-108.7754763910349,-108.92006670578851,-109.51904398362134,-108.10782840862875,-108.88758730587422,-107.12508772262552,-107.9583384036377,-108.37957690417873,-106.67556682701621,2,-108.25802672844509,-108.10875878924334,-110.15093110586054,1.045736258291935,0.33714851393421236,0.6565346372673928
HDOK,PLOK,17472,37,37,-113,-6,10,2,29,-108.97233811797093,-107.5196148037495,-106.94906356637604,-107.725343987038,-106.98651869576705,-108.237703289586,-106.40176697668569,-107.6020644997578,-109.23156508341184,-106.92918786543378,-108.06132875894973,-106.95677984085982,-107.3077539183664,-107.42757535532617,-107.55764339026047,-106.72521528447999,-109.24314762552032,-109.52053710673326,-108.52497902078682,-109.5800505963954,-109.21546308122149,-109.35003967503755,-106.22721783385411,-109.03177219521015,-108.59681624634004,-110.0409957965212,-108.93460715560104,-107.83240194458554,-107.50746254936311,2,-108.07575704348926,-107.83240194458554,-110.0409957965212,1.1093801948438047,-0.08326129661717353,-1.1867462465033602
HDOK,PLOK,17472,37,37,-113,-6,10,2,29,-111.32470461056592,-109.15046465602347,-107.0706069903918,-106.93240703357559,-106.99868814455274,-108.565712718775,-106.47756101795926,-109.27924408032094,-107.20208407627705,-108.20408429827808,-107.98420345592906,-107.98171521707886,-107.03576394589354,-108.3785023827616,-106.81264065935088,-108.02833493236463,-108.93446181150624,-110.07095723743575,-108.89289083053518,-108.06711056938532,-107.48134828932568,-108.5909437721839,-106.2054586032192,-106.50415758744373,-108.43453746581321,-108.44402648735023,-108.75836342339711,-107.97782024083091,-108.13615650406322,2,-108.0663776221582,-108.06711056938532,-111.32470461056592,1.2314680939968012,-0.6875638380842696,1.1766744951521644
HDOK,PLOK,17472,37,37,-113,-6,10,2,29,-111.2910712359505,-108.59645618699963,-107.29673006295477,-108.01495094341666,-108.71677581595551,-108.62830909693722,-107.98417128548807,-109.35596941051881,-108.77729504250107,-107.96523500234517,-109.39309941821104,-107.57265136131709,-108.77742510990736,-106.95547506795532,-108.02658066388888,-108.15846314426727,-109.02532759099819,-108.08955644144095,-108.61389635075808,-107.59242406613934,-107.76640688370904,-108.84310574185544,-108.82504302196145,-107.29028059751404,-108.09848069392937,-108.44869262783251,-108.38386709902473,-108.69410479326746,-107.39326079946781,2,-108.36465881229357,-108.38386709902473,-111.2910712359505,0.6821804918110673,-1.3107029599802176,4.118624636639652
HDOK,PLOK,17472,37,37,-113,-6,10,2,29,-109.56208521487761,-107.0361592112093,-108.36805836718754,-107.14678555015864,-108.96575001810457,-107.73992269074053,-108.2960576414182,-106.98208903611307,-108.268725862821,-106.42873082189779,-106.28716069312912,-107.60308306024653,-108.23526465468856,-107.52907685832304,-108.71085168398308,-108.0815408623844,-107.8156155172957,-108.74482543617316,-108.1483912641431,-107.27825650625445,-108.48887493660833,-108.64338104902811,-108.55972931097796,-109.60759069706627,-107.21540219674556,-107.70331924038233,-109.01014258472493,-107.18255213104759,-108.3983456669326,2,-108.00130237119527,-108.1483912641431,-109.60759069706627,0.6900454319662653,0.11250944819199592,-0.4166341771293385
HDOK,PLOK,17472,37,37,-113,-6,10,2,29,-110.97076946472978,-109.22574477093113,-108.8097014450531,-106.86976355173678,-107.51351356406042,-107.60410889269669,-108.64195495836661,-108.1642120529128,-107.85866929756152,-107.84519166007104,-108.26637883088782,-106.31500094683541,-108.25041666706004,-108.67232982245007,-110.73210307146792,-109.57783854570806,-108.61954795735554,-108.71658594889135,-108.8038625839606,-108.36160227289082,-108.43409746665043,-106.92897721357683,-108.41587923652209,-108.65331402032994,-107.17708010976536,-108.29215559643222,-110.40841317938875,-109.09856455844749,-109.07651113473517,2,-108.49325133867158,-108.43409746665043,-110.97076946472978,1.1034126983758956,-0.3976638252638355,0.6673031305998571
HDOK,PLOK,17472,37,37,-113,-6,10,2,29,-110.79786513944774,-106.93593876117446,-107.48497996001049,-106.7844163710211,-107.14454113576082,-108.01759937707352,-107.55073546942339,-108.20459878710068,-105.60912232018222,-109.05757275653693,-107.96751175123082,-107.8924125934643,-107.97274779538037,-107.27529907904874,-106.27337609074938,-109.49596505503828,-107.61059125046674,-106.25687007300913,-107.70171246004611,-108.21654705620129,-107.84440784929123,-108.77921628618964,-109.16001947532426,-106.68535168709586,-107.37922692243875,-108.19056267239492,-107.11081815531016,-108.7983606797987,-107.36874562687079,2,-107.77817629783038,-107.70171246004611,-110.79786513944774,1.1077241500727903,-0.5866270879066092,1.2356869279256952
HDOK,PLOK,17472,37,37,-113,-6,10,2,29,-110.84006371933475,-108.50604062031609,-106.63844297360804,-107.59207558987356,-107.43330534800978,-107.351172096697,-108.33653317849749,-106.76943814255556,-108.57000013217758,-107.67245882253506,-107.5324809978023,-108.08753704839125,-109.21846282871346,-106.84134860616845,-107.96997722548296,-108.3504375953842,-107.2772657654324,-108.29151080076515,-108.11435343803768,-107.82682199760468,-106.15114806158557,-108.52447251262512,-109.12910520576216,-108.13374417913367,-108.05254875817428,-109.19930034380164,-106.5733720635564,-107.11403721579643,-107.21199317041871,2,-107.90722235993935,-107.96997722548296,-110.84006371933475,0.9169062944096593,-0.7660394105852558,1.642120072295422
HDOK,PLOK,17472,37,37,-113,-6,10,2,29,-110.97861776729275,-107.92980716127782,-109.1799876700756,-107.54469706233897,-108.04260578471269,-108.16321688574381,-105.98957968342532,-108.31924421315952,-107.83902441191054,-106.83954335866208,-104.79485565001428,-107.38721679492791,-107.71837836808842,-107.22981699259724,-107.07127825629787,-108.57313014331825,-108.73860872705754,-108.82771545607305,-108.07102186750755,-106.60401211702927,-110.19361049131233,-109.03640283181316,-107.37090459006346,-108.78141306250355,-110.0137900523745,-108.84776474731018,-106.80414076681565,-108.42210193513276,-110.57315106002595,2,-108.13398751409869,-108.07102186750755,-110.97861776729275,1.7618323042905168,0.03441436437389995,0.5536033808106247
HDOK,PLOK,17472,37,37,-113,-6,10,2,29,-109.74700292247009,-108.78247258146548,-107.92119669228441,-106.69746353757354,-108.086360620886,-107.03858762888191,-106.9363415061683,-108.85100247985511,-108.51624666681423,-105.3795474504896,-108.27050676026666,-107.1485052953359,-108.97286996975741,-109.08839863184232,-107.07842704674886,-109.3662468876312,-108.63317957986885,-107.53810249987052,-107.02997298637095,-108.59674491150247,-109.17625438183752,-107.80295945245857,-106.53286777919789,-108.43518624702199,-108.02861775390421,-106.5849535029878,-109.20447338264145,-108.19578602230494,-108.63618318143011,2,-108.00953304689206,-108.19578602230494,-109.74700292247009,1.0518240612133705,0.5413017555446112,-0.21146727535245757
HDOK,PLOK,17472,38,38,-113,-6,10,2,29,-111.61959227384753,-109.0859835676364,-109.49059103264943,-109.41842179757028,-109.87614688130577,-111.00525455826067,-111.3244531778467,-108.54219378309345,-108.91617271330198,-108.41410865414043,-109.3256828617508,-107.8037008557979,-107.9458301154176,-109.81284515336058,-109.2798896269741,-108.26707483880458,-109.0206014896892,-108.4055337069078,-106.85642648765324,-108.84219940230878,-109.82112906296364,-109.1568056577015,-108.47031075274042,-109.11369787364234,-108.8313524760036,-109.6765310492094,-108.77658479211911,-107.95531847255067,-109.54621218975187,2,-109.12416018293102,-109.0859835676364,-111.61959227384753,1.0140148282663746,-0.5394785868262811,1.0773574238364492
HDOK,PLOK,17472,38,38,-113,-6,10,2,29,-112.81914404061972,-109.16803374468287,-109.00909375713434,-109.67774633281061,-110.87160893974789,-109.94280646393443,-109.33969658300322,-109.32771424277786,-109.95488132667032,-109.53878273778962,-110.1618444571048,-108.79934146002942,-109.21181843183746,-108.50504317368353,-108.32426126604084,-108.59783017827638,-110.50626887775665,-109.45180801235023,-110.42240891408841,-108.6894339273628,-109.98624553495979,-110.19088659589583,-109.12886161278642,-109.46819574450318,-109.95758908566944,-107.96754845609502,-109.42455268250905,-108.13980706650716,-109.60597460038683,2,-109.52376649127633,-109.45180801235023,-112.81914404061972,0.886987687364009,-1.2876993700007704,3.867293072773536
HDOK,PLOK,17472,38,38,-113,-6,10,2,29,-110.8167646425688,-106.61040815813554,-108.55757240693946,-107.6641606339482,-109.44528808893733,-108.50295110161765,-109.33661967650423,-107.32423606292936,-110.20425842881474,-107.68938905153829,-108.65795556975951,-108.06928319474183,-110.30467099861508,-108.07954397833812,-107.15046656950948,-108.0789809714713,-107.7977367397515,-109.5901899666962,-106.80420699682168,-109.38415529913284,-108.1809764185419,-108.0874445684226,-108.93731427842293,-108.98030769627564,-110.55463251320506,-110.08788450006773,-109.03032762767361,-108.65409537401392,-109.31446879847067,2,-108.68607897627122,-108.65409537401392,-110.8167646425688,1.1917296204853627,-0.09141345144502373,-0.6237641640604545
HDOK,PLOK,17472,38,38,-113,-6,10,2,29,-110.93807550650705,-108.88315754780719,-106.80434789416685,-110.57280879091776,-110.72970230284622,-109.08504666511632,-108.66310757335287,-110.87714269817178,-109.35931786505371,-108.89418418472606,-108.34053125764544,-107.4153953851252,-108.07445299900407,-110.18348297888222,-109.10080291414901,-109.64392874240221,-108.67954539584885,-107.457706404271,-109.43681854111475,-108.7634314104001,-110.3566319271091,-108.5532719853857,-110.96162979176421,-107.59999270919735,-109.59642916344306,-109.9629587320112,-109.49465202873064,-108.81984115475278,-107.6523608518369,2,-109.13450880695657,-109.08504666511632,-110.96162979176421,1.2722994721761747,0.08515753603345005,-0.6956816976937987
HDOK,PLOK,17472,38,38,-113,-6,10,2,29,-109.11124004108171,-108.55105040486791,-107.76680470102312,-110.78503360426353,-110.01795643177073,-108.64472412828462,-109.44048527847897,-108.86775595635928,-108.38536447991694,-108.12353244743737,-108.55543332957153,-108.52541629196082,-108.80111851331556,-109.29848475971853,-106.36014400233483,-109.53836650700777,-108.43117968859254,-109.35718198312647,-107.47781006349439,-109.15273078575237,-109.14712364681924,-109.4659467028554,-109.0916404833383,-108.59136011381585,-110.08893911078447,-109.59272379654168,-110.73236442267182,-108.51001549530744,-109.04066431957244,2,-108.94664108586431,-109.04066431957244,-110.78503360426353,0.7984210927921128,0.39988670904081375,1.646788417184529
HDOK,PLOK,17472,38,38,-113,-6,10,2,29,-110.33350365138787,-106.93640561677148,-109.26499648969147,-106.79534665749287,-111.45275351534039,-109.33540121298344,-108.71504296268523,-110.69296442999459,-108.84875637292045,-107.91496507722657,-107.54702275700812,-105.97776029661293,-108.11813848278665,-110.53655510412928,-108.4455877300432,-108.09426830708135,-110.08486233819407,-109.16761897614396,-108.65230628849007,-108.84957385922085,-109.36661911545316,-109.31281094573896,-111.04581748590014,-110.40147493452,-110.22945366733187,-108.35043867939791,-108.85450659864834,-109.14701904330606,-110.4018932902753,2,-109.06461599609574,-109.14701904330606,-111.45275351534039,1.6657119514501393,0.3354638392214439,-0.09941902102095135
HDOK,PLOK,17472,38,38,-113,-6,10,2,29,-110.333115920424,-107.43922948672206,-109.05132616610722,-108.1942027956208,-108.8405434229611,-109.90064911826497,-109.25869805864208,-107.7638686965108,-109.67411552341505,-109.46409492916759,-109.27120493177762,-107.78944863871394,-109.63245737127427,-108.25843116503066,-107.92054150264849,-109.01403150193221,-110.82783514177547,-108.96487778824171,-109.82037914842319,-110.6452723395024,-109.44202877697367,-108.87421563449621,-111.36720066725255,-109.20076079002114,-108.94530894521955,-110.30862524316413,-108.05796256480608,-109.594108073289,-110.12655112931192,2,-109.24072708523069,-109.25869805864208,-111.36720066725255,0.9221595698257703,-0.07953493307106146,-0.3752168645469256
HDOK,PLOK,17472,38,38,-113,-6,10,2,29,-109.81305221633453,-107.69178286302314,-108.50525330323143,-107.7962567708914,-109.16025777817299,-107.99756776110964,-109.61667754223464,-109.36351159912009,-109.38949090508537,-108.21816944596249,-108.54826337307438,-108.97811289214586,-107.42038659385096,-107.70667128050455,-107.9845206977114,-107.09323440566217,-109.65097636536261,-109.22835056052291,-110.35741564243168,-109.9014777158344,-109.37936514930585,-109.8323892183462,-109.90996015086928,-109.91901577130947,-108.81831783321206,-109.20844719481886,-107.28181904089901,-109.46376365940458,-110.20127951354243,2,-108.91157887048186,-109.20844719481886,-110.35741564243168,0.879729819443456,0.42556785946597375,-1.0677424517877059
HDOK,PLOK,17472,38,38,-113,-6,10,2,29,-111.41059964053042,-108.60944260059419,-110.35202493059505,-109.36674567105213,-109.41486118112772,-110.39152468220266,-109.68494913833361,-106.27581796667243,-109.91939468421033,-106.63447506381904,-109.43537810138425,-109.0740145717016,-109.1310544807662,-108.15874857046477,-110.2492871569322,-109.14967933143198,-108.35152550180511,-108.7833245193952,-108.22021391725212,-111.83154417596685,-108.99710832669143,-108.716909050634,-108.54301999961751,-109.06094352567465,-109.58729561414327,-108.58123708084537,-108.19798946498895,-108.6493096023744,-108.27333277135476,2,-109.0707500456056,-109.06094352567465,-111.83154417596685,1.3077254737394626,-0.031083262018481033,1.365540636978801
HDOK,PLOK,17472,38,38,-113,-6,10,2,29,-111.59915104393515,-107.88314868721403,-107.633269372103,-108.43908607527754,-108.23624138128564,-109.22594289828841,-108.46765267004209,-107.27318060780159,-108.31454541736562,-109.40205244165803,-108.6467684499289,-109.10002972701528,-108.32928164826673,-109.11895129377767,-108.6590836182932,-109.60008940227942,-109.72293149957677,-109.19946744939365,-110.32459116989924,-109.49225340618408,-107.63093956146899,-107.83549862265828,-109.08810571836058,-109.64866853718988,-108.99572228430866,-109.35515317318674,-107.69260069783147,-108.83179207932392,-109.54324481197425,2,-108.87204978434096,-108.99572228430866,-111.59915104393515,0.8170377920495364,-0.6582216964722425,1.419642304240457
HDOK,PLOK,17472,38,38,-113,-6,10,2,29,-111.6835466996033,-108.73062532814576,-107.71093218342112,-108.58836903887573,-108.22665315413711,-110.09528161753101,-109.18642263966419,-108.1709697597619,-105.74377988571418,-108.4519773536019,-109.38069210782717,-108.61380337904338,-108.51913869151421,-109.85026198201524,-105.98540471583229,-109.13110450330664,-109.7596701958088,-108.20387196496839,-109.27993432490372,-108.99321963782077,-109.68143788836804,-109.13512579465257,-108.6628576910138,-108.10861339912982,-109.53363356828125,-110.64529692720984,-109.16204219560535,-108.63072159952425,-110.02038694454578,2,-108.89261293695961,-108.99321963782077,-111.6835466996033,1.3594042890588502,0.6042032353933012,2.2030760138286047
HDOK,PLOK,17472,38,38,-113,-6,10,2,29,-109.90256147740014,-107.02351358558015,-108.37618247552666,-108.82320130538662,-109.44572814623635,-109.79122132787245,-107.60628206845844,-107.79638970108219,-108.1234406643752,-110.02517594654255,-108.57063016555905,-107.64985988564709,-107.80685095505464,-107.46296927040476,-107.8854048121956,-109.62761303907449,-111.3482211728903,-108.51622440584619,-107.92190782474016,-108.09688454646455,-108.73539794587361,-109.4625911531383,-108.70756824618978,-110.01620289147093,-108.30193956758397,-109.16331309111946,-108.90878523997364,-109.05206768586152,-109.57242602950907,2,-108.74898464231232,-108.70756824618978,-111.3482211728903,0.9227552551895117,-0.521707012398033,0.19730522379070115
HDOK,PLOK,17472,38,38,-113,-6,10,2,29,-109.82090008604109,-108.82572046570166,-108.18421664658152,-111.41372349891654,-108.54385497551989,-109.95300113087545,-109.52936673262133,-107.76631118215238,-109.5021767557574,-108.49599649094128,-108.98597678156533,-108.683202622829,-107.38097958673711,-108.74613519026079,-109.50736591777843,-110.48102436526628,-109.92590643505586,-107.02524287742652,-109.63447747328925,-109.56234704464546,-109.68975323112952,-108.0155136574322,-108.78073172828952,-109.53810937589196,-109.04658414477869,-109.65640127421969,-109.12993976175387,-110.24983614048078,-109.25789442399665,2,-109.14940310337707,-109.25789442399665,-111.41372349891654,0.8464542658918669,0.16843997926238513,0.6193595191445658
HDOK,PLOK,17472,38,38,-113,-6,10,2,29,-110.8227191859494,-108.66161813726269,-109.91732204192168,-108.42854161164206,-109.28413414657383,-109.27237968921234,-110.30108925591293,-107.18907949719024,-109.90974045509074,-109.30239334029889,-109.5611763611304,-107.39770567737774,-107.91786355308238,-109.00921483437152,-107.83832096345658,-109.73962534034625,-109.43576922509715,-108.3295783110187,-108.68378238767791,-109.63322925068304,-110.39796035002445,-108.20219333351291,-110.18713889077846,-108.7785105205828,-109.32203821192981,-108.8766402547265,-111.21146403164575,-107.51093085597775,-108.73494341012842,2,-109.09852079740011,-109.27237968921234,-111.21146403164575,0.9933137838713881,-0.007252173705625611,-0.4194641031842412
HDOK,PLOK,17472,38,38,-113,-6,10,2,29,-111.98339604047428,-110.84787844898354,-108.16034413173342,-110.3558230837658,-109.67205711830496,-109.57220871428078,-109.31652112542099,-110.6360542657243,-107.78988222376404,-109.09297766837119,-109.7601890207195,-109.72484974177884,-108.40127142684584,-109.64114872531583,-108.147218627847,-109.02164085025876,-109.11541569641274,-108.49591502714634,-108.8094941691544,-109.20886221466485,-108.48079159198464,-109.85284050341154,-108.83282737058902,-109.48245237740443,-107.84391968820617,-110.00319512093091,-110.53401351617335,-108.87790410339842,-109.97100746909442,2,-109.36662414007449,-109.31652112542099,-111.98339604047428,0.8913435045309027,-0.5507763150218559,0.5824118406717944
HDOK,PLOK,17472,38,38,-113,-6,10,2,29,-111.73146410653814,-108.86937615765997,-107.97798898727355,-109.41281807199691,-108.36365338989894,-109.88674472273907,-108.33459715244149,-110.19624649597425,-107.43924326702427,-108.59151451937923,-109.22286655940876,-109.54410574735691,-108.9164874322296,-109.09203404574558,-107.52599281092614,-108.9110062912454,-109.63022366376815,-109.82648811793884,-109.34593603765524,-108.81978492570266,-110.64124643398475,-107.31365126435534,-108.15746077180502,-109.26622343456884,-107.74994929313252,-108.86062955341525,-108.18291961693285,-110.04208423809906,-110.07282164164158,2,-109.0319158189944,-108.9164874322296,-111.73146410653814,0.9969016577119767,-0.4141815795912012,0.4212886556782487
HDOK,PLOK,17472,38,38,-113,-6,10,2,29,-110.03458197840402,-109.31668326369527,-109.20726091828416,-107.45170461700684,-110.05490993556779,-108.93704454798456,-109.69317906221919,-111.16526073551373,-108.86805186259139,-108.44014592038135,-108.51794807814713,-109.0306138700986,-107.47844399577232,-108.527540420301,-109.06812735158928,-108.4029819842305,-107.10795019774443,-107.53641743185268,-108.73375164057724,-109.07814552860066,-109.55312911271307,-107.10990157752725,-109.38406378380665,-108.75810292689381,-109.67740817917866,-108.76581127524386,-110.68633469782138,-109.04479229438606,-109.13499569978946,2,-108.9229407892387,-109.0306138700986,-111.16526073551373,0.9120308317134956,0.011668605735553929,0.30074293731522017
HDOK,PLOK,17472,38,38,-113,-6,10,2,29,-111.42130429029669,-107.10203454634868,-109.73438826848219,-108.45819883431263,-109.92173085531914,-109.91181487593958,-108.85737624499622,-107.7726024279901,-109.67789676353766,-109.57236491593163,-108.81242576304163,-109.077906635841,-109.73220327763399,-109.71674103011915,-108.96437713415044,-108.89025166639266,-109.89033844023747,-107.87283500177588,-108.77577517077609,-107.38234560521823,-110.95432988149005,-107.89808834884892,-109.0731645167698,-109.8189294628249,-109.61841130335053,-108.65267507674575,-107.39475791729272,-111.00878176256333,-108.80349206084317,2,-109.12991524410587,-109.0731645167698,-111.42130429029669,1.1207372885865228,-0.05116078733268585,-0.170456020734429
HDOK,PLOK,17472,38,38,-113,-6,10,2,29,-109.5547487003941,-106.24682534533275,-108.79472630928933,-107.27413848688364,-109.92103996423712,-108.8067518730102,-109.91744429901017,-109.47468355833108,-108.25769758396318,-109.95271237771563,-107.62277840700133,-108.63554325074594,-109.04102105125867,-109.15006230125782,-108.50926239142863,-107.37177271865208,-109.38491563117711,-109.90369254204327,-108.31561814925914,-108.12860694199539,-110.46998312022521,-110.13170773879901,-110.16658403186459,-110.00446382576528,-107.65466750894052,-107.63749604990636,-108.72209486386,-108.06378723771128,-107.31228947235262,2,-108.77334881835904,-108.79472630928933,-110.46998312022521,1.1464900336785835,0.3397239069272162,-0.6729475875345066
HDOK,PLOK,17472,38,38,-113,-6,10,2,29,-111.53826757860074,-108.17668314702372,-107.53684964204291,-109.80442838765622,-110.00032299688138,-109.79362165294995,-109.07829982918138,-107.42119320382685,-109.65057764613599,-110.22619278016452,-109.22015079127054,-109.55653761251311,-110.48446096793113,-106.87328810292055,-108.58381187914777,-109.31010829587426,-109.96863181004585,-108.2726414365799,-109.16862162328337,-109.60104228558976,-108.52768274728774,-109.80759505761418,-109.20637208861842,-106.96888819720235,-109.32630740499181,-109.45668842091467,-107.72004316547915,-110.11673622415344,-109.62887635399362,2,-109.13879039068537,-109.32630740499181,-111.53826757860074,1.1467687753716593,0.43834298789184317,0.10300798109178988
HDOK,PLOK,17472,39,39,-113,-6,10,2,29,-109.65551744786231,-107.62717001946042,-110.09066866853632,-107.48347929837594,-108.13584547950329,-111.01599803187524,-107.63141038724295,-109.28061697844007,-107.52709547659968,-108.26103582619628,-110.34997353895638,-106.93370676253745,-107.96735065445422,-108.18433681623284,-107.38394704306882,-107.77165392918717,-108.40900892295465,-110.09666982784668,-108.49354513358097,-108.92164378962987,-108.34580528731523,-107.01141456689585,-108.1475418423594,-109.2256227306286,-107.90645532950595,-108.9147542501638,-107.07554788691353,-107.76970448954225,-107.44465249008397,2,-108.3814542381362,-108.1475418423594,-111.01599803187524,1.101545199050298,-0.8544287101786171,0.020075566274958767
HDOK,PLOK,17472,39,39,-113,-6,10,2,29,-111.70696444306428,-109.19261014003398,-109.02267350354032,-107.58618542582632,-107.01853468519843,-108.31493456846529,-109.82241644041754,-108.85394327344413,-105.76733700738285,-107.84399515719007,-108.81265280686975,-107.67644720410476,-107.71451373294258,-108.34669921234439,-109.18235565012142,-107.89368100720267,-108.7309735628071,-109.33470574135308,-107.2617445571701,-108.8603564146565,-108.0478317124224,-109.04036738535447,-108.17183825013495,-107.24745527183423,-108.3988573021531,-109.4447402078953,-108.8563694280591,-108.35087968481156,-107.80796914563979,2,-108.42448389387724,-108.35087968481156,-111.70696444306428,1.106030428641638,-0.4637542302547783,2.778086742465016
HDOK,PLOK,17472,39,39,-113,-6,10,2,29,-110.52583491278533,-106.97555434009068,-106.73160825645725,-108.0007380652305,-107.40863897582025,-108.19299424566513,-108.6308985036912,-110.00805540749195,-107.06115546791621,-107.85984881029965,-108.39580518117216,-107.79741494366553,-107.5983917169011,-107.08454756112428,-107.29663596154013,-108.3426076605222,-108.13151042795742,-108.6484522225141,-110.52638825388127,-106.4784345957729,-107.09318672465406,-110.35208229789595,-110.69210602454099,-108.14875816644205,-108.05190520742336,-109.88524363917597,-107.10498247702586,-108.10373104584106,-109.8539940451792,2,-108.30970707374748,-108.10373104584106,-110.69210602454099,1.5293000795015013,-0.6577092005944639,-0.7082263836042095
HDOK,PLOK,17472,39,39,-113,-6,10,2,29,-111.3370465666387,-107.35717601688253,-108.76291815850666,-106.6252402904229,-107.95422974691532,-108.17086349903336,-108.12488730912854,-106.78444240381388,-108.09251922604719,-108.92750586542974,-108.15517043269529,-108.78991289557483,-107.89358331468493,-108.89139250518045,-109.01594931202393,-107.74580092372216,-106.43513308355148,-107.35557456783269,-109.31545203581865,-109.40053947907356,-107.88996811462083,-109.68263237859752,-107.3124983398351,-108.01836315212259,-108.14815211975407,-108.9596840135457,-109.55216424667955,-107.1711510045071,-107.43941398738549,2,-108.25204706862154,-108.12488730912854,-111.3370465666387,1.0809859053914759,-0.6819577395750754,1.1791995820176662
HDOK,PLOK,17472,39,39,-113,-6,10,2,29,-111.52118736043444,-111.01075409777916,-106.90703552631359,-106.76096496791828,-107.98826305395518,-108.31364098183387,-107.8129939366125,-107.77278880081187,-107.99791730983485,-107.72067463393462,-107.37320445614783,-108.3376459180016,-107.91096254764766,-108.22388821330372,-106.93979248214247,-108.05114066758829,-109.46388980989862,-108.26757216186229,-109.63678069271303,-108.16906983259165,-108.36893596589188,-109.88741822775374,-108.52949117106449,-107.22955992355362,-108.02828039615837,-107.43202783454016,-107.47833117175601,-106.821597807709,-108.24775740856639,2,-108.2139161158041,-108.02828039615837,-111.52118736043444,1.253827750410692,-1.4202415203095324,2.193672099959391
HDOK,PLOK,17472,39,39,-113,-6,10,2,29,-108.32991989860022,-106.4844782941127,-108.89349407742739,-109.69706210690741,-109.03404087330577,-110.34431886876153,-108.32440398970088,-108.03874375278137,-108.36876432856317,-109.09502186304584,-107.16901588087553,-108.15280626454685,-107.60485764575752,-107.29287653131288,-107.13251198862056,-107.72051332222678,-107.54334289680945,-108.85402370796636,-108.13727579729861,-109.29420219357947,-109.14412844598316,-108.21034482572034,-107.21457999155875,-109.87792152627202,-107.5572501205359,-109.03422503574605,-108.15462109562762,-108.99084990361101,-106.07354933158962,2,-108.26790153651191,-108.21034482572034,-110.34431886876153,0.9765931113188604,0.08473814802324123,-0.2244551014612517
HDOK,PLOK,17472,39,39,-113,-6,10,2,29,-109.50301772880748,-107.84453195618408,-108.54918011750067,-106.74358753956056,-107.01344359099504,-108.8945605611419,-105.80204074300269,-107.73930062928855,-109.70019253147116,-111.00618015493907,-108.20389746197034,-106.93206740441231,-107.44248296785366,-106.44609440407733,-110.0302185310238,-108.22128816342719,-109.34876283071125,-106.54397864056368,-109.91260673456567,-106.10278320779366,-108.2917699456487,-107.8797213350755,-109.70073587231387,-108.29573248316625,-107.31709551233944,-109.12930926862582,-108.13006753622422,-109.57698194934395,-108.33149298262228,2,-108.2287283718845,-108.22128816342719,-111.00618015493907,1.6536676057286996,-0.04022387612769272,-0.6323046624844828
HDOK,PLOK,17472,39,39,-113,-6,10,2,29,-111.83262919138969,-109.60025746356648,-109.29855532295711,-106.47155007100557,-108.68582152363524,-112.0918470925359,-109.36274088014531,-105.10065542314415,-108.469826152649,-106.82371975596253,-107.99575808712228,-109.37865188631835,-108.15109476717099,-107.9826418394588,-107.08828536577188,-107.55875136021577,-107.79900673138802,-109.67242495864807,-109.40242430993065,-109.43913993433662,-109.1544949035658,-108.01800138516187,-107.8111298501278,-109.02028218300623,-109.73152385230445,-108.30717729150348,-108.35829260086763,-106.374774174052,-107.06653340195368,2,-108.4844135089619,-108.35829260086763,-112.0918470925359,2.155757462711279,-0.2906264989630128,0.9876708615404364
HDOK,PLOK,17472,39,39,-113,-6,10,2,29,-111.56895468569431,-109.1926478125686,-107.35715630051445,-106.8230121254127,-108.27516243476153,-108.6254156860859,-108.34306168101739,-109.64514023946215,-108.09605776043888,-109.09745901295655,-107.69160306871713,-108.38593192433893,-105.70302112106097,-107.17033143201117,-108.29653584462429,-108.52142737984605,-106.54473386700572,-106.4644907485582,-108.19910706415436,-107.65716469575028,-109.79644762144355,-107.44515817492753,-108.31087170430976,-107.8023489156183,-107.193497920957,-108.5847171409227,-107.63002108175813,-109.61472491583413,-108.09068096156997,2,-108.14230632145932,-108.19910706415436,-111.56895468569431,1.3273261996027343,-0.596856762064487,1.6310318192636655
HDOK,PLOK,17472,39,39,-113,-6,10,2,29,-110.71454213384862,-108.86984935344952,-107.93429938151932,-107.96156288733496,-107.38060314453946,-105.91511580281269,-108.18189963167087,-106.48179701942884,-107.23779487520773,-107.45222270597088,-107.44480936173792,-107.63564695763432,-107.4698263292191,-107.73906015577296,-107.19120286363918,-108.2386478926704,-109.4682024161471,-105.75606437550498,-109.64079522451803,-109.3006640861976,-106.34217944906196,-109.1437772364374,-107.85617401497743,-109.1987212114151,-107.85286459461604,-108.15267293497493,-109.6500538090612,-108.06618781978204,-110.11822728810722,2,-108.08260223990546,-107.93429938151932,-110.71454213384862,1.439031950195811,-0.15055109679573805,-0.2580644019048779
HDOK,PLOK,17472,39,39,-113,-6,10,2,29,-109.14991193007259,-108.33442470333706,-108.56870255150446,-108.45410455559059,-109.25878530552913,-107.25618436605102,-107.42738139606372,-108.13782008138863,-108.90635592286846,-108.74196823746858,-108.37978634858138,-108.83351635542893,-105.87054825638766,-107.92585550597067,-107.01700095946059,-108.84265875753874,-108.44389507551662,-108.35391190558047,-108.17181525594968,-107.41564912729677,-106.27654400165972,-109.77356601268085,-108.85294147137667,-107.18962059686581,-108.22536337594137,-108.25213757592789,-108.29435178886996,-107.76792741123535,-107.70630391558647,2,-108.13203561199069,-108.29435178886996,-109.77356601268085,0.7208538889379278,0.7631790885682621,0.8399151462305903
HDOK,PLOK,17472,39,39,-113,-6,10,2,29,-111.28691175373609,-109.05459428525924,-108.44727016313131,-107.65756630008049,-108.84281285355236,-107.66164206688069,-109.06761384924644,-110.52576234814646,-107.61290982750812,-107.16781725517863,-109.26796960910445,-109.30975948045447,-106.76921169071232,-107.37272871484473,-108.32452737360293,-107.3017778000718,-107.34011945243604,-108.6674251422876,-108.11497247105554,-108.31034299489704,-108.54242314116541,-109.24042985916978,-107.40935682025827,-107.95275327595073,-108.910330710873,-107.40880336160393,-107.1696321941505,-107.42993193259423,-109.59155248872567,2,-108.33651549023025,-108.31034299489704,-111.28691175373609,1.0986277671803406,-0.8947738757185009,0.7486023879306738
HDOK,PLOK,17472,39,39,-113,-6,10,2,29,-109.57695096750795,-108.57137673300728,-108.1571698229549,-107.72599127414964,-107.72270399123192,-108.76478353993349,-108.39678486024094,-107.36016405042238,-106.20488750078249,-106.9348767405403,-107.58378689423645,-108.63802753548133,-108.89906509822184,-107.21000608222816,-107.73217538865592,-107.93828695409542,-107.00614336327611,-107.23444801673023,-109.00756571645935,-108.76500072220304,-109.14344073506288,-109.46967429569631,-108.94629691756366,-107.84200716584203,-107.48409708724402,-109.4731389324687,-108.81585130278557,-107.49302941272866,-108.72794068579685,2,-108.16640247543272,-108.1571698229549,-109.57695096750795,0.7322315516316161,0.20887633701472733,-0.7311679439718399
HDOK,PLOK,17472,39,39,-113,-6,10,2,29,-110.23224068341183,-109.1483184492053,-107.994849804846,-107.09995405799005,-108.63664533651936,-107.88577109614303,-107.33187289395602,-108.11717788773566,-109.00420275215014,-106.53184495491155,-108.60213866203264,-107.91945166476948,-106.66967755234867,-107.28808557908062,-107.84361670427003,-108.44352193062373,-106.52325134484595,-109.70006056244831,-109.13212050999766,-108.66637880362141,-108.22697684868501,-109.32312143518654,-111.05128235622436,-108.26587880652912,-109.15749051264332,-107.39205472830986,-108.95040199836107,-108.5324589063021,-106.69327884661408,2,-108.28841812654355,-108.26587880652912,-111.05128235622436,1.1790375556974984,-0.3218191054543323,0.12028396136881181
HDOK,PLOK,17472,39,39,-113,-6,10,2,29,-110.85368145087315,-108.19214493374824,-107.36891657234719,-108.2779191143742,-106.7318593053563,-108.05785701522797,-107.29173311132628,-107.11211714563002,-107.67079552948283,-109.69456118880484,-107.11238937560985,-108.49831962867444,-107.92406515880863,-106.8320745394629,-108.85243714242567,-110.07418065237206,-108.59541324355312,-107.67655630538798,-109.08265882463267,-108.48096436614328,-107.86482022575248,-109.2337464874358,-106.29158053844442,-106.418844254898,-109.47934257409861,-108.3821840561864,-108.14476649490159,-107.72484862937907,-109.58500568993213,2,-108.18985460535413,-108.14476649490159,-110.85368145087315,1.196279353878678,-0.38715229015854774,-0.1371531418270977
HDOK,PLOK,17472,39,39,-113,-6,10,2,29,-111.61162893040263,-107.93754600922891,-109.21195041904646,-108.92975160287737,-108.23744508293474,-110.47223311964042,-108.33756582883318,-106.91851378501929,-109.37643185285205,-108.72643592687217,-109.52661027832006,-105.5431539321227,-108.8807218142498,-107.75792662675269,-108.01270889704558,-107.00705793179483,-108.01349174984648,-108.21406802403585,-107.50220921288779,-108.55987701068148,-108.24306525721857,-108.01127601341307,-106.6508525915199,-108.59008083502546,-109.11147089947238,-110.20226304936469,-107.95459816756426,-110.03377157246182,-110.48558109264283,2,-108.55380301772855,-108.33756582883318,-111.61162893040263,1.5787772415829364,-0.14044035537983177,0.6073870901195915
HDOK,PLOK,17472,39,39,-113,-6,10,2,29,-110.01475037621542,-108.96527534504216,-107.92848747971205,-108.22618545406979,-107.54579391737157,-108.09897270173704,-109.1332877434282,-109.30704423209752,-107.07675430848703,-107.51309507857525,-106.84839569820936,-108.31027515121893,-106.43047657244993,-107.36615000180703,-108.20904198961034,-106.42025758655467,-108.67823195337357,-107.60790993485239,-108.30410203731397,-108.22154653561982,-107.31450436759623,-107.7781516710321,-106.57704441291848,-106.99193757503515,-108.15671845128459,-106.3791394928969,-108.32171715059718,-105.64884203390433,-108.2848219449484,2,-107.78134176544685,-107.92848747971205,-110.01475037621542,0.9470905277956565,0.023396069319151967,-0.0574583462386582
HDOK,PLOK,17472,39,39,-113,-6,10,2,29,-110.71508415860005,-108.21855969431384,-109.88743019970782,-107.05085030408266,-109.38521599450651,-108.30211953136904,-106.89769683489803,-108.27143510087527,-109.22621166247151,-108.5179117075969,-105.8313761008009,-105.40303115944702,-107.30477523280592,-109.10886355182589,-108.21527096642735,-108.13342537838525,-108.01607558684485,-108.72357348549107,-107.73341853649771,-107.80204656274675,-109.00057197864018,-107.34376164425767,-108.42582314211778,-109.44529941834428,-107.5530516812652,-107.17711645867419,-110.55734572244826,-108.80232167372618,-108.97228390555918,2,-108.27661887499059,-108.27143510087527,-110.71508415860005,1.4241610188861078,0.2277649160792272,0.4697282841098729
HDOK,PLOK,17472,39,39,-113,-6,10,2,29,-110.42094159491052,-108.88769875804502,-107.83442151241022,-106.17742653124911,-107.35873708229155,-107.74441730724924,-109.02361445292362,-107.36374942185525,-109.05369316852845,-108.96568989718835,-106.93526785290494,-108.077281428199,-108.75890978665792,-107.40681477875157,-106.90921113454266,-105.46904846853566,-108.35802998278739,-108.46947709039144,-107.49197083809398,-109.99927323380686,-108.49421617967086,-107.00957492608339,-111.16772747322163,-107.50729283280414,-107.84511842669637,-108.13170529679384,-110.01313054087035,-109.58323688771704,-108.30704805381843,2,-108.23326637720687,-108.13170529679384,-111.16772747322163,1.546768822849365,-0.23019800755490588,0.24104688248802963
HDOK,PLOK,17472,39,39,-113,-6,10,2,29,-111.62099993458617,-109.32408831801304,-108.82877182612302,-108.20955190487656,-106.34291866639349,-110.03018812741092,-108.50769749310874,-110.80557878765802,-109.86616379324902,-106.95757469173067,-107.9854296661241,-108.86094130097261,-109.91432907674994,-107.86644793726818,-104.60878327768447,-109.34029761028143,-108.59747837180632,-107.48482022287071,-106.64426343315797,-108.42447161384803,-109.7216626196852,-108.24396240075536,-108.88625890933334,-107.82038135912077,-107.03381987703193,-107.42023883342014,-106.46298835379426,-106.26991226446737,-109.02055422416198,2,-108.31381292743735,-108.42447161384803,-111.62099993458617,2.212929702672223,0.1531501628874996,0.3030006796392031
HDOK,PLOK,17472,40,40,-112,-6,10,2,29,-110.08635468769151,-110.77903863113013,-108.13268081556986,-107.45987306347938,-110.23054706117006,-109.41988078811455,-110.07745882100933,-108.37427315913128,-108.81242726873623,-108.34629262299072,-109.5020233210849,-108.28985566491104,-107.69087309212402,-108.26575887627875,-107.65291476161627,-108.8040879915686,-109.15471675610445,-109.28558139376712,-108.75015731379438,-107.96062333064089,-108.0233474377864,-107.93300208104993,-108.07275726204047,-107.97647535610454,-107.69966447852718,-108.71378349936444,-108.68812948396491,-107.8071385811812,-109.72543831977823,2,-108.67983296278314,-108.37427315913128,-110.77903863113013,0.7631599389257268,-0.734487829486241,-0.36330377384357115
HDOK,PLOK,17472,40,40,-112,-6,10,2,29,-109.90053601966478,-109.70849586090945,-108.48435665779381,-109.55624363997671,-109.82133295625546,-108.97858879666364,-110.26531160903767,-109.29315309523678,-106.80933806835205,-109.5552182271607,-109.56108781186443,-109.53207092408854,-109.6531642473272,-108.84578123854197,-109.34485466718598,-109.34618719692381,-108.31478756346615,-109.67580187064455,-109.77418044279266,-109.39311983526058,-108.45427681993749,-107.30536273788027,-109.4064354368011,-108.5694842441962,-109.50422762419323,-109.6887114739899,-109.75956979130325,-111.32815481364581,-109.008232903178,2,-109.27027815773353,-109.50422762419323,-111.32815481364581,0.7052511584132998,0.8666985852682434,2.7021043061141428
HDOK,PLOK,17472,40,40,-112,-6,10,2,29,-109.2336146467727,-109.27819958972964,-109.15065174589384,-108.69968064539327,-108.3098791485694,-108.73988633690053,-107.96239075209756,-109.45279042783658,-107.44795374076666,-108.27448080941184,-109.28035917819206,-109.35783532544794,-106.86213967588508,-109.29624169293265,-110.32911064341732,-108.38418521463225,-108.31128278641737,-107.75855519521397,-108.6993913905628,-108.5130676958614,-107.84695081480741,-107.36761759383147,-109.63508379595945,-109.40449246276295,-108.23374115711182,-109.29829318451718,-109.40060663270066,-109.24182320880305,-109.25530506622141,2,-108.72502105374657,-108.73988633690053,-110.32911064341732,0.6099272766424032,0.46758967526380496,-0.14503969639493386
HDOK,PLOK,17472,40,40,-112,-6,10,2,29,-108.57662294108943,-107.94216170106715,-108.29416856671989,-109.79461342686817,-107.54875010835552,-108.00562685806858,-109.46211775303253,-109.06682410721118,-108.88115453232841,-111.0617038990357,-107.53618351012581,-107.10930989500304,-107.82039980456868,-109.05835752352549,-108.09649385500488,-107.47614529381632,-107.12299243173774,-108.8089538291688,-109.25109510108419,-107.63774105888251,-107.77114871380806,-110.07801991616519,-108.3222174279548,-109.89653709105899,-109.48045502724399,-108.530907653799,-108.56644057121083,-106.28564612531888,-109.55632350775966,2,-108.51859007693152,-108.530907653799,-111.0617038990357,1.0781145061890844,-0.22961288765614696,-0.004438049108937303
HDOK,PLOK,17472,40,40,-112,-6,10,2,29,-108.79768695949114,-108.36336695663782,-107.95151534611709,-108.90412752486529,-109.4881529292228,-108.80318685300139,-109.98761883270812,-109.12312830315386,-108.69736126021927,-110.42123693637672,-107.85377664007117,-109.20976931548678,-109.08644884937954,-108.51568204315586,-108.43083370265789,-108.92540665182636,-108.62891739223377,-110.33333057546903,-109.08681811539445,-108.11608274215314,-108.34069946627613,-108.79238207680172,-111.52941724031857,-110.23645993377302,-108.61175836878179,-108.91131215330147,-111.23682119986604,-108.9565834185973,-110.04177151194659,2,-109.15109149307877,-108.91131215330147,-111.52941724031857,0.8123864498521332,-1.0732614998112697,0.7480355562613066
HDOK,PLOK,17472,40,40,-112,-6,10,2,29,-109.60382536430318,-108.97434874381386,-107.5976311866861,-110.05413169297194,-108.90863645343163,-110.72264441689558,-108.33456549100686,-108.65751107056288,-110.67337916210836,-109.38638961197478,-109.7417799782602,-108.18644750249413,-108.97094409757064,-108.90122655452438,-107.23907105661016,-107.26351118905676,-108.35148216093305,-108.4051159611219,-108.45628216689639,-108.3143899054845,-108.7190497512778,-108.66673073321098,-109.25958226362906,-107.61020746586499,-108.67543398612779,-108.14432034649441,-109.02809591410022,-108.81463796300285,-109.43442446080702,2,-108.79640678107663,-108.7190497512778,-110.72264441689558,0.7191696825361135,-0.35988624245570555,0.33425305258553983
HDOK,PLOK,17472,40,40,-112,-6,10,2,29,-109.75781604464602,-108.09950122285643,-109.26237410112053,-109.60755315753394,-108.27678140588746,-107.2345127393825,-107.99050063877806,-107.98857599976965,-109.20545139330513,-107.937958633807,-107.42735708058567,-109.14448714468995,-108.89587639193547,-108.75203574386173,-110.7899400810248,-108.7959030800287,-108.69251894111227,-109.53163024295229,-109.2375552694642,-108.26776651943447,-109.4239156956058,-108.48217106393149,-105.73800687063682,-108.72609662124592,-109.50000583265013,-109.34316337858286,-108.27131505147875,-107.01185067334866,-108.92552688772261,2,-108.63166027266828,-108.75203574386173,-110.7899400810248,0.9497594828118282,0.7317016228969202,1.689646402151641
HDOK,PLOK,17472,40,40,-112,-6,10,2,29,-108.30840383744601,-108.72962117148383,-108.82663459657694,-109.66658534020875,-109.40857875215931,-108.32784684614654,-109.44084182732988,-107.88967885994738,-107.89249883377639,-107.47689872219027,-110.015299274858,-107.80407506933933,-108.65359079125992,-108.54364316183715,-108.76097618023412,-110.0298446142107,-107.47318032631897,-108.42703608088098,-108.59677389499176,-107.77338473685104,-111.06692975820131,-109.73532265304684,-108.78391434147481,-107.91432463893337,-107.51367408197086,-107.05420830669178,-107.4476801843779,-109.10416561424051,-108.75732401937647,2,-108.60079091435728,-108.59677389499176,-111.06692975820131,0.8532098447010852,-0.6077696924349558,0.21000920808792856
HDOK,PLOK,17472,40,40,-112,-6,10,2,29,-111.37690704449226,-107.54023997178439,-107.49030836496148,-111.30650061557719,-109.82531415462583,-109.59937365825976,-107.43936832803402,-107.86355527022194,-108.61905831815406,-108.05420217035089,-108.88878212372668,-110.79147143046747,-109.37708112541318,-107.85207534059074,-109.93157966599277,-109.24730912244812,-108.91632234801797,-112.15410691220106,-110.15642656947183,-109.40814452839386,-109.1318353527484,-108.70266029614992,-108.20868856108507,-108.9194629045358,-109.8405695203004,-109.78595853468065,-109.79641617690116,-108.81468301833105,-109.39850564989956,2,-109.2564450716489,-109.24730912244812,-112.15410691220106,1.3530961845208334,-0.5157083889437408,0.1606012091834641
HDOK,PLOK,17472,40,40,-112,-6,10,2,29,-108.62763984461004,-108.48562980855998,-108.09792688831959,-108.23021531694184,-109.26747603638162,-109.7275129718733,-109.34852066148375,-107.39746415077992,-108.65853430654332,-109.29842752134094,-111.13934845808554,-110.07154058816656,-108.44694383101226,-108.96129940820006,-109.51454291372099,-109.54836556270863,-108.62677606986934,-108.88496551654111,-108.75587031168386,-109.63785236114575,-110.56097492061775,-108.88416805366447,-107.20089975274482,-110.05424408018135,-109.22646557426455,-108.83970068930277,-108.16622822971773,-108.59843018035995,-108.75292951313644,2,-109.00037563868823,-108.88416805366447,-111.13934845808554,0.70052166742058,-0.2954885211010394,0.7599902078156178
HDOK,PLOK,17472,40,40,-112,-6,10,2,29,-111.09774434386195,-108.13574322688208,-108.90950312829099,-108.7529192898392,-110.87584693401014,-108.74598570341932,-110.77690517381653,-107.57639760360703,-110.17235008209806,-109.2976974633409,-107.77812895684743,-108.38823855808425,-109.08073626802633,-111.4708806479422,-107.85230583902616,-109.89006979660336,-110.7046441354445,-109.47913747223828,-107.4587624170946,-107.07561066998397,-111.78918220298762,-108.76980277215642,-108.6764066533326,-108.02925431606877,-108.36192728023717,-109.91661807638006,-107.88506058232345,-107.39450644456828,-107.53491186996915,2,-109.03025096236144,-108.7529192898392,-111.78918220298762,1.7523153465825156,-0.5331979775005987,-0.8128178817763398
HDOK,PLOK,17472,40,40,-112,-6,10,2,29,-107.23347132867862,-110.35568372977906,-107.65556553449134,-106.89040143623225,-110.09414745431445,-108.97718731697302,-110.7414872060407,-108.63345760356917,-108.74101073440153,-107.69185711914608,-109.1649230338699,-110.50087464949054,-107.67412528865017,-108.01505801820645,-110.04258273804756,-110.20292912132507,-108.82727099467213,-108.08694756700294,-109.0909946890935,-107.87864212272511,-109.64248850382677,-105.98691211289085,-107.81246620402378,-108.795150298857,-107.75481047072662,-109.215037602838,-108.09546907268813,-109.3176460230259,-108.34025460826841,2,-108.67099491668465,-108.74101073440153,-110.7414872060407,1.3029771134398425,0.0762573156055666,-0.3536241392502375
HDOK,PLOK,17472,40,40,-112,-6,10,2,29,-108.09646560416097,-107.9654392828313,-109.10406786952848,-107.82923310149803,-109.580433772716,-109.77674565594842,-109.90783322265294,-109.90840119992578,-108.48444598672721,-107.89610379975763,-106.78400180814847,-110.12621371876239,-106.92755903967756,-107.72151875299681,-110.14531216952349,-108.87341876987985,-108.89230066641402,-107.64563849165462,-109.61550169810715,-106.94077778591917,-109.11336965418828,-109.55121574026684,-109.09922563275536,-108.82867725661575,-107.70807436327594,-108.99123613434867,-109.81138244943618,-108.41506357948388,-107.40921401683794,2,-108.66030590427722,-108.87341876987985,-110.14531216952349,1.0156336279356941,0.2569992214849912,-1.0955556785178997
HDOK,PLOK,17472,40,40,-112,-6,10,2,29,-108.69066150060156,-107.61878299048688,-108.34193409379759,-108.37738314764238,-110.03999910940878,-109.91870363304632,-110.77792632537043,-109.10456837128874,-108.36227252821972,-107.49380633182676,-107.19310393531568,-109.45490335441313,-108.69121576010463,-107.1523493040549,-110.1333458261859,-110.16522059255752,-109.69532906528842,-109.41099938830646,-108.91416879819198,-108.67708768534162,-109.96358636807344,-107.54128979941646,-106.75814767468198,-110.04009117983763,-108.45815318031038,-108.69025627611633,-106.99850821348564,-109.81671022562969,-106.89556113460046,2,-108.73710571702074,-108.69066150060156,-110.77792632537043,1.297765150975395,0.17730812098569254,-1.096345238330855
HDOK,PLOK,17472,40,40,-112,-6,10,2,29,-110.5115936970107,-108.79290510918106,-105.66226583479954,-108.75825612588577,-108.36099478126208,-111.00637653989739,-109.53142492241211,-108.61117965495927,-109.02992057404138,-108.10935505619642,-107.80090527271417,-108.71199506940603,-107.55142999067725,-109.03872789563923,-107.51907088147897,-109.70655596829984,-108.8576786759473,-110.85787969778752,-108.2846677300942,-110.2534082247012,-108.70937402144811,-108.08529896520366,-108.96258914523727,-107.68967125256022,-107.48657864753822,-111.51770842724947,-107.37593791551552,-108.73706009889477,-109.01405349614343,2,-108.77706426455799,-108.73706009889477,-111.51770842724947,1.503118523249122,-0.16597180129853148,0.7237138948617132
HDOK,PLOK,17472,40,40,-112,-6,10,2,29,-109.95318249766417,-108.91878505242676,-110.0218416945461,-109.71945547296913,-110.81124075277019,-109.03058162953182,-109.15573767012492,-109.52182405602444,-109.08015165004915,-109.1750992413779,-109.72515789764222,-108.74781246448339,-109.39611864500306,-107.74231243017243,-107.05005578447192,-107.64037162777659,-109.57422673172421,-108.26541713811126,-108.52020607829478,-110.21260507588794,-108.73799199489373,-107.83845022054524,-109.19729096406138,-108.21894986707977,-109.1843654966662,-107.54682603216503,-110.24473373037132,-107.72980044337955,-109.63328921842654,2,-108.98599591581521,-109.15573767012492,-110.81124075277019,0.8417834958650003,0.26307593189033257,-0.5670105488996837
HDOK,PLOK,17472,40,40,-112,-6,10,2,29,-108.76746867655717,-109.6493568548568,-108.24162372062958,-110.05363399068575,-110.28907566708313,-107.78143772814657,-108.83984963093613,-108.99582413045154,-109.31014064831521,-109.62138548056663,-108.69781912805483,-107.35939063040023,-108.67801708505145,-109.3181500725245,-107.14285061796566,-108.17785674213295,-109.28684966794948,-107.37174214176288,-108.97379972158639,-108.47076315863679,-109.60971274162614,-110.3749040603536,-110.04626049020892,-106.7463993061992,-107.58555302612001,-107.9683354543083,-107.91270070970681,-108.69067113573338,-108.87324996420081,2,-108.71844215112934,-108.76746867655717,-110.3749040603536,0.9116582584702546,0.16700848785638261,-0.6894591608225804
HDOK,PLOK,17472,40,40,-112,-6,10,2,29,-108.02325228437003,-109.6414682632967,-107.07100142518425,-109.60318584432318,-110.18847682742901,-110.41557728743643,-108.81458667424504,-107.82254128929522,-108.93189423148335,-108.61948499294103,-109.35289550564828,-108.56076376008744,-108.8279763820829,-108.42811151405841,-109.33667947731115,-108.92299394703466,-109.31650506762823,-109.88665957570034,-108.7289023376125,-109.87766444612957,-108.71794797885545,-106.96825803680967,-109.59281221711495,-108.37322852542934,-106.94262725060972,-108.34697587875698,-109.47718412464039,-109.51691617346107,-107.7168956754389,2,-108.82839541360049,-108.8279763820829,-110.41557728743643,0.822715620543131,0.5113911867318444,-0.22738979205682686
HDOK,PLOK,17472,40,40,-112,-6,10,2,29,-110.16199708184541,-108.08678454258835,-108.56711707747264,-108.82046637539248,-110.34147723613796,-107.90627890366486,-108.4959395211959,-110.17806819541599,-108.17198198423446,-108.13035159772545,-108.61623402240043,-107.91632033574217,-109.2377081355834,-109.35926739142344,-108.38658290325657,-109.7826993018769,-108.77675273650704,-107.93734966393414,-108.4439266351851,-109.48053505236655,-110.04954708522004,-109.48737198406761,-107.04101080971282,-108.965200984818,-106.25069760525373,-108.05341950849181,-109.92095621067375,-109.4504184465724,-108.09787840102359,2,-108.76256343895803,-108.61623402240043,-110.34147723613796,0.915907013694599,0.35763382823636547,0.17717516747854356
HDOK,PLOK,17472,40,40,-112,-6,10,2,29,-108.29512680452068,-108.54254401254246,-109.45972548304108,-107.60281361971643,-108.99484058457068,-108.84938744977072,-109.81720553589547,-107.70151970969377,-109.99341960648869,-107.54714506656728,-108.13147658532726,-110.46455044988772,-109.03115205201034,-108.39374494111922,-109.14556770410775,-106.53923213549265,-109.49122755847974,-108.23996512710147,-108.32454989003918,-109.56919936257336,-107.07509140134104,-109.10232207400594,-108.50944900719149,-109.28083509011311,-108.27292622814551,-110.82162441682333,-110.19086817374489,-109.27845197095827,-108.6909596933925,2,-108.80541109429869,-108.84938744977072,-110.82162441682333,0.9538855457755372,0.13327754916703693,-0.00964321258184686
HDOK,PLOK,17472,41,41,-113,-6,10,2,29,-109.81180870010434,-108.71952632792559,-105.3657653976315,-108.48372859597734,-108.93646403728232,-106.97426638142589,-107.64216492658414,-108.16896255954312,-109.46281985211995,-107.77634886147592,-108.16636230496545,-108.33015103538108,-108.99781358754984,-108.1149673368255,-107.37048881974917,-109.40081337295852,-110.17606532956538,-108.16766414446666,-111.19231779003321,-108.58454510464642,-109.62624517022809,-109.74416195706445,-109.05915303646567,-107.97693459730544,-110.26219644447455,-109.41330824837654,-108.46692644150713,-110.29741145202728,-109.18162440997708,2,-108.7541726284013,-108.71952632792559,-111.19231779003321,1.3231405554929803,0.5411792684675606,1.4250165340241323
HDOK,PLOK,17472,41,41,-113,-6,10,2,29,-107.1833911943933,-106.8858662393559,-106.63280638121232,-106.71289310283322,-108.01370172805208,-107.38192560624661,-108.54387984209434,-108.57169868220245,-108.64464517046595,-107.04044181040787,-109.01166420531743,-108.25363919106314,-106.69861701302696,-107.82375225542921,-107.97654639635553,-107.65588759973991,-109.72299574568108,-106.68975249948944,-107.40919035746143,-109.55128975828204,-108.00466253523705,-108.96631972883863,-111.63872038135455,-107.91408492313359,-109.9521418195233,-108.90069282716836,-109.39421648742334,-107.59165497895255,-111.00411616520654,2,-108.26797222848099,-108.00466253523705,-111.63872038135455,1.5863454400077737,-0.8658501386278338,0.5335348211646487
HDOK,PLOK,17472,41,41,-113,-6,10,2,29,-107.88580124803536,-107.61009293599508,-105.40791715464738,-106.79961127932708,-108.77211781484036,-108.52025747896064,-112.60236667063823,-108.57330642216789,-109.26533994789582,-108.01531983176403,-109.37965759427337,-108.35899945664092,-107.11283431657368,-107.26051410334155,-107.16688709161846,-109.37914515290407,-109.17697386099871,-110.18562353962862,-109.03055753380707,-108.40749988926274,-108.75279387114159,-110.38056263405582,-107.5404185187423,-110.30200672411777,-109.21207282897339,-109.43746659028484,-106.93786661089405,-108.59423540028976,-110.27121106065631,2,-108.63239508836126,-108.59423540028976,-112.60236667063823,1.9302656987908708,-0.3515595598967538,1.3457699389287607
HDOK,PLOK,17472,41,41,-113,-6,10,2,29,-110.07690241964633,-108.08431851624655,-109.6493170627049,-106.43616634262001,-106.82229397355547,-107.23531936027199,-108.84600058694825,-110.06152479481977,-108.75012572406783,-107.8578857353613,-106.87951707681744,-107.93411122933712,-109.66154944524251,-108.63427908528908,-107.1375500791256,-108.36227053323604,-108.2108128027101,-109.54142631341558,-110.39874330355917,-107.81348240319377,-109.63529450005882,-109.42951815557369,-109.07933226997974,-109.7847540178175,-108.8732583446396,-108.55252045678115,-110.05327582279429,-109.64214715999485,-108.2902591490411,2,-108.68048126430513,-108.75012572406783,-110.39874330355917,1.1799286570972092,0.3741126641900351,-0.8323156826561524
HDOK,PLOK,17472,41,41,-113,-6,10,2,29,-108.61739570974999,-108.04514896007184,-108.10543677769252,-107.91414613998458,-107.74963900945124,-108.27991571868414,-108.3203793270156,-108.22671876118828,-107.0141653736039,-107.2921001423472,-110.12470497483041,-107.76473057198231,-107.55634631512113,-108.72418284097805,-109.43861051374955,-108.82682273986036,-107.50652797667334,-108.34466771194815,-106.77210062428088,-107.99518907959873,-108.77129854257021,-108.816147307182,-109.38168933101778,-108.79057526347391,-108.94349141156654,-109.35536984608869,-108.7499730132179,-107.91424406134782,-106.25705921951372,2,-108.26202680223415,-108.27991571868414,-110.12470497483041,0.6973421123243169,0.2106723350971116,0.27848261866259527
HDOK,PLOK,17472,41,41,-113,-6,10,2,29,-109.65572396357882,-107.55913683955944,-107.39129211876416,-107.31827600876733,-111.06966525929488,-108.38608236106579,-109.7309620577307,-109.40612160041113,-110.23222692641072,-108.13234009759712,-108.07958964281346,-108.067359005354,-110.95406780067702,-107.80713132414539,-110.39782182461394,-108.41690658838355,-110.1818357159888,-108.22057016315185,-110.42196934824663,-109.9519408418852,-107.90247344774012,-107.99631609656505,-110.5685860737149,-107.81946025758388,-109.25845572007483,-110.01882392886282,-107.93728907275334,-109.754782504569,-110.2869235737907,2,-109.06634931600325,-109.25845572007483,-111.06966525929488,1.3840046781964712,-0.10328889166177238,-1.5472538309922994
HDOK,PLOK,17472,41,41,-113,-6,10,2,29,-109.5429780510188,-106.163391163169,-108.45634328791073,-108.92654005177239,-108.11809814192497,-108.55998810123069,-109.79608301876354,-109.08676612725327,-108.52051332682261,-106.42963211889668,-109.19427569761923,-107.94542954065042,-108.81600828995563,-107.92050339924013,-107.32404221301667,-107.52249743831229,-110.77611565769298,-108.36722830397314,-109.06805360313183,-108.57707864573982,-107.01689497615958,-108.94295081901473,-109.49183584977656,-109.22075762637363,-107.7063747347083,-108.62440238930995,-109.17374595598483,-109.08228565984636,-108.90694649855772,2,-108.52681933406299,-108.62440238930995,-110.77611565769298,0.957395952425333,0.492165567062615,0.7314961662888888
HDOK,PLOK,17472,41,41,-113,-6,10,2,29,-109.05361868054422,-106.60528047709279,-108.07797065794821,-108.55432524256526,-107.75243057232024,-107.7853754693562,-108.12984881847318,-108.93509582215101,-107.84039040179933,-107.49185673362473,-107.78383519592884,-108.34048681771606,-108.78895011314913,-107.67475724906916,-108.93397596135065,-109.11356187661607,-109.37034023535692,-108.99540256157398,-108.30998340933422,-108.01093699465146,-110.30163940154837,-107.25080557346132,-109.27812021729542,-110.0038103017762,-109.46746630768868,-108.8902853280877,-109.22241195335789,-107.47791065454108,-109.79669935186216,2,-108.52543353035313,-108.55432524256526,-110.30163940154837,0.7607417747870023,0.00922686251105572,-0.5027570586926244
HDOK,PLOK,17472,41,41,-113,-6,10,2,29,-109.69536309475767,-107.65602507319275,-106.22942218681183,-106.27825928041344,-106.70641463630666,-108.58314359716131,-107.6619087780054,-108.5499210400713,-108.16725499976629,-105.78595306172538,-107.5512691424592,-108.36438282353991,-106.95117007405226,-107.7675234043375,-108.91341544040597,-109.68865666920166,-109.08316963865674,-108.9868410116589,-109.09778063970334,-108.09001891549444,-109.74647927023727,-108.60935442066965,-110.0419752170224,-110.41983986308927,-109.59964089172415,-108.24508996675608,-110.60048948271272,-108.03679028323629,-108.55845213660061,2,-108.40227603585414,-108.5499210400713,-110.60048948271272,1.4977587071299447,0.29356361887098836,-0.36751879115269803
HDOK,PLOK,17472,41,41,-113,-6,10,2,29,-109.99982774173975,-107.84101618242482,-105.37657862595319,-108.1019634601372,-108.41191316639772,-107.89470982802102,-109.56151933785331,-108.67308844869859,-110.15790353118594,-108.76189439389051,-107.43868138678403,-108.46415330744787,-108.65143304869625,-107.93684078680205,-108.57793670427375,-108.36437018061174,-107.63062989956892,-107.98277231625322,-111.05115446919686,-110.86171830344927,-110.84821701633335,-109.85505518769615,-109.87740382886757,-108.60408730311055,-108.63757093225381,-108.16657578059939,-108.86482601039467,-109.5237533550924,-108.3079405698865,2,-108.77329431391794,-108.60408730311055,-111.05115446919686,1.37890601352068,0.1917394423440316,1.3075795203692961
HDOK,PLOK,17472,41,41,-113,-6,10,2,29,-108.81307915930003,-108.24541303387363,-106.85317003830245,-106.68886417681799,-108.57961679698111,-108.75696127198785,-107.55554330330402,-108.87633060749127,-107.80025175360225,-107.25757560789,-107.24448811035097,-109.97084363449595,-109.34056629945033,-108.40016177281731,-107.80014419466073,-107.84068946191093,-109.01568170352138,-108.28472857567165,-108.92467141582172,-109.3115532804888,-109.40619866336432,-108.25446121249992,-108.37574684409,-109.73409089712312,-109.54319510350639,-109.55132481782786,-108.85708439603656,-108.97972354103597,-110.2057313091593,2,-108.56785830977182,-108.75696127198785,-110.2057313091593,0.8128743069594253,0.3131105416853672,-0.5278191055116661
HDOK,PLOK,17472,41,41,-113,-6,10,2,29,-109.88848258672138,-106.1337603610319,-107.05644649343716,-107.85961098171742,-109.53548911027517,-110.15240751164403,-109.62737599272802,-108.2930871497315,-109.29447193894995,-107.97555223379568,-109.34210746317777,-107.26455606814022,-108.35410446125356,-107.13987793890833,-109.97148223357073,-108.8782583948457,-106.77408556940742,-107.00535363727265,-109.29450073526372,-109.50176551941743,-108.72616290885651,-107.81987357329089,-108.85473666175153,-108.44877859376899,-108.53465925829013,-110.93012428882152,-110.25832067294773,-107.89227659831087,-109.03991153419823,2,-108.6154351886733,-108.72616290885651,-110.93012428882152,1.3524532586978377,0.18847454308305703,-0.598034041247562
HDOK,PLOK,17472,41,41,-113,-6,10,2,29,-108.18945728293482,-106.30526880509126,-107.38868411383692,-107.55994094174702,-107.58074289193694,-108.4729259524824,-109.20067910908345,-109.37399532564662,-109.19668548745112,-107.93113497133714,-107.95442941404416,-107.580648921891,-110.35134187965416,-108.69952063577209,-109.64957191926024,-110.10323255242938,-109.60572432533688,-108.03657199897232,-107.93724153222412,-108.88624417138023,-110.19642655495021,-108.86550549828637,-108.86257278935481,-109.85850382452027,-109.08316853860906,-109.15302313043681,-109.23062152565295,-108.69044099103544,-110.20660104828518,2,-108.763824349436,-108.86550549828637,-110.35134187965416,0.9505480450117798,0.3632644393753339,-0.20565078828139427
HDOK,PLOK,17472,41,41,-113,-6,10,2,29,-107.77264637032637,-105.90641370608985,-107.36531964376984,-108.48789028745175,-106.67790014527709,-108.32762920676986,-107.98153829256806,-108.84327179249134,-107.62693625049978,-108.68550649568952,-107.85753623886498,-106.60965629321849,-107.66687060000687,-109.76280444872546,-108.52097726932422,-109.2395815516006,-107.85688721649896,-108.89030210673907,-108.81994755670037,-109.09623698488528,-108.5851552099988,-110.7122653416817,-108.78881267020186,-110.64812070270492,-109.69564524860802,-107.57817678469766,-109.74715792988455,-109.62864082988864,-109.63641431596152,2,-108.51780143072847,-108.5851552099988,-110.7122653416817,1.272848112129932,0.16935779423229855,-0.049653102652691405
HDOK,PLOK,17472,41,41,-113,-6,10,2,29,-106.98498405361728,-106.92819489802537,-108.14003774957659,-108.14278442890087,-108.34100324706772,-107.631225716113,-109.8537469105676,-107.6667830106311,-108.33477187957715,-108.50876417658563,-107.27278534869443,-109.23791732319916,-109.47096099199642,-108.23829691956834,-107.43603819042457,-106.99204007721411,-107.8628833157315,-107.1127493118612,-109.24218435086817,-108.37614850589149,-109.35327274535979,-107.55359686212844,-109.1703628986685,-106.43232918038352,-108.80382922267195,-109.45656885785738,-110.3040736636779,-109.366930965779,-110.18492453060712,2,-108.35862721838778,-108.33477187957715,-110.3040736636779,1.0807942909298673,-0.09398206713334502,-0.9609890657312405
HDOK,PLOK,17472,41,41,-113,-6,10,2,29,-107.83427874346003,-107.82252447791387,-107.55127270701169,-107.98418856255506,-108.36476196735352,-108.83748931705307,-108.56072851869526,-108.26874764842947,-107.76380375515615,-107.14900468801282,-109.2700941055356,-108.44356833605275,-108.8796331701571,-107.02748780714741,-108.54905009255185,-108.11784240860057,-109.2935873802488,-108.5315491404685,-110.00838386527951,-109.4129633716858,-108.27998748864893,-107.0560861249209,-109.24816348261177,-108.52005427437942,-109.41213477229421,-109.51817289890651,-110.58698193538135,-107.69770742227617,-108.30693521801277,2,-108.49300633382074,-108.44356833605275,-110.58698193538135,0.7247777790989095,-0.33834801839721945,-0.030820987978780856
HDOK,PLOK,17472,41,41,-113,-6,10,2,29,-110.23318344906221,-104.0629072030023,-106.46394491791348,-108.64956437341783,-106.95228339029276,-108.88204179812578,-107.13915269844458,-108.75020106930909,-110.26692335758348,-108.60119203714365,-109.81763988964013,-110.4415314670501,-108.57064240962342,-108.98566405311786,-107.84580866510755,-107.61792229376583,-108.73048200722911,-109.5140103239227,-109.81108562729516,-108.34256043296195,-108.21702401259435,-110.89458326620887,-108.56801086774459,-108.29388747764617,-107.01508232425958,-110.53320366896374,-109.99991373255388,-108.51089006867865,-108.96368558994875,2,-108.6439662921589,-108.64956437341783,-110.89458326620887,2.009977363580649,1.048812406731505,2.3160500678068625
HDOK,PLOK,17472,41,41,-113,-6,10,2,29,-110.58213233491256,-108.28883258193851,-107.71183823700275,-106.47678782465576,-108.57728037614869,-109.43652608151059,-108.85686398517505,-107.69037636292163,-107.67865944136008,-107.92098749573472,-108.34844143092027,-108.27979574085063,-109.02804611494001,-110.88968584847115,-106.27513584440125,-108.33780546609353,-109.33073128371974,-108.59890938256453,-107.10583636177518,-110.46598557141218,-109.65184685381733,-109.97096645738664,-109.17751930514167,-109.85492540536573,-108.69596109034563,-109.83058313091236,-110.16643752028493,-108.93622471866087,-108.20421093625441,2,-108.77135631671304,-108.69596109034563,-110.88968584847115,1.3044730098126254,0.21393591851064744,-0.2549476542386633
HDOK,PLOK,17472,41,41,-113,-6,10,2,29,-108.25982154795739,-106.19947408631432,-107.35323760569725,-108.05779076660244,-107.80388517864446,-109.57501510166006,-108.17924397408753,-106.98651021023383,-108.20231485245124,-108.07472695158694,-109.3538227618762,-109.11906712276192,-107.8621989463518,-106.65747554546603,-107.20339653440094,-109.28179814637217,-110.17328653494492,-108.47887665473222,-109.56181006626177,-107.08782084279392,-108.54285105720243,-109.35519767524946,-107.62421712308152,-108.89963869576314,-109.74481121247257,-109.71323392670972,-109.03486325057628,-107.5006265553747,-108.10011166770805,2,-108.34438360673569,-108.20231485245124,-110.17328653494492,1.0246956935800968,0.1391952123041158,-0.7834630271217753
HDOK,PLOK,17472,41,41,-113,-6,10,2,29,-110.26793704450515,-106.47245378765624,-106.24995366918581,-106.74882690273621,-110.1782799169067,-110.19401665292447,-108.59196371873865,-109.81498963324889,-108.48416890674203,-109.2708393017805,-108.56533986880395,-108.70033459151334,-107.8710642400441,-105.93047133182863,-107.62503187942575,-106.99937163061719,-109.56170224544665,-109.01564199919017,-107.63711030412861,-109.71569796816688,-110.2678381142392,-109.2152354525895,-110.56563121228378,-107.50026547615536,-108.01414645415949,-108.08178895447287,-108.66521324146204,-109.18865239482922,-109.38194419033587,2,-108.57847969255575,-108.66521324146204,-110.56563121228378,1.6370547931786343,0.3939440164728285,-0.7297122049546569
HDOK,PLOK,17472,42,42,-113,-6,10,2,29,-105.72999107681939,-110.5901648118617,-110.06128275615234,-108.22463647985352,-108.87150133700857,-106.98476593684687,-107.69200940578955,-108.04156404854118,-108.0302202163542,-108.10856753863051,-108.22839434592154,-107.99477970005813,-110.2931566851296,-107.91906228577727,-108.82866662050954,-109.30966730631746,-109.17696493256493,-110.026021203414,-107.84687866923737,-108.63418909829406,-109.18213117035717,-106.57955430467447,-108.10978156254474,-109.5903709265579,-108.26288746231111,-108.2778849294089,-107.97059404582704,-108.34174204921918,-109.09242879394445,2,-108.48275378275609,-108.26288746231111,-110.5901648118617,1.1155499792629622,0.21007671935290625,0.6766569692417028
HDOK,PLOK,17472,42,42,-113,-6,10,2,29,-106.9094146981066,-112.09780311940031,-109.72198623585851,-109.14119479332615,-109.16814037938695,-108.25137022770197,-106.75266099144775,-107.23291937099278,-106.75025105603892,-107.38390809249681,-107.65150843466999,-110.1860095758103,-108.19647947250317,-109.11541270004078,-107.23545572128988,-107.82186719311741,-110.60921452457215,-108.79958438658875,-110.85205197365501,-109.55116309060178,-107.80289871351137,-107.57462520530235,-108.44100157849388,-110.00595409153902,-108.24490210205546,-108.54962554826571,-108.35947108155014,-109.61557386651315,-108.7783556184378,2,-108.64830358080255,-108.44100157849388,-112.09780311940031,1.6726142224637788,-0.6466567398843254,0.2037011950005243
HDOK,PLOK,17472,42,42,-113,-6,10,2,29,-105.45406674651184,-111.17452608472252,-109.69053609479013,-109.48594472712782,-110.35198813797318,-106.20957999092623,-108.25364415519545,-108.9741669069228,-107.7314019810391,-106.89682327679587,-108.22634792974193,-109.98502862201387,-109.17607073495479,-107.93085207684982,-110.12878712788621,-109.09220912853993,-109.42508394648425,-108.13221167641261,-109.71439569491034,-108.80369027214313,-107.60895522523454,-108.70964278011118,-107.42378185508056,-109.03997842512695,-107.54693659191835,-107.04196700477716,-108.47062199326362,-110.14246392361697,-109.49676432366554,2,-108.631671290853,-108.80369027214313,-111.17452608472252,1.6578175734279745,0.4355890040516859,0.04076837260219035
HDOK,PLOK,17472,42,42,-113,-6,10,2,29,-106.51763449289231,-113.43426465077636,-108.28884635379595,-108.48590802414284,-110.63661933050132,-107.75806284936222,-109.84265869281903,-105.3971100314104,-107.85172309922436,-108.2431265324035,-108.23336437520648,-108.4019607770827,-108.5737632575639,-109.19388204224954,-108.31990015136049,-109.16506160339745,-109.1273065409044,-107.43819075165851,-109.08142066958473,-108.32019611708034,-109.80761550383482,-108.72406202684013,-108.22519530654398,-107.80858488823051,-108.67311867033533,-107.03992466717769,-109.33412945700051,-107.53317946551027,-109.42368752152709,2,-108.58208613277301,-108.4019607770827,-113.43426465077636,1.8983265166453258,-1.105633145322533,4.766883358857701
HDOK,PLOK,17472,42,42,-113,-6,10,2,29,-105.07383819889964,-112.62836905116072,-108.41455049067645,-110.09547345617742,-109.55744481084008,-107.7282742797004,-109.47956342854869,-109.45975701080495,-109.51088913730197,-108.2045802541643,-108.61800159181512,-108.01997173257064,-108.82251253957358,-108.47456942321324,-109.32014878433525,-109.9323228223011,-110.91328806203674,-109.69689907252219,-106.5556445602077,-109.45835028455154,-108.47800632002128,-108.32278763052453,-107.9447929389436,-107.93725631318003,-108.92448441331142,-109.68233485646422,-108.25570333177103,-107.14277641739332,-108.23598502012428,2,-108.78926124941849,-108.61800159181512,-112.62836905116072,1.822310777923359,-0.0407043312086144,2.4977846529325727
HDOK,PLOK,17472,42,42,-113,-6,10,2,29,-105.97093010851516,-110.28754982002783,-107.14236998661514,-108.5433594211689,-109.16788066938054,-106.41163703408331,-106.80358145615854,-108.59585509580629,-107.6259392027138,-108.1607840327496,-108.59303901215245,-108.72313289834089,-108.22379098025462,-108.78857407101201,-110.33063116458439,-109.09464812921179,-108.71467246887963,-109.50625313737541,-108.6565295808356,-109.10166913206405,-109.31417170372508,-109.03571485329451,-108.2483039532457,-109.02575949915457,-107.70850923307037,-106.6675732586065,-108.74982232831249,-110.16330369177501,-108.26633791948014,2,-108.46973530491704,-108.6565295808356,-110.33063116458439,1.1554773182740126,0.5254323394991244,0.13319636030316362
HDOK,PLOK,17472,42,42,-113,-6,10,2,29,-105.54643160572851,-112.44137123652851,-108.82572281662085,-110.11121497707288,-110.05788048233306,-108.99100466449708,-108.32471275862241,-108.56397845132213,-108.38717167093051,-108.41490369043946,-106.9361767632998,-108.00795136734453,-108.28326682176505,-108.6455073412609,-108.89339631120865,-108.2745377253047,-108.07169770043997,-107.63107511297741,-107.81910336924734,-108.88540381432942,-106.78756613833357,-109.37754638784807,-109.41609136467355,-108.86165274471816,-108.32246505678052,-109.96977584684903,-108.00601392650314,-110.0090580742472,-108.1706421752699,2,-108.62183863436195,-108.41490369043946,-112.44137123652851,1.4916733689063022,-0.5140247378773958,2.963078496318676
HDOK,PLOK,17472,42,42,-113,-6,10,2,29,-104.70835458517695,-112.75865224990403,-109.0661545297387,-108.56184299863216,-109.45070901185905,-108.1945157666025,-108.46819817932969,-108.9177351405335,-107.95767748284518,-107.95729187736802,-108.37973302430717,-107.35962206637659,-108.24725156378878,-109.37908149990318,-107.86792878595081,-109.22167414051648,-107.23976001949086,-110.51505482820913,-110.42024283951456,-107.98292038708121,-108.52714670309749,-109.73246282177001,-108.91086888044094,-110.20242292321433,-107.61750738635132,-107.41912112081489,-110.76127814515058,-107.96405414851374,-106.701122470148,2,-108.6375995026424,-108.46819817932969,-112.75865224990403,2.1343105120244625,-0.24279912983124452,2.1119938589207687
HDOK,PLOK,17472,42,42,-113,-6,10,2,29,-104.96504982264156,-112.95085232076123,-107.779277226844,-109.28244493430952,-109.08690063803125,-109.16801285934767,-106.88172801792847,-109.36800988956163,-109.16769800169033,-107.46593914938566,-108.11400923242412,-108.5548668035768,-108.3653494383914,-109.67499630737521,-107.94336264536308,-108.47646875876524,-108.40181944143065,-106.49090432236122,-109.91782665894496,-108.31762666529033,-108.83282581797441,-107.2490267893775,-108.32522949821805,-108.03822705922059,-109.14867251798698,-108.74155473313482,-110.21250792842186,-108.83358097197001,-107.54747596782738,2,-108.52766360063987,-108.47646875876524,-112.95085232076123,1.841175305937296,-0.5005492364588554,3.8157479040395157
HDOK,PLOK,17472,42,42,-113,-6,10,2,29,-108.24901694051864,-112.05044336877916,-109.62489910647905,-108.21571200370815,-110.95996840711443,-108.81054745877077,-106.6926802522035,-107.9940536679511,-110.1149660358641,-108.0214196622171,-106.17243834618488,-108.54587302281766,-108.44575759844453,-108.63435825853206,-110.43062513988275,-110.64362543127092,-107.77174186958926,-108.94101900776143,-107.53867582854568,-108.57320185232341,-109.50302610938418,-109.5557670482153,-109.53625712128493,-108.38440308809967,-108.00216128025136,-107.85476681585027,-108.24519130441986,-109.5083981102811,-108.98227809589469,2,-108.82769904250485,-108.57320185232341,-112.05044336877916,1.517654083429643,-0.4304547186122018,0.7218396270520206
HDOK,PLOK,17472,42,42,-113,-6,10,2,29,-105.94709746025475,-112.08780104645771,-110.6737609933929,-108.55508560915239,-108.96027362666123,-109.97991478855774,-109.33935927608444,-108.64786660870696,-106.89551695182995,-107.08018622584656,-109.13852492059193,-109.11141894010248,-110.09823945949135,-108.5045959553874,-105.95435962880163,-109.36042435613106,-109.8923478190504,-108.34155518516604,-107.66238386194496,-108.46046053259188,-108.56191367421748,-108.14505910386042,-107.84843029118665,-109.74749921977414,-107.90216377764148,-108.30113597561646,-108.42143396629626,-109.05762533346135,-110.37704848579921,2,-108.72598217496747,-108.56191367421748,-112.08780104645771,1.7216209048117788,-0.02544913985350123,0.8065057017587454
HDOK,PLOK,17472,42,42,-113,-6,10,2,29,-105.21127269953338,-111.48627828551719,-110.56209108169708,-108.12808787925219,-108.94713099553915,-108.71009174043989,-107.49856169187596,-106.80956074396572,-108.38187881659906,-109.25323941284799,-107.92940759246177,-108.86365017473396,-108.72723623435077,-109.5945496298152,-107.91175749493947,-106.31603019750409,-108.77423739453452,-109.50426085294032,-108.197795320916,-107.90544633513086,-110.89386335237853,-108.36329195612771,-108.15083032794224,-108.61653370518412,-109.70859091995514,-107.01563301200255,-109.20215895775264,-108.70704385471456,-108.26344428005234,2,-108.53910189450704,-108.61653370518412,-111.48627828551719,1.6295899428793135,0.1260602262557442,1.163540249301286
HDOK,PLOK,17472,42,42,-113,-6,10,2,29,-104.54258088310664,-110.5245494729962,-110.43801424247295,-109.10824529472794,-110.20797994403927,-109.9467054280066,-109.62984993609825,-107.12233214111512,-107.99523649634583,-105.40440270111294,-108.66588768093595,-109.93644085715157,-108.54352950209133,-109.21822106871771,-108.59718718803548,-108.26191988653945,-110.12860088718128,-109.33474358704281,-107.94507748133908,-108.05807254638519,-109.71860854537829,-109.39659183108428,-108.30346549073258,-108.59900782915855,-109.92750915147434,-109.26886828065545,-108.9488748063834,-107.76198535806157,-109.07965970708838,2,-108.77979821467096,-109.07965970708838,-110.5245494729962,1.800456152354635,1.5041807972669408,2.9294402282584575
HDOK,PLOK,17472,42,42,-113,-6,10,2,29,-105.97800742118609,-110.66584119740403,-108.5067807615703,-107.46675021252209,-109.1265384849145,-108.88069260582063,-108.16572565625958,-108.31573374206631,-108.22921953423767,-105.9181880003819,-109.8275567204754,-109.75991855873424,-109.33477119460765,-107.13603943904452,-108.83560503349221,-107.45757609685243,-109.45799380696765,-108.68819208508553,-110.30713192644556,-107.63939036863425,-107.81369015483952,-108.36817617773175,-108.72506904436352,-107.34300815185445,-110.504421196876,-108.45205097257747,-109.2069108996273,-110.31575228475344,-109.1168723597198,2,-108.60495186513951,-108.68819208508553,-110.66584119740403,1.4262942597638224,0.3591382387509241,-0.008009698409106036
HDOK,PLOK,17472,42,42,-113,-6,10,2,29,-104.95040750249309,-113.71059517891148,-108.84233505784255,-108.065218606978,-109.07637568081202,-108.64086022676965,-107.32985192171734,-109.4503879701626,-106.30584481016263,-109.20621049793982,-108.67006629585389,-108.10422758901063,-108.39069566370331,-107.86891359247193,-109.1530163603861,-111.337662088468,-108.04937952556426,-108.60506803738818,-108.31592682470259,-108.25041443212936,-109.49769124099431,-109.49678794139608,-106.85004278203266,-108.1986763575896,-106.94669179143612,-106.99615703437351,-109.64786687406806,-107.42071585698123,-108.4132026946978,2,-108.47556173920817,-108.39069566370331,-113.71059517891148,2.390608058626435,-1.0269500643920264,4.019529171869323
HDOK,PLOK,17472,42,42,-113,-6,10,2,29,-105.38292321807936,-110.94591173844208,-109.88739174019368,-109.03860930853568,-111.14254004756137,-106.79644261750461,-108.59818352410869,-108.27384715631824,-106.85383533465999,-108.4474656439003,-109.5396414568571,-107.76284377777145,-108.62944873146856,-107.90491348383286,-108.53316480055146,-109.243606767773,-107.89068982096545,-109.18592916460781,-107.23675522881915,-109.72666974621349,-109.43804253344307,-109.46973755096084,-107.91686641669344,-108.91015602296962,-108.04359409324859,-107.64986892825421,-107.42498142135427,-106.66228724194566,-106.90799652257107,2,-108.39463255308982,-108.4474656439003,-111.14254004756137,1.62305406496445,-0.024470618503509463,0.16686268677879168
HDOK,PLOK,17472,42,42,-113,-6,10,2,29,-104.62494447864323,-111.79157688856066,-111.20226797304868,-109.15827159264369,-108.6952141859946,-108.51093239332911,-109.19265829721603,-108.03859442755476,-108.69383732352718,-107.45012322133107,-107.9041748290693,-108.83001369593255,-108.88591062438012,-106.86578117623093,-108.04351317613346,-109.70559741728202,-108.1391165053673,-105.63750055216184,-108.18207008453729,-107.02776655459589,-108.12905077324572,-109.20002159127235,-108.88718478989266,-107.0723124933131,-107.49028227993716,-107.86689004435004,-107.93786099309892,-107.78439154017357,-109.59524102745533,2,-108.29458968725098,-108.1391165053673,-111.79157688856066,1.9322450574690173,0.017048724956478266,1.8586958556372468
HDOK,PLOK,17472,42,42,-113,-6,10,2,29,-106.52820788715115,-111.4541624624573,-109.24494990908838,-109.59275316120662,-109.96209645654089,-110.12581244180176,-107.77394507909678,-109.3825256378892,-108.72441824640691,-108.61015238158373,-108.38125114102253,-111.88923867251494,-107.9811693709111,-109.30456377348393,-107.19317389089218,-107.77225091882207,-110.28490576517984,-108.53565172038796,-110.06223213730418,-107.03159499626284,-109.21082748150701,-106.91247173949826,-109.88867705677393,-109.5205391230584,-109.39801032855685,-108.16278269993876,-109.26254598768526,-107.9193594902528,-108.13538164090187,2,-108.90502246890266,-109.21082748150701,-111.88923867251494,1.5918067986573818,-0.24585857429053526,0.0072890196485166925
HDOK,PLOK,17472,42,42,-113,-6,10,2,29,-104.98968792499676,-110.86594562703038,-109.37307480265426,-107.86806415466513,-110.08666867113848,-108.89963755575322,-108.37904062166677,-107.29391295796803,-109.31245308421329,-109.22158635215597,-108.43821077094277,-106.75844641273794,-109.31614893072374,-108.92785360474075,-107.32543149629397,-110.350215947584,-111.67847765070832,-107.45983556766336,-109.71984284353692,-108.21871267643628,-110.55650572529458,-108.06058147941945,-108.72806154899659,-109.24638387559715,-107.5588892669369,-108.78928176770334,-106.76290130323744,-108.19382188508588,-108.36639532328145,2,-108.64641620100562,-108.72806154899659,-111.67847765070832,1.8744052540586054,0.20650692376978524,0.7778388569060781
HDOK,PLOK,17472,42,42,-113,-6,10,2,29,-105.95601359789043,-112.8991327138199,-109.41665956201797,-109.80246029311162,-110.3820891547083,-109.56800933696306,-106.52206453033038,-107.74308666029872,-108.2471628219257,-107.88582258236355,-108.00613706381677,-108.08508748494339,-108.76806932529827,-109.67778502747181,-109.61669414393468,-108.83989383277003,-108.11658201960076,-108.98500447902826,-110.47980284383652,-108.8824985280495,-108.74842062496327,-109.81032004070191,-109.73373524809809,-109.30981853860365,-109.92053248860661,-109.37505826773317,-107.76055810965114,-107.67534660624699,-108.21898112408168,2,-108.91147679485746,-108.8824985280495,-112.8991327138199,1.6824758434934803,-0.44781875405946875,2.2641779348158297
HDOK,PLOK,17472,43,43,-114,-7,10,2,29,-109.3421060424235,-108.84991329382993,-107.32354998841258,-107.39071872310944,-108.18506668773456,-110.94036942655778,-109.3161378799209,-108.57329120983233,-107.63437786659523,-108.36874590468872,-107.43529924446523,-109.73108290425844,-108.45575487219413,-105.0430430842245,-108.12431772084527,-110.28916795912559,-108.86068035179039,-108.17558612999048,-109.23062615490737,-109.43184783045376,-109.44497833609088,-109.91708817266817,-108.36897285426444,-109.15764832297448,-109.9733664219219,-107.59447363503018,-108.26064714300773,-108.60424958821748,-108.47023393707859,2,-108.63770143746946,-108.57329120983233,-110.94036942655778,1.254511503598549,0.7877617071446791,2.4481540562709747
HDOK,PLOK,17472,43,43,-114,-7,10,2,29,-109.06621787841024,-108.32715815762073,-107.72114904367675,-110.29965803954519,-108.40810717744812,-108.65674262464954,-108.95186638035254,-109.7856940321103,-110.35114657171806,-106.59598698366372,-110.19476300128524,-108.95893121186684,-107.54511893580234,-108.11607109688885,-107.22555594604005,-108.22437905722602,-107.50118121320556,-107.92160708894887,-107.9587154937149,-109.01162337755613,-109.69717374993552,-109.24781619656324,-108.78339248857321,-109.9961183749535,-108.96964127217173,-108.32368191298227,-107.05315581110425,-108.86483557127615,-108.90619042608375,2,-108.64357514190945,-108.78339248857321,-110.35114657171806,0.9387464297364211,0.04783548282259678,-0.5017366436556765
HDOK,PLOK,17472,43,43,-114,-7,10,2,29,-108.00471394472953,-107.48002838663038,-110.01455669619321,-108.10529759123544,-107.76290247585965,-109.3817781934556,-108.80472296287259,-107.76213327792257,-107.82725468152208,-107.20693679123873,-106.99751146065351,-109.63009243237545,-109.20861771616586,-106.20302206727345,-107.8951485759932,-109.08269885149373,-107.94577266783682,-108.35375140398085,-105.73179684522336,-109.45342961715824,-108.59970167238471,-108.8586761463044,-108.18149320644395,-108.05281746082527,-110.03793738643361,-107.69741209800898,-107.21827396182749,-106.97811176749367,-107.6585581194791,2,-108.14259132617293,-108.00471394472953,-110.03793738643361,1.0740938793669843,0.09929000214621578,-0.08529889624496478
HDOK,PLOK,17472,43,43,-114,-7,10,2,29,-107.51656362729949,-106.09202873780485,-107.68321082021659,-108.28682862868332,-109.23246142685967,-109.16778593659504,-107.94211008406222,-108.12080875390723,-108.38021531712424,-108.60837594439982,-108.16128347754278,-109.34694729104534,-108.6627062264982,-110.24970403121466,-109.25331741411797,-108.22326470769792,-108.2104864356599,-109.17186996963054,-105.90192075470542,-107.10228420530792,-108.88555504476933,-108.37397104980218,-107.3778277428139,-108.46956948161971,-107.33500738297342,-108.13846619656461,-106.63406703998034,-108.63745283172292,-108.83178268963283,2,-108.20682321552592,-108.28682862868332,-110.24970403121466,0.923283652701307,0.5669943946447481,0.5604052882500281
HDOK,PLOK,17472,43,43,-114,-7,10,2,29,-106.52765102380627,-108.66188227051667,-110.87427135611456,-106.86490909214999,-109.794503495647,-107.47626287193573,-108.55908480336214,-107.74355196089657,-109.10827599814199,-107.74934863781709,-110.29392291431505,-109.83593678906054,-109.73317050915485,-108.35247605842447,-109.77055596062151,-109.67678057404336,-108.80207402570986,-108.74317322872162,-109.09530069306217,-109.58224603710286,-110.4539414119682,-107.39054694338573,-108.28659849165446,-109.92010658592216,-108.53159279323086,-108.39566243206892,-107.73222828647336,-108.1601250176426,-107.45567229856559,2,-108.74385698487984,-108.66188227051667,-110.87427135611456,1.2025691778570378,0.0435037265515061,-0.7444085973107062
HDOK,PLOK,17472,43,43,-114,-7,10,2,29,-107.15591653603116,-109.18283591522662,-108.3586542317364,-108.6170209785849,-109.7726914116716,-109.90136214809085,-109.25711159017926,-108.39728528115654,-108.63913275307559,-108.45858928622324,-108.04729891625458,-108.72571196554814,-104.76576500697908,-107.22892119295949,-110.62070691017134,-108.20311303379037,-109.96620799992117,-107.30275768416432,-108.65958438111558,-108.13315448386103,-109.41611080824353,-107.37407869365246,-108.14095255198711,-108.07788122599024,-108.14531600529622,-108.23466240698929,-108.45443559917338,-110.96276788328757,-108.71460586270794,2,-108.51429768082996,-108.45443559917338,-110.96276788328757,1.357150455109801,0.6387915159661497,2.810878354663115
HDOK,PLOK,17472,43,43,-114,-7,10,2,29,-109.03226034821438,-108.1224737105423,-108.34331997163302,-106.45628137519562,-107.22355657991,-109.22377560906827,-108.02753949047059,-108.31230677089569,-109.07931288448246,-110.34920282494248,-108.18399609130911,-108.77237205397314,-107.46193748194108,-108.73249965622449,-108.54426678100738,-108.84060455890865,-108.56776970416308,-108.71693570476172,-108.95221143489954,-108.34223199616126,-109.39586728942079,-107.86382194610786,-108.75078345591221,-108.5514093310701,-107.32424446433795,-107.6016746665459,-108.37094105979617,-108.70628700732043,-109.23261419197881,2,-108.45112063590328,-108.5514093310701,-110.34920282494248,0.5685338410352884,0.31992380806188764,1.2784681219003065
HDOK,PLOK,17472,43,43,-114,-7,10,2,29,-106.4784092439498,-108.29176633534979,-109.48780314361073,-109.77874310950557,-108.98877557802385,-110.55217519904673,-107.58337595989123,-109.57851935811321,-108.25188381591316,-109.4339107430901,-106.51868549696333,-109.94512288169139,-107.79008871641169,-108.5041945228592,-107.49032741999555,-108.10393686462754,-107.77786941245117,-107.87043683801859,-108.74539917310325,-108.05830154019921,-108.27104193717032,-108.92318837104884,-109.54216547427322,-107.93675594438268,-107.69864401857744,-107.85665470030368,-106.36397816164265,-108.42326348684867,-108.90619463969249,2,-108.38453834781912,-108.27104193717032,-110.55217519904673,1.0356490306134962,0.037115517643994504,-0.1825909732806701
HDOK,PLOK,17472,43,43,-114,-7,10,2,29,-107.9278587005512,-107.72105735315353,-108.99152337431258,-107.78716191352972,-105.81238539733626,-109.62648827241237,-106.71331594767348,-109.50931231386872,-107.82933664484449,-107.77137216188757,-107.25440065767074,-108.21719038440173,-108.26846205940886,-108.97299393591685,-106.86510532809548,-108.45063700453161,-107.78767551010101,-109.62720531060097,-108.1749738012838,-108.90635032482588,-109.92668820671031,-108.90424014240158,-109.32343010923844,-109.00146980967881,-107.43423593470116,-107.1022912245175,-106.93648172041551,-108.26399869062833,-108.9503888703074,2,-108.20889762431054,-108.21719038440173,-109.92668820671031,0.9815202802333157,0.29329146852029764,-0.3598316816924836
HDOK,PLOK,17472,43,43,-114,-7,10,2,29,-109.75894250056687,-109.41921819901664,-108.02096485688119,-106.89160709145439,-109.18575615405354,-110.57078928456451,-109.09863701072734,-106.97258919164528,-107.51052046032903,-106.37734576033176,-107.32074962205068,-108.59534039810201,-108.5993810282646,-108.29276814629227,-109.35626772129454,-108.67823673076555,-108.6224030729365,-109.73813809985155,-107.18595282369635,-107.26068279914418,-107.41847100467771,-107.92487212381404,-108.59549106556378,-108.4106539274214,-107.3979274051852,-109.54934355548833,-108.39809880155372,-107.84576821389956,-107.5792717430701,2,-108.29573064802216,-108.39809880155372,-110.57078928456451,1.004078181216588,-0.2143966472297426,-0.5614026393456322
HDOK,PLOK,17472,43,43,-114,-7,10,2,29,-108.16014989997738,-107.75216615633694,-107.44211304737038,-109.23250621055632,-108.77372829237063,-109.77298584287907,-108.3387311333337,-109.14595292304978,-107.8740056688334,-109.36003451641095,-107.88884433651958,-108.04760923778949,-109.48605157755257,-108.43082384322602,-108.58574460983948,-110.40207703428723,-108.74232405747071,-107.62369921512507,-109.0341877111507,-110.34221511690187,-109.72019405140803,-108.74942098775765,-109.28968141924271,-108.54081787633821,-109.44650810964781,-107.87214837973524,-108.17373868781934,-107.56861520060046,-107.98963754298538,2,-108.6823004374661,-108.58574460983948,-110.40207703428723,0.6559979042590384,-0.4196260118887063,-0.676449382007756
HDOK,PLOK,17472,43,43,-114,-7,10,2,29,-109.96675295318185,-107.04991438641892,-107.9292567674469,-110.68133279722024,-107.38449677948286,-108.9738067576978,-107.86281481207186,-109.6601918593439,-109.79056753147796,-107.88316418688127,-107.88808801890198,-108.92471060198186,-107.93754065003904,-107.55914962681541,-108.40445978701963,-109.50084817767333,-108.7192434778839,-108.94457763173403,-110.54895178187965,-107.8647144117278,-109.24028839576839,-107.9439988780833,-106.93084816348963,-106.91257766830279,-109.62777203633138,-107.44911212902495,-109.23814784854024,-107.67136410969935,-108.94609302614789,2,-108.53223397421615,-108.40445978701963,-110.68133279722024,1.0977805579091284,-0.3165433346345099,-0.8460521606537452
HDOK,PLOK,17472,43,43,-114,-7,10,2,29,-106.72648383080976,-107.07812390629624,-109.18806460102739,-108.68233355608074,-109.25066357140673,-110.11981943510399,-109.95883937663382,-108.12693558652825,-105.92627565862003,-107.24479203640094,-109.97192421675986,-107.80498122243233,-107.30717731330617,-106.90523711203326,-108.64632082113454,-109.15292632779962,-108.13912884042436,-111.16285658995963,-107.5044037996859,-108.33581112175524,-108.00617367412215,-108.01336270728798,-109.15760688164949,-106.8155497854226,-107.92802023017519,-107.68887703633547,-108.70357495178546,-107.99546234241939,-108.5796598251963,2,-108.28004780546871,-108.12693558652825,-111.16285658995963,1.3195049526318299,-0.37915418047896865,0.17773162565375555
HDOK,PLOK,17472,43,43,-114,-7,10,2,29,-108.60788450335546,-106.6788237130152,-107.56816175705697,-108.35137712785065,-110.36226565085677,-110.41048759883142,-108.9108789988708,-107.68796940530522,-107.45369033644141,-108.23397113689653,-106.78388437038055,-108.54818683678229,-106.02638879837656,-109.61458249631028,-109.85883851291433,-107.82283440875415,-108.06418527623389,-107.95389121399391,-108.76051765871986,-108.393290634455,-107.59122980131117,-109.63051258203889,-107.80899778637064,-108.38265956128468,-107.75672869964129,-109.67295340712042,-107.94504297888938,-108.33778766456776,-109.06442069972118,2,-108.35456702125336,-108.33778766456776,-110.41048759883142,1.0715261462244867,-0.1093193081853515,-0.004824353124666114
HDOK,PLOK,17472,43,43,-114,-7,10,2,29,-106.77885406822926,-107.78459931419815,-108.26220512277665,-107.13170083437898,-108.81384476610728,-108.70273366399178,-108.84644969645373,-108.67273803276663,-107.48581961647776,-107.49279617831341,-109.22671065814002,-107.82258817096215,-107.94596432086765,-108.63110861335149,-109.10956771359322,-109.03682429080044,-109.29486106348716,-108.33854106667455,-107.78382685811883,-109.22330732856885,-108.1000886801528,-107.76903900843476,-110.02256640825522,-108.49911709456738,-108.34772130128736,-106.66749413703407,-108.81405337752119,-108.48603203056298,-108.49943597290134,2,-108.33070997893017,-108.48603203056298,-110.02256640825522,0.5883338117480673,0.2797487304580706,-0.004699723446510262
HDOK,PLOK,17472,43,43,-114,-7,10,2,29,-107.97810502331066,-108.20924438744396,-107.88168679572922,-107.97760257377777,-108.34800639513884,-109.52525941175442,-108.78712772217789,-108.05617529912789,-106.75111724536016,-110.16473766906327,-109.73639405567026,-109.18884952243172,-105.99699655871474,-107.68779798953265,-107.53469567789519,-108.31861358524876,-108.25975025958454,-108.00412678660805,-109.20785999221967,-109.7736435625282,-110.01677441118011,-108.76550413247348,-108.02842054627591,-108.60170780782582,-107.15268258787897,-111.83383064352358,-108.89705521902594,-108.40559314100011,-108.1423148727749,2,-108.52523013363022,-108.31861358524876,-111.83383064352358,1.2525776102727382,-0.5811680859658003,1.7612056770076507
HDOK,PLOK,17472,43,43,-114,-7,10,2,29,-109.38901544504833,-109.19060458561647,-109.54498503558736,-108.697056871804,-108.85170680406333,-107.6406040882906,-109.37166875586544,-108.27987562926971,-107.50868771009924,-108.46632719064354,-111.1959670963981,-108.20186256203922,-108.80094072031197,-107.93831780448394,-108.12012321127848,-108.5188223041374,-108.52098305945715,-110.57157039328186,-108.58107200728473,-107.66436661846292,-107.33644679293393,-108.92175784638214,-108.30351616156302,-108.4867504301991,-108.21572775893706,-110.72829374234908,-109.73667122930728,-109.38806264767136,-108.07994984008482,2,-108.76730118423626,-108.52098305945715,-111.1959670963981,0.8619319316913677,-0.9273200256906968,0.6968849306929692
HDOK,PLOK,17472,43,43,-114,-7,10,2,29,-107.95245775504574,-108.1217346360671,-108.68742259201372,-110.08939251364295,-108.05831755655724,-109.76807537973062,-110.5280703641582,-108.4949863765698,-106.64063795849812,-109.10212830194246,-109.38661423266137,-109.08068684566297,-109.5870557803112,-107.68161333746414,-108.35422939526691,-106.87493135005465,-106.68094624839507,-109.81227240713687,-107.13485212284456,-107.94904030754962,-110.18760662202148,-110.03216967229389,-108.06803186898333,-109.12333438814782,-109.57039776185373,-108.82822496972659,-107.66264920123895,-107.71495428473747,-109.91806399894662,2,-108.65830683550078,-108.68742259201372,-110.5280703641582,1.2138262759863583,0.17617233163931123,-0.9984587313149755
HDOK,PLOK,17472,43,43,-114,-7,10,2,29,-106.62142849764975,-110.73086778551603,-107.07832689078964,-109.26645776949951,-107.23816977434488,-110.01281293163674,-107.95893785369972,-106.61909596387117,-107.55827697229934,-109.05570048985744,-108.141013366388,-110.2032748771001,-107.89774864068717,-107.44343183648563,-108.40502424125215,-110.06545300229024,-108.99225917429281,-107.24583206933063,-108.24985010299396,-109.55651626345397,-109.00905974799034,-107.4104874965542,-108.59318078506537,-106.36423304290155,-107.13419588435507,-108.22090854840073,-109.8051808229313,-106.44751999448567,-108.48960012423238,2,-108.26947741208122,-108.22090854840073,-110.73086778551603,1.4592787055814989,-0.2559122055157308,-0.8938885010620563
HDOK,PLOK,17472,43,43,-114,-7,10,2,29,-107.99953623831114,-109.20988052767844,-108.79650648316024,-110.52161774135813,-109.71242318301773,-108.18075255019792,-108.27707375516188,-107.19954608050132,-107.91734599802274,-109.04473968046457,-108.81213358689968,-107.76428422339762,-109.90132039044497,-107.65521306252735,-107.86591697563587,-110.22820884216868,-108.68798852282477,-109.00493667437577,-107.7050682230154,-107.05455560594447,-106.65549717146358,-109.97050604560562,-109.6220269581614,-109.03960391960082,-107.83260212188566,-107.25387081053569,-110.2213760267232,-109.25503343801161,-109.20149264050089,2,-108.64107094750337,-108.79650648316024,-110.52161774135813,1.074335546462663,-0.005748001237081359,-0.9591051564152844
HDOK,PLOK,17472,44,44,-114,-7,10,2,29,-108.4915629254007,-108.61397945260642,-109.18903927713787,-108.94895131545199,-108.56756785858032,-108.10167045135188,-109.24513040484884,-108.21039789315347,-109.49174430361778,-109.43715299945448,-109.41324037190896,-110.95064281074066,-110.03806579620434,-110.55334549808609,-110.98098425273464,-110.87208685075754,-108.70870182029259,-110.57798166444469,-109.15378484696807,-108.65204058818465,-107.53296626390775,-109.3045980154216,-110.2733195811577,-109.76618952990377,-109.96149286023905,-108.87907927786915,-109.34987976103896,-109.4559115932364,-107.5946219410536,2,-109.32124586916396,-109.3045980154216,-110.98098425273464,0.8578007163190368,-0.09142484230772957,-0.5011721565252576
HDOK,PLOK,17472,44,44,-114,-7,10,2,29,-107.00287367646158,-109.7057704066536,-108.95593617114115,-109.55110608434293,-109.1749489338076,-110.5026702377704,-110.28663867360333,-109.36594467334922,-107.96433067217893,-109.58077405657352,-109.07676274811722,-110.97981602218802,-108.9161342760977,-109.18270964579139,-111.61705175564214,-108.79537187736771,-110.16855791550735,-109.66341022121071,-109.22607303085688,-108.98584893185064,-109.87003143035108,-108.27805872566334,-108.76381576165313,-109.66085821500688,-109.11672113517969,-110.24078764582914,-108.6323487558715,-108.67942923915166,-108.92707652586135,2,-109.34040887741655,-109.18270964579139,-111.61705175564214,0.8000195877272784,-0.11932471462414469,1.3834376979095313
HDOK,PLOK,17472,44,44,-114,-7,10,2,29,-110.35576768900088,-111.0008129209665,-110.20469589179422,-107.53830951146925,-109.43229464080966,-109.74220200819651,-109.47966597226927,-108.83164630098788,-110.34453581865442,-109.57063873373372,-109.42483737019678,-108.28305350719731,-109.09755797681166,-109.33040405349168,-109.25589383388778,-108.53137522399875,-106.4961583244817,-110.53340636180172,-110.76816968776961,-109.80864225701035,-109.33047251169067,-107.6657794656573,-109.79179797321135,-109.09763712510066,-109.11651808351517,-108.67888740129784,-107.5448188450625,-107.8924970725172,-109.54426753141685,2,-109.19630152048273,-109.33047251169067,-111.0008129209665,1.0766651582338276,0.6122824236466123,0.29425984787454906
HDOK,PLOK,17472,44,44,-114,-7,10,2,29,-108.80476627389918,-108.35553369468094,-111.20411123340259,-106.44983419063455,-109.00854092526217,-109.11191656305505,-107.50066322317237,-109.06479441940013,-107.74694370350575,-110.49865731087688,-108.0563279938354,-109.408915401275,-109.1492266763457,-108.55539935573145,-108.06631254004688,-108.78404401272947,-108.83346510816328,-107.03280409746606,-110.29530816395518,-110.51421173935886,-110.03272359475352,-108.02297877264384,-109.03230902735307,-109.35208897634416,-108.72898379411461,-109.10102606092305,-110.92799781225453,-109.2237556048314,-109.806615424896,2,-108.98862950672108,-109.03230902735307,-111.20411123340259,1.1932428534681079,0.07534043082436875,0.11162639970976818
HDOK,PLOK,17472,44,44,-114,-7,10,2,29,-109.69726100100529,-109.6641939092942,-110.48448949211621,-109.58267565618226,-111.39975060606454,-108.57093588550309,-109.52898234884324,-109.01540589608764,-109.19767598778283,-110.1761376464498,-110.14707557618311,-109.53469203700601,-109.9078207359943,-110.0205111447705,-109.95600428873293,-107.27070112998646,-108.59789427348166,-108.11138703657713,-107.87015721113532,-108.91117327713606,-108.94276259338585,-107.64108409975996,-111.40978264640472,-109.31032291716711,-108.33089790730735,-109.86747185960323,-109.21049876681025,-109.2860500790257,-110.19894077959889,2,-109.37388747549642,-109.52898234884324,-111.40978264640472,0.9374631713383961,0.07200902555367422,0.19559084664735815
HDOK,PLOK,17472,44,44,-114,-7,10,2,29,-107.4865742606768,-111.34875605747723,-109.3251111991842,-108.43658258824577,-108.11148736771085,-109.91507836470039,-109.05383473922497,-109.69285538959281,-108.85860072340775,-110.23676432273368,-108.35428875677123,-108.3986664768008,-108.57985284798572,-108.51587703282372,-110.717479470755,-108.1471761721125,-108.02877100867491,-108.52910306899166,-109.52948808895717,-107.44941816150822,-110.03974923569483,-108.1517319400546,-108.11306628412838,-110.01613024906266,-109.34478129431369,-106.95063760400686,-107.57019432241607,-110.56908833896182,-110.21805067012549,2,-108.95479986334827,-108.57985284798572,-111.34875605747723,1.188797547969306,-0.295598554195496,-0.6920161602370967
HDOK,PLOK,17472,44,44,-114,-7,10,2,29,-109.94253370793189,-110.00231255212535,-108.22997506072672,-110.1368522399151,-109.16622144180309,-110.6310187200828,-108.11535768960958,-109.72186954337938,-107.45404392058016,-108.90944692667631,-110.89204337084357,-107.66160600926689,-107.34266090216315,-110.97219199637928,-110.36634171824976,-107.88367998509072,-109.55451156379864,-109.19338870271231,-108.85639159690741,-109.28561166237614,-109.24054652829466,-108.82050913999227,-110.24208813119391,-108.98166160874943,-109.36620483872692,-110.17770747854168,-108.71808578963008,-108.16990456558098,-106.84862784064481,2,-109.13391018041288,-109.19338870271231,-110.97219199637928,1.1643752159371745,0.24732833486431083,-0.6572237661694338
HDOK,PLOK,17472,44,44,-114,-7,10,2,29,-109.9799281256983,-109.71710728098233,-108.76466273854508,-109.94451956249951,-109.35815497435179,-108.94767943407301,-107.88805045431357,-110.53788403253805,-108.07587058623872,-108.60757655090752,-109.69350468259752,-107.96119022698434,-110.74515791405963,-108.49975074008479,-109.32606291921952,-109.90028319427647,-110.02646916526018,-109.09000191678881,-109.29841733600495,-109.64119015987791,-110.3586867629069,-108.41634731911199,-108.4983239720448,-108.29717578352391,-110.96992034532646,-109.53997795330937,-108.98026620882544,-108.79035939300246,-105.80543723859732,2,-109.1606881714466,-109.29841733600495,-110.96992034532646,1.072498021545759,0.9157841337339155,2.3466090786224068
HDOK,PLOK,17472,44,44,-114,-7,10,2,29,-110.1582258941396,-108.18563544171957,-108.93191214250459,-107.7293944325049,-107.91147109410761,-109.20685273128684,-108.8579901477548,-108.37063911004029,-109.47634795730292,-109.91726739439072,-110.62602077851666,-109.69407653532127,-107.84652612325979,-110.73837220578689,-109.51676402388102,-109.53892487975095,-110.10943500978009,-109.50720160168775,-109.49214520978069,-109.28544297795672,-109.4156283948669,-107.34179170913802,-109.28843335719515,-109.18643392002441,-108.8625036780541,-108.51218480604152,-108.94185907318209,-108.43886844993813,-109.95139478348462,2,-109.13930151253099,-109.28544297795672,-110.73837220578689,0.6945261666639454,0.2385073165463055,-0.3200132502080262
HDOK,PLOK,17472,44,44,-114,-7,10,2,29,-108.17429861062632,-110.42745496939581,-109.058234263826,-105.59597197763111,-110.32960585375031,-109.44450549670172,-108.78266494584295,-109.14276787808019,-110.27577074497262,-109.21288795059726,-109.51883013478309,-110.26093635425435,-108.21726288048123,-109.76115626049688,-110.2665515241505,-109.12421386748876,-109.67622105973877,-107.55478535050125,-108.7631121498373,-108.17494352481205,-107.92891867012663,-109.00446301584907,-109.20572765114997,-109.92805827158662,-108.6980961251799,-107.37564911646162,-109.1750539739732,-107.46574960795868,-108.24831163831034,2,-108.92386909891603,-109.12421386748876,-110.42745496939581,1.156266461873374,0.9606371198138811,1.5676521114878565
HDOK,PLOK,17472,44,44,-114,-7,10,2,29,-109.15627179548494,-110.55514754259274,-109.86332602047669,-108.20387429296554,-108.81564707288507,-109.97699651798538,-109.01780059839113,-107.18626545958881,-107.02610811965532,-109.75190825464034,-109.06020651881859,-109.27420381725291,-110.52916880437847,-109.75159969915315,-109.30840707823096,-110.45890015908047,-109.32468329319039,-109.91494037622454,-110.42242650515506,-109.37836543634202,-109.7850329628697,-109.78883616935482,-110.84327075988844,-109.09133111094087,-107.51699497870801,-110.01266582309024,-109.1378624138961,-107.72481537264598,-110.00166295491255,2,-109.34064551409654,-109.37836543634202,-110.84327075988844,0.9665278533212768,0.8945090723810644,0.3141838404840218
HDOK,PLOK,17472,44,44,-114,-7,10,2,29,-109.1216392724268,-110.87977398803872,-109.00335618048341,-108.43170350391426,-109.55706719673012,-106.9821742071322,-107.81656426749892,-107.6143226446921,-107.70388853867277,-109.82151041599538,-109.1962751495005,-110.96156074995787,-109.30090401858567,-107.81126243730256,-110.3251924051371,-109.46960399528577,-109.14344156338525,-109.460668168677,-111.10404772493966,-110.487098841414,-109.59016921440805,-108.7737528557317,-109.63839310288249,-108.38063338394258,-111.30017937188747,-108.28168570904116,-107.43277572496416,-109.57228699079131,-110.02661778606978,2,-109.21339825549965,-109.30090401858567,-111.30017937188747,1.2993434143465037,0.03575717506496926,-0.6742076936358634
HDOK,PLOK,17472,44,44,-114,-7,10,2,29,-108.8072073803054,-111.02607758087773,-109.20620273740049,-108.88226868927734,-109.89084999181527,-110.2674296775402,-108.77535484420252,-106.4898228030505,-110.26913020378565,-109.10856156835762,-110.63070262209584,-108.29815471491543,-109.88139268894207,-110.30522899331966,-108.21204050144108,-109.4739399726355,-108.16006306231274,-109.73550029059724,-109.21231724095351,-110.15353982819907,-107.5042933694078,-108.91374104513842,-108.57172579430159,-108.73966368734257,-109.69043023570386,-108.89682103826668,-109.55863325207771,-109.31141086591838,-108.60399748393247,2,-109.1922931780729,-109.20620273740049,-111.02607758087773,0.9016916831529322,0.5576530756153185,1.0056255828299618
HDOK,PLOK,17472,44,44,-114,-7,10,2,29,-109.53666808731569,-110.2777821611059,-110.72127855791484,-108.98586929476707,-109.15835309463942,-107.94838033165672,-108.64145591657834,-108.75306382962356,-109.9166125957244,-109.31035478181774,-108.50246885036819,-109.46969270095578,-109.08190825147177,-109.15350602833007,-109.47087876066703,-107.93976416282982,-108.77602554376097,-108.57204451896311,-110.26806428142862,-109.90012929494235,-109.20095114411228,-109.33528059257374,-109.9468873761231,-107.9923708761661,-109.4839666495884,-110.79904011937508,-109.39799463401332,-109.28273204593629,-111.7130743659873,2,-109.36333099478404,-109.31035478181774,-111.7130743659873,0.7221669004484245,-0.6014083287814492,0.8385424148699232
HDOK,PLOK,17472,44,44,-114,-7,10,2,29,-109.42857044163856,-108.98827664085752,-107.39804975812343,-108.92093551925497,-107.96056694558276,-108.36080876767599,-108.40175559070457,-108.80332514419578,-109.07909431236853,-108.44521726234932,-109.49516640486827,-107.83833861904742,-108.06277049901097,-108.53739381506831,-109.49699795807035,-108.61629969187365,-108.87632274609537,-109.53211143309348,-108.96172938487705,-108.61062644118613,-108.51311824659923,-108.01227867811625,-110.47579804967005,-110.1720659450012,-108.86462229391579,-107.10559088771628,-107.49264382489513,-109.55233854855575,-109.02810820869524,2,-108.72520420893473,-108.80332514419578,-110.47579804967005,0.5947692493178945,-0.03867644309272036,0.07789009753592069
HDOK,PLOK,17472,44,44,-114,-7,10,2,29,-108.8355815107325,-110.74246116061975,-107.77372395816535,-108.44850361411444,-109.05880283761715,-111.40268971167512,-108.98544107142753,-109.5406649423504,-109.4791187663091,-109.03647079831815,-109.23102642927651,-108.17499169099536,-109.37345997558612,-109.91696843550517,-110.16222004585966,-109.13772241262014,-110.1726829869394,-108.98501964772468,-109.5625190293705,-108.77170123105287,-110.03450941675011,-107.93485118801966,-108.36895727252734,-108.33005972011648,-108.43914950177592,-109.54370798434115,-108.51369037405259,-109.85886570351057,-108.68174296150411,2,-109.18956221996059,-109.05880283761715,-111.40268971167512,0.6791105044171224,-0.6150494313905011,0.42356719018625544
HDOK,PLOK,17472,44,44,-114,-7,10,2,29,-109.63795941960575,-110.67658352756969,-107.93403500183894,-109.67678694396936,-110.6033165880685,-108.73398143008963,-108.88306156571066,-108.33987092675717,-109.45839617232602,-110.03005093916185,-109.71805868320698,-108.80482889807456,-108.72752064617755,-107.92092089458278,-108.38960665632852,-107.62703860787106,-110.85122037640983,-109.28353422000302,-109.50524793584022,-109.76475204219861,-109.46389969796473,-108.75287161973647,-109.74262661066562,-108.33154183155777,-109.38022770693263,-110.0911734971607,-110.26503300007937,-110.37560976528889,-109.21708309811434,2,-109.3167875276997,-109.45839617232602,-110.85122037640983,0.7176207438230624,0.1331878095332571,-0.6941594250840324
HDOK,PLOK,17472,44,44,-114,-7,10,2,29,-109.7917613773296,-110.25809175893062,-108.40006638201743,-106.89078868924095,-107.7118385580432,-110.3080575783747,-108.76054659893119,-109.60428706245911,-108.65159637828744,-109.25303920705969,-108.48641505740906,-109.71449065188291,-109.73012920707255,-108.72267911141488,-110.97266533309617,-109.45425975417227,-110.62807656301446,-109.2466821455602,-108.94924365285347,-108.33712865253575,-108.3606146217429,-109.1318309243717,-108.86477938968726,-110.34927202286852,-109.39533265328751,-107.69318937408069,-109.12194808030537,-110.18989365472045,-109.30746107265335,2,-109.18228156942769,-109.2466821455602,-110.97266533309617,0.8387199945934982,0.2918504980338064,0.15316227986111386
HDOK,PLOK,17472,44,44,-114,-7,10,2,29,-108.20163234153162,-111.23250201653546,-109.97748949595577,-108.36371247788986,-109.18726252410812,-107.84880270828145,-108.72406044611401,-108.2420581146613,-109.54866481470415,-111.5810083942983,-109.37627519085567,-108.91557401540382,-107.63412045083079,-108.96602493377974,-109.11401097199071,-109.02015444396996,-108.70539957975092,-110.06631960577857,-109.51901171195341,-111.92487773318504,-108.83478953700907,-107.86075753175359,-110.62855720928684,-109.4320053146472,-109.01273153910013,-109.45297009079098,-107.66510845504835,-107.40714176766974,-108.24762377066062,2,-109.12726369612223,-109.01273153910013,-111.92487773318504,1.2695601753452297,-0.828868876580096,0.4768627643601624
HDOK,PLOK,17472,44,44,-114,-7,10,2,29,-108.14034282362717,-110.10800440760195,-108.47285421688159,-110.12602256532536,-110.23129993698336,-108.86569046841565,-109.44124327214652,-110.8852747622401,-109.29781277672141,-109.99215845866844,-108.41226154928478,-109.59231124290966,-110.52049192746608,-109.68112984176183,-109.06902374652356,-109.20998642162719,-108.97812496096539,-110.89950700159628,-107.09667466435599,-110.1755036262504,-107.23621626871183,-107.21417318779837,-108.64183573784518,-109.24623556995981,-109.03930190164488,-110.57042856024495,-108.6024745462179,-109.0220053075109,-107.87555636863293,2,-109.19461883172136,-109.20998642162719,-110.89950700159628,1.0787573440488887,0.33179741429154364,-0.44594839589548574
HDOK,PLOK,17472,45,45,-114,-7,10,2,29,-107.99169908555145,-104.89429223733866,-105.7411984947869,-108.50029822180917,-108.24949867350544,-109.01257292164068,-107.03165914674106,-111.18086985684052,-108.2298393317443,-107.42197230063479,-107.22483197293157,-107.46767886044022,-108.07506854546307,-108.60214357761093,-108.82435729418462,-108.7215717014918,-108.0190529175462,-108.69335509358126,-107.19614866615284,-107.88105692014585,-109.13928465325566,-108.15846946733524,-108.94608152454397,-107.42202012443926,-107.60488937109986,-109.42139683686743,-108.21630329770042,-108.12066063024187,-108.54540589101457,2,-108.08736819367721,-108.15846946733524,-111.18086985684052,1.2409776899910976,0.3471770336917747,2.952799317826964
HDOK,PLOK,17472,45,45,-114,-7,10,2,29,-107.81772166262591,-104.85958928937409,-107.12776908689443,-107.2014888640534,-107.43452932532183,-108.76078953966969,-108.25016392788906,-109.15174457739477,-107.41424254639061,-107.5348731906535,-108.80364585959249,-108.83871929040787,-108.83785716005805,-110.31794086643569,-109.482860841931,-110.0129032290837,-109.01938921951306,-107.55549337572067,-108.48697343868744,-109.54107350583428,-107.21553828562246,-109.34528679495331,-108.53738885748658,-108.57589428488947,-110.74749744308122,-107.44361789143268,-107.82374603334716,-108.48526046630235,-108.75358937839115,2,-108.39233062872543,-108.53738885748658,-110.74749744308122,1.3427277452180442,0.5733803124068663,1.7320906657342268
HDOK,PLOK,17472,45,45,-114,-7,10,2,29,-106.70980093421646,-106.14811069920593,-106.86308861821284,-109.27279689503295,-109.88059481932265,-110.59963913580702,-110.25171890573897,-107.97570980113423,-108.82074705136964,-107.63178938603808,-109.54586915483112,-108.60157497430563,-109.15093544412863,-108.07967144656534,-106.37934487530231,-108.05789577889738,-110.24420360026197,-107.49035477423274,-110.023556122739,-109.27269746010117,-109.22574960102044,-110.1196865577412,-108.62763654946815,-108.94222339403956,-109.30684321935217,-107.83737252389417,-108.97114717986386,-109.64673306033866,-109.68956978118285,2,-108.73679523256364,-108.97114717986386,-110.59963913580702,1.4373300516915424,0.5896787837117241,-0.4908169701429257
HDOK,PLOK,17472,45,45,-114,-7,10,2,29,-107.21188335654232,-106.42952287145643,-106.95276922005668,-107.79598553921403,-110.6800977397938,-110.11946955807657,-110.79800884215808,-108.59090504475027,-108.65487932669662,-108.42023335481251,-110.90968519678863,-108.6023640445234,-108.33849780555501,-109.40983874577324,-109.1809385004135,-106.94764796393306,-107.9329976597566,-107.53243229925205,-108.51000998144335,-108.45875716670535,-107.96681133250064,-106.83122755748099,-108.23327353048175,-107.71453029016334,-109.10586221071391,-108.44662294346895,-108.30138970677731,-107.33359840945477,-108.62242731256495,2,-108.41491956935545,-108.42023335481251,-110.90968519678863,1.298850746884637,-0.6114395218067201,0.14472202363810238
HDOK,PLOK,17472,45,45,-114,-7,10,2,29,-106.80071784499874,-106.29387421211794,-105.43466501133292,-109.17670922436054,-107.30863405734452,-108.85709685352798,-107.5424893615321,-108.69799521663505,-110.00075537386847,-108.11791431140063,-108.48623696095832,-108.76537735635178,-106.99241923491142,-108.51565427494623,-107.60640837801134,-106.91062884187248,-107.39338946719066,-107.57170148870772,-108.05793051324697,-107.37816213476515,-109.19334236349825,-108.72314406232232,-108.30405034156958,-107.68921412681087,-109.1411866373964,-109.0057682355404,-109.20592641417846,-109.62901869074192,-107.39341308813542,2,-108.07564910614741,-108.11791431140063,-110.00075537386847,1.0823130760437047,0.3979184077288521,-0.07211284209987356
HDOK,PLOK,17472,45,45,-114,-7,10,2,29,-106.42361898251622,-106.392738721008,-104.70193960535832,-107.32931710367751,-109.28649680937569,-109.53933507078283,-109.35652049412666,-107.65206133986985,-110.64189129058184,-109.81707092895996,-108.56956238048032,-109.90812346228765,-108.05219205662674,-108.46171629864268,-109.46903853589873,-109.508680255255,-108.26850746138018,-107.69151165597839,-106.9589112073286,-107.43696856158039,-107.45552298537037,-106.08933457131303,-110.2998944403734,-110.1845024518317,-108.98365312402191,-109.93651341405362,-107.76884324225747,-110.31282818904224,-106.29684021085616,2,-108.37221154658054,-108.46171629864268,-110.64189129058184,2.2709655233091,0.4573255810358829,-0.5326567386406738
HDOK,PLOK,17472,45,45,-114,-7,10,2,29,-107.11255039420669,-105.54117008218402,-105.61005140979742,-106.89669414656856,-108.11209911648214,-111.40159032568542,-111.19235751311503,-107.93969216181209,-109.91324182744904,-107.52232103951654,-108.41860737229229,-107.79069142683302,-107.85432168046407,-108.15458596048184,-109.43185634421728,-109.67660856529712,-107.82396591239002,-109.74985211376536,-108.35324449263928,-109.61218099120089,-106.85765857795234,-109.00232415377172,-108.49058900866167,-108.2656949541862,-111.4797155079183,-109.67178737507976,-108.56617108211243,-108.40790405317902,-109.33276511388108,2,-108.55801009321173,-108.40790405317902,-111.4797155079183,2.1079011991631615,-0.08604133853938678,0.16054962817879215
HDOK,PLOK,17472,45,45,-114,-7,10,2,29,-106.12475757428284,-105.32646129787861,-106.84148585551661,-107.597054847352,-109.35101831090797,-108.25371764656323,-109.49656691109908,-109.24696587990104,-107.93711097751006,-110.10393277185074,-109.5420492861122,-107.87641239402586,-107.23975857299126,-107.7760957639078,-109.2881939092252,-108.19572492664429,-108.02941227638017,-108.56375276574823,-107.05017881999296,-111.35117268771643,-111.34595501923548,-109.90642299329615,-108.44284196570199,-108.43630981664141,-108.34708516922076,-110.3842126741454,-108.97633628165408,-106.75404360046772,-108.71011676084629,2,-108.49983268126952,-108.43630981664141,-111.35117268771643,1.9393064757891774,-0.021998608043120794,0.12276619776323905
HDOK,PLOK,17472,45,45,-114,-7,10,2,29,-107.57027690728708,-105.12748511128996,-107.27914537453194,-108.59257438491672,-109.95113619708994,-108.9244581844069,-108.60967442175189,-109.15970575277919,-108.65095773067024,-111.04241742718084,-106.97522540417157,-107.7905210026254,-109.11840819616437,-109.33549002852764,-111.03705840112694,-107.74919248691552,-108.59486642255453,-109.59571069955457,-107.55843720870983,-108.1823818151777,-109.8578361499854,-106.06994282269588,-106.5998307555016,-110.33384016799857,-108.10040017936944,-108.36659290636325,-107.48901191816638,-108.8105498726484,-109.40077496168675,2,-108.47841044454648,-108.59486642255453,-111.04241742718084,1.8234389045253734,0.25573305369796134,0.270270206893791
HDOK,PLOK,17472,45,45,-114,-7,10,2,29,-106.78293642835433,-104.0983582383275,-107.7523527727519,-107.61820548951948,-108.16596161429064,-108.7418035816545,-107.27280271892815,-109.4394725477152,-109.23606134294721,-108.38292565450908,-109.4279548217377,-108.52849815133875,-109.09068179778745,-108.67824156675445,-108.2593001852209,-107.78723732679927,-108.29144008696746,-107.50196318747177,-109.55283784825178,-107.35111872659596,-110.23371992520185,-109.7149032224758,-108.40061773025536,-109.0606184214691,-107.99727843889272,-108.16981228666626,-108.17593701577178,-109.43225838376878,-108.22733160856352,2,-108.32319417658582,-108.29144008696746,-110.23371992520185,1.2882622291029004,1.6192673258873687,5.414390740411276
HDOK,PLOK,17472,45,45,-114,-7,10,2,29,-106.27524628879004,-107.77100545922563,-106.74454531642427,-107.57037102182079,-110.10486793970288,-107.77701951018267,-109.01419182824328,-108.71889869248649,-107.82444768648381,-109.30036617746954,-108.91504787375123,-110.43948303245128,-107.64549871869261,-108.56908815578848,-108.44567143735877,-107.3242825368817,-108.4471283766945,-109.64744385858714,-110.10234834777467,-107.92086273797794,-107.80853068249066,-107.84139867907959,-110.46548604892608,-109.7245974981053,-107.57513580751777,-109.03544145613878,-109.47515786543839,-109.02301890069354,-109.04010500381766,2,-108.57057541168948,-108.56908815578848,-110.46548604892608,1.1379052936065033,0.0165064274736579,-0.599767062610649
HDOK,PLOK,17472,45,45,-114,-7,10,2,29,-107.84999094057845,-103.68791123155708,-106.16963302030614,-107.40701819498493,-109.39410432305627,-110.54066031911987,-106.60297377417102,-109.24066683921875,-107.11067465872063,-107.35106092054309,-110.1633197736661,-109.20118539887152,-109.55065966910635,-109.5456247304383,-108.9053729778205,-107.63169391577298,-109.46941618311824,-107.84641264452331,-108.60574434240756,-108.49383858841222,-108.81188246616027,-108.27001426633171,-107.83645025766111,-107.62098249542487,-107.67191381865877,-109.05714701222148,-106.69425200400212,-109.86970954041081,-108.90597916758445,2,-108.25883770602924,-108.49383858841222,-110.54066031911987,1.9410858647700477,1.1202115514106372,2.469876893752445
HDOK,PLOK,17472,45,45,-114,-7,10,2,29,-105.35418609313086,-105.27896645022392,-106.05376662594193,-107.20623827664421,-107.66419152973488,-107.85614483062224,-108.5235927617723,-109.55292022732816,-108.59218374334962,-108.72674948485992,-109.24527576600671,-107.6650727750637,-107.31725691453391,-107.9915606794806,-106.9622281793102,-107.93799105260894,-106.16811139436572,-109.58625742651313,-108.30668306196252,-108.68123874074556,-107.90072687230149,-108.63056245507335,-109.44396451570069,-107.75866749345629,-108.55554436869227,-110.20381627934225,-108.1336921899093,-107.1284446656189,-109.02589677792787,2,-107.98110109076626,-107.9915606794806,-110.20381627934225,1.4377965821629066,0.560430494519891,0.1278631091475546
HDOK,PLOK,17472,45,45,-114,-7,10,2,29,-106.25700261974119,-104.61563417128103,-108.45040444075066,-109.3576750895692,-109.9573240633349,-110.53535325146956,-108.29033353741572,-107.90173143115744,-108.95458813145213,-108.934355114552,-107.29142548323206,-107.51852807078085,-108.78211049409542,-106.78975724800353,-108.50948427622265,-109.82802864723658,-108.34775619028103,-107.84349248645299,-108.50454147403323,-108.19975062673748,-109.42041483805434,-108.11806621181968,-107.68956756973449,-109.57233261049797,-109.38759906529526,-109.54959626681843,-109.22694176136268,-111.18862062177261,-107.79722882853892,2,-108.5110222283343,-108.50454147403323,-111.18862062177261,1.6756663124828228,0.7096870885996619,1.7818107312667038
HDOK,PLOK,17472,45,45,-114,-7,10,2,29,-106.41769103734009,-106.85209218927521,-106.59024568401246,-107.34563911966151,-108.56478550268803,-106.38201422302657,-109.75355715955598,-108.93978200502936,-108.68857840137105,-109.95238578802883,-108.86053564636428,-109.44396302962534,-108.61396466816741,-109.25039951869125,-108.88742014520633,-110.08514074558656,-107.95297530375218,-110.03808920151565,-107.85186594552042,-109.463632954797,-109.05532929404724,-108.45538866085607,-108.96518733616672,-107.46889375666592,-107.84477852710545,-107.52095420483546,-109.20371907515108,-108.17351895255624,-108.04923472318556,2,-108.43695733792366,-108.61396466816741,-110.08514074558656,1.1162847186835358,0.3895522879485149,-0.6603526666584174
HDOK,PLOK,17472,45,45,-114,-7,10,2,29,-106.78940062727037,-103.56830968637144,-106.40480071940003,-109.19590772232449,-107.91402402328734,-109.18677733152681,-109.44822657385134,-108.13289914772888,-108.79725515172633,-108.44820380495672,-109.12134781940344,-108.94352260920077,-107.92749739684815,-107.82909215421573,-108.79060955796353,-109.64089113964825,-108.80176473648532,-107.28730043897808,-109.70133390239374,-108.3700038993032,-108.42914637954274,-110.73501175869774,-108.08815470118823,-108.07115809915268,-106.4686101287938,-108.60945429999482,-107.07012424414071,-107.17276549110882,-109.49650537610766,2,-108.22207237660727,-108.42914637954274,-110.73501175869774,1.789027094870749,1.35805622177224,3.7923434738852566
HDOK,PLOK,17472,45,45,-114,-7,10,2,29,-107.60796685014918,-105.21942255192424,-106.40739127905864,-107.46738434335265,-108.24300088343894,-109.10643454929789,-109.88994470222308,-109.98168664336812,-109.48278234877496,-110.06339260858503,-107.20842887507698,-107.73196053815295,-108.96861994503269,-107.4542040867897,-110.04389207502211,-107.61482045928724,-109.8307264659558,-109.70240868633219,-108.03978267452771,-108.44945852656976,-108.4784703846832,-106.87587557925525,-110.28391769732558,-107.18111079306779,-107.82934339542388,-108.18790887448458,-108.93401107218851,-109.47117099913513,-108.99711550724292,2,-108.439745979163,-108.44945852656976,-110.28391769732558,1.5353281017617912,0.4608140715725975,-0.14989385653759957
HDOK,PLOK,17472,45,45,-114,-7,10,2,29,-106.75773017801635,-105.45460428525935,-106.54472937028555,-108.3117689946313,-110.05899947725666,-110.19775845944922,-108.64161394672206,-108.54797948516321,-109.34090630108686,-108.75600999268492,-107.74860831340895,-109.63411527467223,-108.80372369781794,-108.49681216802674,-106.72016663660001,-109.15261198182655,-108.85728408584079,-107.40582173884906,-110.02593738956143,-108.86538351387425,-107.4018348164146,-109.99825888382212,-108.25279127186255,-108.37934326883475,-109.90082264954644,-110.21421522543875,-110.43550190538916,-108.76042432262635,-108.14340001312902,2,-108.61410888441713,-108.75600999268492,-110.43550190538916,1.5031304224472049,0.6242734413412687,0.07755283694066994
HDOK,PLOK,17472,45,45,-114,-7,10,2,29,-105.09078575476826,-104.95414438558413,-105.13347652669897,-109.06867528476913,-108.8701963732326,-107.81873219719718,-110.6053891592754,-107.97643705194804,-110.6948412016133,-107.12753723777743,-109.7966142172559,-109.88275373327495,-108.41916100726145,-107.86019477276488,-109.74704640665482,-108.62642730950147,-107.8136277507255,-109.73763997449318,-110.22401496681081,-108.58927158198684,-109.50126761941928,-109.83440996614067,-107.56602257752365,-109.13646642266978,-107.75727983525393,-110.73642251930453,-109.56696155762305,-108.93745159712192,-109.3698654525746,2,-108.63596946349054,-108.93745159712192,-110.73642251930453,2.3996210458080585,1.0276947706985327,0.738280787907152
HDOK,PLOK,17472,45,45,-114,-7,10,2,29,-106.16194552045944,-106.73430704507501,-107.06238848981835,-108.33180119739283,-108.65325258067045,-107.65266480525783,-108.72052714120406,-110.01180832665196,-107.91704514004788,-108.17594476118224,-107.76373760812767,-108.2520142425752,-108.18467252179163,-109.34690876504389,-109.41792367042558,-111.48703061019519,-110.69864722255724,-107.43139174089418,-108.95385261957064,-109.98238471739563,-106.30584677281779,-109.69779992968729,-109.69211907651608,-109.87417047980679,-107.87560296606357,-107.75552544553135,-109.89113384891681,-109.97499123893097,-109.58564267486399,2,-108.67562348825766,-108.65325258067045,-111.48703061019519,1.6779987660838274,0.035389122883029936,-0.5071242683153598
HDOK,PLOK,17472,46,46,-115,-8,10,2,29,-110.62838654505002,-110.48086235983838,-107.07603332444705,-107.86629756282743,-109.6428457002241,-108.93353815135202,-107.96795469262008,-108.56026895793784,-110.42111421417464,-110.81330575258316,-108.46340358867064,-109.09548618435224,-110.17800445338783,-111.40510293735949,-109.36259369687797,-109.89270431084967,-108.23176802069626,-109.67686971859347,-109.19635349347165,-109.29552562423315,-108.40513531541932,-110.8913693577616,-109.52921550137877,-109.5524298515533,-107.98278098251149,-106.45845608105853,-108.90777345113968,-108.54023037720488,-107.48638942228693,2,-109.13593791827108,-109.19635349347165,-111.40510293735949,1.3921651572810665,0.17188059124118785,-0.3479730854607066
HDOK,PLOK,17472,46,46,-115,-8,10,2,29,-109.09451360619418,-107.8343661881324,-109.07179162509634,-107.28203689452624,-106.99117345853422,-108.75816466312266,-108.08225604878638,-109.55942013600226,-107.87884687648457,-109.73208139616672,-110.61848367116802,-108.28857141865032,-107.57742921111239,-110.69146670349083,-105.95494952191815,-107.44723606373225,-110.41654786436406,-108.86950820311124,-110.39171903038464,-108.78720576608255,-109.71244744998894,-109.84205693505609,-108.13062329296764,-107.85346310426648,-107.47287847456651,-108.44709137645403,-109.72928114216593,-111.04683014678042,-108.95431463392364,2,-108.77643982424931,-108.78720576608255,-111.04683014678042,1.52636724829645,0.05716517672065915,-0.5359134809229564
HDOK,PLOK,17472,46,46,-115,-8,10,2,29,-110.01281934223735,-110.08924494483226,-107.60646354904948,-106.47754444732422,-107.97263964641148,-108.76855733009491,-112.89179665949099,-109.09717457734196,-108.9472487969124,-109.18833158357828,-109.28062150257298,-109.89801409603253,-108.76623578937861,-110.15293881580452,-109.859103391859,-109.71918564790708,-106.99021831105011,-109.03457827158142,-107.5306429164763,-109.07703856364455,-107.89865965050065,-110.19702355335538,-107.42726910481448,-109.5000497762884,-108.56673641907528,-109.22695616591542,-107.13758204794279,-107.35516913505703,-108.60988044250853,2,-108.87171463720826,-109.03457827158142,-112.89179665949099,1.6554177766345277,-0.6411907235254017,1.84530208408423
HDOK,PLOK,17472,46,46,-115,-8,10,2,29,-108.0876781974172,-108.74527110309033,-107.73966014912466,-107.51003117498585,-107.97025348695558,-109.46321118270868,-107.18420639860688,-108.36340440551614,-108.34411399113436,-109.86849070122942,-108.19156961992438,-109.34036078787278,-109.19731287876425,-109.76304714868708,-108.94416701932784,-108.26688405199529,-109.77996682230753,-110.3058521900999,-110.47312489885786,-107.78409761173296,-107.98676497712857,-110.17888293506716,-107.65930055313936,-110.91693112434578,-110.11131076369853,-107.80865105543252,-109.13905001942629,-108.14988791676568,-108.72803628759483,2,-108.82763860182544,-108.72803628759483,-110.91693112434578,1.0088963497584547,-0.3691335805831048,-0.9999353538955313
HDOK,PLOK,17472,46,46,-115,-8,10,2,29,-109.26740169015997,-108.76012313700575,-106.34770471023185,-106.34499623123943,-106.94018522204098,-109.09657675139715,-109.12027398557397,-108.18473478130939,-109.46619861291403,-107.67759487703958,-109.35034927848301,-108.24428543003853,-108.7934887213224,-111.04260347472274,-109.64344991370291,-109.071729211636,-109.00441026846161,-108.67190954133943,-107.48937488938721,-109.0899105474104,-108.74155218549089,-108.53289685782036,-109.98719867357094,-108.74460945264192,-107.58902855023236,-108.40130865529686,-109.17920980975508,-108.21807506495342,-108.1113543091053,2,-108.59008740807874,-108.74460945264192,-111.04260347472274,1.0024209148811494,0.3471412113454334,0.9261054905312229
HDOK,PLOK,17472,46,46,-115,-8,10,2,29,-109.06198018563579,-107.25336551853617,-107.24631932374574,-107.07927266106208,-108.78625634404763,-107.54677584331326,-109.40106987275851,-109.90250571050365,-108.77258757272332,-107.93688699009198,-109.90811252986605,-110.17553442223343,-108.70166820738223,-108.78742922797088,-108.76508861031355,-108.07512887325363,-110.52540288709575,-108.31712612737003,-109.74431379862486,-109.02432766271177,-110.64054387172027,-109.84519738330515,-109.22171698129925,-109.02658594369066,-109.59009627460762,-108.0947433069269,-110.50176660231674,-109.64666739497781,-109.19345737550854,2,-108.99213543115837,-109.02658594369066,-110.64054387172027,0.9677761162816519,0.27916377042514706,-0.6343899007404095
HDOK,PLOK,17472,46,46,-115,-8,10,2,29,-108.58377551022343,-109.88278518884587,-106.21680720135657,-107.22311326477246,-108.85684910502741,-107.55495632385305,-109.52451327179993,-109.38456019329189,-109.19622039883313,-109.65278457478472,-108.52438615051672,-110.26327401488989,-107.86785517624791,-108.4122101896318,-109.62683543918888,-107.54466664736901,-109.9335309425619,-107.57520310740581,-109.43464419508936,-110.4823007426219,-110.99908794353505,-110.68135322358118,-108.44113490428433,-109.2358726453747,-109.05618113299164,-107.50670145574315,-109.80871996517332,-107.45303988253346,-109.72561105395859,2,-108.91893013260302,-109.19622039883313,-110.99908794353505,1.3416414099362108,0.3388805517415105,-0.5255229616335311
HDOK,PLOK,17472,46,46,-115,-8,10,2,29,-108.90921685372439,-107.63687454308936,-108.01889730596562,-108.39502145053498,-106.52586344598545,-109.05074512394289,-108.19713331695223,-109.0320238547642,-109.96585333932607,-109.42493971731187,-109.8872277950689,-109.01259784116485,-108.80938076827951,-109.37170843609957,-107.23886080019139,-110.10087429701133,-108.94888356842429,-108.50148979066992,-111.39328531167277,-109.72058537276713,-108.94130887751021,-108.96961184322117,-108.24916374197973,-109.29880065748053,-109.54081217117871,-108.30364168839941,-109.66565304801489,-107.27405530370778,-108.2898040599166,2,-108.85083842497778,-108.94888356842429,-111.39328531167277,0.9505996596858654,0.04553849395871398,0.9305556562752293
HDOK,PLOK,17472,46,46,-115,-8,10,2,29,-109.01499908800534,-107.34223823114537,-107.55576356639644,-106.35321520488797,-110.2237628536408,-107.85042912484461,-107.67129537026211,-109.92908584829867,-110.08751869180122,-108.11933643823245,-110.58884294389946,-110.54929631012017,-109.91760751659311,-109.3246229400502,-108.93754794892993,-108.87285612178458,-109.83723944524942,-107.98827192746356,-108.19124483354543,-109.66890737897367,-108.64959001583871,-109.19956106118677,-108.8427524630736,-109.50171212265948,-108.86707030570467,-109.80795910367688,-107.74182300911247,-106.93106738484525,-110.68108324048407,2,-108.90505863761055,-108.93754794892993,-110.68108324048407,1.2931602168285163,0.33804985039633756,-0.6867010918701033
HDOK,PLOK,17472,46,46,-115,-8,10,2,29,-110.60013243760031,-108.39972491485516,-107.45902931613072,-107.967738579185,-107.85201981074182,-108.56569998586815,-107.8398943934261,-111.50861060510184,-109.69545512904925,-107.77947718143088,-109.49240694686851,-110.33956421927049,-108.04986678037986,-108.78178523044404,-108.5342350573674,-110.06397827426773,-109.55189635406212,-108.25214875692448,-108.61578307642857,-109.48425811078727,-107.91630286635572,-109.08673840943769,-108.38314402586582,-107.93420987848637,-109.13108287160978,-107.58302107864527,-108.5063320899424,-109.28890804735428,-109.63852310366843,2,-108.83799888039846,-108.56569998586815,-111.50861060510184,0.957210322836483,-0.8181655013174385,0.3124301195502257
HDOK,PLOK,17472,46,46,-115,-8,10,2,29,-108.86406690306033,-107.45747177741971,-110.24461169772574,-110.2343927539728,-106.46691309193514,-108.60884014604572,-107.28545302655536,-108.86803659779808,-108.21037918010175,-108.69189155197749,-110.17993615331369,-110.70258594000423,-108.17109157172617,-109.52040067683781,-110.43983827795977,-108.96444860464648,-109.67407703434311,-108.2132781137667,-107.5773296338984,-108.50861398826966,-109.19016498533715,-108.1506197136894,-107.98325264029614,-108.95219324232565,-107.97062522535576,-107.40523768989452,-109.12628730987774,-107.86454830779698,-109.08705320558825,2,-108.71081513936278,-108.69189155197749,-110.70258594000423,1.057308299278798,-0.10884482397191349,-0.4137241148963837
HDOK,PLOK,17472,46,46,-115,-8,10,2,29,-110.2374322467434,-108.32155952734497,-107.49195052346302,-107.92653119292035,-107.95241864367416,-110.97315781055663,-109.49327239481035,-109.95906445474932,-110.01751744487139,-109.77196040107471,-109.91839858758033,-108.6811053801454,-108.83290047032794,-110.50947498400423,-110.05079170171285,-109.35421101559136,-111.35218806680226,-107.88927093087702,-109.11627327630826,-108.00941616130812,-108.9736455411748,-108.07020850777445,-107.22588809646504,-107.60861370436845,-108.0631990842892,-107.75764415669502,-108.74309669607673,-109.17611156274707,-108.59373926160086,2,-108.96796695951925,-108.83290047032794,-111.35218806680226,1.1740592241397059,-0.3831232320169631,-0.743465266874737
HDOK,PLOK,17472,46,46,-115,-8,10,2,29,-108.88400191779198,-108.1393969933521,-106.3958279748442,-108.01592863764806,-108.95969968848522,-108.10520560014815,-110.27932470014687,-110.88602242826678,-109.20342344998068,-108.37270420720702,-108.43613565849208,-110.08754354123577,-108.10042213101947,-108.9313619224004,-109.28226386663947,-108.7030580757593,-107.33319038723232,-108.0166462769146,-108.46165565894854,-109.74700594276366,-110.07402059711896,-108.2519171076801,-109.38571640723504,-108.77912299800569,-109.86942817613188,-108.18831864666869,-107.55922297901616,-108.30173882170203,-108.7307084658631,2,-108.74072459512755,-108.7030580757593,-110.88602242826678,0.8973296876239243,-0.08708942536604038,0.4177119079806286
HDOK,PLOK,17472,46,46,-115,-8,10,2,29,-109.29791347755035,-107.69314501725502,-107.91913722523138,-106.86484640334665,-107.7621018066489,-108.41500890879571,-108.21088022265235,-109.94023518788299,-108.78538633790627,-110.40651471706849,-109.01989282859206,-109.34568790266555,-108.7512450115145,-110.41494009532177,-110.78985270665581,-110.24183888287898,-111.72046254595755,-108.31930238238546,-109.89612046349747,-109.08745432536391,-108.24336829740511,-108.70364359469171,-108.86746111335894,-109.2557269403711,-109.2369487516653,-107.26758250614994,-110.40795892817148,-108.23652020602839,-109.82066006841,2,-109.06627023639389,-109.01989282859206,-111.72046254595755,1.2222776011948773,-0.24432249813684198,-0.1560823365471662
HDOK,PLOK,17472,46,46,-115,-8,10,2,29,-108.99368953698313,-107.40531538890515,-104.99707151500888,-107.74203965257655,-109.65260285692021,-108.92014383599856,-108.56927637944344,-109.77508513382138,-109.3459290298446,-109.70709291495928,-109.86985301805468,-108.81779992639005,-109.20868756975467,-109.52712474059695,-109.9737126958979,-110.33449996624319,-108.87702341231682,-107.2079965959704,-109.19740945999858,-109.5809551080947,-109.37501036119596,-108.98506000190423,-110.33600391385315,-108.2060927461636,-108.65902973161592,-110.47586731214679,-107.73977325201007,-109.01173449161516,-108.8477811194911,2,-108.94274695406119,-109.01173449161516,-110.47586731214679,1.234386486492157,1.6270116666570598,4.173684325055559
HDOK,PLOK,17472,46,46,-115,-8,10,2,29,-109.5967155659603,-107.60894426065155,-105.78891226612028,-107.70118002131044,-108.23979643666686,-108.57486667978473,-107.58731265482642,-111.23395106658913,-107.43976506401717,-108.08671419621295,-109.65866749430927,-110.25289598189752,-108.45678017393101,-111.05558316378418,-108.54333992977054,-108.76228173190648,-109.90218398838579,-109.32303211250752,-108.95517666104061,-107.01652225768026,-107.70520320452215,-108.76959281190628,-110.32454483188603,-108.74873857448368,-108.87393637480102,-109.70870378815606,-110.09448884825758,-108.96748671395925,-108.77624251659925,2,-108.8190882542043,-108.76959281190628,-111.23395106658913,1.424524985822764,0.13959023566059053,0.3181976285988193
HDOK,PLOK,17472,46,46,-115,-8,10,2,29,-109.24095873257615,-108.86584435024686,-108.23592174360694,-108.50234715952286,-108.48980726310302,-109.05440769046643,-108.32419347299935,-109.89114379838207,-110.87372363472566,-110.38649960283433,-108.90130492003028,-109.79691373349483,-108.71417925341014,-107.27220964751982,-109.69220099704685,-109.13552349410718,-109.79182743281005,-107.30296551647696,-108.27799945224744,-107.06908828487217,-107.8675370924824,-109.66067834641197,-110.89237115998186,-110.35985024982803,-110.31298205607158,-108.56837335682711,-110.42878193600458,-110.23653605059684,-107.27844017854902,2,-109.0836072623184,-109.05440769046643,-110.89237115998186,1.2141966764554983,0.1683550461864061,-0.9235512360356886
HDOK,PLOK,17472,46,46,-115,-8,10,2,29,-109.17248421527414,-108.95120493763366,-108.14608945116477,-107.85500522076993,-108.68452391675831,-107.45920730151275,-109.04366429059729,-109.79046168642046,-109.45181780090866,-110.83780276089828,-107.19732265925208,-109.0135379507996,-108.22064963027213,-107.42517423625095,-109.3221988498973,-107.99545686439097,-109.83554124455772,-108.64509908619739,-107.18163708873419,-108.60961520114267,-109.80488734103041,-109.6748665979465,-107.06807829186998,-107.02646754879174,-109.20545489097468,-108.85178662671852,-108.90607811760013,-108.41553510898676,-108.31343143286793,2,-108.62431311552483,-108.68452391675831,-110.83780276089828,0.896922295120127,-0.021474644170219902,-0.40012078277285923
HDOK,PLOK,17472,46,46,-115,-8,10,2,29,-108.74455515026223,-108.7702136458544,-109.28678319688281,-106.96556995467151,-109.36751413168611,-107.87694661846811,-109.24551643383154,-109.7017579439417,-109.22342071381878,-110.0631528648531,-106.8981000550757,-110.19845826126118,-110.1919988181558,-109.78407306867793,-109.0224949018081,-108.06435267484514,-108.8432220526386,-109.15510675848898,-110.93384988380427,-108.74699574084771,-108.67769979704244,-107.68261513071916,-109.55055972426956,-107.93148246228587,-108.3110715581981,-107.33829430851428,-108.89671914060175,-111.42747605783985,-107.62080089598857,2,-108.91451041190803,-108.89671914060175,-111.42747605783985,1.1793248943817272,-0.14120993219124453,-0.09227524084097549
HDOK,PLOK,17472,46,46,-115,-8,10,2,29,-108.93355120344322,-108.69454431713442,-106.01074377029325,-107.42771378432863,-107.223924218472,-109.2078458448391,-108.03477748550655,-108.22584942599875,-109.2397910031043,-108.64481518133356,-110.41208027532086,-110.40169878091243,-108.8622178275767,-110.00560087860644,-108.7490648658422,-109.22057962268495,-109.0374367719052,-109.31171007734036,-108.98901504705056,-109.03971515381988,-108.30129044703047,-109.02557976010146,-109.1334039531799,-109.39163024496628,-109.24817161200899,-109.18667207293215,-108.72347179332667,-107.24558164488738,-110.78986442913111,2,-108.8523566032096,-109.02557976010146,-110.78986442913111,0.9689971465216508,0.7023669996526848,1.5488242331413056
HDOK,PLOK,17472,47,47,-115,-8,10,2,29,-110.27763522824446,-109.67668774080724,-105.4442128983489,-108.09872623317256,-108.37967134472295,-107.75990930461852,-109.33926193921846,-107.38681172321367,-107.39033608049606,-108.7441186071961,-107.55675189599255,-109.0299015105503,-108.53171058012991,-108.17803352159785,-105.46391473953149,-107.28275119562751,-108.63091194783195,-106.9195955590463,-107.85954862430451,-109.8887774232973,-107.9098889520348,-107.97043659901325,-106.74737382033786,-108.89248417281757,-107.4182930218464,-109.88304982485367,-107.94584603495879,-109.53070901466286,-110.11473276356874,2,-108.215589044898,-108.09872623317256,-110.27763522824446,1.4909265918918693,0.3507681941657667,0.04126379604943331
HDOK,PLOK,17472,47,47,-115,-8,10,2,29,-108.97533363075704,-109.72490836750292,-107.17365232082362,-107.10926161970123,-109.37537680924638,-108.3578502878449,-108.34607567546368,-109.76774426357882,-106.04774002268128,-110.01253780775107,-108.97949393229759,-106.24695840679912,-108.41656850364316,-109.17972815569902,-105.30035603213697,-107.25814026964385,-109.10165067863953,-108.27042554264243,-109.19804193477157,-107.68095436359825,-108.64678461084397,-107.2223484523138,-108.0766828548484,-108.37023078027258,-107.62080857597847,-108.37397653406595,-107.57240796932861,-106.76948500537723,-107.33996884971248,2,-108.0867411123436,-108.34607567546368,-110.01253780775107,1.3156255690103928,0.4434400943519838,-0.1982699365481828
HDOK,PLOK,17472,47,47,-115,-8,10,2,29,-109.83195646088036,-109.31397951218048,-106.19296342531082,-108.31836974008483,-107.16339635988919,-108.66375469599612,-106.63884858483743,-106.99870295969122,-107.09046453683376,-106.78532196754226,-108.73706958269287,-107.39975710518615,-107.29474276431988,-107.86964123084927,-108.26469175018315,-108.3788817926561,-109.50918380984886,-107.52200675460826,-106.27076815335752,-108.16880634201227,-107.45054169825961,-106.25579351678626,-109.0216854945911,-105.78075428557713,-109.30840666022347,-108.32819739660047,-108.39067693089025,-106.15011537715382,-107.97549279157121,2,-107.76120592002117,-107.86964123084927,-109.83195646088036,1.2054689646273684,-0.009860069077828814,-0.9245113051720066
HDOK,PLOK,17472,47,47,-115,-8,10,2,29,-109.68556268946435,-109.97651960653529,-108.21001317594413,-108.69762499332131,-106.93900254840173,-108.61431162361086,-109.39188584379166,-106.66532152864968,-106.49777698050713,-108.26649887416909,-108.63882758878619,-109.30264566069859,-109.1316301400969,-108.1630419535143,-109.52954683327634,-108.26105722431312,-109.8431976139426,-106.52693350707061,-107.19349765822675,-107.61390799726423,-109.65610264120002,-108.99587550321571,-107.52379767402228,-108.79891429322956,-107.88837534097638,-108.51859509849285,-107.8867699760607,-106.91386674902891,-105.90917179719634,2,-108.24966459017269,-108.26649887416909,-109.97651960653529,1.2293787184459881,0.3379682870839745,-0.8223366108297885
HDOK,PLOK,17472,47,47,-115,-8,10,2,29,-110.5387432634576,-109.29053278465948,-108.01018481072923,-107.38429703791918,-108.14712481918569,-107.66687046035467,-106.35878338743544,-108.47892677323759,-107.75592673811728,-108.96219253084581,-106.49434005348189,-108.76583156663055,-108.61011960479142,-109.05666334546811,-107.83612231245766,-107.80312636837014,-109.77678450069891,-109.54677493264018,-109.74582244215682,-108.4470484582873,-108.0258527466022,-109.04126106861027,-108.43562716369367,-108.17233908240564,-107.50704886287312,-107.3322318024403,-108.63615511458025,-108.74521865152168,-107.34480328240177,2,-108.3419570333122,-108.43562716369367,-110.5387432634576,0.8871548882110842,-0.06959165519748513,0.11097858529566285
HDOK,PLOK,17472,47,47,-115,-8,10,2,29,-111.5094893257638,-110.93659422856275,-107.86204024585271,-106.73508054378357,-107.36047401171865,-107.78564800996836,-108.2963750181798,-107.82005131961019,-108.22235563729184,-106.74288805899722,-106.81198157463923,-109.0757855352696,-108.46839192706315,-108.72214249577212,-107.08184014120074,-107.67866123944317,-108.22059766553198,-107.90402451349573,-106.79724600069412,-109.6864441603828,-107.92311177515626,-106.819950166921,-107.66354704645117,-108.73890607176187,-106.39644533008875,-106.98868563832075,-108.53851632687201,-107.91207148083735,-107.29275237334043,2,-107.99972751251626,-107.86204024585271,-111.5094893257638,1.3730419740368915,-1.35719901991084,2.256151619802441
HDOK,PLOK,17472,47,47,-115,-8,10,2,29,-110.43726546231122,-108.17739915736671,-109.71361962993969,-104.70067562555454,-108.94805102871705,-108.8524810297387,-104.9161134281141,-105.94227227244961,-107.68574523067103,-108.91445814573247,-106.96777676324129,-108.81673019797809,-108.75127562512478,-107.1829979912131,-107.45976160286351,-106.95749188168304,-107.72209749411782,-107.97798559595171,-107.77003016897221,-107.51467503381039,-107.81968790459699,-106.94113689170783,-107.3111537376595,-107.63700844357676,-107.86286241906677,-107.90651111778867,-106.99496255857017,-108.66588730966546,-108.55884701465523,2,-107.762308991822,-107.77003016897221,-110.43726546231122,1.4732092516781135,0.5212951415320879,1.2197324474783042
HDOK,PLOK,17472,47,47,-115,-8,10,2,29,-108.84458729979302,-107.38257484506832,-109.15667169640558,-107.69898518532796,-107.22801197700977,-109.13782386218327,-107.75191929865622,-107.97000278617675,-107.23890155055007,-108.66421592319355,-108.27233690090817,-107.83112575885374,-107.21009420781392,-107.34333966376381,-107.71257862444962,-108.17386658653804,-107.4582718043857,-109.47132862582555,-108.24379321077184,-107.60796816450417,-109.08746210756837,-108.71456822442673,-107.76930931350128,-106.81554962531177,-106.95316159515157,-109.16334414347956,-108.19874330572537,-107.73281124789463,-108.4450115422722,2,-108.04408134750034,-107.83112575885374,-109.47132862582555,0.5272332373941384,-0.32274263749773807,-0.925255002402642
HDOK,PLOK,17472,47,47,-115,-8,10,2,29,-112.29994843814012,-108.7874854391882,-109.00235801514171,-107.23349718400324,-110.40728698614484,-107.42576822995994,-109.06713224875773,-108.11988589540456,-107.27264384908763,-108.38660392450987,-107.93548275516471,-107.8323876553446,-108.68996593154101,-107.65598488606167,-106.79816483376925,-107.21831196919257,-108.1703001653962,-105.7078444184016,-106.93211580606992,-107.66615097621327,-108.61913532328545,-108.64526058446329,-108.45965937026217,-108.69081922872891,-108.99611187514394,-108.24753164632733,-108.32708571560548,-107.98525921625416,-110.72468604485921,2,-108.32085753835939,-108.24753164632733,-112.29994843814012,1.5504335439256252,-1.0921907999127731,2.9109282696077847
HDOK,PLOK,17472,47,47,-115,-8,10,2,29,-109.58762615394214,-110.34273389248494,-109.41929801147553,-108.45034109698874,-108.52540231978406,-107.58156571247027,-107.79224549617172,-108.49102936743944,-107.38764911563614,-108.89132692845672,-108.91877579566173,-106.67315955653575,-106.95371419134091,-108.01805539261942,-109.01004686690183,-107.00886040134151,-107.08155815880177,-108.21445820830876,-109.52141113705768,-108.14482857503883,-107.1692872853969,-108.79170563483125,-107.90747125750146,-108.25523937158792,-107.64686084054685,-107.4550743864421,-108.24439845759558,-109.15788076710507,-108.23150681416364,2,-108.23701762736648,-108.23150681416364,-110.34273389248494,0.7826058776754812,-0.2822215188538975,-0.3490884328949395
HDOK,PLOK,17472,47,47,-115,-8,10,2,29,-111.39752511801946,-110.14710005159117,-108.14269377868685,-107.08562148268628,-108.38597309662421,-107.55225785721248,-107.83713610870515,-108.09727628925017,-107.42229150760355,-108.61870851741867,-108.4165280748341,-108.24596099131642,-107.27938636886054,-108.56195722264926,-107.85514794395974,-108.06718008338481,-106.8302795513893,-109.10926998426929,-108.94083766883264,-108.02330283507764,-107.58409527649275,-107.47997693418515,-107.48214773535159,-108.86713158864843,-106.94411650600173,-107.6772317122929,-107.46158894453056,-109.43430686856267,-110.06393191090685,2,-108.24175731066704,-108.06718008338481,-111.39752511801946,1.0443173985815069,-1.2668449332439118,1.866970729247154
HDOK,PLOK,17472,47,47,-115,-8,10,2,29,-111.14431303389053,-109.92228490218416,-107.35221433328778,-107.68713377692188,-107.45538367164826,-110.78697954311839,-107.88232969218102,-108.5792340109431,-108.01424438320245,-108.07342195871738,-107.41089466667317,-106.3922142892867,-106.72802587540097,-107.14039349082928,-109.5743144907242,-110.11018969353948,-108.4604305748122,-107.77837823698566,-107.59859267317893,-109.9619675823043,-107.00229772290024,-108.59381507738277,-108.98266773730526,-107.58196061730708,-110.39876072132066,-109.11227446874484,-107.98468090697867,-108.74963065744168,-108.24816916618147,2,-108.4381792398411,-108.07342195871738,-111.14431303389053,1.5015641167210048,-0.5817115633527233,-0.47361734763602836
HDOK,PLOK,17472,47,47,-115,-8,10,2,29,-110.39032262838325,-110.89962116697693,-109.2391883004138,-107.65624449040335,-108.67047659411607,-109.37095245963526,-108.82599744845626,-106.88222632721227,-107.19619459782159,-109.34118776283897,-106.17240194234198,-107.44556227214616,-107.964664690395,-107.9208677742066,-107.92082214245885,-107.29397933488583,-109.37154314804677,-107.31060423793392,-108.59158006826277,-106.99764588953579,-107.91880555492509,-109.27628001963248,-108.67910781603669,-107.8924689829769,-106.68291308482277,-107.82769224366506,-108.15347544260284,-107.73891496766562,-108.94950233758897,2,-108.22693943884096,-107.9208677742066,-110.89962116697693,1.162897887222795,-0.47319019637923626,0.09472625426973469
HDOK,PLOK,17472,47,47,-115,-8,10,2,29,-111.86451194395171,-109.35218150829947,-107.41551813727585,-106.57516179539935,-107.28182976213355,-108.29327681146405,-109.04052034040448,-108.33738330980773,-109.05513076045662,-109.06519613135217,-107.68803427826212,-107.32959926409234,-105.31989779162679,-108.02294814539337,-108.1570377062751,-107.5416619238214,-106.35258527532679,-107.79755269147915,-107.37821227439466,-107.64405351450227,-107.27534879947959,-109.1277716898664,-108.5622736001703,-109.18378132005333,-107.92793241278738,-108.02486690834117,-108.24082374200621,-108.96158214374539,-108.569207239348,2,-108.1167545248799,-108.02486690834117,-111.86451194395171,1.3395074942436844,-0.6146299381251284,3.168926767845553
HDOK,PLOK,17472,47,47,-115,-8,10,2,29,-108.89169530280309,-111.13199753677604,-108.94334519165415,-108.57621435984943,-107.68159052149572,-108.21675024933265,-108.49624726088494,-107.18632800402398,-106.32490210434224,-108.18138224684056,-106.72388337752655,-107.2725045392082,-106.23373520174017,-107.5439223052621,-108.20400539446123,-109.5904366696572,-106.8320788645882,-107.19431482571002,-108.07641182757537,-105.99325209062974,-109.32607731314404,-106.23588074884508,-108.48034179645637,-107.62249153972024,-106.80206277276393,-108.93670898806687,-108.80295163579638,-109.4139023152604,-108.25849935288231,2,-107.971514287493,-108.18138224684056,-111.13199753677604,1.3816559852788213,-0.3559439612681282,0.22597379183192023
HDOK,PLOK,17472,47,47,-115,-8,10,2,29,-109.18491581973528,-108.87444375481121,-107.95489015104353,-109.04383168422426,-109.95995210230504,-105.82953765806263,-109.76038051820166,-108.51672663416335,-107.59356126294279,-109.70915557528768,-109.08709864907925,-107.95968120053551,-106.56076155584091,-107.88339212198848,-107.9184842037966,-107.60377234917756,-106.99802641827537,-108.13184666067198,-108.30072806097526,-106.67174094170073,-106.9717609596556,-107.89121894453469,-107.2993742773275,-108.92087502653744,-109.053497989036,-105.98140552290765,-109.9155402671019,-109.46392995268327,-109.6261679260748,2,-108.22988614443713,-108.13184666067198,-109.95995210230504,1.347926547508635,0.33348289979798423,-0.751472011662941
HDOK,PLOK,17472,47,47,-115,-8,10,2,29,-111.36147905519749,-109.50133989230365,-108.71470695270904,-108.52012185043824,-108.22327104555274,-108.93968162492388,-106.02715755449113,-106.45422922817262,-105.86695957886599,-108.52562872556305,-107.2766162624742,-106.92639227804581,-109.12638668748794,-108.34225563498572,-109.27960781423425,-109.1269863421402,-108.04872726235554,-107.1444634858421,-107.11708019156181,-106.87826140234277,-109.056940252981,-108.0877701612978,-107.36655432952517,-105.90124189855013,-107.39638685286755,-108.05593066911504,-107.73383986058036,-109.3311347274406,-108.64012780290214,2,-108.03349239396371,-108.0877701612978,-111.36147905519749,1.5046622390180886,-0.2388925263897062,0.44215328545552923
HDOK,PLOK,17472,47,47,-115,-8,10,2,29,-109.38959954430426,-108.82498395178463,-107.90051850904837,-106.84635661400738,-109.20864115104033,-107.93097963729346,-106.98947629983302,-108.49042997396168,-107.71747142306384,-107.27840932874687,-107.84343479800545,-107.8072472050186,-109.09689564340256,-108.65197582157592,-107.6875769962995,-106.65733254454082,-108.36474400456287,-107.50513346375108,-108.45677048329398,-108.21450180361076,-108.06674974897129,-109.52621707126437,-107.57553295907348,-107.84998762837321,-108.19144391834132,-107.24375854075888,-109.2562235630786,-108.20015131936523,-109.49364301129887,2,-108.1471098950921,-108.06674974897129,-109.52621707126437,0.6161918281474998,-0.1296333215243904,-0.699170863565381
HDOK,PLOK,17472,47,47,-115,-8,10,2,29,-111.51689665625022,-107.65045050231036,-106.7562827220742,-107.56829951497265,-108.1435153245068,-108.05541205892116,-107.94932411615517,-108.8378653452543,-108.08673144298201,-107.54741068436216,-108.1053413952082,-109.63650730076475,-105.96274333255309,-109.5602437881733,-106.9332713084405,-107.12463062717578,-109.50309710313758,-107.79841927743696,-107.78764367513662,-108.15776145550217,-108.4233699858044,-107.78474224507637,-109.17912682318416,-107.63235428122096,-107.98011607362658,-107.15826865489042,-107.97667367910321,-108.4143480235451,-107.7437149739922,2,-108.10257111626763,-107.97667367910321,-111.51689665625022,1.0726028345288223,-1.1363490623634926,3.090784974897383
HDOK,PLOK,17472,47,47,-115,-8,10,2,29,-109.96572816157155,-109.41291045386205,-108.84987424892807,-107.8338085036464,-107.31018516156661,-106.12607771539783,-109.05395350492218,-107.9874896075447,-109.5760221349539,-107.34176574417626,-107.81202770702322,-106.88165618011537,-110.97717137701429,-107.86304495709349,-108.4772392953024,-109.49886436740758,-109.63130781608425,-107.21086148957791,-107.7725578085428,-108.72643632794711,-109.21351293915976,-107.7291831737668,-107.87557365991321,-106.88544704603228,-109.40573094256445,-110.03251032557597,-107.61118209336844,-110.22061778242333,-107.06979881896169,2,-108.42594963256701,-107.9874896075447,-110.97717137701429,1.4044393203709082,-0.1956993323974773,-0.8024930670422807
HDOK,PLOK,17472,48,48,-115,-8,10,2,29,-107.95183578336996,-106.4614028560381,-109.70653452538645,-110.66968848002439,-110.89905411400402,-109.16162767567458,-108.20267567474725,-109.81209487834121,-109.03969999841387,-108.52959085849919,-108.39439128216742,-108.575787130329,-109.16629513401433,-109.30362427166108,-109.2414892616389,-108.82188693569557,-108.98022088912018,-108.89359546092433,-107.69727735668219,-109.64558123433825,-108.63553342418295,-108.52465143489397,-110.48078524345807,-108.3800118632348,-108.6027209394173,-108.01534364433678,-110.26490382016438,-107.5158423397178,-109.49644891852076,2,-108.93346880789646,-108.89359546092433,-110.89905411400402,0.9257602849340145,0.07547283999043822,0.5081644282611859
HDOK,PLOK,17472,48,48,-115,-8,10,2,29,-108.69946040998593,-107.39855660558996,-109.44540018599969,-110.74199179537746,-109.8171024122305,-110.29184766689555,-107.96328161433985,-107.31590124173417,-108.6939355989493,-110.2244749578773,-108.41208540663938,-109.07641074006914,-108.83572218878992,-107.75416410573825,-108.33276478858001,-109.01062375313643,-108.74572772761154,-107.76846148254968,-107.47604222324108,-108.6373884166458,-108.65982927395892,-108.44402948104997,-108.81072465021617,-111.17849779350942,-108.47142656237455,-110.77754516886141,-108.95539871497508,-109.55846764247133,-108.3198670417266,2,-108.89024585003881,-108.69946040998593,-111.17849779350942,1.0073179794019305,-0.6139282902769815,-0.12409495971218432
HDOK,PLOK,17472,48,48,-115,-8,10,2,29,-109.22431654007603,-107.50678953786827,-109.82088171363749,-109.27140690435616,-110.78225944147624,-109.10692794329871,-109.29652341258056,-109.03393615621424,-109.6336173426026,-109.86740899916484,-108.40970242604132,-109.13349858651426,-106.21860839945512,-108.58337176151923,-107.7623325982094,-108.65082155531316,-107.96333028663504,-107.9376111547496,-109.90958400711685,-108.31752305912204,-109.24791021112632,-109.28138964683922,-108.61130864596097,-109.78368674572701,-109.4200035403338,-107.49240568745267,-107.79178157732505,-109.84171262732013,-107.37390496441216,2,-108.80257087836029,-109.10692794329871,-110.78225944147624,0.9628192916538949,0.5145554869810466,0.2129522258878751
HDOK,PLOK,17472,48,48,-115,-8,10,2,29,-109.6364127584027,-109.48994156180632,-110.08991765921162,-109.13643000164667,-109.31213465650329,-107.84026105268961,-109.71171307495666,-108.56208783010152,-109.650689633886,-108.61782608661773,-106.74418736801621,-109.37239836042299,-109.59647779577142,-108.65816077904691,-109.6587960327634,-107.91845485110653,-107.99772763729536,-109.37579184349651,-107.83612246984306,-108.22749575011926,-107.91085641640741,-107.2799985182356,-107.94876290142419,-107.89220267994756,-108.34685229416452,-107.50412901408811,-109.20505042421928,-108.55225491598897,-108.96288801539633,2,-108.6564145649509,-108.61782608661773,-110.08991765921162,0.7215272039038756,0.26429610770611295,-0.8496920093233773
HDOK,PLOK,17472,48,48,-115,-8,10,2,29,-106.71097373333956,-109.39179188812663,-110.66359572418644,-108.54769207676533,-110.58146382582315,-109.71002672301482,-108.41068277849634,-109.36365498135207,-108.36295437132674,-109.55517186188166,-108.67946927480374,-108.08000380688263,-107.52949410084362,-108.73896432953367,-108.65127976089371,-110.0527237072518,-108.20772354040852,-108.13744510233589,-107.80584629728979,-108.1706626541444,-107.15115566146093,-107.54742036475058,-108.46303012514092,-110.29073370778963,-109.04100089509345,-109.3650561832773,-109.90207100022846,-109.68631252577853,-107.25610950517229,2,-108.76050036232388,-108.65127976089371,-110.66359572418644,1.0599649108747582,-0.04160969429160576,-0.7115053722669771
HDOK,PLOK,17472,48,48,-115,-8,10,2,29,-110.71511547015248,-109.66356030362392,-110.02074097879894,-110.13683920747175,-110.09247239678035,-108.76328337053688,-108.00589907132407,-108.63859183428097,-109.4463296312056,-107.39395994841655,-109.2098211162639,-107.6381423083272,-108.06328826875767,-109.13926647859574,-109.15125066658764,-109.82851857640418,-109.60060830849963,-108.32792790381257,-107.87083833577586,-106.34959934105552,-109.59171138670013,-109.54805049121761,-107.54214443533651,-108.2327618339143,-110.15215515592035,-110.62382531667441,-108.87853497071606,-107.68460831842835,-107.55495969621862,2,-108.8918898317861,-109.13926647859574,-110.71511547015248,1.182862969600404,0.29224831914368354,-0.6675898844494399
HDOK,PLOK,17472,48,48,-115,-8,10,2,29,-109.64673692937836,-108.57691293903598,-107.9870159299945,-109.31311749795677,-109.54726116377682,-110.1479301103534,-109.46945881270972,-108.89631725506156,-107.60584084907677,-108.67315408679316,-107.25624682978395,-110.08586881202926,-107.99435557375212,-110.30414728646758,-108.63730488836782,-107.80098727353369,-109.23403933262637,-109.37769694557807,-108.39357407990015,-109.00586717910217,-109.05673495041285,-110.02670393752487,-109.71694518270877,-110.04630317888962,-109.98337507894847,-110.13540000109569,-109.92851734458388,-110.69410950044605,-108.73067689399801,2,-109.1818137877202,-109.31311749795677,-110.69410950044605,0.7743088432933608,0.44312941693168595,-0.6366803824990339
HDOK,PLOK,17472,48,48,-115,-8,10,2,29,-107.60635620662028,-106.55712467866633,-106.619733976333,-108.19743814915049,-106.99004966452664,-108.74086148392216,-108.27495436316657,-108.93477494594502,-110.25058649775507,-107.84862914176234,-109.65550800111974,-111.67635329818582,-109.08089886419381,-108.70584441515705,-112.34095426841387,-107.81298063495474,-108.09587167364658,-107.87715720778222,-109.65365507306889,-109.98373936881627,-109.06474903116543,-109.59444285704413,-107.43990041119355,-108.00688233333135,-110.76228560261477,-107.53372721767903,-108.97367669155234,-110.19885649405171,-108.66725031922951,2,-108.7981118231396,-108.70584441515705,-112.34095426841387,1.8922809515652042,-0.6663544138077109,0.36630060827216004
HDOK,PLOK,17472,48,48,-115,-8,10,2,29,-109.7822711176966,-108.46592114914405,-108.93142353242699,-109.96372294242425,-109.34994698672917,-108.35695125891463,-109.5474035075213,-106.66438363564686,-108.23543423275139,-109.08182786541052,-109.65551584146152,-108.43211272350516,-109.02433665416773,-108.20115832387721,-107.57459920433838,-108.23902066377342,-107.01909784956655,-108.74367126743762,-106.92201308413438,-110.06461370968769,-108.25065834131313,-109.08786409593839,-107.97159190979995,-108.38681037425164,-107.24757501606507,-110.87548390438903,-108.6041340304238,-108.62887337855823,-109.63598972700154,2,-108.65325539063298,-108.6041340304238,-110.87548390438903,0.964104770092076,0.05441383230010142,-0.10013905279397184
HDOK,PLOK,17472,48,48,-115,-8,10,2,29,-107.9815987412836,-107.19388954739549,-111.35413618574404,-110.47024403390671,-110.11459862133913,-108.72702575752864,-107.71882240657979,-109.6303327631499,-108.9518582236264,-107.85726959879348,-109.20327304590809,-109.21976346577648,-108.96492109363909,-108.1798140616512,-108.78376413991035,-106.62412562350661,-108.07634267466892,-108.41901392536364,-109.5516735784228,-110.70171089401362,-109.1886651156446,-108.8940383731951,-109.43713452168593,-110.71963938385905,-108.53030174715242,-110.24416434396841,-110.10162078587415,-106.10694261986028,-109.9671354904587,2,-108.99702830220367,-108.96492109363909,-111.35413618574404,1.4825688172908604,0.345526604928188,-0.0038470230455480703
HDOK,PLOK,17472,48,48,-115,-8,10,2,29,-109.754183063102,-106.70758965404572,-109.45352986894322,-110.1374195351375,-107.50468464651352,-108.21339571917977,-110.41198553854676,-108.937998758982,-108.3098596959347,-109.68604107440835,-106.85106776294205,-109.59642461780668,-108.3362767260009,-107.70523466794145,-107.73890260011207,-109.5835047911103,-109.76249703275339,-107.6195858053143,-108.55044613328907,-108.16303396317494,-109.13110533236494,-108.78013187750065,-109.26539544911905,-107.74432254014067,-108.63935946863846,-110.55513292508915,-110.34106906320291,-110.45528018757015,-107.36343852264056,2,-108.80341024212085,-108.78013187750065,-110.55513292508915,1.21615823006206,0.1097360798141123,-1.0373231323234613
HDOK,PLOK,17472,48,48,-115,-8,10,2,29,-107.82182682261633,-107.33249046035459,-109.19116915410875,-111.42437771069619,-108.8055961462477,-109.50340353738844,-108.10240335187868,-107.9486221086535,-108.27678938328525,-108.09893548489016,-108.3945241674595,-108.78758768119198,-107.63658030471291,-110.42754201228554,-108.26966040601506,-108.90703853969977,-107.79978257486111,-109.71289212645219,-108.50032817716594,-107.98773311831135,-108.80906903457576,-106.80232991956618,-108.22937920809922,-109.31138037082896,-109.41208464412146,-109.7662836297053,-109.38346906861133,-108.48090458545258,-109.57314357483934,2,-108.71370094151982,-108.50032817716594,-111.42437771069619,0.9095065229503064,-0.6396069198030849,0.9945594444079418
HDOK,PLOK,17472,48,48,-115,-8,10,2,29,-108.64494986641941,-109.479374148543,-109.25721676077667,-107.32056477472085,-107.75411733647218,-110.61500514990053,-108.14128426897003,-110.3757640212166,-109.54557931928268,-109.27986619398652,-108.85941122749816,-108.5335525453341,-109.85099369223293,-106.42063781888169,-106.94041486423039,-108.78791162284905,-110.36199381363595,-108.59171028821589,-108.71465957561242,-107.6820283696364,-108.14115138541536,-108.47180143462504,-108.03083992446045,-110.6999775166705,-109.22133919933616,-107.27352113083921,-108.87822741910331,-108.2220002237571,-110.25647372373176,2,-108.77077129711567,-108.71465957561242,-110.6999775166705,1.1965978017773717,0.04614685855858512,-0.47318192609825127
HDOK,PLOK,17472,48,48,-115,-8,10,2,29,-108.04317046634945,-108.08533312852,-110.67435729470631,-108.06406028637399,-110.68965856958212,-110.82203842013953,-108.33668138769939,-110.30202881066805,-107.7416444685504,-106.57433281031145,-109.13363458959256,-109.36993372636654,-109.06419769956598,-109.50918058665742,-106.34805011338942,-110.46185691873916,-108.5311495025657,-108.05799453351938,-110.84182286031194,-110.89148321929373,-108.90910666880131,-107.77930524167355,-110.24955564181177,-109.11377844171929,-110.505416697444,-109.04821207339937,-108.32853103004581,-107.20785625999828,-108.35412077082243,2,-109.00132731788338,-109.04821207339937,-110.89148321929373,1.665351156575509,0.12674637176601408,-0.8314175194037774
HDOK,PLOK,17472,48,48,-115,-8,10,2,29,-106.98205370963655,-108.57028780222683,-109.57365518860288,-109.69556940230059,-109.28955741921774,-108.59878274033942,-106.92914202661177,-108.6704748177077,-109.23041846598348,-108.76043841727645,-109.77420249340403,-106.87494654414775,-107.55566951861965,-110.99280844748144,-109.37145066085887,-106.5933049685067,-106.80389144831081,-109.40541478416615,-106.73292124372328,-109.58771070979589,-110.01697374188484,-109.11208969985718,-108.30498596084578,-110.6450422938847,-110.18809383892287,-108.48347114940697,-109.46523627448809,-108.72903723296504,-107.64097339832738,2,-108.70960704825866,-108.76043841727645,-110.99280844748144,1.482853732207367,0.28964428164561584,-0.8141124345599455
HDOK,PLOK,17472,48,48,-115,-8,10,2,29,-111.02820651226749,-108.30176689034425,-109.77230282528603,-108.91705807840495,-108.90385852290885,-109.25714012671783,-108.60664236091385,-109.1225287258816,-108.923083314652,-109.3421043796263,-108.91242820873317,-108.04324681199802,-109.44110718297604,-109.22315502333082,-109.06993956428673,-109.79913485643196,-110.24486765983758,-109.95965595768858,-109.17654272636518,-107.7201769665724,-110.44448311684526,-109.87886142716576,-107.529738060788,-107.7209603891575,-108.28830048122417,-109.29733683841832,-107.11556659380922,-107.0634189610396,-108.74850348496032,2,-108.96041779478038,-109.06993956428673,-111.02820651226749,0.8997908618830353,0.1649822103240792,-0.13143343054473977
HDOK,PLOK,17472,48,48,-115,-8,10,2,29,-108.34620646059838,-108.01828624921158,-108.08736176438147,-109.94433515702518,-108.09830109222013,-110.8316319624592,-109.84869643081448,-108.50734657189047,-109.69491041577164,-110.45540656693815,-109.54663010707445,-108.28995716283825,-106.97916702788034,-107.1803163583646,-109.56948731040352,-108.87002682827529,-107.27159367467159,-106.80255742430926,-107.60575960068698,-108.54407603032787,-107.33518751057456,-108.80217612455704,-107.92269348221228,-108.41878482347121,-109.05689611402741,-109.18265559824182,-107.54129101135905,-110.64700327962396,-109.822969600848,2,-108.66281764624337,-108.50734657189047,-110.8316319624592,1.238669914057195,-0.22743972283527744,-0.870933234456198
HDOK,PLOK,17472,48,48,-115,-8,10,2,29,-109.09787560644484,-108.9718853377296,-111.17459942222894,-107.74820954915187,-108.78017066884492,-110.18910280105399,-107.57442780220039,-109.4336850587661,-110.607132376492,-107.9271741057907,-107.28668017786296,-108.6907231611831,-108.81677057884222,-108.57139377931395,-108.58814859897139,-106.25415497862257,-107.79840028840731,-107.88034926680726,-108.96175780232618,-108.51210178185276,-109.6905166855164,-107.4256036597485,-108.5897933775666,-108.3443530958295,-108.91412171968614,-109.02733770867019,-109.61044152640326,-110.22277489197663,-110.25769912155042,2,-108.79128913551173,-108.78017066884492,-111.17459942222894,1.150535083143407,-0.06482848618537151,0.16408251914776883
HDOK,PLOK,17472,48,48,-115,-8,10,2,29,-107.71033209204724,-107.89693926680734,-109.11663493276825,-109.34157479006934,-109.96374297922969,-107.85340316705033,-109.20164582721516,-109.46626079720745,-108.80572521432816,-109.38929099741081,-108.44557967895553,-108.34225148601195,-108.62945164915327,-109.28604898845437,-108.36682592377059,-109.19006116936065,-109.31924362601642,-110.31578298150092,-107.26495763778732,-108.2923794941114,-108.9476288847368,-108.38411645998836,-109.42909876111865,-109.72418968019667,-107.17317220504033,-107.6112045250247,-108.62738754319112,-110.62275361124394,-106.54879763051834,2,-108.73332696552811,-108.80572521432816,-110.62275361124394,0.8798793945083292,0.2639491654883261,-0.11743790543355015
HDOK,PLOK,17472,48,48,-115,-8,10,2,29,-107.30507461421185,-107.72266423195819,-109.3044030763948,-107.35986495575905,-108.73635182822339,-108.66962195973417,-109.78705728532903,-107.4262612682657,-108.35332334566131,-108.96745944897638,-106.88127420302196,-108.99912016311934,-110.82877976777505,-107.12504410676748,-107.30367401300951,-107.57261308125709,-107.76429049412052,-108.75832453332296,-106.86439018829059,-108.68081925586613,-109.0721665185042,-108.8206598883995,-108.96498861587942,-109.89455409031801,-106.89500064911618,-108.82507637002017,-108.26257768484079,-108.91569243299797,-108.3720312085556,2,-108.35976411309301,-108.66962195973417,-110.82877976777505,0.9603985084447264,-0.28275870635630285,-0.20892886606543115
HDOK,PLOK,17472,49,49,-118,-11,10,2,29,-109.43623511510695,-109.65568893041895,-109.12580312772963,-108.37049334669948,-109.93714460479565,-109.71053180299938,-108.71395302058903,-108.26551959156807,-110.08684172927309,-110.45017163293109,-108.15349402282787,-108.84343131872662,-109.98406688569085,-110.39114161770087,-109.1411377986605,-108.70402318023979,-108.35083186546804,-109.16119199307853,-109.52157048819096,-108.55533400661183,-108.58861285442559,-108.047417853037,-111.08648426954532,-107.32603870007802,-109.09828970694693,-109.05260756676816,-109.67038124243216,-108.19658679034836,-109.86419825695602,2,-109.15480080413258,-109.12580312772963,-111.08648426954532,0.7028208243328578,-0.14355886346589197,-0.221039321952047
HDOK,PLOK,17472,49,49,-118,-11,10,2,29,-108.06047250808842,-109.33247819658942,-107.75027076810855,-108.43511916674402,-109.34563030879042,-107.96754362340302,-108.20465782250557,-110.89524369567128,-110.55674520482577,-109.84915745493748,-109.02546626934895,-110.01577790290692,-110.06546482219646,-109.697838824884,-108.07435986396256,-108.87801597602824,-108.9329377794362,-108.44444676970609,-109.76232907994186,-109.91766460489548,-110.99607054583791,-110.85099234982441,-109.5341877835046,-109.6522606731905,-108.91219867923749,-111.63142774161618,-111.10192314053619,-109.39091419761415,-109.9644871414075,2,-109.49124423778413,-109.5341877835046,-111.63142774161618,1.0430199851782431,-0.16145960834881268,-0.6914780897710529
HDOK,PLOK,17472,49,49,-118,-11,10,2,29,-108.90886320122671,-108.22939922734633,-108.32633006772082,-110.0044386673397,-112.00950390101652,-110.44020806624812,-109.52053465910856,-107.47136127537817,-110.97934518731121,-109.30175274422758,-110.14586312672168,-110.18341271143252,-109.94855832374414,-108.10757176905868,-110.11399285486011,-108.82689209741879,-108.79478084528895,-108.85724163111816,-109.62930896346757,-108.83756669183944,-109.1821535378263,-108.31667627864202,-107.93304823063417,-108.78337307634845,-110.15310957111342,-109.48203425052917,-108.70248055141894,-109.58178339703882,-107.15607771911336,2,-109.23888491808752,-109.1821535378263,-112.00950390101652,1.08268311396901,-0.3512242674443912,0.5011238031887135
HDOK,PLOK,17472,49,49,-118,-11,10,2,29,-108.32135411552846,-108.46434464475905,-106.78001921904057,-109.01713234342121,-111.36588166163757,-111.80186957562373,-109.52037929899254,-108.76688081908765,-110.60187862892782,-108.6180860007628,-108.86066517882408,-109.64210943817827,-109.61133924680585,-109.14573122116984,-108.83743296353552,-107.88303940849389,-107.37387536258731,-107.72883439667125,-109.20487877320768,-108.55074188549064,-107.68856176056707,-110.18324183477696,-109.67334340586753,-108.3598290615881,-109.14044270570449,-110.13850146759032,-108.82742569925205,-108.77835107870862,-107.67617421103748,2,-108.98490846233926,-108.83743296353552,-111.80186957562373,1.2375696799277387,-0.5520982660769147,0.6097495139644766
HDOK,PLOK,17472,49,49,-118,-11,10,2,29,-110.0228311634946,-108.15974786311037,-108.32413274695767,-109.88321911426048,-111.69587482139593,-108.69898939634996,-109.53240789821658,-110.44633440913847,-109.67682519176296,-108.52582371140602,-108.63373062555202,-109.16160784691628,-108.88211178496361,-109.61640975130216,-108.72461487671339,-108.84088884400342,-108.52763402917897,-108.01729230107085,-110.61067402693504,-110.0085891758798,-109.32408837654309,-110.16572089611238,-108.97216904967564,-108.48757131959032,-108.39154446781286,-107.84459849059535,-109.8287838381753,-109.95149252618417,-111.22615180778745,2,-109.31661587417535,-109.16160784691628,-111.69587482139593,0.8942990058080477,-0.6342885635868657,-0.04800493434333708
HDOK,PLOK,17472,49,49,-118,-11,10,2,29,-108.19411683345643,-107.42490660756192,-106.32786422918944,-109.83806913239603,-108.94220856783932,-109.8058172880768,-108.51044749678884,-109.52767749503971,-108.4968245160589,-108.63501871471254,-109.68702102081183,-107.21712153170222,-110.20402534019038,-108.6943656970966,-107.89882899103358,-106.59638678939584,-108.9665792977931,-109.26611132788847,-107.01024431889512,-108.41240689664964,-109.32169115290789,-109.02155051927727,-110.45103227139013,-109.49201697005877,-109.56227259848926,-108.72030070196851,-109.2127137105551,-109.52724847184295,-110.04196468584708,2,-108.79333907499702,-108.9665792977931,-110.45103227139013,1.1071208422689567,0.7698662743638289,-0.018050854599448662
HDOK,PLOK,17472,49,49,-118,-11,10,2,29,-108.64741054554047,-109.19337858401565,-107.70720138884047,-109.58835746697793,-110.30895965140208,-109.27366965246503,-111.16563026683586,-107.4188733315602,-110.4170282253094,-110.49293226391305,-108.62108670278393,-111.8179665341289,-109.15422775382213,-110.59892155832432,-109.79438579782216,-107.85727999071203,-108.48086449749206,-108.27225705867524,-109.73369084627545,-111.76742366816651,-110.94441792343588,-109.48493198647672,-111.27032233850639,-108.35638535361791,-108.54577781765323,-108.73803230463905,-109.21987715948116,-108.82721552202321,-108.74366597723792,2,-109.46352317821155,-109.21987715948116,-111.8179665341289,1.40567514995061,-0.40043998128348357,-0.6903193960896736
HDOK,PLOK,17472,49,49,-118,-11,10,2,29,-108.17258854381029,-108.34151761286813,-109.38618758900688,-108.00024158997795,-111.9372501786356,-108.54032850828351,-110.19546927011483,-107.76396327163137,-110.43136549772517,-110.02738263922242,-109.10487243726504,-108.65557980481624,-109.16414442579098,-108.599070615633,-110.4923044068713,-108.34280324687766,-109.26061578334745,-109.17876250680575,-110.27919072345657,-109.33059420330537,-108.96902715694254,-108.37359348218327,-108.63632731023097,-109.16239999621637,-109.24657541595961,-108.36964044937788,-109.90022963363216,-107.27561616592111,-109.40650020237207,2,-109.12221181614764,-109.16239999621637,-111.9372501786356,0.9142998655971866,-0.7388821189562914,1.2165458625055314
HDOK,PLOK,17472,49,49,-118,-11,10,2,29,-109.45113902565598,-109.945156810407,-106.44671873709527,-110.2215603683503,-110.33393287000663,-108.02870962172929,-109.77423026802255,-110.52146115667746,-109.58106811108813,-108.84981734513808,-112.15795284903628,-109.55114772591206,-108.45669223084933,-107.8888040609479,-108.59224573605259,-107.74173167491051,-110.11370569079051,-109.35153959642304,-109.61534775420202,-108.06134989347936,-110.69036898099571,-108.90128740179294,-110.71104029515733,-109.88044231940692,-108.61363686187241,-110.60105004281141,-111.4359379253519,-108.85301509903397,-110.57999619588202,2,-109.4810719534165,-109.58106811108813,-112.15795284903628,1.458894564522335,0.22050684793569617,0.2794179120876694
HDOK,PLOK,17472,49,49,-118,-11,10,2,29,-109.08219511944579,-109.07764369696307,-108.2382628830779,-109.1500610953049,-111.4575355255922,-108.73416613175955,-110.0722163052724,-109.73443187245611,-110.6751975760397,-110.03162171344033,-110.40677427103878,-110.4500737265282,-109.086371770152,-109.59349992457193,-109.19920453170185,-109.38470714308599,-107.80559226055966,-110.25569462615944,-110.92714357839829,-109.59127184022084,-108.71228240754122,-108.39336771968702,-109.92035275900697,-108.4180555647251,-110.04801010925964,-108.36692045266946,-110.18552282716716,-108.17425286247635,-110.10247385897064,2,-109.49223807425079,-109.59127184022084,-111.4575355255922,0.806654007112315,-0.06196803292244197,-0.6567481650904594
HDOK,PLOK,17472,49,49,-118,-11,10,2,29,-109.66840825638211,-108.30961130451345,-108.28518938500856,-109.39727372899061,-109.11322673271546,-109.89803810950822,-109.97734261817578,-108.52686180090846,-107.33871034234664,-110.57851263932567,-109.33865804949154,-110.74243021893871,-108.3928344948382,-110.13242343532394,-111.09496188059721,-109.00884035491062,-108.22394961554237,-108.34897008426056,-109.33811056302207,-109.1916067038531,-110.04798742469599,-108.36004747113627,-109.51418849304187,-109.01115584893742,-109.88671906069928,-109.25120558570818,-109.6168671373106,-109.50593082012718,-110.16142974631406,2,-109.3193617898836,-109.33865804949154,-111.09496188059721,0.7192871553160252,0.09771928179586396,-0.15211750413074387
HDOK,PLOK,17472,49,49,-118,-11,10,2,29,-108.40075581213554,-106.66575428168596,-109.29841919865387,-108.59675851513029,-110.65427582705014,-112.47540756389068,-109.88116776212574,-109.09239348660502,-111.28171658342858,-108.7031391746345,-109.50517241805636,-109.21396907651611,-106.85943853077252,-109.72432701740148,-108.72509693804638,-109.40687338958702,-109.88731475142279,-109.77793875648536,-107.71476744323651,-107.90900289100776,-109.8141241564833,-109.73907778083962,-108.43831756381637,-108.45509910897319,-108.95629811867734,-108.59990548764151,-109.71608187703785,-109.95818015638507,-111.10981207307847,2,-109.2607098531312,-109.29841919865387,-112.47540756389068,1.4735086522200376,-0.24045000234420102,1.0096631469218846
HDOK,PLOK,17472,49,49,-118,-11,10,2,29,-109.46969713278493,-109.32428677940092,-108.88629273113425,-108.41833432245716,-111.09886888777287,-109.36828102169301,-111.13403858746017,-108.75159173218495,-110.09854235000199,-109.05372020160553,-110.21154849999222,-109.38568121773648,-108.27301594063613,-109.97667163669618,-107.19132237100405,-108.51662144890842,-106.92045242314353,-107.93729349768415,-110.16345362889723,-112.10724302953636,-108.19980125981412,-109.46852677531274,-109.2358679426546,-108.65470579540222,-108.87475546607813,-108.29283687618938,-108.84685076036163,-108.92429435367873,-108.90151163982637,2,-109.1615899417258,-108.92429435367873,-112.10724302953636,1.2048952475597372,-0.5542024997976914,1.0026776406835505
HDOK,PLOK,17472,49,49,-118,-11,10,2,29,-108.11373707228405,-107.65281119390865,-106.5168496793813,-108.05578647634367,-109.64997004645261,-111.63147902728093,-109.21050548657577,-107.977680332368,-111.4749032438888,-111.2189437319323,-110.52074150586247,-109.83487932364433,-109.0822951589822,-107.65277877779634,-108.70826695612352,-109.22092598083174,-110.26115151765501,-109.46815079823492,-109.16440758622348,-110.29444126693372,-108.78657771528185,-108.4396506498252,-108.48593818625115,-108.27654421581144,-110.28882167056307,-108.82897321900371,-107.72284479066018,-107.0289633610967,-108.69712123607275,2,-109.04366000714724,-108.82897321900371,-111.63147902728093,1.5865903348315429,-0.2875113538076479,-0.30299653604879273
HDOK,PLOK,17472,49,49,-118,-11,10,2,29,-108.1966768667053,-109.7373046989784,-107.19367408046314,-108.17926729071037,-110.07979798392627,-110.18868205045754,-107.90798308317746,-108.613685825939,-110.17524232929765,-111.8266013533545,-108.5975448105471,-110.4408648691146,-108.74999394136864,-110.36286620478054,-110.71684554539529,-108.07883266736435,-110.24685344259527,-108.5869686273177,-107.87362613329034,-109.85158854381457,-108.60568660705823,-108.65620376747484,-109.29206208439068,-110.46527243865167,-108.38710020656184,-109.86495152265289,-107.82409007821595,-109.25936742176872,-109.37690915090438,2,-109.21850150435438,-109.25936742176872,-111.8266013533545,1.1699130310676629,-0.2699779878688025,-0.5336057967163472
HDOK,PLOK,17472,49,49,-118,-11,10,2,29,-108.32240948778136,-109.20118441663338,-109.27846278442117,-109.20366581416191,-109.10475063612394,-110.752978281777,-107.96390280550678,-109.91008709554637,-109.65827642852197,-110.1311100018091,-108.61106617628951,-110.52494528975645,-108.68999905989932,-109.14120511231393,-109.55540093093013,-108.8122003807729,-109.30293217366398,-108.38360351121,-108.18526559096199,-109.4682825526241,-108.67304429300525,-109.33867444663545,-109.83984611447903,-108.27841999115024,-109.32787166727432,-108.91812415667253,-109.8193350074299,-108.32356459855377,-109.08450214771588,2,-109.16569348115937,-109.20118441663338,-110.752978281777,0.46586160815283856,-0.35691673823611897,-0.18392492207460132
HDOK,PLOK,17472,49,49,-118,-11,10,2,29,-110.50304251808822,-109.5514683017229,-108.75339338308623,-110.1238585118793,-109.91655849242387,-108.30491985431355,-109.60286995151613,-109.25280377471275,-107.87669920804579,-109.77127915573709,-110.15585107494924,-110.41624307787362,-108.76582547761079,-108.04114838617328,-109.49770243127718,-108.47522244157423,-109.03408716866774,-111.08552730850288,-108.92909897572194,-110.22064037779317,-109.56576758146785,-109.00116303688345,-108.86119579955094,-108.48404379115493,-108.59754945257288,-108.66532756932631,-111.86731533948951,-110.14747317014535,-109.45464350902658,2,-109.41112824556164,-109.45464350902658,-111.86731533948951,0.8241964210245448,-0.6156863170455052,0.381707259244048
HDOK,PLOK,17472,49,49,-118,-11,10,2,29,-109.39590769829655,-109.00666401161908,-108.91763465619498,-109.8093255635345,-109.86596059718626,-109.81839718522198,-108.94611365075541,-109.10266028922045,-108.98127149182324,-109.964187928642,-109.64604862886584,-109.69128092802002,-110.48310549953366,-107.81783829019169,-108.59538682677223,-110.15744311745378,-111.15798378569379,-110.28693286433727,-107.80255273392521,-110.52911369000668,-109.06477245629397,-110.40988259845751,-110.24337544962056,-110.352836888259,-108.62836949806004,-108.52117316527196,-108.60063999593312,-109.3102897612877,-109.11808411074449,2,-109.45604252969737,-109.39590769829655,-111.15798378569379,0.6633288489119255,0.11052212500872116,-0.45946749130644315
HDOK,PLOK,17472,49,49,-118,-11,10,2,29,-107.80874494432678,-107.91499012379488,-108.33312819295952,-109.77602110325435,-109.71133522203246,-110.49563572628175,-109.85808590629529,-110.82087644161794,-110.68109047690231,-109.27462848823998,-110.18360990159972,-109.80035593587199,-109.78241930691077,-110.55997933463532,-109.53681977842128,-109.8304675218748,-109.66283002018334,-108.02728240302493,-109.4246052197154,-108.93488163137708,-109.45187972964347,-108.72111309944987,-109.81351574813031,-109.70373282440592,-111.27772357790232,-108.50755709280115,-107.47681042173299,-110.69774576464101,-109.89161272183586,2,-109.51584409171939,-109.71133522203246,-111.27772357790232,0.900858762631205,0.4561317009190676,-0.3265958235488342
HDOK,PLOK,17472,49,49,-118,-11,10,2,29,-108.99913167246986,-109.44519878530043,-106.05588455864635,-109.27029528853606,-109.72231326589417,-110.38171535502688,-110.4210479847085,-109.38961196577003,-111.35154112321813,-109.14019954630444,-111.62430688573045,-107.78390601534227,-108.34873563438234,-110.99606700894526,-108.46994729332255,-107.63339444512715,-109.92446299024347,-108.97838695639011,-108.33999932867764,-109.500982588483,-109.62621482050137,-111.1872210704853,-108.94599445545923,-108.34473376355335,-109.33496931165669,-109.02856537666105,-108.96167905284086,-108.77069835090222,-108.74091551328979,2,-109.26614208302996,-109.14019954630444,-111.62430688573045,1.3566733075476791,0.14063353352933725,1.0630353921685418
HDOK,PLOK,17472,50,50,-116,-9,10,2,29,-107.56168929222916,-107.81150303465927,-106.29089207497935,-106.71287183492854,-109.74558182711,-107.02505399073192,-108.18074135038844,-108.88693525639296,-107.82710429501745,-109.23229701968992,-105.59367913930068,-107.43919170550275,-107.19229851341412,-108.11134051099323,-108.80188173614485,-106.1041375595997,-106.58575097859692,-107.095468725339,-108.58783780945707,-106.58046443074964,-106.32996151995684,-107.98235543056295,-106.39586315084684,-107.9789201652497,-108.83245698501133,-109.9904607365818,-108.1693773173572,-109.38443558500383,-109.02046821456184,2,-107.77417311001233,-107.82710429501745,-109.9904607365818,1.340770865177936,-0.062364843060773535,-0.907514739392631
HDOK,PLOK,17472,50,50,-116,-9,10,2,29,-108.77839476965403,-108.35471695477558,-107.63541529374744,-106.7444571394045,-108.30311488786138,-107.51156796707137,-107.01465055917305,-107.70073475037644,-106.40594907497444,-107.04489842454845,-107.24374456043928,-109.06669541211609,-106.31815262232836,-108.26209173736213,-109.01488023568764,-107.8198689432859,-107.22309029939817,-108.47638560412268,-109.36188118682522,-109.03123947317496,-109.74877322164505,-109.10256409771688,-108.54209221933102,-108.26645122320564,-108.43383064172328,-110.54053648127629,-108.79400916466786,-107.60517807481035,-108.43189936834698,2,-108.16473325479484,-108.30311488786138,-110.54053648127629,0.9713970927359649,-0.1007956071894392,-0.1328400982358664
HDOK,PLOK,17472,50,50,-116,-9,10,2,29,-110.01085732224811,-108.95305962666616,-108.55923892255134,-109.5926715290473,-107.19324589289295,-107.42001758629084,-107.33000246875825,-108.25308839641855,-107.38085117793207,-107.92562449226848,-107.25152829877452,-108.41734238102397,-107.42755818544198,-107.96298698711774,-109.54459820367894,-108.54909894942922,-107.59728054739705,-109.0002225237282,-108.59369780046909,-108.54631450139787,-109.36727253171999,-106.16900101550827,-110.3089984507952,-109.1280162309396,-107.31356308373654,-110.472333749199,-109.54064279350348,-107.17626701455885,-107.52035666748476,2,-108.36226680451651,-108.41734238102397,-110.472333749199,1.142772126957719,-0.2126044872612463,-0.7076408043479074
HDOK,PLOK,17472,50,50,-116,-9,10,2,29,-109.58903358133742,-107.50129537051738,-107.70900326890947,-107.7209168117023,-108.09323252341997,-109.37540502706885,-108.59275744761648,-108.75318280943846,-107.52383205148024,-107.73084488554464,-108.50264531743406,-109.01671871756527,-108.15169892976633,-106.90054111690272,-107.96018757614688,-107.75775611977821,-107.96434380353764,-108.3445897389138,-108.43305017121463,-108.03565392640247,-108.3140139037364,-107.53673964566494,-108.28222282918745,-107.89740750225442,-108.61185448508387,-107.72844535167569,-107.67743623529448,-107.48518191793337,-107.77617715814529,2,-108.10228166288529,-107.96434380353764,-109.58903358133742,0.34169409066086065,-0.6964225329808287,0.6362619060640244
HDOK,PLOK,17472,50,50,-116,-9,10,2,29,-109.03960590332873,-108.84556023446108,-107.45007773222227,-106.18029598370573,-108.81280150359487,-107.66661400730734,-106.41832219429952,-108.42631276882622,-106.72727293535682,-108.71844246244105,-108.50512252468928,-107.52178855254712,-109.7118790067028,-107.71608851685305,-109.04778705149526,-107.86250263914914,-107.78063701048724,-106.03496443400145,-108.36548739508447,-106.67892863034078,-105.27417355678095,-107.59838327069625,-106.84316732388167,-108.28809648775655,-110.15321873143523,-109.54355904933249,-106.51939770187899,-106.28345802217876,-109.37213483869607,2,-107.84089932653553,-107.78063701048724,-110.15321873143523,1.5075772729279504,0.12082261246796575,-0.7919862601781311
HDOK,PLOK,17472,50,50,-116,-9,10,2,29,-107.30838374259426,-107.0071383224917,-109.0560934761591,-107.35269352752155,-108.41346382411538,-109.32798110815362,-108.88001623838167,-107.24066067634492,-107.81641819197692,-109.3412599745477,-107.25198631090242,-108.23371346353032,-108.25180960866405,-108.04856446962548,-107.03107146512446,-110.00947540557893,-109.08420542711202,-107.3094403799406,-108.25358260301095,-108.12195667568837,-109.08628495797467,-108.95951925657842,-107.22975220251791,-108.53697781653138,-108.65184630228191,-108.22548556551303,-108.71572561229557,-107.05965438139275,-106.88996989314211,2,-108.16190106481696,-108.23371346353032,-110.00947540557893,0.718328141797546,-0.150413554152287,-0.9878982839885926
HDOK,PLOK,17472,50,50,-116,-9,10,2,29,-109.34161212718338,-107.69126777722512,-107.30791599974619,-108.76495290230694,-110.6223372837882,-107.81514730354228,-108.58977907918201,-109.55420030372575,-108.62400162335881,-108.65143174568841,-107.7490473867907,-106.72929959970031,-106.68882870944792,-107.69461296332126,-108.38187088191954,-109.23262187159634,-108.36424932634223,-107.53322886867204,-108.94144563518566,-108.21744359801474,-108.85949770335701,-107.60219463927136,-107.11157338276696,-107.9318370347899,-108.27737128816791,-106.9935523782378,-107.15239926028461,-109.68577134554079,-109.77204171082859,2,-108.27177702517182,-108.27737128816791,-110.6223372837882,0.9388244253893784,-0.36865561287126714,-0.32659777221719866
HDOK,PLOK,17472,50,50,-116,-9,10,2,29,-108.50410114779109,-109.62701232058367,-110.85547866949307,-106.51229170557048,-108.43419606933588,-109.42568964250589,-108.91344863196069,-106.71876838563159,-108.63803972589291,-108.41371680746116,-107.40487467271838,-108.61356319507028,-107.1849155054042,-109.73446637167295,-108.83625537308453,-108.57269120156026,-109.70681722442123,-106.10961767267156,-107.7851962489179,-107.45322794618062,-109.16695095109478,-107.14361375557925,-107.78579423605326,-108.28666753202002,-109.90307185030409,-107.19281113943488,-107.96524587857793,-109.20273351979203,-107.29686339050177,2,-108.32372830245816,-108.43419606933588,-110.85547866949307,1.248469797361334,-0.06507604911053134,-0.4417808307605209
HDOK,PLOK,17472,50,50,-116,-9,10,2,29,-109.55004483843858,-108.53861671128384,-107.23662382236469,-105.97669711798355,-108.55614869186104,-106.98781494246315,-108.7184196197788,-109.69156973631483,-109.10546507051475,-107.63172288516127,-107.12512828094214,-108.37099783374403,-109.49804749720899,-107.16179305808627,-106.7368483411703,-107.37738047512376,-108.19147269157361,-108.5384138821697,-107.10951280083596,-107.48821357381291,-107.95317177273242,-108.64921128351399,-109.67795666299938,-108.43706794044799,-108.42883010426596,-107.77990390546094,-108.47666865206644,-107.51623755919371,-109.14129400050149,2,-108.12590599144878,-108.37099783374403,-109.69156973631483,0.8834260534494777,0.13513585678252846,-0.560554420451763
HDOK,PLOK,17472,50,50,-116,-9,10,2,29,-108.04293443819658,-107.64749300802971,-108.18091986057803,-106.71372228091445,-106.7543401276896,-108.83076230155802,-107.78979341719304,-106.5908310449226,-109.04531877059893,-107.98135870202867,-108.17788295245485,-107.96756821413628,-107.45904910004002,-108.64333872825048,-107.23639291316701,-107.79493849802847,-106.9447547265501,-106.59665977265486,-110.43845277774457,-106.93978628656886,-107.24077021102033,-108.55249858327846,-106.87611278335466,-108.06577188045603,-109.47391322295775,-106.65409025184046,-108.05000441882784,-107.4301554975181,-108.19955809437737,2,-107.80410940913573,-107.79493849802847,-110.43845277774457,0.8304407132548058,-0.8226693452569132,0.901162009079711
HDOK,PLOK,17472,50,50,-116,-9,10,2,29,-109.65373792725461,-107.48021096980146,-107.95341167957369,-107.98082241984241,-108.70462047447025,-110.56890542521298,-109.14623050848834,-108.4502216008219,-109.21755682477519,-109.02502607544854,-108.76390172651374,-108.32402398178515,-108.84788208396671,-108.95330608950465,-109.08237508873562,-108.11606675674052,-108.16609860156643,-108.66027252055322,-108.88326254961237,-110.28764864551617,-108.92154611166045,-108.15983374197786,-107.57971726312881,-108.89083544050908,-109.4665124447117,-107.81070000726461,-106.27652309174324,-111.14467597036872,-108.870918891261,2,-108.7374774107865,-108.84788208396671,-111.14467597036872,0.8968391683583455,-0.18746692141965035,1.4982656259195353
HDOK,PLOK,17472,50,50,-116,-9,10,2,29,-108.77729461965478,-109.05209245944812,-105.74669837082102,-106.87461725590431,-107.88219106890486,-106.54642791147816,-108.85262739609814,-109.55651549278399,-107.45288149148828,-109.27797760286144,-107.6365643633053,-107.6056258595941,-109.71195933260306,-109.65756843698726,-109.1124739658658,-107.3183764347017,-108.48931912016283,-107.3639814192829,-108.24617424327913,-108.89815167213965,-108.6233359485298,-109.13597918264705,-108.682455420349,-106.7101266914795,-107.18413563978255,-110.50144595300333,-107.51520912313201,-109.9728906146895,-109.10804622305943,2,-108.3273497694496,-108.6233359485298,-110.50144595300333,1.2904225409904555,0.2661905752455786,-0.5714270352863426
HDOK,PLOK,17472,50,50,-116,-9,10,2,29,-109.30290399767802,-108.21508998744117,-106.90953954805974,-107.67212286481261,-106.7901014307008,-108.38046162395972,-108.82070674836207,-110.15492170806425,-108.94258324119383,-107.76624691809401,-109.48551805999972,-108.74147544027196,-107.19510185488306,-106.23334846981571,-108.44998987761981,-108.37091669728501,-108.13098969854875,-108.45650790396068,-107.78209666795753,-107.06526157900102,-106.37593880046715,-108.44755187898163,-108.48886734460478,-107.65619795680772,-108.71928108840766,-109.67133962542712,-107.35809253145773,-108.70407323010633,-107.74833253259166,2,-108.13915721746763,-108.37091669728501,-110.15492170806425,0.8909322069526332,0.09744449055154168,-0.2687205921060203
HDOK,PLOK,17472,50,50,-116,-9,10,2,29,-110.18933644759659,-107.88809927864816,-106.73951107289324,-108.02119064028169,-107.29541549419945,-108.95531885064572,-108.78122687627213,-107.42250369531331,-108.30562667849314,-108.55719932095072,-107.43040601798289,-107.81014430578671,-106.57917627120476,-108.22080816674288,-108.7826704171227,-107.97836972791676,-109.29962317011093,-107.89362237987386,-110.07187081814166,-106.97988329032985,-108.96049299917124,-105.45273724012836,-107.18392580877939,-107.61183587222675,-109.58419857895261,-108.68247496925855,-109.454226151104,-109.1578667415365,-107.49105550215472,2,-108.1648557511662,-108.02119064028169,-110.18933644759659,1.150204081647569,0.210261721892871,0.06781485679247679
HDOK,PLOK,17472,50,50,-116,-9,10,2,29,-108.59827637735347,-107.52792558036543,-108.21418848320992,-110.60951275037104,-109.63343652262286,-109.02737898231476,-105.87544416140912,-106.96876535098346,-105.1782037202947,-107.13976890895718,-106.64078682267547,-107.16892695242389,-106.95101471742028,-108.34286079914638,-108.10767458080667,-106.72347496901892,-106.28373543646899,-107.71121318351825,-107.99586856570465,-108.51370668491738,-108.70497864650952,-107.20860823839446,-109.33282324015607,-107.35852916456747,-109.55207463902528,-110.6658915816738,-108.69445021172916,-107.82160375792951,-108.57890457428051,2,-107.97000095187062,-107.99586856570465,-110.6658915816738,1.647580673636253,-0.13397551776929018,-0.03587858204685679
HDOK,PLOK,17472,50,50,-116,-9,10,2,29,-110.52570308178858,-107.78443985620108,-108.66752894663706,-108.79769563980842,-109.02524334967775,-108.82753496230534,-107.73430131764668,-107.35790963791068,-109.76876539855495,-108.65013712852195,-107.01639955049386,-109.26930698190871,-107.67118585447099,-107.67343717529077,-108.4003100675755,-108.23704640260016,-109.12534677783222,-107.27055247725492,-107.06823043206445,-108.89672040849418,-109.73281408730978,-107.63674832157179,-108.43167066319451,-108.03298948164591,-107.35469787678925,-109.43203322564439,-108.17658150365114,-108.1977183847552,-109.06151026509711,2,-108.40774342264471,-108.4003100675755,-110.52570308178858,0.7559669178152495,-0.3574565723340089,-0.36099901506127496
HDOK,PLOK,17472,50,50,-116,-9,10,2,29,-108.2407428273245,-108.37123603649502,-108.86173114306955,-106.54012992112705,-107.24974066179038,-108.2007251040468,-110.89618559059065,-107.61782679273952,-109.77208799279595,-109.56695483661363,-108.59156566649689,-107.48047862235245,-107.56626752392111,-107.31339263161952,-109.21621429644776,-107.9798004349866,-108.2451137792709,-108.83244922850119,-109.10032143160299,-108.01259101004499,-110.2050042195076,-107.73890217435776,-107.90327064194172,-108.71090740734198,-110.49264527042989,-110.56282294977804,-109.69791603118337,-107.4316519303508,-108.99760031726194,2,-108.59987160255139,-108.37123603649502,-110.89618559059065,1.1902472511482092,-0.4181867155272212,-0.517734986522207
HDOK,PLOK,17472,50,50,-116,-9,10,2,29,-108.74659944789147,-109.69203956932655,-108.1965383769737,-108.1318737224565,-108.12368065097534,-106.42650552462071,-108.59609720618036,-109.9119897202605,-107.61707446109672,-108.03879398789768,-107.01527637241128,-108.7144287098735,-108.68262029342469,-107.98114385858824,-107.36422144338721,-108.07797326630302,-108.82787337405132,-107.59983491953876,-109.63486030917859,-108.45034817763,-108.66348941326747,-108.23706367071217,-106.37642666568559,-107.32429454297318,-109.22269745195442,-108.21761228347839,-108.91383844389695,-109.18469774289763,-109.19992838531263,2,-108.31620075835329,-108.23706367071217,-109.9119897202605,0.7625807578202254,0.3950407129969922,0.007837081502515275
HDOK,PLOK,17472,50,50,-116,-9,10,2,29,-110.900715461737,-107.8757160867358,-107.87691176204862,-108.06168865743707,-109.44625592060389,-109.94782292586642,-106.91216835641681,-107.72591358033002,-108.50937890838016,-108.9848318593722,-108.74736475258636,-109.1714478398069,-107.10121817528868,-108.4785640857983,-106.41491428669757,-108.48100256509775,-107.69413196622708,-108.53792614373835,-108.21535121592262,-106.91065670833225,-107.11891478583614,-109.6897626357392,-107.86140312773986,-106.96166992633547,-109.39580186644865,-108.78068111580279,-109.19274945148166,-108.91958605898137,-109.67172470235268,2,-108.39952672169453,-108.48100256509775,-110.900715461737,1.0989719434462057,-0.13556827324137893,-0.30075316577597855
HDOK,PLOK,17472,50,50,-116,-9,10,2,29,-107.1160226621391,-107.90398626090366,-109.21335725647411,-108.43788640341299,-109.89506079523225,-108.10308368489035,-109.86389863100452,-110.333490247918,-108.38057050173195,-110.04282591689314,-107.90431184874652,-108.47454198984872,-107.00689202709596,-107.1660386311513,-107.31993490519292,-109.26293819002511,-107.79849356584332,-107.43287283929882,-107.8412057560306,-110.48136077737446,-106.8515080823591,-108.3400982696527,-108.75604206563823,-107.71641219699183,-108.06568437034969,-107.13854894356989,-108.34580073033636,-108.57494154529473,-110.9721892838059,2,-108.43931028893815,-108.3400982696527,-110.9721892838059,1.2528392408044313,-0.6622233915390755,-0.4599183872912609
