hdok,plok,none,nums,totalNums,average_rssi,snr,sf,tp,serial_size,rssi_0,rssi_1,rssi_2,rssi_3,rssi_4,rssi_5,rssi_6,rssi_7,rssi_8,rssi_9,rssi_10,rssi_11,rssi_12,rssi_13,rssi_14,rssi_15,rssi_16,rssi_17,rssi_18,rssi_19,rssi_20,rssi_21,rssi_22,rssi_23,rssi_24,rssi_25,rssi_26,rssi_27,rssi_28,location_id,realtime_average_rssi,median_rssi,mode_rssi,rssi_variance,rssi_skewness,rssi_kurtosis
HDOK,PLOK,17472,1,1,-94,6,10,2,29,-99.0,-93.05940535242226,-93.02983545730379,-93.0199066969794,-95.01695191713331,-94.81274659772369,-94.67627365927282,-94.43404149325563,-94.5059315792934,-94.44851152053731,-94.40243521438599,-94.45859592533175,-94.4188157073982,-94.30436605771524,-94.20588658155037,-94.1912555552119,-94.6489356434348,-94.9268066709058,-94.80944129424125,-94.70394678103143,-94.60855579050265,-94.52183785274048,-94.65083169926663,-94.5676636586465,-94.68652861277525,-94.93891786479202,-95.03425620261008,-95.0327104241641,-95.11944904215021,54,-94.62878761561298,-94.60855579050265,-99.0,0.9792795140121663,-2.6868956833628186,13.199135746785073
HDOK,PLOK,17472,2,2,-96,9,10,2,29,-101.0,-93.079207136563,-94.03531026869162,-94.35634349543332,-96.51944764116595,-96.41514185276655,-96.17751727517648,-96.00735856719297,-95.87940025716956,-95.77959384756112,-95.69950492420217,-95.63376361079312,-95.57878873386315,-95.53210038139731,-95.4919268683584,-95.5280323363056,-95.89585501835523,-96.22181986147932,-96.14739654209599,-96.08050073284686,-96.0200117338237,-95.96502246048132,-96.01889534125239,-95.96756392499319,-95.92028039779112,-96.11406658836236,-96.10879027319312,-96.05875717043132,-96.0120761251627,54,-95.90498184023822,-95.96756392499319,-101.0,1.4343252799349404,-2.111615499966681,11.810760212954467
HDOK,PLOK,17472,3,3,-96,8,10,2,29,-100.0,-95.04950446035188,-95.02486288108649,-95.01658891414951,-97.01446442062844,-96.60995724234084,-96.33962009634985,-96.14603650348963,-96.25451001966732,-96.1121310064023,-95.99788000863532,-96.37400977634637,-96.34156685744871,-96.23334853419458,-96.14023087227923,-96.13026557211087,-96.59204537373508,-96.74582402908734,-96.63948264162083,-96.5438971016289,-96.45746607253905,-96.37889344676185,-96.56738008937312,-96.48841629736567,-96.80662849728226,-97.1008128989883,-97.18866254763789,-97.1350252847281,-97.17316238071903,54,-96.50354047679137,-96.45746607253905,-100.0,0.7550354261196963,-1.8878982744898871,8.558504622215521
HDOK,PLOK,17472,4,4,-94,8,10,2,29,-99.0,-93.05940535242226,-93.02983545730379,-93.35269061321982,-94.76594880323756,-94.81294659987657,-94.67644007791814,-94.28967752652748,-94.12585804640982,-93.88458650114977,-94.20463791474337,-94.09142287370862,-93.91000552324448,-93.83659936288002,-93.77343621436894,-94.2159177887377,-94.40306227659488,-94.76049822983404,-94.65326300951762,-94.55687404296096,-94.46971653385337,-94.390483480413,-94.3701579475583,-94.35150958308112,-94.28546315608571,-94.4144033297836,-94.44149095148315,-94.46669313921281,-94.5342972782714,54,-94.38370074532409,-94.3701579475583,-99.0,0.9668741263749939,-3.523260604947176,17.046884055185117
HDOK,PLOK,17472,5,5,-96,8,10,2,29,-101.0,-95.05940535242226,-95.52760028678041,-95.68480731337647,-97.51545891538176,-97.41195406851074,-97.17486477004181,-97.00508936585872,-97.00444289629408,-96.89044493197862,-96.90169969941142,-96.91093822032187,-96.91866375125105,-96.92522479024103,-96.93087030933717,-97.00684643437431,-97.54414185774638,-97.7648425355778,-97.7182545547323,-97.55977417631686,-97.47245431085135,-97.39307366266995,-97.52876997141811,-97.5021308158451,-97.52646100272369,-97.69145368744604,-97.70572594378959,-97.67388073417604,-97.60007863440416,54,-97.26032251700964,-97.41195406851074,-101.0,0.9275270138977899,-1.3387225707887358,7.900676256392732
HDOK,PLOK,17472,6,6,-98,8,10,2,29,-105.0,-98.06930624449262,-97.03927837456786,-96.36063933077479,-98.02216169472199,-97.61610889339323,-97.17682305819099,-96.86225833213635,-96.7527311760898,-96.55380718866984,-96.4969136900516,-96.45021243391365,-96.4111594294097,-96.37799299883353,-96.27395469771301,-96.32555003656753,-96.77420292299529,-97.17179957724908,-97.16133494558721,-97.15192875396187,-97.14342342122991,-97.13569140261465,-97.28478502993168,-97.32081718736433,-97.30513928969391,-97.4806447291741,-97.50466825905279,-97.48189558555784,-97.63701027664743,54,-97.32214617105473,-97.15192875396187,-105.0,2.348948441139179,-4.514987253249632,22.687034580425536
HDOK,PLOK,17472,7,7,-95,9,10,2,29,-101.0,-96.04950446035188,-97.02039254003972,-97.01360623070322,-98.01121469470603,-98.20976412039006,-98.17454142493816,-97.7158000725222,-97.24380577659865,-96.87565418079234,-97.7102812262617,-97.36157923362089,-96.98324056364171,-96.98459247397798,-96.75925611102647,-96.91849127152354,-96.99118969841807,-97.37492897588005,-97.10844391804423,-96.92721461869212,-96.81932456397615,-96.66733355843333,-96.58054514170995,-96.45053862241232,-96.37965278155075,-96.40911919983833,-96.3439383513873,-96.28329441604066,-96.22671342995508,54,-97.12392971232526,-96.98324056364171,-101.0,0.85057938203641,-2.6593708169876566,9.936979544958282
HDOK,PLOK,17472,8,8,-96,9,10,2,29,-103.0,-95.079207136563,-95.03978060973839,-95.02654226263921,-97.02192691014305,-97.01752395695127,-96.67874994845793,-96.29165360613702,-96.12758311727674,-95.99960951077279,-95.9996496263559,-95.81171729272083,-95.65456258471447,-95.60176188753759,-95.55632893939381,-95.7299848201272,-96.01701291173566,-96.46296581843193,-96.37385385046946,-96.29375506879691,-96.22132758521116,-96.155485287327,-96.19944415473044,-96.13901678334756,-96.08335458918359,-96.26939477527127,-96.2569335299611,-96.24533964965903,-96.54315544198093,54,-96.30681453984951,-96.155485287327,-103.0,1.8374528063275257,-4.283821681326476,21.286745770089457
HDOK,PLOK,17472,9,9,-95,9,10,2,29,-101.0,-95.05940535242226,-95.02983545730379,-94.687122780739,-96.76744829650303,-96.41254228979152,-96.17535421971668,-95.86100175012935,-95.75163420965094,-95.55283472103665,-95.49604112557438,-95.35543924400595,-95.23786369319129,-95.0573450293589,-94.90201573388755,-94.90897884128121,-95.31841396164674,-95.61739301965774,-95.45796274454516,-95.37296022442838,-95.35208102465988,-95.27918975235329,-95.36876174958158,-95.29980424601591,-95.28515322208291,-95.46160799737156,-95.53276854645293,-95.50872787431015,-95.66265951859648,54,-95.64732229745849,-95.37296022442838,-101.0,1.2085702010525399,-4.181735971746793,19.95055746449509
HDOK,PLOK,17472,10,10,-95,9,10,2,29,-103.0,-95.079207136563,-95.03978060973839,-94.69375834639881,-96.77242328951279,-96.61731964901911,-96.34574623913446,-96.0067710429969,-95.87888736241099,-95.6656454396664,-95.59726261857509,-95.54113030608275,-95.40744726169979,-95.2939146547454,-95.19622425821318,-95.18227987063557,-95.57334384486091,-95.85604237406869,-95.74298738229024,-95.64136728220146,-95.54947964074827,-95.4659465237476,-95.59784963814481,-95.51735080615052,-95.49206857901932,-95.70619477949528,-95.71978516528665,-95.68730554672227,-95.56882112424975,54,-95.87711519904755,-95.59726261857509,-103.0,1.9926197004268829,-4.63864027800416,23.44698800656505
HDOK,PLOK,17472,11,11,-120,-5,10,2,29,-114.0,-114.99009910792962,-114.4972625943061,-114.66456551701346,-114.99876249313998,-114.79820963465191,-114.6641776809706,-114.56819979729283,-114.87709580948447,-114.77755094022436,-114.59494028794228,-114.72699149686574,-115.09764723124371,-115.00910483603604,-115.0839172984612,-115.29114441588736,-115.47323221089466,-115.63459860408072,-115.77867960088587,-115.96648985396176,-116.08033058492842,-116.23773122475527,-116.32946123047066,-116.21210418776006,-116.2506075797408,-116.28620362959833,-116.27296486639851,-116.17039949629746,-116.03061526008207,54,-115.35734784383808,-115.09764723124371,-116.32946123047066,0.47518444419193173,-0.04524675295656666,-1.3746374278942282
HDOK,PLOK,17472,12,12,-92,7,10,2,29,-99.0,-93.05940535242226,-93.02983545730379,-93.0199066969794,-94.7666985498703,-94.41194309329595,-94.00693990750557,-93.86143071006937,-93.87903227989577,-93.77926763339828,-93.59648062247962,-94.19830022339035,-94.09435546199326,-93.92541297870467,-93.78004453675365,-93.65354829642172,-94.01293386408629,-94.07597064288142,-93.94951941135658,-93.77755576959915,-93.67804397294574,-93.53366946511615,-93.60999522781195,-93.42812554971057,-93.6026781744726,-93.8590503122268,-93.81931369646038,-93.73721890240269,-93.61653377925857,54,-93.95735208857974,-93.78004453675365,-99.0,1.042884181393838,-4.307055766252359,21.287459905859468
HDOK,PLOK,17472,13,13,-99,7,10,2,29,-99.0,-93.05940535242226,-94.02536511625702,-94.01692401353311,-95.51420892573691,-95.81255778155219,-95.67611654830664,-95.28940074899498,-95.12561642615543,-94.99786602674976,-95.20354845336152,-95.18441843411023,-95.16842133275229,-95.15483552140827,-95.14314545867641,-95.55935419073408,-95.92507143481136,-96.504621521408,-96.53479594555203,-96.62022065038717,-96.75344635433908,-96.87455903216726,-97.08929740174725,-97.23593708163234,-97.32214442652418,-97.59184188357537,-97.74949117095241,-97.80591918827989,-97.85856670933856,54,-96.06196886660227,-95.81255778155219,-99.0,1.747825838971524,-0.005044097628243767,-0.16453393805659866
HDOK,PLOK,17472,14,14,-103,7,10,2,29,-111.0,-106.04950446035188,-106.52262771056311,-106.34870561430617,-107.51270769645758,-107.40975529806491,-107.34095093797364,-107.00266869324082,-106.74828250954265,-106.5498634178536,-106.59610666918422,-106.54008299585732,-106.40649079883411,-106.29303534555044,-106.11991146033307,-106.18245365471553,-106.371847583411,-106.73127699345898,-106.56490983376784,-106.41536979884016,-106.28015165695359,-106.10331726369373,-106.04588714842062,-105.84205746253934,-105.65430136307218,-105.57572224723465,-105.4103220384186,-105.21131046599076,-105.24608411652008,54,-106.48536914603967,-106.371847583411,-111.0,1.054176058763705,-2.944216865601387,12.454394075798177
HDOK,PLOK,17472,15,15,-94,6,10,2,29,-99.0,-93.05940535242226,-93.02983545730379,-93.0199066969794,-94.7666985498703,-94.61274444483404,-94.34193928370108,-94.14802055357232,-94.00219485188937,-93.88845202650393,-93.79717992824229,-93.7222588609378,-93.65960759583605,-93.60639993970565,-93.56061681919635,-93.59184093707046,-94.02259389439624,-94.34046484167783,-94.2588146359646,-94.18542290025859,-94.11906010893789,-94.0587310948919,-94.15977845512555,-94.10134942101558,-94.09639661326644,-94.32931718454121,-94.36034058906095,-94.29895651839487,-94.41804665214669,54,-94.15711635199114,-94.10134942101558,-99.0,1.0247193867074536,-3.8201784030907224,18.475392447608616
HDOK,PLOK,17472,16,16,-94,7,10,2,29,-95.0,-93.01980178414075,-94.00547481138783,-94.33643679845392,-95.5035091930847,-95.80400656967763,-95.83691694965101,-95.42696447338115,-95.1186827129291,-94.87822552298293,-95.91805161048,-95.6438054417527,-95.50121599622727,-95.46078509679151,-95.35049600250655,-95.46771557189774,-95.63793435009649,-95.98037072184482,-95.79883080003998,-95.63565264458029,-95.54408492212296,-95.46084263673457,-95.4368547534472,-95.36446675983584,-95.29778713331352,-95.33114216004908,-95.31582470006956,-95.21132532088288,-95.15791748222226,54,-95.29121113519258,-95.4368547534472,-95.98037072184482,0.35777024314339095,2.3185020420554574,6.603733669708994
HDOK,PLOK,17472,17,17,-95,9,10,2,29,-101.0,-95.05940535242226,-95.52760028678041,-95.35202339713607,-97.26595529475149,-97.41335246365477,-97.17602835264408,-96.86157846657689,-96.75213766950009,-96.55328104135289,-96.49644159469038,-96.35580207598066,-96.23819505184879,-96.1383152794553,-96.05237261652863,-96.11971435926014,-96.44776449841855,-96.86620841509132,-96.75253419085337,-96.65035749026846,-96.55796655560088,-96.47397590535311,-96.55340885048054,-96.4751489222069,-96.40306040961508,-96.52641472790987,-96.54832110023968,-96.47845458842994,-96.41326890893934,54,-96.60376165055138,-96.49644159469038,-101.0,0.936822589006147,-3.156739107720559,14.701814885138555
HDOK,PLFL,17472,18,17,-95,4,10,2,29,-95.0,-94.00990089207038,-95.00050223517053,-95.99868684810482,-97.00002893784037,-97.20082447862102,-97.33501861987742,-96.99759363270155,-96.74385210145486,-96.5459358332762,-97.4144353721559,-97.18752038268987,-96.99776719747669,-96.9979473078781,-96.84710253303822,-97.21328559358982,-97.3333875615497,-97.69527313517408,-97.53109903742984,-97.38353024827413,-97.30607693677486,-97.18175533260126,-97.1202423415431,-97.01342563741491,-96.96390091097959,-97.0131154931305,-96.91999592177896,-96.87848198392464,-97.14838226663512,54,-96.82686444045368,-97.0131154931305,-97.69527313517408,0.654548210899992,2.273761025562624,5.0306794345659736
HDOK,PLOK,17472,19,18,-94,6,10,2,29,-99.0,-93.05940535242226,-93.52760028678041,-93.35202339713607,-95.26595529475149,-95.21255111211669,-95.0089447066812,-94.7186394662354,-94.62735529532509,-94.4426606834467,-94.3971854431514,-94.35985691007566,-94.24189815542228,-94.14171966988054,-94.05551997589748,-94.05157453067443,-94.51864390118745,-94.80483572038258,-94.75581168029485,-94.65344389467488,-94.56088017575325,-94.47673245098402,-94.608074133901,-94.57743967595425,-94.59808962172055,-94.80717983541587,-94.81609901125812,-94.73414927680183,-94.65768991184662,54,-94.6217917093163,-94.59808962172055,-99.0,0.9203767673237098,-3.1628313323128205,15.063832061006513
HDOK,PLOK,17472,20,19,-99,7,10,2,29,-102.0,-95.06930624449262,-96.03033769247432,-96.35302571260343,-98.01645341013507,-98.21395089468064,-98.1780251739664,-97.86328673456462,-97.7536289471411,-97.55460306834169,-97.90855420798184,-97.72918326146822,-97.49244433963139,-97.45272101131941,-97.41854063091174,-97.95730586212778,-98.1618341026498,-98.5985383267661,-98.50116838526314,-98.41364687873329,-98.39048994335786,-98.31552802964684,-98.35115631667917,-98.33346524446232,-98.31716925352033,-98.34960363187652,-98.3334322097925,-98.31838639957937,-98.61298153022832,54,-97.99961267049642,-98.1780251739664,-102.0,1.1937822414255896,-0.7566422539077905,6.870410110389253
HDOK,PLOK,17472,21,20,-96,8,10,2,29,-99.0,-92.06930624449262,-92.5325728629977,-92.68812509620636,-94.51794641188663,-94.61474342389359,-94.51151833296478,-94.29309435562472,-94.25586445592015,-94.22682544611362,-94.20352330509945,-94.09041301801194,-94.08257027593362,-94.07590969337484,-94.07017852090591,-94.20731843879943,-94.66391878874795,-95.06855849343395,-95.0643824681342,-95.06062882486503,-95.11321705582849,-95.10711347542492,-95.30974686947063,-95.34452146243704,-95.42542243697869,-95.69021420095115,-95.8433131343827,-95.89550752516139,-96.07647631042558,54,-94.72768727339542,-94.61474342389359,-99.0,1.5340024018948955,-0.8763434632791374,4.238232904964828
HDOK,PLOK,17472,22,21,-99,7,10,2,29,-105.0,-98.06930624449262,-98.5325728629977,-98.35534117996596,-100.01818942399335,-100.21533831460988,-100.17917962426509,-99.8642743594796,-99.75449112038555,-99.6688611138064,-99.80561114149066,-99.63591505524369,-99.4940100494997,-99.45416042222938,-99.34437149005518,-99.74628039090034,-99.96499364850912,-100.35040587831273,-100.20723828636483,-100.07855131028043,-100.01817144456568,-99.90937094988806,-99.86203617121954,-99.81860723819392,-99.77860302078243,-99.83661923043803,-99.79792019683133,-99.71679076402476,-99.68518716025417,54,-99.86766889976141,-99.80561114149066,-105.0,1.2101085768070592,-3.3756735287663755,16.737881480753455
HDOK,PLOK,17472,23,22,-99,7,10,2,29,-103.0,-98.04950446035188,-99.02039254003972,-99.34639014694362,-100.26071831533629,-99.80676302216983,-100.00712628064278,-99.71708381428259,-99.62599724788109,-99.44145676586376,-100.11522640638653,-99.91643186284283,-99.75019384600145,-99.85101023515676,-99.78675906756968,-99.73084919450767,-99.81616081948289,-100.21107792619335,-100.07639705884907,-99.95533842177102,-99.90185630639193,-99.79932641107587,-99.75771969518415,-99.66916669303812,-99.63646543091407,-99.60623339947242,-99.53193474837178,-99.46280765504967,-99.3983118553784,54,-99.80167929748792,-99.75771969518415,-103.0,0.5300631714113279,-2.5278629342738195,13.484253423131348
HDOK,PLOK,17472,24,23,-99,7,10,2,29,-105.0,-99.05940535242226,-99.02983545730379,-99.0199066969794,-101.01695191713331,-100.61194524618558,-100.3412742830773,-100.14745164975267,-100.12872181061992,-100.00061896956856,-99.89782378177176,-100.00140920295686,-99.91454345877158,-99.84077124302118,-99.777293118075,-99.7220559287563,-100.14405590535766,-100.32644440962802,-100.24564821449788,-100.17302411089342,-100.0513730565949,-99.94078264866556,-100.0479694876203,-99.94479385220521,-100.24070350448515,-100.3242698764894,-100.35552675154965,-100.29435990070657,-100.28138144990226,54,-100.20277038913764,-100.12872181061992,-105.0,1.0004125503507357,-3.8519590609296177,18.738304106036342
HDOK,PLOK,17472,25,24,-105,5,10,2,29,-109.0,-104.04950446035188,-104.02486288108649,-104.34937283038991,-105.7634613067327,-105.20855454141753,-105.34145068353472,-105.14760255922617,-105.12885355102908,-105.00073575826815,-105.41158657289454,-105.27892195241527,-105.25472728464646,-105.31484517081428,-105.29107439932615,-105.6967707793375,-105.91881204603396,-106.30717356095,-106.2275511890414,-106.15598218288453,-106.09126755289343,-105.97852641542924,-105.97964416322293,-105.93029020085571,-105.88482818963172,-105.93779871653918,-105.89441947933389,-105.85405965403275,-106.08094631033933,54,-105.63805601353997,-105.7634613067327,-109.0,0.7573768662746477,-1.5387414604371872,7.049433823377967
HDOK,PLOK,17472,26,25,-98,8,10,2,29,-108.0,-95.12871159691488,-96.55793797925472,-96.70504910973948,-98.78088850130848,-98.42328368330708,-98.52012342476165,-98.30045595712798,-98.26229096031092,-98.11902885912014,-98.20953243403173,-98.09585739319513,-98.00079888194941,-97.92006881895043,-97.85060373682113,-97.86122036197942,-98.20664632665748,-98.6404887179651,-98.54056350013958,-98.39244291143694,-98.31449064787132,-98.24362588902113,-98.28299684224784,-98.16798065119937,-98.06203439850579,-98.10658765179849,-98.10165728566663,-98.05194605215868,-97.96147489481994,54,-98.33823405062967,-98.16798065119937,-108.0,3.834906654157883,-4.160283017642517,21.445097212949957
HDOK,PLOK,17472,27,26,-99,8,10,2,29,-103.0,-96.06930624449262,-96.5325728629977,-96.68812509620636,-98.76819977914964,-98.21234152216893,-98.00877031018257,-97.86299660796061,-97.88039927180223,-97.78047948030333,-97.80303117453835,-97.8215428230464,-97.75027931908289,-97.6897575721177,-97.63768096066256,-97.6634286289543,-98.15658895529377,-98.46590260665961,-98.43752361267684,-98.35371274009998,-98.27792868357481,-98.20903499601916,-98.30225870420658,-98.2366515894065,-98.27395538340359,-98.4034421749202,-98.4310368207055,-98.41158669558637,-98.52571091784597,54,-98.1260084666919,-98.20903499601916,-103.0,1.2078501883733113,-2.743624793396396,13.432354869947313
HDOK,PLOK,17472,28,27,-101,8,10,2,29,-105.0,-99.05940535242226,-99.02983545730379,-98.687122780739,-100.51719492924003,-100.21254013690188,-99.84101984414497,-99.71948714727073,-99.755118899205,-99.66941764367012,-99.60064729802573,-99.92012740979658,-100.01379934320437,-100.01268621061966,-100.01172840328563,-100.01089494159964,-100.48069877190441,-100.76931387220903,-100.78336539314691,-100.79599567989183,-100.80741632658332,-100.76388816351293,-101.03643941984478,-101.03460362086469,-101.42386166019341,-101.6412276811126,-101.75033610931762,-101.76160195408595,-101.68393218913833,54,-100.54461057376675,-100.48069877190441,-105.0,1.374976237440101,-1.7791924586164225,5.973403219353015
HDOK,PLOK,17472,29,28,-101,8,10,2,29,-106.0,-101.04950446035188,-101.02486288108649,-100.6838049979091,-102.26445406547215,-101.6089472770913,-101.33877972015269,-101.14531756697828,-101.12685880671869,-100.88547368144488,-100.7945075533367,-100.8138202741938,-100.82997015616674,-100.76302009836482,-100.70541217523176,-100.7263466246297,-101.28249709223371,-101.58376990105819,-101.54821139103346,-101.51624942906365,-101.48734855906788,-101.46107538765334,-101.64528427762347,-101.61277519202936,-101.72943560714964,-101.88478702256684,-101.98262926085268,-101.98341309887671,-101.94005400515012,54,-101.49719346770648,-101.46107538765334,-106.0,0.9225347977108571,-3.645416404032353,16.72154537076123
HDOK,PLOK,17472,30,29,-99,7,10,2,29,-104.0,-96.079207136563,-96.537545439215,-96.69144287903626,-98.7706872756545,-98.41513087755176,-98.1775081428729,-97.86284441774046,-97.88026641333148,-97.78036170043511,-97.70019389432181,-97.8223530923601,-97.83776280777792,-97.77018415089695,-97.71203534268305,-97.73249912645191,-98.22101657161929,-98.39849015446894,-98.37421737828306,-98.35239966013864,-98.27668911295048,-98.26177268330721,-98.4043034997971,-98.3335554213794,-98.4638609252425,-98.58432722635547,-98.60355477223466,-98.57631993921738,-98.6390905869367,54,-98.21584898720079,-98.26177268330721,-104.0,1.585406586095764,-3.193909653007822,15.594059463795132
HDOK,PLOK,17472,31,30,-92,8,10,2,29,-95.0,-89.05940535242226,-89.52760028678041,-89.68480731337647,-92.01596564990777,-91.61115702275191,-91.34061841475707,-91.14689055856084,-91.12823199125027,-91.000184741623,-91.00016576282047,-91.00015018399442,-91.00013715650836,-91.00012609269348,-91.00011657271071,-91.0711718141447,-91.46970441133122,-91.95060995556352,-91.95361839499665,-91.89802028927845,-91.90372935585721,-91.90891934788384,-92.0177647424482,-92.01686976398237,-92.01604536166275,-92.11028296843881,-92.15143811770166,-92.18972866270664,-92.48999636663949,54,-91.5056364363032,-91.61115702275191,-95.0,1.0894240745721058,-0.5107614081288859,4.07432395166081
HDOK,PLOK,17472,32,31,-100,7,10,2,29,-104.0,-97.06930624449262,-97.5325728629977,-97.68812509620636,-99.0174396773606,-98.6123350635,-98.84534583463063,-98.72318800471818,-98.75834966042254,-98.78577545723947,-99.629635887791,-99.5704610502728,-99.52097725931665,-99.55961792601882,-99.51736684176159,-99.97804560852086,-100.1811797346014,-100.55278572185271,-100.45820265657876,-100.3148838910282,-100.29725594243197,-100.22732031399954,-100.16343556440897,-100.05444280822447,-99.95404499481027,-99.9087279722684,-99.86669344442261,-99.78246068446106,-99.74796166650647,54,-99.59717027140842,-99.74796166650647,-104.0,1.4524605647013742,-1.1056266721003407,5.515597604346981
HDOK,PLOK,17472,33,32,-105,6,10,2,29,-107.0,-103.0396035682815,-104.01541996382242,-104.01028844787331,-105.25898056546416,-105.20697691789685,-105.5080536980522,-105.57914305606111,-105.50557822112664,-105.56169198977665,-106.53130447355085,-106.57535371242197,-106.61218901978391,-106.72413765390436,-106.7449652269437,-107.04734299904983,-107.24581899233245,-107.61329693745687,-107.51502802153736,-107.42669846691739,-107.40281087261604,-107.32718473228454,-107.258101817812,-107.14433982511969,-107.03954886730031,-106.942670541333,-106.80655305558876,-106.63478598222686,-106.47452675214392,54,-106.33628946133373,-106.72413765390436,-107.61329693745687,1.3081048038885212,1.3343339930658493,1.2806072936516029
HDOK,PLOK,17472,34,33,-96,8,10,2,29,-103.0,-96.06930624449262,-96.03480803352109,-95.6904405635689,-97.51968242574489,-97.21452814074662,-97.01058976110505,-96.86455313669525,-97.008781682996,-96.89429129362239,-96.80241931810647,-97.57284952118037,-97.69664555584933,-97.55978458899467,-97.44202104528266,-97.33954594595708,-97.72003858036916,-97.80178046365329,-97.69203066572256,-97.6516837152915,-97.50323615872075,-97.47610647994351,-97.65953296815914,-97.52554708333228,-97.89081338633989,-98.13349913617493,-98.21983683560636,-98.20991690822906,-98.20066158418558,54,-97.56568728357209,-97.52554708333228,-103.0,1.4407891864966942,-3.0828913319840914,14.47153459215564
HDOK,PLOK,17472,35,34,-99,7,10,2,29,-106.0,-100.05940535242226,-100.52760028678041,-100.68480731337647,-102.26520554811874,-102.011150564083,-102.17719393920514,-102.00708195531841,-101.87915878153065,-101.77937977789159,-102.00750764644023,-107.83372520090757,-107.15420041991827,-106.65776802319078,-106.15510736020217,-106.14408488435492,-106.06718012239006,-106.12675258480279,-105.69264883472745,-105.30245229552447,-104.94962603714418,-104.62887912650328,-104.387935682067,-104.06611481170145,-103.76967206791898,-103.59061309794728,-103.37826764366,-103.18070249520042,-102.99637357835009,54,-103.91312398040269,-103.76967206791898,-107.83372520090757,4.415977800813239,0.009404898948933845,-1.0472170484092205
HDOK,PLOK,17472,36,35,-98,7,10,2,29,-105.0,-98.06930624449262,-98.03480803352109,-98.35600839604972,-100.26894303426846,-99.8133362064244,-99.84467999363063,-99.57811204513733,-99.3776545745804,-99.22129942725299,-99.19856498299835,-98.99193806073288,-98.81915037163868,-98.67240747778078,-98.54614091988327,-98.43626669519378,-98.74303835897216,-99.14262526864765,-99.01211397994238,-98.8948031915171,-98.78872760552579,-98.69229652735909,-98.70831317686256,-98.62224924935963,-98.54297214473715,-98.56468091291043,-98.58481722745833,-98.5584279082645,-98.66607784020735,54,-99.09481930535689,-98.74303835897216,-105.0,1.500276896324194,-4.045169344982968,19.05093434091251
HDOK,PLOK,17472,37,36,-98,8,10,2,29,-105.0,-98.06930624449262,-98.5325728629977,-99.02090901244677,-100.01668993072786,-99.61173586700443,-99.67693152241952,-99.2900979541842,-98.99920147149281,-98.77230465252231,-99.4120857602713,-99.09140896217674,-98.82324931346605,-98.75684139661215,-98.54870021185644,-98.86502526786732,-99.00853710498791,-99.26344298659728,-99.06466060685537,-98.88598397340918,-98.78040210820797,-98.63050942907493,-98.59769001222712,-98.51719922210337,-98.39418713492559,-98.42296317317543,-98.44965484692754,-98.42936460114564,-98.63088582236524,54,-99.08836349836349,-98.82324931346605,-105.0,1.4304244392988752,-4.352258414498587,21.344741949204675
HDOK,PLOK,17472,38,37,-95,9,10,2,29,-103.0,-93.09900892070375,-94.04525542112621,-94.36297906109313,-95.77366253238667,-95.41750869871093,-95.51531815092105,-95.29634507580752,-95.1316786595882,-95.00324023473769,-95.41383376048904,-95.28095794340655,-95.16984316166146,-95.15614265760597,-95.06885402983201,-95.49034217273793,-95.7934789124075,-96.25370731975782,-96.17734167600526,-96.10869999783249,-96.04663233693496,-95.99020793537545,-96.04276985621327,-95.99023565433338,-95.94184419069086,-95.99210646440345,-95.99247159131927,-95.94768725805339,-95.90590333155052,54,-95.73820886226503,-95.77366253238667,-103.0,2.357083316788226,-3.579625888188552,17.758133466865083
HDOK,PLOK,17472,39,38,-96,8,10,2,29,-101.0,-95.05940535242226,-96.02536511625702,-95.68414009729271,-97.01445193784363,-96.60994726611608,-96.67544325575544,-96.43333108830863,-96.25126421585918,-96.10925358095399,-96.50895618602054,-96.36714051308752,-96.24854995317999,-96.22850051693409,-96.1357488797228,-96.62354676425936,-96.85051010931443,-97.37095911758352,-97.22653958961884,-97.09672730397199,-97.03532990293196,-96.92560438834923,-96.92947684525126,-96.83227080740211,-96.7427302361536,-96.80245039876583,-96.81158834154674,-96.72984214675584,-96.87402477053979,54,-96.73114133386888,-96.72984214675584,-101.0,0.8780738226411468,-3.1507635772821128,14.9563960426204
HDOK,PLOK,17472,40,39,-96,9,10,2,29,-101.0,-95.05940535242226,-95.02983545730379,-95.0199066969794,-97.01695191713331,-96.41114389464748,-96.1741906371144,-95.86000631258652,-95.75076521616673,-95.66555807633067,-95.59718423021461,-95.54105928486665,-95.49412590609448,-95.45426693318004,-95.41996983586293,-95.4611888242239,-95.96794359993972,-96.22544189527412,-96.15079795107823,-96.08370383200499,-96.02303551587822,-95.96788322913864,-96.07365942265915,-96.01956902052089,-95.9697440753458,-96.16118074718058,-96.19998154600732,-96.14583352409984,-96.09531324607704,54,-96.0358498682873,-95.9697440753458,-101.0,1.0660679518372111,-3.9438613664240454,18.86107924681674
HDOK,PLOK,17472,41,40,-96,8,10,2,29,-100.0,-95.04950446035188,-95.02486288108649,-95.01658891414951,-97.01446442062844,-96.60995724234084,-96.50753582658248,-96.2896873466511,-96.12586661914601,-95.99808782440624,-95.89555266520196,-95.81138626922628,-95.74100378033965,-95.68123025046442,-95.62979745074031,-95.65610534904046,-96.01531903302256,-96.33365457311156,-96.25241919351842,-96.17940032654806,-96.11337469321738,-96.05335218238969,-96.15467952697163,-96.09650737420459,-96.04292255679232,-96.13588350003135,-96.17585445964566,-96.12279514948149,-96.11738106012106,54,-96.13259223894524,-96.11337469321738,-100.0,0.7199004710013803,-3.2320670728714145,14.882704601834464
HDOK,PLOK,17472,42,41,-95,8,10,2,29,-103.0,-95.079207136563,-95.03978060973839,-95.02654226263921,-96.52142017561704,-96.21591694809581,-96.01174536585405,-95.86554174923516,-96.13666831675367,-96.00766359713259,-95.90414470347429,-96.5710318558216,-97.30219009602575,-97.11648250298192,-96.9566883355602,-96.81763916412704,-97.233214087776,-97.2821831610462,-97.20408300085816,-97.36709127514607,-97.23457587975822,-97.27584022483889,-97.57379546087738,-97.44412898698226,-97.37355637624779,-97.64081177186873,-97.7961958861732,-97.85051639780497,-97.76892635794617,54,-96.98681316161877,-97.20408300085816,-103.0,1.9741598223012182,-2.522299344883514,11.01978376294142
HDOK,PLOK,17472,43,42,-95,9,10,2,29,-85.0,-94.90099107929625,-94.95027423782702,-94.96682217170098,-96.47664523852934,-96.18013287889035,-95.98197000475992,-95.84006911650036,-95.9874077111481,-95.87534313342489,-95.78541773272431,-96.65142842086536,-97.0286387613028,-96.86499735646515,-96.72419028652709,-96.60166324613051,-97.03175595319817,-97.09359070122288,-96.96606619918506,-96.90974235837528,-96.80283044231773,-96.75954950624977,-96.98027437721817,-96.88050918618345,-100.06280974095168,-100.10732616557144,-100.10236163841593,-99.96237053061866,-99.74357754404066,54,-96.59375019722903,-96.75954950624977,-100.10732616557144,7.05233488528335,2.672940191608081,12.21936466781903
HDOK,PLOK,17472,44,43,-96,9,10,2,29,-101.0,-97.0396035682815,-95.52659581643935,-95.35135319836886,-96.51469271369348,-96.00973901808082,-95.84018795351538,-95.71877547010867,-95.88152122017685,-95.78147409457937,-95.70119201043573,-96.19918792823945,-96.96260121402821,-96.80428676893037,-96.59256346442791,-96.47939029006031,-96.78326320931053,-96.8609673925825,-96.74761240876971,-96.8206294332553,-96.71870627053836,-96.73387093704751,-96.95593243460361,-96.85739357795116,-96.86436255897863,-97.15580459969587,-97.2873669752377,-97.27439981476559,-97.21821099536031,54,-96.6786788047401,-96.74761240876971,-101.0,0.9731899231226028,-2.7894720501897106,12.227680454216596
HDOK,PLOK,17472,45,44,-96,9,10,2,29,-100.0,-95.04950446035188,-95.02486288108649,-95.01658891414951,-97.01446442062844,-96.60995724234084,-96.50753582658248,-96.2896873466511,-96.12586661914601,-95.99808782440624,-95.99828426526459,-95.90446288319364,-95.82600660257968,-95.759376267288,-95.70204345295095,-95.72321729563059,-96.07791975116444,-96.39225743591392,-96.30745244699241,-96.23122501707832,-96.16229811440134,-96.09963812079661,-96.1465039573168,-96.08874368548797,-96.03553826893712,-96.12884996496142,-96.16914627092224,-96.11638966137139,-96.24352924400087,54,-96.16377373246878,-96.11638966137139,-100.0,0.7088861259089754,-3.203004492782733,14.89793394019406
HDOK,PLOK,17472,46,45,-95,9,10,2,29,-103.0,-95.079207136563,-95.03978060973839,-95.02654226263921,-96.52142017561704,-96.21591694809581,-96.01174536585405,-95.86554174923516,-96.00964471841374,-95.89505637993707,-95.80310580587987,-96.2915235970183,-97.04692736326236,-96.88181069699608,-96.73973422192572,-96.61610257467954,-96.91078576871786,-96.91648323675783,-96.79974667966067,-96.86972415843307,-96.76505255631851,-96.7777186745339,-97.10160224414913,-96.99572461841271,-96.94706491659423,-97.23457860526861,-97.36249717514822,-97.39126388163717,-97.28583205966191,54,-96.73800462693619,-96.7777186745339,-103.0,1.8455781519716883,-3.3226393322491945,15.60931918639084
HDOK,PLOK,17472,47,46,-96,9,10,2,29,-101.0,-95.05940535242226,-95.02983545730379,-95.0199066969794,-97.01695191713331,-96.61194524618558,-96.3412742830773,-96.14745164975267,-96.00169821227999,-95.88801175237305,-95.79678488417734,-95.72190094415356,-95.65928072600816,-95.60609943703531,-95.5603390044405,-95.52051933930879,-96.02328595015831,-96.27724992964313,-96.19945026175178,-96.12951960310835,-96.06628641122606,-96.00880245002851,-96.1645009292895,-96.10583397939244,-96.10066201740187,-96.23838022296728,-96.31986649590166,-96.26030878005777,-96.20474124025036,54,-96.14069976461406,-96.10066201740187,-101.0,1.0358821849532847,-3.819802092219663,18.302917285964007
HDOK,PLOK,17472,48,47,-96,8,10,2,29,-103.0,-95.079207136563,-95.537545439215,-95.35865896279586,-97.27093028776122,-96.81492441672997,-96.67808578821034,-96.43559175807853,-96.38026132556018,-96.33710405182994,-96.30247281319785,-96.2740456223059,-96.25027394450223,-96.23008544142625,-96.21271401903238,-96.26866133641808,-96.72113825024388,-96.99439821915634,-96.99473943404242,-96.9367438788957,-96.88430273021994,-96.83662958790502,-97.00129004722744,-96.9508455765056,-97.00211631990668,-97.19201531401715,-97.22938981531829,-97.2190388188496,-97.34165255730929,54,-96.81844354804224,-96.81492441672997,-103.0,1.6765948747839587,-3.769413065815288,18.336328430016188
HDOK,PLOK,17472,49,48,-98,8,10,2,29,-101.0,-95.05940535242226,-95.52760028678041,-95.35202339713607,-97.26595529475149,-96.81094840904048,-96.67477741475544,-96.43276146555245,-96.50481414531504,-96.33402718482984,-96.29971203766785,-96.36552694306079,-96.42056335983608,-96.38663835537515,-96.35744720732482,-96.40310927409335,-96.98098758011311,-97.1737900795282,-97.102292343461,-97.0380262108385,-96.9239326598311,-96.87412305088577,-97.08888411426027,-97.03402670009403,-97.32557566500078,-97.5001103791111,-97.61574639240378,-97.587961424163,-97.65021879395522,54,-96.86520639729609,-96.87412305088577,-101.0,1.0102237098874651,-2.139551010396414,9.307928619649688
HDOK,PLOK,17472,50,49,-98,8,10,2,29,-103.0,-96.06930624449262,-96.03480803352109,-95.6904405635689,-98.02018916027092,-97.6145324465259,-97.34342705178321,-97.14929332973887,-97.25735315212722,-97.114651461173,-97.00014153305455,-97.47004138808589,-97.60275536056008,-97.47346810458521,-97.36222144477918,-97.26541718639902,-97.65089271560022,-97.80091321662334,-97.69121624432161,-97.59261451847668,-97.50345617260625,-97.47631463278536,-97.65973028618302,-97.57611393939185,-97.84117184147253,-98.08621555872003,-98.17474042847506,-98.16685543342604,-98.0713178735367,54,-97.6123999766305,-97.57611393939185,-103.0,1.3863167332101578,-3.160130215187565,15.298744445330756
HDOK,PLOK,17472,1,1,-94,6,10,2,29,-99.98933264840629,-93.17342909601211,-92.51149966943898,-91.1634629245379,-96.51535269189456,-94.4363699827558,-94.96213642402338,-93.70083405613565,-93.91441855059203,-93.987919670458,-93.4593861995025,-95.5163799823402,-94.15645260341952,-92.52931226910025,-95.15048496506434,-93.49129217634055,-94.36634355301466,-93.10174831888843,-95.41137621275712,-94.35629089619061,-94.81469761859469,-95.95460665915593,-91.48728653493755,-93.90214390944094,-93.90396423748354,-96.43102906200197,-95.8629470234794,-94.58251567852571,-96.56984319296602,54,-94.46216747611926,-94.35629089619061,-99.98933264840629,2.921542448599281,-0.8640392157193099,2.599899502062074
HDOK,PLOK,17472,1,1,-94,6,10,2,29,-98.43572034129069,-93.34230624316217,-94.3590300236733,-93.8649245143404,-95.196473242461,-92.50185939611355,-94.24782926150705,-95.67675757370554,-95.03212381034335,-94.413514699948,-94.41355763913653,-93.77077959966074,-92.77890363571117,-94.62792345755,-95.32775266338639,-94.36628812266746,-93.88302204765661,-94.12440038288584,-94.68065374369658,-94.77514395180125,-94.42894199545951,-95.76643623823662,-95.67225046922451,-94.08632984097804,-93.38218749278052,-95.88651781218316,-94.77928621635763,-94.19141786225215,-94.4051790099487,54,-94.56612107890065,-94.413514699948,-98.43572034129069,1.1966357586216125,-1.2798651454814416,4.32731794681998
HDOK,PLOK,17472,1,1,-94,6,10,2,29,-98.9862450835816,-94.09943744457101,-93.89502594034411,-93.48010289085467,-94.94721496180614,-95.43577830889058,-93.38214328709276,-93.89221800052628,-93.39004574617988,-94.15624358039477,-94.31867514216859,-94.17044787695677,-93.63546954871019,-94.05436210793854,-93.97142257644269,-94.42471957822457,-93.84991191382612,-95.096064741094,-93.80334336418552,-92.25867501226003,-95.32317399085932,-94.22355214351427,-94.29263078582147,-94.51153695178009,-96.1374798510039,-96.72410418267046,-95.2901909327495,-95.17002656638924,-96.07758298969736,54,-94.58613191381153,-94.22355214351427,-98.9862450835816,1.5575628884595596,-1.557474687293426,4.219027517367701
HDOK,PLOK,17472,1,1,-94,6,10,2,29,-99.54823992208836,-92.7397626886698,-92.14026807763054,-93.08693712354274,-95.65595462137385,-95.17941627684016,-95.01051779161735,-95.21878599888547,-94.59161324275738,-94.99180570137771,-95.7729949179804,-95.86026231702891,-94.90177008492867,-93.14543831812105,-92.93456675191625,-93.09545436684873,-94.28988822945543,-96.86960482061416,-95.39226762512898,-95.15820513999111,-93.64120745445784,-94.45331494067071,-95.25421838868355,-94.10127477254576,-95.33593990011825,-93.78732211415924,-95.50034851947706,-94.60101529189417,-95.05003754109536,54,-94.7347735496517,-94.99180570137771,-99.54823992208836,2.004890786294538,-1.017390319392844,3.394114073374984
HDOK,PLOK,17472,1,1,-94,6,10,2,29,-99.36372648364299,-92.8194931010777,-91.55281265433528,-92.1280202023983,-94.52720050996159,-94.06606337728256,-93.98994944133995,-95.75466024803671,-92.13317051846917,-94.10732608051356,-94.74149549072881,-95.64598897987784,-95.99235610686958,-93.54674506381075,-93.78278510042965,-93.41639530423296,-95.54620258384092,-97.21234044414778,-94.3645884193322,-94.69903814320553,-93.969811778274,-93.50961142307825,-96.02145371315463,-94.95958962686433,-94.4306275355009,-91.75603730878724,-94.19104039960277,-94.80559720920085,-93.88877404301874,54,-94.37665176865569,-94.19104039960277,-99.36372648364299,2.576560771866872,-0.814471613868055,2.0896707737500804
HDOK,PLOK,17472,1,1,-94,6,10,2,29,-99.08404034283062,-94.55680784878992,-93.4691636306764,-94.38506751960588,-95.25594946325141,-95.04342797481263,-95.46993364479692,-95.68338029023785,-96.02209503824047,-92.89970524537115,-94.67375548695688,-95.1575017033966,-94.42310490649379,-95.09682582578749,-94.3549537318325,-93.08741753306677,-93.70158682223844,-94.78138974355366,-94.70009776961889,-93.80971510259329,-94.79685743229402,-92.18124437835381,-94.88635642136346,-93.8215447498323,-95.3502466568416,-96.69642699817753,-94.66931882777817,-93.87871955992581,-94.21495056648308,54,-94.69488224880004,-94.67375548695688,-99.08404034283062,1.5609795559677115,-1.2366004087085356,4.335814507715153
HDOK,PLOK,17472,1,1,-94,6,10,2,29,-99.90931934578396,-93.70781798592812,-93.26497184821045,-94.30631603471727,-93.19144476535267,-96.28365095302665,-94.60080775497194,-96.06696838827956,-95.5955683095891,-95.98290632184172,-92.94278707728401,-93.78083534931001,-94.460169162403,-92.44338003070507,-93.95336215813903,-93.91107809641063,-94.29415426359235,-95.47488432624799,-95.87879306198256,-93.70845957905779,-94.38718208767791,-92.51440437491728,-95.96682674724622,-94.39516570686914,-94.52664222706822,-94.82248144008258,-95.46260610774173,-94.7691650493778,-95.7637113228635,54,-94.70227103023029,-94.460169162403,-99.90931934578396,2.109696047475698,-1.407380994621376,4.307801865372404
HDOK,PLOK,17472,1,1,-94,6,10,2,29,-98.66033300595504,-94.60810681491266,-93.09855913696781,-91.50999277085064,-94.8588647408198,-93.29819474238761,-94.00975569296915,-92.73160269001218,-93.07667078476436,-94.30617594917607,-93.76871874761994,-93.36843574940688,-93.32603981819679,-94.35243779287286,-94.42648345462882,-92.9676079095832,-96.04481062955168,-95.99736761585591,-95.94516967020907,-94.06627790692507,-94.79371493062769,-92.95800716765565,-93.4721490769685,-95.44291566468695,-92.88991209452881,-94.06734637780725,-95.12387639430759,-94.95766212607725,-96.83609411090207,54,-94.30907874369748,-94.06734637780725,-98.66033300595504,2.0651869668083638,-0.9156040769679742,1.6034083773632655
HDOK,PLOK,17472,1,1,-94,6,10,2,29,-101.7920908959939,-91.86220174805818,-94.29122866525668,-92.56101529926492,-94.84144522766167,-96.10791421825266,-95.06086290911473,-94.41557666691972,-93.88879171951952,-96.16793068776745,-92.66019256234281,-93.84696511553173,-93.09298193929195,-96.25000946460501,-96.45238293432504,-94.76815358230935,-94.73094665711768,-97.16817426575594,-93.63371878175387,-94.40582613260821,-95.74033276180899,-95.63848279018413,-93.42540932309001,-94.27779848452988,-95.55176005710896,-95.51296940568966,-94.52162179388597,-94.22155433520102,-95.19566685772222,54,-94.89944845802316,-94.73094665711768,-101.7920908959939,3.203098994748296,-1.8045750464054027,6.540921478164837
HDOK,PLOK,17472,1,1,-94,6,10,2,29,-98.33425154343739,-92.87303777625564,-93.93264073338571,-92.21807448948917,-94.09188089026344,-96.1083011847131,-95.84101927657824,-94.59931617338933,-95.85060285558201,-94.211475793078,-92.86660246495713,-95.48195037750989,-92.50026805784313,-92.55797769690362,-96.30238018607412,-93.9910109650768,-94.74989693625018,-94.46440812771615,-95.54166205225816,-94.91746125463223,-94.64384662072399,-93.78049043190737,-94.42122111223104,-95.3157680375096,-94.21610661361363,-95.14084198572972,-96.20145730119327,-96.26717041084126,-94.87397179706208,54,-94.69983079814502,-94.64384662072399,-98.33425154343739,1.8027803529489168,-0.24790023183421062,0.5475268613357347
HDOK,PLOK,17472,1,1,-94,6,10,2,29,-100.36500783197417,-92.78628982379662,-92.0745045089995,-92.63978164344994,-93.9714726714598,-95.2791344385001,-94.117659634329,-93.79281538013414,-94.39818868128867,-94.50162705417279,-96.02375032346528,-95.92018889332205,-94.65077621825343,-94.79178891499987,-95.8990709421626,-93.57222708948107,-94.21908809586458,-94.76105023548837,-95.96097797183464,-94.31969976682667,-97.1305496223057,-94.43655102273453,-92.67076345400709,-95.4372030897533,-94.74557404929229,-95.41287902626132,-95.85642991965419,-95.38402711206069,-93.16439690178018,54,-94.76839566612595,-94.65077621825343,-100.36500783197417,2.488225665267915,-1.3279920351084984,4.24975209776953
HDOK,PLOK,17472,1,1,-94,6,10,2,29,-98.29417090287768,-91.95818168971392,-94.07751189905218,-92.88743265692425,-95.0124392053613,-95.87366212326204,-94.92220555669712,-94.6917533669927,-94.58552290758652,-95.41838696635519,-94.25275002571172,-95.0518451829999,-95.55836637602442,-96.37930109214444,-95.94072817652771,-94.20347869688926,-92.0923664857809,-95.14204017886243,-92.82303220973033,-94.45551277618684,-94.69723222914426,-95.13048398178532,-94.56112475410781,-94.25505036474176,-94.19801662087718,-94.93168716970943,-94.59275330848413,-95.9815602891761,-94.86942552577516,54,-94.71855250756835,-94.69723222914426,-98.29417090287768,1.5444027072774067,-0.07541651711799074,1.9886340135108491
HDOK,PLOK,17472,1,1,-94,6,10,2,29,-99.7033413530297,-93.56146100639815,-91.08348366847487,-93.30497590196644,-94.79827201351766,-95.12046499125711,-95.07142387666647,-94.26773107828798,-94.08346753198217,-94.2400183753686,-93.03338215886852,-93.29148637991673,-94.37579633694229,-92.58995417298183,-94.21170840272802,-93.39379756044286,-94.82156360112297,-93.75599601457691,-93.25155779113422,-94.83164789538104,-95.65515334474051,-93.93026574960518,-95.20174359908648,-93.9049022146077,-96.24178983787648,-97.02960695844659,-96.4883800202417,-95.9689428029699,-93.59173413525002,54,-94.51048444047825,-94.2400183753686,-99.7033413530297,2.4803729673702377,-1.064306492784452,3.1233938205304956
HDOK,PLOK,17472,1,1,-94,6,10,2,29,-97.33032472161325,-91.70032969686291,-93.76205105431505,-93.71112940624369,-95.46252222648066,-95.99060066774018,-94.76383496298976,-95.85350551113882,-93.68459303019048,-92.53235880936589,-95.16469802522613,-97.12312140422829,-95.25567937286189,-92.73926761568727,-94.27308323384474,-92.62740513589931,-94.80447201162383,-95.19814055091,-92.2372517955377,-94.60897077214982,-92.61209393285111,-95.85486302258066,-94.17904125755712,-94.33813837758424,-95.18842479703045,-95.5428737163551,-94.60339907725329,-96.32710301532592,-95.0582159946626,54,-94.56991355848656,-94.76383496298976,-97.33032472161325,1.9819157352666295,0.19186094998901929,-0.4272681086025578
HDOK,PLOK,17472,1,1,-94,6,10,2,29,-99.65154760000243,-94.98715760607314,-92.12775771750968,-93.85170939575474,-92.98358927299881,-94.08060677982088,-95.15853817186651,-95.87678147545888,-92.92966127409836,-95.67288711452515,-96.14690752572434,-95.4079525870222,-95.63659941406713,-93.9544764265072,-93.03842601397747,-94.26850231663413,-94.45576782069348,-96.11895404359693,-95.0096102173379,-93.5679752912904,-94.42636189561766,-92.91290099757302,-95.5261544681359,-92.0119379182571,-94.99716987307535,-94.77688624336994,-93.77836814714964,-96.75928127206475,-94.97449678180374,54,-94.65824019524162,-94.77688624336994,-99.65154760000243,2.3363018985427972,-0.8972756621070876,2.558047128417749
HDOK,PLOK,17472,1,1,-94,6,10,2,29,-99.76561924711335,-93.8098223080436,-93.60985384698795,-93.9568051566453,-95.58575751457674,-94.52055542252563,-96.87552810181462,-93.78107646842072,-95.90663827603224,-92.7265597437,-94.55175339765682,-94.32342081447044,-95.12804328054025,-94.60780831654816,-94.7480846092182,-94.08757026661223,-93.2435981499347,-93.17566248216737,-95.01137267136689,-94.88565849314064,-93.59259737768258,-94.26975383255568,-94.79584944307264,-93.53619188569311,-94.94137535909282,-96.21582320724472,-95.95835694767595,-95.47075126131371,-96.71926464498236,54,-94.82072939747687,-94.60780831654816,-99.76561924711335,1.9382957596974386,-1.561834338743424,4.109150790769494
HDOK,PLOK,17472,1,1,-94,6,10,2,29,-98.52837756580068,-92.43237815803485,-93.59906511985318,-92.2239867511999,-95.44645774312792,-94.9040553468391,-94.65421188608062,-93.55181762505461,-95.2165262071899,-93.97409060166768,-93.51960223584949,-95.104008280809,-96.12212951064447,-94.57178601537632,-95.2773901934428,-94.87735277743317,-93.76532314498692,-94.96622515623854,-93.26340196152243,-94.58438229228207,-95.41125482676186,-95.90575045701533,-94.21688962436929,-94.13957785453728,-95.91573825456007,-95.19536730959287,-96.45667969025969,-94.13792484548377,-93.5535171246968,54,-94.67294029519692,-94.65421188608062,-98.52837756580068,1.5779959574847395,-0.652231320368139,1.8471531383852349
HDOK,PLOK,17472,1,1,-94,6,10,2,29,-98.63469654082682,-92.17175303026542,-92.7034631941499,-94.49711843799787,-94.33271202028577,-94.98153919622578,-95.13380270434958,-96.02027627520904,-95.22898009806941,-93.90175921269649,-91.92739454311295,-94.53713483414623,-93.99004996118514,-94.38846969688518,-93.93368263756685,-94.24200890380403,-94.37671960615909,-96.59443542199432,-94.15783851120034,-96.10928418730522,-92.30751282393481,-95.70666549551598,-94.72320139647128,-95.63160303128912,-93.29739528346438,-95.87901116304337,-95.95789967270592,-96.7956178395832,-95.67896309473554,54,-94.75313754531652,-94.53713483414623,-98.63469654082682,2.1331933959763942,-0.1777304968829381,0.598092048168672
HDOK,PLOK,17472,1,1,-94,6,10,2,29,-100.00481077092056,-93.52458769788292,-93.29672768005737,-92.5587972788431,-95.4080891998468,-93.51641685437446,-93.4572520937167,-94.90960586323098,-95.59255077637931,-91.49102057185289,-92.7938776831932,-94.97667022533979,-96.32423415729701,-95.57630898450915,-94.5246890653502,-94.78343345140556,-93.84181849959958,-97.42044507551158,-93.43793590008814,-94.88689831049084,-94.33369355360847,-95.98781306742747,-95.21094593463016,-95.00509731594481,-94.97265203125565,-93.19874595829205,-96.02509620972546,-93.89551861718685,-93.85262378191707,54,-94.6485640210303,-94.78343345140556,-100.00481077092056,2.5896298553749286,-1.106930366259359,3.0819132428067166
HDOK,PLOK,17472,1,1,-94,6,10,2,29,-99.36635264325166,-93.99392213531428,-93.52259936587505,-93.9836528125461,-95.65406094531197,-96.17594377054277,-94.69490277874034,-94.05875120522971,-95.27183625418607,-94.71729230860333,-93.35602429180925,-95.71937028938018,-93.53418418720423,-94.77993291109055,-94.69256817499353,-93.49112575973177,-95.2772062446906,-93.24103107929321,-92.60292596552318,-92.94130591902423,-94.54312702601037,-95.01322941056301,-96.54471012824177,-94.6391238835279,-94.47726867545815,-95.54859372254678,-95.52433030249848,-96.34741645803977,-93.19642808718571,54,-94.72100747366945,-94.69256817499353,-99.36635264325166,1.8470804899895445,-1.2486560468694228,3.2042174865359763
HDOK,PLOK,17472,2,2,-96,9,10,2,29,-102.84043636245306,-93.77137497787902,-94.84072726908309,-94.20291748930808,-96.8316516614218,-94.7145411267788,-95.26388975955886,-95.97175071028937,-95.09840923530001,-95.9750183480631,-95.4196986868809,-96.80460251959185,-96.06927238056895,-96.61208274972898,-94.60013997957236,-94.91571816090156,-95.51007360363789,-98.71902876776328,-96.6260653967434,-96.56730592278089,-95.14000875590165,-96.07366775808632,-96.44447978059927,-96.03356583531054,-94.87084884473967,-94.8896527926034,-94.85333402186805,-95.88561563311775,-96.63437488362773,54,-95.93725011772963,-95.88561563311775,-102.84043636245306,2.68777481838664,-2.6922916263760426,10.226003536982416
HDOK,PLOK,17472,2,2,-96,9,10,2,29,-102.1898797615274,-94.24150500127408,-94.90280504763238,-93.44042229586387,-96.2960766120869,-96.74140601081693,-94.76982543756502,-96.28466615429045,-95.24589979850748,-95.1919224008252,-95.65873061393857,-95.59143954442182,-97.32298207172043,-96.08120671829715,-96.03160008699825,-97.13888591863079,-94.8545407219015,-96.56701380302256,-97.61619403121368,-95.40525612512455,-92.87581161654401,-95.21987407517412,-96.40400478825515,-94.92400232966543,-97.76031118815608,-95.6476465182815,-94.49015441417282,-96.49502009720896,-96.3723392833086,54,-95.92280767125604,-95.65873061393857,-102.1898797615274,2.6881643499200996,-1.698584249258076,6.422082610964763
HDOK,PLOK,17472,2,2,-96,9,10,2,29,-100.79072499824618,-93.94560127186222,-93.07093938023795,-94.04742898885547,-96.66775829733295,-96.01655017819917,-95.54464384776516,-95.38725410030332,-93.8876709245031,-96.73703996645546,-96.06144376323743,-96.31404366880396,-95.66427413031093,-95.13464755690451,-95.72931719591774,-96.351067344297,-95.30197922288843,-95.29787661413475,-96.87681053057162,-94.69837449408396,-94.88769463964366,-95.4117571432149,-96.94219956220249,-96.27236706410271,-97.85837667702556,-97.37176472989627,-96.82428636126588,-97.28426555059175,-94.77706154103545,54,-95.90190412909968,-95.72931719591774,-100.79072499824618,2.1250743053034187,-0.9879466180354686,3.1422601807282304
HDOK,PLOK,17472,2,2,-96,9,10,2,29,-101.79241699777893,-93.31587709983245,-93.88573645811965,-93.64602914326113,-96.33411412416122,-98.21616237324375,-95.83536747148942,-95.27970772189101,-95.87868366224411,-96.9917210334108,-95.16918105932382,-96.02770615191602,-94.81172819566534,-94.7298569224588,-95.7775438317581,-95.62351103426336,-95.00663046198653,-95.85367905752632,-95.76971423656221,-97.98417236206122,-96.2161833228646,-96.10335316136808,-95.57095467568845,-95.21639311935881,-96.35700940695713,-95.6412717069021,-96.41545522396707,-95.5882851158462,-95.52245884533669,54,-95.8814104819739,-95.76971423656221,-101.79241699777893,2.328094210253029,-1.9454890252343688,7.004547670756809
HDOK,PLOK,17472,2,2,-96,9,10,2,29,-101.28958394972834,-94.63515844322738,-95.93583190485107,-93.82363571272691,-97.26249174014424,-96.39048185630115,-96.2428769300233,-96.6568368608197,-96.05881890557473,-96.14588894733555,-94.0769423566441,-95.55882999545128,-97.16850457086198,-94.38282704668703,-94.82635374449681,-96.35551222334071,-95.42430730474933,-95.53083221256739,-95.64411139380461,-95.58082209735421,-94.46939521140379,-94.6993964787506,-96.3839188084553,-94.50418510095317,-94.94635110019817,-97.46386963673227,-96.82218973795439,-97.0223848857725,-95.47865410863118,54,-95.8889997677773,-95.64411139380461,-101.28958394972834,2.0132378554392254,-1.7780377752194962,5.959621157743676
HDOK,PLOK,17472,2,2,-96,9,10,2,29,-101.56811005201354,-90.60970077173363,-94.04918423614428,-94.51196945100142,-96.34805807798209,-96.16448801462147,-96.14998987493419,-95.22608833521859,-94.6763952084901,-95.94881546488048,-97.36136939846146,-96.1560591393491,-93.7516628868685,-94.87591466496333,-94.49787662706763,-97.44400927333136,-95.94753834254148,-94.97318184930619,-97.2800653457099,-96.64928757757545,-96.33528008470574,-94.56695092485802,-94.34712852576077,-97.2185070479063,-98.40050958673386,-95.88015018957279,-95.27293671312736,-95.26135975064201,-93.94583987468143,54,-95.70408369966145,-95.88015018957279,-101.56811005201354,3.419734053018081,-0.464821081678635,3.639195443265859
HDOK,PLOK,17472,2,2,-96,9,10,2,29,-100.97682337158452,-92.03402657224294,-95.32821613668837,-94.37911315275367,-96.1571299522604,-97.46210559955018,-95.59885535683406,-98.10772239192075,-94.96576302195587,-94.88134155236945,-97.28152512609411,-95.98987657148086,-94.14157998165452,-95.95559611265116,-95.45190195357792,-94.04122476961986,-96.73615724538686,-94.5475385569902,-96.96686347891955,-95.01861897804851,-96.15809684922662,-95.77447679630866,-97.83951655133086,-96.40114803854735,-97.13169911319419,-94.34995819470606,-96.41496959036877,-94.62856259070524,-96.21503598461625,54,-95.89432564108927,-95.95559611265116,-100.97682337158452,2.6154281355262805,-0.6570852686728167,2.5748903304926274
HDOK,PLOK,17472,2,2,-96,9,10,2,29,-100.69930395195111,-92.84245271379092,-92.73809920407706,-93.2268564680752,-95.34043159172231,-95.68238430249588,-96.7441826353757,-96.4591684941984,-95.24652049916071,-95.50577994962224,-96.756511244312,-96.27406100515836,-96.60330043055984,-95.19013676264925,-96.028131251204,-97.152932896496,-95.92072094450454,-94.41049084324922,-95.62820608038379,-95.09834696263582,-95.8540097586052,-96.6822920801553,-95.47277818396554,-95.85098254112664,-96.0103837416851,-96.60345630618507,-97.92322459742566,-98.33600907379103,-95.0494328453709,54,-95.90795128827352,-95.8540097586052,-100.69930395195111,2.4118150245155383,-0.5004033644981352,2.5385334736747303
HDOK,PLOK,17472,2,2,-96,9,10,2,29,-102.17027289014716,-93.38641506584723,-92.63255959553645,-95.1371048008355,-95.68136896978325,-95.72435510565145,-94.74090393169766,-95.80438816332943,-95.49159277202942,-95.98468937336693,-95.46804370799728,-96.631601267124,-94.49345996556775,-95.95369253836706,-94.29840076733173,-95.8763997617709,-95.32564614679447,-95.85688069611673,-95.20467553795211,-96.75324266019119,-98.2357618283889,-95.2132160138203,-96.16081190782053,-95.21182308897308,-96.2145274559586,-96.21159602390759,-96.0395634714594,-96.15636248934115,-96.36235626233177,54,-95.80764525032549,-95.80438816332943,-102.17027289014716,2.483674485676086,-2.0404603899456406,8.831438224827483
HDOK,PLOK,17472,2,2,-96,9,10,2,29,-102.51016665855694,-92.09759340077194,-93.16726664055133,-93.89839554902008,-96.71670882383005,-95.74859529029665,-97.08219353278518,-93.7268657737059,-95.65184707721441,-95.70042447259283,-95.24264347407784,-96.563924823007,-95.44264062116824,-94.29715011786202,-94.97213556511555,-95.20159885386792,-95.97278004297945,-97.61221540628047,-96.7987692495466,-94.8784640103937,-96.06865920486304,-94.19629991131018,-95.19478346637408,-96.72036366537434,-97.56494973713025,-95.4434919636805,-97.0823606830139,-97.94508978464737,-95.96980820222959,54,-95.84373055180164,-95.70042447259283,-102.51016665855694,3.4104052821923467,-1.2906340647768673,4.872135170534548
HDOK,PLOK,17472,2,2,-96,9,10,2,29,-100.64360375558016,-92.82888976433374,-92.76425764076706,-94.3534513398634,-97.31200601607449,-95.89868578138761,-95.05850729252674,-96.93159761894266,-94.62141463157707,-96.72130860093601,-95.34859582646195,-94.70867162196109,-94.89774709142199,-94.13282845866173,-94.64915007765482,-95.33161561449667,-97.40060321537909,-94.9592595825239,-95.11099513896853,-96.64626176667304,-96.97311103618638,-96.85138777337812,-95.27474762382666,-97.29903257552023,-97.86012036683138,-98.38341948727042,-96.87201238097394,-96.36708006788962,-96.66826782229204,54,-95.96098724035724,-95.89868578138761,-100.64360375558016,2.7016534064020306,-0.422382823435824,1.0267302740646769
HDOK,PLOK,17472,2,2,-96,9,10,2,29,-100.7199441801611,-93.20606858120266,-94.6994681163591,-94.23473737258553,-94.71260756756372,-96.59533549834622,-96.79930794817889,-98.29732748498915,-96.96888959777692,-96.11907090574138,-95.50321360275402,-95.15172927373845,-95.9485704843327,-95.60687609988713,-97.33426814072837,-96.26302504580373,-95.16355433942299,-96.18745508458751,-95.76872941083245,-96.7585901792049,-95.52656088256472,-95.0866629266701,-94.63699485281262,-94.3249653772069,-95.84514906693616,-95.24080155736762,-97.92410052528896,-95.25626124964029,-96.41704789549513,54,-95.94128666373035,-95.76872941083245,-100.7199441801611,2.0262417373606536,-1.2278082663722292,3.227324907993728
HDOK,PLOK,17472,2,2,-96,9,10,2,29,-103.03705095849931,-93.43731127028256,-94.72737214488669,-92.60042899726196,-95.7282875527233,-97.37606196237293,-94.66864192686609,-95.80836108001535,-96.7137712448879,-96.49372408896909,-96.26754619493106,-94.60528276556337,-95.99987971376511,-95.65019010938394,-95.25886939794857,-96.29974958029698,-94.58825094884007,-97.38016478813624,-95.98623295809983,-97.26110874025836,-95.7898081245833,-97.64139423267972,-96.28641733691904,-96.2661698643226,-96.38901769961282,-95.46663436123308,-96.35298404445273,-95.05055930828718,-94.45549474745111,54,-95.98575055667345,-95.98623295809983,-103.03705095849931,3.0618430625399857,-1.99272960619778,8.459787093713334
HDOK,PLOK,17472,2,2,-96,9,10,2,29,-102.31466737355211,-93.95596531774108,-93.43577243524842,-94.25164035821423,-95.28132008823387,-94.84471411531031,-97.85968569307275,-95.99468217210205,-97.22981486666632,-97.36556137712634,-94.42332700752047,-95.18392404652701,-97.49299145884113,-95.74568706662748,-95.03081501204971,-94.09595368949175,-95.44228360442062,-96.07091189335061,-96.8417307021507,-95.9573519456362,-94.94342843064967,-95.73108648448171,-96.29383689118688,-95.93794201041841,-95.26668017831248,-95.14040584057118,-94.65680834807054,-95.16582022746398,-95.44182964566458,54,-95.77229787174836,-95.44182964566458,-102.31466737355211,2.664556949215938,-2.2522954579732537,7.883549483678156
HDOK,PLOK,17472,2,2,-96,9,10,2,29,-99.62309215156174,-93.35863619961653,-95.35984675366072,-92.09050469847493,-97.36567958948687,-98.3611011681579,-96.34271218211917,-96.30970867850073,-95.1638770726787,-98.16257962961497,-95.90174554248692,-96.74994025613047,-96.1882850291447,-96.66856749921087,-97.20820538861996,-95.36453921797369,-96.75482298960682,-95.19074539270213,-94.84313543884836,-95.86331904936553,-96.41121956310592,-94.78867966717235,-96.40051363640642,-96.74088312477242,-95.25977569950112,-95.54663617994721,-96.77408148748667,-95.49129622990358,-96.28495943722716,54,-96.08858927425808,-96.28495943722716,-99.62309215156174,2.00472988940312,0.28007024804002445,2.0431395770897907
HDOK,PLOK,17472,2,2,-96,9,10,2,29,-100.64857052995383,-92.10332895301181,-92.16128364728004,-94.27826496338984,-96.06592706261915,-95.76827808551853,-95.47773484141305,-97.43536394742262,-96.17985929395516,-94.88272856428935,-96.17470587978933,-96.16786331616504,-95.44772746808927,-96.54343747125408,-95.88976050683534,-93.90243095587627,-94.4570360945233,-96.38108618786059,-95.65760804729892,-95.35278751633105,-96.61152535604015,-97.05650910047727,-96.3080931124172,-94.42027238984923,-96.59719290654233,-96.56346739784662,-95.58805756881142,-96.68720270782127,-93.82041796449413,54,-95.67684558059227,-95.88976050683534,-100.64857052995383,2.5316207295051716,-0.2512736423854259,2.926856601338598
HDOK,PLOK,17472,2,2,-96,9,10,2,29,-100.27664387598276,-93.23057331928196,-93.93235335773733,-93.24079303602518,-96.81701402592604,-96.63261404170771,-93.9456291854153,-96.41661892995818,-95.33386401504481,-94.67334155032478,-96.0212675056988,-95.64508078081731,-94.80858587055718,-95.6380428523644,-96.33993356265363,-95.26430853791068,-97.96830643652393,-96.51513575379259,-96.61771915511099,-96.94405550890755,-96.51842317673871,-95.87933951875824,-95.39597108258074,-96.29339072535781,-95.70884595785874,-96.5128352613765,-94.92233376281919,-97.25238568060946,-95.81838267730066,54,-95.8815099705221,-95.87933951875824,-100.27664387598276,1.9550713677382912,-0.5905696302442826,2.3712491893795966
HDOK,PLOK,17472,2,2,-96,9,10,2,29,-101.27834468956974,-92.24955469881539,-93.88417626994708,-91.30582217051204,-96.85918515012544,-97.02856541982898,-96.32418192062231,-96.81703280718605,-96.17503456828172,-95.71329525043434,-96.52893790908398,-95.61399168459214,-96.78724287945568,-96.33561145742615,-95.18478170879875,-94.08326602106511,-95.98487395274753,-95.48880884373284,-95.5559691286318,-95.7356649978629,-96.94947765617704,-96.51565350358204,-94.21718050589666,-96.88054086992658,-96.50463739830438,-96.15300305760739,-95.22172290766504,-95.04932137187586,-95.75412858062059,54,-95.79931059932332,-95.98487395274753,-101.27834468956974,2.8603383750712505,-0.16133128018406498,4.246270390941444
HDOK,PLOK,17472,2,2,-96,9,10,2,29,-101.51584200404952,-93.15045274877453,-94.1675512490477,-95.61354111743188,-98.12431649696877,-95.59455426252713,-97.57502831433924,-94.97646037218914,-95.90333616533066,-95.04330336477076,-94.8047217699518,-97.05000628255823,-96.02380198093863,-94.86710141600653,-95.5608076769892,-96.9441739364079,-96.34815512485878,-97.35373174003443,-96.46062152083653,-94.4462049792617,-94.00848773584922,-96.26999719895026,-95.78817979456849,-94.6455781216051,-96.38451886587997,-98.13784996441433,-94.85378810798105,-98.10043383435767,-96.29725845991642,54,-96.06930360713088,-95.90333616533066,-101.51584200404952,2.654236460544318,-1.1681190449779282,2.8980303546496784
HDOK,PLOK,17472,2,2,-96,9,10,2,29,-100.51922107531423,-94.23893385772892,-93.20344725951615,-94.48838189073537,-94.48140881491472,-96.04150876009624,-96.24705829010529,-93.8415833314189,-96.86380825942892,-95.34396946409744,-96.42081705225594,-95.09865375638097,-95.32966823279126,-95.99405831114098,-95.26493121736694,-97.05854113078438,-94.9950206456333,-96.20186254730682,-95.57721952205661,-96.978385986019,-96.75195806047215,-97.54058304683733,-95.3191474283762,-95.18569808908488,-96.3727200392484,-93.69893616542898,-95.26055985754094,-95.45518084659385,-95.69886705160694,54,-95.70593551690628,-95.45518084659385,-100.51922107531423,1.898167988800855,-1.2220312136996025,3.9199791852089017
HDOK,PLOK,17472,3,3,-96,8,10,2,29,-101.72344931815667,-94.74512298594927,-94.51960814538634,-94.9650766120412,-95.54617725982534,-97.53015056780954,-95.79635182035517,-95.76471728572574,-96.28946151432427,-96.83754001881539,-97.14756517468797,-95.5090421200724,-95.9484668244545,-95.92647498815964,-96.828880068725,-95.51990748409548,-97.54772975567673,-96.41445924611223,-96.82184992806667,-96.99342891504803,-96.55578789631035,-96.38024954717177,-97.37319505533071,-95.33522611435018,-96.2447294809155,-95.62704056763468,-98.75971083877445,-96.90813478043805,-96.41124310846651,54,-96.48175094561654,-96.38024954717177,-101.72344931815667,1.813696939141141,-2.0481754960361127,6.934537604978932
HDOK,PLOK,17472,3,3,-96,8,10,2,29,-99.51890764261458,-94.84030812060925,-95.13485608263802,-95.44852464185888,-98.60963804587172,-97.04249148356645,-96.10443640183618,-95.72578589599264,-96.18267108090285,-97.11752306780522,-95.89379379222319,-98.01122433629996,-96.92279720216261,-97.09124787200653,-97.72517258029642,-96.46688135004895,-98.91547657103645,-97.41581476268544,-96.98905542997586,-96.35002769352094,-95.56087345198507,-96.70049287435474,-96.9797519636204,-97.62377813996982,-96.65476400485426,-96.59448331250152,-95.9095878332549,-97.16172536908115,-95.58733088982606,54,-96.76825592735864,-96.70049287435474,-99.51890764261458,1.186816584563734,-0.5788828233299214,0.3023922563290733
HDOK,PLOK,17472,3,3,-96,8,10,2,29,-100.21604518545672,-94.30481103726109,-95.85859764556801,-93.61381170344173,-97.13255116171813,-98.13235425746683,-95.69302896755644,-95.94941047538002,-95.77055302188153,-97.6088750495208,-95.29720103764255,-95.4569314064407,-96.45723550677282,-95.00702680214286,-95.73696629957205,-97.71119248246615,-96.8295126584215,-96.04601031648811,-96.93221676852515,-98.51220986433151,-95.12759824421167,-94.99786623973804,-95.5924002019252,-97.76860822880882,-96.4767014245721,-97.8421749332056,-96.81354056425147,-96.91145648635936,-98.49808692665398,54,-96.49293016888899,-96.45723550677282,-100.21604518545672,1.9706469821240702,-0.4162794481935047,0.39239243358973486
HDOK,PLOK,17472,3,3,-96,8,10,2,29,-100.45374507785824,-95.0291185905509,-94.87980524701383,-95.05869931365174,-97.79439366182115,-94.20402813120619,-95.12115544091428,-96.24636943664322,-97.17423874115873,-97.31849558609767,-95.73607013634778,-95.64655949892571,-96.9443553543508,-95.25320365312908,-96.09963713487345,-97.03277917018778,-95.06124553662687,-97.43051637390502,-96.4390082783798,-95.48447414275262,-96.00918068923309,-97.081283256693,-98.16516142103274,-97.52923449614661,-97.25169736176753,-97.80801679825491,-95.60182755912997,-99.16650894658193,-97.07119756194191,54,-96.554896779213,-96.4390082783798,-100.45374507785824,1.8916073078305737,-0.7195396555539069,0.753661159480687
HDOK,PLOK,17472,3,3,-96,8,10,2,29,-98.9485339978693,-95.35912115065094,-94.55900882186427,-95.86284908001967,-99.541833777429,-98.89490649027238,-98.29486486279615,-95.67328710137234,-95.45633266253466,-96.54615273253499,-96.05638095984102,-97.01167171657326,-96.96541462081436,-96.09206821107105,-95.88512754105354,-97.5311462398367,-96.39279834041726,-96.83437184899593,-96.25212983493302,-97.97488634618828,-95.6905705187211,-96.5385901549399,-98.118670479599,-95.91856073253774,-94.45353457319865,-96.37696013505739,-97.10319220215001,-98.15673674061817,-97.86638369091273,54,-96.7708995022346,-96.5385901549399,-99.541833777429,1.6125314243513713,-0.3454448941755476,-0.44601167307619116
HDOK,PLOK,17472,3,3,-96,8,10,2,29,-99.26062597603482,-94.65781473574525,-95.13690212324767,-94.89418083594124,-97.7484515339096,-97.80859618975364,-94.7414583035405,-97.43505518353852,-96.58756012761933,-97.8321749684149,-96.8573093919399,-96.59916809757843,-94.26457111476867,-97.24116626438413,-98.80232383625497,-95.51068216453535,-98.01799267429034,-97.10758418367656,-97.58877187836704,-98.08173932925962,-97.15512345853726,-96.58706383915907,-97.85872057353664,-97.31511900572504,-97.15831246820181,-97.19331281371902,-97.73021095576794,-98.35417965795477,-97.915303917785,54,-97.01522329666163,-97.24116626438413,-99.26062597603482,1.583222783734406,0.7376498571584784,-0.1139503311243808
HDOK,PLOK,17472,3,3,-96,8,10,2,29,-99.62100551392952,-97.89840044134314,-95.67055612663155,-94.65676657341062,-97.34764646855274,-97.07064621013976,-96.37921956763574,-96.80682999541246,-98.16237510609011,-95.53565208320205,-96.7917964858662,-95.21577820187011,-96.10486398095163,-96.50200712456504,-94.73248959995306,-96.97286041986895,-97.81173587318439,-97.03576573735855,-96.79087461428983,-95.99852604798008,-94.753275844655,-96.84562989031578,-96.01802865419832,-94.57604988260753,-96.24392433246702,-96.30897496456157,-97.77637549861598,-98.44309176821999,-96.27958487655384,54,-96.56381834084245,-96.50200712456504,-99.62100551392952,1.4052296058189468,-0.3191811311188956,0.2184890158843973
HDOK,PLOK,17472,3,3,-96,8,10,2,29,-100.64527866020475,-95.98259324658336,-94.37031468162583,-93.82337509248816,-98.10332525269722,-96.96176225742812,-95.91756634966173,-94.44278776848711,-96.92163910954913,-98.72544269652131,-95.21534136121643,-97.652186551559,-95.81990511842719,-95.29526529957315,-95.52255838216077,-96.22984820814828,-96.62972376254581,-95.30833124906054,-95.5847852622686,-96.25067555815711,-96.0052662926058,-94.34829015795503,-96.44876227878238,-99.30558650278435,-96.77073946559707,-96.28929124824066,-97.229525573803,-95.91341838101717,-95.96994541396663,54,-96.3339148683833,-96.0052662926058,-100.64527866020475,2.176446088692718,-0.9772267096059083,1.5072602114672544
HDOK,PLOK,17472,3,3,-96,8,10,2,29,-99.38632225111418,-95.23961946596499,-94.8145240766328,-94.39348762659806,-96.50455801611349,-95.83761425000543,-98.29890685527717,-95.42917007446388,-95.09058892324155,-95.51869466429034,-95.55994098235803,-96.961861775568,-95.93541572359342,-97.69438089143398,-97.58830998078258,-97.48707834493032,-98.13015901151954,-96.43669317871675,-98.08737996293641,-96.29148528595904,-96.12203962658508,-97.51323030039323,-96.58241050542908,-98.06792256157863,-97.82724861225518,-95.73831350343691,-98.58432884128722,-97.63432015748002,-97.08883675124407,54,-96.75327042073063,-96.58241050542908,-99.38632225111418,1.5616665847004199,-0.0448591684541547,-0.8720135360304351
HDOK,PLOK,17472,3,3,-96,8,10,2,29,-100.91180276656904,-96.45590033300854,-94.01132989531405,-94.28620677534471,-97.66650984999644,-97.8895094924836,-95.57891791872949,-96.11750791664204,-97.04047297655427,-96.69892975479516,-95.17883174283752,-96.48568280489248,-96.9558091309004,-95.82308354232897,-97.33751651845296,-98.09566919391366,-97.91880958344818,-96.91601432826607,-96.24684701697281,-94.79913554497891,-98.32896053687591,-95.20811928698122,-95.88441760997478,-96.83613391236162,-95.93416328278033,-97.53604227621963,-98.47502492752673,-98.17073190623185,-97.68740966190244,54,-96.77501691335463,-96.83613391236162,-100.91180276656904,2.0271963404647675,-0.4155753546364636,1.1440956913573763
HDOK,PLOK,17472,3,3,-96,8,10,2,29,-100.01361935642247,-95.07868815087413,-94.22150195514611,-95.87556644729727,-97.46850263105073,-95.74696824108874,-95.66946601899159,-96.9007181334619,-96.5868979666218,-95.56416085659227,-96.40946550009446,-95.48340665196697,-95.1214431182796,-98.26060777007969,-96.57249550792638,-94.55692756570798,-97.57014874666137,-95.74688189712195,-95.45078755980045,-96.0896975681297,-96.83544327006432,-96.46431100866833,-96.48809413584317,-96.99798308529297,-95.53523281271181,-95.51877680961954,-96.19714975548844,-96.61555420871632,-98.49737398683193,54,-96.3288920936742,-96.19714975548844,-100.01361935642247,1.4307275265998716,-1.0487628275436682,1.9250379064051306
HDOK,PLOK,17472,3,3,-96,8,10,2,29,-99.52572548299842,-93.66969921463621,-95.17973720130917,-95.92511624047405,-97.23175522539798,-97.01338922453505,-94.35340757152994,-95.52139371780817,-95.14941129672381,-94.9693844840937,-95.55234528600742,-95.1644260720368,-97.41278417174924,-95.29777849485326,-98.04241291386538,-95.23242977748876,-95.19050572450824,-95.07624732304978,-97.45580848327275,-95.36143171396968,-95.80526365298876,-97.32289353506629,-95.38611723406349,-97.28243514541839,-96.82810347354186,-95.93981217761574,-97.64140772145016,-97.85940710147428,-96.2046961765186,54,-96.15845951167053,-95.80526365298876,-99.52572548299842,1.653719148026373,-0.5359758154977725,0.02458791345262945
HDOK,PLOK,17472,3,3,-96,8,10,2,29,-99.42289268842683,-93.08601126626756,-94.09842004747114,-94.2288822836487,-96.34279425234799,-97.82332354789828,-94.44386107618364,-96.39016756674128,-96.9200930452562,-97.41202441332426,-94.30406204469195,-97.57556490150783,-98.16815460008696,-96.04287582270942,-95.1681894142217,-96.57925791777899,-96.17444484040229,-98.12471439602135,-96.32601848326019,-97.77662936664204,-97.33523569677692,-97.49224968511477,-96.09957674953809,-96.41460006574924,-96.57243787190164,-97.09794668965426,-96.61620832187874,-98.34278447430884,-98.16035190108687,54,-96.57033701485854,-96.57925791777899,-99.42289268842683,2.122061865549125,0.555841562726217,0.01897950704690521
HDOK,PLOK,17472,3,3,-96,8,10,2,29,-99.8276915001795,-97.60171908164615,-94.44819003075636,-96.08544874658777,-95.86120933037604,-96.95814618718809,-95.11854611378936,-95.97671544232387,-96.47707148277011,-95.60099871770257,-97.4385211990662,-98.21674020129369,-96.53148334577781,-97.09263258728015,-96.76860914252704,-97.4618551994832,-96.2996687479019,-96.71996334572032,-97.65735993367183,-96.2223385209545,-95.50342980682785,-95.61407087758639,-98.94485873822545,-99.62753033436549,-95.8815748625999,-96.22593559757232,-96.62340026321958,-96.0034982495952,-96.8078935473565,54,-96.74472762532224,-96.53148334577781,-99.8276915001795,1.5025757212113147,-0.8910618624859012,0.889540589822214
HDOK,PLOK,17472,3,3,-96,8,10,2,29,-97.78293677984205,-95.89888020883748,-94.57179959194534,-95.58404129973977,-97.8318037237054,-96.25681220494512,-96.3453283446299,-96.2118176455763,-95.31408386751711,-96.41934776690863,-95.38308772440665,-97.08227042458365,-95.2731224236064,-95.8285007066665,-97.62532252927538,-95.66528146469898,-96.5442253886463,-94.8681483424469,-97.23649976145329,-97.41467405198021,-96.1487759020891,-95.42992785422132,-97.89839306250806,-95.7147541161982,-94.42877704222211,-96.10122600068368,-97.46494494165628,-98.16790280390359,-97.18047611643829,54,-96.3335573134942,-96.2118176455763,-98.16790280390359,1.0734084524901784,-0.08147354980080265,-0.98485104040381
HDOK,PLOK,17472,3,3,-96,8,10,2,29,-100.41216223814548,-95.20948446761214,-97.00330420624051,-95.04705202644443,-95.54763937221273,-96.70614308889952,-97.4910173168424,-96.12172552109853,-96.22704590008127,-96.26615576410734,-95.37331254456632,-96.92633559649144,-97.0486868659497,-96.80899074815406,-97.08076021989723,-95.655988578273,-98.55813574699827,-97.46343274240512,-96.77970337085225,-96.79091913180203,-96.77077286950946,-96.47560376182524,-98.07526625201463,-96.78446950924572,-96.22477816489365,-97.33378727097295,-97.15531662775948,-97.17985612624918,-97.1430295813419,54,-96.81589226244434,-96.79091913180203,-100.41216223814548,1.0890198701740021,-1.1990075019937374,3.790820684037002
HDOK,PLOK,17472,3,3,-96,8,10,2,29,-98.2432702483411,-95.53208500560059,-96.03938580105863,-93.75230029846597,-97.26640846939868,-95.91742941377643,-96.56518378188892,-96.94037601140977,-95.80233427395456,-96.40803152340165,-96.97820085900044,-96.15661959514078,-96.96929581116042,-96.32171125529987,-96.86091556824317,-96.80528741100497,-95.9148305527624,-95.66866031859816,-97.54323299115153,-97.98673706285804,-97.95294717116575,-93.89125254063347,-96.09393554566881,-96.35046012734573,-96.63012975725152,-96.97208265885074,-97.57728682375492,-95.25191963697462,-98.24407219980564,54,-96.50470285220577,-96.56518378188892,-98.24407219980564,1.1591524807208575,0.6729722497826777,0.9182570310364508
HDOK,PLOK,17472,3,3,-96,8,10,2,29,-99.81614944912357,-94.55688073636769,-95.13213873348948,-95.71650876563052,-96.77153541763694,-96.51933586042493,-97.60402400656915,-96.86894742733921,-96.7961124676276,-95.10771124845763,-94.9688740059751,-97.51914872117293,-96.99715767349859,-96.67182419465695,-96.54118547385887,-96.37655213439174,-95.34969887731592,-97.82298308836144,-94.21368977072767,-97.43842750514628,-96.33881859203666,-95.42529349561784,-97.69650888019927,-94.9616944180697,-98.00177251136417,-98.52565647317321,-96.09693008143336,-97.73148435905246,-96.24713844839881,54,-96.54531664886613,-96.54118547385887,-99.81614944912357,1.606609749869138,-0.28723380661964404,0.06469413531928003
HDOK,PLOK,17472,3,3,-96,8,10,2,29,-99.47081077952507,-94.67257074395086,-95.82418795939101,-95.47827712265821,-96.66642322779315,-95.03073705960918,-98.20306756006461,-96.3509722894737,-95.01076718305403,-96.69852259871784,-95.15902403384484,-98.03512027618737,-96.51191296323138,-96.35013240227607,-95.35972531128284,-94.93375200796709,-96.8185760914043,-97.8779891516159,-95.64682133103395,-96.98976194139894,-96.84837386949962,-95.64388291273082,-97.03334150151191,-95.77359188049739,-98.37384549982164,-97.2150437559198,-98.21338029342944,-99.30909360498407,-96.4294985998331,54,-96.61824841216236,-96.51191296323138,-99.47081077952507,1.656766016171038,-0.5370869561573486,-0.42662284888062985
HDOK,PLOK,17472,3,3,-96,8,10,2,29,-100.77718100144995,-95.19120999321608,-95.04459688504504,-95.72886858130856,-96.17678512979452,-95.55620246769796,-95.80899356448668,-96.01824553585297,-96.34339471715171,-96.4183214968049,-95.10007681919751,-97.38590864937707,-96.70442052212753,-94.26847003219662,-96.64413047934403,-96.34474321001971,-95.26301434838005,-96.34406650906405,-94.95604272092773,-96.17076676745924,-97.2647842307563,-95.38038231331974,-94.78725099974493,-96.30638575342022,-97.34742051968223,-97.49635882828636,-95.96568774618638,-95.89891681233077,-96.12963779972957,54,-96.1662849804951,-96.12963779972957,-100.77718100144995,1.3927015232435356,-1.9724700225515646,6.959524415927401
HDOK,PLOK,17472,4,4,-94,8,10,2,29,-96.99527133847397,-93.44750634424463,-92.23754766254692,-93.38318317669187,-95.88507291254432,-94.69972208690736,-96.59333413342799,-94.64389827887811,-94.56535873125723,-94.2945674874088,-93.73291897063116,-95.35755027574262,-94.36786714802908,-93.3075167966007,-92.73630123854198,-92.23060914443806,-95.06687241194273,-94.87519390902811,-96.48256279037948,-94.52875162523306,-95.12627144399075,-94.25062114995346,-93.67591537645535,-93.85421917481301,-94.96155525598931,-92.26844197177707,-94.83601707266034,-95.23856463412174,-95.10299929273724,54,-94.43952454604988,-94.56535873125723,-96.99527133847397,1.489122541260466,0.010964389165679994,-0.1812505966828759
HDOK,PLOK,17472,4,4,-94,8,10,2,29,-100.37237128753297,-92.05762713680001,-94.52921418767066,-93.35782506297485,-95.79117706224399,-93.16454825951169,-94.58544872489675,-94.70944969150482,-94.16366068170962,-94.05667311862285,-92.201323616868,-92.90805851043304,-94.96221308397898,-93.97757497933756,-92.96354998556356,-94.2798940493126,-95.81527940836641,-95.93452441408107,-94.8175414433032,-94.67398240987423,-93.8463049626827,-93.809635787527,-95.8976206579931,-93.04397122597149,-94.17205620392618,-94.68693045094238,-93.45335648490843,-93.75725878219622,-94.86257270524918,54,-94.37419463365461,-94.17205620392618,-100.37237128753297,2.2978942846554893,-2.029071783858991,7.4442774736561095
HDOK,PLOK,17472,4,4,-94,8,10,2,29,-100.1124060106016,-93.92277466898966,-93.45425565448797,-92.99382466001946,-92.81364539903977,-94.23671126549816,-94.81585254566302,-93.04515477464015,-93.46183077527868,-92.01333635933578,-94.6120074446802,-93.16543174204051,-96.26694489189427,-92.7942503662941,-94.62757769857981,-91.5067345144924,-93.62643636333647,-95.48165241172799,-95.65074158756846,-95.25760368857043,-95.8129187881511,-94.58446290082927,-93.18383740941981,-92.29434474432291,-94.42225061900852,-95.83408439236226,-94.86910306433475,-93.43276251142714,-95.44052303423011,54,-94.2666710443733,-94.23671126549816,-100.1124060106016,2.7140073134747573,-1.3676971501688937,4.054032869254415
HDOK,PLOK,17472,4,4,-94,8,10,2,29,-99.71909493086757,-93.22746840295517,-91.90741843710342,-93.41397895837125,-93.41728070955064,-94.88821914697279,-93.36912872697606,-95.0339698901227,-92.20872903245674,-93.72388378146594,-94.81312303830707,-92.43677521164865,-93.57361333223113,-93.5700632580694,-95.72727302122834,-95.29323121876791,-94.22844893714597,-95.38571181629092,-93.47089054444307,-96.49191873349055,-93.83284541135829,-93.83670890756386,-94.91306014739521,-94.64911997306136,-94.19637951358669,-93.83607853425114,-93.12574356572348,-93.7572310593549,-93.12746587303847,54,-94.1784432453034,-93.83284541135829,-99.71909493086757,2.156320580371075,-1.8474417663946134,5.8575739281787556
HDOK,PLOK,17472,4,4,-94,8,10,2,29,-99.43195674553712,-92.54146276923187,-93.37447695129164,-94.02143896790389,-95.2574608113849,-95.03321456793532,-94.5028414691043,-93.98579957654582,-93.54069709074592,-93.7740826578818,-94.8833572802362,-93.1590918472315,-92.91751474323591,-94.0312814984415,-93.40475738981448,-93.69650968591952,-92.99213995936944,-93.36777884491785,-94.4600488665442,-94.62490946151547,-94.2775822755306,-96.09639772263279,-93.91575332675933,-94.34298211263459,-93.00953910930629,-93.16538433206026,-94.99407666258983,-93.09389966862972,-95.94775172473115,54,-94.20152372826425,-93.98579957654582,-99.43195674553712,1.7590600212913856,-2.2144576573282153,7.223446756300186
HDOK,PLOK,17472,4,4,-94,8,10,2,29,-98.30662861748645,-93.17876003351063,-93.56554148678347,-92.89068107689532,-95.24211787464489,-95.41205996813913,-95.22823173834792,-94.67349684024727,-94.14841267584596,-96.42893746522341,-95.79786380830373,-93.4462746199548,-94.72960846056175,-93.16967126556851,-93.8023542410353,-92.39414639263835,-94.4666783149849,-94.6168419787532,-93.0110192090526,-93.99956226789833,-94.11014943898653,-93.71635820255689,-94.50397612823893,-95.91808606530863,-95.16719574050391,-95.03536900194588,-94.91405243445803,-94.05105881861182,-96.69129466020286,54,-94.57298030436858,-94.50397612823893,-98.30662861748645,1.58747084467868,-0.8243583034061458,1.2482493636608942
HDOK,PLOK,17472,4,4,-94,8,10,2,29,-99.9209127787706,-92.3066772970507,-92.00656252495278,-93.78746974625057,-96.07852864429809,-94.12587580704287,-94.12282870176111,-94.2341800748219,-93.01802349094673,-92.90146363950406,-92.19776484191756,-94.07854498159242,-93.74695824458843,-94.56591559157631,-94.23543146405252,-92.58621959982986,-95.30287292224702,-94.63136074173913,-94.84396421953058,-94.64178972029923,-95.26146567939756,-95.6690392561144,-93.76658374698108,-94.06625384353359,-95.16259078240604,-93.56602175645476,-92.97587700677225,-93.37618644579211,-93.20772515583873,54,-94.15120995538146,-94.07854498159242,-99.9209127787706,2.234897243148875,-1.8860987057279714,6.501682296130063
HDOK,PLOK,17472,4,4,-94,8,10,2,29,-100.5915713306979,-91.32169260961697,-92.51298739583125,-92.01894423915138,-95.65775462033517,-93.95570792279068,-96.59245165438429,-93.249838399301,-94.39135137464774,-93.31757219553694,-94.2998147353426,-95.34073787618293,-92.89430395846976,-95.36266784829591,-93.59595711179186,-94.20561687741653,-93.79588766731469,-95.69249590547895,-96.81507029694657,-92.50135984623807,-96.63907354992982,-92.1115579478636,-94.0659852650309,-94.27856339519354,-95.8401828154599,-94.49274544418097,-94.46724654580076,-93.51731925890861,-94.42820282989933,54,-94.4122296868289,-94.27856339519354,-100.5915713306979,3.2968331907228468,-1.2315806146080757,3.245967072211337
HDOK,PLOK,17472,4,4,-94,8,10,2,29,-100.24487252863563,-93.56173347111603,-92.3345713154411,-94.19619689126097,-96.13044441148789,-95.15709873018142,-93.34619337276024,-93.8251262105588,-93.73730057474391,-93.49403257040477,-93.22020545796578,-94.00990253991678,-94.93270973987255,-94.0427673406416,-93.79320670781411,-95.1171709531704,-92.42540000606662,-95.97553998159825,-93.64416087046683,-93.95353145360819,-93.9284269113635,-93.64684527533053,-95.44268853346867,-96.44598152765886,-94.2026445601174,-93.63754692169925,-94.24611005699063,-93.40135296806325,-96.24541306536382,54,-94.42548879130233,-93.95353145360819,-100.24487252863563,2.293868253940551,-2.059864822747861,6.319623449923538
HDOK,PLOK,17472,4,4,-94,8,10,2,29,-98.68480484742346,-93.38091126648905,-94.43669316133342,-93.29601871362551,-95.13270980472213,-94.67039056149727,-95.46860451265314,-94.22149983538377,-94.60963392470833,-94.48531374331938,-94.00269550254227,-92.98491171035546,-94.523289077569,-92.90397964187031,-94.42180693246557,-94.30101187719521,-95.03931672031952,-93.10318332218868,-94.79044170906356,-94.92486431763147,-95.63586805224605,-93.37304320973507,-92.00105497613512,-94.52051363473439,-95.95254155647031,-94.35472916751567,-95.18342285823215,-95.62010886014322,-95.8625135298322,54,-94.5477888630138,-94.52051363473439,-98.68480484742346,1.5092179358998592,-0.9149090004964078,3.3451747140284254
HDOK,PLOK,17472,4,4,-94,8,10,2,29,-100.86136356271076,-92.22703190877972,-94.88479722503934,-92.05847785749668,-94.82760473332483,-93.84446683235396,-93.48429069908107,-93.56908366229125,-93.63499478199353,-93.65907176984426,-95.26411356781692,-94.69826923717605,-95.16769489712233,-93.40556944481547,-93.47939277098482,-95.0664925671955,-94.66423958907546,-94.93669452049755,-95.21855425824647,-92.68582599056751,-93.86450211585701,-94.4229670771061,-95.08273073459183,-93.30113110982937,-94.95454561080842,-93.33922013811024,-94.5948207531571,-95.79519794620406,-91.4598084704121,54,-94.29148116663757,-94.4229670771061,-100.86136356271076,2.6447151895500336,-2.0303525814038665,8.387097521889583
HDOK,PLOK,17472,4,4,-94,8,10,2,29,-98.2433421707136,-90.96047038439548,-92.64495492587511,-92.84784840719311,-94.01668246504724,-94.80428317230569,-94.2516203821211,-94.31740820929566,-93.16381568971825,-95.98716100640377,-92.12242050332465,-92.63709018813034,-95.99208772807722,-93.59924726020229,-93.91105136257295,-94.76278701039222,-93.5251307114333,-93.0836284568391,-95.55709895232934,-94.50390537857216,-94.38962533169338,-94.68601267130892,-93.42517112499603,-95.6273409329818,-93.33166982263657,-94.84186316350555,-94.70875398273954,-94.59638079013237,-94.31705459746395,54,-94.16744506146209,-94.31705459746395,-98.2433421707136,1.8832671620249626,-0.4523791401228821,1.857271330845418
HDOK,PLOK,17472,4,4,-94,8,10,2,29,-98.54505972148507,-94.75761984496908,-92.5720734631508,-93.44800131407392,-94.06184718698462,-94.39253477682466,-95.59736859803088,-94.47870655546217,-92.63237413726145,-94.6948055041112,-94.09848722515035,-94.85532524705131,-94.56618476398287,-94.34725515216546,-92.5731740190149,-94.22261980629195,-93.44695850952245,-95.12416883873014,-95.57715786551103,-93.05650661051983,-94.96084515168414,-94.03297845517748,-95.86955229568927,-93.61404275649673,-94.24668239737643,-94.08990058242772,-94.84473412342207,-94.46902921340913,-94.77110059173737,54,-94.41196878302462,-94.39253477682466,-98.54505972148507,1.321580980000562,-1.3104980007338713,4.660347213683421
HDOK,PLOK,17472,4,4,-94,8,10,2,29,-98.0386544578149,-94.2943115285545,-92.43404940602323,-92.31893575502426,-94.60145086362776,-95.08042325867841,-94.90804072372347,-95.26066387357979,-94.00015269111638,-94.77319754946745,-94.25969564779462,-92.78257700209367,-93.374603860496,-93.15570266357226,-92.9331491786697,-94.2620400485013,-96.14555062106662,-93.51292412441785,-94.97614811828144,-95.16260556825492,-94.17548899882107,-95.71516782448496,-94.62630285908868,-94.45916675581799,-94.50107958989668,-93.47056914530899,-92.78574106292726,-93.29928520712384,-93.33538981689972,54,-94.22907131728027,-94.2620400485013,-98.0386544578149,1.4556618302946394,-0.9121486973802216,1.9295358847747788
HDOK,PLOK,17472,4,4,-94,8,10,2,29,-99.98148396217464,-92.24718499946111,-92.89554499204745,-91.96403695972066,-96.01509820152239,-94.13568082590935,-95.2268532333198,-92.77191417328861,-94.36110336263587,-93.61662289778765,-92.34708470895247,-93.35885639756675,-94.9744934877122,-95.22457449987327,-93.12346833653818,-94.07110015440566,-95.12404884557601,-93.4867474657321,-92.76943696713481,-94.44354454730421,-94.07427535615662,-94.64439490259427,-95.02998566128461,-94.73727882626409,-93.39919011557485,-96.11591330069213,-94.42137246080831,-95.01063499446664,-93.91739640556018,54,-94.25825244972641,-94.13568082590935,-99.98148396217464,2.321512152525433,-1.6800167204474616,5.62027178184157
HDOK,PLOK,17472,4,4,-94,8,10,2,29,-101.55432303968142,-94.01003440495258,-93.80730157498948,-94.44685595994817,-93.91366267663301,-95.98428994322444,-93.83598395575075,-94.44272509629492,-93.09629828130608,-95.2953979639329,-93.91251256238529,-95.13426989607926,-94.07794038844314,-93.54632757393118,-92.99599449845805,-92.46428610084476,-94.7352426405254,-93.55693007798259,-93.17036626848058,-95.55087607704968,-94.52317502571965,-94.70456625550439,-93.65917891287366,-94.5496609284816,-93.90955088902815,-95.5745462102115,-95.48042778976915,-94.78850380725433,-95.01370971901859,54,-94.54258408685362,-94.44272509629492,-101.55432303968142,2.4706705232584025,-3.0808810281424583,13.28393601628707
HDOK,PLOK,17472,4,4,-94,8,10,2,29,-100.929268793536,-93.70507170389457,-93.15427078554798,-93.84252770561567,-95.51131138999992,-95.79839120227076,-94.5052024424636,-95.06022141346044,-94.9434757600829,-95.00401374958075,-95.65101031649502,-94.33367700590723,-94.62362454577406,-94.96913978948838,-96.17813386445064,-94.03260036589987,-93.57779933369324,-94.86510003213793,-93.09437927593477,-94.90057369559204,-92.00090405084347,-95.40625846266369,-93.55875294302011,-93.38586867338682,-92.47957490903454,-93.96273424364973,-96.5728321616332,-93.01950145771123,-96.25841401774906,54,-94.66636669281097,-94.62362454577406,-100.929268793536,2.681686670195899,-1.7868311469123066,6.209455135353165
HDOK,PLOK,17472,4,4,-94,8,10,2,29,-98.37318592129257,-92.19017611607745,-93.84840310566567,-91.07149601995705,-94.42376627489416,-95.30967094837531,-93.05884080552349,-94.06914159606215,-95.22374056121672,-92.66019764045889,-93.6515657362593,-94.3816938699983,-95.2651085495334,-94.5998344319548,-91.88680439970273,-93.17488423678763,-94.65678506393105,-93.00650696319029,-95.30886303308768,-97.11352990991864,-93.35163209591205,-92.53880181297649,-92.77518949170509,-95.89951588249177,-93.79919690933085,-92.30661447392055,-96.49854484831808,-92.3554924409205,-94.24257364343651,54,-94.03592264768618,-93.84840310566567,-98.37318592129257,2.6488602780427044,-0.6511402125257378,0.43260893867986505
HDOK,PLOK,17472,4,4,-94,8,10,2,29,-98.24547951202078,-93.30328379710872,-93.33557345707867,-95.6639621826946,-93.6278703621223,-96.21396702450663,-94.62711648470226,-95.45416345010115,-94.55229720367088,-94.7020523451315,-93.90690953993573,-95.32040314124002,-94.82533339568215,-93.20136235366385,-93.0833923258137,-94.3292553150439,-95.85843765132022,-93.04797821133839,-95.81700858210894,-96.05372700926996,-95.63929041711876,-95.91593577201132,-94.28226157056757,-93.37093607619238,-94.56463176597522,-95.21645276170271,-94.75900794818018,-94.71571257023801,-94.69725098464197,54,-94.77003631762697,-94.7020523451315,-98.24547951202078,1.3439870005961028,-0.6545945507937632,1.145964002469698
HDOK,PLOK,17472,4,4,-94,8,10,2,29,-98.36586432013465,-94.50095738178283,-92.1580222531835,-92.28096832546552,-94.00373112346406,-94.72109137749007,-96.04880796960695,-95.09350032786989,-95.67568231523941,-96.5574861506257,-94.14397750687532,-95.14010183779494,-95.96794513893272,-92.8270991313899,-94.23872737430673,-96.4757499265902,-92.16651007642433,-96.91298675150658,-93.0366481186558,-93.22122166270759,-95.49316949720935,-94.90287393322265,-95.35477392514449,-94.31365632564403,-92.2490477853886,-94.70785686530988,-94.19368836695888,-95.14884218237735,-95.80521293708136,54,-94.67952416856494,-94.72109137749007,-98.36586432013465,2.3044661348686506,-0.0752883234448594,-0.13134470607092297
HDOK,PLOK,17472,5,5,-96,8,10,2,29,-99.58160437376578,-97.18860284573216,-94.30533048323888,-93.95318547136989,-97.95880680916522,-96.25991100704444,-97.88958852294716,-96.69197178598041,-96.33844816145299,-97.37360326578886,-96.64155112937887,-96.75681573318388,-96.3162947942912,-96.34053568228194,-95.32658742886726,-97.15763057526169,-99.9631989774905,-99.61355478166283,-97.7165526115411,-97.58011777931503,-97.22083398630741,-98.58462703514739,-97.64063845276404,-96.43719583829154,-95.8443555842054,-99.85232345794044,-97.37783352795928,-97.19424035052191,-98.23872725339503,54,-97.2187816450446,-97.19424035052191,-99.9631989774905,2.056431041893477,0.02945290087885899,0.3527080730895835
HDOK,PLOK,17472,5,5,-96,8,10,2,29,-101.56039613397843,-95.65143983092968,-95.9502258451423,-95.93672617774354,-97.86819825440811,-97.33542065417313,-97.70070512428947,-94.94272636561207,-95.79771256931375,-95.95215521582548,-96.48131795625235,-97.07246794059328,-98.0640883298171,-98.07503371752908,-96.69996396004382,-97.56598659744779,-99.3395436723782,-97.20782241389836,-97.95533667837582,-98.86526826607898,-97.10394711967731,-98.45210759576474,-98.30924438792853,-97.14456594999945,-97.68996888280691,-98.07817253845934,-98.93038788725794,-98.86649949403751,-96.25052586884634,54,-97.4775157044348,-97.56598659744779,-101.56039613397843,1.8108606507151248,-0.6554769478309445,1.483430041071728
HDOK,PLOK,17472,5,5,-96,8,10,2,29,-99.23515338913339,-95.07816498617909,-96.33801924389002,-96.02838025536239,-98.97327463489285,-99.50361481519793,-95.06622999052448,-96.73738737954687,-95.98627837498252,-97.14653565032633,-96.97154531616012,-97.02266647848641,-97.70060561292253,-97.62814904890762,-97.53135190076001,-98.87108754955462,-96.58615013311253,-98.61272342007332,-98.09701603503784,-96.94982243447262,-97.07516330559389,-97.88943465303655,-97.82668005583297,-97.97637695886151,-96.54702915667539,-98.92423936780007,-96.36458921353704,-96.3094374095254,-99.27120418602253,54,-97.3878727916003,-97.14653565032633,-99.50361481519793,1.4398837992223419,-0.016137551153239112,-0.6961398488467783
HDOK,PLOK,17472,5,5,-96,8,10,2,29,-101.43690650630367,-95.29875439510515,-96.20232107096588,-95.47901656299605,-98.13994328806773,-96.88073673437121,-95.95301091056652,-97.43166481323473,-96.29775893379026,-97.20204396041163,-98.05976528196362,-97.0716566607957,-96.52767685156128,-97.17795314869306,-96.59433081959173,-99.0182973932088,-98.33838552815392,-99.00704487223159,-96.28861626393605,-95.63014627845699,-98.73854308895402,-98.35281738653458,-96.77343378785044,-97.33358115893066,-97.99341708778671,-98.47454187093282,-97.71018912535419,-98.44801698890127,-96.71226581456332,54,-97.3990633304901,-97.20204396041163,-101.43690650630367,1.680186859569821,-0.8422533043414482,1.6351203295088745
HDOK,PLOK,17472,5,5,-96,8,10,2,29,-102.46799563336239,-93.85479597584,-96.09904618982948,-96.41021971395895,-96.91902640249943,-97.35948317401635,-97.19127292491581,-97.11382229469535,-97.29238277580176,-96.95492415177942,-98.25968971584352,-97.41823543054296,-94.82942626980008,-94.8146127333631,-97.52734977248716,-95.62629225406643,-99.19976697041757,-95.76417132805419,-97.08191983179402,-98.6674121966545,-96.46812530049134,-96.47771124405836,-99.0858056387862,-96.35577853385753,-97.24645086786099,-97.78319030261582,-97.08632158165572,-98.82409925945927,-98.83248420885585,54,-97.20730388542633,-97.11382229469535,-102.46799563336239,2.594243141585895,-0.854064788545863,2.893875840891656
HDOK,PLOK,17472,5,5,-96,8,10,2,29,-102.42149730922304,-94.77241726915538,-95.21675559149692,-95.09070941031798,-99.0042671580582,-96.22480367124501,-98.7377951790757,-96.78226003119859,-97.00822258634525,-97.05205029326544,-98.07351219789783,-96.55268663517433,-97.11300196794117,-95.95198046087437,-96.5212088476698,-97.95665314170432,-97.25931914018435,-96.41817945765506,-97.06876234565893,-96.91243583741239,-96.77527193777794,-96.37788262773684,-97.74047103634994,-98.00768581029565,-97.53423822006583,-97.85199289906957,-97.85164260294135,-95.61921766749101,-98.14050678052995,54,-97.17370441771764,-97.05205029326544,-102.42149730922304,2.0332624412183233,-1.5014211480133992,5.185894410163932
HDOK,PLOK,17472,5,5,-96,8,10,2,29,-100.08101562015015,-94.7220111643649,-94.89187568521052,-95.38808224546595,-98.37498552279837,-96.14127437696972,-94.65904340153838,-96.84286164772887,-97.46578653396381,-96.2214337981103,-98.185200414404,-98.80779312773839,-97.36635007650571,-97.87427581720758,-97.44081985322498,-96.2157957078025,-97.15592249844728,-97.39938135249906,-97.93725082510412,-97.87795348302735,-96.61476507894749,-97.59654613170434,-98.05359494897594,-98.04860853548206,-97.88771344550126,-98.75507435556665,-97.18495456052794,-97.16710629989866,-97.24257197609566,54,-97.22758787879178,-97.39938135249906,-100.08101562015015,1.5205209709109717,0.3832842674787068,0.3986086520052803
HDOK,PLOK,17472,5,5,-96,8,10,2,29,-99.79583513335115,-94.95679653446601,-97.2682893793096,-96.99694331809238,-97.20142688378276,-95.6011098300796,-97.15279388313128,-97.534275233478,-96.3440772472141,-97.06518993347593,-95.92642493539006,-96.73847858148936,-96.74563156531974,-95.74240474423893,-95.94848273431533,-96.60491641791617,-98.87673954331015,-97.9432746888717,-98.72121276830514,-96.90742579678006,-98.51813860128702,-96.78326464037865,-98.47203751407947,-98.14301503848066,-97.82900955467754,-98.52198866864747,-97.53157014871846,-97.22002873977623,-96.49139627436212,54,-97.22697166664571,-97.15279388313128,-99.79583513335115,1.1807120608255885,-0.204064229011979,-0.08867022449668616
HDOK,PLOK,17472,5,5,-96,8,10,2,29,-100.2759686117115,-94.68192567133033,-97.10458047910906,-96.46227408623072,-99.84294595511932,-96.22624760001295,-95.64613844447157,-95.65784477049077,-96.2236253289196,-97.23858826861425,-97.33035578701315,-98.16001545348257,-97.07643323238305,-96.03763350638084,-95.35819984166203,-98.78967747845206,-96.05175892038314,-95.66781231403286,-97.018164799291,-98.65534164552844,-96.39940785140215,-96.73520200507774,-98.06807333556829,-97.47973115555496,-99.01403042378354,-97.56958205100258,-97.40967887447967,-98.22713711132994,-98.51114339446995,54,-97.20412132404441,-97.10458047910906,-100.2759686117115,1.7935034604654394,-0.39028779285716864,-0.27270323269871266
HDOK,PLOK,17472,5,5,-96,8,10,2,29,-101.82563745563677,-95.01307425716465,-96.1945128312387,-94.4376914273868,-96.76842016170659,-95.91416788725505,-97.92842539797367,-95.85969306725086,-98.11478502717907,-97.09104455023315,-96.96606426358356,-95.96952641455196,-95.8612295522222,-98.89143758095207,-98.26200179463845,-98.00878080798654,-96.2876164468798,-96.6863536148212,-97.2285843096759,-97.29971560148368,-94.36585141988243,-95.5174962710728,-100.18158890102052,-98.62006201704773,-98.2262535992038,-97.1546871293714,-97.1047053174958,-98.81144445478903,-98.65019693785989,54,-97.2152085688815,-97.1047053174958,-101.82563745563677,2.637036415862443,-0.6035576172925121,0.960508614335049
HDOK,PLOK,17472,5,5,-96,8,10,2,29,-102.00372885529727,-94.8389295557523,-95.92031435523464,-95.43702849922428,-97.45330435648728,-98.65356731314431,-97.26694131212719,-99.18243994211252,-96.5652221715141,-97.60862496018005,-96.71463628574152,-97.03077328898164,-97.21964733323189,-96.69396587194662,-95.52811289499371,-96.53902672256277,-99.91903949963354,-96.29647177408383,-97.18675829794631,-96.23991426795716,-97.4335279517827,-98.95566999423004,-97.4723817367403,-96.61551290797212,-98.7349499276434,-97.44544340176512,-97.66039867753236,-98.93011712788045,-99.19055939857888,54,-97.47368995456131,-97.26694131212719,-102.00372885529727,2.2043524776430568,-0.9232758249495858,1.5781034686070181
HDOK,PLOK,17472,5,5,-96,8,10,2,29,-100.79077323481272,-94.31773696803619,-95.42944113767884,-95.70616487697039,-98.44284487298101,-96.87705811632688,-97.61307338240817,-97.43452730046143,-99.01903766006225,-95.49232118534836,-95.35812663840457,-95.79478081970525,-97.42459548602329,-98.65366273856458,-96.09362672006353,-96.5089952004864,-96.63478259367936,-97.9158637979903,-98.81774661738413,-96.65200090728537,-98.03258502976546,-98.45969835637986,-96.03106315119364,-96.558321013553,-97.3450976391502,-98.0518178562233,-98.0160256110422,-98.53853876180483,-96.90519584776587,54,-97.20398288005349,-97.3450976391502,-100.79077323481272,1.8964708839313993,-0.2327677625021011,0.2037864684494779
HDOK,PLOK,17472,5,5,-96,8,10,2,29,-102.43753964697024,-94.6900433039346,-94.92626821980573,-95.84848105036895,-98.72586604650847,-97.38512999011965,-97.85486654194789,-96.41731149348048,-98.85161978588827,-95.75051804703946,-97.83189938392441,-95.64574397876922,-97.5568949063834,-96.32731476880086,-96.28848156214298,-95.69656162955809,-98.56512913055795,-97.2325006144853,-97.2373859066032,-97.96839901018178,-99.95545406905252,-98.01014117497951,-96.72632425720079,-97.86170997065578,-96.7292414919344,-95.91932464530097,-96.88918331612659,-97.61003690232593,-97.54463603245495,54,-97.2580692026725,-97.2373859066032,-102.43753964697024,2.388661202537881,-1.1890417554303472,3.0712258376274497
HDOK,PLOK,17472,5,5,-96,8,10,2,29,-100.2937697134694,-95.47895370655755,-94.89845736161031,-96.34920692581849,-98.22311989949749,-97.83495982760179,-96.17207246175002,-99.03787039310772,-96.97214629173655,-96.03085916910108,-98.38474689353193,-97.56135318025656,-96.97734657051832,-95.89994338095325,-96.22103699146805,-97.38237963322284,-97.24658535828355,-98.59501149159982,-96.73600635757276,-98.36249077475314,-97.06861815637342,-95.79247420920123,-95.80600111913694,-97.09185004651333,-97.82349140715812,-96.78009950888779,-100.47803472202214,-97.71854030458954,-97.95458864874435,54,-97.28179360362199,-97.09185004651333,-100.47803472202214,1.708487407074183,-0.612562890663805,0.40273494344642957
HDOK,PLOK,17472,5,5,-96,8,10,2,29,-100.45816982188971,-95.92509681365482,-94.94873203108959,-95.53512674490672,-98.14307248101426,-98.25574428932566,-96.95590069048681,-99.68293324908791,-95.94714731245459,-96.83989124697632,-96.29000140509503,-94.92801160428382,-96.27138537259043,-97.13329537590936,-97.17538414863502,-98.34691710030754,-97.80874752243763,-97.47690581847043,-97.99639040369874,-98.62955930187309,-96.99445713196175,-96.22659399769834,-97.48490446827415,-97.06054291201096,-97.96120228942573,-98.17805286384747,-97.75540915329148,-96.9087920404856,-96.7628189317913,54,-97.24417884561979,-97.13329537590936,-100.45816982188971,1.5331402282649251,-0.351197992646147,0.5868582717243838
HDOK,PLOK,17472,5,5,-96,8,10,2,29,-102.93988889289689,-96.73678373009986,-95.72594758019989,-97.04424663716938,-99.68762454788781,-97.4735340431491,-98.06011638930619,-98.92223108137685,-95.10871971399318,-96.69371024410565,-97.62267423259001,-95.38932875938791,-96.52514033466011,-96.36769812261414,-97.66833465297157,-96.82010980398383,-98.52553509303601,-97.19151608336121,-95.90588281568267,-96.66224101783801,-96.13612547778261,-97.02316179379626,-95.82390275903875,-96.7432716965361,-96.82671075807718,-98.31145871781497,-96.659383972962,-96.39150449340028,-96.74219493942829,54,-97.16306822017748,-96.7432716965361,-102.93988889289689,2.220785301678889,-2.1416837238169095,6.7713707253325435
HDOK,PLOK,17472,5,5,-96,8,10,2,29,-99.83190069960585,-95.61028498367592,-95.76491758582374,-94.71957795311819,-97.94918743860465,-96.00144153040088,-98.63189550119904,-97.34402491190451,-97.49372687081002,-97.1165018270521,-96.58032447982747,-96.41955788212842,-97.55295710676229,-97.24133493049061,-96.44000263689698,-95.57699889861269,-96.18813659501423,-98.23539814696689,-96.03848378026656,-98.40066347644571,-95.27312454752561,-96.42586625040076,-97.58393955242994,-97.75368585984977,-98.77558883415878,-97.7940695129386,-98.67977622714687,-97.68360519784143,-98.00381716122489,54,-97.14175139238357,-97.34402491190451,-99.83190069960585,1.4351300299166205,-0.008346433975459892,-0.5053463612063833
HDOK,PLOK,17472,5,5,-96,8,10,2,29,-101.69988501090864,-95.27718715316885,-95.21435180803017,-95.46591889744121,-97.41661871638861,-98.20467357022716,-99.29685243950685,-96.56491141946807,-96.848805544366,-97.52122970295608,-96.22988725467329,-95.83677985994976,-97.80092713672511,-97.43856783876507,-96.82037118230062,-97.8992291540338,-97.53463985753355,-97.70626319796762,-97.433201136896,-98.14997083384405,-97.03167301068191,-97.52602604014366,-97.287029404829,-98.42889371138389,-96.6640452689195,-97.5328888888159,-97.5693829777898,-97.65323212307737,-99.0802267622874,54,-97.418402410451,-97.52122970295608,-101.69988501090864,1.6103067618018612,-1.0100124438268792,3.434783370449869
HDOK,PLOK,17472,5,5,-96,8,10,2,29,-101.7624286902077,-93.35330338548698,-95.22415817340692,-95.42890789785216,-96.01048443128103,-97.50031882076358,-96.60528042642993,-96.69900339699137,-96.15140427818487,-96.8467273068231,-98.0017091711369,-96.78062401518494,-97.75092467620331,-98.67418626725522,-97.80496344876457,-98.22517454793946,-96.37898541659656,-99.06792283286376,-97.21108299437081,-98.53266115040405,-99.92424259404382,-97.25084582313947,-96.1391897133019,-95.87847328097672,-97.65664275993475,-98.73634541145748,-98.16625556112777,-97.92424655251551,-96.17447225576906,54,-97.3055505269108,-97.25084582313947,-101.7624286902077,2.472099252353038,-0.3084252534459743,1.7240843227388232
HDOK,PLOK,17472,5,5,-96,8,10,2,29,-100.99950009403543,-94.91614166710806,-96.02977718832798,-96.59110375734643,-98.00035577436196,-97.53735075793902,-96.67758322698002,-98.4185817489902,-97.5357416544271,-97.9081892651046,-96.65840351591847,-96.33422683341435,-96.85653985117133,-96.2033508148179,-96.7943745236364,-96.06110389009474,-97.01707968097607,-100.25587546309639,-98.59683658395879,-96.27223389877992,-97.49164657292216,-96.66543462489895,-96.23819803447437,-96.96487632343727,-96.99377373865676,-99.53002261545906,-96.90998697584209,-97.81506095073428,-98.23655789443832,54,-97.32792785935683,-96.96487632343727,-100.99950009403543,1.6621845455061153,-1.1067006046223384,1.5680866273502088
HDOK,PLOK,17472,6,6,-98,8,10,2,29,-105.05267989269205,-98.85355725141926,-96.43995154518899,-95.9237891627879,-98.34850612431731,-96.68875054021035,-95.50350512087087,-96.7752734953172,-97.28865300426006,-96.84332872310696,-94.9053161610268,-96.44612926782695,-95.95667383153167,-95.17419546414492,-95.78056583334897,-98.79506375691732,-97.37451749862849,-96.96093322420833,-95.5859339429422,-95.10750848241577,-97.01818779990374,-95.15872465074128,-96.90135325253513,-96.68564370049026,-96.607285656753,-97.947910215144,-97.66760186653974,-98.15168306694933,-96.70323385818625,54,-96.98780884104843,-96.70323385818625,-105.05267989269205,3.4490661584623976,-2.863571101937361,11.65572990450825
HDOK,PLOK,17472,6,6,-98,8,10,2,29,-104.68580817099858,-98.34491181233837,-97.87352493570468,-96.54329608924839,-97.0838839058669,-98.51283701131872,-96.63848933881489,-97.24200547814631,-98.79687852636613,-95.31032598878268,-96.1172694400334,-96.13991601548436,-93.44591496756324,-97.60851903206174,-97.76750668992322,-98.28579005304287,-96.6638692411315,-97.16912819705779,-97.38448861239364,-97.60355222920306,-97.73077822982269,-98.03968518901729,-96.15656390306131,-95.89970693765385,-97.13699097933288,-97.21877033793889,-97.35411248295006,-97.2718551033557,-98.76235026204867,54,-97.4065079020918,-97.2718551033557,-104.68580817099858,3.1018688340187794,-2.076685655731586,9.932979145375592
HDOK,PLOK,17472,6,6,-98,8,10,2,29,-105.86026566779017,-97.93702645867276,-97.10212801368394,-95.47985859680115,-98.46198596656288,-97.86762331594741,-97.52035460984078,-97.58781391499924,-96.84654671629683,-97.31561811817951,-95.92299011805567,-97.62738658149625,-97.7274721497138,-96.06179680878404,-95.38948656831226,-96.95913718893279,-96.95605384233497,-97.40047811358995,-97.53929697374959,-98.17190823607966,-95.11254192156609,-96.22896996055572,-97.25895581236973,-95.12279021943036,-97.5065833569632,-96.31736888453504,-96.53024868612069,-99.0115193934893,-96.7173304638724,54,-97.29453574685263,-97.25895581236973,-105.86026566779017,3.552404536966328,-3.23686673509967,14.542294383954575
HDOK,PLOK,17472,6,6,-98,8,10,2,29,-105.55066937354312,-98.58309577499219,-95.64695341312692,-98.16873937583208,-98.78810267710878,-98.21756189407374,-96.87616244420589,-96.39828537346807,-96.55417419861809,-96.8358566965279,-97.41266443936001,-95.5469621284923,-94.95481887547302,-97.223308621712,-95.54815751825889,-97.81661900461947,-94.94470681349966,-98.20990096642946,-98.22672187697526,-97.1443071031779,-97.81051783042622,-97.33698031528256,-96.81518971622792,-97.00075454277814,-97.41413168666263,-97.08634205913432,-97.84409260747398,-98.25692902351587,-96.24027840408056,54,-97.39493050879577,-97.223308621712,-105.55066937354312,3.4459458315930505,-2.838643556444771,12.42593753607854
HDOK,PLOK,17472,6,6,-98,8,10,2,29,-106.97380889244906,-98.29643819054132,-97.52807175410268,-96.0906558622827,-98.64569233622856,-98.43333350614417,-98.33410641847352,-97.24621622195802,-96.53055004808644,-97.22515118018043,-95.71263536518136,-96.6511842152988,-95.15319837768449,-94.8743967694653,-96.9617229569631,-94.61810107684481,-97.95457739558233,-98.02405525443523,-96.46445510951534,-96.60235602295106,-95.3967659764237,-96.38239215792801,-96.06857013426443,-97.18632890064389,-97.17701648017248,-98.19506480398215,-96.98835498105132,-98.54042887165481,-97.7513256410196,54,-97.31058465177617,-97.17701648017248,-106.97380889244906,4.564792313242448,-3.1717536131953477,14.205103370886748
HDOK,PLOK,17472,6,6,-98,8,10,2,29,-104.19009096575293,-99.94205330675999,-96.67252226254114,-96.32569801833843,-98.4604924958339,-96.89383533661062,-98.17041065699175,-97.72448091325575,-96.98792981279604,-98.22136811373561,-95.70898803348284,-95.38879730489981,-95.2169223318129,-95.84182823462322,-96.6573153651224,-98.30116439121026,-96.67637230337536,-96.83253506995023,-95.86409742687876,-97.61086434723062,-97.91095904053513,-96.32928902633917,-97.53028294201566,-97.69046993247787,-95.77289068074361,-97.6787738836998,-97.53221009192147,-98.05142273554308,-97.81955279964953,54,-97.37943509738369,-97.53028294201566,-104.19009096575293,2.7836361685366318,-2.3419502897797373,8.706963856158557
HDOK,PLOK,17472,6,6,-98,8,10,2,29,-105.71008323020575,-99.40344712071209,-98.37723963717895,-96.62208860584273,-98.17852965942558,-97.89426267652503,-97.85339757115275,-95.84032344423656,-97.05789609331369,-96.36359924635578,-94.44697860148293,-95.48402800584392,-96.71020471691342,-96.9748765297996,-96.38710034215177,-95.9426746067638,-94.80802743681724,-93.7307676914721,-96.80740423950157,-97.87000757165993,-96.00577510123536,-97.21504798627453,-98.04849396683429,-96.52107946871458,-95.73575614489909,-95.71960785958098,-98.48155067713155,-99.24033198772086,-96.40329823597044,54,-97.09771994674885,-96.71020471691342,-105.71008323020575,4.411279923802592,-2.2967495942866294,8.919031228159442
HDOK,PLOK,17472,6,6,-98,8,10,2,29,-103.85361526781675,-96.94168618172985,-95.87195778736555,-95.4079291298362,-98.7834862126238,-95.43514645654774,-95.02679797857151,-96.23716928747567,-98.55138553937817,-97.59580377713593,-97.49965810852034,-97.04393201532983,-95.1880990041924,-95.34041933240574,-96.7429251659023,-99.40027628177864,-97.70908904875309,-95.6719611176619,-98.25596041691671,-98.08671379117774,-94.75506582772569,-97.50843714861813,-96.51992074119606,-96.6796378367603,-96.4191602804198,-97.16217887231524,-99.44844136907179,-98.01265248556489,-97.98722743225197,54,-97.21161151362219,-97.04393201532983,-103.85361526781675,3.2235123378951336,-1.6622947965106705,5.089514558194413
HDOK,PLOK,17472,6,6,-98,8,10,2,29,-104.18863122584638,-98.09547749591621,-96.90413001732331,-96.8773930070071,-97.07316939206603,-95.82994761677695,-97.74119643463001,-97.7037979190118,-97.16540504877854,-96.1478448086419,-96.04737598692914,-97.25691676058982,-96.97406152193282,-95.8189846861343,-97.09412013549623,-94.75816205893635,-96.29065230382813,-97.63387141337499,-96.19211176381351,-96.85820707572863,-97.69182524523814,-97.31887750619693,-98.23010258229486,-98.02047603312297,-95.79447919066534,-96.06709580003377,-98.17201041087415,-96.0065530695276,-96.7433058226297,54,-97.12745456321879,-96.97406152193282,-104.18863122584638,2.4989138724554567,-3.0448883908618036,13.41623410933058
HDOK,PLOK,17472,6,6,-98,8,10,2,29,-105.30037930133032,-98.86642623830974,-98.20088153113063,-95.5826810415089,-98.18871122630955,-95.97058792731244,-97.73679121568996,-97.342282839409,-96.70093270502775,-96.98055710698671,-95.06317819240343,-95.76955570664295,-96.412021780137,-97.88272679117031,-96.17997203254713,-96.62691505391629,-95.8056842420318,-96.81994849444993,-97.96447316903281,-97.87124316934114,-98.92035572884703,-97.49599631748471,-98.23559103171279,-97.4569656143159,-97.2756680024121,-97.3043830222708,-97.29653352597748,-98.56140115819721,-98.7998582436317,54,-97.53836904860474,-97.342282839409,-105.30037930133032,3.193143252951366,-2.7659609846835242,11.72193878944459
HDOK,PLOK,17472,6,6,-98,8,10,2,29,-105.18442845549966,-97.45474579097265,-97.947797421368,-96.65043968575505,-96.92336438104785,-97.11356090231726,-98.16696623348336,-94.84136253676415,-94.6881974452935,-95.84751150513655,-97.42601925668595,-96.88901308746047,-97.55598518387454,-98.09414541785517,-96.96204217028276,-96.17575843308757,-98.17211114718991,-97.47142494365255,-96.44168401352873,-97.45992167619775,-98.1855274356336,-96.97883194907058,-98.36809137316142,-96.6651487013783,-98.39988293402426,-97.07844226844283,-96.68090866472936,-96.4486194636399,-95.60529970980828,54,-97.30611145473591,-97.07844226844283,-105.18442845549966,3.1177419074790382,-2.9720610237969174,13.44855977654777
HDOK,PLOK,17472,6,6,-98,8,10,2,29,-104.89618281912524,-97.32373145124672,-95.65232480317,-97.31186957147919,-96.06072734963752,-98.48782615637992,-97.60251447911813,-97.61678875207143,-98.03060684761356,-97.163308759107,-98.71211645779852,-97.79348757016179,-95.22631191489681,-97.39099245256475,-96.19918757755013,-94.87124142842558,-97.32729330198121,-95.39676944764382,-95.8465344658366,-96.0437694448903,-97.42842153647189,-97.57903665646361,-98.89667672326779,-95.76283942616335,-96.82866323447145,-97.45876899210758,-98.38835930352778,-99.00104756852822,-98.26439871427475,54,-97.39868266227498,-97.39099245256475,-104.89618281912524,3.277887309924073,-2.3288914566629897,9.27515989826934
HDOK,PLOK,17472,6,6,-98,8,10,2,29,-104.09461110019248,-98.70980602412965,-95.82361404131022,-96.22323914092028,-98.12201382855872,-99.24800242281134,-98.85903963755345,-95.76080640821405,-98.25882868116966,-94.14394154920895,-95.03297345004374,-95.74307194979721,-96.51396109642616,-97.996160667148,-96.73210552370928,-94.71013606260631,-98.98887993209195,-98.5423048337261,-97.31964870155413,-97.140314059939,-97.07466771105929,-95.39086530303592,-96.57474982526706,-98.20038840251513,-97.63507199014603,-97.64518212369121,-98.74166414395599,-94.77594671211975,-98.6329695919891,54,-97.33224016947896,-97.31964870155413,-104.09461110019248,3.6972607040762453,-1.2057031061019783,3.8565405855291215
HDOK,PLOK,17472,6,6,-98,8,10,2,29,-105.60191613564011,-98.7524590658362,-97.23785996310701,-96.16437084997021,-99.89981185869942,-98.03974042912002,-98.24502488551582,-96.03686594736357,-96.32429445094844,-95.66893741946957,-96.25632178256136,-96.49189345699027,-95.14064562433485,-97.39658553393215,-98.35452996923584,-94.32960486178996,-96.61767689980478,-96.00449597717585,-98.71293942837268,-97.40546323524796,-96.95501526169448,-98.66449154250122,-96.54967205879133,-96.48022260770426,-96.10098683235717,-97.98410007814007,-98.91746922174744,-96.71153263727294,-99.43441687773944,54,-97.46480499631257,-96.95501526169448,-105.60191613564011,4.071909128016949,-2.233361350235326,8.111089323414813
HDOK,PLOK,17472,6,6,-98,8,10,2,29,-106.54902217036994,-97.51214538140508,-96.25787284905117,-97.29909260897207,-96.2813076035301,-98.01378017488867,-98.8977195253103,-99.62792595883342,-97.1784092242468,-96.37801480641522,-97.43552070384848,-97.65371808634133,-97.87723475455245,-96.59072165559935,-98.48476951158362,-96.57176007082406,-96.43658954135134,-98.81316762884532,-97.47462323067604,-97.11890026670709,-96.64434089701582,-97.54184518035864,-95.94221715772835,-96.60280667231147,-98.7794268826788,-98.51931154580669,-97.10577689708968,-98.40784876728046,-96.16246245126251,54,-97.72959766223738,-97.43552070384848,-106.54902217036994,3.681796327970546,-3.4575765367644746,15.237891404735057
HDOK,PLOK,17472,6,6,-98,8,10,2,29,-102.89287477920469,-98.27539009021454,-97.11610701155547,-96.3600485441822,-98.27989827184834,-98.53873597697334,-97.7302521720492,-97.81853859156924,-98.618435601745,-95.64412346667153,-96.85417899613508,-96.41576308541514,-95.9931345230934,-96.41626390671173,-96.93287112858904,-95.92881382655948,-99.43570208650262,-97.77314600334344,-95.62816232327302,-96.90392136105882,-96.00967768155947,-97.22233302768463,-96.78247691682101,-98.95587809923249,-96.05444463560185,-99.57053417277204,-97.55251759778675,-98.2350477702523,-98.34345952804289,54,-97.52699073022238,-97.22233302768463,-102.89287477920469,2.2661867984704887,-1.5312073183665047,4.049780849760326
HDOK,PLOK,17472,6,6,-98,8,10,2,29,-104.66751740959177,-97.7772190104916,-97.71656658297613,-96.96332357420637,-98.19377900967166,-98.14536086191116,-97.53501593753049,-96.6119078951204,-96.13462588107785,-95.17083055006486,-95.91596149692744,-95.97648765511056,-96.25241870374633,-95.82962943854689,-95.5458588466812,-96.35631706392435,-96.37652510712188,-97.05631379962331,-98.72405714279381,-97.20350656380886,-96.69032663340306,-96.06665438592556,-96.51298181751478,-96.38546151532104,-98.35670303610135,-99.44939170123448,-97.11636386285254,-97.5636181617224,-97.7028691842767,54,-97.24129630445788,-96.96332357420637,-104.66751740959177,2.9594113431463662,-2.8545361954501494,11.330163620414455
HDOK,PLOK,17472,6,6,-98,8,10,2,29,-104.85088649103012,-99.22911178608479,-96.39552316978451,-94.64867636325877,-97.91066445700474,-96.78522166344054,-95.74728853199086,-96.5256962324288,-97.51626253493497,-97.28786119654012,-95.81141697382749,-97.62837982474112,-97.03316012187165,-98.13315341314511,-95.25117463328412,-96.59257807082462,-94.68832179605685,-96.37843569783605,-96.7905365115908,-96.25244294276703,-96.66698909539012,-95.76639243036347,-97.6844137647486,-96.0184894992992,-98.1026423765668,-97.35118712060552,-98.23101248966768,-96.60706627384694,-96.5793858202526,54,-97.0504955614891,-96.66698909539012,-104.85088649103012,3.2532745073045963,-2.781353476614119,11.523380765667474
HDOK,PLOK,17472,6,6,-98,8,10,2,29,-105.2738588218272,-99.08545697650068,-98.11012895778421,-95.57239752949032,-97.72183644493515,-98.32877660024428,-95.4471028441839,-97.89433063697963,-96.28809101107525,-97.40726456019217,-95.50153896961255,-97.23545037875357,-95.40141285319645,-97.00258798794866,-96.7911620182187,-95.39649160175001,-96.83190131399991,-94.78744158234356,-96.43657357111617,-98.29496511721074,-98.30514949626897,-97.68937108608601,-97.70177214164674,-97.64122893328975,-97.49824334644534,-99.77117692221142,-97.79698293366921,-98.59019806717971,-98.86064615804018,54,-97.54012202973107,-97.64122893328975,-105.2738588218272,3.6486856066262106,-2.153570590355312,8.330238118804564
HDOK,PLOK,17472,6,6,-98,8,10,2,29,-104.3398260608878,-98.36538400940664,-95.05041354954032,-96.57648020720966,-99.24384871484358,-96.63029864044846,-96.91275858640695,-96.57422159386006,-96.5949552155002,-96.62746777684777,-97.68386372258323,-96.18194750335805,-95.61698328986282,-97.22643860096676,-97.15546467599819,-95.83098143580524,-96.56705885018998,-97.12306908890181,-96.08735110907575,-97.74757561231907,-96.7764087722772,-96.8002395775853,-97.683937905409,-98.93842906730124,-96.72648638121497,-97.52609812618049,-97.97022292515705,-97.62363564745188,-98.64182876044352,54,-97.33874742782872,-96.91275858640695,-104.3398260608878,2.649371446176522,-2.791154961500922,11.194165850138885
HDOK,PLOK,17472,7,7,-95,9,10,2,29,-101.55521293188073,-97.89796296452327,-96.44218521881636,-97.06359441028793,-99.47000713325944,-96.76437688076894,-98.18881779829816,-96.79557101975948,-96.57322516962017,-97.25653253690695,-97.4894254456447,-98.11074533486999,-96.09447003073808,-97.62417448616277,-97.06138458067599,-96.70588894727592,-97.51518937248615,-97.94819901352784,-96.40871295536844,-97.40025543291569,-95.37694800985186,-97.07032049947436,-95.44424898715324,-97.43330956171175,-96.52536940518131,-99.11581821920029,-95.80630041552557,-96.18968925859868,-96.7392781104755,54,-97.24369703899859,-97.06359441028793,-101.55521293188073,1.536379637217174,-1.5232732219987992,3.9164413640063738
HDOK,PLOK,17472,7,7,-95,9,10,2,29,-100.82646767179631,-95.66467537474426,-96.61060700334161,-98.32772430444457,-99.12956602654629,-97.81622476414957,-96.99393079722444,-98.87639521988439,-97.89061415467354,-97.97261061972127,-97.56831909317563,-97.54104657492297,-96.00349919629431,-95.94649227427067,-96.34661629168453,-97.83338691862463,-97.7244790980979,-98.44026098245287,-98.65877634858076,-95.78580035513617,-97.0547120177932,-95.42673596119684,-97.00858199157688,-95.96616133003302,-97.1317219377441,-96.85522195553591,-96.61109467850945,-96.033276984711,-96.51193592331413,54,-97.26058399483382,-97.0547120177932,-100.82646767179631,1.4622761275648632,-0.8076973219616008,0.9513377134731873
HDOK,PLOK,17472,7,7,-95,9,10,2,29,-101.44240840456068,-96.66321961136686,-96.73041177331926,-97.73172796863878,-100.27578572344139,-98.6964382623876,-99.67247937379416,-97.85591032365518,-97.23106936192649,-96.65790734065395,-98.44970166958696,-96.16876184095841,-98.25370087136797,-97.69788562288612,-96.6536536618156,-97.3231403641566,-97.8982827145304,-99.16309922189564,-97.8865875332658,-95.36653645769023,-96.88748427956546,-96.93540693354849,-96.0308337112775,-96.77130519737982,-96.36503208411769,-96.88603112006766,-96.47409906620152,-98.05087455503224,-96.78446420052751,54,-97.55187031895228,-97.23106936192649,-101.44240840456068,1.7291710030743972,-1.146158845220065,1.5155758563287134
HDOK,PLOK,17472,7,7,-95,9,10,2,29,-103.15342541890426,-95.9696322242589,-96.82380779202157,-96.61465286397427,-98.91319254472911,-99.13520226431478,-96.95459625560967,-99.2459733757693,-98.00091380880484,-94.80674828831354,-97.65346192554229,-98.79136872816488,-97.19978829644782,-96.19907216396504,-97.2908405041684,-97.10312087076207,-98.81094143324772,-96.99523089093444,-97.16244732797352,-95.84516333062994,-97.25271473234793,-95.6278090101148,-96.05719573956186,-96.60290217396387,-96.53045900160711,-97.03393853153693,-96.00755528436646,-98.79415924064628,-96.65789298731346,54,-97.35290368999983,-97.03393853153693,-103.15342541890426,2.4538048114572204,-1.750473130628334,5.16915982164592
HDOK,PLOK,17472,7,7,-95,9,10,2,29,-100.03176587686801,-95.45666425014018,-93.89102422874068,-96.1976348422207,-96.67254987924693,-98.92520744432188,-98.2396322299833,-97.4760665269073,-97.68214869761478,-95.61385081131291,-97.96323915780114,-97.04022009587638,-95.40850314116858,-97.23967774308875,-97.1020863713132,-95.84710366722344,-95.47403267414997,-97.16263847649185,-97.80455559267034,-95.2171509406518,-96.79838878854021,-95.63842659722924,-95.55936583219433,-93.93630079949408,-98.77508090421077,-96.74560560110035,-95.68954916532834,-96.26759224652058,-96.29043501355216,54,-96.6257412964125,-96.67254987924693,-100.03176587686801,1.9363434569427371,-0.2688718832017535,0.17517365291828524
HDOK,PLOK,17472,7,7,-95,9,10,2,29,-101.456738457412,-97.31230177842113,-95.69447883701766,-96.04157218378576,-97.21320389828324,-96.58147264774576,-100.00124236374889,-97.44068313271534,-98.95447515880572,-96.66743553013207,-97.78832053686202,-98.11515453958052,-98.48092690708876,-97.02720176131191,-97.29356710506751,-97.56888936430558,-98.28190012622026,-97.26564505437017,-95.12028947123352,-96.7153232195567,-96.8994892468193,-96.29141472084073,-96.94623040380344,-99.25910890803782,-95.23786955465744,-97.68662649464864,-97.2451972391067,-97.41557565136219,-95.43274406004186,54,-97.35983028803388,-97.26564505437017,-101.456738457412,1.8573191772485502,-0.9128770077195866,1.7288593466981204
HDOK,PLOK,17472,7,7,-95,9,10,2,29,-103.30734136339554,-95.78016184586944,-97.45466206802647,-96.36142872852082,-97.93305208230174,-97.59689452729297,-98.919138588728,-97.59676432068187,-96.08834828205357,-96.76213610101156,-98.05971493779315,-97.84858610064892,-96.2169541078059,-96.4071290280172,-97.46758771042414,-96.28520221079165,-96.60500327043421,-95.00659528295365,-95.3628216575122,-96.76231041688547,-97.36376659483734,-96.14254672882821,-95.84679173931065,-97.16264803409055,-94.88415336020985,-96.28556994187572,-96.36585092265483,-96.16662806359342,-94.79751137651037,54,-96.85645859976067,-96.4071290280172,-103.30734136339554,2.448410051612569,-2.3951051995939356,9.0989283774839
HDOK,PLOK,17472,7,7,-95,9,10,2,29,-102.7399121351717,-97.28996401183873,-96.93124811948428,-96.80319876355215,-96.0449272514683,-98.53553247240009,-98.9567577597776,-97.57047748951328,-98.10165556469539,-96.78426500456469,-98.74591146691155,-99.0631605330449,-97.19758287286496,-98.62638682627393,-96.28803526498308,-96.6569438794598,-97.3187947012394,-95.38500972143217,-96.60151685994782,-96.23788422703693,-97.17781280170112,-97.02942104057819,-97.10349857771712,-97.30682483749533,-94.76916452015263,-97.39388988743397,-95.43332157829211,-97.1295961674732,-97.76658002843504,54,-97.34445773672205,-97.17781280170112,-102.7399121351717,2.0934089893760075,-1.6327586822549511,5.596829631611465
HDOK,PLOK,17472,7,7,-95,9,10,2,29,-101.64814107627606,-95.2929474705614,-97.85970350956312,-99.07351147373699,-96.13721847723492,-97.36510841644628,-97.16612908782356,-96.90537122089435,-95.44114923642958,-97.7664297690399,-96.99942897575974,-97.25736767705106,-97.10456929915503,-98.16349635280714,-96.45147410424389,-94.50426563968733,-98.72662794874923,-98.06217446447712,-96.59615018461697,-98.44885213819462,-96.4350197159909,-96.58096288444324,-96.17468728144951,-96.59317404756072,-96.22560766536243,-95.51125023788603,-97.05772330242038,-96.08382062704892,-97.41595057476282,54,-97.07063147791979,-96.99942897575974,-101.64814107627606,1.8224212363035739,-1.1793160265365479,3.345545322229007
HDOK,PLOK,17472,7,7,-95,9,10,2,29,-100.57925179093496,-98.20594380373224,-96.72930904488864,-97.52444826251333,-97.90221877182317,-99.3448872338929,-99.68692813012636,-98.8227543828951,-95.8280830712187,-96.51803742123963,-96.9974365236243,-96.34170761030262,-97.66039448536912,-96.3197067965396,-96.54690001683792,-96.30593951762845,-96.64920090641421,-99.96531347960415,-97.31906479452634,-95.84788581903157,-98.81754344185713,-96.87733959503427,-96.22277833691018,-95.02972241928995,-95.39964718742965,-95.45687517795558,-95.44417206571377,-97.80741580850089,-96.3594058260605,54,-97.19001074903089,-96.72930904488864,-100.57925179093496,2.09038839988675,-0.7314070829792472,-0.25342903460790733
HDOK,PLOK,17472,7,7,-95,9,10,2,29,-100.01707873869135,-96.31695937997713,-98.24245690507351,-95.92242372425963,-99.92088750550272,-98.27405681516903,-100.40351663270096,-97.04989598356714,-97.49856894807724,-98.30880194087004,-99.30618291946291,-97.95107570502026,-97.01992632251385,-95.99767124178709,-97.57873378848645,-96.58020152980171,-96.20523344216119,-96.91288973862166,-96.33981340059067,-96.70862061580586,-97.58260986501526,-96.90314511740807,-94.64483777689426,-96.40287106365774,-94.46618928011904,-96.90178695017268,-97.1071638599674,-96.65490425523568,-96.82259144529877,54,-97.24279637558308,-96.91288973862166,-100.40351663270096,1.9314026396582717,-0.5072029106277545,0.47969669867088127
HDOK,PLOK,17472,7,7,-95,9,10,2,29,-100.53221882447443,-96.4992287398305,-95.86083978363442,-96.56343428548297,-97.46195190689673,-99.06639968363649,-96.40227771235838,-96.61307739585568,-97.09133620654262,-97.79847708671667,-98.51349135838392,-97.08585186010176,-95.87406113173708,-95.61766151421514,-97.04821854909395,-96.6948792286732,-98.89558754921548,-97.93302514238263,-97.7036841437743,-98.12696774995024,-96.33311630433204,-96.25184889563859,-97.69047228403703,-96.56862460370476,-98.23416470666226,-95.71521895455632,-98.67578953719544,-95.70117682338166,-95.29372177700064,54,-97.16713116342983,-97.04821854909395,-100.53221882447443,1.4858844409881287,-0.7116117030893002,0.3205487981243027
HDOK,PLOK,17472,7,7,-95,9,10,2,29,-101.78321418871445,-96.6230038762721,-97.01613698790706,-95.5205804013552,-97.5594126535562,-97.08476168755729,-99.62940356999708,-100.06719419188067,-99.14630624776362,-97.97937764074712,-96.74609339942062,-95.82470228720406,-96.71953583648924,-96.90005986884375,-96.47626142517493,-97.9536503082306,-98.77761815552138,-97.80442197617592,-98.26276906715673,-98.11895379594301,-96.25054382424474,-94.7158341704591,-98.23052077726724,-95.20930276492544,-96.52497162513143,-97.21295726775135,-97.40302109800362,-95.9168550825349,-97.97457072823306,54,-97.42869085877454,-97.21295726775135,-101.78321418871445,2.2246979724251528,-0.7780618170452149,1.2585700758055363
HDOK,PLOK,17472,7,7,-95,9,10,2,29,-100.59708902093325,-96.55911423360213,-98.33820274964151,-97.4729768385766,-97.12582448786677,-99.23503687139288,-99.05134068994116,-97.11101598385143,-97.05521209303141,-97.34639753278546,-97.19303499651782,-98.63856825413923,-94.88291878189872,-97.51533675010221,-97.28303834353213,-97.86160495309794,-96.66838662524674,-98.54273631347485,-96.56447700205224,-98.14058288102349,-97.66590363373702,-95.67289498761846,-94.30931597184255,-97.29435906283418,-95.8440414811194,-97.1592932130326,-95.05875209349514,-97.86447176422153,-97.18717454326965,54,-97.28410697082336,-97.28303834353213,-100.59708902093325,1.7199326770078889,0.05360142562724736,0.8399148471743909
HDOK,PLOK,17472,7,7,-95,9,10,2,29,-100.97439130086396,-97.90829436777027,-96.07122799817752,-96.51538394029966,-96.84612247289606,-97.9964079655428,-97.78629839007978,-97.80745085743732,-98.17728650977973,-96.25819031201698,-98.72777765592514,-98.55356676804362,-94.97411675518545,-95.72163013835578,-95.44171315677546,-96.47692559179914,-94.98216653584925,-98.55390841505148,-98.67775010682365,-96.94923866718187,-96.67790907896803,-97.54749004018916,-95.47016088990667,-97.3610649520589,-96.88216987355362,-96.78591870874988,-96.32511904238254,-96.62241608399775,-95.81251792082548,54,-97.06498670677539,-96.84612247289606,-100.97439130086396,1.7208182126895184,-0.7332676136263806,1.1124075180832276
HDOK,PLOK,17472,7,7,-95,9,10,2,29,-100.0491520452304,-96.31488158062774,-96.92379169516866,-96.1211091903468,-98.67543458346594,-99.32202671219682,-97.65403788957667,-97.6022517554893,-96.68271259610053,-96.5892814525758,-95.893355370526,-98.83949881038723,-96.80370020543053,-97.89261468722411,-98.56209047699647,-94.62353112772881,-95.79680618730022,-96.91754713431175,-98.77923812871788,-97.41789297230096,-98.73042183396291,-97.73462987352752,-95.55329744849138,-96.27843939655496,-95.92070202879424,-96.39687771056326,-97.27127277012916,-96.62374840696904,-96.35130479421879,54,-97.18350513327287,-96.91754713431175,-100.0491520452304,1.5677801593032077,-0.37220985922295086,-0.33228621522209245
HDOK,PLOK,17472,7,7,-95,9,10,2,29,-99.1717954148331,-96.52824537481996,-96.92905113306084,-96.52805518896068,-98.4209143904895,-99.63632778601144,-97.82484197634972,-96.95276337696914,-97.84299111360937,-97.68692808222596,-98.89051454012481,-95.45686328231328,-97.18186787395165,-96.80866544750413,-97.09399955954527,-95.05307458665904,-95.8010004212594,-95.89800148508314,-96.8477338781905,-95.97785801359885,-95.435599548582,-96.59323812444735,-97.16986047239122,-95.98374726092385,-95.58807416285227,-95.53204481544999,-96.31003477992769,-96.61829690907572,-96.67608975005959,54,-96.84270616376789,-96.67608975005959,-99.63632778601144,1.2888852282062702,-0.7633486669295448,0.2032016588794372
HDOK,PLOK,17472,7,7,-95,9,10,2,29,-101.86111196970496,-97.10742322278045,-97.80363790184475,-96.71572718299035,-98.48136180659017,-98.17419862632964,-97.664772705297,-97.3166197348694,-96.28511106541771,-98.67927147857726,-97.88069758425581,-97.18907258464633,-96.66074181606564,-95.83688489189517,-96.4022897886912,-97.69742663077066,-96.6788118398546,-96.90153383492287,-97.19208126690873,-95.417693895481,-97.5529485490977,-97.09759912258549,-95.92916188945291,-94.87085041741423,-97.42583584886489,-96.47456533297955,-95.99673034462228,-95.97100222082088,-95.73603837295079,54,-97.06900696298906,-97.09759912258549,-101.86111196970496,1.6403079845374862,-1.6525165640865036,5.576427656617591
HDOK,PLOK,17472,7,7,-95,9,10,2,29,-102.13959046092688,-96.09092425382218,-98.13726191832542,-96.6753932877642,-97.75580819187604,-96.0413327844416,-98.055498809264,-99.5984672808402,-96.00746318916737,-96.69812674488765,-99.57187963794696,-97.15660317609898,-96.3527664813752,-96.03221690159931,-96.32659320515003,-95.85846929631141,-98.30807335941597,-96.42480117651043,-96.51428586211652,-97.12848641381389,-96.14978055203274,-97.98891285690806,-98.6862373440387,-95.02822877343536,-97.43838730236405,-96.21577624318984,-97.5556460316807,-96.22988027057588,-95.42398472405836,54,-97.15830608723921,-96.6753932877642,-102.13959046092688,2.1729960895212006,-1.5057923341118113,3.091566815177227
HDOK,PLOK,17472,7,7,-95,9,10,2,29,-100.47624052357054,-95.65557028205747,-95.9841832669916,-95.78150562996913,-98.63149286868139,-98.12968675658155,-98.48164520490909,-99.26054895868937,-95.8423840922332,-95.96871010976777,-97.49833180184162,-97.583356237209,-96.90767669054979,-97.62359631322593,-96.51160578703693,-97.14135559385348,-98.45922766392857,-97.89257390083093,-98.14915893735837,-95.6976603318426,-97.54908942951194,-95.689255249742,-96.23180772063441,-97.72603247851714,-96.53722761860985,-95.49054102980443,-97.77924538088077,-96.32504661893742,-96.65539264600778,54,-97.16069479737152,-97.14135559385348,-100.47624052357054,1.4932631103805185,-0.6316389957288623,0.1232617375799685
HDOK,PLOK,17472,8,8,-96,9,10,2,29,-103.19453992300993,-94.91964961567061,-96.16014632973545,-95.047761335787,-97.36221612434113,-96.09639770838614,-95.32799462613038,-96.70238922710332,-97.47336258274099,-96.70868371044543,-96.9232017242235,-95.58546678845677,-95.82262638725527,-96.5898347026554,-95.47606897475308,-95.63025869873496,-96.89723837774714,-95.61633327883294,-95.81093298774542,-96.88627821910124,-97.35619557732103,-97.72784636124057,-94.94297320423863,-94.1303914691834,-95.90570144765839,-96.0250317905585,-96.71936433526788,-93.74790076148865,-96.80980109082937,54,-96.3309168055394,-96.09639770838614,-103.19453992300993,2.6016750354441416,-2.5318527650305054,10.721170849913824
HDOK,PLOK,17472,8,8,-96,9,10,2,29,-102.79116680699202,-95.77507696677635,-95.9832079315563,-96.5999750497772,-95.77409496970915,-98.09173147112692,-97.84674188690715,-95.55463637770681,-97.2504709598328,-94.88236264373398,-95.64477229827428,-96.39113154266698,-95.59036765659023,-95.91085595814268,-96.11952850416009,-95.25224408608125,-97.36368190427991,-97.25567814364078,-97.47329234627715,-95.32571767572004,-96.1591140090453,-96.27837789226541,-96.55590080545076,-96.44192410355372,-96.03928390216505,-97.29143479231624,-95.2683578000727,-96.66619584801319,-97.11518664640899,54,-96.57560382687046,-96.27837789226541,-102.79116680699202,2.0468851429630166,-2.8825552750807173,11.647989183908757
HDOK,PLOK,17472,8,8,-96,9,10,2,29,-105.08431993228203,-96.95014743016571,-94.97492170328326,-94.38834578721779,-97.76552642168815,-96.77111133088425,-96.76094839044826,-96.82150125486918,-97.39768383856025,-95.83746926238356,-96.48655657649196,-94.51366738418854,-95.94931986750987,-94.42666715383427,-95.9369001638176,-95.50757103128988,-93.1925311846714,-95.90436811715861,-97.03921970516123,-95.95650033895593,-96.77769165460728,-97.06431472985331,-97.20442411333352,-96.69322061186978,-96.73335558527894,-94.8228572782915,-98.1019312184804,-95.21170512370033,-96.92551593281877,54,-96.45518252148605,-96.69322061186978,-105.08431993228203,3.9187735315062997,-2.7254315983580777,12.057746633105914
HDOK,PLOK,17472,8,8,-96,9,10,2,29,-103.29258494613904,-94.87654255819896,-94.51589230972688,-93.13472642863377,-98.33622232703011,-95.8538909437318,-97.64516589713816,-97.54097530588938,-97.55801561426712,-97.7373628611739,-93.86654836879367,-96.55811168961861,-95.76767330971965,-95.2830423392568,-94.37001994781983,-95.9921162712968,-94.73220366624247,-95.64623093112597,-95.99075744272979,-96.1904242235237,-97.35055867363485,-94.93726741332539,-96.28910711350285,-96.02621640554274,-95.96238033703992,-97.44877255654048,-94.92687336189887,-97.15721210029245,-96.01385022245803,54,-96.24140501952728,-95.9921162712968,-103.29258494613904,3.333047838997969,-1.8385799805033958,6.573953333429541
HDOK,PLOK,17472,8,8,-96,9,10,2,29,-102.01332267883076,-93.7117613628502,-96.17132773008016,-93.8356773814662,-95.28732991259137,-97.4198702726796,-98.25696257735042,-95.13115144025633,-96.45471159343425,-94.99119796425119,-96.05370043068096,-95.00770481667706,-96.45617050790493,-95.90821707696706,-96.10428311028751,-96.13472257217282,-96.88353179567281,-97.32125026157074,-95.6568154356106,-96.7223786846517,-96.89027306993187,-94.9788393837011,-97.28942441801799,-95.59395623950871,-95.75681402820564,-95.8355081197097,-95.81545953568894,-97.54449985525494,-97.7301216511703,54,-96.30886151404053,-96.10428311028751,-102.01332267883076,2.2931490502029663,-1.6587148081116365,5.9013200722900585
HDOK,PLOK,17472,8,8,-96,9,10,2,29,-102.73283484103314,-94.86082994279316,-93.92466346846842,-95.49374691774511,-97.30400190107457,-95.87461536002334,-96.44237663267182,-97.20630210392791,-96.64647847993164,-95.7582901441723,-95.4276658594013,-96.68264699425043,-97.33798053492264,-96.01619044087109,-96.42794057850314,-96.0795812724821,-95.69985516456197,-96.10572369569071,-95.19056913750529,-96.88948207134989,-94.45456109162336,-93.32828722129317,-97.37211191484036,-95.64949241238098,-96.74645329267085,-97.47968941398153,-96.26485969248405,-95.99746386339758,-98.2843791813251,54,-96.3337611594958,-96.10572369569071,-102.73283484103314,2.610112458767922,-1.9006610134430089,7.749089325039986
HDOK,PLOK,17472,8,8,-96,9,10,2,29,-102.83235430997955,-95.66191994233132,-95.07220793092837,-95.60834306196615,-98.02253072323775,-99.03099665610361,-98.24424735140558,-95.91798463581527,-95.43128205748006,-94.70959482922386,-94.68745268219102,-95.40850696213047,-94.86110698501832,-96.5276277375268,-96.5719639670691,-96.84148838084116,-96.08808847173516,-96.51847217612008,-96.36827091308027,-96.17261231341787,-98.7595864599818,-97.0005790125207,-94.96792656537116,-94.69333976395176,-97.59433464365794,-99.64723049883932,-96.50011602690081,-93.7641392860704,-96.63959098988657,54,-96.55668604602697,-96.36827091308027,-102.83235430997955,3.3499595261308714,-1.5048329084420244,3.409416116253577
HDOK,PLOK,17472,8,8,-96,9,10,2,29,-104.20878421480107,-95.39145079128483,-93.80099510628926,-95.26403114420987,-96.76964712564681,-97.21971686834836,-96.61420370371333,-95.91204704424044,-95.9387081681081,-95.62579176245417,-93.43546144407384,-94.94966274795084,-95.16779256784548,-97.83404247902622,-96.60309886850936,-97.19631343131316,-97.32905956402043,-95.70111796719122,-97.17945472741081,-96.33689349342916,-97.23657902579309,-95.19419384038727,-95.74075282520121,-98.33627063400758,-95.6049140037387,-96.61391171731435,-96.19030939228796,-97.01387175930427,-97.75498178310735,54,-96.48841580003476,-96.33689349342916,-104.20878421480107,3.382590606307228,-2.4068808051607378,10.093604367831723
HDOK,PLOK,17472,8,8,-96,9,10,2,29,-103.20187672525442,-95.14929670530358,-95.48319156516409,-94.47432666179998,-97.47831829462207,-98.26064436200899,-97.59980454621974,-96.84052823761151,-97.39453163138127,-97.90525917310973,-97.1331278244361,-95.01715884881233,-95.91272068476972,-95.55995757736355,-96.32424736194845,-97.0807788834603,-96.00247932522592,-97.14122430047466,-96.25495284780934,-95.1593503868481,-96.24198944984063,-96.5038462611267,-96.12948417135755,-95.77381737540287,-95.5987191518496,-97.26095700485791,-95.79721789381884,-96.15211902696498,-94.88772150302268,54,-96.54205682006433,-96.24198944984063,-103.20187672525442,2.483876303552558,-2.6020684968406815,10.1929548750877
HDOK,PLOK,17472,8,8,-96,9,10,2,29,-102.02660624960838,-93.53148687448635,-93.9059036961411,-95.0954086595655,-97.88335359173978,-96.35274346188426,-96.39850005321412,-94.53829855788221,-95.70993775675628,-97.70335076914819,-95.59874717650578,-95.96186733978575,-96.15449408274648,-96.55340317251542,-94.64230369128552,-94.6007638162708,-95.59184132662992,-95.18933496548584,-95.95301550108255,-95.37365805228049,-96.94177319306642,-95.44134924349869,-95.02927212707908,-95.84649719116706,-95.76711571647651,-95.47547606459582,-95.46156366257593,-96.36030745098934,-95.6909416668526,54,-95.8889419003902,-95.6909416668526,-102.02660624960838,2.232183624545949,-2.3742908525620843,9.100685908988693
HDOK,PLOK,17472,8,8,-96,9,10,2,29,-102.77156238518381,-97.00361844292233,-95.88407044399719,-94.30824812539444,-97.1804258821465,-96.80867605566581,-96.29020463815273,-95.77988932872324,-96.08874255254459,-94.72396932640231,-93.59661529348038,-97.22880665618993,-97.08205070807655,-95.22395790123419,-96.86973692259302,-96.8019195841317,-97.65185779154449,-96.68745295575775,-96.30269520841792,-96.53526773445162,-95.71962338765574,-95.05472776239505,-97.70896919136199,-97.2182747920984,-96.30609555830468,-95.4114806303522,-94.26316032018853,-96.83651377785966,-96.17232411693719,54,-96.39692887841944,-96.30609555830468,-102.77156238518381,2.5029350729876456,-1.9723165305205685,8.334732480412427
HDOK,PLOK,17472,8,8,-96,9,10,2,29,-101.96431034126573,-95.73536716028691,-96.47158351986947,-94.2502527451799,-94.82823679539271,-96.30827047726069,-95.11803915018005,-96.35721748370602,-95.91151788909725,-95.41993146500815,-96.72421484657053,-94.23179469733249,-96.73835030802941,-95.60521620655048,-95.69241623277935,-95.83098450581197,-96.48347300779791,-98.18215145588964,-97.1490679810309,-96.12624478257479,-98.1070777265174,-97.30777765099737,-96.01095913247352,-97.02354582580477,-96.91145041902519,-96.90634423927979,-93.63614394773616,-97.12837822266309,-96.86724434747735,54,-96.3802607780548,-96.35721748370602,-101.96431034126573,2.231784758686758,-1.520304119488392,5.780583694653595
HDOK,PLOK,17472,8,8,-96,9,10,2,29,-104.10061774206669,-96.75559237847959,-94.20684217283494,-95.23773287930345,-95.78903339125503,-97.95671243170167,-94.40682757949891,-94.70394145611263,-97.48214581601836,-95.33539210371772,-97.37607831907782,-95.92587798255427,-97.12822379386996,-94.05283726136754,-94.7076061441283,-95.51934239263684,-97.60981409444199,-95.78133877544505,-96.01337016565739,-96.85325597445112,-95.64278463137182,-97.80081529427781,-95.98976061148753,-97.40068289379042,-95.49706058446837,-94.36556101091274,-96.20036324632123,-97.57484456797513,-95.4907425484858,54,-96.30707580150722,-95.92587798255427,-104.10061774206669,3.491423025010175,-2.470669952764457,9.518273648241532
HDOK,PLOK,17472,8,8,-96,9,10,2,29,-103.81172420012439,-93.21398278769522,-94.86114605081436,-95.06063362864832,-98.59097272681127,-96.99834199283968,-98.20515251455134,-95.57612850802758,-95.23270319150053,-97.1169728960654,-95.94798625870425,-97.02215155520216,-93.38583807715624,-95.53682726487266,-97.64830401945547,-95.91229829733597,-96.29336323088101,-96.48116454202103,-95.75356926287652,-96.4174687269143,-97.79267952289807,-95.14307718897318,-96.49262753806191,-95.00708873206386,-97.41650858957416,-95.24117115354784,-95.32425207312052,-97.84567601250899,-96.27597122293331,54,-96.40019937124755,-96.27597122293331,-103.81172420012439,3.5855008325982087,-1.9109497374185243,7.145464187437312
HDOK,PLOK,17472,8,8,-96,9,10,2,29,-105.32012277428187,-94.82083942380551,-94.75316435495064,-93.55092410672123,-95.85871814647771,-96.40844245475775,-96.64343927922748,-95.11386386063775,-96.3144056074244,-95.6740241970527,-95.54492146072407,-96.5001593712049,-95.74298297507997,-95.77308258722668,-96.83230002363133,-96.22441231691566,-97.35505511568185,-96.78973422434613,-96.37294268593193,-97.23604631929577,-95.03524718314506,-95.62138177475487,-97.39666168944328,-96.25809628695048,-94.51962164822855,-96.23530548063093,-94.91315123716349,-96.18859606363334,-96.7308798143756,54,-96.26650077461039,-96.22441231691566,-105.32012277428187,3.719761096137509,-3.5881778347278876,16.940550053520845
HDOK,PLOK,17472,8,8,-96,9,10,2,29,-103.01230014918923,-95.86067814784076,-96.6263446795581,-94.6684392662456,-96.74480090903431,-96.57841496065232,-97.25034838684438,-96.65379057103948,-94.86670085479571,-94.49580527187221,-96.42210299004661,-96.45685606620786,-97.64576515353107,-95.87870020123599,-94.25862357967904,-95.01684989958305,-96.24412812605544,-96.47417645507043,-97.17299136105896,-96.48879555526023,-96.20911527283799,-97.68842240881213,-96.27804618127506,-97.29338507740442,-95.37758450957512,-96.34929736838308,-95.33158997647764,-97.05636206074483,-97.43857443597577,54,-96.47720654745814,-96.45685606620786,-103.01230014918923,2.378440302372696,-2.4773221484732932,10.471790838886802
HDOK,PLOK,17472,8,8,-96,9,10,2,29,-103.43119635291849,-94.09103571723597,-96.08359778011038,-94.96243346521105,-96.66371114177677,-97.75103897587277,-95.78108185252876,-97.02685549429198,-94.24179664808256,-95.9139203337427,-94.64098390457718,-95.32060169922515,-94.87909807924251,-93.56711155302395,-95.39841896777413,-95.05768181449994,-95.05027157999167,-94.04545473744233,-95.72653116913185,-97.41591416733218,-94.63842110352577,-96.41275980527668,-97.3057307813182,-96.80708203505604,-95.93351117318632,-97.04858231347322,-98.14818314379188,-96.8144082074028,-94.87286401975517,54,-96.03552682816547,-95.78108185252876,-103.43119635291849,3.3513769607155024,-2.245253594798442,8.117479664008943
HDOK,PLOK,17472,8,8,-96,9,10,2,29,-101.48297358716968,-94.13260892010881,-95.02867810742887,-95.83652145292969,-98.9611364584965,-98.3324776558285,-96.63106742000475,-96.06243238507844,-96.16455914956656,-96.26231348645808,-95.61044287295135,-95.99061514884416,-93.73282342467859,-95.85115226507436,-94.71565274706926,-96.02765850205215,-95.42237197267264,-95.888256620043,-97.0539003777718,-95.76764943361535,-94.5540336373267,-96.32494323761357,-96.77485802819984,-97.30978812766075,-96.07963153627553,-96.23269439265871,-96.73319619274683,-96.3838497557433,-97.93199214425417,54,-96.32000962208006,-96.07963153627553,-101.48297358716968,2.1973436133195876,-1.4383167580531881,4.098759680630282
HDOK,PLOK,17472,8,8,-96,9,10,2,29,-102.21554870003678,-94.40705705442207,-95.08984845675687,-93.54886723498586,-98.49107636974776,-95.5374358055159,-96.0711403285491,-95.81186591707637,-94.41386220736959,-94.27661973968586,-94.52012478957691,-95.42854236255599,-95.5290861406924,-94.10720200441702,-94.84672176840012,-95.09455721179634,-96.30820781465556,-97.01377980041698,-96.78868861012178,-97.78771910851827,-95.48865969697003,-96.98683503424837,-94.74862650822843,-97.28583970446508,-94.7556423103368,-95.87209875703911,-96.70911374106538,-96.167515603017,-98.09870044123215,54,-95.97934424903106,-95.5374358055159,-102.21554870003678,2.9071314842670595,-1.7285260951223191,4.797092613863992
HDOK,PLOK,17472,8,8,-96,9,10,2,29,-103.87448472338106,-95.59965725791686,-94.31796506595177,-94.68136659538487,-99.00062957603721,-98.63175264178882,-97.3938719344631,-97.56967228129257,-97.35909889218527,-97.7245868957131,-94.9316369389924,-95.19598505910761,-95.216382617885,-94.77155326302156,-96.50650735629712,-95.49976344053022,-94.4075496035789,-94.4106488431576,-96.30389934185251,-95.7034660038318,-94.56807086085693,-96.66477622108633,-96.71570389879821,-96.46126758447984,-96.89542436895084,-95.74074720449552,-96.14591093673309,-95.95403556698278,-97.46166712582348,54,-96.40372696898538,-96.14591093673309,-103.87448472338106,3.554246740697468,-2.19094799312429,7.367270300249288
HDOK,PLOK,17472,9,9,-95,9,10,2,29,-101.13771804699475,-96.19303631817299,-93.35991091799195,-94.84803792797469,-96.8851833428353,-96.47674369792664,-97.34001074543389,-95.0290738085495,-94.44083592673572,-94.85532411302333,-96.66647666397846,-94.86040019246396,-95.84963157811704,-94.88116156759645,-95.44130029241953,-95.51950867940276,-93.91575057814255,-95.28707857042197,-94.53651990347659,-93.64458893628343,-95.3468011040124,-94.68759710710219,-97.80443737843942,-92.98420217044729,-95.29307446503906,-96.84016808338163,-96.02828440745672,-95.11165848014092,-95.84952147294894,54,-95.55565643023827,-95.29307446503906,-101.13771804699475,2.3833052900035487,-1.5264415309920092,4.689017792275184
HDOK,PLOK,17472,9,9,-95,9,10,2,29,-100.48356908663582,-93.39132840893463,-95.33664491369608,-93.7826470485746,-97.03561095780913,-97.74964198720208,-96.89452808082767,-95.36221796806404,-97.37372180914191,-93.82720195978172,-99.60797928171985,-93.03485444407536,-94.03292891121745,-92.1600657599515,-94.67672274534847,-95.74362959494972,-94.38122635446531,-97.51949125624996,-98.20033750049149,-95.58510845619692,-95.71618630727389,-96.0564517066636,-95.16443096932373,-95.61577139387975,-96.09635453102658,-96.15921388737709,-94.21389231033078,-94.76758351259457,-95.27785765886891,54,-95.69817926905766,-95.58510845619692,-100.48356908663582,3.446544060065284,-0.6103810079823411,0.5323532555780801
HDOK,PLOK,17472,9,9,-95,9,10,2,29,-101.28505080441035,-95.56297442876954,-95.95814962466898,-94.0442852642291,-96.95651525970897,-95.37630702505447,-94.76559959831151,-97.08732870827912,-95.18752471419104,-95.99254680187444,-95.07533886954124,-94.7298403668634,-94.35931454995797,-93.76655298577884,-94.31887556109947,-95.83618461152874,-96.80968996192189,-95.18009401715229,-94.88380190686432,-94.69488878235444,-95.6357251662462,-95.23678795442157,-95.08295555285784,-97.58513688715219,-95.51077771264825,-95.50546960154149,-94.58576302625426,-95.32470945896688,-95.24781375884693,54,-95.57193113660331,-95.24781375884693,-101.28505080441035,1.9364995896918493,-2.513031650526345,8.936687976139655
HDOK,PLOK,17472,9,9,-95,9,10,2,29,-99.73728223569341,-93.82332147079615,-96.55464117715948,-94.33214960946097,-95.90396934563475,-96.10664533521829,-95.06348096613321,-95.37796535040087,-96.30126482604079,-95.56430537746189,-93.59766091786727,-95.07079867687033,-95.87819933698565,-95.48509110394427,-93.84783743983601,-94.39631410957057,-95.94483026411127,-97.20562773812811,-96.30983326831482,-95.25265543246572,-97.85561848425539,-97.130108988489,-95.11670027244395,-93.86276430406032,-95.14641941385938,-95.98793865281483,-95.40502562470925,-97.43111251132267,-96.84093127384033,54,-95.7424308106169,-95.56430537746189,-99.73728223569341,1.7783311750156814,-0.7548301806208281,1.3633631314499497
HDOK,PLOK,17472,9,9,-95,9,10,2,29,-99.99060220267509,-93.77673148878809,-94.69064019164549,-95.82534831298713,-96.91204248762324,-97.35394090591544,-95.9114671009531,-97.26261614808905,-95.50670742289591,-97.14759156132192,-94.91538328399257,-96.66808434570663,-95.06241201572207,-94.48272586732121,-94.3980256516058,-95.5133825326984,-93.12247541552125,-95.47443595885272,-94.30957375955907,-94.90889248473408,-97.87650476947245,-95.64426390449867,-95.36483234455845,-95.82964781116021,-96.28415274141798,-96.53567619017127,-95.88474282499247,-94.23439412278388,-96.06744518141987,54,-95.7570599665201,-95.64426390449867,-99.99060220267509,1.8801077797219388,-0.8252578012420131,1.8050884024060845
HDOK,PLOK,17472,9,9,-95,9,10,2,29,-100.92177184802266,-94.94792989997013,-96.89945664997616,-94.44305110676635,-97.34455945059528,-95.71892353166545,-95.57694415806917,-95.24817678114901,-94.51373039772633,-95.833488475011,-96.36132294289808,-93.38387848538828,-94.69103353259165,-93.26281087632194,-94.82739605250406,-95.21324346108374,-93.77169438545823,-96.10346314281335,-95.40943317943191,-94.52761157549435,-94.84649158751277,-94.26724297383225,-96.7417657556721,-93.7486494859357,-96.96279037554184,-95.48238871611724,-95.18308187136225,-96.62246560659408,-95.28301672256372,54,-95.45302803545069,-95.24817678114901,-100.92177184802266,2.1771718434803065,-1.6670662686784856,5.226669965336464
HDOK,PLOK,17472,9,9,-95,9,10,2,29,-100.53724196967096,-94.92689998024092,-95.630245095984,-92.9497526186668,-94.94437911367817,-96.31072227938208,-95.67688777319067,-96.21562739234325,-96.46170267324935,-94.65758326063344,-96.72384198322462,-95.90194026456413,-96.16509800574843,-95.92441349876927,-95.86698956238145,-95.35985648873879,-95.92682109730498,-97.30586272907001,-95.43589366110189,-95.30405193508895,-96.93329700130602,-95.6804964817496,-93.99505794310701,-94.9681107574423,-95.79029181989331,-95.21389602011514,-95.25596065767475,-96.8350730965088,-95.46451680836448,54,-95.80560386100669,-95.6804964817496,-100.53724196967096,1.5594654770794043,-1.4914302536556976,6.677519676727961
HDOK,PLOK,17472,9,9,-95,9,10,2,29,-101.78412108983318,-96.67939222482349,-95.3283111280785,-95.79597032265737,-98.08194015868533,-96.38416570088812,-95.83965925579935,-95.71229136137913,-95.31733403031329,-95.31085996787523,-95.25203073248362,-95.5929390435291,-93.86367988357085,-96.20370571935236,-95.58122937141665,-95.62384315338335,-93.10364838301209,-95.16995904436332,-96.15213273197172,-94.83663745663472,-93.87362527140785,-96.16419960225133,-93.65196420241999,-95.40982196159295,-94.13976144128682,-95.08530110456714,-96.80337069834383,-96.27543074419243,-95.69142071925614,54,-95.67961194846102,-95.5929390435291,-101.78412108983318,2.365190602127057,-2.026577457406643,7.816549253999558
HDOK,PLOK,17472,9,9,-95,9,10,2,29,-101.96022483247513,-95.87617801666894,-95.55100733492228,-95.44853743672152,-96.8830153930847,-98.04608769358313,-94.67299872902538,-95.57896765517646,-96.9259191853142,-93.56428924025293,-97.1135590761089,-95.28928927027061,-95.9885327212246,-95.58475494558928,-95.68942791832728,-95.24162354853735,-96.34255511894933,-96.37105625166886,-97.14851059871349,-94.4797828327485,-94.81168303318891,-96.79475347065154,-95.23579562332837,-94.86102333295253,-96.04061917623653,-95.6357728448546,-96.33713515926914,-95.03372971376412,-93.40420506181576,54,-95.92796673156637,-95.6357728448546,-101.96022483247513,2.341672128903885,-1.9948530448783812,7.438440901979119
HDOK,PLOK,17472,9,9,-95,9,10,2,29,-100.54409341767193,-94.99779919595584,-95.1035131279714,-92.95045085491307,-96.12484128516962,-96.0126716581042,-95.88316463980777,-94.70841828587118,-92.9729906742637,-95.39621082288001,-96.70709157142346,-95.49068714082385,-95.27453529044655,-94.78039401207295,-95.28784240247874,-96.17027803808614,-95.9137205850507,-96.0033300561553,-95.06157719945038,-95.8043044114225,-94.87938400420371,-95.68503070268868,-95.24487187184215,-96.11722208435037,-95.24591415077983,-94.33037630269567,-95.51707799658604,-95.90517229869978,-97.19559820818021,54,-95.56236421689812,-95.49068714082385,-100.54409341767193,1.676892857951892,-1.5316346855929703,7.219858987846086
HDOK,PLOK,17472,9,9,-95,9,10,2,29,-99.65042266010448,-95.62775206721878,-94.88878219843755,-93.83869661009923,-96.70528529036676,-94.47054879025467,-94.96825345650464,-94.64680071492226,-94.32147724303258,-97.42815557167484,-95.08901985255248,-93.80794452619271,-94.54622532675931,-95.35112922607729,-95.27103415969201,-92.83899159643663,-93.82619484307398,-95.97022502974013,-96.6092079800926,-96.24184966369052,-94.4175454920795,-95.05870143690305,-96.69657641398193,-96.76444920210388,-95.23900407677063,-95.32541459607965,-96.85603172779774,-93.80617085642561,-96.1613000963279,54,-95.39390312777218,-95.23900407677063,-99.65042266010448,1.8696820865151413,-0.8857930493927749,1.767148907029965
HDOK,PLOK,17472,9,9,-95,9,10,2,29,-101.84523869618164,-95.44428134838921,-94.40751825424917,-96.03567482047576,-95.8485662885961,-95.809830015103,-97.02012838085109,-94.14159330645003,-96.23394751992848,-95.17000036057463,-95.84127364391627,-95.92762682428592,-96.41000280064947,-94.48161293108217,-94.70481002110374,-95.46736335037029,-96.75107817596408,-95.4803469599586,-94.98487164663098,-95.95481592574392,-94.84148071534119,-94.64051395382056,-96.08395616120781,-94.3127566484481,-95.10266613053751,-97.0174253721047,-94.80319386744833,-95.77194862493307,-95.69372076576992,54,-95.73200839690055,-95.69372076576992,-101.84523869618164,1.9317888281585482,-2.9596920035840277,12.3939252474185
HDOK,PLOK,17472,9,9,-95,9,10,2,29,-100.59007608958734,-94.4765148611661,-95.5763051368931,-95.58683741384854,-97.01725051559357,-95.99605408007228,-97.32273633408535,-94.67484378100029,-95.06730310505726,-96.16776614282259,-96.35885222886155,-95.45849305193948,-93.62949370387682,-95.41918898515509,-95.99377470581584,-92.74692882410584,-94.99320508200373,-95.1374220058859,-94.78497080739288,-95.43034198256936,-95.40801727335224,-93.22918809027948,-96.48343167511099,-93.93157782261136,-94.3377039936495,-94.7665632741104,-95.35011533927604,-96.24576438837322,-96.43620951940683,54,-95.4695493177208,-95.41918898515509,-100.59007608958734,2.0357173000840776,-1.290240002128548,4.70526099792488
HDOK,PLOK,17472,9,9,-95,9,10,2,29,-101.06410606231373,-92.94094321413712,-94.21012835751063,-95.4178656038208,-96.51779372886823,-95.18704912005126,-96.8657106274963,-95.97635926657601,-95.36427412143296,-95.51409994047431,-95.26608953311596,-97.10296321417049,-95.52686059725055,-95.70867374199536,-94.37661176076601,-94.61555574401784,-94.53642413789694,-95.37694403904752,-94.46508945313,-95.3485642805021,-95.37606122246945,-93.7278069100233,-94.68924477548046,-95.65497422027836,-95.54201953082182,-94.57146947193554,-96.71726197210229,-96.10207519617498,-94.28325244763741,54,-95.44987145832752,-95.37606122246945,-101.06410606231373,1.9698808462320712,-2.0922240720811818,7.986003982634692
HDOK,PLOK,17472,9,9,-95,9,10,2,29,-99.15159217843721,-94.11940838348134,-94.79195365916232,-93.11181192675593,-97.63322784083755,-95.9523074309189,-94.60546819588569,-95.72158622349812,-95.6153786640901,-96.31058096023877,-96.29625025738032,-94.20161051610815,-94.43120304166757,-94.94884952533792,-95.03722478925683,-95.04323612719729,-95.10103601465566,-95.00845090815608,-95.07189937459289,-97.47235325997056,-96.01777509335437,-96.02209098126797,-95.48275439564115,-97.94910814803492,-95.66479126876712,-93.8605183028723,-93.54195711204366,-96.05886940987112,-94.43004603474502,54,-95.47080482842162,-95.10103601465566,-99.15159217843721,1.7552854306416468,-0.8189087928117272,0.9528000383318305
HDOK,PLOK,17472,9,9,-95,9,10,2,29,-101.16197491109504,-96.11365616502552,-95.35557444355405,-95.02708754738984,-97.27441218935033,-97.06424725034611,-96.00622684734488,-96.27158776741626,-95.65173259544575,-94.5702345229151,-94.79766673293011,-93.52443204912389,-94.11218293184685,-95.60400021028521,-95.46424590434233,-96.28816799930415,-96.27401223161867,-97.36665592232653,-94.75900953439215,-94.74840919495003,-96.53232161300983,-94.60099018502434,-95.92434821795112,-95.50739289293011,-95.6488506882051,-93.18070347583581,-94.5430458188965,-95.79477777115396,-95.66572667281574,54,-95.68391980299397,-95.6488506882051,-101.16197491109504,2.057619293515837,-1.7356057943315693,6.332635276354619
HDOK,PLOK,17472,9,9,-95,9,10,2,29,-101.30995130290549,-93.76357229913661,-96.30247936566609,-94.89965505104337,-97.04605164218405,-97.65869678260042,-96.54835967427641,-95.24102254520663,-96.46748924962715,-92.58928268807341,-94.56623015020871,-96.13687372523326,-94.8775029322928,-94.17933042726821,-92.60150629370413,-93.92074207720174,-95.2319277441913,-96.36412089950849,-95.48513073336562,-94.35426113907643,-94.67003698748066,-95.57230924812141,-97.04053334667641,-94.46065449981045,-95.01813378953321,-92.65306921341731,-96.85287027862923,-94.08046967052411,-95.8297939171907,54,-95.36972612669497,-95.2319277441913,-101.30995130290549,3.0269827963669815,-1.1253400952701034,3.359057835445125
HDOK,PLOK,17472,9,9,-95,9,10,2,29,-98.82713948782674,-94.2784538544966,-95.41646588542478,-93.93218772983006,-96.40967493011463,-97.84801294498007,-96.9447064857674,-96.12492264693707,-95.23993152980351,-96.28673221104987,-94.07818876235804,-95.2831866166279,-95.16250151235613,-95.11513925889298,-94.587320067582,-93.97772482699885,-95.0743087711892,-95.22200330580772,-96.44830964369339,-95.12394439480015,-94.48724186021734,-96.77797016437671,-95.02306064168475,-95.90026288615476,-96.5216420389302,-96.64433762493174,-94.57576059127058,-95.16677019495823,-95.707382422518,54,-95.59259597557171,-95.23993152980351,-98.82713948782674,1.2921223042237109,-0.8506877544398396,0.8642503833695216
HDOK,PLOK,17472,9,9,-95,9,10,2,29,-99.96880883511152,-93.44721116306539,-95.68885761532758,-93.88302915924557,-97.75704168002466,-96.78318110514813,-96.02594160171734,-96.86963092443155,-96.76263321726272,-95.8912702832332,-97.09777908578154,-94.18409668827269,-93.71171925648748,-94.16727462732473,-94.05325854606268,-94.29072274883538,-96.94755018618322,-95.71302064742069,-97.87180747461667,-93.2801676514993,-94.27589589227784,-95.9482642459914,-94.64315128062346,-96.48216966438281,-95.87951738011141,-94.44358469935781,-95.771523891462,-95.91662223936193,-95.89944952143335,54,-95.64328211420877,-95.87951738011141,-99.96880883511152,2.325957574561009,-0.591558917450933,0.5520378729539592
HDOK,PLOK,17472,9,9,-95,9,10,2,29,-104.08713917331058,-95.61887743453978,-96.106403576581,-93.43319365912845,-96.6561574707174,-96.82485045107916,-95.06551009180103,-95.84725949026351,-96.3374961393802,-95.89921726469707,-95.0236170601845,-96.36676576234134,-93.89194388189993,-94.57282432104162,-94.69614596139807,-95.16492483237911,-93.79378451181346,-96.2368833557194,-94.01582095072249,-96.32509496272945,-95.97776114546451,-93.7700327921912,-96.969916309823,-95.70245514970576,-94.17463872117345,-94.61139071157517,-95.4524965384766,-95.36484170946471,-95.611122989667,54,-95.6413298765265,-95.611122989667,-104.08713917331058,3.5033452243116754,-3.1566517045032287,14.021847025878936
HDOK,PLOK,17472,10,10,-95,9,10,2,29,-103.57193564781706,-95.63910608656664,-95.66349802155563,-92.21774046582048,-95.96033622184757,-95.73027627371741,-95.4618500356787,-96.56482111527352,-95.17136009325222,-95.47055228613794,-94.14118906985178,-95.96787495251645,-95.02034362890534,-95.36676662349868,-95.11460922207404,-96.75995259505257,-95.63548481040968,-95.87830558600734,-95.53676535741438,-95.87646337554958,-94.72242014893233,-93.75753932614947,-94.82020744526244,-95.70309372831481,-97.27293998602669,-95.66663196718265,-94.31982718545521,-95.1363981847682,-95.66746624812723,54,-95.64881916169539,-95.63548481040968,-103.57193564781706,3.1056638239928764,-2.985041314467589,14.23728528600556
HDOK,PLOK,17472,10,10,-95,9,10,2,29,-101.92200571641098,-94.72614294337511,-95.29315582870613,-92.75206353694807,-97.79233127055376,-97.11315388948444,-96.89311661642851,-96.23844341403276,-96.09393272500408,-94.0324336596781,-94.86060107602111,-96.26416176578795,-95.91318721001554,-94.2873793702754,-94.08735169011231,-95.84601556077824,-94.66488730372733,-95.10710017792292,-96.78994758451957,-95.1305074516815,-93.9470012739997,-95.78597292297688,-96.69229665212133,-94.43430461363658,-95.01930736312681,-95.64060915441038,-95.58002628521402,-96.6547620118355,-96.26104580211414,54,-95.71804292658271,-95.64060915441038,-101.92200571641098,2.604418350723681,-1.7846413741565734,6.512832458384038
HDOK,PLOK,17472,10,10,-95,9,10,2,29,-102.7590805226958,-96.5582534375054,-95.80470955127576,-95.53686542169477,-96.44189531455056,-96.36612761642522,-95.90660604884117,-95.14189697926153,-97.37483531349257,-94.89686568385848,-94.2488936446112,-94.04717741438928,-93.662413874528,-96.239118963928,-95.15736137484976,-94.37055587301528,-94.79896699413823,-95.36815428130028,-94.5968243800005,-96.06187576567575,-94.24692304370173,-96.54155345357984,-94.7331585845196,-95.56690491634754,-95.36228107305946,-94.8300955865512,-94.60003700338805,-97.0155244067779,-96.86035162700429,54,-95.69294166037815,-95.36815428130028,-102.7590805226958,2.6877022245933455,-2.781272870239045,11.21090949849392
HDOK,PLOK,17472,10,10,-95,9,10,2,29,-102.27441399806006,-94.27301787617422,-95.62583342945587,-94.2810069406251,-94.93362812221652,-95.9172950825454,-93.29205547431818,-96.68597330003712,-96.22200055455632,-95.91983750812291,-94.652871329475,-94.88829874205348,-94.53697480141192,-95.3528787794446,-93.31702315442202,-94.34897962607818,-96.9317505872851,-96.08854185614092,-95.43477974260963,-98.5554471557721,-96.07307914703645,-94.3410981803135,-95.57369651306871,-96.74377039888269,-95.71626419875088,-95.49220838871715,-95.31980242369218,-94.62790399683614,-95.2834090956537,54,-95.61047725530192,-95.43477974260963,-102.27441399806006,2.7585534150359794,-2.302106185454316,8.173002161541682
HDOK,PLOK,17472,10,10,-95,9,10,2,29,-103.20901010932762,-95.8340569140197,-93.75576412149239,-95.42429673180702,-96.78398057003548,-97.97545694990333,-97.18383473617094,-94.82235866280519,-95.08540112122623,-96.78174401757565,-93.70906100862186,-94.82262477525751,-95.38981658333222,-95.4615444940849,-95.82984504297218,-94.97546603550732,-93.80846712043186,-96.09629205336861,-96.46302147333499,-96.55180112846806,-94.91788625920981,-94.93488836908236,-95.60760006791818,-94.52582254819875,-93.65175932369728,-95.4257669747172,-96.72176268517556,-98.01961815137172,-95.53295648767194,54,-95.83799670747537,-95.4615444940849,-103.20901010932762,3.253732164488331,-2.364475775364816,8.684920547013979
HDOK,PLOK,17472,10,10,-95,9,10,2,29,-103.03090642192062,-94.4614541272543,-93.80048610182769,-94.09452765053923,-97.32191108219575,-97.71391116601653,-96.129038745636,-95.53006696428137,-95.99247500651916,-96.18313885888561,-95.81295533720683,-93.58430575028548,-96.31812846646748,-97.4639212208251,-94.88217256562027,-97.48862303710264,-95.03413308316924,-96.23671765595198,-96.15599340956157,-93.09634877753524,-94.9293123920444,-96.198170325171,-96.31952499825982,-96.97098086707342,-95.6088346389332,-95.02418238533971,-95.74453780865541,-96.68755430243361,-96.37914526783318,54,-96.00667097981194,-96.129038745636,-103.03090642192062,3.1126391962535758,-1.9649967709683012,7.765686763276374
HDOK,PLOK,17472,10,10,-95,9,10,2,29,-103.03943858258008,-94.19482868711017,-94.02989641971342,-91.8058214376367,-97.19206140666392,-98.46865613675409,-95.48799657197327,-97.07014972135075,-95.79017887845356,-96.47811917555485,-96.55242308615976,-94.84721827220721,-95.8862287461049,-95.05517448724481,-94.98498215250805,-94.30597625986162,-95.0990684055714,-95.5010614161839,-95.02656736408478,-95.98491425976815,-93.56074007405255,-95.10481101238062,-96.58161321453919,-95.7096753534081,-94.61242091915334,-95.15268764801509,-95.52115887904554,-96.82702298170109,-97.90504299902146,54,-95.78537705340702,-95.5010614161839,-103.03943858258008,3.619034521929498,-1.725618039840694,6.573591008841344
HDOK,PLOK,17472,10,10,-95,9,10,2,29,-103.38724669295367,-93.69320764236592,-94.60464003575109,-93.63491408945521,-96.93828512014097,-97.10549713258963,-95.077066243902,-95.59866186508698,-96.98187844431948,-96.2785855303564,-96.46851979939888,-95.63941594462935,-94.53968974241917,-95.7534019384289,-95.2976569269417,-96.16019491874927,-95.16558797676225,-95.99516105130849,-97.40464479706287,-94.41721375377836,-95.998616549712,-95.21744513614784,-96.50469189043038,-96.86695110248502,-96.47809705562686,-95.72152112827473,-97.44839300763184,-95.32140408526354,-95.30215876598922,54,-96.03450856441248,-95.7534019384289,-103.38724669295367,2.9228402537222724,-2.665669177637181,11.214914301842736
HDOK,PLOK,17472,10,10,-95,9,10,2,29,-102.45586270947153,-94.79591838238068,-95.68436160352249,-94.09290745913344,-96.88572316350012,-97.99662966697682,-95.74771329386496,-97.73945484265602,-96.58831961842722,-96.44057526573228,-96.12047803533542,-94.70771934363411,-94.5794483983298,-95.80782330672406,-96.05025317405831,-95.78133740545594,-93.33831428678373,-96.67063286117451,-94.62719949422637,-95.1022175177208,-96.27808089143709,-96.37621319861591,-95.94125415622223,-94.65158254756375,-95.93395804558614,-95.56243928897673,-95.98385313148654,-94.76452524768945,-95.71343308832932,54,-95.94545618706952,-95.80782330672406,-102.45586270947153,2.5185774198059296,-2.3238412858131046,9.007237301349257
HDOK,PLOK,17472,10,10,-95,9,10,2,29,-103.04015385894637,-95.04978063859444,-96.04469450030788,-94.71892812280703,-95.9191014575926,-96.13907013971975,-96.45035755374059,-95.98493843679724,-93.92698136568582,-96.7677118210726,-96.50997628548257,-95.90958656196341,-96.24196517120976,-97.07777307640491,-95.13399272482644,-95.5941166508872,-94.9788833164892,-94.64603082698319,-98.12355491080152,-94.2743945901579,-94.86326655106005,-96.13029217299001,-93.67916281438292,-97.29902683777313,-95.28334544420639,-95.1374654166865,-94.65115594132367,-94.87363284266236,-94.82248959414014,54,-95.83695964226537,-95.5941166508872,-103.04015385894637,2.8736533476025006,-2.7027148690912832,10.53217051638706
HDOK,PLOK,17472,10,10,-95,9,10,2,29,-102.96150189489856,-95.47990023257721,-95.12022671061168,-93.51281289007326,-96.71896601875797,-97.5493663570343,-96.86478778045725,-96.99559912479803,-95.87002395032714,-97.40287212656673,-94.90171988731146,-96.1007879830411,-96.61152701918195,-94.62133965679871,-95.27140733246307,-97.63900109962464,-95.16905943215018,-97.17638973540119,-94.86016696551833,-96.33472460146072,-95.98408233958767,-96.5283115157941,-96.21853171761542,-96.23163348894298,-95.01201457428601,-96.6888749954822,-94.05791679168138,-97.69274330996123,-95.35089542483529,54,-96.23886844680138,-96.21853171761542,-102.96150189489856,2.7504680449127976,-2.1444636111354183,8.405825335768522
HDOK,PLOK,17472,10,10,-95,9,10,2,29,-103.71345183713576,-95.76915269590651,-95.3834028323625,-96.21394803600145,-96.11958262287676,-97.01642148438211,-96.04692959103257,-96.62975078749264,-95.74437754407084,-91.93060186270255,-94.30011764116742,-98.52888383184204,-96.2359435697141,-93.81704252594385,-94.75309784861187,-97.07415539163058,-93.83879249408479,-94.6353390082733,-95.36623306202878,-95.59699153035132,-95.99310679158134,-94.25859435904897,-93.74813323556852,-95.59471614116208,-94.49033406450613,-96.33871322863229,-96.89703778708792,-95.39451664219303,-95.58944261103954,54,-95.75926934684247,-95.59699153035132,-103.71345183713576,3.871741776206423,-2.1093390980851057,8.605806117611353
HDOK,PLOK,17472,10,10,-95,9,10,2,29,-101.17438554890909,-92.85047583598394,-94.11807134688014,-93.76497225931621,-98.99453514750269,-97.51676480371323,-96.27127712967788,-95.73939459523525,-96.12865205214915,-97.20828464793834,-94.26205486690303,-97.90994730595965,-96.34100165580348,-93.1924018300585,-95.5874272008443,-95.54154956885903,-95.2093089912921,-95.95288321521825,-96.13416430938685,-95.24131330610626,-94.46587039298261,-94.92883187880255,-94.23680365794542,-93.9458231962064,-96.16728021923494,-95.72815039149317,-95.60311796416461,-96.30434078079351,-96.56093581035216,54,-95.76137999688663,-95.72815039149317,-101.17438554890909,2.9044874628597404,-1.0435514634508762,2.3577034318188477
HDOK,PLOK,17472,10,10,-95,9,10,2,29,-105.9681852053973,-94.38963088271971,-94.5083104552259,-92.87642235239528,-95.01993671230943,-97.84854993531812,-96.91428868495292,-96.63623822060639,-94.76545294995456,-96.8127433040922,-95.9416476915644,-94.28064629565027,-94.95995642972557,-95.63133803308178,-95.0388427768549,-95.59571329561281,-95.37258502063969,-96.89720357500518,-96.29484353744685,-95.76812629239875,-95.4478116774499,-94.89897604680145,-95.99374102159791,-95.30553010147426,-95.30411425361477,-95.5034517541264,-93.80748155712712,-95.47770365784936,-95.8460052803849,54,-95.83122334487511,-95.47770365784936,-105.9681852053973,4.667399081951898,-3.6327217985148548,16.89652027429848
HDOK,PLOK,17472,10,10,-95,9,10,2,29,-102.21988556729666,-95.73843458947162,-96.02474300830377,-93.02635802543216,-94.99379851455465,-98.42750860850225,-96.59403692585194,-98.56538635681635,-95.67432995441672,-96.03355911127197,-95.55435970590106,-95.99170919138045,-96.26598317590083,-96.30658697171881,-95.49510947116842,-96.350756530348,-96.80369025550934,-94.69967125237855,-94.50010342712304,-94.84770636221802,-97.22258271531038,-96.58867950672892,-94.87390660346676,-96.42883589993123,-95.10867890598999,-95.85836784959633,-96.83720704733727,-93.88880650569703,-95.06833731692518,54,-96.0685903226396,-95.99170919138045,-102.21988556729666,2.6964836587758216,-1.7439899617253636,5.897315997611754
HDOK,PLOK,17472,10,10,-95,9,10,2,29,-101.89836586862947,-94.8753304056369,-94.65381312507036,-95.77195723340044,-96.6568042737452,-96.6597917653091,-96.33329139040089,-94.27868583811453,-96.97302311532937,-94.33825118843069,-94.72892250272359,-95.72392191572085,-93.73223704175352,-96.27052532366879,-95.96208946067,-93.10264001253833,-95.81968769669177,-95.63031547810178,-96.22145305917188,-94.59809620358119,-94.67746504489358,-95.32751055639947,-96.33830577650956,-94.567342808505,-96.38620461828488,-96.80665749520035,-95.83128953068842,-95.31982600292098,-94.11529435373052,54,-95.64134824433867,-95.72392191572085,-101.89836586862947,2.363354111212531,-2.1582275683165344,8.564513299357994
HDOK,PLOK,17472,10,10,-95,9,10,2,29,-103.32442509734393,-96.06769852600245,-96.67829962006999,-94.95385540702479,-96.69314844068607,-96.32972707229378,-96.6096498217331,-93.82590798622928,-96.17358170496897,-93.89412586450005,-94.96484988601938,-95.27335662343924,-96.09321037566122,-94.7024463297187,-95.76482968130216,-94.84762982351594,-96.92836691955081,-96.18812029701935,-95.67957345677283,-95.53970940015142,-94.07968464971114,-95.06017401645518,-96.76565376960673,-97.52400273234248,-96.6985587956783,-95.37283574515462,-95.35438207588086,-94.33557506560969,-95.25178895552288,54,-95.89569545310226,-95.67957345677283,-103.32442509734393,2.8633811917933665,-2.894986818371489,12.314342471379033
HDOK,PLOK,17472,10,10,-95,9,10,2,29,-104.08178545810365,-92.69149605070345,-94.35422137675879,-96.1070725803387,-98.18968707455282,-94.44628488253102,-96.30768617272678,-95.93136563523451,-95.65039472821007,-95.6940489455662,-94.57391414239632,-94.68031647090021,-94.85974241590361,-95.45162535741407,-94.07077731778297,-96.10497367881283,-97.1892138066679,-96.91694587135844,-95.18705544536563,-95.25655231417979,-95.0242552938515,-95.98174583595242,-96.43174268530538,-94.63633068934382,-92.51740761717569,-94.14987719243611,-94.91044696394523,-95.1191828434148,-96.87846313936164,54,-95.63429696504463,-95.25655231417979,-104.08178545810365,4.01687062106036,-2.51945311042419,10.293517904159877
HDOK,PLOK,17472,10,10,-95,9,10,2,29,-104.03825261696784,-97.63551845980975,-95.41179611452881,-94.89108204607113,-97.27640774458408,-97.37845985210573,-97.95080687656942,-95.64934685944614,-94.34953316574732,-97.40863983270684,-93.85394297557895,-96.19839531007148,-94.60581004680006,-95.13950552045745,-94.39400892143784,-93.2332054453634,-95.46929917675789,-96.11884376192302,-96.85474813878136,-96.60613890913183,-94.74056884634857,-95.2435048934955,-97.22022929383394,-95.41751222607655,-95.48935677632589,-95.49955881442798,-95.67622907934869,-97.68497903923729,-94.49836838862824,54,-96.06669134939874,-95.49955881442798,-104.03825261696784,3.7777740827792643,-2.3447841243608583,8.782875145780807
HDOK,PLOK,17472,10,10,-95,9,10,2,29,-102.97486153973504,-94.24753908448545,-95.46685329274476,-95.36727431284983,-97.41266587271487,-96.86693016785577,-97.32564861334843,-96.07147638232442,-96.6126286633701,-95.49980879303659,-94.0400372007853,-95.54843592017576,-94.46199912856234,-94.953160790706,-94.67432491264512,-95.93436377082631,-95.73026809388264,-96.26152606351327,-95.96817905804295,-93.78653649257964,-94.52972153379677,-94.98872032838923,-93.13339621039607,-93.54539407291347,-95.930684834254,-94.92665757553401,-97.46303931163476,-94.86353899961362,-96.24816235506349,54,-95.68392528881999,-95.49980879303659,-102.97486153973504,3.13895660199869,-2.3490742626132923,8.99914094044626
HDOK,PLOK,17472,11,11,-120,-5,10,2,29,-113.60326990707617,-113.36614970373958,-114.50495712143963,-114.32439831684222,-115.03922643754777,-113.76121755952637,-115.85148008038897,-115.32488736971384,-114.50929760914353,-115.23468906056837,-114.1268284683257,-114.64198726845079,-116.48293778644391,-114.8046102963844,-113.54085111267972,-115.44682772818744,-114.0151410666973,-116.64412724454753,-116.36212444849325,-116.80576129872085,-116.18945530065305,-118.3835162814978,-117.33823312425154,-116.11729989732945,-116.25757153471457,-117.23488158635965,-113.6788897296785,-116.70805791160443,-116.01115651368845,54,-115.3899941987826,-115.32488736971384,-118.3835162814978,1.7124007534551644,-0.23056689893013504,-0.7766136840265294
HDOK,PLOK,17472,11,11,-120,-5,10,2,29,-113.93949880244651,-115.70519170323166,-115.68729885449683,-113.58879094983484,-113.78146319444829,-116.24494131979881,-115.87708979522324,-114.92410021986792,-113.95616290410231,-115.31350579409131,-115.0281220899564,-114.25179207283723,-115.26236518464985,-113.9449732938315,-115.01122558714125,-114.52706453904426,-116.56369104511546,-116.46341353118109,-115.11251357097352,-115.74935036741027,-117.43221963048254,-117.20135284075795,-116.38987482782726,-117.44243387298967,-117.31216026271056,-115.91794100046074,-115.4108714080751,-115.49559874953238,-115.64070686580845,54,-115.48881773373542,-115.49559874953238,-117.44243387298967,1.2053062232782734,-0.09112036891301142,-0.6896070750430137
HDOK,PLOK,17472,11,11,-120,-5,10,2,29,-114.09004821616261,-115.98750620752998,-114.710566699513,-115.71625731833267,-115.14345498653304,-114.61503523512049,-115.8682163903923,-115.19921419061413,-113.0083678793139,-115.59361637024884,-114.99908587529694,-113.16539579477387,-115.1510282778711,-115.55211190174099,-115.59979552931212,-115.8911967582231,-116.89665341391253,-115.22298345544169,-116.47028631704325,-116.41289579427517,-114.71246696772194,-114.91392357007551,-115.71188628142235,-114.56659568822946,-116.21775946000727,-116.679898205272,-115.64676421996532,-116.37381594153554,-116.25217454162853,54,-115.39203453405204,-115.59361637024884,-116.89665341391253,0.8565491034870569,0.8313834478512051,0.7891007770459448
HDOK,PLOK,17472,11,11,-120,-5,10,2,29,-115.09660458180721,-116.31532921592907,-112.60148136020356,-114.12189260975694,-113.66428985849473,-114.9270150353097,-114.68584393540074,-114.8276846239641,-113.71890260209868,-114.27111679687397,-113.9996427144682,-115.75824089156156,-114.55923539214876,-115.71896399542412,-117.75233866824576,-115.09128437681164,-116.75302571036326,-116.50267256690219,-114.33412868329337,-118.38049901202825,-115.69051503945701,-116.4177771508274,-116.62311436501565,-117.81727419727558,-117.1047013804197,-115.40268624999531,-117.57489459076746,-118.19254682600113,-115.26441585880603,54,-115.62648683757419,-115.40268624999531,-118.38049901202825,2.1581772819993463,-0.16820143650072786,-0.6898517366008212
HDOK,PLOK,17472,11,11,-120,-5,10,2,29,-113.37870401646177,-114.29126176942604,-114.32116847100556,-113.74620467108215,-114.74466324313133,-115.17050007030356,-114.80315022061254,-116.18976039332122,-114.05679272895536,-113.42941281273801,-114.42166791846992,-114.48962796720792,-114.06574741072275,-115.18794080632023,-114.95640801336049,-115.68893928675148,-112.66670918467048,-115.47197979207532,-115.73749091400853,-115.16029384870632,-115.8940157413594,-115.45818335757288,-116.10278369709009,-116.32624335835531,-115.23615454445306,-115.52109149755324,-116.00032359258262,-116.09453944285904,-115.59356134471355,54,-114.97259724537484,-115.17050007030356,-116.32624335835531,0.8664016013950073,0.6193315241592671,-0.2633641742932369
HDOK,PLOK,17472,11,11,-120,-5,10,2,29,-113.14949000314988,-114.18121380579744,-114.3890575009033,-115.85781465749389,-117.21107818161516,-114.63497948328452,-116.00247175577718,-114.33720005154109,-114.0563716471998,-117.1038551206105,-114.1843471259521,-114.31732065969116,-115.4092889130368,-114.80617066814216,-116.21066164506631,-115.65565887538071,-115.00589566787755,-114.0541639711311,-115.2904203029386,-114.07896970544195,-113.76175474612687,-116.16492891145545,-117.12840890540116,-116.09113970117504,-115.908214636186,-115.58577760317971,-117.06590013188548,-116.97918297181468,-115.37993722286409,54,-115.3104025714524,-115.37993722286409,-117.21107818161516,1.2882939072475925,-0.140891811961698,-1.0004298894551962
HDOK,PLOK,17472,11,11,-120,-5,10,2,29,-114.58749644922284,-114.78060135350896,-114.39725894068805,-114.75279588682541,-115.08496632349514,-115.15162730252193,-113.92524928609643,-113.9099890916758,-115.70618915829638,-113.52895052415157,-115.5394018842613,-113.48934317719032,-115.4605387055638,-115.67834361379431,-115.44133875793928,-113.99880310007732,-117.46627647403578,-114.71829877212613,-115.00899827932413,-115.91608323240804,-116.16055102874648,-116.24429289505692,-114.66851816364043,-116.29276139001844,-113.75109646529542,-116.47087781131033,-116.32214576376664,-116.54811046355339,-118.33711770629674,54,-115.28751800003059,-115.15162730252193,-118.33711770629674,1.3243335994793057,-0.5369812160568068,0.2721869583944856
HDOK,PLOK,17472,11,11,-120,-5,10,2,29,-115.65923797857258,-116.02868248696497,-114.44665682877067,-113.68033678355947,-112.45914272037211,-114.86025045380858,-113.75941709773062,-114.84407060644541,-115.5083329224484,-113.72713112156097,-113.31599500510329,-113.17075733212958,-115.12919444957538,-115.50950479938466,-115.53259790603974,-114.95852532135177,-116.94198653019525,-115.52335440065973,-115.5969271192782,-116.58886202869266,-116.89710463222026,-118.30349471010516,-114.92282058086893,-115.45925307344082,-114.54183746675254,-115.6494686002294,-115.26962215541116,-116.662519202876,-115.43444564722222,54,-115.18556999868173,-115.43444564722222,-118.30349471010516,1.5350015241135688,-0.05012604374814965,0.5052732981453558
HDOK,PLOK,17472,11,11,-120,-5,10,2,29,-113.20306319090666,-116.92011736482046,-113.96751334193176,-115.65383297022764,-112.875645884109,-114.44480205554912,-114.9724933272881,-115.11756276072622,-113.68370322157853,-115.95742637499845,-114.06038196934767,-115.79751405873073,-115.23169515422568,-114.31682027584665,-114.19133886287678,-115.19344574521202,-116.27228799745596,-114.80620033991433,-117.69664919293828,-116.12193514486731,-116.10367562742543,-118.2961052960978,-115.34250578185814,-115.38725845482595,-116.4983216486313,-116.3612404458719,-115.57904615389756,-114.80073210374675,-115.88863754109612,54,-115.33592938920695,-115.34250578185814,-118.2961052960978,1.4879889612494637,-0.21372585454027623,0.25401498438553416
HDOK,PLOK,17472,11,11,-120,-5,10,2,29,-113.82446155474537,-114.81414087578767,-114.19997872577014,-114.56233234563119,-114.96377744593967,-115.22326137873391,-115.86308942217752,-114.57971689821339,-116.23588090120144,-114.08297950441904,-115.29490328887073,-115.93096044279274,-114.51156681745458,-116.44153786291984,-114.83632864546664,-115.65004815141641,-114.9465751110676,-114.46949495106605,-116.41757640294092,-113.68806963949618,-115.68786638566408,-115.3710580727352,-117.47429319237493,-116.72637033585804,-118.6628562606361,-117.51444045562486,-117.71657833754105,-116.57514351498439,-114.12037959694666,54,-115.53054022477505,-115.29490328887073,-118.6628562606361,1.5602686682732603,-0.6821225067425484,-0.1311132398502659
HDOK,PLOK,17472,11,11,-120,-5,10,2,29,-114.36997325646817,-115.15487247960964,-114.6325538394434,-114.7057509961018,-114.00362389882557,-115.95533983420664,-116.29085090737959,-114.51430440499749,-114.57635465598328,-114.23164678912758,-112.82696170900341,-116.2443700054825,-115.39524802466211,-114.36311785444573,-115.84283803282702,-114.67901150598176,-116.23434239511468,-114.54905821953449,-117.45429887938172,-114.59266478497581,-117.78376108184881,-116.6979424538623,-116.96526528156181,-115.03920173051503,-117.08332315533272,-118.33710366819234,-118.22298595440742,-115.3089979566608,-114.87599813575083,54,-115.54937109971326,-115.15487247960964,-118.33710366819234,1.8103769812770436,-0.4787137851607127,-0.3892324729322425
HDOK,PLOK,17472,11,11,-120,-5,10,2,29,-112.79628677115296,-114.51182839998376,-114.10183958983639,-114.78892489840875,-115.126724160531,-115.46944357085154,-114.74992523472537,-114.01427567228967,-113.07485001658834,-116.11900113787671,-114.82850942640371,-116.334262132883,-114.98250622249725,-115.85290526688911,-115.7423336223896,-116.04767524672047,-114.80721000984448,-115.91824840287059,-115.74547525489271,-115.23439925456722,-116.34759316722278,-115.4001719274757,-115.92204786642827,-116.28708880557461,-118.2760555264638,-115.71196444420605,-114.75355479717746,-115.24110458707138,-116.42815956310073,54,-115.33152982679047,-115.4001719274757,-118.2760555264638,1.1222562427373395,0.06047064262462027,1.6959507990051805
HDOK,PLOK,17472,11,11,-120,-5,10,2,29,-116.09491773215485,-113.2441688939146,-114.95634291687796,-114.29248377891136,-114.32195551945831,-114.52984943499929,-113.27688477812757,-113.88452257977154,-114.35649707288349,-112.93695463748921,-114.77976100246758,-117.01765495674613,-115.12399424617837,-115.56416639284136,-113.67900078548698,-116.29606892109692,-115.18390587324815,-115.62421248440222,-116.20117036513237,-116.30863939912066,-114.18435853158994,-114.45997472999555,-117.71913194437359,-116.31076232862519,-116.92517291142104,-117.38128703467277,-116.8282113936016,-117.12558168101764,-116.45340573097366,54,-115.34693234681312,-115.18390587324815,-117.71913194437359,1.7839069595858654,0.029287236824356525,-1.1102178389815958
HDOK,PLOK,17472,11,11,-120,-5,10,2,29,-112.95029020619802,-115.23959635744315,-114.47703762141265,-114.26053949018142,-114.63637046358168,-113.56343759026758,-113.24096906306336,-114.5849589008508,-114.11488658870722,-115.82048883679198,-113.91837678314154,-114.75383451777755,-116.21481410179163,-115.49833139255425,-115.54139921844283,-114.55003308807977,-114.91424385206881,-117.32201744730628,-115.83171974770609,-115.45488882802447,-116.52565868031013,-117.7379804385976,-117.75809910978565,-116.27481643613572,-116.00336369907357,-113.5974650270729,-115.26594944270859,-116.68041377140457,-115.9964700913267,54,-115.26649830316573,-115.26594944270859,-117.75809910978565,1.572557093678794,-0.18831503551817566,-0.483536737583405
HDOK,PLOK,17472,11,11,-120,-5,10,2,29,-114.55158997752959,-113.85637585147427,-113.62933072378716,-112.37243518721114,-114.01957951401836,-115.29736270249212,-115.58229865583516,-114.75361393251633,-114.49327996532557,-115.74133998872982,-114.05436849916391,-114.18168020139544,-113.6977571319385,-114.08560827462054,-113.96981821334002,-115.21514633455061,-114.96425488766648,-116.57151664427994,-115.42543499531749,-115.13624449232508,-118.07225104373757,-117.97469274489998,-116.72021386595273,-117.74765711578456,-116.46701216462478,-116.47338245288982,-118.43199213968481,-116.91942669309392,-115.478898405654,54,-115.37532975171865,-115.21514633455061,-118.43199213968481,2.2464656740428484,-0.3888852992073218,-0.47538478133918005
HDOK,PLOK,17472,11,11,-120,-5,10,2,29,-113.13869735203248,-114.30843935100513,-114.11330836596028,-115.04233910126092,-114.7633030663981,-116.34789462587386,-113.79565182485698,-115.31782519083444,-116.97753064225489,-114.59720907793921,-112.82264956473136,-112.9391017500478,-114.79553020145055,-114.10011750236978,-114.207135426266,-114.07772709796697,-115.20022815803618,-114.62701599158186,-113.83650513389723,-115.56225480592258,-114.93164375045276,-114.889406206844,-116.87871111461644,-116.66716501855004,-115.60767069425411,-116.16132519779613,-114.3300169735518,-114.57055043587228,-116.29615364397198,54,-114.85872783677917,-114.7633030663981,-116.97753064225489,1.2129073211396184,-0.22384537553940256,-0.44902385850651205
HDOK,PLOK,17472,11,11,-120,-5,10,2,29,-113.58144384681654,-116.46987434346693,-114.83198324594137,-114.0469533604972,-116.23513035961629,-112.74355430116194,-114.42116611761135,-114.56877779265069,-115.79249547589,-113.89716851160975,-114.83217660782951,-114.48071706628025,-114.99270691444298,-115.23588869815917,-116.51954336319147,-113.92943240221867,-116.66107720826255,-114.08015755093541,-115.10680184037929,-116.8193126447205,-115.05779902727858,-117.47709444613866,-116.96547709987966,-114.88948881337362,-116.11547674706027,-116.4030638095456,-116.54588383143451,-116.95000350449635,-116.91107048757799,54,-115.39867997994713,-115.10680184037929,-117.47709444613866,1.492742731747766,0.1571880263945527,-0.9825895768189596
HDOK,PLOK,17472,11,11,-120,-5,10,2,29,-115.09534966097131,-116.41155684614859,-115.58604510864168,-114.16227191666515,-115.9471209361287,-116.33772277266866,-114.59571382535545,-115.94745175109942,-113.62130692091681,-115.56010027198448,-112.82289251041176,-114.04795894713372,-115.74563465426114,-114.874489711375,-113.65250373657611,-117.22659563198877,-115.61014752563308,-115.9583943787316,-114.15382952616127,-116.07644664029122,-116.35632734442228,-115.69567490235369,-114.65732438299358,-115.28796405069286,-117.11336697825813,-116.28263132697245,-116.27990755479648,-114.75440290032171,-115.27876374867365,54,-115.34965160215961,-115.58604510864168,-117.22659563198877,1.1045537824698781,0.46367647598894024,-0.19895734756404693
HDOK,PLOK,17472,11,11,-120,-5,10,2,29,-114.18033938587487,-116.16889800278516,-114.63526787849568,-115.7728268553334,-114.78828367684018,-113.65877917693635,-114.84255628284481,-112.817899293756,-115.60749096009152,-114.49872812688291,-115.20302169226746,-117.08167086677642,-115.09055719291263,-115.33696735093284,-116.11799668304361,-114.36099800340287,-114.0348313787059,-116.66128154121556,-115.07023447170863,-115.4872055828903,-115.81885014482528,-115.98880886714366,-115.44859982194885,-117.44044942482472,-117.71106404478772,-116.3398146600052,-115.92937329719233,-117.24826246390833,-115.73089774822401,54,-115.48523982332956,-115.4872055828903,-117.71106404478772,1.2648867480410055,0.07507138361983007,0.024716711600297536
HDOK,PLOK,17472,11,11,-120,-5,10,2,29,-114.74774807792595,-114.93798091367007,-112.53555402612174,-114.3701666686687,-112.16075033040116,-113.64852687556481,-114.29444107757267,-114.39772544386882,-115.69261318293984,-115.83321344345893,-115.33422704095005,-115.80014285921716,-116.50075817233554,-113.87511424196337,-115.80895643915821,-115.07153016262326,-115.137474554017,-115.18675718491872,-115.05576506255467,-116.6153007021306,-116.44623281935723,-117.4868274419175,-116.58404885609181,-116.30505286774068,-116.5194598112789,-117.02741731157167,-117.01783785501745,-116.14506798654875,-115.33873016786056,54,-115.37501453715332,-115.33873016786056,-117.4868274419175,1.5993715724421755,0.7287154515730153,0.4271899024315289
HDOK,PLOK,17472,12,12,-92,7,10,2,29,-99.35950111117917,-93.92168003962809,-92.44196403269686,-94.69800319226869,-94.9772307758425,-93.50390188353768,-93.04604640079177,-94.71130980323636,-92.95551178469645,-94.23429482838016,-92.41845030740284,-94.6841874150681,-93.42648124508975,-94.19528490523906,-92.9657172949145,-94.17170090557914,-95.89231996752511,-95.25976492563542,-93.56869015366807,-94.37094098729098,-94.32668364084904,-92.80189997847941,-92.59530700149556,-94.28289609704815,-94.63445455426461,-93.60699903132874,-95.82761220438358,-93.10348825760443,-94.76328390129096,54,-94.16364160780742,-94.19528490523906,-99.35950111117917,1.8426713312970153,-1.8730573672847992,6.164765297618462
HDOK,PLOK,17472,12,12,-92,7,10,2,29,-99.36187534737763,-91.6562915740113,-93.35118860291726,-91.30678553138044,-96.86598608431234,-94.24505618749733,-93.10604944205896,-94.7238224615921,-93.11275521086316,-93.39169653650677,-94.39108993828319,-94.89564535263746,-92.34043707598049,-93.76057493587987,-92.60137210703724,-93.74780885717797,-94.25513561718627,-94.0532397861997,-93.75498279901322,-93.02852858231174,-92.85654542726333,-92.09838464424354,-93.92293246264623,-93.2368414342443,-91.57821520575501,-93.89832825346693,-93.95737573325418,-93.9580234517418,-93.37729607968518,54,-93.68394016284566,-93.74780885717797,-99.36187534737763,2.3590044765397633,-1.7960648098478385,5.740424131203872
HDOK,PLOK,17472,12,12,-92,7,10,2,29,-100.03071112837675,-94.40847646625375,-92.38922577161482,-94.27264373877462,-93.88788587520258,-93.86030912134623,-92.85764460738352,-94.18047602267185,-95.02024112420116,-94.02373911716673,-92.9619658854413,-95.84594387687716,-93.65899666777464,-96.14655063995232,-94.88160493637822,-92.00703321094431,-96.45318486632576,-93.90005621007208,-92.64370196532026,-94.10105868662276,-92.75306130265488,-93.58962317812691,-93.90098822799256,-93.41145690178006,-93.36236868367529,-94.5607432759137,-93.99266693163229,-94.04190341683002,-92.93751082129639,54,-94.14075078133114,-93.90098822799256,-100.03071112837675,2.3037577558733924,-2.1137325535982714,6.788269832386323
HDOK,PLOK,17472,12,12,-92,7,10,2,29,-98.38387536185208,-92.78076041416338,-94.1893929624446,-93.13137956006145,-94.75680226049477,-95.60303869767611,-93.76903513202771,-94.21025088804542,-93.62173423644913,-95.26695232700877,-92.15156613464188,-94.5487441910916,-94.05182156499896,-92.98441885655456,-93.84590765477533,-93.22981967950929,-94.39860404326333,-93.66680057364644,-93.88824972536973,-92.4616535831373,-94.41436048465262,-94.8694850278842,-94.00699485970064,-92.38449905514665,-91.6035090250244,-93.04299120816658,-93.35213557607644,-94.33060350101101,-94.82310531217618,54,-93.92305144472589,-93.88824972536973,-98.38387536185208,1.5769915534008856,-1.2828932644978315,4.318521835189493
HDOK,PLOK,17472,12,12,-92,7,10,2,29,-99.71725785131513,-92.98845373137404,-91.6816155204102,-93.89355159163631,-95.66380401121303,-93.11311058598434,-93.60540297057302,-94.37844278164435,-94.03767116147344,-96.44612809697102,-94.43087827826095,-93.35751237806056,-95.15723481719556,-93.64349968576526,-92.5816914060332,-94.35773964345557,-93.60107785654698,-92.7982232085891,-95.37473466952044,-92.60370222152224,-93.7934959897786,-92.85409434930783,-92.74615969274059,-93.03118649896058,-91.8446779736594,-92.51459108860828,-93.91548623025541,-93.39156483923925,-94.7758809797022,54,-93.87237483137231,-93.60540297057302,-99.71725785131513,2.4071635874244572,-1.9279842405551848,5.794698439066817
HDOK,PLOK,17472,12,12,-92,7,10,2,29,-96.40191724641089,-93.56777877629655,-92.55076459735534,-91.39973070839967,-96.78809449188404,-95.42357570735867,-97.09641955896393,-92.59309915212114,-94.12372326989075,-91.78526759775671,-92.64254691237352,-94.54879277200185,-92.32233977948343,-93.7303609785957,-94.03014841414002,-92.46448066851315,-92.74765847935487,-94.04114183923058,-94.17141977949383,-94.755355452642,-92.07111993957588,-93.04585769227636,-94.19220378329254,-92.43179407161645,-92.78049662920395,-92.4152180708252,-91.96089844396849,-93.67282237892556,-93.52786778774107,54,-93.56147913723073,-93.52786778774107,-97.09641955896393,2.093178521130485,-0.9315887805805059,0.40805678408676105
HDOK,PLOK,17472,12,12,-92,7,10,2,29,-99.48350329509036,-92.71216325509212,-92.54175932418883,-94.25972797565733,-96.08620206411905,-94.75981802240746,-94.49740971201598,-96.43115405888933,-93.91425425330577,-92.48689120614104,-93.94368817639644,-94.15892025315046,-94.72980137490387,-94.04016316437306,-94.31564085580047,-93.4521297398347,-93.20501068869675,-93.40274047231054,-93.9031611207853,-94.35005157015084,-93.97598628137862,-92.21606618898653,-95.82661420483025,-93.31891281299598,-92.4567185485847,-91.9794085498155,-93.43909384903588,-94.15557328865657,-93.77596113127818,54,-94.06270777375421,-93.94368817639644,-99.48350329509036,2.176260589896791,-1.7673241217422408,5.145361921404605
HDOK,PLOK,17472,12,12,-92,7,10,2,29,-97.70976057177174,-92.14080249443023,-93.51260584803858,-95.21652301802247,-93.85188409912102,-94.57825803000269,-94.4189705490547,-94.30983611852588,-95.08010109673245,-94.14609574420997,-93.60386927471139,-92.95115038902536,-94.78290752785139,-93.91912308770844,-92.82708328175853,-92.56652627092089,-94.17280682437801,-93.63079832794263,-93.80521258560658,-92.35705852140538,-91.7936282794086,-94.03430686056706,-91.94603657837986,-91.5692275209904,-93.78474855765968,-94.91662302978182,-93.54262060109058,-94.25803364416518,-93.32646111968465,54,-93.75010551217055,-93.80521258560658,-97.70976057177174,1.5091153763107623,-0.7450973891232269,2.428020931971678
HDOK,PLOK,17472,12,12,-92,7,10,2,29,-97.94976836555888,-93.11736404009105,-93.69714281388957,-90.9447882629443,-94.94355180922128,-94.56099480063791,-93.49447456996386,-93.94286215773904,-93.25072719769872,-93.4629696116258,-94.14976375212866,-94.54884427848111,-94.38910820060444,-92.93023708195338,-93.38499801257556,-94.55113918611936,-96.36527890998296,-93.30236995443059,-92.94080441953179,-94.76516574445114,-93.87246598031463,-95.73211449847292,-93.25728434218644,-92.726136253831,-93.06857281710498,-94.73454651646074,-95.86512117985278,-92.2917768634181,-93.6960772832167,54,-93.99780858291338,-93.69714281388957,-97.94976836555888,1.7688389277923997,-0.7411062107141415,1.9418236679256666
HDOK,PLOK,17472,12,12,-92,7,10,2,29,-98.4214518928991,-93.45272949063998,-93.24188764425435,-93.5737587790473,-95.41652401798144,-95.43312647925987,-94.30102258391464,-94.95597738631619,-95.07648022934667,-94.07400996694865,-93.59173524635395,-93.94152692293042,-94.14198738806977,-92.93813220777683,-93.54724502007493,-93.4812322761412,-95.61637974010098,-94.4860126289332,-94.05104868033186,-93.51851721056022,-93.79935046288706,-92.75311597160604,-95.02009436277545,-92.60842021130394,-91.65274903399659,-93.17096169769435,-91.42068439318447,-92.21150687913789,-94.36389448878859,54,-93.94005390666399,-93.79935046288706,-98.4214518928991,1.8054599698733784,-0.9890842018107563,3.088442544130935
HDOK,PLOK,17472,12,12,-92,7,10,2,29,-99.03698585561695,-94.53026893207344,-93.68956826978703,-93.3225087158493,-93.52006101372831,-93.76929772877239,-94.99512874698941,-92.98727137992223,-95.06232255635636,-94.44975532719238,-94.77228483185709,-92.34198479419274,-93.73588892184382,-96.48622545600287,-93.98963663755323,-93.47355007398254,-95.83152712221866,-95.68797564771036,-95.38559602578789,-93.51822200912432,-94.1462764470951,-93.58212237470542,-93.33981241940816,-93.61812704014748,-94.23092095693461,-93.76143154262115,-92.80662280528024,-93.89910038322877,-93.44595580735852,54,-94.25573895942556,-93.76929772877239,-99.03698585561695,1.6827624968499717,-1.8858155415066753,5.160687897009112
HDOK,PLOK,17472,12,12,-92,7,10,2,29,-98.79243777278468,-92.39198399877971,-93.64490587579726,-93.61165757485206,-96.73672271662846,-95.28229661336567,-94.54758828658403,-92.29335755933653,-95.1192570224644,-94.54926431779836,-92.89515181516806,-93.4356446816559,-94.50820232904266,-93.39033307096976,-93.9048588302623,-91.97579624588381,-93.83129842966427,-96.45155797977748,-96.41509610742919,-94.4115515223847,-93.22138157836241,-93.50886900715535,-93.28452915266472,-94.69017633849302,-93.37584164440212,-93.85426959055675,-93.22344551633412,-93.58565145947054,-93.33794641180913,54,-94.14727839482339,-93.64490587579726,-98.79243777278468,2.099230817469162,-1.3813808594449222,2.433411481020759
HDOK,PLOK,17472,12,12,-92,7,10,2,29,-99.21701359250977,-93.28964071206886,-92.13813302905908,-92.22945247378809,-91.89722607881181,-93.99310137748584,-93.89017895278748,-94.83597211322288,-93.83474803632198,-94.1161599009594,-94.36528778374215,-94.78356193068959,-93.58432400392266,-92.566726465158,-93.34739044266351,-92.75780396255202,-93.69035265703603,-93.77821684433735,-94.15329317155201,-92.87218133295694,-95.14651979406881,-93.82738590740968,-95.70409998952272,-94.67215128586412,-94.73817476768883,-93.96126594077438,-93.61612231755107,-92.62266840848567,-93.89370643719688,54,-93.91458136931678,-93.83474803632198,-99.21701359250977,1.82659176378737,-1.9582757098510566,7.15036664010988
HDOK,PLOK,17472,12,12,-92,7,10,2,29,-100.04084843892967,-93.00898106706818,-93.21442335867924,-92.78083120142644,-94.29221369473352,-93.76177835795269,-93.72513380345055,-93.84458829067304,-93.84686276667061,-92.44700302147045,-96.1672713893046,-93.34170290580657,-95.15795789755668,-94.91008791872243,-93.33165512565397,-92.23134294984578,-93.78425037823743,-93.78292457747995,-93.25764277546793,-93.94214430865276,-93.97309242276377,-93.10861684908049,-93.30846822655603,-92.82867565145396,-92.54356660991553,-93.58141994343589,-94.6774418792427,-95.14701993789971,-93.44913482937528,54,-93.91334760612091,-93.72513380345055,-100.04084843892967,2.088939725574041,-2.7839734407333196,10.480378574129587
HDOK,PLOK,17472,12,12,-92,7,10,2,29,-98.92459170037141,-92.80931263653817,-93.75414140357249,-93.65290169520947,-96.08828835176196,-93.72439427506195,-93.71202480061044,-93.89089323184061,-94.30210209401783,-94.62339997956231,-96.06479441827112,-93.4876620510698,-93.50385284485922,-92.87406907384918,-92.05947851110476,-91.45502648323158,-93.27444812672974,-93.52266890609349,-94.81078668222402,-92.79622282308046,-93.48473648265704,-94.83682292414363,-94.93283035292357,-91.66092205442087,-93.00296018195898,-92.76419693990815,-93.48966033727355,-93.36252716443201,-93.11553831229106,54,-93.79245706341617,-93.50385284485922,-98.92459170037141,2.0701155992902955,-1.5979573477566023,4.512925631955991
HDOK,PLOK,17472,12,12,-92,7,10,2,29,-100.13346093162792,-91.84467083341904,-93.0740878911687,-93.78522024093103,-95.42329267571762,-94.54627492383356,-92.60601641481642,-94.15708275228508,-93.25523443909853,-95.66920482842806,-92.9768561079932,-94.41069329635681,-94.61515630769813,-94.84553849184749,-93.55875352183502,-94.43650497701225,-96.17875084372884,-94.55155305832794,-95.315394554846,-94.82071810698902,-94.9923896898147,-94.56909597560885,-92.59130481467867,-91.99024808723064,-91.78420526438362,-94.80659359008507,-94.77453554631747,-92.67206227208437,-94.36417702166142,54,-94.2327268089595,-94.43650497701225,-100.13346093162792,2.578210727329296,-1.4344280044037878,5.057843448889914
HDOK,PLOK,17472,12,12,-92,7,10,2,29,-99.65815859401079,-92.95680118936279,-93.6036514314418,-92.22579021629507,-97.87943226718306,-93.63879266780967,-94.57136293112897,-93.52497940372359,-94.05830633772312,-93.42190808670242,-93.38783908438259,-95.77189209127464,-92.90660993785423,-93.84808289241516,-94.03175297851766,-93.13041586047987,-94.71575322866741,-92.6384083188236,-92.69266814350526,-94.61143048957112,-94.17167951251186,-94.55019146508046,-93.26610875344676,-93.10547325549788,-96.57635988258203,-95.50781635008177,-94.61883357151761,-94.08978517124342,-93.96360663715154,54,-94.24565140517194,-93.96360663715154,-99.65815859401079,2.4704083916298023,-1.8594371891342694,4.161130821740789
HDOK,PLOK,17472,12,12,-92,7,10,2,29,-98.09373653492048,-92.76379947626845,-92.86255497210362,-92.54140508959607,-94.25255924689863,-94.4834210722029,-93.26549508115221,-96.07510598893481,-94.4334205021268,-94.45936896895176,-92.64767144542256,-94.44730281892517,-93.57402945450636,-93.60862701470606,-94.17771791967715,-92.9811290210123,-93.38856552563267,-93.53187525301584,-93.13192478998577,-93.16274197731862,-93.83087353556091,-93.52553792225117,-95.87913345123191,-92.86492146759149,-94.96477160639115,-94.88000280284429,-95.1930126677666,-93.88428215602262,-93.63561595419414,54,-94.0186415074901,-93.63561595419414,-98.09373653492048,1.4161591603388421,-1.5512639813359668,3.3644337688321104
HDOK,PLOK,17472,12,12,-92,7,10,2,29,-100.66988883782169,-94.73357989428749,-93.66728470701482,-93.0570260742488,-96.06083962131758,-95.58133324089064,-93.92593870236253,-94.50050432744634,-94.47681985077385,-93.11801794030885,-94.67668053526822,-93.9708970234704,-93.48083788896747,-92.82434560538265,-92.2248167305345,-93.9847909870423,-94.81836426527377,-94.39955580416759,-94.86433191344959,-94.22402595038571,-93.04373549394383,-93.07085316726082,-94.09830883835005,-92.38043116236047,-93.6507097033293,-92.60037274559285,-96.37616063778414,-93.65724405232162,-92.12459463067516,54,-94.14697552869077,-93.9708970234704,-100.66988883782169,2.623056297611467,-2.2886181108865373,8.091908055098916
HDOK,PLOK,17472,12,12,-92,7,10,2,29,-99.29226546133582,-93.36757038985058,-93.02746793539191,-92.36554876911838,-93.57729816709606,-94.5693575160704,-94.27183450545017,-94.0431242202772,-91.93009655734919,-93.7560948761399,-92.76749738137154,-95.67946539040446,-92.72487486906564,-94.36253428883671,-94.04790723629772,-93.00940428545469,-94.77234310415795,-94.03263781904214,-94.38843151821023,-92.83779033573325,-91.29365479541572,-94.70196780042154,-94.51174576739915,-93.97053615445587,-93.4129139046465,-92.99553927455733,-92.43787235156508,-93.65413502356978,-94.7786376173362,54,-93.81312232124209,-93.7560948761399,-99.29226546133582,1.990154441430613,-1.83232470209713,6.881846128843751
HDOK,PLOK,17472,13,13,-99,7,10,2,29,-99.05339348374902,-92.46717033607341,-93.39047060822051,-95.74206444815097,-96.24636082633144,-96.09275794442465,-95.99610606873006,-93.70719424597641,-93.89648667609109,-95.33445952154406,-95.12807837613269,-95.72250096859983,-97.24640739045648,-93.75728755963087,-95.72427055214168,-94.92772518043547,-94.16133802202854,-98.95572398518019,-97.03077323751664,-96.4316568606281,-97.15787848025238,-97.09752834906847,-95.86129778982219,-97.1084376199202,-97.31573560642894,-96.89317578618876,-96.27151500617734,-96.08658579789768,-97.86046603989728,54,-95.9539602333688,-96.08658579789768,-99.05339348374902,2.437569986692824,0.21135401764483652,-0.08359248446412426
HDOK,PLOK,17472,13,13,-99,7,10,2,29,-99.11906022078541,-94.04024718815357,-93.93721501903903,-95.61852398599987,-97.73689536067543,-95.46217789332258,-97.4874736413152,-94.6716750452433,-94.97565687642515,-95.52425200032273,-94.6640710184024,-92.64676376221915,-93.43788549535762,-95.22391386112982,-94.65369051798248,-96.44540963869665,-96.61131375585775,-96.78704933801812,-98.19679496957944,-96.3122912534922,-95.84955501949638,-96.07595546537432,-97.1828980890026,-99.1381000182648,-97.14801819313848,-95.95865855722624,-96.95621270287202,-97.73707524024726,-97.90299228479603,54,-96.12075263491157,-96.07595546537432,-99.1381000182648,2.5647210743681788,0.08386040245146942,-0.41554486088269904
HDOK,PLOK,17472,13,13,-99,7,10,2,29,-98.68409504921453,-93.46887216950724,-91.34134561009684,-93.1322675629577,-97.42179163217284,-97.06357205548441,-95.56519505861239,-95.21445469545772,-95.26805712964021,-95.90473629703705,-95.93387812766211,-95.2597477445868,-95.84017052437963,-92.99037566006321,-95.7815383235132,-92.94358736718219,-96.1865076546701,-98.13615959763881,-97.46893249201824,-94.22051886781622,-96.32678028755802,-99.70061722964184,-95.54355533904037,-98.75519276657337,-97.4967949753777,-98.56621171995701,-97.65655390733873,-97.86555997023967,-96.50788655836986,54,-96.07741228875202,-95.93387812766211,-99.70061722964184,3.9215245515258657,0.42582548236308393,-0.1839660473156286
HDOK,PLOK,17472,13,13,-99,7,10,2,29,-98.91776067718061,-92.37466091637012,-92.41656490866714,-95.22925361015662,-94.60646075619734,-94.92251449190405,-96.09912199636237,-93.75718444996353,-96.48570605716284,-93.83456721223804,-96.27865241346389,-95.14034789666152,-94.40494935251142,-95.17922068599232,-94.82168132387372,-95.54652088331504,-97.63548983784835,-95.01102472840671,-96.06130177616377,-96.13078776328851,-96.27505563287971,-96.63444636511672,-95.96345095346938,-97.33259046612697,-97.61496081409429,-97.08366596003273,-95.83763296358634,-98.1419266571671,-98.03348200333157,54,-95.78520632943217,-95.96345095346938,-98.91776067718061,2.4452019162691854,0.24521460895448477,0.019432329673279902
HDOK,PLOK,17472,13,13,-99,7,10,2,29,-98.81370405116242,-93.09772648508056,-94.39738558675177,-94.05920842460847,-94.96553025140042,-94.9045922133731,-95.60465666650117,-95.66453895415954,-94.76138737313906,-95.83420474447392,-95.09970592599764,-95.36805707747205,-95.27112525170536,-95.28093309557194,-93.97815883002373,-96.01212506646272,-95.84585425765657,-96.66344699684511,-98.1650304888627,-97.0649028949692,-96.95474298930122,-97.02108546439591,-98.15862976244742,-96.6038568791593,-96.00056161446813,-97.84223451946781,-96.10521751833656,-98.74660188028422,-97.0323021989178,54,-96.04543129182744,-95.84585425765657,-98.81370405116242,2.0117298012300573,-0.20341194511930777,-0.3874090939586594
HDOK,PLOK,17472,13,13,-99,7,10,2,29,-99.89502755825849,-92.84261417867748,-94.6513101337277,-93.45828971602474,-95.50966881358477,-96.60953321499186,-95.69310976375162,-95.2526374171674,-95.8151924061016,-93.31648688796662,-93.61703373995407,-94.55468280295129,-96.4696456140603,-93.27751815529487,-96.7611874422791,-96.64404007011981,-94.20334758775084,-95.9999967828873,-96.38647174522987,-96.82447872291698,-99.21824439695023,-96.0034517404449,-98.69785613715065,-98.01799213450586,-95.70573564943308,-96.92676657619957,-97.41880802859835,-97.53989685298089,-98.71628305935714,54,-96.06990714928679,-96.0034517404449,-99.89502755825849,3.332585316254531,-0.09691615986919574,-0.5109149953974348
HDOK,PLOK,17472,13,13,-99,7,10,2,29,-99.55218958249401,-92.61939122620771,-92.69920093939267,-93.16759501826616,-95.74158612878618,-95.37102622126628,-96.24571433696862,-95.20428512213023,-94.51116698794064,-95.01769788740475,-96.41529160955787,-92.96995094260359,-96.42822701288276,-94.11427310433234,-95.35223004235215,-95.61888524176986,-96.08603010706051,-95.65744791239464,-98.55383866641795,-96.34193758659035,-97.27394811356454,-94.90979213528534,-99.50260016360042,-98.76647946641785,-98.08703436013766,-100.17756143965515,-95.72943670966225,-97.23158055001245,-96.46581913757937,54,-96.06249026733568,-95.74158612878618,-100.17756143965515,3.9295870749821717,-0.24267435347953295,-0.2977214623703075
HDOK,PLOK,17472,13,13,-99,7,10,2,29,-99.57932046566759,-93.95360060006023,-92.60784728789285,-94.81829550275808,-96.30148602407284,-95.28650691646754,-94.5639110523593,-94.39587677908936,-93.9413267637634,-94.26388852673624,-95.10078669436149,-94.72627777479745,-95.97842362197633,-93.98030924756036,-93.96343343936982,-94.7454166631189,-96.06975067736782,-98.85463062551135,-96.43659358012609,-96.29175013161567,-97.83583480408211,-98.15768212958608,-97.43925686041656,-97.08579089663753,-97.42864036238686,-98.03458574175379,-96.83850505855618,-96.79280049042195,-97.33096344585854,54,-95.9587411091163,-96.06975067736782,-99.57932046566759,2.8814613910339615,-0.16934975570543256,-0.7303956427900093
HDOK,PLOK,17472,13,13,-99,7,10,2,29,-98.38440424881261,-93.52117233775081,-93.5865087788157,-95.14931242770062,-93.60924229615517,-95.72266332474146,-96.00596947866279,-94.21041687039454,-96.3329599917247,-96.22536062899391,-96.02736901463847,-95.92025845791447,-94.5425575254751,-96.15671914826522,-96.15001429443504,-94.14778739726823,-96.02450521670849,-98.30169786746009,-95.29473688617772,-94.99627999309867,-95.2952570203474,-96.85523995331056,-95.99239001711517,-98.46154278394775,-97.92100345954348,-98.18792111123628,-98.90343426945395,-98.03815620731679,-97.08174190268647,54,-96.10505596241904,-96.02450521670849,-98.90343426945395,2.3843617245358217,-0.10680351923659161,-0.827012136741772
HDOK,PLOK,17472,13,13,-99,7,10,2,29,-97.76255131221924,-93.72733534500452,-95.65438087626302,-95.23805922481633,-94.40872742564939,-96.45218281689883,-95.54329026683224,-95.92998590542814,-94.09216726661293,-96.01020490299572,-93.41907454280924,-96.15580203943183,-94.36443169963557,-95.82539002141303,-96.0430678198279,-95.35602210302075,-95.28730379630782,-95.5982412287047,-95.21707613521825,-96.81753778214623,-96.28141929104677,-96.51444536688896,-97.87457074903791,-97.26454216490819,-97.39248543957422,-96.75183613036089,-96.32219183702712,-96.45635831274973,-98.36480761533488,54,-95.93536170407465,-96.01020490299572,-98.36480761533488,1.4160112849200084,0.14475864451548082,-0.12253726603402804
HDOK,PLOK,17472,13,13,-99,7,10,2,29,-100.06618036323488,-94.08235705126036,-93.36677262822087,-95.25680413316557,-94.25583866138156,-95.64412590402029,-94.92795414429672,-96.11502340077708,-94.35177903039214,-95.42558261742712,-95.11397498530968,-95.5082530906248,-93.87995415446964,-94.25180944005183,-96.15332225383155,-94.44058937064202,-94.4858788315622,-96.1853784690912,-96.48380041165967,-97.57949273725717,-97.4621852614486,-96.79936886001255,-96.29263189420257,-96.73521669462602,-96.73818643148677,-96.48093087349865,-99.58467872055016,-98.14740545412937,-99.02687420235655,54,-96.02904655417197,-96.11502340077708,-100.06618036323488,2.8255884657686834,-0.7087797101935639,0.0905304586809681
HDOK,PLOK,17472,13,13,-99,7,10,2,29,-100.18834847152539,-93.83926058308384,-95.33904079915877,-92.43644859812979,-94.31760226968312,-95.89128439416069,-96.6992497110916,-95.14480554173925,-95.7294958976122,-94.82077210720503,-95.44001901884916,-94.2566110749648,-94.68922559576029,-95.99342043241201,-95.3046811654379,-96.17892482801189,-96.7006242910464,-96.35679941064363,-96.23574400864753,-96.9444504541866,-96.35616447221443,-96.95945492468815,-96.62116598903907,-96.41281105933271,-98.1918693859603,-98.19834743251488,-99.15602773139189,-97.35380876451143,-96.83975663593837,54,-96.15849017410144,-96.23574400864753,-100.18834847152539,2.449526881492149,-0.25948911882229997,1.0353716858443076
HDOK,PLOK,17472,13,13,-99,7,10,2,29,-97.39495126998918,-92.73531031662225,-92.87432742471627,-92.93672127729339,-96.95529626068036,-97.20854150010052,-95.15909527046627,-95.64268032589317,-95.72077815993553,-96.37137226891227,-96.74016243088036,-94.70335132543416,-95.34470158112055,-94.86561520929212,-93.67674346683842,-96.51370406498769,-95.61010975003649,-95.91978078735555,-96.58181154617161,-96.83288179289299,-95.39386353665472,-98.17441592587322,-95.79018308216882,-97.89013178106659,-97.65832854011316,-95.17524494918656,-99.00099598108808,-96.9215302043886,-99.00669107519637,54,-96.02756279673638,-95.91978078735555,-99.00669107519637,2.6549867439418904,0.2954274205599192,-0.1336753454120001
HDOK,PLOK,17472,13,13,-99,7,10,2,29,-100.21211440872591,-93.30165806894223,-92.68770523647197,-94.61185403668742,-95.96418017630128,-96.16082203826498,-95.56425584956054,-94.14748010003626,-96.03202355287716,-96.54514215266983,-93.16134041100466,-93.93585495458589,-96.18501850178252,-94.40525321663232,-94.00021463636702,-95.6414992859046,-95.00470891513481,-98.67270210190254,-97.64997778076466,-97.32384226033852,-96.27631053096026,-96.38119762911235,-96.76821116742457,-97.01475198480624,-100.07162575266238,-96.66000666341083,-96.24772748880522,-96.95629493515692,-97.01438186722673,54,-96.02062605877656,-96.18501850178252,-100.21211440872591,3.253405392965002,-0.349829991552341,0.33454510240389457
HDOK,PLOK,17472,13,13,-99,7,10,2,29,-100.59923258172789,-93.88324198547618,-93.12953774414383,-94.75738066289179,-96.51077138701258,-97.02092484331573,-95.5504251869524,-95.24940960086853,-93.8652148781346,-96.25409988779698,-94.68594870207272,-96.45566031927866,-93.88191352104504,-94.75448087661601,-94.75006627955234,-94.95128309282023,-96.20316610180835,-96.16996088415232,-95.70838184951779,-95.53601743822965,-96.54779136353437,-96.06061188829881,-96.19215648843813,-96.82884165686424,-97.11710433435164,-97.7877488898078,-100.04355352783769,-98.6398191794954,-96.36261755454056,54,-96.05163319677871,-96.16996088415232,-100.59923258172789,2.826109417514985,-0.8892129678886237,1.2593704371185495
HDOK,PLOK,17472,13,13,-99,7,10,2,29,-98.58162234948196,-93.61065572699363,-95.08693359658723,-94.74601902021104,-97.4766147074688,-96.08683806129312,-95.57847057107249,-95.50785006208245,-94.51784888168635,-94.16185988231886,-94.31159497985749,-94.20258069025542,-94.09386748924707,-94.93259253597027,-95.94366222165671,-96.55364111994915,-95.65103052071754,-97.65164618576158,-96.77237337575829,-97.86153906245812,-98.53096534911764,-97.48956834745901,-98.86705223604994,-97.11192141376564,-98.70785419618495,-97.81526587626632,-98.3526032408852,-98.41587935972177,-97.67152671945894,54,-96.42385785447371,-96.55364111994915,-98.86705223604994,2.7138797462521635,0.106000966556759,-1.4303586647631985
HDOK,PLOK,17472,13,13,-99,7,10,2,29,-97.784011224346,-93.2303148625658,-93.81794767264196,-95.1850695283058,-96.51866854660733,-95.66462144707171,-96.11376863586516,-95.69896370640254,-95.13177413127285,-93.2837327912926,-94.55664818445783,-93.94372145854776,-94.33307440437467,-96.10051480879382,-95.56096588840339,-95.53232384779967,-95.62683062076918,-96.91552257162301,-97.30235020612824,-96.05304605204125,-97.80619726568102,-98.7446027499322,-97.53771525171646,-98.52925978205629,-97.43220185287686,-96.30815510946917,-97.09220447794921,-98.18301245481531,-97.34602254912276,54,-96.11493938217001,-96.10051480879382,-98.7446027499322,2.2818833843210045,0.2120087049861312,-0.7328589958338205
HDOK,PLOK,17472,13,13,-99,7,10,2,29,-99.7695092767268,-92.54075165781336,-93.97619815631312,-94.24720330700967,-95.06667165905434,-96.6320334704395,-94.49509795373483,-94.3036209708111,-93.57400712238852,-95.58488851197835,-94.38432978926964,-96.64171130111707,-95.63665444291784,-94.64050915470317,-94.62343689957999,-95.09762822018885,-96.46695391346744,-96.9627615889935,-95.95165043449643,-95.30013887555629,-97.2333898435656,-98.69167995319425,-97.40113509083551,-96.46269696444529,-96.15417916362829,-98.26486166780299,-99.34481925599017,-94.88002892614993,-99.33600951029031,54,-95.98843300284351,-95.63665444291784,-99.7695092767268,3.269910583375468,-0.48234685383132336,-0.35860608714135767
HDOK,PLOK,17472,13,13,-99,7,10,2,29,-99.45266293709807,-90.9156514399885,-93.91307074422619,-93.58559177296405,-94.06712763274575,-95.61286005138415,-96.3960889822987,-94.92756685640629,-96.03428326249318,-94.01032397677776,-93.74164528777506,-93.62711419969988,-92.41110643213945,-95.61955599935541,-94.01524429847251,-96.54627584622062,-95.61199839679155,-97.21380893878764,-95.27436680052533,-96.57194189725409,-96.35397177916488,-98.869729092609,-95.56818321818834,-98.03868477794731,-96.00287958822962,-97.9141907264909,-97.18111404642997,-97.25713208553344,-98.61830693158082,54,-95.70180958619235,-95.61955599935541,-99.45266293709807,3.834470715365689,0.2235937751066854,-0.0626736401026049
HDOK,PLOK,17472,13,13,-99,7,10,2,29,-101.33284432610563,-93.82236245274935,-93.60618878661181,-94.28088734932636,-94.51452223039331,-96.57633394806228,-95.5366562266735,-95.49364866192407,-94.70194665598842,-96.31673800028975,-94.56632298841627,-95.58676445244348,-95.61384442234333,-92.9317935500263,-97.74397952502957,-96.00133081055661,-95.13122151746515,-96.53284688183032,-95.49684753379432,-96.47388301826133,-96.28280956313283,-95.85007961110655,-98.28974564338773,-98.897663139026,-96.23792836859225,-97.88425123389528,-97.0626360363122,-98.6425599428042,-96.36330350133045,54,-96.13006690958201,-96.00133081055661,-101.33284432610563,3.0383386194487607,-0.8122320661612696,1.449575687938672
HDOK,PLOK,17472,14,14,-103,7,10,2,29,-110.70123136060198,-107.2022580546546,-105.62227405955028,-108.42410548571857,-107.1933765261111,-106.3727040910452,-107.34175744170662,-107.87317535316699,-106.70913793165842,-105.80336763442824,-106.56355128515992,-107.00566733626502,-107.10957988067041,-106.92847259186686,-104.04294981304191,-106.42596502149527,-106.20557827325355,-105.42757608733628,-107.65473763450028,-106.27927598035203,-106.42098839338556,-106.69214111611143,-106.03362225063805,-106.00089799346479,-104.69748083030541,-106.00934199183087,-107.05707843299336,-106.43699730266728,-105.32001224036762,54,-106.60535525497754,-106.43699730266728,-110.70123136060198,1.417139892146484,-1.0639106624666859,4.038471621892837
HDOK,PLOK,17472,14,14,-103,7,10,2,29,-110.51444709135933,-107.05636751690571,-107.73107304086602,-104.94101255092389,-106.69977931277863,-108.2968680182367,-106.3312734618033,-107.73351018708104,-107.0543307875718,-104.42867624466179,-105.22147448933993,-107.1930268734108,-106.43098355512055,-106.63587626747555,-106.24469254762079,-104.63260528423274,-106.75688504104284,-107.19427354286636,-108.30613182989835,-105.41584512523004,-107.12202699152489,-105.0398362809757,-106.3138310089463,-105.61498801203099,-105.42553419278546,-106.74945652648273,-106.11292730776042,-104.58740830180696,-107.28797850408166,54,-106.51976275499385,-106.63587626747555,-110.51444709135933,1.704643316079773,-0.7244274470921708,1.5258309023875882
HDOK,PLOK,17472,14,14,-103,7,10,2,29,-110.46863259071188,-105.47696668674902,-108.71333568960182,-105.37944347850545,-106.78891976656857,-106.87000984976616,-106.99080663572747,-106.10492999349631,-106.6027861952478,-105.79395459665841,-106.83351959452449,-104.61696116267419,-106.07258123435135,-106.02697261966593,-103.89488665712857,-105.69210052924527,-105.75213106422305,-107.43320810903413,-106.44291858651472,-108.21893046198021,-103.56716698226941,-104.54945825632302,-107.51476395176608,-105.14210893747591,-104.88306943740791,-105.68304336554857,-105.17310028402224,-104.71347502547812,-106.57026881449828,54,-106.13691208817806,-106.02697261966593,-110.46863259071188,2.0573895219106255,-0.8700999480523478,1.6434928047647293
HDOK,PLOK,17472,14,14,-103,7,10,2,29,-110.42482961107443,-104.71983983825906,-107.0601710147519,-106.8519022767545,-107.96945494947138,-109.19998770718814,-106.04452351570767,-107.11476132214187,-107.79136247499173,-106.4384673482284,-104.85212007085694,-106.27531396912768,-108.32266279672665,-105.68284894782145,-107.04628843136426,-106.41080073829676,-106.25493555334994,-106.49619820448369,-107.35863294603706,-106.75616030721143,-105.1764311505383,-104.48355601906488,-105.95690490102163,-107.22593293839094,-104.67961314411797,-107.56780686988193,-104.1537900637795,-105.50829979710485,-105.80119183077784,54,-106.53878581856978,-106.4384673482284,-110.42482961107443,1.9540956306016484,-0.6137494344172443,0.796977141784565
HDOK,PLOK,17472,14,14,-103,7,10,2,29,-112.49657880302776,-104.8030422613956,-108.01945885748545,-106.37042163048118,-105.51781903106688,-109.46582429258153,-107.08998787196614,-107.54167922835065,-105.73511566323698,-105.18947622643577,-107.33955995127758,-106.01578634760858,-107.45575590790907,-106.46434689958562,-106.05684823571734,-105.4248185602153,-108.08169494987857,-104.52773107395268,-105.85110416517084,-106.03316282217838,-105.55361548513231,-106.57261900997875,-104.33356421897807,-106.25752972314433,-105.30883086409331,-104.49141958898593,-105.93456775207639,-105.25763216450432,-105.59489261952099,54,-106.37189255882538,-106.01578634760858,-112.49657880302776,2.6969186928369226,-1.9754976454407767,5.577108421672911
HDOK,PLOK,17472,14,14,-103,7,10,2,29,-110.73107459023437,-105.45278764023345,-105.9604393259289,-105.3710173143203,-109.25915239947788,-106.05843345679418,-108.58131468947307,-106.2195211217245,-107.52676826166378,-106.54028501125744,-106.92935222796552,-107.1004255645515,-105.88636247097472,-105.9185714758866,-106.42953958374896,-105.84196338314699,-105.86505292401827,-106.66438832681095,-106.44343320200855,-106.12479704636739,-105.98930859978049,-104.23305481217898,-105.01528429653774,-105.68226484435426,-104.43654837722816,-104.202951792286,-105.27915587656747,-105.2727358047702,-104.89624680184822,54,-106.20387004214271,-105.9604393259289,-110.73107459023437,1.9635530525926699,-1.459076249401257,2.978693704821153
HDOK,PLOK,17472,14,14,-103,7,10,2,29,-111.5837867471378,-102.26235033082673,-105.99850985824698,-105.66257421144432,-107.5804955719226,-105.88392898111782,-108.20138446141988,-105.8734276843663,-105.57442741153558,-105.92129407868909,-107.30727063865693,-105.84418785184978,-104.01571064209958,-106.00043901986643,-105.71071408036718,-105.59692764824301,-105.28490083921194,-106.00807827786033,-104.89064724413049,-107.16405070794113,-106.14099759731982,-106.3876286954655,-106.20859659937649,-104.94224680042439,-105.5410489649491,-107.01196520882178,-104.04587549945421,-104.65852688584822,-104.10409641290775,54,-105.91055479143108,-105.8734276843663,-111.5837867471378,2.530521020100589,-1.2060157097919306,5.003132328896536
HDOK,PLOK,17472,14,14,-103,7,10,2,29,-110.48298134618952,-106.05611238207337,-106.28244334539329,-106.40755540084201,-108.42616493916294,-107.8852080305856,-106.92788583576929,-106.64506530178934,-105.97805268975172,-108.03210013806613,-105.78440478661274,-107.22519632957541,-104.53269224740814,-106.55690338573855,-106.65314816583987,-105.09538085105012,-108.51241037068202,-107.59087428003805,-105.95658075021282,-108.12836823730622,-107.03034941262318,-104.77670756662872,-104.83738158033026,-107.05524325379994,-105.50640914021223,-106.14907740127202,-107.63407729187041,-104.9132512997905,-106.29447904018456,54,-106.66746568278614,-106.55690338573855,-110.48298134618952,1.7286653425830787,-0.6626122911474245,0.9101468780438204
HDOK,PLOK,17472,14,14,-103,7,10,2,29,-111.0661972951037,-107.24269016785124,-107.43470975622272,-107.20672555477576,-107.01513543609761,-107.29310041407243,-108.13875162288504,-107.76844689712075,-106.0578611635118,-107.97721324203319,-104.58575637567674,-107.7615565788613,-106.1576565255105,-106.39094349448969,-105.8067778756044,-106.2393232273841,-106.11524917526047,-106.44462617530961,-107.78234552369457,-107.6112517940628,-104.92569010132082,-107.15021976028834,-106.75892652852306,-104.51199370545478,-105.81168081072771,-104.52977109720354,-107.28911305531231,-104.44778987498945,-105.1826459029558,54,-106.64497065973464,-106.75892652852306,-111.0661972951037,1.9497055863402786,-0.674639393737909,2.006668180555525
HDOK,PLOK,17472,14,14,-103,7,10,2,29,-112.7368877307489,-107.40541246726971,-105.02843837469703,-108.33037011741902,-107.09062623330985,-108.40259228456846,-108.1096173100084,-107.93661877228669,-106.55633680788777,-106.6051529570077,-107.02869955749284,-105.03884823222445,-106.99501805108909,-107.73089616300963,-107.90950975834521,-105.1844365935611,-107.48585851891043,-107.06865277539167,-105.67855718478343,-107.77587477754575,-106.86273024247873,-106.61416514340968,-105.44460251334945,-105.90156079117949,-106.38645816923344,-107.1866691358965,-104.3205199499426,-105.9274771805695,-105.82790986013428,54,-106.91622405702587,-106.99501805108909,-112.7368877307489,2.3437421428107506,-1.6624164888516724,6.05442699497608
HDOK,PLOK,17472,14,14,-103,7,10,2,29,-111.2350957814999,-105.97810396551903,-106.95965309922255,-104.73025156660766,-106.86623564547841,-107.308063042932,-106.58414744596419,-105.51661527335273,-109.46315299485431,-106.47388059600057,-106.73720839948788,-106.8612822506035,-106.96884574069654,-104.62181629688085,-107.03802985307998,-106.17456782145779,-106.47055807296495,-107.06722044255136,-106.25239440879078,-106.39826171257198,-104.8739599355915,-105.19765681081685,-105.20548183794254,-106.51749492572397,-104.76694126148936,-106.20757882062719,-106.23527485052286,-104.21038232188991,-104.14381458175173,54,-106.31255068127146,-106.39826171257198,-111.2350957814999,2.07769155929909,-1.398830254883915,3.8891147874019807
HDOK,PLOK,17472,14,14,-103,7,10,2,29,-110.2448787336123,-106.20626686348722,-106.49393115844697,-107.88989311880235,-107.12132580385943,-109.19921561123863,-107.50382404531072,-106.5667618390284,-105.04433305410447,-106.10047371852271,-107.51850783670011,-105.78868102821536,-105.1143353684445,-106.9121471464919,-107.0580393067242,-107.26025645432006,-109.6784186481934,-107.74877226643777,-106.38558736879136,-106.50138498995709,-105.7486622200051,-106.21183894486359,-105.53136933254132,-105.354231024376,-106.61833539638357,-105.70353385291622,-106.09255158075099,-105.04959851919922,-105.58977405580852,54,-106.69782514784599,-106.49393115844697,-110.2448787336123,1.6797415609956445,-1.1593155960788228,1.201325612427651
HDOK,PLOK,17472,14,14,-103,7,10,2,29,-110.69911868809558,-107.19104953182926,-104.73591944612927,-106.04153962338549,-108.67259005641118,-108.98150636424828,-108.05907440351474,-106.99206168756821,-106.99200760725998,-107.9677262167198,-107.03783208942443,-105.08494721335686,-105.5111028475734,-106.77748544223257,-106.259509853347,-109.41886885397753,-107.65500537856263,-107.66138522169557,-106.83173419240313,-106.9638654380445,-106.75134846638332,-104.17747697207636,-105.45534320141896,-104.04836797210046,-105.34940293887294,-106.1319989470132,-106.75414225297723,-105.97577618667192,-103.13315957190218,54,-106.66590850569641,-106.77748544223257,-110.69911868809558,2.6623063934321234,-0.16061170618755696,0.40032037105980045
HDOK,PLOK,17472,14,14,-103,7,10,2,29,-109.98096657066614,-107.13423497576257,-108.77259620417895,-105.82652781084595,-105.35497580916518,-108.10302396916103,-106.6295182345551,-108.37393476077803,-105.5818658984661,-107.57817682092515,-106.11234777863329,-107.38006142018902,-105.5016276053031,-104.02692545833253,-105.96291552481901,-106.5240640002727,-104.9479669688822,-106.42746701050038,-105.14051988518806,-107.1305707602436,-106.23847406702436,-106.14065936018062,-105.09507431858204,-106.09441295316603,-106.48056273677962,-103.4838244518327,-104.84674017567468,-105.76079445333909,-104.72161256196746,54,-106.25353250156604,-106.11234777863329,-109.98096657066614,1.9535528865407232,-0.5774754295091639,0.6661219109565262
HDOK,PLOK,17472,14,14,-103,7,10,2,29,-107.8510915812777,-105.68963766177035,-106.01231194963347,-104.47937883473914,-106.4436305586693,-106.1223263555284,-107.18401356236484,-106.785496597545,-106.46435752530306,-108.87828913856443,-107.17968938468454,-104.91625877689398,-105.32669489642356,-108.14407716231051,-106.33623581645234,-106.13823136729296,-106.89891600889358,-105.83874285010644,-104.45619651836417,-107.35508407710059,-108.27094751389065,-105.63890897152541,-105.20447356746344,-106.85196260900285,-104.43035498467884,-105.1366838879759,-106.92088281762578,-105.18927054265257,-105.90039842893724,54,-106.27739806716106,-106.13823136729296,-108.87828913856443,1.3278480127970023,-0.31678280645661977,-0.42229306311626047
HDOK,PLOK,17472,14,14,-103,7,10,2,29,-109.60923829292565,-107.88487194694522,-106.11049624999215,-106.86734863777666,-106.91754861788402,-107.0859653145845,-107.11479977276055,-106.93226230593697,-106.25743916857991,-106.30283253461597,-108.20428049969371,-107.24619985343816,-106.63584971312669,-107.78045395823682,-104.31722547749048,-106.65987646542968,-107.87669134991233,-107.1402858738192,-106.13994298032372,-106.90670918041694,-107.17197040828499,-106.054424376587,-106.87534265736132,-104.98950549187249,-105.54653671475504,-103.80728225963654,-105.14624901511668,-102.97369419526281,-103.49190222557937,54,-106.41542157028776,-106.86734863777666,-109.60923829292565,2.0656191197352145,0.5965970463388931,0.6641505021555356
HDOK,PLOK,17472,14,14,-103,7,10,2,29,-111.01314141779372,-106.30005810312869,-105.80648624328543,-107.08368105436935,-107.18803819984119,-106.1463351842446,-108.3299415791705,-107.6946585446542,-105.33617460687468,-107.81910644517218,-105.58743743126062,-106.42387499695138,-105.07771577688825,-105.04733276605796,-106.88504661657271,-105.8517674050468,-105.52556721493251,-106.87002343221117,-106.70204980733857,-106.53722949221398,-105.79555752864819,-105.89577756153248,-105.40268793221946,-106.81146721726111,-106.1129032158463,-104.56006585928569,-105.82074818744222,-105.84288440345057,-106.18694630965577,54,-106.40188636321899,-106.1463351842446,-111.01314141779372,1.4881180820999567,-1.9188226974054348,5.880740381654977
HDOK,PLOK,17472,14,14,-103,7,10,2,29,-114.03558832486033,-105.86416739130621,-107.5741875789821,-105.6781400575152,-107.71075874867837,-106.97463059148468,-105.56351001272056,-105.37861864759027,-105.76460965114326,-105.68523761445903,-106.31645438238472,-106.75365854421092,-106.5091977819852,-107.97438260271466,-106.29564138870724,-107.04356810582189,-106.18009210320523,-107.7805460521286,-106.52501765663611,-106.02224541556282,-105.10103400775594,-106.03431926297854,-106.51424073699607,-105.69377090403178,-104.47550496821532,-105.68742056251303,-105.61675854394846,-105.6412627769687,-106.80561290146228,54,-106.52414404541268,-106.18009210320523,-114.03558832486033,2.682976047628951,-3.422160177869749,15.117493553527174
HDOK,PLOK,17472,14,14,-103,7,10,2,29,-109.91724617317246,-105.38001173697046,-108.09680371370499,-107.35628382376866,-106.11413581605922,-106.70928177866905,-107.26895556090692,-106.74406423079101,-107.27906776975964,-106.88741919957474,-107.71123412678845,-106.46236330550417,-107.53650500490392,-107.7154910153199,-104.5843869208295,-106.57830886690577,-107.38764009788882,-106.36019331579897,-107.97041746602474,-107.44618245298462,-106.22881262695203,-105.51685045635666,-106.04593761702826,-105.12341677160617,-106.05820010427543,-104.1905937531032,-104.82656322094532,-104.82452014349604,-106.51032233048853,54,-106.58038653105439,-106.57830886690577,-109.91724617317246,1.4988450556774071,-0.20961195185237166,0.5890913149412387
HDOK,PLOK,17472,14,14,-103,7,10,2,29,-110.3525266906387,-105.08914993131462,-107.45160674074343,-106.10636523681613,-106.70260077568791,-106.46040998642273,-108.07300902824477,-107.89011620126087,-110.13973810963134,-105.81321749402152,-108.27352138223036,-106.80306615842966,-105.62721680547811,-106.43313080755173,-104.79099621619014,-105.01988315066562,-107.3831929504469,-105.39811864366726,-107.73395813928155,-105.85545181983102,-107.02038682968802,-107.93959808187087,-104.75647597228424,-104.8663571664745,-105.41688300456836,-105.7504334804878,-105.50668380682951,-105.38075339289854,-106.42294180333654,54,-106.56750999334459,-106.42294180333654,-110.3525266906387,2.1037565018447153,-1.0059835550459368,0.7477383008132246
HDOK,PLOK,17472,15,15,-94,6,10,2,29,-99.42441663382915,-93.38618963186835,-94.4698484880881,-92.57706826913919,-95.27136579527846,-95.14090804084246,-93.45025317847204,-95.45099914117722,-96.52163596845709,-94.61706361755719,-94.0698054044537,-92.56421089702106,-93.058160684191,-93.44902161321907,-93.89876586768752,-93.27444367305107,-94.64083677029282,-95.73176591990418,-94.39606079107222,-94.45367156510676,-92.71258080548618,-94.21735032445605,-96.42740134673686,-93.15072805747128,-91.9731305746194,-93.35749747434869,-94.9768597631148,-92.5417388051806,-92.87906279773398,54,-94.20975316896057,-94.0698054044537,-99.42441663382915,2.3302862806613773,-1.4033522298123282,3.208466900356673
HDOK,PLOK,17472,15,15,-94,6,10,2,29,-97.57850326617509,-92.04740647579749,-92.70227605090805,-93.56856352896995,-94.69865347054484,-95.13501388089998,-94.17986036002826,-94.5048832388638,-93.27410825258094,-95.33235905158713,-94.20926470222416,-94.44319332450345,-93.21214576511937,-93.00398057482789,-94.0165597092505,-94.13058003191169,-95.12739864325643,-95.80685615091882,-92.41114420013011,-93.7479803813284,-93.58577101778775,-93.69818896815937,-93.99486336970048,-93.05908297960757,-95.34499065486271,-94.29953202883252,-91.3701531539838,-94.16758517634452,-93.71465952799952,54,-94.01260544610703,-94.0165597092505,-97.57850326617509,1.4453806141383074,-0.4963093331956808,1.7364005734312191
HDOK,PLOK,17472,15,15,-94,6,10,2,29,-98.61153096296046,-92.67240997885499,-92.54117441378983,-92.6195606365806,-92.96405094371504,-95.34386591919574,-95.11187411574242,-95.16498855462602,-94.00879831102927,-94.48278858567345,-92.42146939478599,-92.95003809470937,-93.59312130040426,-92.79620277519973,-93.53099905295046,-93.28224821358077,-93.8333631128458,-93.27431467731829,-94.55804627473826,-94.76982289733483,-96.37477847701047,-93.81747049890522,-94.04603480583843,-94.86086861656723,-94.49957756029059,-93.30891532314227,-95.82155527466426,-94.87258533425727,-94.75322381547558,54,-94.16847165248917,-94.00879831102927,-98.61153096296046,1.7633690113944847,-1.2777933069332026,2.785018212030773
HDOK,PLOK,17472,15,15,-94,6,10,2,29,-99.99677745100044,-93.69517242665667,-92.42654627701543,-93.90490550571887,-94.34786260497906,-96.32042619695056,-93.93567343159316,-94.60605937430186,-95.56726378962475,-93.2914407266377,-93.53734535903956,-94.02153866968204,-92.07080249000315,-94.44085390964091,-93.87894559884428,-94.77528604707925,-92.97158501367889,-93.74584280512204,-94.89000841241088,-93.23921548287505,-96.28786815897226,-93.73186383985038,-93.44357356588526,-93.96339297867827,-95.93398603316307,-94.05710614749637,-94.90243657871379,-95.8602117885472,-93.51951150346272,54,-94.39184490233185,-93.96339297867827,-99.99677745100044,2.2078436331302527,-1.8800922154531579,5.791685478656147
HDOK,PLOK,17472,15,15,-94,6,10,2,29,-98.34059036366756,-92.90068179960922,-93.12982313625079,-91.82485256040883,-94.2939637563711,-95.48494515687469,-94.36147037579988,-94.75703165522152,-93.44173566701619,-92.93751079850641,-92.6869329396945,-93.22538306711279,-94.115593315579,-93.19271459832686,-94.00681922620807,-95.55053638845686,-94.721331267187,-91.22659321676201,-93.43622551513032,-92.92131656807396,-93.22466049130081,-92.23498578571245,-94.93351748410633,-93.11599224385367,-93.51104827796503,-93.2355103123148,-93.46854006193198,-93.91555664984472,-93.57281575474808,54,-93.71616132531156,-93.44173566701619,-98.34059036366756,1.7030691812539305,-1.4094530100463905,4.360267682681556
HDOK,PLOK,17472,15,15,-94,6,10,2,29,-98.75072781637142,-92.55429358709848,-93.02204376733475,-93.84677266551725,-95.33012780512107,-94.48821162420228,-93.4814901731048,-94.33626498330844,-94.01659434717119,-94.23673446935993,-94.27572362538605,-96.06956130872855,-93.85576522242975,-93.71571564623379,-94.92637106412455,-93.88995876723061,-93.1358536320951,-94.20297072422153,-92.2394404677718,-93.19252267511038,-94.27770762086861,-95.29420192738026,-94.04544466704063,-93.44543121902112,-93.79596768109015,-94.52968122297726,-93.2606923813671,-95.30962747883748,-93.45731866163128,54,-94.17183507697018,-94.01659434717119,-98.75072781637142,1.4496388282959884,-1.891118369622005,6.155210587182957
HDOK,PLOK,17472,15,15,-94,6,10,2,29,-98.5427280076511,-94.43785779181226,-92.30193333795553,-93.4181290614452,-94.63408054956483,-95.73098010911515,-93.25514359744851,-95.41484400205016,-94.19382984368312,-94.75266215001837,-93.18809919386524,-94.7020959118919,-93.0671746916889,-95.11350502830781,-93.9107351793797,-95.63649604594704,-95.62441014687758,-94.51263439290786,-94.16907768381755,-94.95301218969473,-94.20620017573295,-94.74654986748503,-95.23231807220688,-95.32134538282301,-92.87877657597835,-94.13648345006118,-92.28558123639725,-92.68654197628746,-93.74253983818389,54,-94.37226777552684,-94.43785779181226,-98.5427280076511,1.5947470418966856,-0.9001457049126564,2.6814681275918244
HDOK,PLOK,17472,15,15,-94,6,10,2,29,-99.07644992012392,-93.69526911790209,-94.46226431300397,-93.08125268685426,-95.18344454622049,-92.6434119565631,-93.7907070405854,-95.061342166404,-92.79214252342668,-93.84720617860006,-95.20161896104315,-92.97465110472666,-93.55067165021104,-94.86725810589472,-93.56485016979131,-94.07706903685268,-93.5567597994266,-92.56680611203328,-95.43531077720178,-94.51993701242877,-93.1871806757577,-93.0676850496836,-91.94313891087059,-92.94453960140342,-91.90737500966573,-96.0422588813065,-93.95652791505644,-95.06504269132225,-95.24232135330566,54,-94.04498252647123,-93.7907070405854,-99.07644992012392,2.0374221487205966,-1.4163287981120496,3.861203929633883
HDOK,PLOK,17472,15,15,-94,6,10,2,29,-99.98629180390684,-92.90151951235767,-93.60876306776098,-93.07558222451088,-93.49984408949807,-95.15910298313895,-96.29251076042162,-95.20312607867345,-94.3078895312988,-95.2486379168267,-93.68196249469456,-93.69138225300954,-93.49356634541617,-93.79165357632405,-92.3653997819078,-93.12169195167806,-94.28999454101522,-92.59862985132995,-94.13137499320719,-94.94023535708875,-93.23606823151937,-93.48624410541869,-93.36641403552119,-94.06313722145057,-94.21148719887609,-92.69271465420961,-94.99612784210346,-95.01039085947563,-93.4225606602113,54,-94.13359668699486,-93.69138225300954,-99.98629180390684,2.0594891125243744,-2.427787407438975,8.58354664459631
HDOK,PLOK,17472,15,15,-94,6,10,2,29,-98.5462478122169,-93.27672546348606,-92.9635221906087,-93.2201262834739,-95.3565902503305,-93.79966050713865,-92.51504248877973,-93.84865689957925,-91.32037133275195,-94.54732100841855,-95.20459473302975,-94.72778452372059,-94.22381639040944,-93.26870019378342,-93.38552400828517,-94.28391282052874,-94.16461832397678,-93.89683458986718,-95.55921541745464,-92.62320626844053,-93.57181475498399,-94.76786491911454,-94.95241323789509,-94.77415497306684,-93.27791427527752,-95.1436570079028,-94.46195871248659,-94.73456233262033,-92.96890496519983,54,-94.11674885120097,-94.16461832397678,-98.5462478122169,1.6338026764533455,-1.053256741563523,3.9782964701909074
HDOK,PLOK,17472,15,15,-94,6,10,2,29,-97.8084638673852,-93.44545541989827,-94.8003878067646,-93.82259360449424,-92.3669856972284,-95.35288818229104,-94.69041173674876,-93.19436556953657,-93.63317593370529,-93.06770840615326,-94.91998390054177,-94.71717011015639,-92.54479391781693,-92.79278237758487,-95.18576398042731,-94.79367762227685,-92.8640085955829,-94.5944504286227,-92.64581761844666,-93.02335417855447,-93.66406247851756,-93.94078291857387,-94.68220386204213,-95.93225221987383,-96.76771910777595,-95.34865694681251,-96.16902321380005,-94.00957300766314,-94.53197741695985,54,-94.32105138366327,-94.53197741695985,-97.8084638673852,1.7002333278134594,-0.6484195340227505,0.2983579665681373
HDOK,PLOK,17472,15,15,-94,6,10,2,29,-96.7738434332202,-93.40667250316801,-92.91517325264788,-92.125263111097,-92.68258240901962,-94.07851249241467,-93.0588363347045,-94.27162180955195,-94.03828389780737,-93.05525087351353,-93.50487503014445,-92.5606956030275,-92.84376438793728,-95.82053479206635,-95.38386769550127,-92.63700982704769,-93.73880509022837,-95.47035754847184,-93.66854911060393,-93.15438225232155,-94.53679225564026,-93.7748704663758,-94.59441819094863,-93.74682257800335,-93.22729883643531,-93.95915707498064,-95.33591933292067,-95.24953073359397,-94.65499338112075,54,-93.94029945877634,-93.74682257800335,-96.7738434332202,1.2122633837750991,-0.6582729527430071,-0.023387360678253533
HDOK,PLOK,17472,15,15,-94,6,10,2,29,-99.8968609600276,-92.27368901993478,-95.21075987958798,-90.23787741631551,-93.74263818052084,-95.19008067057587,-93.25502594020287,-94.84452493456705,-95.15680787065226,-95.32263332871646,-94.32666734724822,-94.77021797282242,-94.29139087679025,-92.69282641881071,-93.31255862257795,-93.60951965423088,-93.70205710269525,-93.18821779588797,-94.58896223734112,-93.86953555880838,-93.45462705381614,-93.63819241561845,-95.00866874929947,-93.15246150236086,-94.50097022442087,-94.3177605394135,-96.2453066166292,-94.77970889865256,-94.91463202782256,54,-94.25845447642581,-94.3177605394135,-99.8968609600276,2.431239346270892,-1.0507132721209678,5.8566777901339275
HDOK,PLOK,17472,15,15,-94,6,10,2,29,-99.60292028206402,-91.4686780723426,-93.01312199508045,-93.03519642878626,-95.07889886123384,-93.49447726464999,-93.94341556392811,-94.75802433103836,-94.94832882174705,-95.19136811146049,-94.7058614074008,-92.48105092667949,-93.18423884319213,-94.6047251126763,-93.40207366466595,-93.21940454005284,-94.15355062103822,-94.90074990801902,-93.91242805530754,-94.98489120854455,-95.77002800662854,-93.96283143146285,-95.34816616526537,-94.23988497421388,-93.85989763564766,-92.77800434332502,-94.95268496202054,-96.36794133248995,-94.79393109974338,54,-94.35023358519673,-94.23988497421388,-99.60292028206402,2.094738637892686,-1.3827790638685469,4.949798940695782
HDOK,PLOK,17472,15,15,-94,6,10,2,29,-100.0353263675811,-92.8919010881556,-93.92698096677262,-91.75474631664105,-94.81223796168,-95.03519421393378,-94.30393292572985,-94.18262122021335,-93.5527774193745,-95.52884944418288,-94.47138713156949,-93.4463364030839,-92.05941523772498,-93.71225872289769,-93.55306463715068,-95.65422493748999,-93.33372601168175,-94.44100680451898,-93.48116196307367,-92.20054844423453,-93.83223705072176,-95.38095808802512,-93.57789216191507,-95.86029295211573,-95.2085283373264,-94.33272598204957,-94.14443862851711,-94.0376731504189,-96.37662645582807,54,-94.31479555257268,-94.14443862851711,-100.0353263675811,2.3619107956577983,-1.6223375442323915,5.513295429783113
HDOK,PLOK,17472,15,15,-94,6,10,2,29,-99.8066566608434,-92.98896720584123,-93.07877498817953,-93.31382560902841,-94.70045314484723,-93.77281724790208,-94.89667551975177,-94.35143565059363,-92.82374375858564,-93.63496246203516,-94.9826441960922,-93.23015119981584,-94.34357128622841,-94.7747210468787,-93.42075491621426,-93.6141525441674,-94.56662720542026,-94.62791977267901,-95.35468183564582,-94.71664028959387,-95.0371390329909,-95.17058766442585,-94.27810363044121,-94.63984724126557,-95.49325017711183,-95.44886359174671,-93.46334049245078,-95.86067973259323,-93.87757644816696,54,-94.492053950053,-94.56662720542026,-99.8066566608434,1.6853771144596537,-2.281255645194467,8.697097333308335
HDOK,PLOK,17472,15,15,-94,6,10,2,29,-98.65997266766146,-93.38539063665216,-93.69778116749272,-95.34983418293012,-95.84099358200234,-96.37778894613692,-94.0587967627681,-95.11810249185453,-93.4774952234267,-93.12329320440084,-94.86811667379969,-94.42267725518269,-91.81435941507192,-93.14921419537868,-94.07723077204798,-94.93809903659053,-91.11312622374916,-94.41971145595872,-96.07129392064489,-95.29744781069425,-94.26452838929426,-94.83929983101751,-92.7503278432164,-94.68573355060991,-92.36090952323315,-95.63014889070497,-94.8778089043185,-94.72777753985804,-95.1236438681265,54,-94.43175530913186,-94.68573355060991,-98.65997266766146,2.1536189235345957,-0.22340511743535188,1.5575825061793878
HDOK,PLOK,17472,15,15,-94,6,10,2,29,-98.4041435493841,-92.43118601358903,-93.08084208856157,-95.25177835154699,-95.13485780109636,-94.18257996874931,-92.49892793990233,-93.61149286388049,-95.50124623482374,-93.44750016614563,-96.71675677883191,-93.02886678943956,-93.8799435580694,-92.84378391226613,-92.14797392529127,-96.18159806754859,-93.81794741624002,-94.14622542550602,-94.77303747830939,-95.69827314905156,-94.36717541892045,-94.76155515067977,-92.49152809700107,-95.44876292784991,-92.99780880621718,-95.86604661138854,-95.03664874906191,-95.41657083911123,-94.10783375401462,54,-94.38872040801648,-94.18257996874931,-98.4041435493841,2.0772834164309253,-0.5902784804600276,0.42752779863456425
HDOK,PLOK,17472,15,15,-94,6,10,2,29,-97.88495682891686,-93.5228495423635,-93.58307499636213,-91.88387337988523,-95.37255530153541,-94.53131381237422,-94.48814560421775,-92.78481846137326,-93.63926089036097,-94.6214805665674,-94.44606867638494,-94.49232944209055,-91.95619913872984,-94.04938416182999,-93.78482913073678,-91.80212600071013,-94.58655713246664,-92.2619980713732,-94.1752643154523,-94.32565077035844,-94.45818636653196,-95.2277435874706,-96.08779521230436,-91.5473380065202,-94.31610742863106,-95.48860009594813,-94.01302309298295,-94.74234590257045,-94.1262959725182,54,-94.07586799619196,-94.31610742863106,-97.88495682891686,1.7992105128896922,-0.21730957626342057,1.2465093555439188
HDOK,PLOK,17472,15,15,-94,6,10,2,29,-100.74879729023228,-93.06898715274356,-92.44123457718108,-91.54903158001383,-93.54820489122038,-93.58703402207001,-95.37554283102503,-93.60873998793542,-93.87594521561181,-92.65624909828907,-95.14602290435397,-93.65623158232964,-94.24028940861349,-94.37900489709628,-93.77050691071918,-94.81595664688811,-93.45786580967886,-94.1791462021985,-92.82831309025173,-94.14364495131974,-93.42647811363844,-93.68998298615173,-93.68133330299415,-92.76743152902033,-93.72855410089336,-94.95916473937329,-94.9778279611838,-95.25789970257593,-93.14924524719694,54,-94.02464368044139,-93.68998298615173,-100.74879729023228,2.3946880750935584,-2.7913915380554224,11.811982512478401
HDOK,PLOK,17472,16,16,-94,7,10,2,29,-95.22400064459148,-93.19782716028844,-95.69544641106624,-92.50436683610337,-96.35156954243352,-95.91503408435896,-94.71965673339413,-95.54866373880085,-94.89888068495736,-96.45069855867409,-96.04627855653388,-95.66781981940612,-96.72531758674671,-96.3839471043047,-93.66369579819607,-95.74986369068414,-96.52556538533746,-94.37764591747063,-95.90701006020637,-96.5566643153898,-97.20714331864576,-93.75585074448593,-98.18015112700121,-95.74933750653803,-95.59770977520164,-96.06085174609782,-97.54467905755835,-95.83290177753634,-93.77387457097389,54,-95.5797397328615,-95.74986369068414,-98.18015112700121,1.6348990902840632,0.51544733751886,0.23476838001216382
HDOK,PLOK,17472,16,16,-94,7,10,2,29,-94.9205610891791,-93.88426424447565,-92.41861023574907,-95.8004039662681,-95.03822931248526,-95.8192990822008,-95.63549430577496,-94.56899414502765,-96.38263670616561,-95.38467612991133,-94.93314591879941,-95.24250320908874,-96.12141195496275,-95.62533894064349,-95.96484014109757,-95.0108666776586,-96.4755754282783,-95.50924643348299,-98.38681242303724,-96.32940856368754,-94.26010024328235,-96.20498411363731,-93.46921272595421,-97.85455238052403,-94.98071137520041,-94.36446549547195,-97.07364049789678,-94.28252043439518,-94.32744994630237,54,-95.38861917657374,-95.38467612991133,-98.38681242303724,1.5164707416610674,-0.16542886655039207,0.8212825531442429
HDOK,PLOK,17472,16,16,-94,7,10,2,29,-96.00033115187773,-93.52722322820935,-94.90899132711904,-93.55715000715139,-96.80283069947838,-98.15880701602964,-97.06907480524795,-95.72965954408623,-95.85067120097193,-96.15049289791955,-96.85059766036527,-95.08045606308502,-95.19535113747379,-95.19192685411338,-95.79514517414609,-95.84420171477979,-94.73115141038022,-96.93116130105031,-95.24643091695125,-95.45909013410389,-93.74880303324723,-95.016400202565,-94.06429025215323,-96.55612440167376,-95.53400058937147,-95.19710252083942,-97.4517480065739,-94.66068397400133,-96.70213830683213,54,-95.62110467351025,-95.53400058937147,-98.15880701602964,1.2860715963391987,-0.06622322431679598,-0.2539916700263585
HDOK,PLOK,17472,16,16,-94,7,10,2,29,-95.14391953331761,-91.10709706142272,-93.1011342698882,-96.57810012136214,-95.28664989809057,-97.63698429464648,-96.2202411442224,-94.72645484157991,-94.8361464472673,-95.03049446770348,-94.86824838782009,-95.77676430241424,-95.11657216534546,-94.12297908513857,-96.11739213659285,-96.06770783175239,-95.86410640376961,-94.5891928331052,-96.38187777995748,-97.0257312437628,-95.31981919008047,-95.4628125450658,-94.73451661387759,-96.57288825779385,-95.66816469926326,-94.91927428151095,-96.86947555863306,-96.26722359341613,-94.15422097458953,54,-95.3643513780479,-95.31981919008047,-97.63698429464648,1.5827528231817847,1.2269415399605728,3.349818173145301
HDOK,PLOK,17472,16,16,-94,7,10,2,29,-96.62874961101649,-93.26535616508711,-93.97408909877893,-95.99195605909846,-93.43179138610337,-94.09424139223594,-96.7637479708547,-96.30629536029393,-97.22724526379994,-94.43901509641817,-94.59046875821497,-96.79041709200659,-97.02157518554905,-95.59085115346946,-94.92154896129267,-95.83242407550092,-95.98730035807966,-95.27303179461242,-95.00082454184871,-96.84521781750837,-97.13477573890889,-96.07789207193372,-96.7785308178929,-94.6506638736057,-94.73696736190331,-94.4529776201515,-93.88562752691209,-94.4514423540452,-95.5842686241409,54,-95.43894114245738,-95.5842686241409,-97.22724526379994,1.3690465889743018,0.10756825484139833,-1.2004255320201787
HDOK,PLOK,17472,16,16,-94,7,10,2,29,-94.997625953218,-93.8976151294276,-93.99055010360617,-95.14010850255589,-94.34991629257955,-95.39370089664341,-96.92643805263387,-93.34919370350669,-94.06364058677232,-95.93100309243651,-93.40637633997785,-94.30766926037508,-94.47987482478972,-96.88809356101163,-95.79335329986162,-96.73107546675124,-95.50978333526524,-96.51449905279496,-97.02435886061164,-95.13115135168489,-96.92269579406643,-95.76036082985668,-93.94214227359015,-95.84420088358128,-93.21407845761514,-95.67757714589102,-94.57779779144877,-92.34813150988906,-95.16542560259627,54,-95.0785668260358,-95.14010850255589,-97.02435886061164,1.5508575980512904,0.14876434933675448,-0.7283460999433191
HDOK,PLOK,17472,16,16,-94,7,10,2,29,-95.07520821017494,-93.53405927294163,-94.76721924659314,-95.94219471645147,-92.80317023824306,-95.50968942675964,-93.71633978206259,-94.00169477465674,-92.81168044910397,-93.997160023574,-96.88324152460724,-95.85626245212629,-92.78993637490407,-95.25517034097629,-94.97927202051355,-94.86756945481135,-95.15352793417306,-95.98263224620273,-95.8834498980385,-95.5444037121698,-95.40916679247165,-95.18038665773416,-93.62963713036737,-96.66721227338178,-95.46971613017148,-92.87007791512637,-94.43451303777044,-95.53373193018729,-95.72731525159868,54,-94.83709100751355,-95.15352793417306,-96.88324152460724,1.3073486156922245,0.42550189927971943,-0.6959743609188207
HDOK,PLOK,17472,16,16,-94,7,10,2,29,-94.37021214256158,-93.60306216016744,-94.93210434976122,-93.07506409899554,-95.0598719315242,-94.97251271142821,-95.5648870102525,-96.19587967832985,-95.53509288253409,-94.36988193706084,-96.1825298262289,-95.34207083160338,-96.48230969643522,-93.37905622771682,-95.91146853585236,-95.50506762143263,-96.92376600449458,-97.29068491815572,-96.73161585979392,-93.92519523020533,-96.71883407319685,-95.6557595070289,-96.55651390353157,-96.38527001955134,-95.73376542112932,-95.0682172913592,-93.75700193967745,-94.65570265228159,-94.98452806046183,54,-95.34027332837077,-95.50506762143263,-97.29068491815572,1.2275166205125814,0.29182327784028,-0.6949384807826848
HDOK,PLOK,17472,16,16,-94,7,10,2,29,-94.83326007094514,-92.82788364885438,-93.3772004130494,-93.9927727166984,-96.21121081265447,-94.52296348046637,-95.38391871451243,-95.91418026080196,-95.20916669177049,-95.01517402717504,-96.50621082572802,-97.28579909915939,-95.33579117126686,-95.81552197878048,-95.4601554067971,-95.62997391373838,-94.41376632280932,-96.24350078577501,-95.17178931707427,-93.85027164479229,-95.93909152022879,-97.07338823957599,-94.94249129905357,-95.66207776030276,-95.33308473448115,-96.9340158716375,-96.91478652775584,-94.46343817730317,-95.00476026750637,54,-95.35405674829981,-95.33579117126686,-97.28579909915939,1.1389573162654443,0.2622071421542122,-0.023490403498405144
HDOK,PLOK,17472,16,16,-94,7,10,2,29,-95.15319573153717,-93.73731644259439,-94.78646656554446,-96.89465947829437,-97.03130922007193,-95.79359261894353,-95.72201357155288,-95.11962020358114,-94.26493665395088,-94.81574125086894,-96.30547189881766,-95.77570184177989,-94.65382607355507,-96.01896134023558,-96.28315320813408,-95.56763424418314,-94.75690906538485,-95.94817101991433,-96.82958811105797,-95.90713786047743,-94.2116344267197,-94.2315984368419,-96.29164404054121,-95.6986965056916,-94.21304615720359,-95.35628592718807,-95.24684488788374,-94.93490664086549,-93.97117742733482,54,-95.36280140864653,-95.35628592718807,-97.03130922007193,0.7966032354715139,-0.04391871585382522,-0.8422590393017235
HDOK,PLOK,17472,16,16,-94,7,10,2,29,-95.7608805097702,-91.7975801408387,-92.51142817263965,-93.23610884671378,-94.1073744133006,-96.58162748708509,-95.18509730721772,-94.73687267136461,-94.17930859927966,-94.49781930397893,-96.62039512983631,-94.96344745477283,-93.59587517210053,-96.7333987204633,-94.56782281655657,-95.58500233672547,-95.69905686287792,-94.09772880567537,-97.15876095340505,-95.35818215952712,-97.21967899543176,-96.9180146148664,-95.75820793562185,-95.90754424809396,-94.74777598963239,-94.83299879036937,-94.22625074199001,-94.81966978069869,-95.14294558630115,54,-95.0533398119702,-94.96344745477283,-97.21967899543176,1.701888318057565,0.3841117961398407,0.16676287554323466
HDOK,PLOK,17472,16,16,-94,7,10,2,29,-94.60235635248442,-92.34448600918884,-94.01671201855902,-93.4934193805911,-96.14610568254349,-96.41389130346268,-95.9026396283333,-96.32355660085587,-97.64417138294448,-93.81221258110537,-95.82184423754732,-97.06700549714579,-96.58942118848393,-95.44269544937482,-95.78673566782341,-95.18395701038459,-98.05604714255362,-95.95326726028898,-94.59954968710126,-94.99321892767212,-95.07313206642975,-96.18308035343702,-96.47409264069836,-95.69217660900787,-97.0542872798164,-97.41728250652412,-95.5332737031597,-95.35116658690123,-93.98272245810082,54,-95.61912093836277,-95.78673566782341,-98.05604714255362,1.6519552347834006,0.4177333199401587,0.21338652296741412
HDOK,PLOK,17472,16,16,-94,7,10,2,29,-95.23804302794268,-92.05689932439688,-95.68230778302163,-94.76027946667469,-95.7033099169485,-95.11153681166519,-96.25172892576637,-96.8200045618662,-95.70760226463047,-93.46178437962325,-95.57163266578983,-94.82524486733912,-95.77162036589016,-95.00482571693121,-94.19168995956151,-94.69875417492797,-96.48038190128572,-97.2770616964908,-94.87476286783642,-95.4204934785858,-95.47888043990638,-97.06685502299639,-95.7517711427946,-96.05102465814103,-95.1462451043165,-95.15731939897903,-94.49478606206443,-95.92673612649398,-96.10745281077372,54,-95.38244948012552,-95.47888043990638,-97.2770616964908,1.0716023367132466,0.9721769422123319,2.649315335878995
HDOK,PLOK,17472,16,16,-94,7,10,2,29,-94.30137240141966,-94.04515682110335,-93.9285765619641,-94.44693981645707,-96.07698763209002,-96.8311536373225,-94.41850691232794,-96.22995067114842,-97.10846446428407,-94.57695617365812,-96.69044143794841,-93.73447951857872,-94.5750385536343,-94.36083341058071,-95.39585587450067,-94.01261582838964,-95.0460817655898,-96.00909718297433,-96.13257572819668,-96.16369104981914,-94.96411360475433,-94.93263086397316,-94.93052553487843,-95.49164075715639,-96.15410768354332,-96.66603100076973,-95.00787561752651,-95.667798016259,-95.47411689689312,54,-95.28874535923251,-95.0460817655898,-97.10846446428407,0.9066310465753268,-0.1927679660416298,-1.099550763598872
HDOK,PLOK,17472,16,16,-94,7,10,2,29,-94.8404047331361,-91.67780622398472,-93.04014848823938,-94.8308059825472,-94.76391888302588,-95.01459528348634,-95.79729775222137,-96.27106039837459,-95.566466732492,-94.92463439545665,-95.8064748445009,-96.17741035390235,-96.19791756743938,-94.87210661833424,-96.24152777073769,-94.54504656779429,-96.22715325095555,-96.97197235933203,-95.6427443590683,-93.52612209281853,-96.01489790757907,-94.94966607045995,-95.37238429860075,-95.77592965923075,-96.03749650024584,-95.51413486316378,-94.47194440054683,-94.05686037576159,-93.02896487993193,54,-95.10889288321958,-95.37238429860075,-96.97197235933203,1.331234873169853,1.129668327432168,1.4328291192483076
HDOK,PLOK,17472,16,16,-94,7,10,2,29,-95.39248464068794,-92.55925395891433,-94.50165977486665,-92.87343761466586,-95.00616528075037,-96.99635960039907,-95.80895424264504,-97.43271088035591,-93.68019338031156,-93.20276805147401,-96.86874572969859,-95.4236809009948,-96.42700894109319,-95.91779074253212,-94.39712211541354,-96.25062565436146,-95.41626828424461,-94.57524298032814,-95.50671760250943,-97.234063507707,-98.19655884911009,-97.26542098144533,-94.77689806802637,-94.88989488990119,-94.30256230327228,-93.91203014197316,-94.02667351966295,-96.26464896500892,-94.78166958965875,54,-95.3064693514487,-95.39248464068794,-98.19655884911009,1.9808258382385722,-0.051466661178448954,-0.5751151641344694
HDOK,PLOK,17472,16,16,-94,7,10,2,29,-94.79708239052472,-92.8230161299998,-94.44424714457114,-94.19150677757698,-95.42069586718785,-95.01310790672959,-96.05121628902587,-95.84930856378408,-93.70824231933473,-95.28423407799859,-95.05343447230493,-96.68595756931715,-96.07907827524662,-96.20046971869382,-93.69578475032942,-94.75475872638353,-96.6605875125711,-98.18461622777068,-95.69189280357956,-96.45297777747534,-94.90449403845534,-94.48835312263805,-96.68639083271235,-96.92441460705056,-94.5065327587576,-94.24107060120735,-94.10191319016803,-95.28075410134255,-95.46845143191481,54,-95.2980893098156,-95.28075410134255,-98.18461622777068,1.3228524859072877,-0.2408256805987693,0.12471494740443312
HDOK,PLOK,17472,16,16,-94,7,10,2,29,-92.98966392732943,-91.92591630034792,-93.43053589734993,-94.64480979197779,-92.93766467562381,-97.7762241019666,-95.65442690423073,-93.51935849108605,-94.8313621804382,-93.91834036542875,-95.2819144101671,-94.65036160784774,-96.58314639835216,-94.74464157760686,-94.46087853911843,-97.09114783468588,-94.25582709020803,-96.93967313050449,-96.68088415024587,-96.74183588679021,-94.02965664430366,-95.82982960809458,-96.47715629571339,-96.10622694369599,-94.75504314644827,-97.8232786101905,-95.00102936808193,-95.75305896327878,-95.12814951701559,54,-95.171104908901,-95.00102936808193,-97.8232786101905,2.147382745347314,0.09039152026770743,-0.49958434778324357
HDOK,PLOK,17472,16,16,-94,7,10,2,29,-95.61862850392822,-92.60442148085183,-94.03333983260303,-95.14186991817586,-95.99752034466503,-94.30732374212857,-93.3603235281043,-95.45786585548046,-96.40475039201361,-96.68526486291499,-95.07987657471337,-95.11373821342235,-94.86994797877466,-94.72088012055143,-95.22153770867126,-95.82281818603303,-97.34404235133022,-96.15452675901544,-96.24239160478031,-94.03966774139839,-93.76682191518789,-96.21554564990973,-95.18003951253449,-96.47956452808006,-94.64438786501287,-95.72157580783579,-95.3576035861813,-94.52747870507031,-95.2459182763375,54,-95.21929901881747,-95.22153770867126,-97.34404235133022,1.0786176837221628,0.38797508487956117,0.23524379332197176
HDOK,PLOK,17472,16,16,-94,7,10,2,29,-95.60612377025826,-94.27006315595422,-94.50965904219645,-94.43441722743935,-95.81779926599566,-97.41410299201225,-96.82340235866005,-93.86058954417706,-95.53041185570281,-96.21939959026685,-95.51256192533283,-96.07690627632616,-95.79441648412273,-96.47775907980603,-94.96607250347368,-93.68422964316787,-96.35235338243356,-96.29066833507918,-96.28360865408389,-94.92604409301002,-95.14368685457073,-96.91497910983699,-95.92038534628352,-94.47454840156577,-95.94602783328936,-95.40050210385944,-95.87689434481246,-95.85872686534606,-96.4276428558675,54,-95.61427527223898,-95.81779926599566,-97.41410299201225,0.8253189619343796,0.3772256026027652,-0.34761371216213366
HDOK,PLOK,17472,17,17,-95,9,10,2,29,-101.23196249595473,-96.630121533494,-95.76521674655578,-95.16489777189442,-97.1359407461191,-96.55115691720552,-99.48293067181758,-96.30942393411924,-96.09037785937437,-96.9334157964731,-96.72076085550498,-95.69884173156933,-97.17683113549865,-95.35920219563641,-95.11599272591786,-96.03994098749895,-95.5624818384977,-96.5184203698705,-95.59068817744932,-97.21441780509632,-96.5413943067959,-97.45159601975944,-95.4481572097335,-96.55963175284222,-96.24085234166954,-94.09759600906858,-97.60513454514972,-97.70544249257901,-96.26207644185972,54,-96.5587897729312,-96.5184203698705,-101.23196249595473,1.7830382243242955,-1.5916004650090614,4.5067629739275095
HDOK,PLOK,17472,17,17,-95,9,10,2,29,-100.4167063617211,-95.91537105820294,-97.22154865958409,-96.91416006473045,-97.11241084339613,-98.97747810414263,-97.89569377555803,-97.72869985519408,-97.96973013381182,-94.91040460146048,-96.52354959199154,-96.72935484745996,-96.11207437285691,-95.99618901662575,-95.37058510477628,-96.93043163935003,-97.23630909391802,-96.67773090810184,-97.58098103169324,-96.94684710730706,-95.9387695352363,-98.00220132329352,-96.9943459760721,-93.89601696777805,-95.24319247854002,-95.63026467242094,-94.73958194031627,-96.05780597674269,-96.95190801632504,54,-96.71104631236577,-96.91416006473045,-100.4167063617211,1.6907645636137594,-0.4302091728862816,1.3119763632805692
HDOK,PLOK,17472,17,17,-95,9,10,2,29,-101.37219995965393,-93.74616579892442,-95.16327384051114,-96.39848417835844,-95.3301751703426,-97.65127656652987,-96.89074764398057,-96.00901885051796,-95.52068324601665,-97.12138630862799,-94.6633036994864,-95.78222667520592,-94.45337924510932,-94.85912476565946,-96.62280601206477,-96.16930288802075,-95.91312953335857,-97.4545014090394,-95.89337535824356,-97.35706420887534,-97.48486851273165,-95.71038718434001,-95.65130352037195,-95.84695256519403,-95.72489697094,-98.57401442303852,-95.34085006735587,-96.20552208627136,-96.57060205374671,54,-96.25796630146611,-95.91312953335857,-101.37219995965393,2.006318312884504,-1.564121510266335,4.721547051291475
HDOK,PLOK,17472,17,17,-95,9,10,2,29,-101.25728193315622,-94.5691498747745,-94.96318477079319,-96.0297757044816,-97.910706496988,-97.89054528397057,-97.15156693878012,-96.1364973358861,-96.68967218379586,-95.43573425774518,-97.58854488088447,-95.8475153018183,-95.08347925213235,-98.84880996229417,-96.07496354141419,-93.73708552768815,-96.31837545091844,-96.62911053763135,-97.89481522040614,-97.34873524052915,-95.52795321092938,-97.14730887705765,-95.82211647001455,-96.93979274582487,-96.4620005397028,-96.74147155505499,-96.32597446399184,-96.50299320138392,-95.93515585267782,54,-96.57966609009398,-96.4620005397028,-101.25728193315622,1.9481962077731174,-1.0703787078415432,3.3174014162342993
HDOK,PLOK,17472,17,17,-95,9,10,2,29,-99.76428094220175,-94.48010159759633,-95.18448004082224,-96.84442610116439,-95.92793086097497,-97.99727979837739,-96.83974657814689,-97.26225297943199,-96.81397098895775,-97.13944009131758,-96.48773763576358,-95.48267866260582,-97.80163751413963,-96.1438798784154,-97.34038196949025,-97.34573136098088,-97.82269214330914,-96.54214402547325,-97.78819484856326,-95.76205696859708,-96.3246059603735,-96.19689341346925,-95.03866807510714,-95.82079349410247,-95.27350055274252,-97.24750261998732,-97.05620908329374,-96.53194225969585,-96.81084535252313,54,-96.65765537233186,-96.81084535252313,-99.76428094220175,1.1399816454913043,-0.4234803006579374,1.2063371335105972
HDOK,PLOK,17472,17,17,-95,9,10,2,29,-100.84621220454146,-94.73600003863858,-96.65561757846355,-95.71993758426349,-97.59454105720107,-96.83261300598252,-96.34709593471977,-97.35238560995069,-96.17987469708221,-95.61612386204857,-96.63082947593577,-96.48800899197086,-96.6671682470035,-95.70919150400864,-96.98810486063029,-96.30131798176122,-95.98214838045634,-95.80004633864576,-98.63099157115234,-97.62123798865359,-97.33890298092905,-98.15865733998096,-95.20998238755439,-96.67740532415942,-96.62749027509476,-97.45319426103102,-97.50456937675006,-96.18943543378245,-97.03329337382179,54,-96.7893923333177,-96.65561757846355,-100.84621220454146,1.3144022520138066,-1.420635279811534,4.238343575440405
HDOK,PLOK,17472,17,17,-95,9,10,2,29,-101.63109391285234,-96.79342578495378,-94.82268322457784,-93.83684740828849,-98.30997619543089,-96.88813677526592,-96.94507905357442,-96.83537801022625,-97.49306023501553,-98.31388968933727,-97.42424506683783,-95.64191144476048,-94.22254741271344,-95.92059607837508,-93.86604844027612,-97.03382247598364,-96.09787629882352,-97.52044935947049,-96.71358185161196,-96.30212714037589,-95.12787995840876,-94.27574482278094,-96.03071564130556,-96.13832642653935,-96.45758001391192,-97.00741219471921,-98.02975176052422,-95.47382899013355,-95.50124336285589,54,-96.43638824241138,-96.45758001391192,-101.63109391285234,2.4714056272686107,-0.910288708289717,2.7993078957785227
HDOK,PLOK,17472,17,17,-95,9,10,2,29,-100.16218456596381,-94.76997235667586,-96.40937913256427,-94.54761126929826,-99.06337611444764,-98.31279634641982,-96.84409741290368,-95.5759645089848,-97.58998012823608,-98.14568792223831,-95.28077981829206,-96.91954908462856,-94.93649286118637,-95.09416753537063,-94.9563462698044,-97.3313203328664,-97.4834831491715,-96.78155050360745,-96.84772794433712,-98.05392496505418,-97.26179787261653,-95.73429963290327,-95.88778147113105,-96.72419853707618,-95.55505398832562,-96.55786773613798,-97.22896734885167,-96.13053148916276,-97.08025192190412,54,-96.6643842144883,-96.78155050360745,-100.16218456596381,1.7378889806046711,-0.5099857224205947,0.26472217269167597
HDOK,PLOK,17472,17,17,-95,9,10,2,29,-102.3419062820675,-94.41128024961681,-94.28821584227556,-94.92086742198912,-97.05817064076834,-98.72821552573512,-97.15528390670693,-97.0115884078945,-96.4338430268156,-98.68868813745621,-95.44261634509529,-97.33830726660685,-96.94339278468269,-94.14199832524628,-96.64707315430636,-96.66447952230743,-95.51913930226283,-95.15401584070464,-95.94037082862343,-96.82341315167791,-96.8056881021685,-97.07410576307728,-96.83346283653552,-95.78131131978213,-97.08807298970592,-95.7792754042966,-98.46686794196197,-95.29159508825434,-95.65666604445533,54,-96.56654867079574,-96.66447952230743,-102.3419062820675,2.5960017867737433,-1.4828204726132006,4.424522976088104
HDOK,PLOK,17472,17,17,-95,9,10,2,29,-101.95539740092971,-96.03671051644537,-95.20493011192414,-94.90511759164012,-96.69027001072942,-95.77161779374347,-96.62475070379755,-96.57069369936785,-96.58889320943688,-95.82260916615627,-97.04645163845586,-97.86019754413661,-97.07676543471548,-96.92517666806552,-98.14190051072406,-97.20327803841168,-100.32886690343747,-96.26280116747117,-97.49143594048452,-95.84336504428347,-98.87998908231897,-96.96468279317246,-95.08644097752376,-96.38453337462914,-95.66754127657794,-96.11231003384452,-95.59299734214795,-96.50991925321428,-95.34771725431929,54,-96.78956415455535,-96.57069369936785,-101.95539740092971,2.2651075575340673,-1.8143249635240497,4.142926168211524
HDOK,PLOK,17472,17,17,-95,9,10,2,29,-100.01940307636542,-93.17916474399993,-95.2480397585351,-95.62457488391985,-95.64897283507514,-96.78476090119601,-97.76474396946634,-96.2500873939994,-96.20626004247558,-96.4688935273497,-97.55972984131843,-98.76739740272099,-96.55338141697787,-94.69667965520995,-94.15098094932222,-97.05180328737997,-97.47989464491177,-97.1700318117543,-98.085738658002,-97.66652642646275,-97.30238066760657,-94.74371069110917,-95.24446080911122,-97.54649785715426,-97.73859629108757,-94.64651750197275,-97.64109909191427,-94.87938052863969,-95.9421782296691,54,-96.48489265154163,-96.55338141697787,-100.01940307636542,2.2252006175195564,0.03825533259200852,-0.05515879344646146
HDOK,PLOK,17472,17,17,-95,9,10,2,29,-101.84123112090211,-94.54561367928251,-97.67585591732497,-96.69743145685263,-97.28289620666752,-96.451577846348,-96.92005391659166,-98.50753656038532,-96.54509584487366,-97.29361218856548,-97.57278892704673,-95.84944168152578,-96.1018808689027,-95.84339123411385,-97.01421367340338,-98.15267966603857,-95.12584219258612,-95.56199291921138,-96.0216432356517,-96.72480528205114,-96.64863314398333,-95.56437324858173,-95.88741597351377,-95.51737045634033,-94.32991545599255,-95.34513711859259,-95.99948174869571,-98.38514232711334,-95.57831163793308,54,-96.58570225962316,-96.451577846348,-101.84123112090211,2.0742368817640195,-1.6322967019265637,4.8175642167305455
HDOK,PLOK,17472,17,17,-95,9,10,2,29,-101.07628064383488,-94.27133931963637,-94.8275607598225,-93.85458563610503,-98.49958293070536,-95.9793326542159,-98.01137560572384,-97.17818637506994,-95.09482047123782,-96.93001138804772,-97.06163202367982,-97.40168592155166,-94.45794203919642,-93.75262240616416,-96.0554711842089,-97.520284087754,-97.61428785537521,-96.20075670356202,-97.78907242979206,-97.07189043359449,-94.9913936040265,-97.43421455716035,-95.95468827462933,-96.89151007359686,-96.1841075341778,-96.18961288357205,-97.0139603937796,-96.77510767073339,-97.15970571271869,54,-96.5256214335749,-96.89151007359686,-101.07628064383488,2.304625077003511,-0.40923852632314245,1.5296534712405143
HDOK,PLOK,17472,17,17,-95,9,10,2,29,-101.20810034685161,-94.68515438839833,-94.66298535511756,-94.3321537829393,-97.10294306208519,-96.87487565345775,-96.74794576272708,-98.01423251948414,-97.46322353431269,-97.93123895302027,-95.38856293591967,-97.09188052633611,-96.08356144925942,-95.41773202048424,-94.71820613263,-96.97202975715284,-96.25312019524726,-97.70420330389119,-97.87017760050777,-95.23056135234883,-97.17390452532274,-95.90956734892248,-96.38066522977377,-97.64310237776957,-96.27491210030914,-97.8596223443872,-97.66093919094818,-97.32177300203381,-96.66388075068629,54,-96.71176743111464,-96.87487565345775,-101.20810034685161,1.9127225566020594,-0.7495704680892721,2.4480757382124376
HDOK,PLOK,17472,17,17,-95,9,10,2,29,-100.54198038302923,-94.89301596639919,-95.26155058535853,-95.65508214985124,-99.8936764687339,-100.16298702197821,-96.50916557480924,-98.3309425393003,-96.56803371651648,-96.55963725823162,-94.86573592102741,-96.837562208913,-95.26071388051423,-96.39607106540905,-94.87402947636362,-95.02458054432897,-95.7955612316909,-97.49479142638998,-95.77244874746717,-98.4550166065367,-95.28347390892193,-96.62434196050394,-97.61503257735177,-95.99216433555586,-98.23561131732976,-97.79760387771043,-96.35186448443665,-96.2328330997961,-96.14111104796652,54,-96.73884894422146,-96.39607106540905,-100.54198038302923,2.438362332358531,-0.9890049113123119,0.329630673649028
HDOK,PLOK,17472,17,17,-95,9,10,2,29,-100.21958219292854,-96.15546908437611,-94.74189503669247,-93.65958563390784,-97.41146898602884,-97.00556486738327,-98.25386143901953,-97.03591739171156,-98.40413403131905,-97.61746350704108,-95.60867715932137,-97.46598366011801,-96.2374344433788,-97.59204670414051,-97.84218507083553,-95.55383243519202,-98.10704574060946,-95.34468371094388,-95.25936794026138,-95.70576176629827,-96.27489324766294,-96.50847148695583,-96.19071788309573,-96.1402186834892,-95.74817407974876,-95.98863921856434,-96.0248996800222,-94.98954641930702,-95.88522452893358,54,-96.51630158721682,-96.19071788309573,-100.21958219292854,1.730691830447167,-0.5460819715529808,0.9582702534231191
HDOK,PLOK,17472,17,17,-95,9,10,2,29,-100.85079120622134,-95.61385490958348,-96.72557104650993,-97.00806128490379,-96.38613704986535,-96.33736378034435,-97.8755175824096,-98.61655344227165,-95.76457394087235,-96.24774668217749,-95.86289432564578,-95.82052746343396,-95.49140560966974,-97.19042413127744,-95.22252946393509,-94.50981007996407,-97.65406547971997,-98.35976094520483,-96.3492724676537,-96.3649934807897,-94.49882965794747,-95.37371577426846,-95.45554784284892,-97.05884277888917,-96.6284561529458,-97.58940924210918,-97.2464952215359,-98.13763233825746,-95.56413143190755,54,-96.61396257976428,-96.3649934807897,-100.85079120622134,1.7739049157977427,-1.0388291091576876,2.032734816146333
HDOK,PLOK,17472,17,17,-95,9,10,2,29,-101.43788553028652,-91.75852008943349,-95.06079472902307,-95.22178702473693,-96.20378244379654,-96.3149370203815,-99.0618509350482,-94.60808642434905,-96.31412202144921,-97.08732865928506,-98.01304913472318,-97.1402634936237,-95.20042573711994,-98.21230053819882,-96.2420584938811,-95.54520830960251,-96.22755068695716,-97.37623155783717,-97.84624275283088,-94.79446118141506,-95.18619063551392,-98.00798876584531,-97.02250912613982,-96.3120680316599,-94.74427938181208,-94.83241074679924,-96.07769684086955,-97.38562933416921,-97.64879129294033,54,-96.44429141102512,-96.3120680316599,-101.43788553028652,3.0151446662430748,-0.21365251204098926,2.214065591842497
HDOK,PLOK,17472,17,17,-95,9,10,2,29,-99.54595500105046,-94.73835534082096,-95.16407661870541,-93.62487325215533,-95.92959924972048,-99.59775966777534,-96.7299492887201,-97.23177133667417,-97.327566467392,-96.59515261777135,-96.19108319696744,-96.17907774180087,-95.24949200473881,-97.04292066450331,-95.34437846949527,-96.58906749786786,-95.50830507650168,-96.44925942693054,-94.71622470062803,-95.4507879437719,-96.03943627208423,-95.3924991929593,-98.19613501739445,-97.03948560501962,-96.15825379548701,-97.9322263035198,-96.28956482275007,-94.8883112702939,-96.97001016338005,54,-96.34867510368551,-96.19108319696744,-99.59775966777534,1.768221814642049,-0.64563915505085,0.8189150186557499
HDOK,PLOK,17472,17,17,-95,9,10,2,29,-101.87134008398013,-95.59416238887222,-96.40779521039585,-96.8874500885606,-96.47026550262429,-97.75869173236629,-95.59889054742412,-95.33423114530584,-97.4771774885914,-95.38845191750966,-97.01552594843733,-97.17292612160571,-94.80009833521339,-96.3566258181936,-95.99091813390268,-95.32573683295827,-96.0427519185951,-96.52591070514217,-97.28193240347362,-96.24417730773324,-97.21419867524429,-96.6153142699958,-98.14136936782332,-96.24961187281943,-97.09425547870512,-95.41255017231647,-96.70540116725462,-98.33351522014566,-96.02956926020748,54,-96.6669256936344,-96.47026550262429,-101.87134008398013,1.7090905128374758,-2.157717961049093,7.599932975518197
HDOK,PLFL,17472,18,17,-95,4,10,2,29,-96.12735724478367,-94.75806439438803,-92.04980322388533,-98.16257544684055,-97.32043922732954,-97.72896499110618,-97.43829220790768,-97.38027016262167,-96.95211691121457,-97.32976345906305,-98.70231769137538,-97.33200476188729,-96.6011284566367,-95.9359914459751,-97.85122158970619,-97.48386001891194,-98.38737935016316,-98.32584678676767,-97.29929719263195,-97.87907187221083,-97.4260222575103,-97.32861198470017,-97.63350450317786,-97.4358482087391,-96.45039307419447,-98.02712189921543,-95.76738919917192,-95.81203646826229,-96.54853646173098,54,-97.01638725834857,-97.33200476188729,-98.70231769137538,1.6514870081169355,2.153018175655653,6.636426376246499
HDOK,PLFL,17472,18,17,-95,4,10,2,29,-95.53395715256404,-93.52837614391832,-94.60446663669495,-95.60370244437674,-98.29884095725448,-96.24462587857927,-98.74360480549466,-97.21229971167698,-98.3739814740854,-96.24492896667167,-96.33813145875476,-96.28595198132761,-98.4527347228946,-95.16452921142535,-98.4085233943736,-97.24115920468584,-96.89350346241264,-96.25615312589943,-98.07103436726058,-96.57881829834201,-95.77427055416912,-96.58319603098278,-96.87370016430481,-97.71716553972193,-97.2786597102609,-96.93534475709535,-94.80625522216474,-96.87588753997595,-97.8913863505879,54,-96.71776514717088,-96.87370016430481,-98.74360480549466,1.5741283978981542,0.4518705839234316,0.0036780290832139073
HDOK,PLFL,17472,18,17,-95,4,10,2,29,-95.50265299120159,-93.74921786831463,-93.2599828338594,-94.33275921002834,-94.67849418927456,-96.41768215846174,-98.02011936848243,-98.75459775088218,-94.21627776114798,-96.31124122834461,-96.79661728578851,-96.3244730833647,-95.2038684826202,-97.32342142885258,-96.0914266675687,-96.38685492083931,-97.7080384307932,-98.62073462634991,-97.96105571385147,-97.21514698882967,-98.1224383581388,-96.24530828740711,-97.70656782625477,-98.62813236635844,-97.57336640207508,-98.8337081800128,-95.94311128999428,-96.71641556793283,-97.04740990491467,54,-96.61003866110153,-96.71641556793283,-98.8337081800128,2.295551819239116,0.5052641194879316,-0.4724889487648283
HDOK,PLFL,17472,18,17,-95,4,10,2,29,-94.68529389823487,-94.2095050110816,-95.20141345994323,-95.82206804116844,-96.97542361167322,-97.77883699576817,-97.52623993994739,-95.97762772748551,-96.37475180842516,-96.96591750323246,-96.76095715787055,-94.92672207553704,-96.15746553289952,-97.98655275415526,-96.93212668550721,-98.49870014764883,-97.51814754756212,-98.04574654494216,-98.57436653642135,-98.02932664822774,-97.97068963163994,-97.20423373267693,-97.54140245781984,-97.24477589468172,-97.22278800076732,-97.61385383628577,-97.40186821666046,-97.58659825388747,-96.97812044510994,54,-96.95556965852629,-97.22278800076732,-98.57436653642135,1.2238128692682761,0.9371212439405459,0.2746555402895434
HDOK,PLFL,17472,18,17,-95,4,10,2,29,-96.44977865598291,-92.70839180988685,-94.65058084016961,-95.58253804764406,-97.10921738025804,-96.97139547245695,-97.91077542010761,-99.66881605702198,-97.148670439544,-96.93253618012,-99.29865256045815,-96.19296836614156,-96.72743302269215,-96.99167354316002,-95.82796199294671,-96.5007576586887,-96.37850235861832,-97.43336524550907,-96.09939011563266,-97.68555175299898,-98.95765880027744,-95.63225982135694,-97.08448988219666,-95.80861857374998,-94.42785736398773,-96.2613762589089,-96.39375583272351,-96.20448521257964,-97.19560844643071,54,-96.6287954176638,-96.5007576586887,-99.66881605702198,1.898704453983608,0.25096498852506655,1.783273550236728
HDOK,PLFL,17472,18,17,-95,4,10,2,29,-95.07778286206938,-94.65776745864403,-95.03003013389043,-96.67329614209689,-97.82801463808393,-97.26803350437618,-98.33764328998699,-98.61004892249231,-96.93378649719689,-95.66091341885176,-98.27996153519771,-96.94041496629491,-96.18725916818482,-97.19246366917085,-96.79964601258652,-97.37663738325134,-96.08732601138543,-97.79788265499063,-97.65715127886924,-98.22405935714218,-98.5711618717682,-98.643116963544,-96.94083181312838,-95.9205357506848,-98.18134450990519,-97.71067871207197,-97.53769471463528,-97.73450736793431,-97.03863436461002,54,-97.13443534389806,-97.26803350437618,-98.643116963544,1.1920684250423699,0.6654397779703167,-0.2881316188191634
HDOK,PLFL,17472,18,17,-95,4,10,2,29,-94.85819857104349,-93.87318082161761,-95.54198895446588,-96.15528778595795,-97.68896204375604,-95.90086378092357,-97.28841055903916,-98.03243405970305,-98.13887276565428,-95.47150881434901,-98.1845640349187,-98.2142502058737,-98.22606562638616,-96.51327653958779,-97.5970026703085,-97.55262717710718,-97.5560735098984,-96.44305079283401,-99.00943755293092,-96.16701629846406,-95.78879777499462,-96.81161446289667,-96.79100630639755,-96.29929052844801,-97.57893947869285,-97.8441387423893,-96.30841174061229,-96.55479373543153,-98.80477498476098,54,-96.93775311446358,-96.81161446289667,-99.00943755293092,1.4208878819260014,0.4544824036303079,-0.0200549395102545
HDOK,PLFL,17472,18,17,-95,4,10,2,29,-94.08783944084847,-93.25464126800138,-95.66665103472585,-95.79913848087205,-96.70384949373023,-97.20799338742196,-98.00638793470766,-96.624529887463,-95.68179006694763,-95.4608034892677,-97.30747610854593,-98.23487565495793,-96.75362126698838,-97.45192240750947,-96.86117285169408,-94.20625265391124,-96.04759843083515,-97.30050918219257,-97.62540098035515,-97.7001958475545,-97.89534995855942,-96.8306849448166,-96.15602530921694,-97.56340599541775,-97.6251641196506,-97.0790658105124,-97.879092876192,-97.09402220386437,-98.83477378893538,54,-96.72207706467917,-97.0790658105124,-98.83477378893538,1.616292322426732,1.0502044916028113,0.9719871693390769
HDOK,PLFL,17472,18,17,-95,4,10,2,29,-95.39620805406946,-93.6001374550997,-96.2456029990997,-96.54171559973082,-97.07359797781993,-98.60037578568696,-98.75987017734941,-99.37753557630019,-95.96634657395224,-96.431645947483,-98.00298888500572,-96.44651441618132,-96.62695951029639,-96.99918941725848,-97.9691249798895,-97.62726106149101,-96.4823986833009,-97.99904673403593,-96.20345967927479,-96.82936952082724,-98.18307483379142,-98.15285182784031,-99.42820518919281,-97.5689080051788,-96.74277489040566,-97.05137192737618,-96.28650519086219,-97.27208459297191,-97.03846717499651,54,-97.13460664368168,-97.03846717499651,-99.42820518919281,1.427879834794109,0.4141934003928199,1.4740112371676743
HDOK,PLFL,17472,18,17,-95,4,10,2,29,-95.46477065798815,-95.44763239580736,-95.77620858647165,-96.46335687418221,-96.0752814217822,-100.9418770529538,-96.23699161894714,-96.77206050756392,-95.24788415900073,-96.97554635417336,-95.48024106156134,-97.39654583820439,-99.42924946861476,-95.74227653601285,-97.13330505125069,-96.24166598948045,-96.6782580354934,-98.72916603258709,-96.7717330287385,-96.52994617160958,-98.13915124354978,-98.31852845638325,-96.78208927210012,-96.70670431974176,-95.79269085019641,-97.41527732205117,-97.23061143886314,-97.37234236740488,-97.01451234599863,54,-96.90710015374871,-96.7717330287385,-100.9418770529538,1.5621216925100736,-1.3704665565335752,2.559436627466934
HDOK,PLFL,17472,18,17,-95,4,10,2,29,-93.34788362040283,-94.00196878668409,-94.220544851808,-94.42196137201996,-95.34033644228059,-97.81120812935953,-96.91193365633596,-97.80013611188525,-96.4659704253726,-97.67687710027266,-99.06485643005665,-97.0951495506372,-97.61808922434084,-98.31077275751971,-97.60279079732604,-97.73394065967504,-97.1293342608581,-96.57885804156709,-97.27664225092047,-98.32345052653096,-97.43215911206941,-98.10255693902232,-98.05716239665679,-96.17099237917843,-96.9161631982333,-97.66127112401594,-96.84440524918065,-96.94935000096241,-97.89780424390402,54,-96.9229161944509,-97.27664225092047,-99.06485643005665,1.900370173262141,1.2177686188220798,0.8900673873092528
HDOK,PLFL,17472,18,17,-95,4,10,2,29,-94.46703067335085,-94.71488870069841,-95.60485257453011,-95.73095482441909,-96.8656482031771,-95.45940037840197,-94.77972291976843,-97.82324427828313,-97.63288160576413,-96.56936072053382,-96.74598197484858,-98.70102059276672,-97.95735045744728,-96.36643824045179,-95.66355107282615,-95.48334407682931,-97.30487217618833,-99.24189633873962,-97.03114813743173,-96.58097667125823,-97.96015507276309,-96.13643468109825,-97.40655681499108,-97.27130825804296,-98.07467899092175,-95.24212676970328,-96.10836375935936,-96.43047598068128,-97.85303511651477,54,-96.66233448488934,-96.58097667125823,-99.24189633873962,1.4527377423287127,-0.07728102226998368,-0.6528916526751738
HDOK,PLFL,17472,18,17,-95,4,10,2,29,-94.34148533794473,-94.00142476734912,-95.99088471942521,-95.72362083953496,-96.88801660602402,-95.58338930095486,-95.59926944640577,-97.35562523749941,-97.60312494669812,-97.27620617491841,-98.95530620898703,-96.70545613851854,-95.36521716006554,-97.41120037224664,-96.83446633204989,-96.43358965347748,-96.1847190834724,-97.52842770293786,-98.624616851281,-96.45088694757105,-97.97906462152397,-96.91763587139437,-97.40630169073671,-96.79796411874453,-96.85222474086837,-95.96748508564097,-98.16340805962591,-97.74661939976478,-97.44680032128576,54,-96.76325647368782,-96.85222474086837,-98.95530620898703,1.2752936100863135,0.47629346567000114,0.35076462188398194
HDOK,PLFL,17472,18,17,-95,4,10,2,29,-96.30466562156101,-91.58195503671838,-96.04433868072178,-97.37534004128449,-99.50957216412453,-96.31692656846832,-95.039863300899,-96.28282130072583,-97.64090159216255,-96.08187636817168,-98.12550241530029,-96.95045225345187,-96.73351126039789,-96.49303362414443,-97.67847747411744,-96.66251656907248,-97.25172488669618,-98.29954395748533,-99.02409775233771,-95.24915854283402,-98.41564503939026,-97.99465349899279,-97.82305129137183,-97.30534008519778,-96.3602500978519,-95.89901677959634,-96.70831784661732,-96.14289007149857,-96.56656882388654,54,-96.82282803258892,-96.70831784661732,-99.50957216412453,2.0633245611472844,1.3801858880452835,5.045364654177172
HDOK,PLFL,17472,18,17,-95,4,10,2,29,-96.24248646856472,-94.62174729370408,-95.13097388938988,-95.38717563447273,-96.87912905360338,-97.29622415592068,-98.11056818574932,-95.71527506102805,-97.29998011645228,-94.9338088065332,-96.23106835101211,-98.46408385023426,-96.4146151400075,-96.35727187777202,-96.87655387529975,-96.60445106548778,-96.30957320472274,-98.29991976332917,-98.63425516835166,-98.07155331781281,-96.90649296426675,-94.95584602891526,-96.64875104470798,-97.00635636494971,-97.52935279687154,-95.72637991191962,-97.34376053395658,-97.95512546371704,-97.39905162704086,54,-96.7362700350274,-96.87655387529975,-98.63425516835166,1.1966616560461816,0.16829700361112046,-0.7394233439923825
HDOK,PLFL,17472,18,17,-95,4,10,2,29,-95.67840262080732,-93.71771721351894,-93.88876374579112,-94.91124614988622,-97.01177416961734,-95.90682339515067,-99.13728699277826,-97.32653124997856,-96.174697689008,-97.80456460233886,-97.702695840378,-97.08294777964718,-98.08961122958422,-99.11935818558088,-97.07206967791527,-96.77234663289596,-98.71049296461233,-97.36920464779782,-96.13453947178033,-96.9376094206358,-98.01664162371334,-98.28590448411268,-97.36293031761129,-96.42679632044864,-97.80880373221349,-98.04819269124533,-98.94687891798688,-97.1508481699949,-98.55453223332023,54,-97.14311076449482,-97.32653124997856,-99.13728699277826,1.8740874509933476,0.857555288109192,0.6403242042111779
HDOK,PLFL,17472,18,17,-95,4,10,2,29,-95.30246621105647,-92.65694939790937,-95.81222570742032,-96.60214619623869,-97.7979346029638,-96.72205804298649,-97.36887144034067,-96.72514645889214,-96.68260916673047,-96.24221495326827,-97.57298117157133,-98.15200252768555,-98.76992447810746,-96.96864411087326,-98.56966825851364,-97.21700021782127,-97.15021677100411,-96.79718801914723,-98.06549505478782,-98.12001455615241,-98.90450317198102,-96.38533968535344,-96.81656633981036,-96.40778976790574,-96.4419490568035,-97.21728035286424,-96.62559709191552,-98.91683873601761,-96.5711245734689,54,-97.02009469377901,-96.81656633981036,-98.91683873601761,1.49659783261737,1.2753007184148442,4.379773831606244
HDOK,PLFL,17472,18,17,-95,4,10,2,29,-93.76468414987242,-92.99219007345921,-95.26539871432416,-97.18563497599278,-95.86705381667575,-97.8599272308344,-97.80842158281075,-95.83920512738804,-98.3428796527927,-95.8471401878561,-97.16810516760886,-97.6680354085469,-95.62416481880776,-95.76360650749103,-97.49551638255979,-97.10922241778133,-96.66661625072504,-97.6797546092006,-97.22723850319666,-98.61043565940719,-97.77142977597045,-96.702149326673,-97.13652134390304,-97.37494744392784,-96.00651814395006,-97.18535692649796,-97.84771298772715,-96.49547165840329,-96.63681271259966,54,-96.7221431571374,-97.13652134390304,-98.61043565940719,1.545932511076956,1.2511570856123677,1.9461689845408272
HDOK,PLFL,17472,18,17,-95,4,10,2,29,-94.71188359860122,-93.9536580440491,-94.64851364403904,-96.2293057439284,-97.13207531334508,-96.68993374398384,-98.00478184352214,-97.10528995797051,-95.27877970009223,-96.08872495805709,-97.7231825545643,-95.1504908709874,-97.70825186626388,-97.65229650407412,-96.73137876140831,-96.39497314498907,-98.0614529915004,-99.42035437290377,-97.69282964509037,-97.54221304358752,-98.0549398179314,-97.83735552397947,-95.1300716568715,-96.76219484564237,-95.67171407790745,-96.81566344252663,-98.27248643896512,-97.09499295118923,-97.17333899888291,54,-96.78390096747775,-97.09499295118923,-99.42035437290377,1.5897868132576953,0.42049008536825055,-0.24692074705282785
HDOK,PLFL,17472,18,17,-95,4,10,2,29,-94.12445788931113,-94.16879493160788,-95.50121539718114,-95.75399673588684,-97.80388397601159,-97.72065335123074,-98.83579779439079,-96.5117182661893,-97.03179081514396,-94.75453977130337,-96.92442982752823,-97.39731499323607,-97.734604045031,-95.90528082816198,-96.69863116404778,-99.19664739775435,-97.7147739701678,-95.15127872636604,-96.08230112217097,-96.32596952827173,-96.6427288049262,-96.71934195334742,-97.34134215622359,-97.30003533248667,-97.88629378197527,-98.14763913976081,-97.69284935719749,-97.65622629705454,-96.25284956966952,54,-96.79232368702188,-96.92442982752823,-99.19664739775435,1.5405913344154831,0.4366676373427311,-0.08286687166690676
HDOK,PLOK,17472,19,18,-94,6,10,2,29,-99.38947957982474,-93.18334744140861,-91.834765776036,-90.22764784585816,-92.90622963654276,-93.8764447393238,-95.4924953586056,-94.61202777506557,-93.49766660504395,-94.20889121642398,-95.04908634309027,-93.08513638592856,-93.67686324985812,-93.85584023283936,-95.67128252819325,-93.56014231157094,-95.3182980847097,-95.14065606782226,-93.314401173321,-95.54121615200222,-93.50290621089282,-93.91289065077987,-95.63965133179968,-93.70691480922883,-95.4832953336166,-94.26149169824428,-93.25951252007643,-93.82121536127208,-95.97082939221104,54,-94.24140089005483,-93.8764447393238,-99.38947957982474,2.474065085646063,-0.643015297234017,3.6030428201789895
HDOK,PLOK,17472,19,18,-94,6,10,2,29,-98.43837802276171,-94.00724688631577,-93.91323177266408,-93.85182359561745,-94.44522951278029,-93.52935483156875,-95.20009877721006,-96.19328297838763,-93.69822377694742,-95.15582745487801,-94.89586355520892,-95.04232754781275,-93.83023287288607,-92.4575191719199,-93.80921128792869,-92.93294419682442,-96.32707787753954,-95.439423885487,-94.38256860736058,-94.54920224980955,-95.62355632938024,-95.0180350353056,-94.21660564611062,-94.5363636355468,-94.88348684316053,-93.40214732427575,-94.6854854648883,-93.5252647979286,-94.11059332804848,54,-94.55519335401908,-94.44522951278029,-98.43837802276171,1.3154128046208728,-1.2461900127707093,3.296793968609386
HDOK,PLOK,17472,19,18,-94,6,10,2,29,-98.69325830013774,-92.31679728635747,-93.88403590787159,-93.56498188782743,-95.56269689490186,-95.29768442348413,-96.33780511457864,-93.86016608638603,-95.99483294007436,-93.40085482509777,-95.17093775302892,-93.24948268240664,-92.88740647584402,-94.60733469406249,-94.37465956095133,-93.4355893757589,-94.91357404729698,-97.28559494840192,-94.33693654436084,-94.53761845123498,-94.70593892202933,-93.11500226727632,-94.87844610156867,-93.38830016455967,-94.41017104537498,-94.24819535764554,-96.02033894565568,-95.45831315440536,-95.41314523512904,54,-94.6672448066796,-94.53761845123498,-98.69325830013774,1.827431737084424,-0.8988380097724977,1.4166798296394014
HDOK,PLOK,17472,19,18,-94,6,10,2,29,-100.33148250583479,-91.93838836394843,-93.65137221516758,-93.6394230949445,-95.64000909767675,-98.0608093745183,-94.8973216829585,-94.93992584948565,-93.81986183183281,-92.59318348466789,-94.04219589224532,-95.1227477265918,-95.20138965246007,-94.28914984627923,-93.79091617315008,-95.79095395429367,-96.28971588491356,-95.90504798888432,-93.77778686726725,-95.85843262091448,-95.27892668924325,-93.22425415648279,-95.04479841283532,-94.8531382152018,-95.35163732383738,-94.2400674535553,-94.26722689982027,-93.69385088894491,-93.17182282583174,54,-94.78295989564785,-94.8531382152018,-100.33148250583479,2.5827542682922315,-1.4447341412937729,3.9628685952353933
HDOK,PLOK,17472,19,18,-94,6,10,2,29,-99.43352886330743,-92.19932678459921,-92.1530506242146,-92.67770075921854,-94.40645838389679,-96.766032440881,-96.46669803483297,-93.69625563952154,-92.74520852444877,-93.80428039756542,-95.39739311629855,-94.48817836846158,-93.9926099671703,-95.69114629850662,-92.8467037504576,-93.2724134612277,-95.72942476581949,-94.24252874843779,-94.00418306048697,-94.58292676804078,-94.76649583504322,-95.29675148384119,-93.91130648133147,-94.56790166492772,-94.84530250458323,-96.06823315288823,-95.34241742844027,-93.70458111377287,-94.04442767232374,54,-94.52218848601879,-94.40645838389679,-99.43352886330743,2.2553938416372863,-1.0680431031046642,2.543438155100001
HDOK,PLOK,17472,19,18,-94,6,10,2,29,-99.93781002996258,-93.71548920681076,-93.69823932354123,-92.77544614615059,-95.23164516962092,-95.8493981585175,-93.65936501821315,-94.24305312383107,-93.53412967592689,-94.49652271258078,-93.69451822151518,-95.3903285376434,-93.15061021650789,-93.4673047535453,-94.68433628947035,-91.29494846773812,-94.61879022372557,-94.71792886870513,-92.98976028184248,-96.12613938449124,-95.7611874768836,-95.46933383222468,-94.31267810631384,-93.49459004627451,-95.66655891985447,-94.82452886944876,-96.14482571865143,-94.02512888746188,-94.17135274897622,54,-94.52227408332514,-94.31267810631384,-99.93781002996258,2.2604383813983624,-1.3280827793657068,4.8431199244907095
HDOK,PLOK,17472,19,18,-94,6,10,2,29,-98.02531234250846,-93.19891472060428,-94.50760632027871,-94.06050616626281,-95.63806908203838,-95.48672933898092,-94.9173567651356,-93.6760249800845,-93.80396555900452,-95.2087120646016,-93.55595552014735,-95.71527494609964,-94.42695090489327,-92.49122411823971,-93.06258952621319,-94.17248099685712,-94.47273534645015,-94.99523520837472,-95.19117701421966,-93.80268930668186,-93.12758215197084,-94.22820035837327,-95.4183108088617,-93.88608263685587,-94.0775178698093,-96.60317323152243,-94.17252596530265,-96.29569919678391,-93.79139331451155,54,-94.55206881936788,-94.22820035837327,-98.02531234250846,1.3706645518469742,-0.9025691671036029,1.2781861590568533
HDOK,PLOK,17472,19,18,-94,6,10,2,29,-97.99127357293239,-91.58439088084661,-94.35900235743374,-92.65531030651678,-94.45244816170657,-94.80585701897252,-96.76989960295168,-95.22772944135471,-93.24612039398465,-94.10835218291938,-95.07182240212195,-94.81869895819234,-93.7649454468493,-93.83106408030675,-94.02913394433531,-93.71715838323344,-95.18879356268029,-93.57476198947377,-94.22271088212517,-96.18342642416992,-93.94687126831461,-93.9622179973912,-93.69140082032895,-93.85181992665582,-92.86473211838629,-93.86224256310155,-95.70597626298623,-95.57281233489343,-95.08840394860023,54,-94.41894404254364,-94.10835218291938,-97.99127357293239,1.5730736179864104,-0.6148618299293046,1.5258103233061067
HDOK,PLOK,17472,19,18,-94,6,10,2,29,-99.90112086693647,-93.51046801912874,-93.19666395362418,-93.2589085828803,-94.78369065075564,-95.0612077414217,-95.82963728273349,-94.81092144218826,-95.74832431495804,-93.86637877752021,-93.59810231623909,-95.06775248140006,-94.53038010787053,-94.79897641134112,-92.20747591685229,-95.32020896667109,-92.65981060865865,-93.91427373892724,-95.53046270517015,-94.27292155560923,-94.22163609398565,-96.27280437743633,-93.80065380554944,-95.11445544488328,-95.82877412745935,-96.36349883400278,-95.64866835388835,-95.09367743923153,-94.59653779022969,54,-94.78649630026044,-94.79897641134112,-99.90112086693647,2.0080515457427754,-1.338015994524907,4.6635297863802325
HDOK,PLOK,17472,19,18,-94,6,10,2,29,-99.63591771146696,-92.40096906834584,-93.76678174555275,-93.02810212679708,-94.88873253379522,-94.83948506225417,-94.55838188710145,-93.83160943623642,-95.05857704853302,-95.126367822712,-93.83312530847455,-95.2858059621881,-95.44905610352079,-94.04485657822474,-95.02762047891513,-95.38802205777317,-94.96810029081085,-94.91126201191597,-95.96217444351608,-94.35954546111967,-95.21077414169964,-95.01291229779036,-95.63594361023351,-93.60171773649112,-95.1564299614715,-95.41188731306465,-95.32099909286083,-95.39726042510463,-94.20099279217689,54,-94.87287622448784,-95.01291229779036,-99.63591771146696,1.4605506456402806,-1.7029139118645067,7.732512548212595
HDOK,PLOK,17472,19,18,-94,6,10,2,29,-98.72314644056435,-93.99045117155293,-92.69058665915672,-92.38255419375533,-95.70627197605886,-96.16316350399832,-92.29864204174837,-94.84194462597999,-94.34531112618936,-94.75455132582972,-93.39294996023193,-94.96225557082792,-95.74489261188324,-94.42441481869622,-96.00026829271354,-94.12823050807675,-92.98348398076799,-96.52461578407254,-96.04476392817888,-95.2903368785247,-96.10602030723402,-94.71581282052487,-93.85545141927257,-92.407296648855,-94.09618003200988,-95.12807139881411,-93.82650199911122,-95.4292199601317,-95.19855624599998,54,-94.69503262864691,-94.75455132582972,-98.72314644056435,2.020646386461969,-0.3767634444095438,0.795111552539113
HDOK,PLOK,17472,19,18,-94,6,10,2,29,-99.47534396830441,-93.8488916608202,-93.44589363542116,-94.15046721023185,-95.05482584267361,-96.56558126554043,-93.88653730093843,-94.63369689749217,-93.50304597268222,-96.37574581168346,-94.53749195384019,-94.80964082846404,-94.31443422860069,-93.95358126930515,-95.22969144536398,-94.51968944545551,-94.23873079879336,-96.86964945156998,-93.037340072134,-93.72387488724057,-94.86468153221658,-93.553761921166,-96.23823427948611,-93.97149804325137,-93.70443683058,-94.42405924045228,-94.68501808351547,-91.83173576520129,-95.02754592402555,54,-94.63707329539483,-94.42405924045228,-99.47534396830441,1.970199692079394,-1.4128693198625792,3.864379160487555
HDOK,PLOK,17472,19,18,-94,6,10,2,29,-99.23440259612615,-93.4973702463549,-94.45591658476422,-92.08134733476223,-93.55638804755567,-96.21731268667703,-95.571376511053,-94.77224224071831,-94.37759263540678,-94.32706130155279,-96.19195084996154,-94.89770476006476,-94.07154231330466,-94.69462042528853,-95.74841919195579,-94.20086477674572,-92.85467123849146,-96.29230300556208,-96.12111457623513,-93.62665931900318,-93.53530963673794,-93.15074337336148,-92.73127713475982,-95.06417659491552,-95.3835986136369,-95.7541371286856,-94.55460388301799,-95.22840006612904,-94.13427013996078,54,-94.70094404182029,-94.55460388301799,-99.23440259612615,1.952633037615645,-0.9070102276968355,2.4210257367473207
HDOK,PLOK,17472,19,18,-94,6,10,2,29,-98.09050023936256,-90.43077925494343,-93.41702130356454,-93.35807416331075,-94.47875727119646,-93.63788737607872,-96.43073078252979,-93.65306662986366,-93.62765195793803,-94.91608121175408,-93.4920554548987,-94.47064601878245,-94.20949772707627,-95.76596041702447,-92.790640122647,-93.60240929661877,-95.08451012827437,-95.58017402577565,-94.45614794409057,-94.25803367806091,-96.02611772404254,-94.23440837102332,-94.1626222088878,-95.2649245657301,-93.6188556533521,-94.4662694100583,-95.24337772893209,-92.14060696389114,-92.65984235990602,54,-94.26095344791774,-94.23440837102332,-98.09050023936256,1.992230383532417,-0.05627671703303341,1.9172896609313654
HDOK,PLOK,17472,19,18,-94,6,10,2,29,-98.90457876207499,-94.1300685992008,-95.03249746698782,-93.86691219901418,-95.73738537835355,-94.88297494235152,-95.29997760092243,-95.35663237321218,-95.52668543040238,-93.62790893618282,-94.71495424261789,-94.81862183867368,-94.02244387720455,-94.49622683857656,-94.37356930834935,-93.95946337595097,-94.57940657394067,-94.32609979916995,-93.36478083706079,-96.31175575523794,-92.22635044906546,-94.62898195912221,-94.00774594822349,-93.84327510069203,-94.07828860146702,-95.90328339860186,-95.03798312808871,-93.87166280093425,-97.15445130338146,54,-94.76155058017456,-94.57940657394067,-98.90457876207499,1.5218161445738956,-1.299935617017939,3.5370517930383865
HDOK,PLOK,17472,19,18,-94,6,10,2,29,-100.23284511800811,-92.23901185210796,-94.04222099611832,-93.14462605656554,-95.01164501151894,-95.65210095570794,-96.1207546113847,-95.89416814642023,-92.95482006570188,-94.43771359784802,-94.91344884769597,-93.53014316337115,-93.80461623140897,-94.66540179531488,-94.6338114877795,-92.97731356914477,-95.61367297447042,-94.46121543417506,-94.93298106574657,-94.7107048906074,-94.25478215708057,-92.82108454799697,-95.02697611895036,-93.04644920360903,-94.32271406084098,-95.0780960102317,-95.40938816369102,-95.79832705389524,-95.75216309547453,54,-94.67183435458158,-94.66540179531488,-100.23284511800811,2.167834614883497,-1.6058916346272267,5.838831884438068
HDOK,PLOK,17472,19,18,-94,6,10,2,29,-98.85695399205655,-91.69976114448897,-94.28982102226227,-94.35664815497148,-94.57500546726935,-94.30464331029349,-96.80160530571136,-96.42445600886323,-94.51620721543642,-95.28537908549443,-94.72885087469548,-92.77160886055236,-95.71084118910977,-95.04956309755727,-93.24109384539975,-93.94112342590829,-96.0468102917269,-94.10422532214962,-94.63827993141837,-94.03954660992301,-95.54641114144115,-95.73694201972899,-94.52477240242477,-95.67239773676532,-94.60502613472714,-95.25781532617125,-94.75251377968465,-94.1381847136099,-95.53430877306883,54,-94.86726883389346,-94.63827993141837,-98.85695399205655,1.654295224928012,-0.5227975472306333,2.7745568555076434
HDOK,PLOK,17472,19,18,-94,6,10,2,29,-100.92977865315902,-93.00841715200362,-93.98288566199446,-92.65748634221718,-95.33766286237343,-96.05154497724432,-94.32796207666964,-94.41241946871418,-93.95827405958563,-95.21514700522133,-95.09396757458886,-94.06100985841556,-92.23084498181883,-96.050360513416,-94.29318855013791,-92.5738645858264,-94.602695287961,-93.89244487675236,-94.31588695810217,-94.16516544325158,-96.11398371475406,-93.79287574093598,-95.40204610080178,-92.65032015193961,-93.79428564466036,-95.86372050661714,-95.43930895706127,-93.68060311284127,-93.57975400051285,54,-94.53372085584749,-94.29318855013791,-100.92977865315902,2.607663654040476,-2.0540343882048737,7.397093477090108
HDOK,PLOK,17472,19,18,-94,6,10,2,29,-102.8318740558714,-95.12026795759645,-93.2614579845107,-94.13494940598434,-95.73595524652788,-94.31487135879755,-95.49508352464207,-93.20752967130726,-94.03762623809192,-94.19175020006878,-95.90961683184818,-94.23465753415228,-93.82204913766165,-94.03809250451407,-91.62689468150975,-94.34243834290278,-93.16825673535809,-95.2070067052269,-94.62304781569424,-95.18042248993548,-94.91743542119677,-93.77167972961541,-94.17614748392457,-94.08823721494385,-95.91330263769756,-94.58557702233732,-95.38890613911317,-94.98673926449165,-94.43874447336277,54,-94.71553854513397,-94.34243834290278,-102.8318740558714,3.1873231092195278,-3.1811061282252466,14.740365217076745
HDOK,PLOK,17472,19,18,-94,6,10,2,29,-98.56696579957627,-93.07316450221124,-94.12561590486558,-92.89372147537725,-96.88370108871517,-95.75881070062205,-94.53284373522949,-94.93730890056743,-95.12248349225716,-97.47050449310987,-95.05317164309872,-93.89319108991404,-94.28568346889658,-95.390870314704,-93.23808667429961,-93.785546062576,-93.80551351044195,-95.21174663045176,-94.72607041340211,-94.81409894148604,-94.95675903221732,-94.15405132391004,-94.56429086120528,-95.96524640755446,-92.2947792837405,-95.8448924432469,-95.10809217635419,-96.049360216373,-95.74493070538333,54,-94.90522418247541,-94.93730890056743,-98.56696579957627,1.7734932714983578,-0.5687092968280987,0.9788758162489599
HDOK,PLOK,17472,20,19,-99,7,10,2,29,-102.08113040199342,-95.34397106065147,-95.5412360777624,-96.43037042980174,-98.0922787417845,-97.07252238134555,-96.62483689054898,-98.32691825339316,-98.34035948132085,-97.94492722744735,-98.00302646568498,-96.97227690926819,-96.66149415386795,-98.72840214720695,-97.15232891859897,-97.6561681055255,-96.2630327426343,-98.07576524529792,-98.97574750334527,-99.0916249565887,-98.99539996529731,-97.237296821749,-100.5317761034732,-101.96586930613361,-97.30513680650984,-98.79663036757704,-99.01179365978719,-99.10847144635146,-98.45253913830466,54,-98.09597695549141,-98.07576524529792,-102.08113040199342,2.469127718842256,-0.7653018688362638,1.038146201694245
HDOK,PLOK,17472,20,19,-99,7,10,2,29,-103.54630971968095,-95.37363721127795,-96.24874070201632,-95.21447656916312,-97.49195200625127,-98.18332350859902,-98.57694955544082,-98.81652551212888,-97.71467329575468,-97.91039321999669,-96.45167627221164,-98.26023389518795,-96.8802222972865,-97.72049790850875,-97.01709692232306,-96.73513211296232,-98.39791032020084,-99.1210314737851,-99.0900229218794,-98.45806100592496,-99.06307012431266,-99.08357349569137,-98.52167947707224,-96.91977414705967,-96.38872793855482,-97.63072949214401,-98.63992240784565,-97.65090597522563,-98.89368647282433,54,-97.93106675728657,-97.91039321999669,-103.54630971968095,2.300354125997287,-1.3845014257775792,5.416614722733511
HDOK,PLOK,17472,20,19,-99,7,10,2,29,-100.509834352508,-95.64678366532341,-96.46744900868413,-96.66457278199132,-97.14033563219417,-99.19666359671434,-98.18365311198829,-97.96650962897115,-97.67212546384228,-97.8920209376155,-100.1065004825921,-98.38571968702587,-99.25322092055588,-98.09354480178646,-95.52184470940944,-97.6529162856347,-100.46477973958963,-98.62130238326436,-98.32032225742815,-98.57766455559035,-96.50732646481543,-96.2115530743512,-98.58635972294162,-97.88597122435725,-97.58171413623545,-96.98219147976073,-101.19571982626809,-96.49846977990877,-97.72238446857769,54,-97.983084626894,-97.8920209376155,-101.19571982626809,1.9706535657842361,-0.4151100888011274,-0.09305397965355322
HDOK,PLOK,17472,20,19,-99,7,10,2,29,-101.40758050331765,-94.84432791165811,-95.37409336512889,-96.05524452750905,-99.47024131481253,-98.80627684253871,-98.86838670434774,-96.12947827445453,-97.58502322492083,-97.29580298130801,-99.32010125719592,-98.25537063782498,-97.90164501462182,-97.26811316742811,-97.69307650369628,-96.97339931615019,-99.50518566590921,-99.48103697544306,-98.46943704451338,-99.25317690829104,-97.53221596537745,-99.41219532762547,-98.79858628153231,-97.58869859847262,-98.3890846816888,-98.0012061474723,-100.25161899608392,-97.55167350260577,-97.91759379372459,54,-98.117236946057,-98.0012061474723,-101.40758050331765,1.9924714125010632,0.20983385109970965,0.4327443437421916
HDOK,PLOK,17472,20,19,-99,7,10,2,29,-101.7603193866884,-94.96467596957912,-94.78730885792102,-98.41951503251316,-99.10056779894133,-99.03882111113305,-99.31211830474463,-99.10985867093024,-97.66024896933918,-97.40547833991202,-98.13240917715886,-97.92130976722903,-97.79166742603633,-97.90552880111261,-98.08744606279848,-97.84087962705829,-98.13751282172763,-97.68206193663255,-98.51769774361235,-100.08788907743738,-97.40599661506393,-97.73580609153508,-98.37680708129145,-98.08241208333445,-99.7738646274532,-98.50158374874466,-98.20456991070779,-98.0215171126641,-98.99986119595286,54,-98.23330114997425,-98.13240917715886,-101.7603193866884,1.6500957875546207,0.34626845861241734,3.1952757059246903
HDOK,PLOK,17472,20,19,-99,7,10,2,29,-103.92145581578662,-96.76906871229971,-95.22006525830261,-97.07649319183538,-95.87931366363723,-98.41827582930387,-100.42992952032778,-97.6485313326027,-96.37051911847696,-97.62673395543676,-98.27866945379664,-96.98469582258008,-97.57060222346713,-96.96221233684206,-98.3919447392271,-97.45528097670886,-98.5430653381069,-97.8969909902008,-99.63036881221079,-98.93715308990335,-99.61150801231831,-98.4265041392246,-97.29832384806483,-97.21604112065322,-98.47181711359,-98.18566101541406,-98.07280835891801,-97.65090845790016,-96.88071730935586,54,-97.9939882605687,-97.65090845790016,-103.92145581578662,2.442708021393168,-1.8142870703035656,6.180723131735665
HDOK,PLOK,17472,20,19,-99,7,10,2,29,-102.16464143960081,-94.68372548473303,-96.04567674026138,-96.3171481788227,-96.3885530995657,-96.59601463212499,-99.3620868768143,-98.17843751523131,-97.78115495309709,-96.83842278532376,-97.88554492558401,-97.15682114808442,-98.4310882797742,-96.78608327138903,-96.31840951393067,-98.85220734462978,-98.61457937691885,-99.69647172473246,-98.5975411717933,-97.7393688274274,-97.55689454535147,-99.48364921022353,-99.32708661557871,-99.1311830080789,-99.30307233163684,-97.9480433234027,-99.34266419619141,-99.12035857824802,-100.3858619745773,54,-98.13906176114236,-98.17843751523131,-102.16464143960081,2.337660646473428,-0.14888902092264955,0.528999080936265
HDOK,PLOK,17472,20,19,-99,7,10,2,29,-102.6330118204965,-96.54878456083009,-97.83996151392162,-96.36282855238954,-97.81300469806978,-97.93171917660509,-98.61244692547477,-98.01430688065996,-97.95697680777158,-96.19338074520478,-97.49532558091163,-98.95157206118934,-96.28209910804694,-94.88395648256925,-97.59329638105203,-99.05349422894083,-99.68050540458555,-99.26348156016618,-98.0758998685363,-99.55449645816489,-98.60417986199181,-100.63205596980167,-97.3286125432836,-96.75705340640748,-99.01783850421806,-96.5039068857982,-98.40235518844415,-99.65156252879385,-99.38457233895289,54,-98.17319607045786,-98.01430688065996,-102.6330118204965,2.3584784150513913,-0.4905997488336913,1.2963359114883377
HDOK,PLOK,17472,20,19,-99,7,10,2,29,-102.25915063243697,-93.78240454358134,-94.76093846951652,-95.76166233390364,-98.13221484947671,-98.20231092244188,-98.62930265732274,-99.16268350032227,-98.24674638359954,-97.79075329045024,-97.89314753495078,-98.64339616008056,-99.35644336134317,-98.93488844976812,-97.5688812059462,-96.19760484118694,-97.2639213572714,-99.82879322214747,-99.11829557542359,-97.87871423869598,-99.7391489049908,-98.1211027168843,-99.16953496462618,-96.43886316526626,-97.15655938578192,-100.7124028392352,-97.75452083915586,-98.98106798299662,-98.97918450147584,54,-98.15395306311305,-98.20231092244188,-102.25915063243697,2.8025343594408976,0.3857148914014711,1.3939208682620268
HDOK,PLOK,17472,20,19,-99,7,10,2,29,-102.07095036882495,-94.55401977860048,-94.68965227820682,-96.54629078401699,-97.83580502549043,-96.86804726332683,-99.23571627520172,-97.13305192338082,-97.27389966458162,-97.29924846177067,-99.02472012147244,-97.43997519658531,-97.07429546486576,-97.03066351415812,-96.23018180629144,-99.13323552021805,-98.6493488435427,-97.87306975269355,-99.30361965859585,-98.88248665193913,-97.83676722511805,-97.87693500946021,-99.01838317129162,-98.65228693427088,-99.0147095299522,-96.35011733866293,-98.09418417868086,-98.19745162245252,-97.79324438887731,54,-97.82697785353551,-97.83676722511805,-102.07095036882495,2.1067403396998095,-0.16992492953716187,1.9656871460067094
HDOK,PLOK,17472,20,19,-99,7,10,2,29,-101.29106569494876,-94.77014194662706,-95.79897227175748,-96.2498076698241,-99.6606758403878,-97.91862214983766,-98.33816349675021,-98.60735482686178,-97.49346784784038,-97.20572821177373,-98.11275171249686,-97.11700159399447,-98.14347035709842,-96.07744843838013,-97.82452035877724,-98.50084539652707,-98.09077903377117,-98.35165603758672,-99.92989773521562,-95.74714395147245,-97.69581518255049,-97.82965433088633,-98.39129316531658,-98.37757348280678,-98.7159137733399,-98.87345787763007,-98.37532346830956,-98.85568394570647,-98.8467131502407,54,-97.9721014809902,-98.14347035709842,-101.29106569494876,1.7340905169453678,0.24101502949762035,1.0574122524271456
HDOK,PLOK,17472,20,19,-99,7,10,2,29,-100.89947849948507,-96.203896100084,-96.7748372517282,-97.32685575043743,-96.6969866516757,-98.82532987344585,-97.20365176005093,-97.93855869008604,-96.9356726570002,-97.11453803390928,-95.30794244407728,-95.89483369491275,-98.94581984513383,-96.22163602492547,-96.81895870363702,-99.50819813930345,-98.74174384233875,-98.80937265557036,-98.28268452827585,-98.19521468891152,-99.07396449247501,-99.03262745084281,-97.5192599110071,-98.53580332698752,-97.55625962542943,-98.51614217603905,-97.38222841649814,-98.81477198416506,-99.08040604993701,54,-97.86750597477139,-97.93855869008604,-100.89947849948507,1.522575066598236,-0.06069950103056514,-0.11684956996021834
HDOK,PLOK,17472,20,19,-99,7,10,2,29,-102.54049069630265,-94.57423642983966,-96.55803882569305,-96.93402087952548,-99.53420775994901,-96.65657655777255,-99.43843794662176,-97.5421746905413,-96.49897537332599,-98.10878640024808,-97.17922075171656,-97.48083040641275,-98.87922377708824,-97.77993396632232,-98.25742238893618,-98.66840987608036,-97.27081206697643,-98.33962422063234,-98.52149351037927,-97.72163747803268,-99.56008481126503,-98.71140829698436,-98.17278339421084,-97.50034752787514,-98.39941983673069,-95.21457518175586,-97.31314861852798,-98.56859462385945,-97.89739571287778,54,-97.9249073105684,-97.89739571287778,-102.54049069630265,2.045639829284981,-0.5680549930693767,3.224090393561927
HDOK,PLOK,17472,20,19,-99,7,10,2,29,-101.20114154838777,-95.97746613488168,-96.69298822291266,-96.68380878457872,-98.2263220326883,-97.304726970358,-97.74847376059829,-98.06595390409557,-96.72418821753124,-96.63525056991325,-98.04211995821177,-97.46278551083809,-97.2369937874842,-96.80108791877858,-98.0378717363309,-97.43356512757408,-100.02369446935353,-100.43123823664402,-98.31334011256955,-98.85186731841596,-98.64888930569826,-100.11837695176813,-100.04967375192176,-99.93706995637507,-98.71825821143952,-98.0558574591058,-99.53964703456768,-97.66520960733037,-96.29268196354582,54,-98.16967408841029,-98.04211995821177,-101.20114154838777,1.8371396528347037,-0.48618220086137853,-0.6181692757666988
HDOK,PLOK,17472,20,19,-99,7,10,2,29,-102.12393060656329,-94.10847869291709,-96.98807249663899,-94.46817785188317,-97.00249136979903,-99.0022187148372,-97.81769015493313,-96.73835444271937,-97.19412668460785,-97.27578930422878,-95.8086286651665,-98.28128178626864,-96.04988437716392,-97.37910161701859,-97.65709308541228,-99.01482124728814,-97.38621408231037,-98.42841212721599,-99.10779392491558,-99.70916132306768,-99.24348159410924,-97.37968442834932,-97.86688180911672,-97.85368512028545,-99.70946875043599,-97.70779768043067,-98.66910687269907,-98.79171170591745,-99.49391006213786,54,-97.87094657167023,-97.81769015493313,-102.12393060656329,2.523236014921426,0.07784502903612514,1.4085935872363877
HDOK,PLOK,17472,20,19,-99,7,10,2,29,-101.58464135879072,-95.748159675127,-96.59313317166114,-94.25923315245755,-97.02627786224912,-96.63637708313644,-98.51876808844979,-96.76194972738058,-96.73651087184193,-98.91341164308727,-96.45793480864805,-98.05408869541755,-97.27653515495938,-96.65704850754821,-96.43705708411663,-98.33591570249379,-96.54054786359971,-97.93649113143888,-98.88147868362658,-97.868081051458,-100.34697313999168,-98.78888349764107,-98.48762317856865,-97.59942979457558,-98.10701780928046,-97.43791308752677,-98.48550395483238,-100.06656259726331,-100.14513815423305,54,-97.81685125970348,-97.868081051458,-101.58464135879072,2.2798844056473007,-0.30634499487358663,0.6119104284602321
HDOK,PLOK,17472,20,19,-99,7,10,2,29,-100.7653301561757,-95.14471783475442,-95.02523873386578,-95.74946705872792,-98.7875150606635,-99.82716361955656,-98.62802600998768,-98.40383748031789,-98.53917171946624,-98.67024342660369,-99.1559512176882,-96.94532257391627,-96.57062751585507,-97.98188431986873,-96.95854001885641,-97.60472415973734,-98.15186437158484,-97.99525345418805,-98.63393653325083,-99.02875024708713,-95.45612845825696,-97.48625756613879,-98.76502070218619,-96.93400899362719,-99.67971550322193,-97.63446015024181,-100.31975978590152,-99.67282052280893,-96.99583331259868,54,-97.98315760369427,-98.15186437158484,-100.7653301561757,2.1647486679520442,0.3226193302801384,-0.374872423909002
HDOK,PLOK,17472,20,19,-99,7,10,2,29,-100.90400904448349,-96.16622214251974,-97.11586648921971,-96.27390029543926,-98.14657105423349,-97.65041893075582,-97.20690508540267,-98.03677113983116,-99.2583168490174,-98.89558646638898,-98.78812992309206,-98.47870335481633,-97.24031526108199,-97.29480357216404,-98.880140186273,-98.38094747070772,-98.39820493905084,-98.97960652303658,-99.3530913621729,-98.65359136564543,-99.88111096230897,-97.96789890695494,-96.23261559257675,-96.54350309923547,-97.87228193301034,-97.13542527511547,-98.06903678053155,-98.34778842993921,-99.36716983815526,54,-98.12134249217794,-98.14657105423349,-100.90400904448349,1.243229372167454,-0.15196205467674773,0.025069386590633513
HDOK,PLOK,17472,20,19,-99,7,10,2,29,-101.58667836634164,-94.68795627114292,-94.84344724597051,-94.45375971537803,-98.04363521392982,-99.73653663703593,-98.14736948780708,-98.72408168516465,-99.04267153438313,-98.07080202979928,-97.87959946437087,-99.8269846151282,-96.29879221976032,-95.44720309592175,-96.56075422187477,-97.77197408271569,-99.2043780732788,-100.17555025076624,-98.94339788482215,-97.6096527239759,-97.9531061289129,-98.90964700067855,-99.41465156607282,-98.97222752064991,-97.01722884298229,-99.2142059623502,-97.84566821048776,-98.01607980170438,-99.00835617103897,54,-98.04849641463605,-98.07080202979928,-101.58667836634164,2.7700239216688223,0.5560787392168158,0.23987381871126034
HDOK,PLOK,17472,20,19,-99,7,10,2,29,-101.74090919460065,-94.18628022478258,-95.88819937533775,-96.13591550173227,-97.92808276022402,-99.17692656089648,-96.97601971359367,-95.40332149890017,-94.93329443655158,-97.98111083722664,-100.3008313262672,-98.25007492353691,-99.54517138933426,-97.27954450910765,-96.46720838176697,-97.16662488579772,-99.83488571153747,-99.09657565429033,-99.46218250875923,-97.0124963815189,-97.97688603403822,-99.41528021275943,-98.62977648050969,-99.22831428380836,-98.40976000377364,-98.59820798087655,-98.47801592455869,-97.41436692722162,-98.93318758520662,54,-97.99480866236262,-98.25007492353691,-101.74090919460065,2.756054606414576,0.291346374708903,0.1333963610681579
HDOK,PLOK,17472,21,20,-96,8,10,2,29,-100.78099209752085,-92.28877683165355,-91.0663338373513,-92.36506362525249,-93.31467595065314,-96.43911365438761,-93.3949504332203,-95.73469192025719,-93.8623327794867,-96.52607250702994,-94.59063813419421,-94.32928070381053,-94.57776451700822,-92.73229851455054,-93.58328286343956,-94.8821596375941,-94.10191486440306,-95.39249517278752,-95.31955246915136,-94.244529998947,-94.75551264768777,-92.0132388130271,-94.95615214004889,-95.81448883545833,-94.0956984215719,-95.82624370716367,-96.8614360801762,-96.14714035409138,-95.62358351277375,54,-94.67656603533439,-94.59063813419421,-100.78099209752085,3.3694026950728784,-0.8963388721806422,2.9995513231200133
HDOK,PLOK,17472,21,20,-96,8,10,2,29,-99.74137843368507,-92.37890444088116,-93.00683064471673,-93.72379142427869,-94.17425530415994,-93.50954429990621,-95.30734657969877,-94.28999290020273,-93.76285283052258,-95.32690114221406,-92.6925600991723,-93.82294418031216,-92.61246317608166,-95.12934195183506,-92.68355782012951,-94.09478462875343,-94.73971937609237,-96.80397671406986,-93.43522821585233,-94.4188044402296,-96.9381723772335,-93.93970364191951,-94.55749764500897,-95.04850665516062,-96.40840444754886,-94.76757847660429,-94.88699050962298,-98.38959866775376,-96.13865584933168,54,-94.71483747837857,-94.4188044402296,-99.74137843368507,2.840311121150133,-1.1707730974958255,1.6428306341961103
HDOK,PLOK,17472,21,20,-96,8,10,2,29,-99.53949326982045,-92.09664600408257,-90.59706620115261,-93.98559744375123,-93.60569777748222,-95.48219425989308,-94.79116041715857,-94.52675728275695,-92.70804629840741,-94.77461503865337,-92.79951570404424,-94.94124611735842,-93.36520637215214,-94.81581342594833,-94.74480206143107,-94.11026218886049,-95.92774874735241,-95.90813278180559,-93.41755175204271,-95.22833606102569,-95.64995213284762,-95.91259185832087,-94.41717424505804,-95.05014443507532,-95.26082831514543,-95.65043118755031,-95.86429785918439,-95.74775099780987,-95.65593980248057,54,-94.7094827599535,-94.81581342594833,-99.53949326982045,2.45610968375117,-0.14199435463654325,2.9858662406146945
HDOK,PLOK,17472,21,20,-96,8,10,2,29,-100.38732152351633,-91.34707314730429,-91.64778312373879,-93.99042471888086,-94.21342933235687,-94.6432701550696,-94.0475663363105,-93.47944485919464,-93.45654524203819,-93.92336626285783,-92.46727226475747,-93.43233619260063,-95.1281913331712,-95.90304344345287,-94.31876214002796,-91.92485953197507,-94.3517026325059,-93.79908307263018,-96.12633516585731,-95.27803875677495,-94.63799589934234,-96.42791303160483,-93.58260680532625,-95.42088587178586,-95.53501839426714,-94.99267875046701,-97.41920208093643,-98.33922734505047,-96.69777021641933,54,-94.72134991828347,-94.3517026325059,-100.38732152351633,3.697916220467328,-0.8012950495758999,1.4842375847209222
HDOK,PLOK,17472,21,20,-96,8,10,2,29,-98.6653385225298,-91.82022952362374,-92.23968935346365,-92.29681107932538,-94.45437357307385,-95.78854671333758,-92.20316272643618,-94.20176881000839,-94.02469664525488,-95.89460376622593,-94.96730166380796,-96.119508715753,-94.07672561679503,-92.90373737640623,-94.01916202229908,-94.75869351936323,-95.25424070221847,-94.9383862744201,-97.35085931783426,-94.16664365444643,-96.27198167425499,-94.68372713129418,-95.7152708413936,-95.35373177826497,-95.7895732282252,-93.85164796542601,-97.4889929804468,-95.37302251545556,-96.90198553908245,54,-94.88187631829194,-94.9383862744201,-98.6653385225298,2.6640531530554727,-0.06784278505344384,-0.06432469840697808
HDOK,PLOK,17472,21,20,-96,8,10,2,29,-99.2094629536013,-92.00426977874305,-93.05056731905854,-93.19497967599744,-95.88029773119071,-97.27063093003652,-94.69559991327212,-94.72486609844199,-95.18250162883777,-94.32494327334179,-92.61854022591996,-93.08614606855379,-93.66832653593914,-93.57707500283391,-94.12744763616267,-94.397096520641,-95.42650937383742,-94.8300319369258,-94.58794541031537,-95.31693039668676,-97.19948318636283,-95.03221426091865,-94.3126159671318,-95.21252165891136,-95.25652654883503,-95.43215852249097,-97.03348326680988,-95.33798688151967,-96.76948215949088,54,-94.92278071940719,-94.8300319369258,-99.2094629536013,2.341206143625968,-0.6095344606193644,0.919920443064075
HDOK,PLOK,17472,21,20,-96,8,10,2,29,-100.08155878944353,-92.21427670581107,-90.806006901476,-91.93026854744897,-95.15064725341931,-95.91007864977347,-94.0861505940402,-95.7035779645238,-93.73039786072464,-94.41701725493833,-94.3548887689239,-92.88467362541114,-94.33207151694033,-93.93745276000129,-94.2452141885337,-94.18275590600324,-94.10817957389987,-92.74789280215145,-95.24891674413162,-94.8776835824724,-93.66700010771464,-95.97957232088184,-93.78176853883281,-94.7847507415276,-96.234100725934,-95.76432314049883,-95.3836430121548,-94.24843011650374,-95.87810056254476,54,-94.50591031919518,-94.33207151694033,-100.08155878944353,2.7294297823471507,-0.8142253189570768,3.6832928010969863
HDOK,PLOK,17472,21,20,-96,8,10,2,29,-98.40311239668542,-92.01244065999504,-93.33409601985812,-92.31465619003761,-94.91155323950782,-95.54032982069984,-94.4572006537852,-94.10048729109414,-94.83717740746229,-95.7538273973392,-93.16748152175029,-93.40604107901306,-94.13836833112396,-95.20780710216718,-91.88446449504083,-94.53398971726371,-93.73706076004731,-93.8326925770723,-95.61130224797076,-94.7454424128162,-96.66706134559898,-95.25944036560422,-95.4703934217114,-94.51483346338046,-94.93326554005785,-94.26715763126478,-96.8621314964661,-96.1897830359704,-95.40115744422572,54,-94.67223293327622,-94.7454424128162,-98.40311239668542,2.0092642396989775,-0.18721879694196455,0.6889431286893113
HDOK,PLOK,17472,21,20,-96,8,10,2,29,-96.97516362257498,-92.9484961224031,-91.03643469531193,-92.11261233351802,-95.06575495470592,-94.69132303829986,-95.22629645906964,-96.23242628650596,-93.76009168491446,-94.81601119792568,-95.00927155526803,-94.07248049204004,-93.33068102250178,-91.4464980244241,-93.06116365315772,-92.55846968164985,-93.52108891600236,-95.70561167503737,-96.1346710105332,-93.85086235393469,-94.91786771139532,-96.26720855194841,-96.20601715703759,-93.05947636117197,-94.88178653489696,-95.9485471422953,-96.8116636984482,-96.88647250676343,-93.98801580219727,54,-94.5007746291701,-94.81601119792568,-96.97516362257498,2.5885917725862333,0.32711737872747476,-0.6697798257999339
HDOK,PLOK,17472,21,20,-96,8,10,2,29,-97.19802052804341,-91.94246388731212,-94.99539578571013,-92.82712047848659,-95.41863936750745,-94.16529569342816,-95.03135479911401,-94.03679421578686,-93.76803363593378,-94.78647172249198,-94.0534087767758,-94.51808547453012,-92.03968409397095,-92.84081778914036,-93.1651243169251,-95.25869864929535,-95.45392682000609,-94.46083526539294,-93.91923911774494,-94.57084912983913,-95.18469136741523,-93.58342951532455,-98.00885531174002,-96.20076995322708,-96.59134023218088,-95.80371032960169,-95.04609566673143,-96.60335570661107,-95.21559382529504,54,-94.71338280881248,-94.78647172249198,-98.00885531174002,2.0018265814926477,-0.12048827193874928,0.07229335167845541
HDOK,PLOK,17472,21,20,-96,8,10,2,29,-99.93699742105036,-93.50907704851343,-90.44883297626411,-92.19873725139054,-94.0085723493374,-94.31664178491314,-94.68399310600414,-95.25328242307263,-95.44198433663654,-93.83471585155806,-93.66519447386887,-95.58656083754158,-94.58736255223049,-92.67942146825084,-94.13835554398338,-96.25080749260742,-93.59704066368765,-93.79753075554932,-94.6698742930425,-93.54217464517689,-95.7001866903952,-93.54405861345899,-95.51370355096516,-96.8153983373418,-95.13370612739321,-95.66390306635617,-95.52924208514975,-96.10076676398003,-97.22003081025633,54,-94.73683287310263,-94.6698742930425,-99.93699742105036,2.9310613547050783,-0.43974657787109117,2.454227775785473
HDOK,PLOK,17472,21,20,-96,8,10,2,29,-97.72610147013633,-92.84790309755682,-94.0778584797946,-93.24935413110873,-94.92957266302369,-94.79878582056972,-94.63992849330774,-93.13469966588332,-94.43695075152053,-95.9905291920849,-92.96669701594774,-94.5302603062348,-93.4501537013479,-92.48393821401663,-93.44683203574809,-93.03923214712621,-94.90808702924181,-93.42739596859673,-95.28608908637197,-94.86757920909893,-95.25883994338373,-96.49180661846127,-94.78119841641042,-96.37913457660821,-96.76515464750729,-97.12315746199712,-95.52205779905599,-97.02368543311837,-96.63717089292815,54,-94.83517773338578,-94.79878582056972,-97.72610147013633,2.102847763757294,-0.2291196265906536,-0.9707857727287452
HDOK,PLOK,17472,21,20,-96,8,10,2,29,-98.4778237006943,-90.85151115868015,-92.17908525918155,-91.7406677722609,-93.56367316386483,-95.25962588072555,-95.18452176433573,-95.8602802466017,-92.07941398224436,-95.18360885983036,-92.83406134133602,-94.3334906997386,-95.18847338555014,-91.96370188153142,-92.9907669807264,-94.7659612893859,-93.79892051106995,-94.92972355651348,-94.87976127635824,-94.362356628351,-93.950388469721,-96.03124872228669,-93.90424245206134,-93.8333680402012,-95.57984846509302,-94.05860591600276,-96.97287234599571,-94.73492413533995,-95.63653656248484,54,-94.31480911890232,-94.362356628351,-98.4778237006943,2.6347079717418875,-0.07260732781521945,0.4869388467852396
HDOK,PLOK,17472,21,20,-96,8,10,2,29,-99.04211315791332,-92.2016357435894,-93.9293574998137,-93.65826993773614,-93.39781069481032,-95.33496311115432,-94.50791294524748,-94.77256573166036,-93.23526651664773,-95.13620087753493,-94.9870083194016,-94.43809865484042,-94.74194597549695,-95.22966092258473,-91.56566301136266,-96.00779431392574,-93.16170351513061,-96.51353538953778,-95.7177515590066,-95.41841626663893,-95.522647376768,-94.18926455969219,-94.99369792382366,-93.71561789965405,-94.90117394793869,-95.66445498806122,-95.68485865767033,-95.37569588380308,-95.36018123612678,54,-94.77259540060592,-94.9870083194016,-99.04211315791332,1.8999831603928143,-0.3467674451354017,2.5430109374872827
HDOK,PLOK,17472,21,20,-96,8,10,2,29,-99.56848942036979,-93.80070346666653,-92.58142857888177,-92.14897250286313,-93.01649358575715,-93.98323193958385,-95.09380665076824,-94.30608480695456,-95.82749579899013,-93.1916932962469,-94.58664383018605,-93.69199174414364,-93.95933836619284,-94.45131053585622,-93.74069321966932,-95.32709277166646,-93.59327975071822,-95.30072090361988,-94.59066272175953,-95.1443331007388,-95.80668286133393,-94.83767615448585,-93.39968570441995,-94.37624889603462,-96.50057540920689,-96.04305557936817,-95.8312002253121,-94.28530729446645,-95.63093057192899,54,-94.6419251616617,-94.45131053585622,-99.56848942036979,1.9918970132904386,-1.2676278251374367,3.7858762421842562
HDOK,PLOK,17472,21,20,-96,8,10,2,29,-98.2871328988529,-92.49975973739464,-91.51370306571032,-94.08562927694261,-94.38671984462934,-93.92422989094449,-93.71813336817087,-95.08875529709594,-94.43616101749085,-95.34113832046424,-93.11060250337566,-95.14730916585188,-94.3251370735713,-94.55790095631536,-93.58534432412632,-94.81976347805748,-95.97091145189614,-94.69575892116542,-94.54364863067664,-97.37928157990858,-95.1325929330385,-93.00015327718994,-94.20938695285348,-96.88153347190418,-94.23812711012587,-97.00845758372405,-95.91717433392014,-98.319099703514,-95.72616054858746,54,-94.89136919715511,-94.55790095631536,-98.319099703514,2.4719112347867083,-0.41452571500194146,0.29985807537295894
HDOK,PLOK,17472,21,20,-96,8,10,2,29,-98.6476536371493,-92.51732568427515,-92.66259142423179,-93.04293140421409,-94.49673093573108,-94.5716465495496,-93.85974257936245,-94.51073542327559,-95.2901641661347,-91.9747279598258,-93.62411007084724,-94.11157917587677,-93.63390450358347,-94.82248331818931,-94.69433171569575,-94.12300781254208,-93.51331776814546,-96.89645013242941,-95.0708643586428,-95.21693089561086,-95.34195493729425,-93.46807992560105,-94.34711917736156,-98.17853538937923,-96.22965027071263,-95.50981711245534,-96.97934511038925,-95.1733880498396,-95.61065918558451,54,-94.76275098875624,-94.5716465495496,-98.6476536371493,2.370012765417623,-0.678680383747275,0.6028135040706792
HDOK,PLOK,17472,21,20,-96,8,10,2,29,-100.3564716828925,-91.59815556532315,-91.48077986565481,-91.80296118400652,-95.0661346924649,-94.75924779421955,-94.35773640477034,-95.07588933101945,-94.44956919254307,-93.2406513387503,-95.01873103105272,-94.99390850506578,-94.81893712677461,-94.5237454268893,-95.67448912432111,-94.51653218830278,-94.13096983551382,-95.87935877668833,-94.47144441220395,-92.55544225578116,-96.04574201991171,-96.3763346743851,-93.39144771033354,-95.71091694723245,-94.06226047317945,-93.38132289866975,-95.86708666898488,-94.49666434295087,-95.44440448047123,54,-94.6050805500123,-94.5237454268893,-100.3564716828925,2.8186743486487207,-0.8585405908883535,3.823326579283967
HDOK,PLOK,17472,21,20,-96,8,10,2,29,-99.07032255850388,-92.93757582063816,-92.39290449767499,-92.43565530240541,-94.44806213732603,-94.2614813918017,-96.8397459014918,-95.60349309114811,-95.71248577872835,-94.80231333564387,-95.45474277101292,-94.28831700122922,-96.45124526285979,-94.55890962067654,-93.53949670268912,-94.34853986945619,-93.98634225082074,-95.55990180515373,-94.8821491870619,-94.89567346807412,-95.51620414970316,-94.81189460460348,-96.15049446725479,-96.63675252916086,-96.62728430865329,-94.97827642913774,-94.42930866446504,-96.0027857920875,-95.69785517281308,54,-95.08000737490605,-94.89567346807412,-99.07032255850388,1.89180554044618,-0.37874423138853747,1.3938084209003825
HDOK,PLOK,17472,21,20,-96,8,10,2,29,-98.8318279003979,-92.44032202595896,-92.76942554803887,-92.70150843372336,-94.81592664361521,-94.59748376778502,-95.59044640757097,-95.20480102742597,-95.16339181348535,-97.090294903071,-94.71708688570935,-92.54831833858512,-94.47278876182969,-93.43288517100761,-92.15537653218341,-94.58369428945447,-93.23547906339581,-94.61713600214568,-93.60117230574542,-94.93631766995018,-95.11847504919675,-93.95754531081491,-94.77100724791796,-95.37032931796179,-93.40800425681496,-95.07266966658258,-95.00309786420694,-95.70791157522177,-96.53176880893459,54,-94.5671204340942,-94.71708688570935,-98.8318279003979,2.0699973329742516,-0.6663434292790559,1.377792463146006
HDOK,PLOK,17472,22,21,-99,7,10,2,29,-105.17883498412047,-97.64659318894397,-98.35858690836811,-98.18545933785603,-99.26177958335883,-100.97569446204048,-99.87824993702426,-99.4039846762098,-98.23521440847672,-98.65092099714515,-96.77047987724384,-99.53397996701663,-97.4151157811635,-100.81556318821727,-99.94589767621376,-98.53949330141168,-101.56409052513146,-100.96377590841186,-100.91998122624358,-99.1894205808698,-101.17584711568004,-99.4723296531403,-101.17359956183536,-99.15162698622119,-99.39649139225668,-100.09656238740241,-100.2017166642312,-101.00354162941711,-98.04143195004951,54,-99.6946987536449,-99.4723296531403,-105.17883498412047,2.6368250917509215,-1.069248523588044,3.0575309046158554
HDOK,PLOK,17472,22,21,-99,7,10,2,29,-106.22484802221099,-99.14327132227015,-97.98434415183212,-99.0730209025882,-101.3387358505265,-100.29209209009974,-101.54847544223037,-101.26573213286119,-99.88420309494813,-100.17880116839096,-100.88289713371591,-98.73036735466401,-100.02418651238429,-100.67969638214001,-99.57159480492632,-100.61386923604796,-101.03129892959396,-100.14110244649407,-99.84423773723373,-98.85154794358232,-101.1105661965681,-101.19074599167652,-101.11491849481867,-99.33321932661829,-100.18709798458704,-102.17718518758107,-99.11978718955763,-99.84092037959932,-99.61375492469955,54,-100.37905235636025,-100.17880116839096,-106.22484802221099,2.140182226062868,-2.0925016228992175,7.80692563861297
HDOK,PLOK,17472,22,21,-99,7,10,2,29,-105.70757913340472,-97.98782971726213,-98.85060526596871,-99.94677004739764,-100.0963295332703,-99.78289139412318,-98.24491212744374,-100.11484355745893,-98.12049203671639,-99.61509149536599,-100.03650806128141,-100.46085861497315,-99.86569647613092,-98.21166530920618,-100.55377500115148,-99.79930338404965,-101.8202390700039,-99.94280371253186,-99.4479036480746,-99.48006887193088,-101.8038699857132,-101.06962395952563,-100.71719197986565,-100.41663150332967,-99.97231302591406,-100.1836018593809,-102.21434426706581,-98.45146110229142,-101.18455969691861,54,-100.14137116681898,-99.97231302591406,-105.70757913340472,2.2653018173773716,-1.6312020572208314,5.273322566722188
HDOK,PLOK,17472,22,21,-99,7,10,2,29,-105.00355754553388,-98.74768902088667,-98.81219972155547,-97.21921331198874,-98.59573271246683,-100.32045967761027,-101.67011660726374,-100.28474292670522,-101.33021083033415,-99.8630277809883,-99.66319184254573,-99.20025647184141,-100.97287096964048,-100.33054572324626,-99.87520362046308,-99.69707801232627,-99.71077798766785,-100.06168634370798,-100.02427571365511,-100.12027361934065,-99.76023966268735,-100.38080925160801,-99.57839065158736,-100.74849970018727,-99.29245582447189,-100.74866943669446,-100.19973287494538,-101.07356658628038,-99.4440093992644,54,-100.09412013198255,-100.02427571365511,-105.00355754553388,1.646402616128107,-1.5985843436208018,6.879892206839337
HDOK,PLOK,17472,22,21,-99,7,10,2,29,-103.44109458945927,-97.18609023338058,-97.83084151838226,-99.0014447377165,-99.82829615236452,-98.66598013913587,-100.99473340832513,-101.35970558309475,-98.3035880176184,-97.98356182446035,-101.85135764835609,-97.92507602001261,-98.43031207030367,-99.18741193305532,-98.99754355374401,-100.93579617765063,-99.3723594742,-98.96099002212917,-98.489078344488,-100.06333535480574,-100.48357194579042,-100.06674386478048,-100.3435263103538,-100.31090419723357,-98.99712410931129,-100.07424701250811,-100.58716246607979,-99.15668932801562,-102.71463957524496,54,-99.70838640041381,-99.3723594742,-103.44109458945927,2.1025581332728804,-0.6702534298974578,0.32435405168689524
HDOK,PLOK,17472,22,21,-99,7,10,2,29,-103.8489135068107,-97.5571282977268,-99.01598288010335,-99.11255454211471,-99.39752686968882,-101.3631813011833,-99.80174554196488,-100.38885059452994,-98.2022672835382,-99.63398519071413,-102.10662945596442,-98.87282113602066,-99.3021364392499,-98.5383435079829,-99.08534279123526,-98.87509576381314,-99.45889199459333,-99.97441297006817,-99.48114703038954,-103.24573779339687,-99.86086982862648,-100.49888530648167,-98.56091121518256,-98.4854816524011,-99.09070867523921,-101.4129417262572,-99.74449401274565,-100.14949239416174,-99.3504650507607,54,-99.80748085354982,-99.45889199459333,-103.8489135068107,1.956462113128807,-1.35487746968503,1.9371280158765711
HDOK,PLOK,17472,22,21,-99,7,10,2,29,-106.87991900305124,-97.41660600674294,-99.66949302593673,-98.58779345100952,-100.30053870803034,-98.40419293032556,-100.0654655592416,-100.64622754588098,-100.28428649487348,-99.84424789716837,-100.79691136794928,-100.13458331260767,-99.98894362045127,-100.5853060817286,-100.0752738350237,-98.89565661105294,-99.77397260943661,-98.64080686171738,-98.08835772195432,-99.19245545819523,-98.59843795938123,-99.64286009497278,-100.08671382010547,-100.54903665983174,-99.09119919341448,-97.09344819153512,-98.4977734321516,-101.15612115533375,-97.83844231860728,54,-99.68362313543831,-99.77397260943661,-106.87991900305124,2.9220185980783895,-2.423335968902086,10.129072665616361
HDOK,PLOK,17472,22,21,-99,7,10,2,29,-104.29265235309616,-98.53112158282453,-97.60248905181876,-98.41929107232517,-100.39827477181007,-99.6317888321631,-101.2775843160056,-99.08851159689725,-99.21436294022887,-99.78904398342782,-99.25573561504332,-100.06715170838939,-98.24286454117247,-98.91687307105275,-100.62798291840845,-100.05435513845639,-100.13683363760055,-102.13858522428154,-100.06258759531711,-97.21947642192367,-97.91858235614112,-100.57901032728451,-97.89191661974,-98.87636691047304,-100.47278568395105,-99.10000436306385,-100.03790679163316,-99.31713533440669,-101.11256034486733,54,-99.66461500357944,-99.6317888321631,-104.29265235309616,2.056732195330042,-1.0167290483249931,2.423435166020662
HDOK,PLOK,17472,22,21,-99,7,10,2,29,-106.02371170716852,-96.96297107138473,-97.52732050426921,-97.9068122380406,-100.99827857443306,-101.37126595353742,-100.54888262142391,-100.66039480537897,-97.99459500163583,-101.08857847516452,-100.48662400292929,-100.76309066646878,-100.36621638356507,-99.03573226402537,-100.28496611208882,-100.40712976452109,-100.35910308424246,-100.14183366319097,-101.18478778643379,-100.80702081305974,-99.13328300327652,-100.40370681621557,-98.9899937326337,-98.69939721746573,-99.97897053439861,-99.8929207882135,-100.77160762577626,-99.87468124280814,-98.79658458180634,54,-100.050360725364,-100.35910308424246,-106.02371170716852,2.57871669791878,-1.3108568483710907,5.709599819950103
HDOK,PLOK,17472,22,21,-99,7,10,2,29,-104.26474492817563,-98.24273212371831,-99.51638116769901,-97.58169341174923,-100.72394009722998,-100.45095044989229,-100.47031074525317,-101.14553065876706,-100.2359951248196,-97.37673333633445,-100.65392002164145,-100.01494421799353,-100.05730492187031,-100.67314436883103,-99.18988761597667,-99.60630999695638,-100.91117032340954,-102.06361175565246,-101.29222657990778,-100.02364886006927,-100.46155253146792,-99.92881863431603,-99.20329346407725,-100.91946105803918,-101.6367104523142,-99.55932167584265,-100.06976279238843,-97.94743621852682,-100.42701498530398,54,-100.16029491442153,-100.2359951248196,-104.26474492817563,1.835766771449575,-0.35112199724268933,2.1474898043825026
HDOK,PLOK,17472,22,21,-99,7,10,2,29,-104.89154480795962,-97.84731543290792,-98.805050861859,-99.34331560077385,-100.36444270116493,-100.99017520510131,-100.859078684159,-100.63742923817784,-100.63616329126212,-99.82235022425498,-101.04470544385684,-100.44505451668729,-98.75451697600755,-97.6634947086622,-96.86825989388211,-99.06201794868588,-98.84545478353236,-101.22626864144976,-101.0450745177095,-100.13548129886598,-100.7408531768747,-100.87842837962857,-100.53331701179651,-99.70903477076276,-99.4324117236255,-99.50224729485531,-99.82654793940424,-99.37594505082133,-101.28678974175604,54,-100.01975068505122,-100.13548129886598,-104.89154480795962,2.081814728279122,-0.76207701837571,3.6246403757077768
HDOK,PLOK,17472,22,21,-99,7,10,2,29,-105.2653215412865,-97.34451064144052,-98.18671855869896,-98.7123548188796,-99.19542670672826,-101.493395096376,-101.14344698959931,-99.59084633464121,-99.86894504347468,-99.4185187114885,-100.21270493403023,-98.9049576845655,-99.24780852046347,-98.66960588827656,-98.16174016569744,-99.76160651341623,-101.1062694904805,-99.3644890190984,-100.97302516934309,-100.30134760924734,-98.75627187861325,-99.09910221710123,-99.75114476564374,-98.9331117024847,-98.71082707709802,-100.00781305802728,-100.10529415224188,-100.09401951573362,-98.28840383851403,54,-99.67824233250657,-99.4185187114885,-105.2653215412865,2.044078690822818,-2.0182560206230065,6.970843153250339
HDOK,PLOK,17472,22,21,-99,7,10,2,29,-104.98108569350507,-96.58887738508571,-97.6486950491468,-97.4922877353329,-102.7074805823314,-100.20255279460567,-100.32760813032803,-99.29972333623505,-97.09125070493052,-99.7098223245848,-98.97024709074034,-96.92271671288735,-98.02478443460812,-100.4447385059346,-99.11424198954514,-100.0579507387383,-99.64584885332589,-101.34437794456974,-99.29534536454979,-99.81998861467088,-100.43009288455023,-101.31746220994638,-100.31941741909667,-99.748851269033,-100.12751575330716,-100.04266601256583,-98.90139131133168,-99.0206733374691,-100.69379197651548,54,-99.66522366067144,-99.748851269033,-104.98108569350507,2.9020165761418095,-0.7331106904760761,2.229800055889623
HDOK,PLOK,17472,22,21,-99,7,10,2,29,-105.70149621469783,-99.02204920551065,-97.78665164557596,-99.59618589689109,-99.3839297875382,-101.29958660192025,-100.30946765043777,-99.2380591065329,-99.74899421458288,-99.00185498608062,-98.37348474606368,-100.61031656476496,-99.43786957432458,-97.59215724629135,-99.28949896950186,-100.95495340046597,-99.88290806467201,-100.10313275429571,-102.49718757320872,-99.1214173794278,-99.47108553293765,-98.41414615452561,-98.85775950706248,-99.31868305546372,-101.60325416056538,-99.74641235257288,-100.33369432808051,-98.47825403209016,-99.86880204420984,54,-99.82907906035494,-99.47108553293765,-105.70149621469783,2.3691581547341487,-2.008676898672375,6.303530812031543
HDOK,PLOK,17472,22,21,-99,7,10,2,29,-104.92453057277169,-97.80728140004132,-99.10175117482821,-97.69792098733758,-98.45947001662493,-99.59449536361058,-98.93576411838912,-100.8439218500073,-98.7379565434335,-99.84891121170249,-99.93704443657298,-97.58859913799051,-98.22424285322771,-100.99769161427425,-99.41725111039669,-101.0947162801333,-99.10399194581505,-98.96538430335102,-99.22168822914267,-98.88650812472858,-99.3668548276998,-99.97334878244371,-98.55772067534318,-100.21363742981052,-99.69158750032126,-99.23080062840248,-99.79182229903984,-100.60779066372282,-100.12207203914166,54,-99.54981917656224,-99.3668548276998,-104.92453057277169,1.867327806838094,-2.0065864477195237,7.195831020870436
HDOK,PLOK,17472,22,21,-99,7,10,2,29,-105.94018151730806,-97.76348216882849,-99.22606002259913,-98.6954647904617,-101.06793792436862,-99.12664242548993,-99.2639278892856,-99.75717191100975,-99.44968968038309,-100.94893771788806,-99.82349696524543,-98.22179533381122,-101.72393749182073,-100.251303055811,-99.48043936119896,-99.50401813094112,-98.20600996506816,-99.93642759195237,-100.250717616569,-101.36562158348065,-101.27943040152559,-98.76009372440207,-100.25073384264407,-98.85597109853158,-101.61246239354556,-100.33816364350423,-99.26732356424625,-100.84367821701973,-100.33494502449267,54,-100.05331258804941,-99.82349696524543,-105.94018151730806,2.3010028941420506,-1.9299811813043206,6.647957010896272
HDOK,PLOK,17472,22,21,-99,7,10,2,29,-105.01146543272397,-98.16266172885113,-99.09753273945906,-98.16714252870176,-100.30537741890394,-100.767715865977,-101.82966862257716,-99.29606691669541,-98.53892722422002,-100.25721980060113,-98.87534780048014,-100.35086823529628,-100.71182281603012,-101.82266247086326,-98.67890122700724,-98.59220905577871,-99.94338905571803,-99.9272674910631,-102.01004205032991,-99.62933556613812,-98.16572975800567,-99.78345461484594,-99.11410142713297,-101.33875820920623,-101.01376470137454,-99.47298304747592,-101.57295012597068,-99.32269424272513,-99.94947199282052,54,-100.05894938506802,-99.9272674910631,-105.01146543272397,2.160342099927556,-1.2933593304608706,2.850550545549415
HDOK,PLOK,17472,22,21,-99,7,10,2,29,-103.87542788795956,-97.50044326321255,-99.18362498225338,-98.64329302092686,-100.27336210763224,-101.36794862185158,-100.00308517947212,-99.01147924949758,-101.42708220623958,-99.07822484048761,-101.07766393719437,-100.44107373413217,-101.46644703092987,-99.04686556191966,-98.9097547671912,-98.14625574161171,-100.31051863051624,-100.86465182043273,-99.64195008777416,-99.37078641759419,-99.65449724476393,-99.16203512437436,-100.10426451854212,-98.8588968835892,-102.17440484598553,-98.51239363070735,-97.81345902477791,-100.03875943191044,-99.75182362448908,54,-99.8520852902748,-99.65449724476393,-103.87542788795956,1.8371169858946885,-0.8442561127202621,1.2714881802790878
HDOK,PLOK,17472,22,21,-99,7,10,2,29,-102.75219987294801,-97.17830049432324,-99.05010166130215,-98.413541009122,-100.91443456618971,-101.45433628144528,-99.37296506010178,-100.48425854123508,-98.18029290917163,-98.79677158957381,-99.59674906061585,-101.36767920519158,-101.86692846511531,-99.32537662750306,-100.07482274748453,-99.65177540392264,-100.430729366025,-99.84371956710181,-100.5437550937059,-100.72846744373462,-101.33923218972095,-99.29770608091641,-100.45584529896463,-99.73881518408527,-98.52688495655184,-99.91342664769492,-99.12377598312912,-99.45841473673667,-99.20259190499523,54,-99.89944475684854,-99.73881518408527,-102.75219987294801,1.3991274743354964,-0.189355712897354,0.2951258756944224
HDOK,PLOK,17472,22,21,-99,7,10,2,29,-105.41182126075039,-98.15531756816816,-99.17444190617796,-98.5220215117682,-99.88743220261338,-99.13441263231051,-101.09832002747999,-98.7533039850881,-100.68767651159637,-99.81594984332847,-99.31348703138991,-100.59649510764399,-98.65990459579749,-101.88269074022853,-99.39488234869344,-100.62228738050418,-100.05665020420298,-100.23402261431801,-99.80820527548292,-100.89803819950619,-100.22631204063568,-98.69263565352345,-100.93949173267475,-99.79437608085117,-99.54622792470967,-100.82535038695382,-97.46428482877315,-98.64931617672265,-100.97464880362189,54,-99.97310360605223,-99.81594984332847,-105.41182126075039,2.0746075543630855,-1.686454720271372,5.860024363002722
HDOK,PLOK,17472,23,22,-99,7,10,2,29,-103.72962617617243,-97.32533498096143,-98.99486612288888,-98.66103308446925,-98.54067581750607,-97.12560791319294,-99.28916333243319,-98.71411497830074,-99.87696296478192,-101.35476796807845,-100.85756751857099,-100.0814501098649,-99.39696513238488,-100.88579314138305,-100.12223485866903,-98.26302128480552,-100.33893346323299,-99.13649365340171,-100.68275217425055,-101.71323641834414,-101.09123016537302,-100.77994487478091,-99.13877438783784,-101.36962973731532,-100.21276852345314,-99.80660001675035,-97.68187814509793,-98.15685021465093,-99.31696270018463,54,-99.74638758134957,-99.80660001675035,-103.72962617617243,2.0456521032601787,-0.4149607081943247,0.6446637031503095
HDOK,PLOK,17472,23,22,-99,7,10,2,29,-102.01307856834173,-97.22556912011576,-99.54334368574337,-99.34342698519383,-101.00586850377587,-99.47325008613083,-99.41933941107004,-100.23895707154831,-102.06630452469456,-98.92462460075055,-100.27092486693311,-100.7049311232486,-101.0922526807997,-99.42356138341037,-100.47587498849485,-100.17216564749235,-99.69037290918735,-100.69453310908578,-99.92313997319815,-99.21494985618398,-98.10579883294687,-100.2360828079964,-100.28350196922246,-99.76341121474022,-99.74512608964267,-100.02584839653554,-100.95821332474182,-99.81122867986474,-99.64093329622082,54,-99.98229702439,-99.92313997319815,-102.06630452469456,0.9645056308700309,0.3215915270325575,1.6284943421724738
HDOK,PLOK,17472,23,22,-99,7,10,2,29,-101.8534804199955,-96.63895483951072,-97.28491610677958,-101.12682346674994,-100.71222661567877,-99.42824838624746,-99.82883672158246,-99.59120066880321,-99.59939441603117,-97.69855273140304,-100.52568076876791,-99.82374328987929,-99.94299221170233,-99.47566005671679,-100.5584855221024,-98.55729028331295,-100.7849425321737,-99.32765674003421,-97.98122027255141,-100.59193978656839,-100.21098089981919,-100.51595598546066,-99.71579871065548,-98.19069688630726,-102.16238236733396,-100.1031269972806,-100.02848711876322,-98.44801066120145,-98.48409199336294,54,-99.62730267092333,-99.82374328987929,-102.16238236733396,1.633274819437402,0.37417360870793365,0.013112936850379509
HDOK,PLOK,17472,23,22,-99,7,10,2,29,-103.56396071688127,-100.28272297079312,-98.92720233754143,-101.12149841954378,-100.09538448259569,-99.46380510952316,-99.03432671756791,-98.28711271720934,-100.24261457077324,-98.71631614033764,-100.10150886910274,-100.02141578125949,-100.59061077365413,-101.39577809828508,-100.84997165484899,-99.47500981143772,-99.29487162507955,-101.82760089455144,-98.8904964831029,-101.24108387736874,-100.66709213436243,-97.80924437920855,-97.80401132901729,-101.9917252506304,-99.06051420793669,-100.2827675824605,-98.31456074018595,-98.80084129490226,-100.12660412731427,54,-99.94071217577502,-100.09538448259569,-103.56396071688127,1.729786624310811,-0.5708790361124444,0.4678084764290995
HDOK,PLOK,17472,23,22,-99,7,10,2,29,-104.27494638138037,-98.5876192817368,-97.6703554002714,-99.19797985583314,-100.32957158063705,-100.26010547117683,-99.44579324233885,-98.64255176491848,-97.87351928350364,-99.90874000438069,-101.63674697754325,-99.64175900881798,-100.42841591896845,-99.22426738045812,-99.06640327620558,-100.27746518460457,-100.02257666379386,-97.97941280053885,-100.3089358331043,-100.2606269910174,-99.0058633549608,-100.86217948867262,-100.43926466353787,-99.57654167567357,-98.26534787037916,-99.18305538496675,-100.07281018228258,-98.60848553901819,-99.41656759661252,54,-99.67130717439082,-99.57654167567357,-104.27494638138037,1.617718666907818,-1.4710527961613056,4.696602470146782
HDOK,PLOK,17472,23,22,-99,7,10,2,29,-104.23952196876903,-99.98934122049418,-99.70584947120604,-99.95722091449738,-101.05984467168192,-100.42580294282007,-101.92418231879229,-97.30964279386335,-100.01579660024507,-98.81550283328335,-97.08978718505323,-98.90241827010713,-100.380483664705,-99.7126584668835,-98.72429420655556,-99.29294950275992,-98.61401210680832,-100.282815576742,-100.94215708029084,-98.27600491048298,-100.27492983758712,-99.83147662306409,-100.05795794513222,-98.5066756506807,-100.23661782408016,-99.45753974209278,-102.06646331069199,-99.7554812890706,-98.4151787616224,54,-99.80215888586427,-99.83147662306409,-104.23952196876903,1.9997960656380127,-0.8255285064807089,2.3093147550942015
HDOK,PLOK,17472,23,22,-99,7,10,2,29,-103.04970302787738,-97.5099864594203,-98.4139631511352,-99.69768655904213,-99.62703675977546,-100.66646341264284,-100.30347221423622,-98.75902152929628,-99.32293692866841,-99.45184306473644,-98.57275024327619,-100.41926899348893,-99.25746444168236,-98.28972206474494,-102.25437275908668,-100.22414728287474,-99.5337012548756,-100.04839874708657,-100.27633658590747,-100.88704389683627,-99.89612879772874,-100.92120713297142,-98.58607239780955,-99.23866152851693,-99.44996275482119,-100.33448948022942,-98.49748686412813,-99.4638278126952,-98.6069886697594,54,-99.70897051087414,-99.5337012548756,-103.04970302787738,1.340297818176179,-0.8541866571260567,1.4790332180464412
HDOK,PLOK,17472,23,22,-99,7,10,2,29,-105.49710272123362,-97.35035887692774,-99.25086372002285,-100.30108665262021,-101.56502319128539,-99.576302761135,-101.8953685832598,-97.83596179217417,-99.67539147600941,-99.83638232013658,-99.57631355869665,-100.91605623819281,-99.25182788662572,-97.76876716818359,-100.2566792031711,-97.81665444942554,-101.51939944963219,-98.82453266199133,-100.67223214865444,-100.01952690477128,-101.34223736911609,-100.10798943642561,-98.86619832301854,-100.8801398129345,-101.0266354682656,-99.51162186962178,-99.08209303793447,-98.960317682679,-101.15014604404736,54,-100.01149002786872,-99.83638232013658,-105.49710272123362,2.5126804617652074,-1.171326857415304,3.6030552479690567
HDOK,PLOK,17472,23,22,-99,7,10,2,29,-102.75075209660118,-98.42942501693513,-98.10604968232046,-98.34794500284838,-99.4481773779375,-98.9497670171246,-101.58860381900764,-99.18723103204196,-100.18916579591917,-98.37391017055957,-98.91444310292347,-100.4145210019559,-100.02843870033121,-100.47871886823506,-98.57057432559273,-99.89787557842239,-100.26279905183357,-100.94484787359238,-101.3326709218374,-101.99985524546189,-101.30789026021075,-101.46001627128008,-99.3207904573302,-98.61382844537026,-99.92318424311338,-99.84672794021739,-101.63136148223866,-100.5401728159797,-99.62802977175177,54,-100.01681977134395,-99.92318424311338,-102.75075209660118,1.494146316032715,-0.3054016567603351,-0.7293137892794692
HDOK,PLOK,17472,23,22,-99,7,10,2,29,-102.9596668637459,-97.47299630355256,-98.37427112323313,-100.09162237063657,-102.34726603347578,-99.19967107523047,-100.1673205828275,-101.09923832590138,-100.5508921499731,-99.12001567358328,-101.05492581326142,-98.24945527740893,-97.8123579607522,-98.06830979112293,-97.72406268426832,-100.48848677272304,-99.00897128628617,-101.60197302937006,-100.42206575671189,-101.14394078942657,-98.92738561818568,-100.60609734863125,-99.34313862867279,-97.72835866226382,-101.72137400181347,-99.4979359218764,-99.44578265828457,-98.0564877856492,-98.1285665676238,54,-99.66940127091354,-99.44578265828457,-102.9596668637459,2.2121128741663134,-0.35910462463909604,-0.7760198760248942
HDOK,PLOK,17472,23,22,-99,7,10,2,29,-102.08312895681198,-97.8192969797205,-98.51954287194114,-98.47013987579604,-101.10535193405248,-102.01294913929775,-100.32532687233817,-100.62553038017145,-99.75834942556173,-99.7898462553405,-99.56093181677167,-102.53773023301719,-100.7867538240211,-101.30816237758285,-99.03109716520808,-100.10939581338573,-103.4627077257755,-100.90188725683785,-100.29856292805852,-101.06844146389905,-100.37902687626958,-100.8412745320452,-98.06440411957347,-98.73389691383588,-99.5928568522401,-99.42891122901524,-101.50208651599341,-100.04276595674659,-99.72860257060879,54,-100.27203306420407,-100.29856292805852,-103.4627077257755,1.7354289875726516,-0.2548490954417221,-0.011853600220248506
HDOK,PLOK,17472,23,22,-99,7,10,2,29,-102.17047168459189,-96.72843591263528,-98.79359595744378,-98.14159139643661,-100.89276301490608,-100.45628013384473,-99.51106684086136,-101.09872705277203,-99.59432399699041,-100.0127339149798,-99.46550449368233,-101.54658626722036,-99.75304589338792,-100.90971087197059,-100.40377884417096,-99.1996444106203,-97.31211646557925,-102.14618949468854,-102.66785227531827,-102.0001406788752,-102.6426022277211,-98.87641609390755,-100.38775017305004,-98.70706307862048,-99.36122369582817,-98.47637522772713,-99.60244967023785,-97.81938806632753,-99.38216782292731,54,-99.93310329852841,-99.60244967023785,-102.66785227531827,2.3524258882545466,-0.044837714829387885,-0.5104531264897756
HDOK,PLOK,17472,23,22,-99,7,10,2,29,-101.55856830488952,-99.0015413763698,-99.43795469745463,-100.92669736314318,-100.56317451799384,-99.70914923573075,-100.23058123540889,-100.95006666822282,-100.18764180920297,-97.92608201309372,-99.76051450464742,-101.18475392441783,-99.25313645375407,-98.07917351116892,-100.40803855376433,-100.43608856028908,-99.78311424121232,-99.90613199313631,-100.08404121433058,-99.46579408840454,-100.2181137486126,-100.48552120290209,-99.79537669069774,-99.32491775175956,-99.58741014334677,-99.86201294666105,-99.99060734448956,-100.86302463191463,-98.12926881085735,54,-99.90029301854747,-99.90613199313631,-101.55856830488952,0.746012549325253,0.5656860626642902,0.4317727270524525
HDOK,PLOK,17472,23,22,-99,7,10,2,29,-102.03071057912368,-97.66896281611206,-98.56475518906392,-99.84881975644464,-102.06883640741201,-100.12493699990509,-99.67988587444115,-99.15278891697974,-100.85743983980086,-97.40046461585932,-101.12073270092208,-100.12861240214202,-99.3050605531379,-99.98284082225067,-99.59951543917171,-98.56333749132985,-99.81131849533308,-99.71709455776539,-100.51866101414304,-99.25938496830943,-100.0183662676257,-98.82696225067227,-99.74148557549776,-98.7362322776763,-98.87096194795578,-99.74768630952634,-97.7038977690384,-100.58960994157147,-100.37300445566798,54,-99.6555988356855,-99.74148557549776,-102.06883640741201,1.2365576586579512,-0.08094443277516555,0.28170996559360484
HDOK,PLOK,17472,23,22,-99,7,10,2,29,-102.70804779802954,-97.17347234684172,-99.26682156619592,-99.65844322918875,-100.64428093047866,-97.21949872254778,-100.2974011688932,-97.64995230431612,-98.9301458073436,-99.35641397665815,-98.63936727657703,-99.30553116606171,-101.05453583371781,-99.20636921633816,-101.27402558493552,-98.72841787669559,-100.01099058974228,-99.59287198074433,-98.92593273765345,-99.55400550427011,-101.22690973157059,-101.0990815087689,-99.35309099882348,-98.33731830722614,-100.03087344702651,-99.55548133773021,-98.16293435062443,-97.13156401959601,-99.4936224206703,54,-99.43404833583676,-99.35641397665815,-102.70804779802954,1.6824989071445173,-0.23337277466106082,0.25648039659351873
HDOK,PLOK,17472,23,22,-99,7,10,2,29,-100.8947372015102,-98.63511153695636,-99.21291930119247,-99.69135441852085,-99.5891110967425,-100.44616793705522,-101.07366595640265,-100.0233542454063,-98.87874017697125,-99.9702284718097,-101.72938353203514,-99.07964285087296,-100.17646840001566,-100.1159788691559,-98.83551097091353,-98.25309788940245,-101.06903652604316,-100.1735555324366,-101.54485327366196,-101.42735719207734,-100.81410391095744,-101.53798051096373,-100.00440951406978,-98.64415196558302,-99.09201281063466,-99.33727075502466,-100.57152102583875,-97.85902505084287,-102.00930039526693,54,-100.02379487304704,-100.0233542454063,-102.00930039526693,1.2105504789960646,0.015314936440713342,-0.8983373745615526
HDOK,PLOK,17472,23,22,-99,7,10,2,29,-102.62564575255833,-98.23431895848361,-98.08420884154019,-99.15617869623769,-101.78200328868769,-99.31129175251147,-99.29841578931835,-101.26804379170305,-98.66139707075735,-99.72186148865815,-100.41219532463158,-100.68702470276867,-100.47816566184595,-99.2444761091626,-100.09745981318213,-101.07238634810547,-100.93192124609229,-100.72924020966205,-100.15753125458879,-99.30295645949919,-100.66855778982982,-98.63577865608207,-100.68866926014938,-97.32953829980313,-100.69682965256038,-98.62476328948532,-98.36303597828348,-98.74472782687658,-99.85807873839543,54,-99.8229897259124,-99.85807873839543,-102.62564575255833,1.4545654777276515,-0.09775894116146519,-0.33925724064005713
HDOK,PLOK,17472,23,22,-99,7,10,2,29,-102.50939279043,-98.32038492735106,-99.05511605435431,-98.1141709885108,-100.79035318809689,-99.31256829043386,-100.33640904810643,-97.52661328154743,-101.95585931862843,-101.17445218134723,-99.67090117661887,-100.23531667204355,-100.62418975736607,-99.9922796554182,-100.68850100019387,-99.51967970765037,-99.95702134762043,-100.424650119928,-99.40826643149903,-99.54298365215026,-99.77359977226278,-99.47661937177668,-101.43290288978397,-99.85749504133769,-99.33105874343549,-100.30325453415392,-99.33039362898707,-99.35927215577584,-102.54927422536822,54,-100.01975792938539,-99.85749504133769,-102.54927422536822,1.3235822506662704,-0.3379858261371066,0.4695138313123812
HDOK,PLOK,17472,23,22,-99,7,10,2,29,-102.15121067749882,-99.13335487421698,-98.30061175870912,-100.15504752816932,-99.78239854630705,-99.94218710533117,-100.47240361745844,-101.96379516273169,-99.58349396582584,-99.58745109764102,-98.32863511570748,-99.5473395125479,-101.00432158103078,-99.31461076710119,-98.85760476554566,-98.96644755095959,-99.52880832882231,-100.93585105625176,-99.4460254514223,-100.40848485828647,-98.06366278597983,-99.74724106656154,-98.93517828304893,-100.9969682724552,-101.50672392391694,-99.30719188039097,-99.58895725693453,-101.29916198099673,-99.71357454589574,54,-99.88168080406017,-99.58895725693453,-102.15121067749882,1.0831222351898744,-0.4767310279695766,-0.28634411182590425
HDOK,PLOK,17472,23,22,-99,7,10,2,29,-102.5432112433546,-98.68034517134423,-99.34980898574578,-99.53211867620888,-100.07324112305858,-99.28436105913526,-99.85142113379165,-99.77044812529124,-98.88084282764112,-100.73332390741554,-99.93363906528775,-100.77067428161362,-99.46145761584602,-100.53661876153203,-101.26399472003793,-100.16549650530436,-100.78285131818558,-98.67223216833449,-99.64969236334876,-99.43576397767268,-100.21231364625221,-100.27658591549356,-102.3230517657404,-98.21574578083003,-100.66577031483546,-99.64240994006612,-98.50154928134853,-98.58519306406757,-100.11731281393915,54,-99.92798191561111,-99.85142113379165,-102.5432112433546,1.0425910666800033,-0.6927992431352589,0.7231107696925627
HDOK,PLOK,17472,24,23,-99,7,10,2,29,-103.78357103025603,-100.14094712296463,-97.74813347741612,-97.19922393688894,-99.68625108912856,-102.27171218567025,-99.08026850122836,-100.14995821062475,-100.1814300859875,-100.23478316564922,-99.0719658791729,-99.01110447019018,-98.6513760152973,-97.81047897855491,-100.3680178767069,-100.67873501169969,-99.40959130449826,-100.9963018107073,-99.31890504218286,-100.2944071419973,-100.05901974732878,-100.09270794733548,-99.19724059792631,-100.17172557533259,-99.82475191578216,-99.33453353157591,-97.9638793274782,-100.3284279781975,-98.82888044965803,54,-99.72028722094608,-99.82475191578216,-103.78357103025603,1.6869548747064267,-0.8091673056589656,2.4512980392861183
HDOK,PLOK,17472,24,23,-99,7,10,2,29,-104.40822153376767,-99.92931060135356,-97.38517320471074,-99.84318156413899,-99.74570683764657,-100.63656358525373,-99.63951447247582,-100.58662555882398,-98.06451287225389,-99.27341144578509,-100.28192939096958,-99.51340499949153,-99.23429547096164,-99.70560988120555,-100.02029479798173,-99.21036862637092,-98.59194016214943,-98.65450125168881,-98.97858441198811,-100.08035782179651,-99.58287185043986,-100.58496057316718,-101.86305828655841,-99.4370795575693,-100.70578469161431,-99.59149472254526,-99.78434892191159,-100.26586569981619,-99.94328797820859,54,-99.84628485422911,-99.74570683764657,-104.40822153376767,1.4612917700799342,-1.6387977870528898,6.3795200572342985
HDOK,PLOK,17472,24,23,-99,7,10,2,29,-103.16965137876011,-99.28337311658022,-99.77842507897319,-100.29875246761915,-102.20301576820256,-100.24909586358426,-99.54316762574389,-99.4371903104128,-98.74066420843513,-100.03953983056384,-101.1065148632954,-101.80913822560991,-100.05369668218779,-100.15205494119434,-101.72508578836697,-98.6239165491547,-99.60442098529577,-100.27756063175951,-101.09363134106182,-100.7100144681548,-101.04020317516361,-100.54832125440231,-100.14707872266746,-98.93056346332315,-101.01747721189047,-100.70455998834963,-99.94524412172163,-100.58234061940088,-101.06422796535057,54,-100.40961816024918,-100.27756063175951,-103.16965137876011,1.025585033014127,-0.5499967760442097,0.6746175967152559
HDOK,PLOK,17472,24,23,-99,7,10,2,29,-104.73844847652855,-96.67911220454042,-97.98597603880093,-99.09430624002889,-100.48623110870567,-100.37179222412728,-100.52450504928841,-100.67267434557321,-99.5821288906094,-102.10082948531709,-101.3548307603542,-101.44307608463285,-100.1507955817336,-99.34491291943291,-99.05525106348361,-100.1544640042926,-101.0737297061425,-101.08235227594992,-99.95802003815984,-98.88575129633584,-100.46145322468377,-101.80261563212024,-102.47574879389246,-101.79032041044988,-100.59803353312495,-99.65464432674796,-99.61299555523084,-99.60566636635866,-101.05501653443395,54,-100.40674766107176,-100.46145322468377,-104.73844847652855,2.1653948090936117,-0.29335347266273715,2.198981481764324
HDOK,PLOK,17472,24,23,-99,7,10,2,29,-104.58381843727794,-99.08566670967895,-100.745677913394,-99.90651179100473,-102.23003899213954,-100.69093919896086,-102.05881796156773,-100.13215995498095,-99.05422288502486,-100.76177134737269,-100.08055375796917,-98.9295256478603,-97.41402536691649,-100.63447128308059,-98.41638602705478,-98.94279411401975,-100.8256006215256,-98.9346896528798,-99.87973843252432,-98.77322449025796,-100.0497279653765,-100.16865357094855,-100.93091343824952,-99.08579764483511,-100.10170300379146,-100.57603950706032,-101.36709846145533,-99.14628428855616,-100.48325623701916,54,-100.13758995526841,-100.10170300379146,-104.58381843727794,1.8329340998952373,-1.0275349270107579,2.855785628996126
HDOK,PLOK,17472,24,23,-99,7,10,2,29,-105.48395166780539,-99.19349142253505,-97.11348189957288,-98.85018093684984,-100.550344245901,-100.74309338885925,-100.53433432422045,-101.0304360716227,-99.22032089414516,-99.05563450496004,-99.76551517717623,-99.37887133775926,-100.58816794156076,-100.5945762224364,-99.8369217708317,-100.0224837847478,-98.81446251225897,-99.80828455661991,-100.22444404920506,-100.23885393756663,-100.80269199396591,-98.25247956999058,-100.52718881343012,-100.88751381426205,-100.62053721653416,-99.77667591633468,-100.49994857142386,-99.7252911214389,-99.9054517732295,54,-100.07053894611187,-100.0224837847478,-105.48395166780539,1.7995217435593578,-1.8565455118154754,8.824652520886854
HDOK,PLOK,17472,24,23,-99,7,10,2,29,-105.00885799193316,-99.48561251390569,-99.38886112541843,-98.44644977654947,-101.28407898530821,-100.81977399289008,-99.75543050424768,-98.9126903568425,-99.6093089707963,-100.89761335178743,-99.18560733645467,-100.34784368711067,-98.82822691853661,-99.32658241908612,-99.61214643280212,-99.68622879812533,-100.62163132992767,-100.38153308545736,-101.10108363307428,-100.29606803096978,-100.68512461015153,-98.83607672893214,-100.36804616620016,-99.83954308266198,-100.0565519660213,-100.18464714978604,-101.28073575651268,-100.44300027499705,-99.93086812345547,54,-100.15931803792901,-100.0565519660213,-105.00885799193316,1.395899480997934,-2.3006040783920385,8.870569182504104
HDOK,PLOK,17472,24,23,-99,7,10,2,29,-105.44377040959056,-99.6222166771827,-100.45401952854243,-98.17191406567727,-100.1453257645137,-101.63900396595285,-101.26075555308357,-100.31422769061336,-100.1199766618776,-100.85825736435444,-101.1778475595103,-100.2360958893977,-101.05852004920503,-100.32629179419416,-97.70734860804274,-99.90341991148644,-101.07828720057805,-100.48175832048277,-101.03006213762417,-99.3624658693218,-98.42951280870838,-97.85331617546213,-100.92513518061928,-99.64230619640446,-99.34771873831689,-101.0138342347853,-100.51707783440396,-101.31187320852794,-99.66391149634627,54,-100.31366382395886,-100.32629179419416,-105.44377040959056,2.0010323003860817,-1.156439024909017,5.081106352765193
HDOK,PLOK,17472,24,23,-99,7,10,2,29,-103.74970501007803,-98.35926064175565,-99.68948309683712,-99.33386725408714,-98.84278594261805,-101.04354793586339,-100.43192369422648,-99.65341428148456,-98.12488555714674,-99.99455382125218,-99.44994134996713,-100.93320073141717,-100.11867835063399,-100.3500862875005,-100.23048766533527,-98.43085284410915,-99.92239644498476,-101.4278398659388,-99.85983618825625,-98.1581695059669,-98.53256782967775,-99.37065120200758,-98.67305867700809,-100.11711867015264,-99.12060352761713,-99.21790413906986,-99.78000469613036,-100.35026122831559,-99.64513640736328,54,-99.75559389126902,-99.68948309683712,-103.74970501007803,1.2792818710364853,-1.3889169401083288,4.027108761505126
HDOK,PLOK,17472,24,23,-99,7,10,2,29,-103.88673021048743,-98.99116086240517,-98.9607714216569,-100.15580763484029,-101.8291708696822,-101.91143092508916,-101.78265006609497,-99.65842846138135,-100.89203722564294,-98.44934724781957,-99.94883985226143,-97.47767556290957,-101.31308090195628,-98.79359184820893,-97.40122408236093,-100.4013838210417,-100.70757159968664,-99.64935514677391,-100.33113821500356,-99.99416343191857,-100.52773366514167,-98.78342535302016,-100.01928585105692,-100.10290734645335,-101.76793750940213,-100.09652631186766,-101.42561237702576,-98.69013457607102,-99.67409412510165,54,-100.12493850008146,-100.09652631186766,-103.88673021048743,1.938668096967347,-0.30958280900110113,0.6604386410169334
HDOK,PLOK,17472,24,23,-99,7,10,2,29,-106.17680148103383,-97.86894363589688,-98.72257616917467,-97.45996583265637,-100.26259631346538,-99.55001690550243,-100.03600250665727,-98.62811512367364,-100.44980725728473,-98.92221073429188,-100.29388313721077,-99.85953789326946,-100.72696649893943,-99.25470684611784,-99.20013640888637,-100.89503477904574,-100.5943857518692,-101.68460016963532,-98.85702679205919,-100.7302073421756,-99.51561501025748,-99.488242825256,-102.14789945633568,-99.5161970141047,-102.42566355184924,-100.86864636466059,-100.7357276614498,-100.38709214003472,-102.78167107927061,54,-100.27725092007121,-100.26259631346538,-106.17680148103383,2.7634621766559304,-1.4811206138881938,4.266288930219467
HDOK,PLOK,17472,24,23,-99,7,10,2,29,-104.91391309063633,-98.7713760514544,-99.31520813324431,-98.24044539203328,-101.14294826124092,-99.77059656268715,-102.15832380965308,-101.418629578562,-100.26853049800023,-98.79381527611064,-100.02183188718607,-99.58070493205035,-98.81590717972855,-99.3432067682875,-100.79709355156011,-98.95494420715941,-98.76047341394236,-99.61215678090772,-100.82565475555249,-100.84665071129423,-99.21294270475748,-98.98652332041637,-99.12619815581212,-99.40702398691526,-100.6097543510242,-100.69337143128811,-99.35177267984002,-100.71565167379595,-99.25821402980216,54,-99.99013321292905,-99.58070493205035,-104.91391309063633,1.7480878229339605,-1.8829533096102626,5.288656575506417
HDOK,PLOK,17472,24,23,-99,7,10,2,29,-104.58163214953592,-99.50811485057629,-98.97714753556777,-99.32113301923442,-101.39678158164075,-100.03146859135218,-100.20323444718939,-99.87901737073386,-100.68034801434982,-100.47575844945823,-98.42397943819242,-100.48085349350411,-98.9320738907155,-100.38735892836493,-98.3657950806801,-101.23077289934629,-100.26767257467331,-99.82686214822613,-99.68631015190012,-100.19521799446962,-101.23694025808452,-99.95347331083015,-99.1243488876848,-99.91411431351902,-101.40699356591662,-98.70350741535643,-100.11849818842394,-99.2532329388661,-99.58118895105628,54,-100.07392518756721,-99.95347331083015,-104.58163214953592,1.3938673532455768,-1.829257845615359,6.14897667788941
HDOK,PLOK,17472,24,23,-99,7,10,2,29,-103.5930075943989,-98.80422388173463,-99.79496106901058,-97.84147415582554,-102.67555121715576,-99.74946952238037,-100.09077279139139,-100.83142540197726,-100.03938267677512,-100.15510053021909,-99.37895903276436,-99.3240657428114,-99.81693397687246,-101.32703735493551,-100.33760473879757,-100.43958861676732,-99.68210963526003,-101.00243507927823,-101.19006017702777,-99.9070827580404,-99.52079667100428,-98.4686822457798,-100.8070089629019,-101.20409888546374,-100.25574736256634,-98.43789750231649,-100.93036773421966,-101.06661743688268,-98.74803674312645,54,-100.18691377578222,-100.09077279139139,-103.5930075943989,1.4552144028242848,-0.6192432985137329,1.2479518073468703
HDOK,PLOK,17472,24,23,-99,7,10,2,29,-103.76470454049611,-99.16902975608396,-99.70540475955264,-98.604955448258,-101.17354217312159,-101.47094158700318,-99.57556138718382,-100.8071077242145,-102.14964848806581,-100.70177168207708,-98.95556893170588,-100.27421377862923,-100.36809305276435,-100.3135456287387,-101.31852733067798,-99.11089039744685,-100.32197374021433,-100.4831126692187,-99.64549467159613,-100.89613833632099,-99.84948594929982,-100.73161051881173,-98.06342131811053,-101.04435771287706,-99.29357735049825,-101.16609940323681,-100.95988839557668,-100.34195964558886,-101.13314278771787,54,-100.39288859189958,-100.36809305276435,-103.76470454049611,1.2648492729509135,-0.5072350915191418,1.645334277904802
HDOK,PLOK,17472,24,23,-99,7,10,2,29,-104.95973043258707,-99.54891162856131,-98.98881454890443,-101.0568367900109,-100.51614873935895,-100.88645776836603,-100.3036563384732,-99.85118186910141,-100.50069003723075,-100.07444429092372,-100.51602744544763,-99.91343923223361,-98.95211486428977,-100.9698669835766,-99.6574823170006,-98.48408904713767,-99.41772090348064,-101.82619096755465,-99.25068653311675,-99.78665331926975,-100.12750398039175,-101.51983497298515,-100.7072060224655,-99.35445699889246,-101.54129244683584,-100.22199064797802,-101.90853931151699,-100.09705946808089,-101.12791973533861,54,-100.41610164279692,-100.22199064797802,-104.95973043258707,1.4808399884177086,-1.7134087036639414,5.433122826470131
HDOK,PLOK,17472,24,23,-99,7,10,2,29,-105.03618204866002,-99.31969663251071,-99.5976301596257,-98.10891480598032,-100.55761258003744,-101.76778295823506,-99.3891800013896,-98.71350494937687,-99.78362984940826,-98.46015509575359,-100.28426224078915,-100.10382233266675,-99.61934441237439,-99.87668493165754,-100.14939608846262,-99.55369205478902,-99.73090543879363,-102.04963425920434,-99.80665718885902,-101.87542525287877,-98.91133882348457,-100.13158073921227,-100.83858191306652,-100.59688096174294,-99.17762172405179,-100.91932887858427,-100.57994219082096,-99.98573961807551,-100.2102543730498,54,-100.17708215529453,-99.98573961807551,-105.03618204866002,1.6897300297106126,-1.8072823804747633,5.632259897797304
HDOK,PLOK,17472,24,23,-99,7,10,2,29,-105.83308709646636,-98.05494698103459,-99.07538402349405,-97.82218070780291,-99.56029825841995,-99.1048504705143,-99.46838610110353,-100.4037316834621,-99.42982622334641,-100.35494575625935,-99.78629877142623,-100.91664508319283,-99.17367010530268,-99.62499558378258,-99.62854619980381,-100.0193167097029,-101.08333867577831,-101.35420414077151,-100.72619360794918,-100.80944309858064,-101.03572951104618,-100.18012264924272,-100.53432864461598,-101.73432326287455,-100.34744567736698,-101.19332302946115,-100.6059599372533,-102.10845409489019,-100.15159887517727,54,-100.34901982621112,-100.34744567736698,-105.83308709646636,2.0200499852736904,-1.7616791489352723,6.738406646897744
HDOK,PLOK,17472,24,23,-99,7,10,2,29,-104.72146567458063,-100.31649819726454,-99.4576313520545,-99.11809644749435,-101.76537146304105,-100.70180697319302,-100.46649465869415,-99.44224735210595,-99.14152411377914,-101.14515342252632,-100.40524292388501,-100.97503952290738,-99.3423066514565,-100.95060407085296,-101.42672048411379,-99.67225947750912,-98.80465995888525,-99.99155051406396,-100.38238858276434,-101.98813608933641,-100.73359039111229,-100.24592642912158,-100.18762638665198,-100.90334100653122,-100.4522382388516,-100.7987990841323,-100.44058911620124,-99.21389043850782,-99.50073117762112,54,-100.43765276549102,-100.40524292388501,-104.72146567458063,1.295569399029686,-1.7570443482380247,5.666249280000903
HDOK,PLOK,17472,24,23,-99,7,10,2,29,-102.44619609868346,-99.05825394009803,-99.65182592980268,-99.55362475857531,-101.63070332999347,-99.04030220134696,-101.34651280663738,-98.9184600327716,-98.67321963094686,-99.88974202203813,-99.44442097105073,-99.00549239960958,-100.15035494227548,-98.33998449141842,-100.03297218092577,-99.18502276822598,-101.34564852066306,-100.28862755375896,-98.76045457620887,-101.59323789422307,-101.78344390823105,-98.47918920900578,-100.42001369584362,-97.63794137453007,-101.19583826420654,-99.58834508627722,-102.18657284453263,-100.23452643565086,-100.50312169989493,54,-100.01324308853194,-99.88974202203813,-102.44619609868346,1.5230996135384252,-0.26769510836576027,-0.782652300911554
HDOK,PLOK,17472,25,24,-105,5,10,2,29,-111.62721958009693,-102.90235592665034,-106.1382700015623,-106.66528858810749,-105.7351703734844,-105.52785003358065,-105.83558367689675,-104.39769593885364,-106.21464929700288,-105.72799648876541,-106.38675860228297,-105.65026690729054,-105.67312062027231,-106.15803542920047,-104.38930231444894,-105.30591039740717,-105.32492228250267,-106.97305699794488,-106.94586665035952,-107.84974203103353,-105.73825578298323,-107.11688648267327,-106.92130984047319,-106.32244724041023,-105.92763593020406,-104.28360765392729,-104.90852619713303,-106.0301947711535,-106.26701920223098,54,-106.0325843185839,-105.92763593020406,-111.62721958009693,2.082123096940935,-1.6682236951849483,7.27432586013847
HDOK,PLOK,17472,25,24,-105,5,10,2,29,-109.9448131954165,-103.22132769669788,-104.38711364630682,-103.75658963513528,-104.71159774031965,-105.44178296046312,-106.22103852727895,-105.62085682720318,-105.56433391007411,-104.45808031090881,-103.5448948061498,-104.98383803203326,-104.75996000415061,-104.78472771073635,-106.13917669749206,-106.57637464220655,-104.85087952124748,-106.37841266917887,-105.99820051264449,-104.52563438780301,-106.59425012175605,-105.20575936555191,-103.27571701551712,-106.79240128621933,-107.55113868070583,-106.20481055032553,-106.27368842693848,-105.45374126889365,-104.59022870351801,54,-105.44177133975423,-105.44178296046312,-109.9448131954165,1.879912044026512,-1.0087695399868564,2.6226845945345674
HDOK,PLOK,17472,25,24,-105,5,10,2,29,-109.41918545357488,-103.33288296177969,-103.70218551372916,-103.87145378642894,-105.2185699301275,-104.87096019461588,-104.67933029340641,-105.75593182367483,-104.20774114926557,-104.98979423046192,-105.55717496002832,-105.72151470826768,-106.49463232408974,-103.35477468364908,-105.30785622580046,-106.66228130823421,-104.58280711668479,-105.81629416401739,-106.17037653717624,-105.1688213189666,-105.25294717506857,-104.98983414700172,-104.64250565802449,-105.99946758944472,-106.01960467624465,-105.34812144443312,-106.12063196826853,-107.5388628163836,-104.1394156659742,54,-105.34261930430426,-105.25294717506857,-109.41918545357488,1.547959460854514,-1.058017511919876,2.7457373654434414
HDOK,PLOK,17472,25,24,-105,5,10,2,29,-108.44571648158451,-101.9241573079583,-105.02740400915854,-104.45893065302056,-104.95630423634336,-104.28431415890707,-105.3496737537202,-104.44167467714952,-104.19711738124681,-104.48719381583469,-105.42014366343211,-104.33434679179189,-105.84236547985131,-105.7482760870236,-105.02450301750687,-106.1675349049861,-106.15255984840286,-105.87649283308228,-107.07441473093921,-105.98441919417401,-106.62091431411346,-104.36741563207296,-106.00809142143147,-105.68548287199408,-107.03655574287826,-106.97694045116698,-105.27962585584208,-104.99020477599021,-105.53665789212644,54,-105.43791144771482,-105.42014366343211,-108.44571648158451,1.4303213613072927,0.21810379885576323,2.0180808858230264
HDOK,PLOK,17472,25,24,-105,5,10,2,29,-110.2888287966883,-104.33783156032119,-103.39635291077933,-105.18130782657713,-105.80246445249973,-104.21828415738658,-104.08283940085046,-105.11840660892223,-104.84436071077683,-105.19607987273173,-106.6075505527022,-105.1844021535473,-106.52007972830239,-105.16428431414026,-104.82781773004311,-106.63226217677946,-105.91809857020158,-104.84579014788298,-106.81764772104526,-105.9272434891202,-107.3410889935745,-105.59983674335936,-104.6450321689358,-106.3608775467194,-108.10475875567359,-107.801616128732,-106.3009505115859,-105.44803828780934,-106.27445065763757,54,-105.82029595432158,-105.59983674335936,-110.2888287966883,1.902708829102528,-1.1426170376422486,2.457680925820084
HDOK,PLOK,17472,25,24,-105,5,10,2,29,-109.09035018351065,-103.90156655621159,-104.77389672354795,-102.28630003340025,-104.21527689314871,-106.07433469556885,-103.73347093824512,-106.82106346948366,-104.7441471200658,-104.7212528004949,-103.86200763019366,-104.48311929286201,-105.52186081429758,-105.73082740627754,-105.5250505382047,-107.65518114194101,-104.7057679801226,-107.02457394668076,-105.840887598798,-106.78384764178051,-105.24371773110542,-105.77832028958157,-106.63706672913362,-104.88498399694181,-107.96204065560032,-108.2275776716,-105.66702462454143,-105.90417157561549,-106.82058515274036,54,-105.67656109764467,-105.66702462454143,-109.09035018351065,2.2002521145798184,-0.19214994542787311,0.12001305579451049
HDOK,PLOK,17472,25,24,-105,5,10,2,29,-108.92110524731645,-104.56409500273965,-103.31596229456643,-103.52593653913532,-104.98953383740235,-104.79306444654524,-105.30826167644287,-103.49383932046736,-103.8350840070273,-104.0941802493488,-106.7225606841821,-105.19762447029119,-104.13034006349604,-106.43707492427825,-106.48265150734211,-104.60583250096846,-108.07131674943122,-107.39962460818609,-105.82459259148261,-106.02487170803417,-105.34159241213553,-105.59233988861486,-104.39651165307215,-106.91120696131411,-106.24187216639898,-106.73759658395134,-103.24035177237819,-107.2540408655062,-105.31895673213947,54,-105.47489729186879,-105.31895673213947,-108.92110524731645,2.1050096046302005,-0.3776036591029294,-0.4143010987107911
HDOK,PLOK,17472,25,24,-105,5,10,2,29,-107.427196199679,-102.00761948468202,-104.15325735384768,-103.03949048718643,-108.01089101733405,-104.87883013871287,-105.95438339034715,-104.89545030606692,-104.9716454923494,-106.14624283131691,-107.5581359092316,-105.05907356026408,-106.0490143653059,-105.8764225553261,-106.10432036959833,-106.54910479090914,-105.33581173240478,-108.40990178708637,-107.1782725489045,-106.65814175407871,-105.82188136204263,-105.70514996098257,-105.47999445355042,-105.3781530783295,-106.48936777669427,-104.96231348803343,-105.6831128944122,-106.91861915933889,-106.1643533647429,54,-105.82297074526753,-105.8764225553261,-108.40990178708637,1.7800248008214112,0.6594631587205875,1.4934290163525046
HDOK,PLOK,17472,25,24,-105,5,10,2,29,-108.40502731323278,-105.50351729996157,-102.85078558303616,-103.1484199348176,-107.45389575078462,-105.27178499738022,-105.51087108594554,-102.50407529969843,-106.41678302524417,-103.77238882378597,-104.41080811314255,-105.20462862156496,-103.97257137409092,-104.11600507418004,-106.85958539274301,-103.33703539983404,-105.00148664467932,-105.26536081790489,-105.32324009793426,-106.88746461517947,-106.2041949914075,-105.43337231840857,-107.21793601083108,-103.36007215791909,-106.98301022139754,-104.76672366884848,-105.57347824562646,-106.62671043361473,-105.85349367480813,54,-105.28395610303458,-105.32324009793426,-108.40502731323278,2.164865167245678,0.029415190666855932,-0.6016059503545241
HDOK,PLOK,17472,25,24,-105,5,10,2,29,-108.7994505768407,-103.29505729069587,-104.79079340170901,-103.59699676436328,-106.3880818417108,-105.03482420002355,-104.02192146970175,-106.12226872005749,-104.41332226351858,-105.08142219139803,-105.55774455100668,-103.68492874162335,-103.6876948517244,-105.91777161214559,-104.11780681070061,-105.85134701731158,-106.41305587075264,-105.81088531596538,-106.65009433699923,-105.49420370655163,-106.74103288340534,-104.39887039719252,-104.92825592643398,-107.58101292726228,-106.33130807661013,-103.59852529059191,-105.1893370819828,-106.20729580730291,-106.22803042385519,54,-105.37701173618751,-105.49420370655163,-108.7994505768407,1.6639444609680931,-0.40236549705415253,0.14289301288729073
HDOK,PLOK,17472,25,24,-105,5,10,2,29,-110.25233007912531,-102.91394163670238,-104.92427622965097,-104.7153792339828,-105.66385554770582,-106.14446357762975,-104.8413010037759,-104.59300112546082,-102.88575292388013,-104.69111477863228,-104.3129050340822,-104.98180243127428,-107.11116299582687,-106.70259558781902,-103.488095732106,-106.79459537774358,-104.52279606488719,-107.11822182569773,-107.69791515760255,-107.07813525629611,-106.89097687162062,-104.31381105029885,-106.4858990336501,-105.31202369396846,-106.54210403778892,-106.46657232873976,-107.32869581908275,-105.10276810881254,-104.89557322971429,54,-105.681795371502,-105.31202369396846,-110.25233007912531,2.449083715038691,-0.5424177563420266,1.0195855304827917
HDOK,PLOK,17472,25,24,-105,5,10,2,29,-109.30620191739297,-102.54115805186926,-104.01000712420203,-102.87317623610966,-105.16584164089784,-104.99790929435508,-106.20401054527211,-105.81539111326414,-105.04100131051423,-104.44098831314534,-105.93909994778579,-105.65289917850085,-105.87106110696853,-106.69243317235129,-105.88621287649238,-106.88590034431192,-106.98978052184943,-105.18099109948815,-108.0376514349522,-105.43898172988881,-106.56057483633586,-105.26935466473192,-107.40748263277757,-106.62769942972892,-105.45098592132288,-104.10621130149282,-106.25733698844152,-104.93647779634051,-106.20625275400357,54,-105.71700252706165,-105.81539111326414,-109.30620191739297,1.907622921125833,-0.0283137532025049,1.1396207540676202
HDOK,PLOK,17472,25,24,-105,5,10,2,29,-110.67828543988674,-102.18983281947781,-103.60671496732421,-105.11675431694792,-105.7266890784114,-105.77436524188136,-105.44906336278184,-104.5276297385873,-104.76952667833638,-103.9553893643703,-106.14638509170086,-103.48899923798874,-104.86145388567603,-106.63284940081918,-104.99698277211387,-106.68864147542666,-104.67866253596756,-107.15777851911902,-108.70786642286771,-105.74564783581407,-106.31236159663143,-106.45644445944926,-105.45838508210677,-105.19305598941484,-106.5849362596432,-109.23615694474897,-106.0621152136611,-105.30296326617514,-105.85418565781427,54,-105.77103871224637,-105.7266890784114,-110.67828543988674,2.836082437644481,-0.8401585220241797,1.9581014781408865
HDOK,PLOK,17472,25,24,-105,5,10,2,29,-107.53311416194508,-103.2124574226408,-104.77773616118613,-101.96751032972786,-105.62658878563032,-105.82762607464987,-105.57975491778748,-103.56921752931058,-106.27851862686518,-105.22044941274291,-105.27254871716957,-105.09504636403523,-104.78079075830946,-104.89772448973872,-105.73073525657979,-105.94703509211834,-104.85456817250493,-108.01281607180718,-106.09211022543548,-105.19627526503153,-105.0337980136319,-105.95559506654031,-106.17862603331187,-106.62867012201146,-105.17840967564032,-106.85464690039947,-107.06752909340048,-105.24724088878793,-106.80133129406391,54,-105.53167141113808,-105.57975491778748,-108.01281607180718,1.5073842735746856,0.6576185915563928,1.617358449222396
HDOK,PLOK,17472,25,24,-105,5,10,2,29,-108.8175806598493,-105.154174381576,-103.56445782401681,-102.96803343583834,-106.19110552628162,-103.66903693317211,-105.49166057586217,-106.2170860569698,-105.60952400019038,-105.21027694008498,-105.28344371847648,-104.18913769778003,-104.80609460958362,-104.08248954152522,-103.67579178703724,-105.8699313802281,-103.58344081697051,-105.6893486766388,-104.11572568690634,-106.99812561564076,-105.64338972198539,-106.58054332728587,-106.94552258734284,-106.43644939525629,-106.89682941276226,-103.73768634673452,-106.93353503862743,-105.94541899171199,-105.40735503601728,54,-105.36942054215008,-105.49166057586217,-108.8175806598493,1.803197539497779,-0.23567729867298048,-0.10699577443891028
HDOK,PLOK,17472,25,24,-105,5,10,2,29,-110.26679776514736,-104.26483459199993,-103.66808303702494,-105.82160941611077,-105.52327822365284,-102.80451707205401,-104.20879690129239,-106.62260422940548,-103.88511074722543,-103.96061942292172,-105.65025417977174,-106.64480594835511,-103.84663342348843,-104.15019928506008,-105.20106369679026,-106.94753719739118,-106.35662118625235,-105.93071945848124,-106.62923000373608,-108.25541186054257,-105.5145629004913,-106.6515406131141,-105.8795871876,-107.20218773956947,-106.87584301383094,-104.7631611549738,-104.16449862994025,-108.44788933248239,-105.237976915366,54,-105.70261983220938,-105.65025417977174,-110.26679776514736,2.651520990159095,-0.6548055713062825,0.6816767938219166
HDOK,PLOK,17472,25,24,-105,5,10,2,29,-108.90161757572486,-104.47748368104557,-102.12186700257806,-105.3615195569354,-106.19432606262693,-104.85929411948756,-105.09213760397122,-104.06388896485085,-105.40657765868104,-104.831791077569,-107.25505997072416,-105.56818504459791,-106.55656923206267,-104.50816618217607,-105.83952766488109,-105.82227237544633,-107.30388964880211,-104.94822242816183,-106.22705656391777,-106.73192227297646,-105.83224232124785,-105.70546582334595,-105.67614651374525,-106.85014551378623,-106.29260652957818,-105.00598350394137,-107.10066695143117,-106.0111854767167,-106.50554965733416,54,-105.7603919647705,-105.82227237544633,-108.90161757572486,1.4958609220026275,0.3210446479905861,2.2840736072860284
HDOK,PLOK,17472,25,24,-105,5,10,2,29,-109.5002164227488,-101.45565524166591,-102.98539659516904,-104.09901583233606,-104.65924697412518,-105.22759819655293,-105.88577823688568,-106.34570976762484,-106.39718660509729,-103.1055143909147,-106.91564938006596,-105.87870426359062,-105.1734798144067,-105.027407639139,-105.03949869396337,-106.20306040842183,-105.92466572327082,-105.02345204858922,-106.54850293661313,-107.02892742309305,-105.61605871203169,-107.23689209983473,-104.8086604338246,-104.7252343589593,-104.71437599524243,-105.88011197801353,-104.35193407892028,-104.5156797493894,-106.76838816890057,54,-105.41524145411692,-105.22759819655293,-109.5002164227488,2.2211674906750316,0.06671970983286628,1.8654671581292352
HDOK,PLOK,17472,25,24,-105,5,10,2,29,-109.65550360350898,-103.16196232775098,-104.94931352591615,-105.57349898017819,-105.00262466801202,-104.19711523424589,-106.99440205929199,-104.20752918232448,-105.38477292131816,-104.56307359667852,-104.75378605377243,-104.73899691025008,-104.93247797939887,-106.12045954168791,-105.16704522278344,-104.44327446605229,-107.10844327355896,-107.9959764280617,-106.24266645817058,-106.45103521733311,-107.02506325458212,-106.15304518361967,-104.46872669276999,-105.37506667355252,-105.76816773768053,-107.45138385813195,-106.55875769612331,-106.22685648531909,-104.87704427025422,54,-105.70855412076995,-105.38477292131816,-109.65550360350898,1.7797861809151416,-0.8390750740579278,1.2367968337329258
HDOK,PLOK,17472,25,24,-105,5,10,2,29,-108.67267628330539,-104.17219556112966,-104.5949268476464,-105.47676401859624,-106.91403404052592,-105.87368560669965,-105.50513937928947,-105.40876487724672,-107.19198201646464,-105.34385721082344,-105.61011890022101,-105.90039318562388,-105.14662507599708,-105.43678460776458,-106.2223308783165,-104.50796810466565,-106.38761979078373,-107.8237076516145,-105.3395166741453,-107.72817229239246,-104.45813958464078,-106.60706643398204,-105.8157848920582,-106.31815518582941,-105.1752216875856,-103.72270943479919,-106.18096820324661,-107.03428638456514,-106.08291302016721,54,-105.88456923552162,-105.8157848920582,-108.67267628330539,1.2372943212210852,-0.43722281318820266,0.2642553800993839
HDOK,PLOK,17472,26,25,-98,8,10,2,29,-107.3713056867221,-95.43882225847067,-96.8917491536409,-96.36500234337068,-98.10117045065918,-96.68215518648677,-97.78318290465988,-97.2758012799803,-99.16939295993633,-99.00257465414356,-99.27845731444351,-97.25368024113233,-97.18723744859986,-96.54329235498737,-97.20441156145506,-97.50933537250867,-95.64346803199346,-97.91141688191658,-97.73604198737308,-97.67610629174085,-96.41707667100322,-97.32728162228133,-97.29674850659006,-98.1384521367948,-97.57340260401932,-98.18455791901738,-97.74082757064123,-98.00659442075069,-96.59134681769586,54,-97.7689962976902,-97.50933537250867,-107.3713056867221,4.09478905464411,-3.7764506980548034,17.755558566718584
HDOK,PLOK,17472,26,25,-98,8,10,2,29,-108.01424600508953,-96.10833641492674,-95.85891875040693,-98.74579246179506,-98.64521274157717,-100.79328850190748,-95.87927281077084,-97.08987719924139,-98.5268997978954,-96.58027324817375,-96.61687378230364,-98.45355317179254,-97.63637944551125,-98.27251411103845,-98.00313151593228,-96.22870718336684,-98.98346983511922,-98.00129865380043,-98.32441328603775,-100.14310017025271,-98.1977239633305,-99.35174781756727,-97.87273640281933,-97.8813266722676,-98.94407521092197,-98.52037991535127,-98.46217734105855,-97.61506194402726,-97.36143408672612,54,-98.31421456693137,-98.1977239633305,-108.01424600508953,4.721891379069402,-3.0968002920309297,13.376412395174901
HDOK,PLOK,17472,26,25,-98,8,10,2,29,-107.57937995080783,-94.332490214385,-97.11683278745386,-94.86493103640245,-98.9671112761421,-97.77309975307678,-99.85761924284458,-98.14369099686533,-98.81667228418911,-97.7207516006032,-99.06337256902738,-99.01671825072083,-97.16693936189137,-96.59867687758506,-99.38583141868507,-98.95793326420258,-97.86193333536099,-99.04669165911338,-99.05937448947707,-98.54199207901698,-99.2885698782709,-96.46057578198051,-97.70635967445752,-98.72929059382925,-97.45158136666464,-95.78354765837089,-96.50083363477721,-97.58679702848237,-96.7862875627693,54,-98.14365122853287,-97.86193333536099,-107.57937995080783,4.978363936804641,-2.395868949540879,10.514169200153818
HDOK,PLOK,17472,26,25,-98,8,10,2,29,-108.67197050805655,-95.68375834115925,-96.92500167768902,-98.18130624247222,-98.78318812258728,-97.84916676730832,-97.93426581800114,-98.6054694829403,-97.68098100827402,-98.71421605234266,-100.33909400658901,-98.60271000625853,-99.5712642487999,-97.65045643633212,-97.81283809852852,-97.43186451450042,-99.0819736176533,-97.75015357802545,-98.3886368160474,-98.62762948264121,-98.77907239290109,-98.36455617559545,-98.07280814474522,-99.25998296135778,-99.216804284369,-99.06342879188674,-100.09423061125435,-98.07031999542438,-97.62224563501154,54,-98.71825495926733,-98.3886368160474,-108.67197050805655,4.3841969990215075,-3.7700987651511815,17.97038677836338
HDOK,PLOK,17472,26,25,-98,8,10,2,29,-106.87579527522948,-93.83732221052598,-96.11626440530779,-95.29435950460538,-98.81100218769353,-99.746372920491,-99.40154146347743,-98.36871972477321,-97.03508696252098,-99.31849378383804,-98.59480716852725,-98.22833165224368,-98.48362919454091,-97.28266895498493,-96.29475337734695,-98.0602882613858,-98.69621819367522,-99.29351576136598,-99.23701648794197,-98.55238835661676,-98.17897818615575,-98.19236727643691,-97.62437127457308,-97.95773961709779,-98.49674548716351,-97.98224827216457,-98.31754734988282,-98.45060314791566,-97.5467880515005,54,-98.28537808655113,-98.31754734988282,-106.87579527522948,4.211017563630616,-2.1273374467793804,10.536870709876933
HDOK,PLOK,17472,26,25,-98,8,10,2,29,-108.89618675181828,-95.96058332457063,-96.90109380898845,-95.88592408729913,-98.1898666463598,-99.23834816316555,-96.8227402179194,-96.4977242581701,-98.67940336173861,-98.19006063778029,-97.6825340510688,-98.27411780610181,-98.24989939107714,-97.35676048290912,-98.08171417620866,-96.54367722396223,-97.89997376506585,-99.66586659531883,-97.9906389614605,-98.29792636060473,-97.51513640026664,-97.38623301556655,-98.06877955692224,-98.42770925131897,-97.02789704378857,-98.07576698074185,-99.7233447347861,-98.11807922946193,-97.91700410179342,54,-98.19189622021499,-98.06877955692224,-108.89618675181828,4.951715476694194,-3.9434676196898897,18.893654738230232
HDOK,PLOK,17472,26,25,-98,8,10,2,29,-108.74873893354828,-96.08781507500768,-95.66573921894285,-95.85668588886762,-98.5648560649995,-97.88089941784656,-98.6732651975812,-98.47990665114627,-97.07818574289729,-98.13762701059699,-99.64790818861984,-98.8975504790916,-98.475140088177,-97.98323819890317,-98.2494094745094,-97.00295792101052,-97.93857362420917,-96.74127668102614,-98.05138289266695,-97.87941657989272,-99.6257626942623,-97.61510167340974,-99.63840626956534,-96.91434950664335,-99.26799712217786,-97.85109498260302,-95.7003074560446,-98.35950568540369,-97.11492016252272,54,-98.211310995937,-97.98323819890317,-108.74873893354828,5.1972186137560135,-3.425457785519775,15.727394476604202
HDOK,PLOK,17472,26,25,-98,8,10,2,29,-107.83751488475605,-96.39917628058362,-96.67616886131037,-98.6081024721213,-98.595989623495,-97.31319978383712,-97.28647188497573,-99.61338605222399,-98.64921373131608,-97.13659134139235,-99.17919566560029,-97.96432073232879,-99.38275490894617,-98.13617419554467,-99.7824285999149,-97.74385147774682,-98.76150630409803,-98.35430171075024,-98.40290824580659,-97.55004890342734,-98.21795745321556,-97.41074042120287,-98.59418293531733,-97.20821210112501,-98.57053676924384,-98.13238768233188,-98.24271859006599,-98.62772774819184,-99.36613519431769,54,-98.5428932605237,-98.35430171075024,-107.83751488475605,3.7825041445347645,-3.8528457429316085,18.326270551219636
HDOK,PLOK,17472,26,25,-98,8,10,2,29,-108.48281602885507,-93.72722427397042,-95.62506294856291,-96.00531586303919,-99.34122760829516,-100.06075807670462,-99.34496367031662,-97.97009983569463,-99.69818897077919,-98.33533478426465,-97.59998464035685,-97.53997743356928,-98.97692596638454,-96.54629175617147,-96.70808866873436,-96.79065389017825,-98.471576857971,-98.84728692019814,-98.06709966715233,-98.17743249593443,-97.89662715556096,-98.9206924474729,-98.80359180915916,-97.5227474706564,-98.54865973484983,-98.77739982040676,-96.68772851146142,-98.02178461436301,-97.34710800239019,54,-98.23595344563634,-98.06709966715233,-108.48281602885507,5.494327236550659,-2.6894905757327,12.441457334514356
HDOK,PLOK,17472,26,25,-98,8,10,2,29,-108.66903624123958,-94.96780766265816,-97.06547584507612,-95.86790962873508,-99.56406998079123,-98.24355406930731,-98.67205688688654,-99.06615086892954,-96.94858888043868,-98.47600002233408,-99.38366509145857,-95.09082990242416,-99.0965391003169,-98.07883452040186,-98.0024073045282,-98.38941121190004,-98.16820869676025,-97.69275640319343,-100.46927275244708,-97.44314646007273,-99.8263339648404,-97.32237609102803,-99.1287567531213,-97.83312788690714,-99.08754283844227,-96.28660654144818,-98.45216978323371,-99.95524047304099,-97.91121129589078,54,-98.45376162613289,-98.24355406930731,-108.66903624123958,5.497073123287893,-2.7275175755800083,12.040972588525856
HDOK,PLOK,17472,26,25,-98,8,10,2,29,-107.58463585476854,-94.90066428011549,-97.61674347487876,-95.76986876582731,-99.48873977020817,-97.68769941446484,-97.36668240062188,-96.58092218448948,-99.18810262050167,-98.02932955031329,-97.99237468733278,-98.04243500874348,-98.75574514020859,-98.2428366033632,-96.75640184654597,-99.24661640879435,-99.12798291159957,-98.77016233787627,-99.49903821987043,-96.68843911214194,-99.81758625672842,-97.92621133114109,-97.47280250934882,-96.4764871107012,-98.26672758793988,-98.48085480385386,-98.14137457833299,-98.89400069439537,-96.16166499152172,54,-98.24045277436652,-98.04243500874348,-107.58463585476854,4.518293671077401,-2.8302276189672937,12.509539724485302
HDOK,PLOK,17472,26,25,-98,8,10,2,29,-108.47622988911327,-95.7217376541706,-97.65525325395915,-96.73323757007623,-99.5786985017209,-97.78131435894848,-98.7449613361191,-96.64439009886428,-98.02757228276961,-97.94781233493437,-99.33577112436109,-98.96430683164778,-96.27462003261496,-99.26806058236782,-96.66794605325595,-98.93118018020586,-96.84267567623367,-98.77697575886513,-97.90196690816917,-99.12909286395922,-97.58392242497955,-98.50269329666558,-98.7836844718811,-98.5510952861751,-97.84893361872936,-99.26845971643698,-99.04949590170558,-98.42686599388993,-96.92735300625594,54,-98.4257347244509,-98.42686599388993,-108.47622988911327,4.652525140119111,-3.4991392657606806,16.32694592151789
HDOK,PLOK,17472,26,25,-98,8,10,2,29,-107.41795920329616,-95.17734106806203,-94.97690274636068,-98.45275500482909,-99.0776155587745,-97.83786032235157,-99.81795262630646,-99.0717195359298,-97.1599672957529,-98.65171494089348,-98.52505004347275,-96.8751711195242,-98.54133772674648,-97.73871283367508,-97.04473606063829,-97.29311656282613,-97.43549110619435,-98.09505777170706,-97.82188626353953,-96.18839736547841,-99.49723700612364,-98.7928961083315,-98.39453085473667,-99.2960663041368,-98.85488072775941,-97.79907063920477,-96.60351536342192,-98.87957619668916,-98.30963576074735,54,-98.26303979715551,-98.30963576074735,-107.41795920329616,4.345756609359958,-2.7707302019332998,12.549341522230128
HDOK,PLOK,17472,26,25,-98,8,10,2,29,-107.31104406258228,-95.01431870889026,-97.0345219515455,-94.84214528408039,-98.85826402865023,-98.32467104876658,-98.76681258120912,-98.34161446285997,-99.66713530692105,-98.45693472855545,-98.72257034871032,-98.2942053206496,-96.6178295859685,-98.25623415138496,-99.00411214410859,-98.2770365606718,-98.44751585565146,-98.96905134165198,-98.54981515097526,-100.2547548258606,-99.2882419803259,-98.02160409043381,-98.13231096751622,-96.24534252480507,-97.8162251318529,-98.56748917356745,-99.30605905856359,-98.18925544762533,-98.35375168534985,54,-98.480374741715,-98.35375168534985,-107.31104406258228,4.190725281689298,-2.487515361388658,11.815502639822128
HDOK,PLOK,17472,26,25,-98,8,10,2,29,-109.29701370442572,-95.01213522350112,-98.16828235051418,-96.83972420534994,-100.38937356001072,-97.7987637457367,-98.67745502676128,-100.02031142614203,-98.48547799174284,-98.51736042095001,-97.84428515494054,-97.30724987267378,-98.21378969090986,-98.63635874864184,-96.22649973965746,-98.19770705321669,-97.6845465783625,-100.43940492960988,-99.90880782962884,-98.5870918618544,-97.18500131899725,-98.3125052882442,-97.02833976384608,-97.8546936480989,-98.28637716148175,-97.877486494805,-98.20682030314471,-97.92949087801975,-97.21043091314192,54,-98.48768223739343,-98.19770705321669,-109.29701370442572,5.465300783140085,-3.460268290198444,15.82580494863513
HDOK,PLOK,17472,26,25,-98,8,10,2,29,-108.13177366755428,-96.34561580581178,-96.26523547485385,-99.26666203623176,-99.01161970336511,-98.15514222349596,-97.0272878958706,-97.43518197387533,-98.21110299237694,-99.0599939064337,-98.3693737608812,-98.0494944814056,-97.80560366038016,-97.61184853350387,-98.31463257239099,-98.33010295186544,-99.38115489248564,-98.10914565494265,-97.91518900741023,-100.10091953432935,-97.85294440978853,-97.92248053693457,-99.65343574306506,-97.0909701338716,-97.69113504915865,-98.64857697797159,-96.98423432223176,-97.30192506753306,-97.70493000412834,54,-98.40509355083269,-98.0494944814056,-108.13177366755428,4.183151975676637,-3.8226524453469772,17.91003706147681
HDOK,PLOK,17472,26,25,-98,8,10,2,29,-106.65340013853438,-95.17000009641778,-97.26200794310732,-96.44139883128672,-101.01085342122275,-97.8502560555561,-100.6980694549796,-99.54227756126946,-97.64744906171019,-98.68177769667305,-95.71914211589528,-98.03827126265473,-97.54176222316259,-99.0193794062225,-97.01909015216283,-98.54090300093102,-97.59363290841047,-99.03230521773676,-99.64878107024514,-99.17169645564064,-99.60718953272836,-98.78638762132017,-99.5329174809258,-98.23231864261604,-98.94692776183085,-96.8272682693874,-98.82789521546778,-99.46605395641873,-97.8031696542434,54,-98.63146835202613,-98.68177769667305,-106.65340013853438,4.048819472260118,-2.0052618002874483,7.873558832761223
HDOK,PLOK,17472,26,25,-98,8,10,2,29,-107.25233068426354,-94.3630853539633,-94.99503216942927,-95.26963094295972,-98.54528067409645,-98.07809695104814,-97.69232390025644,-99.01804723813964,-99.73871411226555,-97.91184140585378,-97.76709209396225,-97.42182619082062,-98.37856844459118,-95.56042552779341,-96.53265710174996,-97.39103268430372,-99.12375114866416,-99.70249348345583,-98.4831614432728,-99.79830544249819,-96.68696075112115,-99.91887842294922,-96.28503976155913,-98.13946223091034,-98.88674770783538,-98.90527114308121,-98.00613160556321,-98.18049690075608,-99.94483152404496,54,-98.20612127728306,-98.13946223091034,-107.25233068426354,5.1370455178549115,-1.9170312092153714,7.920760787852675
HDOK,PLOK,17472,26,25,-98,8,10,2,29,-109.37676141917049,-93.78026341873377,-96.35884229071637,-95.74135731210946,-97.0363903265238,-97.74721043287624,-96.03923362087525,-98.81709133188818,-99.15848015066167,-98.59490858085405,-98.29691739863762,-98.69578097229844,-98.29000455344983,-97.9664443871803,-98.85000583569418,-97.48980073397918,-98.56054692789361,-95.72292385426873,-99.03573227486675,-99.4328335389333,-98.57520422949679,-99.17121485534364,-98.29553773725145,-96.96972910348211,-97.96274507470633,-99.18426619509506,-98.94233782784733,-97.89612833466633,-98.75493001062091,54,-98.30150423207311,-98.29691739863762,-109.37676141917049,6.0546733898732725,-2.9621259805524733,14.20988666825791
HDOK,PLOK,17472,26,25,-98,8,10,2,29,-107.10667425308615,-95.80003993392293,-95.65676503301975,-96.81086736331834,-97.90570997732286,-98.28769389731883,-98.1594197273148,-98.74049862535706,-97.341089275806,-98.18161332984828,-96.408766135207,-98.45965888171393,-99.00684095928136,-98.08911308567804,-98.57073353257059,-98.57093630927343,-95.70279960249249,-99.05477756028353,-98.25956620315554,-99.37040713339543,-98.25235371000043,-98.74800318030685,-97.03926782213253,-100.10376919586011,-98.39437177407139,-97.33184939897927,-98.28874150888203,-99.52443757817797,-97.28417450098735,54,-98.29141170650911,-98.25956620315554,-107.10667425308615,3.9859113283093803,-2.8781363042413486,12.772310175213645
HDOK,PLOK,17472,27,26,-99,8,10,2,29,-103.8525639258468,-96.61885296670083,-95.37565297073952,-97.3720911465115,-97.2014501726436,-97.38987961989797,-98.24134486462643,-97.835940703708,-100.6800820920265,-98.36528355202465,-97.22087883301968,-96.65582682311255,-99.85103568974898,-96.52454358005053,-97.31766360059032,-96.628580326578,-98.70271275873989,-97.92881421132958,-97.53918580717506,-99.62976619758155,-97.96316895030488,-98.09572234758842,-99.38888964044006,-99.36204962764802,-98.91580862274617,-97.29498878095741,-97.89788143072184,-98.629001800877,-98.52274181506138,54,-98.17249665031025,-97.92881421132958,-103.8525639258468,2.4320919029202988,-1.6249921198886645,4.927601324916113
HDOK,PLOK,17472,27,26,-99,8,10,2,29,-101.44778900062485,-95.49121000260556,-95.24571635424273,-97.39413297733655,-99.45470570113982,-96.68838968132873,-97.15441592879668,-100.27459943672562,-98.52549635202668,-96.52806666704701,-97.33651536982306,-97.65673395633658,-97.99040561169004,-96.32606912492713,-97.16663879502748,-96.79518996980525,-98.23894556099123,-97.92740102487167,-97.85870799816614,-98.40124988865982,-100.6292538567663,-98.99305721946723,-99.93700708912536,-97.4918200645628,-98.11002132200787,-97.6135928772436,-97.81982365872841,-98.3955833102919,-98.6177022790487,54,-97.98311176135914,-97.85870799816614,-101.44778900062485,1.954657558301337,-0.4680049307220358,0.4741747978763229
HDOK,PLOK,17472,27,26,-99,8,10,2,29,-101.8217229420083,-96.22270438062066,-96.05907455616396,-95.66609459277406,-98.14239949561365,-97.89713903659869,-98.28810149477991,-98.0104801157485,-97.65966494141259,-100.15561253033754,-98.3896564570558,-98.18944852126837,-97.41951566284459,-97.39232610419201,-97.99155077505552,-96.3898937970972,-99.1428962092412,-98.99585153385706,-99.17105067140311,-98.36880970969413,-97.81923376805133,-99.53294184613816,-96.88061620245335,-99.88006818968177,-98.40126317998836,-97.50415512388422,-98.65730482809539,-97.1379485405834,-99.5532881756766,54,-98.16347632352824,-98.14239949561365,-101.8217229420083,1.7081692238875963,-0.4489745470600549,0.9006466610574724
HDOK,PLOK,17472,27,26,-99,8,10,2,29,-101.90896301903281,-95.38826307616637,-97.5475728767894,-95.82567268299216,-97.81832401195383,-100.20386535233506,-97.5083721258372,-97.8602662253167,-96.60287871160295,-98.41980686120074,-98.0654489643724,-96.91779465650353,-97.17070992390478,-98.71066523084019,-97.76999413814018,-95.67701891469459,-98.9636672313175,-98.30019107384811,-98.68382005942547,-97.58459842176264,-97.75562257737079,-98.5031355864654,-99.00456506769432,-96.70117874251328,-100.90424930153694,-97.84232244389516,-98.02928250345619,-99.1546663629408,-98.6029977383069,54,-98.04916944421434,-97.8602662253167,-101.90896301903281,1.9615646852184203,-0.574930364693979,1.2591632700748554
HDOK,PLOK,17472,27,26,-99,8,10,2,29,-101.93159396149431,-94.42564740265597,-95.1614954501839,-96.44423137780262,-98.81736021782571,-99.09645088482749,-97.40012980713786,-97.00928415410823,-96.5761658165505,-98.47671911977471,-98.05518002237119,-98.40133700999357,-99.57508327384097,-98.23963995548037,-94.8491815801653,-96.83580847046883,-98.46463764249555,-99.45009041290972,-98.89799210160508,-98.1572349191277,-98.58451906350307,-97.93317983630234,-99.35000979205404,-98.4358128831518,-98.38069631783615,-100.1941904681811,-98.8710265436259,-99.33477499507725,-97.61084645444582,54,-98.10207999775852,-98.40133700999357,-101.93159396149431,2.4489622158406745,0.41843735453929654,1.0236157984665648
HDOK,PLOK,17472,27,26,-99,8,10,2,29,-102.56835173584906,-97.35802461527221,-98.15662853726037,-96.94488536646935,-98.55949275194351,-98.74458951992914,-99.30796357252471,-96.86937183231156,-96.66347840579556,-97.87347018518567,-96.38349798768253,-97.57294721806198,-98.03696864567947,-99.39561292413761,-96.36511550017411,-99.34028646955232,-99.40351456600335,-98.50193081961021,-98.04668126282726,-99.023286956034,-99.73292775386174,-99.11453858439869,-97.11559743490695,-98.3450755089993,-98.7821020822714,-98.87034292492021,-98.6321528688851,-96.13563807342491,-97.90631783772238,54,-98.26726868764464,-98.3450755089993,-102.56835173584906,1.6859245529569369,-0.9044769118158472,2.692793446139467
HDOK,PLOK,17472,27,26,-99,8,10,2,29,-103.83797690220881,-96.51611396186273,-97.3247680397946,-97.25940350168658,-99.11424070137055,-98.51114529502641,-97.65931768616505,-98.5877293306689,-99.01350396618297,-98.20441188314021,-98.29420776444599,-96.32172858101518,-97.22498905899928,-97.14662357748165,-97.54279460371338,-97.60689073608242,-97.8560025967821,-97.01232965268048,-97.30566645776322,-99.8851435679668,-97.84388061802076,-98.55723001639585,-97.39493223024196,-98.43491213773231,-98.21079036876431,-97.13910528468567,-99.05032079042974,-98.66705736981771,-98.72048857048611,54,-98.14633466384868,-97.8560025967821,-103.83797690220881,1.8300427501036776,-2.5727339801595814,10.025477985297663
HDOK,PLOK,17472,27,26,-99,8,10,2,29,-101.71722177370404,-96.26505047784545,-94.8250734185819,-96.3645751692304,-99.64190360032472,-98.7893409183036,-98.44572803569841,-96.6392950323111,-96.21836872878663,-99.36118283384991,-98.59491844721535,-99.13960384348427,-99.78436024282345,-96.67059276775802,-96.22945180756025,-97.66658279041188,-100.31281987355275,-97.18450966990724,-97.9447474146333,-97.35501730788985,-97.93900990692418,-97.36476422061172,-97.11795720381875,-96.92712155315918,-96.73586203164217,-97.78046884059165,-98.5483819652133,-99.07661331722483,-100.30512414302204,54,-97.96364301158897,-97.78046884059165,-101.71722177370404,2.3096356897601655,-0.3823037407226249,-0.050121131204341474
HDOK,PLOK,17472,27,26,-99,8,10,2,29,-103.91776520927698,-97.04240796311163,-94.30733662267909,-99.25814483951481,-99.13317149464852,-98.44651422231205,-98.66856142940539,-96.52057260742687,-97.22638067518349,-96.39687273478081,-95.61373015502288,-97.155733000704,-97.51903771584274,-95.53078751254958,-96.7490431929827,-97.96472553521211,-97.67483821051025,-97.10539563979545,-99.43817471681317,-97.99091059461836,-96.73802685050076,-97.81572673038103,-97.12471167091341,-98.96506248094107,-99.10645437539895,-98.26527371244502,-98.35964171052424,-97.27011793036888,-99.48226727279457,54,-97.82025471747099,-97.67483821051025,-103.91776520927698,2.8365564605688767,-1.294714971697849,4.9761726287038766
HDOK,PLOK,17472,27,26,-99,8,10,2,29,-104.98902772765182,-95.87533670864431,-96.42243040949218,-94.33520012635513,-97.9542169237684,-99.08916925705283,-98.6729705515366,-96.79914365292198,-99.39464339527456,-98.6318540259935,-97.64185596628722,-98.2419895033842,-96.19248533439837,-96.18209032019001,-97.5618137987596,-98.01395874184921,-97.00763703294096,-99.15372465271497,-99.22734170556829,-97.47659076407811,-98.56146937993459,-96.21623096783489,-97.88499450154612,-97.21096355635316,-98.78762007247063,-98.27139636619805,-98.54084390784487,-98.3095799681456,-97.37394541000388,54,-97.93174223204117,-97.9542169237684,-104.98902772765182,3.1457578518031735,-1.8580978654282763,7.964959045230399
HDOK,PLOK,17472,27,26,-99,8,10,2,29,-103.39264166774066,-95.9779975167077,-97.62762307026644,-95.78108527956003,-98.79281113602283,-99.2435855739855,-100.05232853388566,-97.16094698414248,-96.86216862328361,-98.25382383033129,-98.12646967841181,-99.93683049146455,-97.77928090339903,-96.98013152116077,-97.359289445365,-96.38672778557583,-98.55923418034924,-97.53998246691556,-96.94850411970788,-97.1339171286329,-96.9442661807412,-97.11018491183863,-99.00035893576838,-99.74926743128906,-97.99150858914626,-96.87224920876682,-97.88277752153692,-96.4201147476475,-99.38831652067282,54,-97.9742904822178,-97.62762307026644,-103.39264166774066,2.3650989708880275,-1.537411567203379,3.8247198520874206
HDOK,PLOK,17472,27,26,-99,8,10,2,29,-103.26386945804057,-93.72383365382575,-95.13665208627906,-96.4895651617016,-98.93928109666548,-97.85914952333216,-98.35423239421196,-97.23845955537331,-99.26366037577202,-98.0420604855959,-97.82448789816122,-99.24112985672751,-97.8091523342493,-98.32762871784831,-98.88641218220114,-97.1861449696749,-98.72739681655762,-97.66381475330336,-98.63380048264077,-97.32449231306853,-99.69773187448892,-98.05913716257722,-98.73167265400043,-98.69146906363898,-97.87869958481846,-99.5278215078529,-98.89102144552069,-97.00557385920278,-98.85294827112574,54,-98.18176894960195,-98.32762871784831,-103.26386945804057,2.4877170396642914,-0.1445149716390472,4.4706530944791325
HDOK,PLOK,17472,27,26,-99,8,10,2,29,-101.80002118320044,-96.1596432749461,-96.63803492107303,-96.15236953098098,-98.80915503335152,-98.8426433222723,-97.00584081086946,-98.49120175228742,-97.22356591140331,-97.21676694961148,-97.33525774592196,-97.15937704640223,-96.37628903548718,-97.43474910291243,-98.04291964627491,-96.20382688441767,-98.4215377747952,-99.8135180942198,-98.74118448052441,-97.28360016737614,-97.49451669479137,-98.50918917169446,-98.82209977725657,-98.12763544556923,-98.60884828346711,-97.88927299146827,-98.08012306068596,-97.87917235705905,-99.85070246301677,54,-97.94527803149433,-97.88927299146827,-101.80002118320044,1.5074937003763522,-0.9508759283076768,1.9080597735489193
HDOK,PLOK,17472,27,26,-99,8,10,2,29,-103.87781210305835,-96.66533161336315,-95.69654636662665,-96.90108520071387,-97.85578002182518,-97.73955949590678,-99.5642121588228,-99.2828624469961,-97.7289031362325,-98.77342456685848,-98.11235327819048,-97.98256127437588,-99.20457505056098,-99.37929741683999,-97.50868847284784,-98.51958677140787,-96.47378262787512,-96.62277408594548,-98.83043698504082,-97.42631364168798,-99.40617499230152,-100.25569293992676,-98.96093589291159,-97.52052718844492,-97.96880576089603,-98.29941273205162,-96.52991529665597,-99.19813963257135,-96.98716467487039,54,-98.25078123537261,-97.98256127437588,-103.87781210305835,2.342309633238699,-1.554468101909258,4.998045683219603
HDOK,PLOK,17472,27,26,-99,8,10,2,29,-102.4868157684282,-97.59189599632438,-97.11730823582778,-96.52992139900336,-97.38662734226888,-98.8687693716489,-99.05328382867393,-98.42910334384186,-99.04688902020152,-96.65006623753519,-98.56858799087628,-97.6317783814771,-96.5636411316344,-99.30543949822219,-98.26100674675858,-96.67535728916874,-96.37724668777247,-98.66247802359673,-96.69792699480651,-97.67685178277492,-99.42593731678565,-98.05951473032465,-99.04392873472406,-95.57854523933962,-98.00832005810871,-98.53824011683089,-99.02479178895834,-96.59190017862221,-97.97590006186368,54,-97.9940714929793,-98.00832005810871,-102.4868157684282,1.786707337571324,-1.0182122047039572,2.9034862145471094
HDOK,PLOK,17472,27,26,-99,8,10,2,29,-104.74163895807642,-98.06789146596915,-97.47580532619227,-97.48301335424217,-99.30706089005847,-97.73071347293721,-96.41992025804133,-99.23629843536895,-96.9446041464429,-97.31785707264852,-97.97374422170223,-96.38541279571136,-98.76648121088274,-98.20693886411533,-96.91339347044848,-97.69738007795769,-97.64173702552327,-99.57759004234401,-99.0647597007841,-98.99103219380741,-99.53489192347122,-99.4555574555494,-98.54516778497239,-100.72187915580196,-98.04565614992957,-98.0952820411988,-99.24703476353793,-98.00496678013451,-98.03382311818449,54,-98.46991490193221,-98.06789146596915,-104.74163895807642,2.412715946387544,-2.2636860302567756,8.209809900663094
HDOK,PLOK,17472,27,26,-99,8,10,2,29,-103.5480105791739,-94.2689892531901,-95.88290036026288,-97.35917137737161,-99.24985686489384,-98.72512291120675,-97.0415962146,-97.48052188109551,-97.6782471292647,-98.02068538670149,-96.40109817430948,-97.72473882808045,-98.77510458108883,-96.67816770827092,-98.06599377775423,-98.94242709045575,-98.34173267099416,-99.85116841263363,-99.13319002544313,-98.7451347548077,-98.99019310257347,-98.22717516164761,-97.70159327167838,-97.55459278882552,-99.20522660875102,-99.06225316549151,-98.08852232080032,-97.208840266142,-96.56615923383481,54,-98.08684185866704,-98.06599377775423,-103.5480105791739,2.4345217429062522,-0.9145713670742355,4.740698885823008
HDOK,PLOK,17472,27,26,-99,8,10,2,29,-102.91850448376069,-96.9707050390223,-95.63154494774412,-97.4273915665716,-98.8814312203529,-97.0835334808654,-96.83785280508974,-99.4882573192084,-99.3798154323455,-97.84927565859506,-97.59378175546432,-96.50221356253333,-98.19809008931838,-97.90190204264387,-99.18761128895376,-98.41350720742054,-99.46275473495737,-97.01322154568903,-99.30968833754022,-97.50193340511397,-99.24504361160439,-98.42129183449988,-97.19735802709143,-97.05871538565339,-98.05397495050224,-98.74499316105249,-99.28217631488286,-99.80414574550464,-97.11474207138491,54,-98.22329162156437,-98.05397495050224,-102.91850448376069,1.9126000107744827,-1.1307168169927977,3.1127794320441997
HDOK,PLOK,17472,27,26,-99,8,10,2,29,-101.038409066068,-94.93741080175498,-98.08262068509721,-97.07445111917862,-100.86586587114249,-97.6965844242546,-99.65338761689596,-99.97162281884125,-95.6754733633712,-98.08297957690012,-99.22637859574613,-99.61413462984245,-98.24854495338684,-97.55059206913401,-96.34503679282491,-98.80290480927407,-99.18321826799112,-100.88293700335957,-96.83067201119573,-99.01965283411992,-98.47636908646422,-100.06099661400309,-99.16372703785288,-97.17876408560072,-98.04161483793925,-98.61481007311716,-98.95583920588021,-98.94160884140453,-98.76174712439285,54,-98.51649497300116,-98.76174712439285,-101.038409066068,2.1108206352976224,0.44943835884660965,0.21371513109600704
HDOK,PLOK,17472,27,26,-99,8,10,2,29,-102.03746330195325,-97.0878541064511,-96.4368479737306,-98.02196179572226,-97.61635085631454,-97.2807814567812,-98.74340960182457,-98.51292485976961,-97.38275103275474,-96.58409091628273,-99.26057268043446,-98.17061556008504,-98.30708214253649,-97.18809091927199,-97.43894885762634,-97.69599997813627,-98.10060432766072,-97.77933613058023,-98.99042890914679,-98.75082295091107,-100.20432739370955,-96.9158415813764,-97.35063757167836,-97.01962922630841,-98.5820839129784,-97.94035642382785,-98.13356962317162,-98.90467000020229,-100.00696375378087,54,-98.15327647741407,-98.02196179572226,-102.03746330195325,1.3713064308691503,-1.3555970485706923,2.8456261396922433
HDOK,PLOK,17472,28,27,-101,8,10,2,29,-105.1058829127766,-98.78764131702698,-97.98225778590005,-99.09890879601012,-100.3280248299602,-98.88527192622165,-101.62767668787072,-98.28256392922854,-98.26840333665801,-99.13937769704634,-99.91966698728253,-98.0092979959664,-99.13285556472647,-100.3531484610141,-99.66822326103139,-99.6713006444816,-97.43638730749116,-101.57411049273881,-101.42252487081899,-100.40025618998607,-100.83218547761146,-101.30513623610233,-101.02145133830162,-100.75341901176296,-100.07568991778926,-100.80553387650252,-103.72922402649243,-99.34685604848133,-103.12046827776015,54,-100.2097843174152,-100.07568991778926,-105.1058829127766,2.995360714330252,-0.8966260003923633,1.0601373508995802
HDOK,PLOK,17472,28,27,-101,8,10,2,29,-105.62100364722743,-99.67011797667311,-97.80272212496256,-99.78174607313765,-100.67243906693248,-100.75536682893599,-100.34369486213336,-98.4300772682279,-101.14007028965335,-99.32223298135142,-100.03963823906561,-99.26721159760712,-99.48262339719395,-100.9309458550883,-99.46142427509115,-99.29547019521492,-99.75396426583816,-99.66364850975867,-101.63114184520666,-100.00334877388252,-99.59023901053776,-102.26611538213089,-100.1546928125918,-101.32402713354429,-101.48945121832148,-101.19451535644625,-102.38824836754169,-102.6369917315666,-101.33631113237418,54,-100.5327406971806,-100.1546928125918,-105.62100364722743,2.212984784600085,-1.2753979274711156,3.4041745525537244
HDOK,PLOK,17472,28,27,-101,8,10,2,29,-106.64569282193786,-99.86294066926216,-99.46647324656887,-98.75866889537673,-101.17659896599007,-98.8196488103585,-99.28735654779194,-99.52338533049526,-100.75223170524245,-99.85423345980125,-100.77684166031317,-99.4980350835859,-100.13485950872104,-100.42789694116544,-101.16312212711173,-101.52519872959255,-100.987125231321,-101.9151536319535,-101.34401155802023,-101.5231416342107,-100.87165943224807,-101.13128337943789,-99.20322800724917,-99.99288675279244,-101.35168522634949,-101.16120174172036,-102.00145200678455,-101.06639006877862,-101.8344338701542,54,-100.76058058773569,-100.87165943224807,-106.64569282193786,2.1101985912136896,-2.1313081131871514,8.291803901975314
HDOK,PLOK,17472,28,27,-101,8,10,2,29,-104.98968828600019,-99.3382006188698,-99.82124264146914,-98.62656599891687,-100.60727183811875,-100.75223576168085,-99.96104596998143,-100.08174252517912,-98.78093050318213,-99.3391637117935,-98.97197479637988,-99.85423864997705,-99.84151735002241,-101.03571903693052,-100.25301851924162,-97.85665879525861,-101.2197515470562,-101.41353909356788,-98.98336729363368,-99.7294813715957,-99.60283749690662,-101.38823440888943,-101.14369322554202,-101.56865217231773,-101.31761878934032,-100.92579817447665,-102.7918831223049,-104.11525781143354,-100.23359245379946,54,-100.50154903323676,-100.23359245379946,-104.98968828600019,2.3269571321650773,-1.1377311122011873,1.9351676855712898
HDOK,PLOK,17472,28,27,-101,8,10,2,29,-105.18873185577272,-99.28624539714717,-98.10190416203808,-98.58914059065243,-101.35279883374021,-100.59819319396742,-99.45002983441589,-100.20901271525204,-99.82257290957513,-99.89718623131851,-97.7286654429312,-99.18870874794683,-99.43003550632515,-100.89797899018977,-99.81586428927358,-99.71268264571758,-100.52308089732689,-98.8588585141662,-100.52351554780962,-99.27466691383675,-100.25683998120815,-101.9770452085228,-101.95509423721913,-102.28809176535705,-101.3861299265121,-101.78493286542417,-101.88979222796038,-100.19151153875488,-100.86488561581298,54,-100.38083436504051,-100.20901271525204,-105.18873185577272,2.18387565280302,-0.9909591627099017,2.4496790435603377
HDOK,PLOK,17472,28,27,-101,8,10,2,29,-105.43075716530375,-99.72584760054566,-98.00152237036738,-98.10685267528872,-101.90056521761983,-98.29542775602069,-100.35478975745242,-101.59174210059055,-100.7163461568918,-98.72090729218304,-100.45501194074664,-100.12386893183835,-101.82594977906481,-98.55654417465999,-101.20940401626628,-99.31590344974802,-100.90043027005177,-99.88946093941084,-100.73418692132257,-99.83820071545622,-102.3758477552062,-100.07572577149864,-100.96813671052816,-100.07009206806244,-101.6675527897964,-102.21954792023206,-103.87003087672805,-102.8941031594106,-101.07521613645552,54,-100.72103353168092,-100.7163461568918,-105.43075716530375,2.798742625194873,-0.63963947062294,0.9190614558373489
HDOK,PLOK,17472,28,27,-101,8,10,2,29,-105.60346834498341,-100.0170929183595,-99.11052095004075,-100.15078553798514,-102.31925838950342,-100.48672401098311,-98.34988445374269,-99.44474215414041,-101.69415195266173,-100.04090823775923,-100.35125546889408,-98.71424925884786,-99.02066639690534,-99.52898813551278,-100.39091338018447,-100.56843711639772,-102.00304579930653,-100.10850122379328,-101.31442225616442,-101.33281984964611,-101.6889815394913,-99.72296333440543,-100.08342145142171,-101.10887115864638,-100.07575614028187,-99.91800758897318,-102.77435586885942,-102.29512074773454,-101.51224660014395,54,-100.68036414709549,-100.35125546889408,-105.60346834498341,2.0930830641019855,-1.2962956809188364,3.1563927654577024
HDOK,PLOK,17472,28,27,-101,8,10,2,29,-103.97614705801057,-97.15003750000504,-97.93777092167927,-97.27883014194869,-98.62525804547965,-99.94578542402839,-101.91991966929248,-100.04197210187553,-99.74032589913539,-101.11014126868841,-98.21549457659097,-98.76466670252827,-99.5675723952682,-100.29964017328427,-99.65919805214222,-97.9245040621309,-100.80144261836078,-101.59387193658087,-103.14053725978336,-100.35199454201592,-102.07741797030259,-99.74373826934597,-100.52200821023416,-100.44448182785213,-101.22306225838412,-102.59065913503785,-102.20277900898557,-101.60681413966569,-101.03030964698864,54,-100.32711657984918,-100.35199454201592,-103.97614705801057,2.879383668603316,0.02256854632701176,-0.41343199582327017
HDOK,PLOK,17472,28,27,-101,8,10,2,29,-106.30101950295385,-97.39547607957546,-98.71034343769209,-99.85474644545062,-99.59572472502609,-100.28952704094684,-99.1315838911264,-100.13492467382285,-100.05908906992738,-98.81207943229477,-98.51742927727375,-99.11381278109681,-100.50763145395521,-101.40028489644068,-100.512233987651,-99.0370439736611,-100.88066998203556,-101.02603964629334,-101.41255031349925,-100.84841751232538,-99.68994096184535,-102.1967317192921,-100.4667878270752,-100.61535110892684,-100.3669289984164,-101.40493219065462,-101.93431820553066,-101.37364107189973,-100.77400415211879,54,-100.42631946064857,-100.4667878270752,-106.30101950295385,2.41805374188855,-1.5817587241113855,6.059173435704551
HDOK,PLOK,17472,28,27,-101,8,10,2,29,-104.69919001337368,-100.28173169650266,-98.00753403453187,-99.000925397392,-100.6258061595471,-99.97447379082513,-98.99748902652486,-100.06043188527909,-100.30321987729258,-100.20585545639072,-100.36650101869623,-99.2271930474567,-100.10931479135095,-99.71677304796226,-98.89383357773313,-99.32363590768469,-99.51149072783286,-100.40722712889713,-100.28164610392153,-101.61038396079837,-99.53853610300072,-100.49861842285094,-101.4086429371139,-102.26530790589163,-101.30607420068105,-102.76948501560909,-101.30274769294616,-100.43516693119875,-101.15456554755522,54,-100.42357935885659,-100.28173169650266,-104.69919001337368,1.6971297812107247,-1.205144126204657,2.8571401026383927
HDOK,PLOK,17472,28,27,-101,8,10,2,29,-105.19037145845074,-98.86101395581179,-98.93773665696918,-97.52327831361659,-101.46537474473114,-100.30582272595011,-99.28502013993227,-99.96411636077569,-100.21759394095643,-98.6722202619973,-101.27351392888532,-97.82150988528153,-98.30418446255322,-101.72413371158453,-99.18564790416161,-99.45913883373024,-101.95923905859598,-101.09943339929404,-99.39661091443745,-100.72858363191098,-99.1854524124005,-98.80516869529627,-100.392166997992,-99.75330202317878,-100.7597748137701,-99.90551189948827,-101.46751969960046,-100.92363466379649,-101.65834325383919,54,-100.14570409479268,-99.96411636077569,-105.19037145845074,2.3176087838549675,-1.0315705209560408,2.661659261237625
HDOK,PLOK,17472,28,27,-101,8,10,2,29,-104.97782103981378,-98.68944153727382,-98.82493117136059,-97.69262584881497,-100.99309237638674,-100.69661493696753,-100.1962053192794,-99.47556925352295,-100.56747901210426,-98.58455477726461,-99.29368215282969,-100.01596059612862,-101.74708125914424,-102.07670359566453,-98.1981379896621,-101.88811543217771,-101.99228141246986,-101.2746471190348,-99.7249479940549,-102.12276261890395,-100.60110368511961,-100.04538035777725,-100.69478603946557,-101.01993344155414,-101.68854415410767,-101.60441760171216,-100.24721704234256,-103.8263847670228,-101.62220335204098,54,-100.70284916841389,-100.69478603946557,-104.97782103981378,2.499405504209132,-0.44223976896871997,0.7664080092164576
HDOK,PLOK,17472,28,27,-101,8,10,2,29,-106.34352922531059,-98.80792943190761,-97.6726041506112,-99.4025200754292,-102.21629801830427,-98.40863153084163,-100.40589196984779,-98.27281291245494,-100.43855080010482,-99.1120506334941,-98.96941899311031,-98.60081219694135,-99.49729281641658,-100.69260794429755,-99.79290181885318,-100.10720509288353,-99.77765362830952,-100.08829892643797,-100.23379967582427,-100.66963765545935,-99.92600647718248,-101.36809270669096,-101.22829071420242,-102.12517963768586,-100.52916674284633,-101.84562495645787,-101.37699217049283,-102.0501926986812,-100.46891998421907,54,-100.35961770983792,-100.23379967582427,-106.34352922531059,2.6735404007927746,-1.5430962752482966,4.8943214327357385
HDOK,PLOK,17472,28,27,-101,8,10,2,29,-102.67539295711622,-99.96334923906021,-97.95525943103605,-98.03245541942754,-100.38418762521493,-99.33834670568831,-99.90399470346539,-100.10834687476797,-97.85857989622637,-100.23049910181165,-100.57570473659129,-99.75604170805721,-99.65131086294686,-100.31976272601393,-100.18481431973404,-101.0727404422102,-100.72874825201086,-99.90427411076496,-101.5122735723411,-100.7577840999929,-101.11374906701877,-99.31339505942901,-99.54841282948243,-100.0875651503304,-101.97183081599502,-103.1989718684435,-101.10586983458384,-101.1191297095765,-103.33923659016206,54,-100.40386302446552,-100.23049910181165,-103.33923659016206,1.7447731262640296,-0.2648755441102193,0.49762045126092147
HDOK,PLOK,17472,28,27,-101,8,10,2,29,-106.40722640707395,-100.38777451656513,-98.85666616032557,-96.84391197748067,-100.47963619316477,-101.32581101461024,-100.19707690793001,-98.42962147990045,-99.16663952814234,-99.13632923249767,-100.33231586428867,-100.57747033004391,-100.21714731189753,-99.89813979065876,-99.24069180458552,-99.71798715431348,-100.65649793324624,-100.52702612640083,-100.6339940400495,-101.70405785167654,-98.68083728553037,-99.69800441071328,-100.11154952739356,-101.11870029233428,-100.6336247201845,-101.832521403925,-102.40211482164622,-101.57272804687851,-103.77142980882022,54,-100.50198386007854,-100.38777451656513,-106.40722640707395,2.9514076548631447,-1.2721350264877926,4.117061383131185
HDOK,PLOK,17472,28,27,-101,8,10,2,29,-103.55707256288017,-99.20201524591742,-98.0934337146914,-98.41766706699525,-99.26756102198054,-100.53238957349792,-100.46162339642683,-100.71344724242866,-98.10948835700962,-100.31129338906806,-100.68098452030866,-101.36423211312473,-100.74339164845776,-98.71236694647187,-100.90849339608106,-99.59004652223224,-99.20559059863618,-100.33048598912724,-100.79222193982027,-100.69836930151904,-102.00167328544201,-101.39157549203426,-99.67501884077899,-101.59923910705079,-102.4188725389992,-101.28945118982207,-100.85475686546765,-103.16754761859725,-101.64276162825715,54,-100.54251969355603,-100.69836930151904,-103.55707256288017,1.830101562735678,-0.09084084674672005,-0.09670343398906978
HDOK,PLOK,17472,28,27,-101,8,10,2,29,-104.38111963623736,-98.03038856819397,-98.58174018432058,-98.8517188440645,-101.32694590779357,-99.47586512441178,-99.67804709825774,-98.84595663088,-98.70196418769119,-97.79664500477854,-99.24558736397168,-99.12782661787139,-100.09764890905198,-100.94592164137362,-99.42815579186306,-99.16921942634607,-99.64295644711365,-101.34540969175738,-100.77947320768459,-102.26712459667999,-102.83807413091027,-100.45677980159745,-100.86998579980526,-100.99323120678083,-100.6823006979346,-100.58517786214368,-100.49717282317576,-100.82099206910134,-102.15194564315803,54,-100.26259913499827,-100.45677980159745,-104.38111963623736,2.1281914829429,-0.7026128674716066,0.7774807847576732
HDOK,PLOK,17472,28,27,-101,8,10,2,29,-105.51339870580937,-97.74296322884516,-99.4373905235434,-99.56667856862941,-102.03543318353866,-100.14584492012558,-100.13010699981506,-98.80984686326487,-100.24560901703663,-98.96514754381742,-99.29781021682375,-99.23058198973703,-99.38857489905222,-99.18291399838668,-102.93776365398116,-101.6886060386079,-100.67586812332367,-100.75130198872921,-99.55662296689583,-103.32097712855565,-99.93111275139401,-102.62836174323438,-102.27643702269123,-100.96527884536077,-101.59230685320993,-102.85269140085302,-101.09534372815422,-101.96224670220607,-101.5351861674656,54,-100.80904847493407,-100.67586812332367,-105.51339870580937,2.782934445422906,-0.6797504591526943,0.5725150843056626
HDOK,PLOK,17472,28,27,-101,8,10,2,29,-105.53211052719207,-98.10363725120588,-99.97595270002968,-98.7050056864405,-98.56587010181312,-98.13927981505292,-100.71610919302304,-99.02593521069976,-100.64042970193287,-99.67400091576667,-99.23976841458651,-100.36009429752704,-98.8909090235533,-99.84329576907427,-98.67886247182817,-98.3444682216903,-101.60445279045518,-100.0066844785167,-102.19201019610091,-100.31621946670778,-102.56350306209038,-102.27018435628325,-101.57860082020973,-100.57343055751058,-102.10954805786912,-101.04931121540778,-102.03655917482307,-101.62765977205912,-101.02892970698323,54,-100.4618214812563,-100.36009429752704,-105.53211052719207,2.7265699633972353,-0.8191509692478235,1.338354086081845
HDOK,PLOK,17472,28,27,-101,8,10,2,29,-104.73455534435145,-97.50183625136737,-98.13909031210147,-99.97708590456149,-98.48392056315129,-101.12770472736686,-101.4509243534006,-98.97967498297913,-98.43492313614362,-98.51541552815753,-99.44539516442364,-99.31071971190362,-102.59770122084134,-101.50214952963644,-100.86041235724024,-101.09152679287371,-99.3509097714433,-101.10228197023217,-99.70085742457697,-101.42087348442847,-101.1864489938404,-100.84131251442396,-103.05461011921679,-100.95669616255934,-101.30563161279436,-100.91676550856063,-99.42933270740691,-102.4270692111337,-101.96346064000753,54,-100.54514779314222,-100.91676550856063,-104.73455534435145,2.5970182928336043,-0.27519433198794596,0.15593561347647888
HDOK,PLOK,17472,29,28,-101,8,10,2,29,-104.1599682899768,-102.17845170783161,-101.9004344079638,-102.95508650874245,-101.66756946887878,-100.4258571488721,-101.73403893353522,-103.43610508185503,-99.99475768710921,-99.4305460558667,-100.70935245899642,-100.35773644540542,-101.09047106225644,-99.7907100648508,-99.93881773377102,-101.03494281931336,-100.3312259102585,-99.20055855578761,-100.93420754869057,-102.61376212657986,-102.9632284888159,-101.1140439165795,-101.102744347862,-101.49548780643896,-102.60944651003737,-101.84510027388166,-102.24774190948371,-101.22178647342538,-103.11656760783701,54,-101.4345085293415,-101.22178647342538,-104.1599682899768,1.5226553611210312,-0.19867657944916137,-0.563270280618295
HDOK,PLOK,17472,29,28,-101,8,10,2,29,-105.0985028284477,-101.41885268186692,-101.70833665295011,-99.56755508442815,-102.74585235342188,-102.0396933427384,-102.16482035035185,-103.20001684195041,-101.68832244964494,-100.51857983333602,-99.54454406757594,-101.05401082911864,-100.36633969636496,-100.07995417163184,-102.21414568804617,-100.38656133024145,-99.70104252821613,-101.9556068211901,-101.315274148752,-101.25033036125924,-100.95252263989273,-99.82107577253807,-101.44673593910333,-102.01307948611415,-100.96979013377964,-103.62723882167697,-102.28044163084914,-102.63590535354616,-102.33548401083716,54,-101.52071089137486,-101.44673593910333,-105.0985028284477,1.5964816446747927,-0.5675824774206472,0.773788515911837
HDOK,PLOK,17472,29,28,-101,8,10,2,29,-106.58984822300876,-100.76660928867784,-100.96323185573527,-101.0776166603321,-102.4696729672581,-101.39441381051793,-101.27231907665266,-100.31412909204478,-98.50038096561498,-100.828746452093,-101.63479213988984,-100.22128697605693,-101.3379717570958,-100.74037627490658,-98.93177548099023,-101.41340169207808,-101.98298707970702,-101.27939204298671,-100.64080657576753,-99.69610858593789,-102.02933357857229,-99.2065321057532,-102.01943121536347,-101.44724262572933,-103.54180881535429,-100.50159432269413,-101.71905006524527,-103.38458991283687,-101.02847342998436,54,-101.2735835540995,-101.27231907665266,-106.58984822300876,2.248852011505314,-1.3411190267265858,4.51915003207278
HDOK,PLOK,17472,29,28,-101,8,10,2,29,-107.11902720228616,-98.53557254001987,-101.14247422440802,-102.36371182693053,-104.18001373755374,-102.05992236442813,-101.6549792261159,-101.2174026934899,-100.91085696556537,-100.07033380870706,-101.92080494571586,-100.94242857541008,-101.74037496079055,-99.45242180367332,-99.61340832646255,-102.83572056045654,-100.31969691310483,-101.9223829483113,-102.29198223322294,-101.43714514507448,-102.05746647396882,-99.37132775959546,-100.82383147428968,-101.42820903859312,-100.4775045837218,-102.36836669836109,-101.13498412089729,-101.88175530526175,-100.6062379606527,54,-101.44414980748515,-101.42820903859312,-107.11902720228616,2.4690235606425084,-1.4564657498363534,4.928303440664749
HDOK,PLOK,17472,29,28,-101,8,10,2,29,-105.1899652866818,-101.99021199425388,-100.27857418616436,-100.39676664938816,-101.60344339400403,-102.29809841600344,-101.63474365986583,-103.30650504642003,-101.5730517301521,-101.04972628904893,-99.75604032782384,-100.78932087812866,-100.05031600945448,-100.62333981274467,-99.74761733638184,-101.85970107474557,-99.70412660545408,-102.34795756710368,-101.1350869256148,-102.26816408693378,-99.29499563359921,-102.05588143987134,-101.33141440904086,-100.62172269174742,-102.26475997866476,-101.94281659549603,-102.64112036163972,-103.69064690393445,-100.7881640348486,54,-101.45635445949003,-101.5730517301521,-105.1899652866818,1.6652102378780194,-0.6991512927701201,0.9922698778169861
HDOK,PLOK,17472,29,28,-101,8,10,2,29,-105.14352197033024,-101.32254492970665,-102.283751662383,-100.309213408432,-103.88409891850169,-100.87042492393068,-103.18940503400444,-100.95235644484838,-100.90300290206679,-102.40273737914403,-101.46275955583147,-100.15426967380748,-100.86515201866389,-100.18779066468302,-100.22810817800105,-101.5064860431404,-101.796954148579,-102.05342295074502,-104.6604304415955,-101.22868900506398,-101.65879230262624,-100.8796673263865,-101.91792463385656,-102.94513289112285,-101.50420855055741,-100.92149468144498,-102.29966294142564,-103.68556134860586,-103.35352279252429,54,-101.88176164558654,-101.5064860431404,-105.14352197033024,1.7030694071742813,-0.8543319402556255,0.13795810851870227
HDOK,PLOK,17472,29,28,-101,8,10,2,29,-107.34062841369484,-100.37513154483085,-100.76738291432802,-102.59215265452865,-100.42027329400547,-102.36708710862564,-100.9655370527906,-101.10111149745802,-102.55806095858722,-101.70491387679765,-99.91329250148888,-100.70332760716647,-101.56727287912577,-102.31739067761437,-100.25533991745948,-101.7465407110205,-100.54279653947647,-100.33257995710376,-101.4950419926394,-101.11746718578382,-100.88729018470109,-102.19410919627141,-102.45490124990144,-100.8790162855149,-102.46154748038055,-102.00398855948859,-102.36071694108954,-100.43115857593556,-101.46898426613679,54,-101.56293248358433,-101.46898426613679,-107.34062841369484,1.8480929218667745,-2.632714869530407,10.418104268056066
HDOK,PLOK,17472,29,28,-101,8,10,2,29,-105.45911652404368,-99.94959530581029,-102.76013663111813,-101.03693702836974,-101.24228812043128,-101.58459798469791,-100.80238302272515,-102.72460165315586,-100.52204238490236,-101.99580000894346,-100.35258174944282,-101.79909265729384,-101.18431054517379,-101.10012081620766,-101.73181003281532,-102.11292083369064,-100.74919208386326,-99.61450151732942,-101.09252005110149,-103.61514323326595,-103.10921425498206,-100.53397976122805,-101.59750079968865,-102.0958472734094,-101.9876062371554,-102.05860954153098,-103.02620228080708,-102.20668158803925,-102.43978441450966,54,-101.74086614950804,-101.73181003281532,-105.45911652404368,1.395277328193899,-0.898582924775133,2.0191120146322334
HDOK,PLOK,17472,29,28,-101,8,10,2,29,-104.84769521541182,-101.56050970809555,-100.49480022118152,-102.37769829854551,-102.73183357142233,-103.29254763597392,-103.27726246339321,-102.5997695703543,-101.5473895407025,-100.65993539021338,-100.84377612607952,-100.4189663774015,-100.5526015258954,-102.11964581325279,-99.38045276492991,-100.55306542737009,-101.82919708627335,-102.19639781667189,-101.06190808202537,-101.67298482020824,-99.66322869256585,-104.4378727482486,-101.88070483761278,-99.90876283376035,-100.75880322019498,-98.68058935360666,-102.02311870331486,-101.063974691804,-101.03074769578463,54,-101.49883587007915,-101.5473895407025,-104.84769521541182,1.922330149616727,-0.4293358474811026,0.3527922214708017
HDOK,PLOK,17472,29,28,-101,8,10,2,29,-106.95167737786271,-100.14476314952714,-101.45725325284347,-100.07717950619637,-100.80613235488612,-101.57385685845243,-99.97205840966949,-99.02739590826414,-102.82028751367142,-98.82296852528624,-101.36664106787548,-100.72055294359316,-102.82728610477072,-99.63077260027343,-101.62150397690573,-100.45439569336025,-102.34084011592141,-101.79395219701624,-102.15662402682892,-100.81677138815962,-99.83962564632748,-101.52091561946959,-101.89219291610948,-102.37847547596715,-102.42227331267952,-102.96485824639427,-101.18332249355115,-101.6775930833004,-101.5309711467836,54,-101.40666003144648,-101.52091561946959,-106.95167737786271,2.298911253698245,-1.4020496293391687,4.974087723581556
HDOK,PLOK,17472,29,28,-101,8,10,2,29,-105.26740595168873,-102.27526040334634,-101.2888460301005,-101.2158738347272,-102.69430379882408,-102.16558127307232,-101.74492183411468,-100.41326973554345,-101.04003056909164,-100.41735870353804,-99.09311371142985,-100.65605362797767,-99.95902852165726,-101.39689266330963,-100.81665207645631,-99.77814927164194,-99.70789274219423,-101.95635425088103,-101.11596942906175,-100.54922940278838,-100.13799372853848,-101.91759324912096,-102.72928905222034,-102.77906588435994,-102.53543385745398,-102.75062781782884,-101.05920808155301,-100.47418467337606,-102.39155346786718,54,-101.39059095323324,-101.2158738347272,-105.26740595168873,1.5763614730214428,-0.7762009389646121,1.5607660211858216
HDOK,PLOK,17472,29,28,-101,8,10,2,29,-105.70295068511845,-101.15087489820003,-102.5961815162376,-101.17351465152059,-103.87430664734362,-101.26466100130757,-100.40019001241188,-101.28573300079643,-100.02785877383072,-101.79492916885128,-101.81542736648387,-101.92879118503495,-100.34152613635753,-100.94183900169965,-102.38412132474086,-100.704032798361,-102.63650353611068,-99.88179530440378,-102.74151882887956,-100.75338848163575,-102.65233381714957,-101.58172801619124,-101.01757179622564,-101.51211180003844,-101.59127157294691,-98.75381354235161,-100.04972969791325,-100.51044995169079,-102.42185479708512,54,-101.49968997623854,-101.28573300079643,-105.70295068511845,1.74855570319988,-0.9312760008965203,2.4593875702711476
HDOK,PLOK,17472,29,28,-101,8,10,2,29,-103.90128376474559,-101.16167192071121,-102.71808180977906,-102.71091141673159,-102.70852542393085,-100.7397069360073,-99.26348551682793,-103.19052176056533,-101.384154685678,-101.5346587348869,-101.03152849324931,-100.32147171323851,-102.23602893105046,-101.08699669007176,-101.10942269717374,-100.06479454600805,-102.9886963892585,-100.02066399697743,-101.76499289719263,-99.35839646612712,-101.234870413104,-101.6157881770114,-101.70732241774482,-100.64758405273592,-101.65663811574606,-101.6012046398585,-101.44339054092,-101.6921807701856,-101.37661888339021,54,-101.45764113106577,-101.44339054092,-103.90128376474559,1.1458458923967656,-0.05331045918745085,0.13974529063679642
HDOK,PLOK,17472,29,28,-101,8,10,2,29,-103.46706335387408,-98.90619152739676,-102.64011780708763,-99.36659772201816,-103.11363243532858,-102.49458973831578,-101.91987949228118,-102.1632068203673,-100.4775019222584,-99.95419891717256,-101.83793604848181,-99.41363198729195,-101.41722853968106,-99.73907176419206,-100.33278328655571,-99.61589040298465,-99.89700460686677,-101.90383963034144,-100.37706056436943,-101.89301310336522,-100.26058365960144,-101.55549910521276,-101.86224066558692,-102.31308284810231,-101.0112074571105,-104.39573335494545,-102.16047768240928,-102.85295754137233,-103.00580577665782,54,-101.39131130211135,-101.83793604848181,-104.39573335494545,1.926731162012564,-0.02464426836975247,-0.8229979975067767
HDOK,PLOK,17472,29,28,-101,8,10,2,29,-106.87474569702883,-100.90135285017526,-100.52082352128276,-101.47063577927717,-104.32685299420856,-100.43992225973155,-101.42287539718377,-100.7446080845885,-103.54631295270752,-101.9271931851288,-99.31835713800773,-99.86101730229493,-101.48376082789899,-100.3047430237298,-100.08169162215371,-100.20733587067909,-99.92132598772028,-100.21345202404615,-101.13966413496347,-100.91062958902337,-101.22546109855776,-103.49439620551904,-101.74063950217221,-101.66577759080052,-100.93584325187346,-101.35826239138173,-101.8652784919737,-102.04417070246281,-102.49112631060484,54,-101.46338813059228,-101.22546109855776,-106.87474569702883,2.3206522311389803,-1.7729826324071627,4.373264300935791
HDOK,PLOK,17472,29,28,-101,8,10,2,29,-104.97394400692224,-101.92764149896774,-102.04640351254805,-102.5729658207112,-100.475008014346,-102.70582226224661,-101.6145469283273,-101.96387063004626,-100.70313474795087,-101.76756768025052,-101.1850522105781,-100.57534493085994,-101.46661795598494,-102.20388094403435,-99.40200680210793,-102.3079618316143,-100.42746937232498,-101.02969979703259,-101.63807010250899,-101.0888034056257,-102.70734517413626,-103.8762749170146,-101.99289496038816,-100.60397419734794,-102.01242664087685,-101.69108896779537,-101.46497361074117,-100.46980325519664,-100.67140918693953,54,-101.64020701260085,-101.63807010250899,-104.97394400692224,1.2011561168549192,-0.8689711521068364,2.014242118962223
HDOK,PLOK,17472,29,28,-101,8,10,2,29,-108.50604491225734,-99.41115745433335,-101.86380676701114,-100.91023338306393,-100.13378557172373,-101.54103544455337,-101.67921833789387,-101.75166138410306,-100.83079589510673,-101.05674747757323,-99.45255913661202,-101.43464145004332,-100.38941972933243,-100.17592575939284,-99.18592418812734,-99.81136700337223,-102.08159280000797,-101.95901190039551,-102.54162163930967,-101.9669250179755,-101.87958014509763,-99.90798145424608,-101.15039303216622,-99.72866319735652,-102.83142324364273,-101.5761529611745,-102.49279967624857,-102.12072252795355,-101.11860704948492,54,-101.3617171910193,-101.43464145004332,-108.50604491225734,2.843314569315579,-2.5198890556448523,10.365078738152457
HDOK,PLOK,17472,29,28,-101,8,10,2,29,-105.83178960755023,-101.2089708154844,-101.16924164549722,-100.83245391847692,-102.39713638101567,-103.10395521078941,-100.8996617486293,-99.84875030240416,-101.17399938540942,-101.80487957946626,-101.77709499064012,-99.75335762876631,-101.06479971198009,-102.0100236831222,-99.99467665765543,-100.83298779583792,-100.35673227596341,-101.3619765117414,-102.98020726155055,-101.78770621682365,-101.37344671902063,-101.73330359765536,-100.5329922025021,-100.97197029616927,-100.76794363766543,-101.32342611337762,-100.87544264680237,-104.49733198864374,-100.66867275534173,54,-101.4805148719304,-101.17399938540942,-105.83178960755023,1.650392688426896,-1.7391750818507574,3.9028303661303565
HDOK,PLOK,17472,29,28,-101,8,10,2,29,-106.82165450066358,-100.73430463401006,-101.79330369917864,-100.77606606165917,-102.67052227882908,-103.01397011952422,-101.60241107546015,-101.7409788855633,-100.43639176509387,-100.75866707924574,-100.94250706234939,-99.86380916674759,-100.57726637312467,-100.82638524517712,-100.63501560207318,-99.39406374392327,-101.22422429934478,-100.11964181453055,-101.17580135827043,-100.6537700421539,-101.56286425054654,-99.39997077878664,-100.08678003123593,-101.55646335382399,-97.6208791348212,-102.44011060382319,-101.31180367572232,-101.77122059516978,-101.19664807120434,54,-101.12784466558816,-100.94250706234939,-106.82165450066358,2.266803768937388,-1.4897962562418943,6.666255617600912
HDOK,PLOK,17472,29,28,-101,8,10,2,29,-106.42240514648076,-101.79711911123556,-99.44697938056089,-99.83345744936106,-102.19555526395662,-102.26375052266268,-100.5981194507719,-100.93470765662232,-103.62176821596536,-101.81002161362301,-99.62499615710774,-100.72866969119137,-101.2121161098203,-100.86228109223133,-101.58132895856482,-101.15704669407191,-101.14544059961256,-99.33140035521059,-103.81098142409934,-99.67804676910085,-102.54059811414565,-100.88043958141678,-102.22245099167603,-104.09142713496392,-101.47563346404081,-101.66267976555626,-102.00205559342164,-100.03701928835486,-102.41762046975188,54,-101.56503848501994,-101.47563346404081,-106.42240514648076,2.3505057412991417,-1.08335502280358,2.1102217103000993
HDOK,PLOK,17472,30,29,-99,7,10,2,29,-103.14422112481991,-97.9712765318834,-95.08109148590928,-96.42991845571949,-98.74118175561932,-98.15832038138142,-98.62967210385747,-97.51827619820764,-97.34817491158559,-97.64130338040123,-97.75074997193255,-96.9715792970216,-97.66801658895079,-99.10450127237911,-99.64674675346228,-98.35998604118912,-99.06575589910533,-99.98352465291904,-98.9306057534704,-99.2358637519252,-98.61966591783249,-98.00957150141073,-98.46059255502031,-98.92689258290842,-96.59923629287178,-99.47318667097207,-99.8435908113735,-98.31621854090227,-97.90239654321596,54,-98.39765923200856,-98.35998604118912,-103.14422112481991,1.9472638491356125,-0.8401621388800372,4.0107952966959814
HDOK,PLOK,17472,30,29,-99,7,10,2,29,-103.11622474628702,-97.26581995688821,-95.78385953678361,-96.80923348544059,-98.69081984950373,-97.8227101861753,-98.0431996912663,-98.36658243354923,-99.23970375882148,-98.0170982677524,-98.67548017184193,-95.9074105788885,-96.6277391351152,-96.93118845825767,-98.19090065804511,-98.0555401994228,-99.77097015130846,-100.66381422732668,-99.61127577633131,-96.3940810998131,-98.04349825619633,-99.48726408503556,-97.80748079971448,-98.16022564092358,-98.584950062651,-100.12764011454198,-98.04754057991161,-98.892636024269,-98.17723460740778,54,-98.3211076737748,-98.16022564092358,-103.11622474628702,2.1903291369009903,-0.9740510420824227,2.559095374526827
HDOK,PLOK,17472,30,29,-99,7,10,2,29,-104.28997602119111,-95.80942793021653,-96.25886399080972,-95.15356082522781,-97.06530342206497,-98.41605032969404,-97.48526044124364,-97.99071583844841,-99.88818266731236,-98.78085812262502,-96.19189854257098,-98.5759647600609,-97.6122884616413,-97.26557567476836,-97.47002006956095,-97.8125065795904,-100.35461479131315,-97.890266085137,-99.45790771050346,-100.02321816128764,-98.9962280583302,-98.70879183858501,-100.80952602372227,-100.30277170478118,-96.69145846483035,-99.83517399446957,-100.1773181463322,-99.48309049357039,-97.98443337231582,54,-98.50969836283465,-98.41605032969404,-104.28997602119111,3.3290528402115402,-0.8162082502118095,2.0233707826712846
HDOK,PLOK,17472,30,29,-99,7,10,2,29,-103.85010523493189,-97.04872634159314,-98.11332025796989,-97.66014469789461,-97.64001334033287,-98.53018784656014,-97.0302716958122,-98.68383708462184,-98.61321970428298,-97.82152053720912,-97.91291332032411,-98.74628349069489,-98.9648394492268,-97.41107361275267,-97.06538927188133,-98.23564247128786,-97.23356046614428,-98.56957921109428,-98.67216503010454,-98.09642301514536,-100.00243005144131,-99.12575618791278,-96.19726101476292,-98.03296981268625,-99.21581379873126,-99.28432260269129,-97.21722362294425,-97.61533702913641,-101.10348245269688,54,-98.40323491906442,-98.11332025796989,-103.85010523493189,2.0331201824849554,-2.0466978967059815,6.444096748803842
HDOK,PLOK,17472,30,29,-99,7,10,2,29,-104.5974178458683,-95.41494004983431,-97.47134184524369,-95.82321789835997,-99.2484961716453,-98.65738413733715,-96.85105678683958,-97.46467796899054,-97.54235918205342,-97.87396661306832,-98.20941539404456,-98.73074003368124,-97.77186821247895,-97.32528386661184,-96.62643071780948,-95.85702825037667,-99.46945724860593,-98.07042810855755,-98.751504911071,-98.67295176175057,-97.04971811833913,-99.34244461833664,-98.89458997943883,-99.69320600623875,-97.42313626620152,-99.97344547245181,-97.06027975401315,-99.19135770232975,-97.86207255720488,54,-98.16966267168218,-97.87396661306832,-104.5974178458683,2.8235016490735556,-1.7266658401150312,6.279335096508447
HDOK,PLOK,17472,30,29,-99,7,10,2,29,-103.98395656507373,-95.42008527234132,-96.33310071020159,-96.61794511259608,-98.23422824382702,-98.94749476272239,-98.32300610792441,-97.95148528970525,-96.59952748928308,-95.82796283855052,-97.20809957014598,-99.69245722832592,-98.20414250556433,-96.4510330932753,-97.81073239059918,-95.80326171292505,-96.85217759674309,-101.4019317120456,-99.64111431538771,-98.15977890353722,-97.26649032655278,-98.84968777828239,-101.7051839350354,-98.92337987028478,-97.8137998933984,-97.50867703910492,-100.32118986267747,-97.70813994557751,-98.51132826865712,54,-98.2093585634602,-97.95148528970525,-103.98395656507373,3.512918531153024,-1.1616308534052664,1.8711559403419957
HDOK,PLOK,17472,30,29,-99,7,10,2,29,-102.87114353038929,-96.9441568906715,-96.3452464454112,-97.1582586624754,-99.05582855709237,-98.7121037483177,-97.80919590808271,-99.45047290438349,-98.72275770472544,-97.33094260460568,-98.7501547143511,-99.63240080086018,-96.46634955011771,-98.24464047711245,-96.98680042658708,-97.71688261212797,-99.02774403253858,-97.81742192891794,-97.19577912769057,-97.86271920591318,-97.99104936365114,-99.07935546801737,-97.74302234200975,-96.98057606626311,-98.38081958976622,-98.29814778217835,-100.36710006360535,-96.91838336432399,-97.90946614788146,54,-98.19892827655407,-97.90946614788146,-102.87114353038929,1.7124481566353817,-1.575409348996452,4.253555237546676
HDOK,PLOK,17472,30,29,-99,7,10,2,29,-101.9636566713793,-96.80762446589497,-96.11231465176591,-97.85933527857233,-99.87905490590664,-98.07289096429264,-98.17419888918648,-98.53483135291336,-97.23888734078974,-97.70958995006193,-98.1852003072417,-98.61256407130212,-97.05661553345666,-99.74654272150345,-97.98054406227111,-98.05637981998446,-99.77988866026999,-97.70917700267955,-99.83221225357244,-99.76330846008197,-96.81025815926678,-99.27534623992813,-99.04788280889751,-98.73431866589351,-98.19077872842553,-96.80650130077632,-99.0615609932888,-100.08455788436875,-100.1349325420802,54,-98.52486050641559,-98.19077872842553,-101.9636566713793,1.637428889310134,-0.4066579054254733,0.26473719465542533
HDOK,PLOK,17472,30,29,-99,7,10,2,29,-104.27268027106871,-98.19342854749617,-95.7739646882758,-96.43867241548253,-98.75374688898435,-95.91079870381795,-97.37794481171389,-96.59114420158245,-96.45249583758908,-97.84217072170603,-98.11530323827546,-96.54800322518587,-96.79002497977015,-98.20642533008741,-97.25473574606127,-97.25502473651666,-98.11299728151594,-99.56185151519352,-100.30325371422897,-99.02610668751285,-98.10591485023933,-99.43623696761937,-98.5645282637962,-98.87566569662039,-96.33398415123284,-96.6727561778724,-100.43968960035086,-97.47486075569427,-98.18206972317921,54,-98.02987861133342,-98.10591485023933,-104.27268027106871,2.8959227513808123,-1.7111109248036096,4.882643224950909
HDOK,PLOK,17472,30,29,-99,7,10,2,29,-103.79421073730416,-93.78543564770852,-96.50564762120429,-95.18777572233802,-97.01688607275898,-97.44778493326703,-98.99281783493936,-99.64901880490513,-97.07007935496642,-96.58636949475883,-99.26132174462379,-97.2979837333567,-99.88166121356646,-99.16443380533174,-97.26772544592816,-97.18988886210533,-97.53577295402735,-98.60757309893707,-98.39920709689319,-97.10705077500977,-97.54759601849338,-97.56945648783618,-98.2965955927006,-98.61831108641762,-99.40265543313548,-98.43605954152044,-98.86747679475985,-98.86335306394646,-96.9757631790467,54,-98.01123835006165,-97.56945648783618,-103.79421073730416,2.9169664863853106,-0.7565036345652715,4.1401517825560195
HDOK,PLOK,17472,30,29,-99,7,10,2,29,-105.67096038426769,-96.41486485689623,-97.24597083917821,-97.93216310458499,-99.70310576709905,-99.37913254461465,-97.79832960594538,-98.46795315538338,-96.25644985686942,-99.42448643114761,-96.41508248612898,-98.03413208642692,-96.47322568581949,-97.76090210930597,-97.63691414856604,-97.93476698421456,-97.14242250111162,-96.81487354354957,-98.85153165661347,-98.30845079141002,-98.45590068515031,-98.33117432670915,-96.29330392952845,-100.27488242991404,-97.37322364605447,-97.9297235874837,-99.33420535115081,-98.24222684628705,-97.25397518328988,54,-98.17773567326559,-97.93216310458499,-105.67096038426769,3.1152024586353675,-2.6694028709464184,10.444690584623515
HDOK,PLOK,17472,30,29,-99,7,10,2,29,-104.15696288087928,-93.7449634424956,-95.38112385837012,-95.19948719248518,-99.37071421563775,-97.36650289792337,-99.05740062815379,-96.63744482682145,-97.50162216642515,-97.70953660545256,-98.72509398316637,-96.60165942025418,-98.44133000475632,-97.1583766315384,-97.62163215243075,-96.93020754111933,-99.06898838996598,-98.48297325744338,-97.96066533196044,-98.90500618899277,-97.7417038068969,-97.3060386395857,-100.00655682576993,-97.12329419345316,-95.87032797977568,-99.21961077704181,-99.45445153190019,-97.40895840651412,-100.27081153066241,54,-97.94563604509904,-97.70953660545256,-104.15696288087928,3.5197477158030965,-0.8026256216027938,3.279808191132228
HDOK,PLOK,17472,30,29,-99,7,10,2,29,-103.52544479751766,-96.21322521793533,-96.50887237263053,-95.3325995200006,-100.04272338175683,-98.32093871562543,-95.88688854678277,-97.36204541719265,-97.74008290624452,-98.97569394263459,-98.24629041021915,-98.07101903244984,-98.86335822965773,-97.00257945047001,-98.73488181173478,-97.87141323919154,-98.2708821322223,-97.53615256053985,-97.79088340365502,-99.18570485050442,-98.45481610925293,-101.12770057819031,-98.38569560395662,-98.73979365169166,-97.40435106061769,-98.04498412111518,-98.74080944797309,-99.03494242059581,-97.8699905853495,54,-98.25119874198994,-98.24629041021915,-103.52544479751766,2.350995979587641,-1.238991739958937,4.029483668180779
HDOK,PLOK,17472,30,29,-99,7,10,2,29,-104.3705660187167,-96.01243742391682,-96.5241912090659,-97.10454239735711,-99.74339862584102,-99.29662649356204,-97.09585092528057,-100.59197801514276,-97.48810811218415,-97.10289826265895,-96.51771240886802,-97.82887249813021,-96.59347148582053,-97.42984018409922,-97.41742682350436,-97.30374174717831,-98.23622805609035,-97.57533555869284,-96.642275464343,-97.24645135178376,-98.90494735900863,-97.54038214852729,-97.106578377198,-95.11913504377732,-98.28387318710901,-99.3553495758481,-100.17418444225089,-99.30286900761435,-99.22436218846258,54,-98.0390908411046,-97.48810811218415,-104.3705660187167,3.060819075755677,-1.649721663026242,4.585617742574769
HDOK,PLOK,17472,30,29,-99,7,10,2,29,-104.76033773884731,-95.37375125045946,-95.58768515229877,-97.02574885358293,-99.38922980011746,-96.86736961066556,-98.0971960686806,-97.84770136884313,-97.62905052272785,-96.56412429942348,-97.70260528560205,-97.57108075128244,-96.67329667982393,-97.94160404991725,-99.13613500874959,-97.55164653355025,-101.21591284531642,-98.36358909151261,-98.96959889539569,-97.82725277378283,-97.0366339074383,-98.01482524424266,-99.00264725714753,-97.4842722136276,-99.08584342625723,-98.1949196599797,-98.902894457839,-98.00203598202044,-100.1723072157442,54,-98.2065964118923,-97.94160404991725,-104.76033773884731,3.0171586423515353,-1.8403034912521712,6.0691163360412865
HDOK,PLOK,17472,30,29,-99,7,10,2,29,-103.5695333217205,-93.4689043943656,-97.62411994624578,-95.4536791945115,-99.18488988310119,-97.624783507216,-96.52339960559733,-97.62696554584696,-96.7227142702981,-96.56733755384651,-98.70071609134322,-97.6318118026803,-96.2722860384132,-96.76726000368069,-97.07286003793422,-97.1689100107501,-98.41848481837131,-97.20282859243022,-98.79366005597372,-100.26217478361602,-97.71368823202151,-97.3253222059774,-98.07065242081526,-98.78600922302607,-98.0749906717164,-98.67661479222936,-98.03360734050385,-99.22046468850554,-99.1599109100567,54,-97.85236482561363,-97.6318118026803,-103.5695333217205,2.854848869946548,-0.7592356238499395,4.40843427917887
HDOK,PLOK,17472,30,29,-99,7,10,2,29,-103.54848310154368,-96.53934392564638,-97.56453280163099,-96.60079987676629,-98.20316767138326,-99.01462474329921,-96.51343312725932,-97.32863176813356,-98.25338867206159,-98.58246204607741,-99.29046674033287,-97.61835355044072,-97.40000491334453,-98.8393621116696,-96.49489388483836,-98.37541060347934,-98.77187789410931,-97.78987292363857,-97.2812987070058,-97.18766927647566,-97.4577862446069,-99.04721157553236,-98.88042210306708,-99.80259630550093,-98.24947618669658,-99.1894401606431,-99.37114158941596,-98.02773200173526,-99.64745087881376,54,-98.30590811672926,-98.24947618669658,-103.54848310154368,1.8990602946311768,-1.7537710562494022,5.939003096606751
HDOK,PLOK,17472,30,29,-99,7,10,2,29,-103.62229531266024,-96.55694294359608,-95.80308306219521,-96.64142676615275,-100.14414256525599,-97.24462426577212,-98.80455010024217,-97.9999732276775,-97.45667670559351,-97.22112458837282,-98.61120314451966,-99.43675112661434,-95.12009849269789,-97.62308586034713,-97.11673990855287,-95.01084109878352,-98.1118531073905,-97.72249025845849,-97.2976227857697,-96.38788851515233,-99.20912057092715,-97.45166508458867,-97.01388079023204,-99.37465079556092,-97.8034234813316,-99.11102291358854,-96.95091088686729,-100.24818531259972,-99.2834929110592,54,-97.94412988215726,-97.62308586034713,-103.62229531266024,2.9124855563048415,-1.0932379205952676,2.8892552197144936
HDOK,PLOK,17472,30,29,-99,7,10,2,29,-104.08963420262702,-96.34341781091685,-95.98310418220358,-96.99555606864176,-97.38748877837192,-99.2675777369971,-99.95239481714114,-96.42168326241813,-97.53553166439995,-99.27558697371724,-97.95810445671536,-96.79012676833959,-97.33042040810777,-96.17943887624347,-97.20842469253515,-98.05851302114193,-98.0917586688646,-97.53956476406489,-98.22696049213658,-98.41149615466529,-98.25833363523004,-97.86834480720177,-100.79292019095398,-98.5546531620796,-97.96180365955924,-99.51509487699184,-98.02877532395286,-97.43709107774949,-98.04843160172248,54,-98.12111145295485,-97.96180365955924,-104.08963420262702,2.472956813443455,-1.9642891516599124,6.085636251439604
HDOK,PLOK,17472,30,29,-99,7,10,2,29,-103.89739175826567,-97.32031646520358,-96.74671591104945,-96.19251840772834,-98.82439097889072,-98.81133735018301,-96.70669743569778,-98.79607703197578,-98.39926438827678,-96.47881264317293,-97.16854824570072,-98.44415626627367,-97.81051027425798,-96.58081474277753,-96.86977408649848,-97.70645388771659,-98.62468109376505,-97.12582678410382,-97.64503115727328,-99.56767312469694,-97.89260759482765,-96.59674401261489,-97.00578896840608,-99.64172897112671,-97.42181158334039,-97.3626227787765,-97.94619737164719,-99.70041760885707,-98.19966998783872,54,-97.98222692796357,-97.70645388771659,-103.89739175826567,2.1919559643741198,-2.2428431219318252,7.644367211274938
HDOK,PLOK,17472,31,30,-92,8,10,2,29,-93.56381484960734,-88.40564273600683,-90.18877072435437,-88.03011002270817,-90.17380238070973,-92.71066252641526,-90.84399286517807,-90.350293025875,-90.64310902396626,-89.30311319672496,-91.06325573664445,-88.79309703126947,-91.40311242396187,-90.27989021533071,-91.07109622480866,-91.7376107895772,-92.32353945915995,-91.28447187566907,-93.56531055911684,-90.31191185686026,-91.468649854507,-91.45729679813536,-93.10466584612911,-92.78851167246388,-92.43928651020613,-91.45941145030594,-92.87004995269683,-91.28304921661653,-92.12427516870626,54,-91.20833806874867,-91.28447187566907,-93.56531055911684,2.026144028597225,0.38544017136410186,-0.20062423092633752
HDOK,PLOK,17472,31,30,-92,8,10,2,29,-94.94690835178852,-88.82583251831365,-89.17487702336031,-88.86679659127,-89.81564532558261,-91.01385520006089,-90.41975927010353,-91.18216133510772,-91.92994328606751,-92.99653956841364,-91.29871209356521,-91.86092648258764,-90.000863023252,-90.36217581923333,-91.20373367949854,-93.12669739790677,-90.45957990323507,-92.88385200185866,-93.12092940602611,-91.06761107923435,-91.13205231997195,-92.56667942840346,-94.0659155933216,-90.74452150261651,-91.4741100841373,-92.87342466048833,-91.1237457478382,-91.54042797971348,-92.67571746096114,54,-91.47427565979027,-91.20373367949854,-94.94690835178852,2.145445422546129,-0.23179069019727905,-0.10582345837500062
HDOK,PLOK,17472,31,30,-92,8,10,2,29,-95.55364982128859,-88.43979047409694,-88.03542204665675,-89.08577608916052,-90.40612977633843,-90.44164192414549,-88.83127555539576,-90.82368135039474,-91.27845280630531,-88.5280979218326,-91.19734140261004,-90.74763545862578,-90.87252869904586,-90.18422716654138,-90.01890063875462,-91.17351223451878,-91.58163231326617,-91.62631746836149,-92.22748746827622,-91.14741899647673,-91.34931528277772,-91.97667848660919,-92.58378642686998,-92.52841439594312,-91.2681395871632,-93.92873587306742,-91.95864261572625,-93.94720883186939,-93.53176514202212,54,-91.21633125014279,-91.19734140261004,-95.55364982128859,2.917020835034907,-0.2985909803141217,0.39139446422749113
HDOK,PLOK,17472,31,30,-92,8,10,2,29,-94.63022800344778,-87.9446168354963,-90.8387994988917,-90.34537085026975,-91.49951924635964,-91.71183439378477,-93.53148066042058,-91.18203802973703,-90.52260955251921,-92.0287131374865,-90.77898551690424,-91.93800084683117,-91.81355945527118,-91.83612129407837,-91.15035392350082,-91.03190292659211,-90.97706069374276,-91.85518406233605,-92.37542589469648,-91.58268789091612,-92.86677741284312,-91.50136811154684,-91.86337700967697,-92.37167208379321,-92.91375641138107,-91.39611802235403,-92.81307911670773,-91.52082592731048,-92.92334752676173,54,-91.71533842536749,-91.71183439378477,-94.63022800344778,1.3561918898568806,0.524921561488565,3.394118663234956
HDOK,PLOK,17472,31,30,-92,8,10,2,29,-96.590948066005,-89.10952270528328,-90.23410173233195,-90.07140428788973,-92.56256989363942,-90.66778661220486,-92.30656246809605,-90.48678766832286,-89.72165345451272,-90.34050277180273,-91.3744081906629,-91.44963911706824,-89.45145467607256,-91.5381567855936,-92.67005712176962,-90.9450000103035,-91.1152565896903,-91.8438837654606,-91.7085361318406,-91.39013898231156,-90.90343401997775,-90.77703944994006,-91.78912588415223,-93.06184312627458,-92.89916843588816,-92.59349027690519,-92.14263073001261,-93.32325914395487,-93.34685714022224,54,-91.6005248013169,-91.44963911706824,-96.590948066005,2.1691871854316718,-1.1391911191053614,3.105500926103479
HDOK,PLOK,17472,31,30,-92,8,10,2,29,-95.31651376370824,-88.11922430352408,-88.4268795995606,-89.04961084590187,-92.19204691929923,-91.61531777803698,-91.19119385669265,-93.97535219977108,-90.21867490779374,-92.4485930998262,-89.93474690781669,-90.1250048100614,-90.35933953133504,-92.61064177416026,-91.46290460609244,-92.16550552270904,-92.52980787426515,-91.89920548483988,-91.62161784404181,-93.00496402622056,-91.52506105595567,-93.16149814427781,-92.23603534892396,-93.48976521940475,-93.50503095983802,-91.71895096506921,-90.62014300469424,-92.42557713351349,-91.30404926188639,54,-91.66390540514556,-91.71895096506921,-95.31651376370824,2.5427568431892706,0.2656899174744975,0.33298779125410016
HDOK,PLOK,17472,31,30,-92,8,10,2,29,-94.93638147177127,-87.74704198993739,-89.21731745339714,-89.59757547372931,-91.71419666199216,-92.03869778628487,-90.4442285428216,-89.54600674048126,-91.3329413099537,-91.31151469530974,-91.17458974461503,-91.44910994736601,-91.251221897867,-88.95274587819192,-90.27114311258389,-91.17422859491441,-93.26835187203017,-93.0235543200863,-92.30485456809546,-91.3088746225615,-92.44755337172302,-92.89290505683184,-90.72609828298782,-91.35725928632613,-91.69822853811205,-90.92207571664531,-92.8733661770043,-92.20750423610157,-93.47226591503738,54,-91.40213218154341,-91.3329413099537,-94.93638147177127,2.216986832175135,0.1764844512852758,0.5783651267206484
HDOK,PLOK,17472,31,30,-92,8,10,2,29,-95.88868943009476,-89.29183694301727,-88.55136772486942,-91.07176925834993,-91.20470946064266,-92.42781813267413,-91.48448317181669,-90.96041005920354,-90.87205729878674,-91.84564394637206,-90.28234194685982,-91.16359422104065,-91.23866886044863,-89.50129691795374,-92.26690411777601,-91.51844816382578,-91.51177897623357,-91.98384338467964,-91.31931588259685,-89.30687192742806,-92.04940471683774,-90.57949104295139,-92.25245221184592,-92.06609430643822,-91.04046240579011,-93.5398850591716,-93.4849669768603,-90.87891004611856,-93.19666251161362,54,-91.4751785897344,-91.31931588259685,-95.88868943009476,2.0581567292849843,-0.6645223626199497,2.1118318214661174
HDOK,PLOK,17472,31,30,-92,8,10,2,29,-94.97626240660433,-90.39611691394296,-90.77053995518146,-89.18873540060171,-89.8456321179519,-91.47268196155463,-91.72863674684756,-89.87123188234179,-93.34083625021144,-89.30296209547264,-90.956422791111,-90.20351702214818,-91.87559927615715,-91.25803665541696,-89.52062833040179,-92.49009487866249,-91.87094932750124,-92.93566861045898,-93.76264158045547,-90.95841615494864,-92.09104395507588,-92.7637759021536,-91.74508947487197,-90.8484103922051,-93.11776743525873,-92.05204779691235,-91.69208923323241,-90.379141620435,-93.34887840539857,54,-91.54358119219022,-91.69208923323241,-94.97626240660433,1.9838207653287425,-0.31043051842230296,-0.2710353244116419
HDOK,PLOK,17472,31,30,-92,8,10,2,29,-94.68316770970794,-89.20767020365871,-89.54521260644658,-90.479719871562,-91.59641367817073,-92.35749151032687,-90.85080971966279,-91.74779534943974,-90.87123859384288,-90.73798942647105,-92.52519602175607,-91.36337584914303,-90.54360450528867,-91.27765672417112,-91.60231690753623,-90.29728635348594,-93.25837200683596,-90.80899104961578,-92.83466101586356,-93.26468890394418,-90.79543137235562,-92.30083256949528,-90.74727785102628,-92.19654625072116,-91.69032608877134,-93.54530373919738,-91.90416829761529,-91.0794211139137,-93.90580582496582,54,-91.6558196936204,-91.59641367817073,-94.68316770970794,1.5945377642746983,-0.4268633752596346,-0.028859183250656173
HDOK,PLOK,17472,31,30,-92,8,10,2,29,-94.84787520017059,-88.02547188311627,-88.49144557211781,-88.62604544272807,-92.26701248240292,-91.49385435388308,-91.60644924237451,-91.36451599904908,-92.02585010820079,-91.24813154982057,-90.48592499732486,-89.0141662588691,-90.04089804506137,-92.17544870091203,-90.18468549968233,-91.7403550654691,-90.39217147279489,-91.88215243515522,-91.51687560495007,-89.9811444277775,-92.43849505824097,-91.63200423463825,-92.19413298686344,-94.80597302516452,-92.40135607167632,-92.26934159104023,-92.6908995277871,-94.76036801814078,-92.45432534700252,54,-91.48473690353151,-91.63200423463825,-94.84787520017059,2.8785147253179746,0.011634836406827031,0.19947977759848667
HDOK,PLOK,17472,31,30,-92,8,10,2,29,-95.08392832197748,-88.72395798184499,-88.89353712194549,-88.88765569850882,-91.5963053512073,-91.50527358175495,-90.71699308897317,-90.750761775032,-93.4244588695691,-90.18776767873545,-91.29785324674383,-91.9075995132255,-90.32503117945343,-90.75805065293441,-92.45413778855291,-91.90018351786281,-92.32364875373196,-90.42276605945838,-91.89455634532466,-91.67521512113899,-91.97252456543603,-90.84749277206997,-91.88520492474038,-91.89217922776831,-91.95900348069833,-90.94825970711284,-94.36857185751698,-93.23128119451877,-92.34410030148011,54,-91.5233896441144,-91.67521512113899,-95.08392832197748,2.048309807949845,-0.2049788244665541,0.7335588359968059
HDOK,PLOK,17472,31,30,-92,8,10,2,29,-93.87238057358866,-89.81295014092412,-88.32175971357336,-90.19400518561568,-90.7714826773922,-91.99828011745903,-89.9693280519734,-92.12038300164534,-92.16274140422146,-91.83132065141157,-92.91086641163568,-91.58192143594401,-90.69936081478572,-92.0829674880504,-90.77840303521967,-90.74203227478661,-92.11904850011202,-90.58694664377893,-91.68526134172679,-91.61427815120646,-90.7413012496231,-93.03422420543971,-90.6781895771838,-90.6456471509206,-90.7670508775253,-90.53434141620951,-92.74014534576413,-92.76779180291386,-91.26716602342013,54,-91.34591638841556,-91.26716602342013,-93.87238057358866,1.3100018852784434,0.13583411502483567,0.5189896349560499
HDOK,PLOK,17472,31,30,-92,8,10,2,29,-93.75601333020354,-88.17535706711377,-88.29387316602433,-89.93882266391516,-91.4997004458173,-92.72293569065208,-90.56302904981605,-91.59046772115687,-91.22874930239078,-89.60024476694319,-90.06286436474635,-91.85538627696931,-91.01563893895386,-92.15065933524598,-90.02639478607064,-92.00828704586898,-91.18567181595343,-91.77075184939261,-92.42824362013616,-91.83296496604308,-91.69004112068076,-92.0115833406203,-91.35037898761627,-91.5780525151085,-92.12607071731547,-94.04016607647056,-90.9146401485522,-92.45173182176215,-92.47013684018826,54,-91.39099509557683,-91.59046772115687,-94.04016607647056,1.736673574238338,0.6049893877526791,0.8808187788438047
HDOK,PLOK,17472,31,30,-92,8,10,2,29,-95.57871421574033,-89.14232559825604,-90.94738960794761,-88.58817012126444,-92.23122878696131,-89.76660033036812,-92.04417395155481,-92.18314357593816,-91.4110914800259,-90.35870517611278,-92.65881691883123,-91.50088993922807,-91.21239201507126,-91.83208923297724,-90.34159460586514,-92.16687302059405,-91.14805845965198,-91.27479163290005,-91.89072910495827,-93.39233716724162,-92.68210592676606,-93.09490306017469,-92.8213032962587,-93.45036656198545,-90.60060516871637,-93.9748428710064,-91.85167364299262,-92.21123703632203,-91.44746463408192,54,-91.78636610826868,-91.85167364299262,-95.57871421574033,2.0172666711277145,-0.13320596100780552,1.0199511585234755
HDOK,PLOK,17472,31,30,-92,8,10,2,29,-95.57947340477789,-90.84158914304012,-89.65225183660941,-91.04430924650711,-93.66812912288832,-91.52853726523185,-88.70966013898061,-90.3497129941895,-93.29552442383597,-89.7284646679128,-90.65490635056194,-91.20599137303061,-91.72560821355889,-93.81969517874576,-91.06338512609443,-90.54314094792741,-90.09186324406876,-92.48106685143068,-90.52413487899176,-90.78278079863179,-91.55990716992291,-92.09880677645903,-91.64969765602683,-91.38760407230187,-91.20046498074691,-92.38347962584052,-92.47235915951929,-91.34424541449333,-93.44846642584167,54,-91.54604332717823,-91.34424541449333,-95.57947340477789,2.0204639968767513,-0.7252248134411414,1.0433646396693024
HDOK,PLOK,17472,31,30,-92,8,10,2,29,-96.83077210817966,-89.57298417047465,-89.35773714204934,-90.85328782085246,-90.66099036818261,-91.9009177017815,-89.94674817386806,-90.80260497213587,-91.79482091442944,-91.57566281769354,-91.34239601501655,-91.46420367415905,-91.53014322802628,-89.57901910008545,-91.29979468651024,-91.91592197560661,-90.21605751295216,-95.44526108205345,-92.58226178444872,-92.56771209884297,-93.24230103926186,-91.70572432078572,-92.52107728066255,-91.89513039573525,-91.62800570561645,-92.59660877901851,-93.92408623046583,-92.8366944961013,-92.40271810468413,54,-91.86178081723034,-91.70572432078572,-96.83077210817966,2.57335336980072,-1.1207886942684648,2.366585316610512
HDOK,PLOK,17472,31,30,-92,8,10,2,29,-95.72022177574684,-89.13679219488012,-87.97283320006977,-89.51586754405717,-90.74656452227777,-92.36096109464589,-93.81998112365363,-88.67029319922791,-89.51516745108651,-89.75227767958417,-90.71260780090024,-90.35415649756861,-91.91443037744001,-91.80745404292671,-90.5105440653847,-92.39163998162147,-93.02570495154049,-92.52889136950617,-92.00615814131018,-91.85306981390988,-92.34836442059671,-93.04179173385687,-92.91722789812893,-91.18920394202739,-93.28704209045122,-91.66216380716077,-91.42232212118986,-93.07885227478755,-92.11378543278795,54,-91.56470243270088,-91.85306981390988,-95.72022177574684,2.771783350969169,0.06958937486008114,0.2740312895161612
HDOK,PLOK,17472,31,30,-92,8,10,2,29,-95.0818007861996,-89.34319339567799,-87.38291373415544,-89.8770348071707,-90.24268184588571,-90.46656264773574,-91.77654984498197,-90.80580289677351,-90.04078295151068,-92.23487310278097,-92.87695524635747,-92.32288451301066,-89.45730199402628,-91.11006500844248,-90.87762840022239,-89.46704089521914,-91.14419795913732,-92.19386095279995,-92.24786931500005,-91.14501995727986,-93.16981139006737,-91.87372456992412,-92.23408062660108,-92.71525798317553,-90.63920238574772,-93.30866642897296,-91.90623587573454,-89.87607919172844,-94.02985320205366,54,-91.37406661753012,-91.14501995727986,-95.0818007861996,2.529374007240048,0.0518298297500151,0.44225297446853595
HDOK,PLOK,17472,31,30,-92,8,10,2,29,-96.02814367352377,-89.08487539033945,-90.54716203705084,-91.11220718991956,-91.69140134977694,-92.46484542208027,-90.93157580500593,-91.32634981288027,-88.51291737102675,-91.52132703397045,-91.57585320297767,-90.50892357664792,-91.44361562379957,-91.35109741721529,-89.70937774494622,-90.92380363875503,-91.68920169105749,-90.87024218933176,-90.77233874656332,-90.57640275696136,-92.27800782479859,-90.82947856851165,-91.96704120388875,-94.44509443740654,-90.77064774091045,-92.09565782562541,-91.69418804523843,-92.2635516364707,-92.56981188576597,54,-91.43293589111885,-91.35109741721529,-96.02814367352377,1.947374874062999,-1.1016211800751736,3.6875145864479353
HDOK,PLOK,17472,32,31,-100,7,10,2,29,-103.46163204407766,-96.97114680708917,-97.75056059352816,-97.16538419144504,-97.56873927675886,-99.32653465866552,-98.57986046423287,-98.279052676903,-97.621124211757,-99.246483370421,-99.66168864316596,-99.27369283854013,-98.47251200798054,-99.50212917332372,-99.11076859766928,-100.94025639397773,-100.10118311961308,-100.415892987761,-98.65589323971207,-100.8194631213795,-99.13792946948078,-99.0063032833915,-100.23792796736905,-99.78557441408488,-100.09640461855682,-98.68120048633838,-98.68643156468958,-99.38149825599653,-99.17121618487879,54,-99.21063740216506,-99.17121618487879,-103.46163204407766,1.6444096518337885,-0.9911644872943638,2.8926388645502246
HDOK,PLOK,17472,32,31,-100,7,10,2,29,-104.78809605358853,-96.00406794933664,-97.53494219950996,-97.76076533457062,-98.48366107700816,-95.8862160374376,-98.48908864928637,-96.90571572092095,-97.24355167584721,-96.01030110392627,-98.98885262055973,-98.52205753417573,-99.75464712173631,-99.64748941684367,-99.06384407429954,-100.3110571660541,-99.2685008948442,-99.29060139673273,-99.84195448354538,-103.0529939873541,-99.94239975870683,-100.80207267695778,-98.90175663243588,-100.46982303893408,-100.67221197556945,-99.54384540220369,-99.1382456525469,-100.29767416521207,-99.01838007270231,54,-99.1598211680292,-99.1382456525469,-104.78809605358853,3.5650086894641473,-0.6890798540080866,1.89591689955328
HDOK,PLOK,17472,32,31,-100,7,10,2,29,-105.18857301675125,-97.37884401245199,-98.58773276978461,-97.36581477313511,-99.57713808645673,-97.35809054777783,-96.91140374540346,-98.76353611736008,-97.96625198328444,-98.84248566647197,-99.4152817761447,-99.12442255798803,-100.40200744255985,-99.65141306241988,-98.43987299494273,-99.94177084384285,-99.81663817335709,-98.33932681977362,-101.00032834199914,-100.95818456269882,-99.99055704904023,-99.22326993672755,-99.43884647647941,-100.2095530797138,-99.89097062406937,-101.6254558502084,-100.15390474049072,-100.96786301404835,-100.32063251873413,54,-99.54655760634881,-99.57713808645673,-105.18857301675125,2.5408258200895912,-1.2664017548659454,4.146823432364078
HDOK,PLOK,17472,32,31,-100,7,10,2,29,-102.93775109792894,-99.03352074266137,-95.89123264426496,-97.71867905875065,-100.18956341092706,-100.53555312496862,-100.19865664314487,-99.45480239600937,-98.93398421992265,-98.03340239257135,-98.03851157296725,-101.91371113350719,-101.01593652153021,-98.90140821761922,-100.03027466714313,-100.51354664526625,-99.64213621299284,-100.70695391396033,-99.45692845359483,-99.931416257606,-101.36666139448378,-100.80331412643653,-99.90080704709783,-101.2230581147559,-99.52936637960035,-100.33185559942953,-98.29073229475063,-99.11736790416026,-97.54417918159226,54,-99.69604521964294,-99.90080704709783,-102.93775109792894,2.057170065284524,0.3277979218364539,0.7554409012311454
HDOK,PLOK,17472,32,31,-100,7,10,2,29,-103.55994454156817,-97.12606171208725,-96.84045576593972,-97.54841463851719,-98.61854351956437,-100.81701265555017,-98.3865077835849,-99.52611952936654,-99.12483396553547,-98.53569160537792,-99.70135240931465,-99.83825708449676,-100.41054347877208,-99.11715552641995,-98.94592032701505,-101.43904765702338,-100.57823927584593,-100.40376172802965,-99.87260442804781,-101.19498575711454,-99.64207526908426,-100.1131758727366,-99.83468671050954,-102.34748693672255,-99.74674268133653,-100.38454492112494,-100.25055718094657,-99.23218555476805,-98.73439486988235,54,-99.71970011676835,-99.74674268133653,-103.55994454156817,1.9756241185697732,-0.3577577849561503,1.150906704536752
HDOK,PLOK,17472,32,31,-100,7,10,2,29,-103.98100181815981,-96.74871721913105,-96.81197794703918,-97.24625171922548,-97.32066948139295,-99.4261227011056,-99.93743664952896,-98.16370352768736,-98.13404093989953,-98.85283647934516,-99.56029396668333,-98.82521246546037,-99.38692578728798,-99.63835085850025,-98.40870371485296,-100.04294046831052,-98.82827597051103,-100.20620702586923,-100.41630962828009,-100.45303802615157,-99.14442038765591,-100.72156694360358,-99.45222637009975,-100.60436157313745,-100.59350882099939,-99.3583347293521,-100.11493811872347,-98.61366487030058,-99.9368000240884,54,-99.3423737321511,-99.4261227011056,-103.98100181815981,2.0115609630069136,-0.698946641155288,2.8026426648720917
HDOK,PLOK,17472,32,31,-100,7,10,2,29,-104.00600267066628,-97.87681040196611,-97.63163332207357,-98.00797024749421,-98.53899388680011,-99.42871917942838,-99.53572455808337,-97.70067520786421,-98.31873645454569,-97.74695881157103,-100.26064108598823,-99.8338674886535,-100.26487042843439,-100.46962602362163,-100.12469854448848,-100.49560448905724,-100.11322723770779,-101.19271755412635,-99.69050080032662,-102.01978396453097,-102.38216683938771,-99.03411940266543,-99.90139443877447,-101.4725619530097,-101.29648771402854,-99.51488271445814,-100.23723748091126,-100.01795698843846,-100.55097080933098,54,-99.91950140339424,-100.01795698843846,-104.00600267066628,2.176962946111795,-0.512817251375964,0.6820009803880605
HDOK,PLOK,17472,32,31,-100,7,10,2,29,-102.46359695563233,-96.35969204917559,-99.77901914529617,-96.29937973049073,-99.48270232297256,-99.0272974668675,-98.67893800962435,-98.68209937824793,-98.54785058431159,-97.90764767451849,-98.6136175580569,-97.68432928650263,-98.46890178640948,-98.92452235516136,-100.18764168239615,-99.16358332522537,-100.76101868714564,-101.12379882991722,-100.10573421679887,-100.93060388832923,-99.26908008433,-99.43856249255653,-100.24767265838138,-102.80668424071976,-98.91427185522889,-100.72339920527354,-97.73880284077937,-100.24313946818238,-99.63495862184124,54,-99.38650160001288,-99.26908008433,-102.80668424071976,2.1850754241654102,-0.14313203042609063,0.5153164280392137
HDOK,PLOK,17472,32,31,-100,7,10,2,29,-103.22295098205376,-98.4751146831162,-97.53415111028168,-97.29150706501139,-99.04777959563715,-97.9385733755521,-99.03450837701372,-98.06230692466896,-99.15557636954614,-101.07915500832273,-97.28086420705614,-100.64077633188646,-100.73452611387069,-101.32612966132976,-99.67381998932599,-100.38325610892323,-102.04712548867906,-101.75384364485359,-99.78848709265638,-98.11794156692802,-100.33385457187784,-98.95259299713136,-100.26172681367727,-101.20089393166472,-100.81968110092505,-99.5965758591748,-100.28146328982504,-99.24546787867742,-98.05543795685068,54,-99.70124441712129,-99.67381998932599,-103.22295098205376,2.222560344899334,-0.22006431527487066,-0.4667482197612327
HDOK,PLOK,17472,32,31,-100,7,10,2,29,-103.12602689132993,-97.7723213506895,-96.5715986996247,-99.12233301914011,-98.66855911493457,-97.66090333048645,-99.39744155006109,-99.71842802450644,-97.92791836968591,-99.14757304492039,-100.74466881621487,-99.38154901200929,-100.5520039782052,-101.68896264205704,-99.76304065852568,-98.7115249329858,-101.65306544648467,-102.8895292449676,-100.5695088898218,-101.28792297678487,-97.36652164590097,-99.58368174574203,-99.15480041815142,-99.99078695407368,-101.24731911015559,-101.4089152346372,-98.28699809335401,-101.63298995480973,-100.96744681746712,54,-99.86187379199063,-99.71842802450644,-103.12602689132993,2.6271965273088127,-0.044926095880878675,-0.5509416789500943
HDOK,PLOK,17472,32,31,-100,7,10,2,29,-104.33732105394631,-96.74940064003177,-97.75943717857247,-97.40270312888092,-99.14380413497908,-97.67510212976309,-99.95324994590098,-98.848785313982,-100.33987943130676,-99.61110263517449,-101.08168189914765,-100.54073723013082,-99.63652587624391,-101.18894239170857,-99.89738931514304,-101.05343267399246,-100.78323174435032,-101.42416258477078,-101.29133664986587,-102.82405727222297,-100.06024485606513,-101.04760024521397,-100.98504572212866,-98.85856942024478,-98.51512925666275,-100.21268197448565,-98.5814883021375,-100.4827828040122,-99.96357994442096,54,-100.00860019846502,-100.06024485606513,-104.33732105394631,2.5227237927727355,-0.26097905039895675,0.8973566494695535
HDOK,PLOK,17472,32,31,-100,7,10,2,29,-101.99915069350418,-97.73888165258867,-98.88236614598448,-96.05768166201281,-98.04144567262358,-99.6273545166481,-97.00182673496788,-99.21778601102766,-98.23326255571227,-99.02778566048993,-96.60335417979886,-98.9348471458949,-99.86559047933154,-98.62164679049714,-99.71586061680617,-99.76967772402766,-99.73192476026591,-100.08960797921404,-100.60170837637025,-100.47953904313624,-97.49645378029177,-100.7643417684725,-98.91906074465471,-99.47737603956826,-100.16961743621506,-99.840330325385,-99.67788503738954,-99.75469106315475,-97.75811486696513,54,-99.1068679125172,-99.47737603956826,-101.99915069350418,1.7014751694205228,0.41820938618533327,0.22107576400680395
HDOK,PLOK,17472,32,31,-100,7,10,2,29,-103.53973725936395,-97.95306701974441,-97.34733656093776,-98.02332421291644,-96.8629488961998,-97.4316316739189,-99.34031758659813,-99.0197629092229,-99.80349909433362,-97.93366046661441,-99.13950331434592,-99.0749449290565,-99.39272207766899,-99.04826624273623,-98.75398322674218,-99.94215379503638,-100.51222705132294,-99.81999525860289,-102.29232807616928,-101.48053690278084,-101.57942849488174,-100.39557541015148,-99.57274924853537,-98.53399556011347,-102.00570817590884,-101.91164205984708,-102.71848958563588,-100.35917849295521,-99.42306628429895,54,-99.76592344367724,-99.42306628429895,-103.53973725936395,2.7895477202423447,-0.4330127806021969,-0.3992237810921644
HDOK,PLOK,17472,32,31,-100,7,10,2,29,-104.40475451042713,-97.12663188719088,-99.47752610721422,-96.37605363864708,-100.32953821232742,-98.49478143266187,-99.77822290217921,-98.38318383869766,-98.54328880579997,-98.80069959120443,-100.13890572385192,-101.7134514699231,-100.36697893084789,-99.84686225971602,-99.25376618958578,-98.96643746782718,-100.91588099609724,-101.74220126967198,-99.28205506509086,-101.19402396551624,-101.7938796780922,-98.70205307187265,-99.59732871238207,-99.90653122668257,-99.01915495163387,-99.50036903722614,-100.63782916628132,-98.40231559597429,-100.92553435957954,54,-99.78000827807595,-99.59732871238207,-104.40475451042713,2.3763252825734082,-0.5736016455348804,1.8400611932814477
HDOK,PLOK,17472,32,31,-100,7,10,2,29,-104.72387053553902,-99.08745303020588,-97.73759712180964,-97.72450835561445,-99.70021261329396,-96.5229022152318,-97.51651737118058,-99.18903165959846,-97.58624737608356,-97.96430389948362,-99.61030294949546,-99.52225872404286,-101.75691622296853,-97.86411397310849,-97.8980255220255,-99.99897575139936,-100.27739102467095,-100.66058906024777,-99.7933235115447,-101.6070002198024,-100.25264432083775,-101.00646568590126,-99.38726715248066,-102.23411212538421,-99.51777551634623,-99.89616390499732,-100.55426669589599,-97.72340431374998,-99.39053993454199,54,-99.54152347543041,-99.52225872404286,-104.72387053553902,2.9123419018607666,-0.809113431732802,1.4769097923137289
HDOK,PLOK,17472,32,31,-100,7,10,2,29,-104.39704530499114,-96.83787131591534,-95.89956936025482,-96.9656620468731,-99.88490305033774,-100.32625396363028,-98.03238927042584,-99.54111936858008,-100.78029393627209,-98.39617705907986,-100.3256458678627,-98.93316221690681,-98.00570039069677,-98.76878625407149,-98.61896607510239,-99.67704755911988,-101.2609017567026,-101.10479955645788,-99.82875734707942,-100.02771394350644,-100.0444891555196,-100.37947116107031,-100.8933642179187,-100.01654342289297,-101.2380623084393,-98.72453298148379,-98.68849715920858,-98.25304017538495,-100.92354373967362,54,-99.54394172294683,-99.82875734707942,-104.39704530499114,2.690454845122898,-0.3148245070037699,1.6660472041514303
HDOK,PLOK,17472,32,31,-100,7,10,2,29,-103.67871213453517,-96.39021415079156,-96.86297228080788,-97.33715935366956,-100.05464792748003,-98.27876062805797,-98.91121462811768,-99.4024322652482,-97.31017675462262,-100.56790267453583,-98.65174391132099,-101.67255047100777,-96.629026628722,-98.62352726776923,-99.34543573450115,-99.47507034639635,-100.94082620949258,-101.92410986781353,-99.78455033728964,-102.40176185281291,-99.2548788424842,-100.47660330624115,-99.18968357850152,-98.07540002894144,-99.5226108175858,-99.57535216099234,-100.2784877820143,-97.26193517271288,-98.40027736736586,54,-99.31993187868387,-99.34543573450115,-103.67871213453517,2.9935603486206257,-0.4446907782008473,0.13554908326927695
HDOK,PLOK,17472,32,31,-100,7,10,2,29,-103.9786291707853,-96.64410814130169,-98.42385655039419,-96.27160634559623,-99.06447924381898,-98.04000821931606,-98.58278176732308,-99.79813511981524,-98.27855465548892,-99.80059795287208,-98.58071795144917,-98.86802710612686,-100.88459283082094,-99.55437070218561,-99.0573749735101,-99.49176306760414,-99.91144973680007,-100.69868008702748,-102.09148279653431,-99.75458975964257,-100.4649569146685,-98.06999120370475,-101.61285069978842,-99.14321607292666,-100.5406434525004,-99.10444347857533,-99.96937753826703,-99.90742124074379,-99.43313757945474,54,-99.51799463307044,-99.49176306760414,-103.9786291707853,2.26083056427519,-0.5536828326806402,1.981888873151147
HDOK,PLOK,17472,32,31,-100,7,10,2,29,-104.81922440294845,-94.99044955754478,-98.37184866611881,-97.17019855258246,-98.65049198503918,-99.54200029384265,-100.03704262995873,-98.64380731274737,-100.01511638866995,-98.41991594992446,-98.0848251435367,-98.23858955992117,-97.51867344625347,-99.9136346427576,-98.73889974736058,-100.74309324718992,-99.43223396366528,-100.01895836842064,-98.21087062982379,-99.82070725841686,-100.3532886495951,-97.92688103598155,-101.18435539663784,-99.11411277365583,-101.69851850302761,-98.24468863473089,-101.46083685344098,-102.08557366022742,-99.28436767059637,54,-99.40459327326265,-99.28436767059637,-104.81922440294845,3.2162821159729784,-0.5747866849266804,2.2539069770579467
HDOK,PLOK,17472,32,31,-100,7,10,2,29,-103.72737962967538,-98.60022973186015,-99.17936398169255,-98.68901357572251,-98.4357741387553,-99.36990360430256,-98.78373840155336,-99.48669333890855,-98.41630663706462,-97.02573690483449,-99.1718878632023,-101.23315975407354,-99.73472691319029,-100.0884735450244,-99.72783233539404,-100.9486566084576,-99.03097704973085,-101.33384087174984,-100.81027925477323,-99.65857741906196,-99.88430668329399,-100.2275814662541,-99.04788240273598,-98.46879380165483,-101.04007578116527,-99.76393273696749,-100.91144437968643,-100.96429230809376,-99.84293191709901,54,-99.77944113917167,-99.72783233539404,-103.72737962967538,1.5780692573075592,-0.7881432886430462,2.1970785422648995
HDOK,PLOK,17472,33,32,-105,6,10,2,29,-107.46596915830109,-101.84707381038723,-102.71514088455815,-102.77169489622803,-104.3515018707144,-105.45313261855132,-106.58151873540689,-106.33681394939771,-106.44639784434291,-105.71991164975218,-105.507006340702,-106.03220895723526,-108.77390062978536,-107.25275262249461,-109.65083105042152,-106.13229276647992,-105.95032191649608,-107.77322341724745,-106.56362869765707,-107.71616458930987,-107.13830972393937,-109.94175503400902,-108.49722352475267,-106.70936842943723,-106.27990524505881,-105.51663569072367,-107.15888157861988,-105.74303713742006,-106.97287054014846,54,-106.37929218308891,-106.44639784434291,-109.94175503400902,3.299510381463593,0.5385142201201368,0.9291560713330687
HDOK,PLOK,17472,33,32,-105,6,10,2,29,-105.97286073480183,-104.0861578873527,-106.3614195135734,-104.14935302095815,-105.55198828812028,-104.9830764459943,-104.37795491601727,-105.20207273253878,-106.71275479971419,-106.57324682442218,-108.12172655699516,-106.54365473887471,-105.90673965511373,-106.12492339371944,-107.43220672751443,-105.87175946955671,-104.93827238312753,-106.70160952776129,-106.75290248804465,-108.17923139391843,-107.92730003473964,-107.97796714907602,-105.41160534353108,-108.8198020782591,-107.53106018259126,-106.51641897162551,-107.08322045463518,-105.91008772874974,-105.53103736118986,54,-106.31904864836264,-106.3614195135734,-108.8198020782591,1.4954310044016093,-0.06892524185913126,-0.5616873225583698
HDOK,PLOK,17472,33,32,-105,6,10,2,29,-106.5303949658362,-102.82207455434832,-105.41983058264904,-103.68337198555031,-104.2411578866631,-106.26698516061859,-104.26671471940958,-104.73764651280784,-106.977772010168,-105.77661215464029,-107.72681616091155,-107.64292314817376,-108.01982280225003,-107.99827977312674,-106.97793604316827,-106.16030448763419,-107.65096489892458,-107.46654494325098,-107.65548173581806,-107.42590837922,-109.3321941585645,-106.43154442790278,-107.86315593229607,-107.66955058694656,-105.94669535415699,-103.96583777683185,-108.69959581587456,-106.06418432952296,-107.4037917158328,54,-106.51117562079651,-106.977772010168,-109.3321941585645,2.503885766399695,0.6196426334864035,-0.28483388618312144
HDOK,PLOK,17472,33,32,-105,6,10,2,29,-105.8791977122469,-101.86696775285299,-104.27872466977301,-104.40538907276684,-104.05189267218373,-104.54611381064406,-105.35542554651671,-105.0994671590438,-103.15669324364298,-103.65035701591295,-107.68204492802334,-107.40781733109988,-106.21779251634592,-106.20877242060591,-105.33666650269694,-106.95695597702357,-108.10442945483102,-108.65561249057745,-109.5684608097295,-105.99323734870484,-107.69658606286745,-106.9404073142813,-106.96998530735202,-107.44045132890636,-107.50169330358096,-107.7542945129741,-105.69234522254861,-106.52042224663441,-107.26613113268178,54,-106.14497706438104,-106.21779251634592,-109.5684608097295,3.0098544796837574,0.43939785036180923,-0.05263782314388665
HDOK,PLOK,17472,33,32,-105,6,10,2,29,-107.40453686918484,-103.08770262434673,-104.49443887445995,-102.32491922455365,-103.45512726243055,-106.17128695070309,-106.62207014925845,-106.41757190425271,-105.23728248298663,-105.37461121460757,-105.28754783951052,-106.04177305885699,-105.64567016527081,-108.27518153949185,-105.78216266375628,-106.79743488814816,-107.78273619085832,-106.51450834570431,-109.51171366400807,-107.20991323085065,-108.52829154406295,-106.22851777405518,-106.52824441500115,-106.92386329302768,-107.86844299772515,-107.82141267615437,-108.4167424396675,-105.62216992815387,-105.67105398341788,54,-106.31196304118987,-106.41757190425271,-109.51171366400807,2.608813122674997,0.4928757724783752,0.4304351499916339
HDOK,PLOK,17472,33,32,-105,6,10,2,29,-107.11931871005993,-103.80810394271602,-103.62978295987223,-103.48620634346331,-105.09167082729418,-103.94690631807751,-106.1790199267246,-105.83281470669995,-106.80510838389834,-107.80664560589071,-107.06367475116248,-106.87146011868086,-105.86978900923924,-107.95057187753204,-107.08843956309771,-107.15701260981933,-107.45511828838391,-108.49455143705441,-106.32083314786456,-107.8867287893407,-104.99122120506927,-104.83593154534546,-108.97058194056804,-107.00619819913024,-106.83125801916582,-108.15185518254421,-106.76988549980851,-105.18954944993631,-105.90723577033313,54,-106.36267152168183,-106.80510838389834,-108.97058194056804,2.145526288140404,0.43804122070552254,-0.5643644678423647
HDOK,PLOK,17472,33,32,-105,6,10,2,29,-105.58176780915916,-103.88195939017827,-103.07658117478265,-103.91845385886855,-105.25540968769917,-105.04658402239255,-105.23756878821561,-104.4180912103993,-106.62902593933596,-105.25926890321138,-103.48326004269546,-106.14045306329962,-105.70140021032033,-106.91321762487671,-106.53059531747589,-106.26801570175537,-107.02540713323498,-108.61158770504613,-106.35002690476934,-108.62997988422242,-107.06796296481542,-106.76296493514388,-108.17864573359064,-107.20536331535199,-106.97208668029128,-107.85826504513686,-107.22632843263126,-108.77567222126714,-106.83324735252232,54,-106.23583417423066,-106.53059531747589,-108.77567222126714,2.2821683411572247,0.3128277140836358,-0.47046918875465993
HDOK,PLOK,17472,33,32,-105,6,10,2,29,-106.95454633653814,-102.65332635875876,-101.77967478414841,-103.62092836649398,-104.7676548793107,-106.31578667896413,-105.53907589027094,-103.97399026952706,-105.64619096302525,-105.76028154282871,-105.32822695355352,-105.60120564383956,-106.23427115594772,-107.66320909347995,-106.65918957452897,-106.32930579188796,-107.64355462620901,-108.20921093718238,-106.5184556876192,-104.98865122740226,-107.01190487464936,-105.96191794982839,-108.40352012833819,-106.36817615300383,-106.98530199797571,-107.67697292723055,-105.12691818113949,-106.60839265543281,-106.56279209307411,54,-105.96181495593756,-106.31578667896413,-108.40352012833819,2.299187867640317,0.9253340906078917,1.0602758174737423
HDOK,PLOK,17472,33,32,-105,6,10,2,29,-105.26143432625548,-103.97705887835966,-105.48987408311433,-103.78621557317832,-106.21517562887787,-104.97905395809671,-105.3033445921822,-106.16343468928791,-104.73517425436997,-104.12323984638239,-107.54911345607238,-105.58494360902334,-106.42724567117331,-107.29784414871136,-105.02767606974699,-108.5337407268017,-106.99528355935473,-107.60931577389836,-107.09173313285997,-104.94119641618092,-109.9198134241858,-106.72247240157336,-106.3751265388842,-107.22227084424082,-107.84062475351611,-106.01305779790286,-106.46477171024162,-107.38359060486832,-106.06550566332757,54,-106.24480455629893,-106.21517562887787,-109.9198134241858,1.9146721604162826,-0.372319684086409,0.31583258190099883
HDOK,PLOK,17472,33,32,-105,6,10,2,29,-108.21547649860322,-103.00942401088045,-103.43108847831746,-106.92645800770418,-106.16376494860394,-105.00270098221779,-104.32967669207994,-106.20876239812524,-106.93636343256652,-105.96386630410345,-106.99598022783276,-106.1475616548674,-107.18054262329414,-105.9061638184796,-106.10821892730678,-108.5595485417056,-106.66083463216425,-107.63587999738125,-107.2823092484553,-106.70123807954745,-106.66734701362626,-106.84736335539134,-107.35465997823955,-106.3916858718749,-106.64994620902802,-107.11261637181987,-106.15323677102221,-106.49273813481068,-107.64533684950779,54,-106.43726862274333,-106.66083463216425,-108.5595485417056,1.4659107670318179,1.206356288116017,2.0322942701701687
HDOK,PLOK,17472,33,32,-105,6,10,2,29,-106.94293453398002,-105.26069490651216,-100.53626925574544,-102.13780068198749,-104.62861005443911,-105.351157379658,-104.17856890040329,-106.61508700519495,-105.45972064382072,-105.27505282201054,-107.75106586256894,-105.10063728109098,-105.67236143478334,-108.08186863927762,-104.7479333211459,-107.47791703698617,-107.51746902223276,-106.64052965963307,-107.1773837744626,-106.85852218439598,-105.78196617678707,-106.77976998538578,-106.91260476206652,-107.49981127839112,-104.97351881993899,-105.98106493118394,-104.81087616226743,-107.01354883835904,-105.98563685276544,54,-105.83277180025775,-105.98106493118394,-108.08186863927762,2.6326527980099175,1.4249455116139131,2.9575542828832773
HDOK,PLOK,17472,33,32,-105,6,10,2,29,-106.80784578779914,-102.9804032893202,-103.43388976285392,-103.92892437820052,-104.30884792864093,-104.35029013317674,-105.42315943103677,-105.63201327365421,-106.20219161523302,-105.17079667862677,-107.32507925060129,-106.18874008001903,-106.32712396352332,-104.98731749745706,-105.81678914903141,-107.82774379484779,-108.27782884080793,-108.6653272361428,-107.02412243406474,-105.92344485044916,-107.82568410205424,-107.40144543872216,-107.92045032533396,-107.34853445689438,-109.25873878868218,-106.25446267193252,-106.16782157059238,-106.57784566309485,-106.96218293906263,54,-106.28686363213293,-106.25446267193252,-109.25873878868218,2.3261307081693787,0.2904567982979243,-0.3008105314771301
HDOK,PLOK,17472,33,32,-105,6,10,2,29,-107.29325717468629,-104.26617207486616,-104.24160801524587,-102.63887014701434,-104.97033192009249,-104.5387645099628,-105.13243597247514,-103.89063403983623,-105.65033113387818,-106.67862243598168,-105.30410403108678,-107.69690328600642,-107.46882504253053,-109.12336581648475,-105.65908202419007,-108.47155587988061,-108.64400227208728,-107.73740214344724,-107.49303656675384,-108.58803559577578,-106.32457030392642,-106.94875600114808,-106.09515256954006,-108.80131174196168,-108.1900528249383,-108.2934818744102,-108.24957242423766,-107.18433766166164,-104.40879444882596,54,-106.55115068734251,-106.94875600114808,-109.12336581648475,3.0203499498064033,0.40230218961715697,-0.9014102513488562
HDOK,PLOK,17472,33,32,-105,6,10,2,29,-105.96235703766861,-104.26225102541784,-104.68575836575442,-104.26808891682933,-106.00595565721261,-106.39934509101461,-106.02088449487663,-105.66573431190875,-106.05786302244692,-104.65231323632122,-106.16135693020831,-106.39842232767967,-106.33825177913334,-106.4077705672911,-106.51543056004115,-108.23612349170018,-108.13445020968477,-106.02064386594311,-107.2293157092746,-105.59481358041185,-107.31595235776743,-108.14408194365355,-106.46502009283535,-106.60770943770487,-107.79033112562409,-106.39929713629977,-106.51010600305432,-105.26389897814833,-106.56358151624362,54,-106.2785209921431,-106.39842232767967,-108.23612349170018,1.067290870812468,0.014494032531809108,0.04101027609222596
HDOK,PLOK,17472,33,32,-105,6,10,2,29,-106.12024254294764,-103.1834986312253,-102.29505588891827,-105.20552147806843,-105.22157463070457,-105.34196038555197,-105.8333596207443,-105.73725213967013,-105.80993302580576,-105.9474739554459,-106.76129938478532,-107.60416111569303,-107.53939669450534,-105.54147114584404,-105.85946683454806,-107.276067999149,-105.89224308777762,-108.69025421522423,-106.57443674811066,-107.55067477266634,-107.23494041586896,-106.9481797637768,-106.43532808204881,-107.17781057286354,-106.91781641408477,-107.00980064674364,-106.29395331835741,-107.13946097042722,-107.02610259352899,54,-106.28168058879609,-106.43532808204881,-108.69025421522423,1.6153066579507784,1.281553801693017,2.8875661613032046
HDOK,PLOK,17472,33,32,-105,6,10,2,29,-107.70112992000605,-103.55774770792557,-102.90151245069065,-104.65457773727155,-105.49034969081224,-105.92451383796319,-105.69187696384597,-105.8764767134839,-105.6020981734584,-106.01329636057551,-103.0882166182302,-106.09679327088165,-107.03550525703831,-107.62931541186087,-105.86861406436267,-108.89020480005152,-107.64387238114413,-106.53031643991707,-108.17672476020115,-108.65871342598017,-107.44266734937689,-107.90135921663729,-107.17896972981039,-106.79913583631834,-105.82285878361068,-107.47105575913228,-105.63823121450994,-105.90512857720512,-106.53906573300657,54,-106.3355285581141,-106.09679327088165,-108.89020480005152,2.1815599418824276,0.5978316137309437,0.30497798839736623
HDOK,PLOK,17472,33,32,-105,6,10,2,29,-105.60781342701128,-102.4327548546875,-103.2267902422746,-101.79002750882023,-106.39663921448977,-107.35067534059968,-102.80125006160706,-104.46960119961138,-105.03225664906971,-106.0513194666883,-106.40070239223881,-105.07173274425605,-106.98088254822859,-107.57853266127843,-106.7115709853145,-106.9661310954571,-105.45067577865059,-106.45314254194908,-106.6883150524815,-106.72798201100929,-106.01507000402864,-107.17719026794632,-107.77080492970276,-107.12302067421437,-107.64791890073037,-105.42996038516925,-108.14588622458227,-108.54454092701471,-107.80852899570571,54,-106.06385231326958,-106.45314254194908,-108.54454092701471,2.9058902791514747,1.0361772035672836,0.4996586317528555
HDOK,PLOK,17472,33,32,-105,6,10,2,29,-105.37860203748289,-100.57476364867344,-103.12715003905073,-104.14381311215864,-105.02973152873784,-104.37771635323266,-105.84506607959615,-105.66141715752875,-105.24347778930036,-103.22890088606563,-106.88666717223045,-106.83114871124606,-108.02788560542102,-107.79834258349048,-107.5642625104822,-105.66749350667818,-108.34426608248019,-107.95829634351635,-108.26055167486301,-108.12008228458025,-107.74996919796398,-106.96197453451951,-106.6291115459085,-106.71109480395974,-105.78084960580793,-106.521479459895,-105.0566645579329,-105.57253915503323,-106.94041393948712,54,-106.06874937611458,-106.521479459895,-108.34426608248019,3.131947737018928,1.1038148105683596,1.6772997155673228
HDOK,PLOK,17472,33,32,-105,6,10,2,29,-107.02704459935657,-103.5981662166661,-104.24673492906724,-103.69281497390641,-106.64518551255306,-104.2741872019291,-105.00302559341029,-103.50207091214314,-107.18966342971913,-106.45965076915861,-105.88477852606908,-106.51703191690612,-106.12247078117949,-106.91784296294233,-106.05860258997606,-105.41646767874536,-106.99147587176344,-106.20197349048713,-108.03587909826639,-107.91324753005235,-106.30084507524953,-108.91371757615566,-107.0069536263266,-107.65026179978796,-106.57444337265767,-105.944318957023,-107.40775700875848,-105.56041498522752,-105.77080988331035,54,-106.1664771334067,-106.30084507524953,-108.91371757615566,1.7883152785492884,0.39332665389609023,-0.14036036046185885
HDOK,PLOK,17472,33,32,-105,6,10,2,29,-106.82308262836179,-103.85440433723964,-102.83642014816199,-104.42710762750228,-106.13408849414148,-105.81054603889946,-104.92579244763843,-105.68200960131749,-106.02518161530342,-106.19736938915092,-106.93401025076058,-107.09758293584109,-105.71098136059,-106.59186006793983,-106.70151855734012,-108.09053379070176,-106.71586831006859,-108.9154768240116,-104.34010140154217,-108.4317830734356,-105.95437287751841,-107.40669342478162,-108.22532355403327,-106.58812284173702,-107.57316530900327,-106.83434173136784,-107.476743857885,-107.12428170010412,-107.5741216690103,54,-106.4483753746686,-106.70151855734012,-108.9154768240116,1.8865067841728722,0.6821109368657227,0.5177374927073455
HDOK,PLOK,17472,34,33,-96,8,10,2,29,-101.02088118602579,-95.69744888469626,-97.34469538213375,-94.9646035286079,-98.1417588595514,-98.57827137160015,-97.16123949995942,-97.14161869915704,-97.23052151816768,-96.24263414082286,-98.37071649340385,-98.64198726406634,-99.20980966213828,-98.19662508982847,-97.84281320111997,-98.46924093820269,-98.07959348234745,-97.67204475906308,-100.60520414471235,-98.12358722941319,-97.48390289764373,-98.39068001231291,-98.8397303604175,-96.05028708318943,-98.35146640231223,-99.46211110307173,-98.70750953357805,-99.33682727758038,-99.24352751246526,54,-98.08970129370998,-98.19662508982847,-101.02088118602579,1.7084936580729002,0.20161216262391088,0.6565789946177438
HDOK,PLOK,17472,34,33,-96,8,10,2,29,-103.74982124019911,-95.08178378173292,-96.98051876196028,-96.13592330548249,-95.67971602596019,-94.63051330515378,-98.81189379029777,-96.33999144534064,-97.79768100225041,-97.17005390107732,-96.13929497631919,-96.88089345664282,-99.93577787956437,-97.89462856663529,-95.00475534162855,-98.46804412213353,-96.55491227258217,-99.10766077061575,-97.73381059584607,-97.57710232400889,-96.7732867142371,-95.64954193243092,-98.16108430262217,-99.36149481428086,-95.45411560571203,-97.99350382732645,-99.06750443252572,-98.78935677485009,-99.53680688310565,54,-97.53315421215596,-97.57710232400889,-103.74982124019911,3.4963913320081628,-1.083892898321822,2.6380232338738385
HDOK,PLOK,17472,34,33,-96,8,10,2,29,-103.33490164252004,-94.10765869120256,-96.14760139553889,-93.97897482915546,-96.95655566209388,-98.2226614051358,-98.26610876067599,-95.70725050002297,-98.00820154096745,-94.88395920245598,-96.67993315419655,-98.26880828127547,-97.75190141548354,-96.92576146313979,-95.39289644607912,-97.57179061946904,-95.81491566513401,-96.87902349369088,-97.92263385743699,-97.07833758045862,-96.10684371778724,-98.77521355545097,-96.99070554430841,-97.85525129970178,-97.74336733216813,-97.78345498391938,-98.47301351742608,-96.35100579186444,-99.64135719205927,54,-97.22827891520062,-97.07833758045862,-103.33490164252004,3.103028520329959,-1.0549702588532879,3.9251060865575114
HDOK,PLOK,17472,34,33,-96,8,10,2,29,-103.61890689340949,-96.28736873573395,-97.97485708369761,-96.72372014694051,-95.40613100819947,-97.16679387000421,-96.28341148006044,-97.89163990190201,-95.82619344051709,-99.0365854824588,-96.14193658450473,-98.09261248612862,-97.52788422451202,-95.85498557246495,-98.20466256335706,-96.69808745452492,-96.90180577543332,-99.1916545762759,-97.13429256943178,-98.77051718074296,-97.76742406018451,-96.21419263289631,-98.5628384926637,-98.31672094557356,-97.04177322200863,-97.09181560059731,-97.55814929078227,-97.63203652282743,-98.6826732993582,54,-97.57247141714454,-97.52788422451202,-103.61890689340949,2.3174434411589213,-2.0751127778100193,7.465453034021442
HDOK,PLOK,17472,34,33,-96,8,10,2,29,-103.24361352860319,-97.30757388297042,-97.69388416040084,-96.25979749231236,-95.56636676841765,-97.37936093400967,-97.11278398304604,-95.2605022133532,-98.73677005673294,-95.20219601742842,-97.29748738818522,-96.97825855814578,-98.01731441973993,-99.31713218418412,-97.26652749162784,-97.89518363153401,-99.3153912413246,-97.58895418384182,-97.05105643397472,-99.05490675914082,-97.90460535598385,-97.41027652021255,-98.42176447586058,-96.81385079247747,-97.71478267716793,-96.35027745885166,-97.80804307353465,-95.75217751413162,-97.5017313735916,54,-97.55939898519946,-97.41027652021255,-103.24361352860319,2.2846237462062597,-1.6481780404909787,5.830300979382576
HDOK,PLOK,17472,34,33,-96,8,10,2,29,-101.40898157018559,-95.41798480433523,-97.78055203064599,-93.713348451286,-96.29655559165474,-98.4094824711376,-97.6087214759049,-97.4802492811183,-96.23434705997076,-95.13429692435571,-95.74830617430926,-97.46823871938724,-97.92520554333001,-98.3142112466591,-97.17417363968902,-98.72171700475722,-97.08936190960773,-97.73924393497428,-98.14121407910429,-98.1775204215609,-97.68013676287427,-96.74664243682065,-98.97687049744258,-97.69779622067746,-98.28371110758962,-96.75552532748013,-98.00508786186442,-96.1115840926898,-98.2175128806697,54,-97.39512343179595,-97.68013676287427,-101.40898157018559,1.9480620953216978,0.05046026385184531,2.2118974638411957
HDOK,PLOK,17472,34,33,-96,8,10,2,29,-102.65468340831578,-96.512600908559,-93.82671531103674,-96.40414075518258,-97.69626600668404,-97.65666763735621,-97.7796226553924,-96.96197734629041,-98.62926482292853,-96.34898083678827,-97.37388223536043,-96.52019847023497,-97.77693472677598,-97.83899738157955,-97.02201468971666,-98.2088640986559,-97.2380311859674,-94.96205438775763,-99.86178161685295,-96.79936932334878,-98.47846789603537,-98.64961196296001,-97.33988455966754,-97.8082730706646,-99.13970382354518,-96.5719997363127,-98.94645923924568,-97.79245438857538,-98.30259687663694,54,-97.62422411580786,-97.69626600668404,-102.65468340831578,2.347294432788445,-0.65755970411176,3.725486221098534
HDOK,PLOK,17472,34,33,-96,8,10,2,29,-104.01015495342902,-95.53107817317736,-95.44908887977805,-98.38223909968427,-97.31686912302752,-98.66155663105015,-97.44389992651558,-96.35047554041464,-97.16541337719798,-99.23220635345375,-96.09829768315777,-97.18671606928426,-96.74842612990207,-98.65255041881807,-97.40461973706647,-99.21894391610638,-98.163060526089,-96.1470321469472,-99.55714959387436,-96.5196739240874,-98.54048885154752,-97.3221077976842,-98.44740347317426,-98.28483090727981,-98.12768087028218,-98.22070923453785,-97.6483748539258,-96.65327836898058,-96.55855718293476,54,-97.76009943942786,-97.44389992651558,-104.01015495342902,2.574165686564211,-1.9156670898894592,6.778739980760138
HDOK,PLOK,17472,34,33,-96,8,10,2,29,-105.26210428578709,-97.33092665686979,-94.36659714381616,-97.05466909225147,-98.78098896238295,-97.50085148317436,-96.47239031655202,-97.20853946638022,-97.9101476022174,-96.9363307131844,-95.62074548066472,-96.47398506642277,-97.34533074295132,-99.55151488320148,-98.49171091085437,-97.17647309554773,-97.95947823252905,-99.50405960343241,-96.78180040829513,-97.59577780497926,-98.7703564886286,-98.69655082221776,-98.83225462969513,-97.1812908310808,-98.37405105601837,-97.49934160404658,-96.85737142870033,-98.76897911326306,-98.04513704187453,54,-97.87412948162134,-97.50085148317436,-105.26210428578709,3.1782025345193095,-2.2548967947549317,9.668530292621554
HDOK,PLOK,17472,34,33,-96,8,10,2,29,-102.11604002336445,-95.60158061975419,-95.27712114933186,-97.35262976847443,-98.29426360191748,-96.61066581658862,-96.68264997618441,-95.93932269617392,-97.56446493882692,-96.42549001985007,-96.4699121110221,-97.51413917623918,-97.65671784163791,-96.96414052322325,-98.52932086228927,-97.23773807080711,-97.86388604742949,-97.34356613433955,-97.17435254029782,-97.81300485359145,-96.1021093910821,-98.64296779237094,-97.31831881346768,-97.5690477561956,-98.13704584958603,-97.17089371541066,-96.6869671980228,-98.48355603957052,-99.38756247706227,54,-97.44584399324528,-97.34356613433955,-102.11604002336445,1.6324070949945764,-1.5428988003109898,5.020760617924683
HDOK,PLOK,17472,34,33,-96,8,10,2,29,-101.66662883643484,-96.81873498528174,-96.07852012996699,-95.48621102956461,-97.36040027687437,-95.72052793694226,-95.13602879446874,-97.36881862209223,-97.84332772512793,-98.43631345748774,-97.56622884065585,-97.61591031168555,-98.1869497039699,-95.5675754391166,-98.63960701015048,-97.84809503867656,-97.46415158771742,-96.77044364256797,-97.33227875026003,-97.14650408228226,-99.96834579374021,-99.0237965053292,-95.62634538218086,-97.13158578943394,-97.63529431755349,-97.81330215602176,-97.0633739410086,-98.3629314350463,-94.92113691953496,54,-97.36549546348871,-97.36881862209223,-101.66662883643484,2.0433146924545413,-0.7047189914355053,1.6306658935636773
HDOK,PLOK,17472,34,33,-96,8,10,2,29,-100.96327887341741,-96.53572685849305,-97.90453547384928,-96.01573391777409,-97.22714449924247,-96.11179468619842,-96.70131704384808,-96.03546531574467,-95.5058702661066,-97.30125154450769,-95.16972468963507,-98.46178771565395,-98.3992521806,-96.16324691429536,-97.09699903897155,-97.29406635744934,-97.81054301074685,-97.8769404761671,-98.24907240474343,-96.97060562596373,-96.63251521586422,-97.69736817756191,-97.31139908058687,-96.9128451990471,-98.66854396107978,-99.03150955477975,-99.92190982346942,-97.77631687816167,-98.33299604136134,54,-97.45102623535588,-97.30125154450769,-100.96327887341741,1.5784768919427887,-0.6584087417606234,0.9238881579536256
HDOK,PLOK,17472,34,33,-96,8,10,2,29,-102.77085630169478,-96.95173927999863,-96.22233504471873,-96.27163957811274,-96.94306941913305,-96.9018560552478,-96.34052763237987,-96.00493668987667,-98.34708408825621,-97.73831492829254,-96.29601122590822,-98.74511147144105,-96.6211908701789,-97.21640250075173,-98.2214611081068,-96.20653221512072,-96.40278644488858,-97.47553211442994,-97.75797614246788,-97.17299470860802,-99.03626623509126,-98.89094814720404,-96.3528761990578,-97.93825212014747,-97.75394719064454,-96.94491723169192,-98.97178116203418,-98.04849038407265,-97.63332095005018,54,-97.52341922205538,-97.21640250075173,-102.77085630169478,1.803934901847253,-2.0794023959080032,6.753612212665493
HDOK,PLOK,17472,34,33,-96,8,10,2,29,-104.04281888146599,-96.71167993423583,-97.51573476795497,-96.15136312062052,-98.20919639163027,-96.64706450797108,-97.68778624556955,-97.57902257116349,-97.15129651277154,-98.78193400938731,-95.94670853117559,-97.2890239080726,-95.77904973252453,-98.38073854730963,-97.21278224739429,-97.67885160238849,-98.17723413906208,-98.27197708172157,-97.78363841859455,-97.56869994878683,-96.74980130178096,-97.02120197425874,-97.88017126774591,-97.33107360935449,-97.39833683362079,-98.4770206693259,-96.23358157499693,-97.11059606383476,-98.32091219391691,54,-97.623768847884,-97.51573476795497,-104.04281888146599,2.0568922825523024,-3.0627999082814514,13.536093850701262
HDOK,PLOK,17472,34,33,-96,8,10,2,29,-103.71573407920522,-96.98126840485759,-95.9293313484967,-96.71340655709427,-99.55915928298012,-96.2569468815484,-95.05679494398099,-96.01405409283322,-98.43470394317511,-97.31564002763024,-96.34422642337583,-97.74259603735523,-97.42416681447999,-98.13761249504601,-97.15487775044119,-96.05476986078332,-96.38838729435183,-99.08823411317053,-98.27333793301428,-99.82438324995888,-99.24778192042297,-96.19022664034827,-97.21913708083984,-97.65377537392517,-98.32645581121164,-98.75779201211718,-97.91040846874327,-98.35112259531104,-98.8023567337629,54,-97.75409269553315,-97.65377537392517,-103.71573407920522,2.7065057780784496,-1.5115964045358272,4.562696949726524
HDOK,PLOK,17472,34,33,-96,8,10,2,29,-103.38020145441187,-96.44586327017196,-95.94226561553417,-95.49554237773998,-96.89319171240204,-98.83237142807768,-96.29216143324037,-96.96574776326615,-96.99072886703999,-94.86264197307243,-96.36783849314057,-96.91488261776243,-98.01280798322702,-97.63657717162934,-97.64209328246763,-95.01243594407792,-96.59226740000254,-96.29541532346911,-96.09243515286205,-96.97049180281559,-98.6105077076745,-98.65671690103498,-96.95441558033549,-97.76877913844412,-94.17917135724538,-97.37264525270508,-98.223692602147,-97.367396435162,-100.07104915604151,54,-97.20145983438624,-96.96574776326615,-103.38020145441187,2.911650450372713,-1.5356502110530614,4.892552064681144
HDOK,PLOK,17472,34,33,-96,8,10,2,29,-103.7857915002479,-95.08822117771534,-94.55257820205266,-92.90138752472933,-96.85643755766232,-97.56660690148337,-96.07524657004608,-96.18274124506839,-95.91717982534155,-95.61857366820384,-96.93150027812571,-97.81581615323105,-98.3651632769581,-97.28983591835973,-96.66836255203121,-96.68711409013177,-100.20203383046099,-98.57465957165046,-98.2458553411417,-98.13591865916342,-97.40226197089176,-97.5177178632705,-97.63356061391661,-97.47224747876709,-96.29304762745343,-98.79396034959004,-96.91418437947115,-99.99260806206028,-97.59812954428168,54,-97.3475428183968,-97.40226197089176,-103.7857915002479,3.6699017367664992,-0.9364175523281123,3.8170996413379306
HDOK,PLOK,17472,34,33,-96,8,10,2,29,-103.64981622548905,-94.84969898787995,-96.63548286837323,-94.62195774114625,-97.13539183651491,-97.26883582976612,-96.11802968662754,-97.4602826978212,-95.39391811424684,-95.48797040897632,-96.61947613547716,-98.03922424582949,-100.01278842486072,-98.59093766243613,-97.21140329104524,-96.21450846065314,-97.94244091454739,-97.43021885664051,-97.62994298773907,-97.66977943076313,-97.16581252281563,-98.17478423959612,-99.40166875810841,-96.88365713394117,-98.17919911744671,-96.997239205495,-99.09031413219311,-97.0441781267204,-97.62261711854869,54,-97.46695086764478,-97.26883582976612,-103.64981622548905,2.862292668868883,-1.5266681337882977,5.109759844166861
HDOK,PLOK,17472,34,33,-96,8,10,2,29,-101.15243937666449,-96.61926490436409,-96.46833374463881,-94.22849042884417,-96.73387489928965,-96.94374383489135,-97.67081022355715,-98.01084859586356,-96.37660806504267,-95.14618604825223,-99.07569916957368,-97.76851366311493,-96.35365144578836,-97.39287714886751,-97.53347051644404,-97.31362735144528,-97.25148594990755,-96.98771054446712,-98.87464254893106,-98.2357783723344,-98.02473551437888,-98.36830933951947,-97.18658500606097,-97.61840963098328,-97.6850287211653,-97.34847871951474,-98.41784331562856,-98.3854263275598,-99.17032311486535,54,-97.5290757421365,-97.53347051644404,-101.15243937666449,1.5908377368999467,-0.09297220550294352,2.3203177395848136
HDOK,PLOK,17472,34,33,-96,8,10,2,29,-102.75374148810728,-94.23577964007897,-95.08944767518524,-95.90141294143771,-97.40380134454107,-97.74493740328076,-96.9955096954136,-97.03045417512995,-98.47052154811247,-94.4686403988215,-95.87899711366684,-96.11259636443032,-97.41912345469169,-98.44861092561732,-97.46361339980363,-98.06097456415944,-98.30683194974992,-98.30822581465596,-98.29049734638305,-96.67490913362057,-98.32268842424025,-98.29826266636296,-96.89339860444186,-96.59706125303259,-97.0810961779861,-98.8563145214536,-99.0265033299201,-99.78575994034162,-98.08167102825547,54,-97.517289045618,-97.46361339980363,-102.75374148810728,2.692422279149598,-0.611553538463973,2.609005814719534
HDOK,PLOK,17472,35,34,-99,7,10,2,29,-104.31865984951392,-98.141364458461,-99.15685323875941,-99.64037968208406,-102.85149815245316,-102.98720878809081,-101.641779756381,-102.2860555104217,-101.56239891877668,-102.1783093037424,-102.17024791585868,-107.5143986254017,-108.75213266759067,-106.36052994561229,-105.72730886676361,-105.46999938487969,-105.90390821194683,-106.017483380021,-106.01385293763478,-104.3917748630767,-105.68984187605282,-104.93431398663007,-105.06273622883116,-103.56090725854776,-104.55855645565829,-103.54667169644891,-103.28755233649399,-102.57857582043961,-103.50953247830884,54,-103.78671836534073,-103.56090725854776,-108.75213266759067,5.686611868094676,0.3758409684554111,0.21328941084439323
HDOK,PLOK,17472,35,34,-99,7,10,2,29,-104.98251266121213,-99.59186534278167,-99.59416689692526,-100.46990557522686,-102.57594553802932,-101.19134019259178,-102.79764273865761,-101.18940641095685,-102.10919005974975,-100.87389604937879,-103.55282011428261,-106.19143525467578,-108.04512232827837,-107.33462790583847,-105.43835542221716,-108.36160542470773,-105.44214710047376,-107.93334032022739,-105.09783289965259,-106.30599803773086,-103.7605062640525,-104.23573556094827,-103.66385392891044,-105.72460757988665,-103.94518649752088,-103.00570239341998,-102.3428127973163,-105.15293648078922,-103.18595084909748,54,-103.93436029743228,-103.7605062640525,-108.36160542470773,5.908127283200418,-0.027554342061185875,-0.7240545019362132
HDOK,PLOK,17472,35,34,-99,7,10,2,29,-106.00838083207476,-99.95703144258106,-101.73844142819877,-102.54119985673111,-102.15379819248184,-102.99077942032207,-102.14478658913174,-101.35086878233352,-102.48067825798226,-102.67454491051618,-99.14342195749536,-108.99891380944891,-106.09049479157058,-105.02089834428003,-105.76461253406718,-107.02670909364073,-104.75260205071484,-105.19172401590829,-105.35627339452438,-104.62586308385295,-106.17170523713523,-105.70920612141053,-104.47245274213557,-103.94421978403564,-105.31166416879904,-103.22144536801858,-103.14564063886064,-103.04031760812678,-102.97908712760717,54,-103.93130212358571,-103.94421978403564,-108.99891380944891,4.475905568508347,0.04159487794506705,0.2059372060691218
HDOK,PLOK,17472,35,34,-99,7,10,2,29,-104.5322144188774,-98.52977490663737,-101.6054721713142,-101.51886554322707,-102.64243010514595,-102.31682032265572,-102.35923040010994,-100.68184076523814,-103.69781542518561,-101.1961901036006,-101.79382122974452,-107.2185521320851,-106.71005828794796,-107.04222943783307,-107.11848317731987,-106.35215684530674,-106.42142781113145,-104.8214774465894,-106.14590505181778,-105.78853862967075,-104.03747468210418,-104.10777618075544,-104.90850982799302,-105.27718006603806,-104.80250387119692,-104.03069369056198,-102.76945146493422,-104.00688911570202,-103.01449164699008,54,-103.98097499164534,-104.03747468210418,-107.2185521320851,4.670428368547369,0.397378467605108,-0.27026522205250325
HDOK,PLOK,17472,35,34,-99,7,10,2,29,-107.28599775431694,-99.56979849700994,-98.98887611218652,-100.11838818314749,-103.05771413639268,-102.36352200831082,-103.69912565979952,-101.82409433489426,-101.77695648796303,-102.29596208315229,-102.76352209898117,-108.97926322556025,-106.13954646449334,-106.67396246887041,-106.59747604322766,-104.74750962851815,-106.22073496526502,-106.08508721450141,-106.36525714638451,-105.51945830785895,-105.18222871967808,-102.52495125595715,-103.49242045739491,-104.05725162410424,-105.59463693453692,-104.56527490069838,-102.58061702373618,-102.0114947625961,-102.53769014787845,54,-103.91789029818675,-103.69912565979952,-108.97926322556025,5.654676518253837,0.08928247788787869,-0.4372625655282847
HDOK,PLOK,17472,35,34,-99,7,10,2,29,-106.50116951127535,-99.73848385052594,-102.42177030428441,-101.32887625855503,-100.4094957871513,-101.26655103345446,-103.93425050730377,-102.80076763938335,-101.8969663542695,-102.04947548821717,-102.02988538469613,-108.33510331904657,-107.0379082033487,-106.75113291259939,-107.92937114913275,-106.09259636611002,-107.25957098028974,-106.41564870073063,-103.12499703856469,-105.66179613040997,-106.44651138379777,-104.43803390206068,-102.57101615679878,-104.28538893967131,-102.52437127952957,-103.12957658529035,-104.44844110603074,-103.35845409491154,-101.5201948396689,54,-103.98992431748648,-103.35845409491154,-108.33510331904657,5.563748552809137,-0.20156190336849317,-1.0926867498733364
HDOK,PLOK,17472,35,34,-99,7,10,2,29,-106.20341727931915,-100.66143162507943,-99.26272706629074,-100.05884395210028,-101.02723329905764,-101.7237510361145,-101.20242318300986,-102.90592094169287,-101.84745684032308,-99.79967660672749,-101.48615598918845,-108.43883071239455,-107.91591350613895,-106.59998123490502,-106.27289308825199,-105.61422191334519,-104.80087488716956,-106.30232634301751,-105.62827735129673,-104.40919629019022,-105.62606312557315,-103.73365993135609,-105.20307312580023,-103.78884769132927,-105.74733314183602,-103.22918809681859,-102.71688683479475,-103.02928433944415,-101.89738381543584,54,-103.6942508016552,-103.73365993135609,-108.43883071239455,6.072285879904158,-0.009181472561358699,-0.979653780891784
HDOK,PLOK,17472,35,34,-99,7,10,2,29,-106.63509435886051,-99.00383532135689,-102.08700902239462,-100.17267949499647,-102.69888731164788,-104.65649742792544,-102.41319094821996,-102.67552953184565,-101.82561568994174,-100.83911295401046,-102.03382772283713,-110.01387604433562,-106.02224321183745,-106.7096945178371,-107.56207655917085,-104.83364551338492,-106.61573300791974,-106.93083451442492,-104.86536849867652,-105.24311065068872,-104.55928717674409,-104.78570687233876,-106.45294422940071,-104.43055359009537,-106.06491463348837,-102.53236559890065,-104.54414548120029,-102.09073495256436,-101.93819069700275,54,-104.1805760528982,-104.55928717674409,-110.01387604433562,6.024119239412307,-0.050883554296452194,-0.21870860678950876
HDOK,PLOK,17472,35,34,-99,7,10,2,29,-105.40646220840142,-99.97545717861728,-101.0049340177293,-101.6021589131747,-102.0434552545757,-102.65253734893291,-101.81193087625888,-102.31030415621136,-101.6366843381592,-100.66169504275449,-101.92429963113047,-106.40664519759254,-107.16380125050792,-107.71554661019292,-105.46143485729553,-106.10110849439107,-105.22096797131948,-106.58335914609133,-104.38066228542037,-104.66580702526889,-104.30317954703636,-104.84003503420732,-105.01782691815642,-103.09364430988202,-102.44610169393123,-104.60370467071436,-102.72560961406977,-103.27626368581564,-101.7262381421946,54,-103.681443290346,-103.27626368581564,-107.71554661019292,4.20478467692383,-0.17616191134413786,-0.9825706146107929
HDOK,PLOK,17472,35,34,-99,7,10,2,29,-105.3359483488685,-100.34786584107893,-100.78240248227851,-101.53566323384324,-101.39689079805497,-102.90204561079523,-103.53972116464392,-102.54604072407899,-101.09511797348921,-100.86990501199553,-104.05293061613317,-106.87106115623263,-106.36312772568215,-107.15720902298708,-107.57292124043212,-108.0336592999737,-105.78574210416537,-108.18039274497266,-104.85424740754922,-103.04604718637175,-106.63427604339657,-105.20482459031359,-104.87253893990899,-104.84869825494191,-104.81827237504558,-104.32637526938821,-103.44192784793073,-104.19274839909436,-104.06824532371932,54,-104.29920161163334,-104.32637526938821,-108.18039274497266,4.9529853894736515,0.0720532867994474,-0.8477010893228472
HDOK,PLOK,17472,35,34,-99,7,10,2,29,-105.3375652128826,-100.37369401204678,-100.71317828486059,-98.86336440756047,-102.67932316231233,-100.69890477841903,-102.16661415773424,-101.23839451921936,-101.09750603408243,-102.5880685177383,-103.24434355001026,-108.14553601437468,-107.2094397823267,-106.80509497431281,-106.46763080414212,-105.78151210631218,-105.23092799459755,-105.9510953407707,-105.41642589899828,-105.6170153885161,-105.56769234133628,-105.47969768672858,-104.48947938574294,-104.15641126715111,-104.23732205698845,-103.69978059562246,-102.10025108989225,-102.77840734852893,-103.8679596574234,54,-103.8621598748494,-104.15641126715111,-108.14553601437468,5.204535926427172,0.2608580875931555,-0.676002029672242
HDOK,PLOK,17472,35,34,-99,7,10,2,29,-105.52169879643044,-98.80550609511491,-100.36095489429202,-97.99452922701363,-103.37278920628108,-100.86809954010886,-101.85605285539097,-101.06717135860552,-101.91084990880654,-100.78514190003044,-101.09370624007246,-109.81355331218268,-107.26540512141176,-105.80463042289199,-105.89118989164568,-106.03659166510317,-104.8036943385027,-108.12514045214782,-105.4704606103757,-106.23116293183358,-106.21465725734596,-104.84726570737482,-106.31890689989653,-104.78369004690973,-104.49843487775047,-103.65842620798495,-103.16060608631688,-102.12804390868857,-103.01771530560563,54,-103.85193362296951,-104.49843487775047,-109.81355331218268,7.652229220797905,0.1407955977031215,-0.38799364763728983
HDOK,PLOK,17472,35,34,-99,7,10,2,29,-106.08997899518488,-100.34992125580588,-100.98003160377603,-99.63156723997419,-103.31203785501249,-99.57130360427956,-102.35248206262588,-102.94204632578464,-104.22489872954193,-102.6222059277782,-103.22119386142904,-108.1192505991357,-105.1983076766328,-108.24028946630591,-105.78611140976238,-105.21432278317388,-107.44269817065376,-106.5394315672459,-103.59146240823468,-104.63160978694319,-105.63040034537462,-104.72052058996876,-103.92815667314694,-103.15350686703555,-103.77230699822583,-104.046651721444,-103.08289113141868,-103.08454067030522,-104.08437736975114,54,-103.9849828860673,-103.92815667314694,-108.24028946630591,4.755817081780422,0.0872074573084076,0.03705725696199691
HDOK,PLOK,17472,35,34,-99,7,10,2,29,-106.29943781463102,-98.12127144456564,-101.29712215927627,-100.33407064529642,-102.17010772186353,-102.81001203079732,-102.28544025520102,-100.96965576769853,-101.77307457791935,-101.46682193835777,-100.7197804320736,-109.00427047493639,-107.45869533609036,-106.759337830564,-105.84908464377301,-107.6947166182148,-107.62042764567009,-107.23615736618142,-106.12063277183513,-105.01704318414527,-105.90344826820706,-105.81786602819265,-103.36048628628008,-104.56651116905516,-104.54233946105155,-104.21166515361385,-102.10674757592348,-102.15003058252114,-101.71620231469211,54,-103.97870543098719,-104.21166515361385,-109.00427047493639,7.262816792608977,0.04736971740171833,-0.8891583162774546
HDOK,PLOK,17472,35,34,-99,7,10,2,29,-107.43839331955634,-100.17446470415473,-100.43027584778572,-100.97418744577566,-101.92532412068792,-100.83742890158094,-102.57403482751161,-103.11378223938972,-102.30664396417856,-100.61863544381586,-103.500867766599,-107.4419586323704,-106.65635883279023,-104.97826867343619,-106.59575704985869,-107.09209047352105,-108.69502057556018,-106.20565959491516,-106.23630957084927,-106.14903321687363,-106.56309054666873,-105.73498851122629,-104.7259407504144,-103.25714854088172,-104.5678803303644,-104.26056272891277,-102.80627902553034,-103.70397644483903,-102.70828513487523,54,-104.21629817982493,-104.26056272891277,-108.69502057556018,5.710031649894173,0.06101012282528874,-1.1013028253198147
HDOK,PLOK,17472,35,34,-99,7,10,2,29,-107.12231035673517,-99.79424094314297,-100.37923069797687,-100.86443486913505,-101.57642475290842,-103.7459748346235,-102.6722902409368,-102.4609418606928,-103.20947397966046,-101.87575730961947,-100.64623596640725,-108.6721828957667,-109.07734769859616,-104.8313471321046,-105.86046648383042,-106.28081061070965,-106.69621482981351,-104.91825947916861,-106.9539687609759,-104.66177146054424,-105.76447132909635,-106.09274046875193,-103.81325473072397,-103.88501004345258,-105.03181600125649,-106.31494684921158,-103.71702999618297,-103.24737827468559,-101.80427672479875,54,-104.20588308901758,-103.88501004345258,-109.07734769859616,5.837133719880844,-0.05219076507722162,-0.6862342892593007
HDOK,PLOK,17472,35,34,-99,7,10,2,29,-105.60798018922945,-101.59156201630461,-100.03544051121192,-101.22479107759355,-102.62348775317928,-99.4415978707332,-100.543138187308,-100.84105509387092,-100.15971991262428,-101.92593834496303,-102.21748852647595,-108.9149541515817,-107.920532264299,-107.42553275386055,-105.46186291323565,-105.30310100974175,-105.03451778554071,-107.374059165647,-106.47319592791794,-106.12047736462733,-107.81692982885815,-104.77084296215875,-104.91208170342188,-103.47285329133751,-103.99293370355322,-105.20145541616449,-102.92181189191795,-102.84203155440711,-103.20765434826934,54,-103.97858715586327,-103.99293370355322,-108.9149541515817,6.814961874870272,-0.04424314887852729,-1.0012992624022914
HDOK,PLOK,17472,35,34,-99,7,10,2,29,-108.4039187943937,-101.61456298805724,-98.68309230216391,-101.9389768622572,-100.86290721163063,-102.46846778762598,-102.85735574112408,-101.77769508000328,-101.9487958559894,-102.73971014643378,-103.61860342544617,-106.98956420850244,-107.10489636114303,-106.63779930280934,-107.45480798337144,-106.1215243896347,-106.37986688524074,-105.41680441021435,-104.47304302150845,-105.02757072801003,-104.12448515986127,-104.95018971182444,-102.59437275965881,-102.61560197879045,-102.89087766016387,-105.0379100110844,-102.73515221567853,-101.8757055573863,-103.31436126990414,54,-103.88477999344526,-103.31436126990414,-108.4039187943937,5.041843679506975,-0.10381852131685711,-0.3749938064514602
HDOK,PLOK,17472,35,34,-99,7,10,2,29,-104.44766617743925,-99.18666101001216,-101.01181666748766,-101.54120434737082,-102.32444266226942,-102.33780312924857,-99.93034082446411,-101.87110847867689,-102.6804640770608,-100.954390264635,-101.99955205520611,-106.76375674610321,-106.52487539923412,-106.82930254294705,-105.64713003526178,-105.66496517098527,-107.4911344302643,-105.9748551463314,-106.82502540436641,-104.70502351693756,-106.28886160832579,-103.68298741704578,-104.38212611143192,-104.85058192639264,-103.6811075073685,-103.98676269327346,-102.51115792912138,-104.18326234481842,-103.29866610312463,54,-103.84748385266222,-103.98676269327346,-107.4911344302643,4.8439514801652175,0.21318568648099914,-0.8009606469621788
HDOK,PLOK,17472,35,34,-99,7,10,2,29,-105.71701621399849,-99.95804624521307,-101.98127629183153,-100.76394618893353,-101.31329669218735,-101.2479384310804,-102.82685100117016,-101.39891833930358,-102.20037421551844,-102.22067305592473,-102.00807919744304,-109.41391100606506,-107.10712840205242,-105.78869118310291,-106.29292197775149,-104.72429051673822,-104.67782659406937,-106.4934887391134,-103.64005428309063,-105.8585065355275,-105.00691783241267,-103.14645158175001,-103.67819601298481,-103.46880143985801,-104.65185588372194,-102.95155930897556,-102.3659533170739,-103.20898233871438,-101.10910745358012,54,-103.62831242342024,-103.20898233871438,-109.41391100606506,4.711898601321035,-0.6095178659240413,0.1022229160452719
HDOK,PLOK,17472,36,35,-98,7,10,2,29,-106.0807977838557,-97.23524983029317,-97.41465516831941,-98.76274214452368,-100.04893996710794,-101.1874044569273,-98.77072676824439,-100.48146972655854,-98.94497447572166,-100.06711132151776,-99.01313970847488,-98.32852826785457,-100.20806141899888,-98.30372817329186,-98.5893901485623,-97.74999412954885,-98.99828971098037,-97.7984341366099,-98.23696569990844,-97.61659399748358,-99.80875005033737,-98.38853871436595,-98.19326416664903,-97.549868799244,-97.74549128635105,-99.75770389230568,-99.0495527381054,-99.66934023263346,-97.227260533376,54,-99.00782646372934,-98.76274214452368,-106.0807977838557,2.8511301728884813,-2.599271698495554,9.73847473379803
HDOK,PLOK,17472,36,35,-98,7,10,2,29,-104.97819369731467,-98.07474934852488,-98.42197679338928,-98.64836152209115,-100.54080959765257,-98.5281220188956,-100.95953929711729,-100.14092965461504,-99.79461804295002,-98.43358058727297,-98.98675303638866,-98.64997741658092,-97.39109231167737,-98.66590295428796,-99.09403940264374,-98.8280418678548,-98.94588314451744,-98.87620674172112,-99.91334393476696,-99.85495241055096,-98.33466165638795,-98.04555916425475,-98.48162438248552,-99.1314825039913,-98.22085860953445,-97.05654059896538,-98.93497082899324,-96.47469296958224,-99.79238404625548,54,-99.0413740876298,-98.8280418678548,-104.97819369731467,2.178318698195264,-2.151622946207168,8.244303180803309
HDOK,PLOK,17472,36,35,-98,7,10,2,29,-104.87014900536892,-98.26222526433811,-97.51240840734519,-96.6972218807639,-101.72707270864922,-99.62807706192517,-100.04807253887378,-99.68006809984968,-99.63220270067903,-99.8944778608869,-99.76730097114289,-100.60135902527541,-98.19868852972792,-98.87137656001545,-97.9104297798196,-97.91674492555497,-98.31111877534636,-98.790499495383,-100.00785183614731,-99.97827446754171,-98.70726304384384,-97.7066587885305,-98.78155651503398,-97.74041519918777,-99.39067552535171,-97.4309756004706,-98.6082758431537,-99.02399805367206,-99.12998539412395,54,-99.13191116751734,-98.87137656001545,-104.87014900536892,2.3257880572581495,-1.822441084094059,5.813351150372858
HDOK,PLOK,17472,36,35,-98,7,10,2,29,-104.68049681349237,-98.60344387962738,-96.40124754419499,-98.35916157647429,-98.6335450121123,-101.08436398999314,-99.9865343246179,-97.78440325665,-100.92169135602924,-98.5693160828657,-99.32255113880709,-99.43248915675089,-100.36408303484276,-98.66188378941914,-99.0489838051895,-99.5720147812752,-98.12634939784432,-99.34049141184353,-99.28373057673096,-98.0376479970273,-97.74224878954442,-99.36285485958284,-98.22119226998477,-97.74898068908468,-99.48764116591225,-99.321499038694,-97.53641218242943,-99.0524611956808,-98.98340536285782,54,-99.09210774067448,-99.0489838051895,-104.68049681349237,2.103608712761438,-1.8807784119661866,6.688131441155155
HDOK,PLOK,17472,36,35,-98,7,10,2,29,-103.50904018175936,-97.11138639662524,-99.79475104334274,-98.32832074979092,-102.13733367759662,-100.10676347031456,-100.36640623824165,-98.7646122896538,-99.5126361960846,-97.92146434616927,-99.32425644219174,-98.61647651257556,-96.8609737669865,-98.0828568629305,-98.78120711064416,-99.54088426274357,-99.56137352451309,-100.100902330268,-99.38116062577875,-99.14412343389793,-99.73024598544912,-96.88129989575864,-98.73333545297194,-99.63222067281382,-96.7120026097005,-98.1582778072282,-97.87221297303697,-97.59805988546785,-98.79085724566986,54,-99.00191179276571,-98.79085724566986,-103.50904018175936,2.1316266493828784,-0.9812576177863799,2.158720159952964
HDOK,PLOK,17472,36,35,-98,7,10,2,29,-105.65550770588432,-98.48258659841467,-97.20120985619515,-98.0189076651021,-101.05346424834579,-100.46634573624303,-98.88782406303147,-99.25987696600696,-101.69236508430149,-101.12261653462042,-100.88606288153906,-97.0528631861147,-99.92556234566355,-99.9713847942909,-99.58887192117837,-96.00496241667624,-100.89043499021855,-98.11575121113981,-97.85023645043663,-98.51834861785846,-99.09524272057679,-98.48903326065421,-101.62825468133198,-97.15390617342537,-99.89729687044547,-98.07211597645741,-98.68519815011594,-98.05923723599008,-99.00598895881865,54,-99.3355674931406,-99.00598895881865,-105.65550770588432,3.4934179515359323,-1.2001750128935555,3.0632860524736487
HDOK,PLOK,17472,36,35,-98,7,10,2,29,-102.3342144808089,-97.34866882780817,-98.04961882336981,-97.77221434998974,-98.73166074955293,-98.63190322779599,-100.03355772818735,-101.37257390768374,-101.7542183102843,-99.867531416018,-99.25350780834034,-98.65148322438083,-98.42376384921582,-99.7162224636978,-97.29219850456857,-98.4624099836924,-97.31606244247025,-99.12187671932094,-101.8425021012502,-98.55962578253465,-99.04880928936618,-100.31366726261365,-97.37548050104621,-98.56277224559008,-96.62843783112869,-97.4576240865012,-97.41123343824886,-98.09905655633132,-97.5814537824333,54,-98.86256378255966,-98.56277224559008,-102.3342144808089,2.2144922821367206,-0.8697674217569329,0.030069837543694522
HDOK,PLOK,17472,36,35,-98,7,10,2,29,-105.33038353006471,-97.59938012157505,-96.75205494268465,-97.71794508269768,-101.0275780136248,-98.6269860488753,-99.27105655198154,-98.47403569003127,-99.2507090416139,-98.32649305785199,-99.1371339523442,-97.89029243884738,-96.74406522724809,-98.78708839393359,-99.57025117703085,-98.62062404974935,-98.08047033859053,-97.45447935269232,-99.04608262219244,-99.01756207478667,-96.69049902931782,-99.24087189247595,-99.0708912060393,-98.32352183594246,-99.88924293504421,-98.67343888005755,-98.47608507769434,-97.80523252476695,-100.19092050355562,54,-98.79604743425205,-98.6269860488753,-105.33038353006471,2.5036395759625516,-2.3950413430566018,9.269231807592273
HDOK,PLOK,17472,36,35,-98,7,10,2,29,-105.25238400166641,-98.5312961562576,-97.53303517157902,-99.69733649314281,-100.0014474530065,-98.71728656427649,-100.24487578582475,-100.03711750657295,-99.69310942519785,-98.78532500069498,-98.30235749647882,-96.95642017669863,-99.62497430387349,-98.75398970419998,-98.42847272023006,-100.68501323344745,-97.42478994999836,-99.57012988783586,-99.4675856839121,-98.59267112385398,-100.21527529449597,-99.79141357316125,-99.0420698582779,-99.30267222388429,-98.61627218658005,-98.13727574695936,-99.19252133479361,-100.34159290358095,-97.83334063054707,54,-99.26800177900097,-99.19252133479361,-105.25238400166641,2.1330684924084466,-2.2227335612770815,8.87149521145913
HDOK,PLOK,17472,36,35,-98,7,10,2,29,-104.7757638203202,-98.57372913087586,-98.56828818237588,-96.39686506746047,-100.70655135964122,-100.16223535770366,-99.23329192309548,-101.10495077320277,-99.6931927908697,-98.04447827133053,-97.91394951578135,-100.46168274486519,-100.07521501041823,-98.53061520767253,-96.97761286715767,-100.16021510167212,-97.02916884037583,-98.31898358242545,-101.5275788347103,-98.58693374451296,-98.89931275302823,-100.32962976010664,-98.32006350912759,-98.46703200075389,-97.84117425546735,-100.15057889434608,-98.99163759442895,-101.05091909329573,-96.77076466506792,54,-99.22973843627896,-98.89931275302823,-104.7757638203202,2.9144101851305813,-0.9903492880433972,2.333096504102016
HDOK,PLOK,17472,36,35,-98,7,10,2,29,-107.33861918104769,-97.91922082485118,-95.460893602537,-97.72328462668192,-98.90218020584393,-100.69724968001154,-99.87374028863515,-100.0720616484732,-99.57389083111485,-100.52708884067806,-99.00399108545277,-99.60834541906264,-99.47399712702787,-98.93124583016245,-96.269205798417,-100.00824966694687,-98.23130844178091,-97.99228333839261,-99.76259023732192,-100.48896912750529,-101.13714494492568,-99.28064695485686,-99.22334917178597,-98.25359262209331,-98.55542915038507,-99.7543225641125,-98.73948460296081,-100.14910303690998,-96.97294095761404,54,-99.30773895888235,-99.28064695485686,-107.33861918104769,3.950661622729711,-1.9567415611751493,8.625311751225048
HDOK,PLOK,17472,36,35,-98,7,10,2,29,-104.66456502938685,-97.29316465991884,-97.33885226343735,-99.11640108763841,-100.69158415653658,-98.40783017118653,-99.69031227084508,-98.34837155200691,-98.35028691971186,-98.04304830295506,-99.5095289679958,-100.6597089142345,-98.99593040102654,-100.01282181140498,-100.87453391210319,-97.95794106358419,-97.69560369313051,-100.24743671300855,-99.57953442081282,-98.92888799876977,-96.72642138304664,-97.71334547655128,-99.01392660322009,-99.40502172838913,-98.06327083700958,-97.94450325803857,-97.51354260345218,-99.4807229216818,-97.6725760988495,54,-98.96343707654941,-98.92888799876977,-104.66456502938685,2.3657708764660934,-1.7307823065868888,5.108419257413811
HDOK,PLOK,17472,36,35,-98,7,10,2,29,-104.4747280489766,-98.11706884914243,-98.07226109722305,-98.5854413993545,-98.77737616129934,-98.23965972842403,-100.43064310079723,-101.77487898449155,-97.81150043511025,-100.31364382629494,-97.97017929886779,-99.9259298234768,-98.63121246952238,-99.89851999799214,-97.49453841730221,-98.72627809533519,-98.21048329692142,-97.85528819912454,-97.64698093755331,-98.83448308715265,-98.40959744144621,-99.76037845768758,-98.95374022336733,-98.45963614356295,-98.01882064286099,-99.23873637497208,-99.54360469535077,-100.7944497137361,-97.2782127101313,54,-99.04304385025787,-98.63121246952238,-104.4747280489766,2.17098690012344,-1.9487127449868034,5.160497579587744
HDOK,PLOK,17472,36,35,-98,7,10,2,29,-105.57403722668751,-99.18582355348474,-98.25869648616936,-97.55164767308,-100.36807065759375,-99.87066807531468,-99.86290543834092,-98.29352868695638,-98.75853669285907,-98.52666405621021,-98.92691697440281,-98.9210478978864,-97.30116489955014,-99.81007607028704,-98.66993000608838,-98.43609179214913,-99.03514232046298,-100.5773887673602,-98.268360120173,-97.36316546124897,-98.48840533803317,-100.3410768370979,-99.22605854037742,-99.03842179571092,-100.27500171690001,-98.85352673303933,-98.72666110710261,-99.06272542036119,-100.0329605826632,54,-99.22774830784799,-98.92691697440281,-105.57403722668751,2.177293361941276,-2.7252730642818204,11.168881459749038
HDOK,PLOK,17472,36,35,-98,7,10,2,29,-106.35062665458265,-97.10120625081693,-96.38667469118641,-97.51536165068062,-99.67713947705153,-100.13678761916216,-98.75063917628215,-100.14978696026489,-100.49931031271822,-98.77275176151323,-99.03903262843914,-99.16791789554368,-99.92118729494544,-99.53980988127647,-98.50822284430662,-96.60416551739254,-98.31199022048126,-100.65715318911076,-100.0149997062704,-100.49061046446474,-97.66069102324066,-98.7612227022297,-98.28780647293527,-98.7904399905364,-98.04651096327669,-97.21148829990015,-97.84339583404513,-97.92101952783865,-98.30087514648427,54,-98.97995945368888,-98.7612227022297,-106.35062665458265,3.2833592659496516,-2.2308991856759377,8.465299801191563
HDOK,PLOK,17472,36,35,-98,7,10,2,29,-104.45541811155934,-97.3161557925189,-97.84028996031509,-98.54217889855609,-99.8289196356391,-99.96948745168476,-98.4196463651553,-98.49346091728036,-97.83925216318785,-98.75485941610157,-99.07364381727066,-99.06371521795347,-100.19807354214464,-98.0271115533478,-98.05338424719392,-99.6738160177585,-99.75241932562446,-101.05527659988802,-99.31299197141131,-97.51574849986157,-98.98973461612043,-99.36956082723549,-99.77563160802494,-99.84158448806642,-98.65465668767379,-100.56834308212845,-98.40145354379197,-97.9635201166629,-97.67731259683372,54,-99.1181947265859,-98.98973461612043,-104.45541811155934,1.9108434751675618,-1.9733219774181707,6.423464533352426
HDOK,PLOK,17472,36,35,-98,7,10,2,29,-104.3615916796589,-97.09706492471746,-96.7210416399582,-97.4686045749691,-99.53782041878422,-98.71834166093134,-99.25300573310525,-100.18606172073173,-98.09240293616962,-99.4077804585542,-99.80451346798387,-100.20888985724635,-98.59947862087648,-98.01178843955222,-100.50894898911277,-96.8883503278627,-100.07914653366244,-97.25893093850091,-99.7086385951112,-98.26405515963401,-99.24166539076697,-98.93716116427883,-97.95772709798685,-99.64331325615585,-97.10281741416391,-98.85885797723608,-97.54237979511949,-97.93777126519575,-97.66352894616693,54,-98.79523030979978,-98.71834166093134,-104.3615916796589,2.309041573576149,-1.5680623741711084,4.734022736569997
HDOK,PLOK,17472,36,35,-98,7,10,2,29,-105.29620896892669,-97.1642547615563,-99.96096914382204,-98.43836558573831,-100.21055948149036,-97.2738861606818,-100.27421412491314,-99.76241389058406,-97.0920755608388,-99.26720774277031,-99.84414066920118,-99.94474642150796,-97.33428961548601,-98.43000551035801,-98.31512477439001,-97.43923059568795,-99.82180287375213,-96.24323433354358,-99.72777304750615,-98.6186804515961,-99.41369746805603,-97.9167451421211,-97.96295871474192,-98.19206209487652,-98.63235759926873,-100.004787395846,-95.48642129936398,-98.78523379484021,-98.77670985201738,54,-98.81483300260288,-98.63235759926873,-105.29620896892669,2.9943723085884097,-1.4885210907069775,5.762882458882235
HDOK,PLOK,17472,36,35,-98,7,10,2,29,-104.92287835242861,-98.81756776529124,-97.85319125848079,-96.37411183853555,-100.42461155184021,-98.6088579474235,-100.1711932016141,-98.49360148575644,-99.52211242211594,-102.27995566103336,-100.00451083389507,-99.43393005649568,-98.31583761737922,-99.53282582052753,-100.23789623589212,-100.54037722088553,-101.09334555981812,-100.61302690991454,-99.10680179078362,-98.79358168910957,-98.72611564915489,-96.75582869690895,-97.77595526345686,-98.80428435484525,-98.62851240076438,-97.82220741669167,-99.76508530809008,-98.60055089824078,-100.02173718538583,54,-99.38070663423306,-99.10680179078362,-104.92287835242861,2.648855030541836,-1.2240548817874464,3.588296353083383
HDOK,PLOK,17472,36,35,-98,7,10,2,29,-105.52268373591234,-99.37938590736569,-97.42906620652094,-97.55088597748636,-99.43895239845588,-100.46441114643176,-99.65095854314364,-98.72980420516735,-100.11765627067085,-101.37064319491934,-99.76368883400694,-99.60098803293874,-98.92617000801269,-97.14503752635858,-98.1423138771068,-98.46224883590814,-98.16392903142138,-99.39944010761458,-98.58850511062114,-98.6743355211123,-97.1905226996809,-98.37310401952402,-99.13760810615166,-99.93979578474753,-98.30101019792097,-98.55019892995301,-99.60804405810512,-98.88832705256219,-99.7550081456327,54,-99.18154218846391,-98.92617000801269,-105.52268373591234,2.371253755494568,-2.3817359718612763,9.104806911570126
HDOK,PLOK,17472,37,36,-98,8,10,2,29,-105.41548818765001,-97.89219230719605,-97.62604151593405,-100.09449769586647,-100.79312460512408,-98.94310841990293,-99.308779494335,-100.41444180883296,-98.40244327327082,-97.01415906375439,-99.67656120793498,-100.68280664903324,-101.48030246474552,-98.77193765506024,-98.1073503016125,-97.24185107567372,-99.4146084738756,-99.4852560077327,-100.18580984396215,-99.57827779776086,-98.67336987468104,-97.74114994680426,-101.29507819873392,-99.00459656128173,-96.39522065467948,-98.43919089678266,-97.4000188918881,-98.02467792948698,-98.69449528324634,54,-99.1792012443739,-98.94310841990293,-105.41548818765001,3.011976557900521,-1.519433998050817,4.37956481028613
HDOK,PLOK,17472,37,36,-98,8,10,2,29,-104.80386705046159,-99.29267209445494,-98.16258677252344,-98.71910314574178,-100.78038214770555,-99.24856116109693,-97.53726050500143,-99.40411396975117,-100.88880908687031,-98.01032611209806,-99.13756185355811,-98.41808298948776,-98.13260390437128,-97.77286899959019,-98.52945335170166,-98.89958330805834,-99.09364715872258,-99.4345974835369,-98.12131685779626,-99.4945790206142,-99.55055619333223,-98.11652789559236,-99.2786629669065,-98.07899685342785,-99.0919271280434,-97.17435150975392,-98.79417033673624,-97.63196572526176,-99.02999220410412,54,-98.98721130297588,-98.89958330805834,-104.80386705046159,1.929477108973189,-2.610078424321657,9.872114235724743
HDOK,PLOK,17472,37,36,-98,8,10,2,29,-104.83608943800405,-96.58587684600637,-98.58395699898738,-98.68802417769254,-98.45416498463784,-98.54653315433194,-100.03405179748344,-98.11874335702196,-97.78574943790221,-98.04194676678081,-98.95539818866983,-100.24857777662957,-99.11573774370143,-97.84437418768741,-97.8239802284344,-98.77708746522757,-98.84157049050702,-99.22432538162681,-99.76860089690047,-98.12557497014829,-97.84851853282693,-98.95201128455092,-99.34936214745143,-97.5033000533777,-99.24380992625896,-97.51786136915052,-98.49333294538307,-96.77939885667857,-98.81734722684317,54,-98.72087264244492,-98.58395699898738,-104.83608943800405,2.054538510571114,-2.620114887476185,10.830515555725693
HDOK,PLOK,17472,37,36,-98,8,10,2,29,-104.5399180298783,-99.02248606849209,-97.8821809247809,-99.07360959730809,-101.07037983337838,-99.3605139661294,-99.57037964682196,-99.31242380091466,-98.50884701450006,-99.80968320782385,-99.87497258155366,-99.8108338993004,-99.85163677920396,-97.73670413021931,-98.61720468822028,-98.70174774811736,-97.56797640952394,-98.96910029461955,-98.44314320624811,-97.63629682080351,-100.03002666242534,-99.5412107660823,-100.21725733683559,-99.11551187909397,-96.76207173723107,-98.0561937404741,-97.32347468290871,-98.3696480415069,-99.4704499705322,54,-99.111927016032,-99.07360959730809,-104.5399180298783,1.989572226382617,-1.8024173337824325,6.5018882998902185
HDOK,PLOK,17472,37,36,-98,8,10,2,29,-105.68287385303175,-97.58961665730445,-98.542134634742,-99.47351808795467,-100.4483000587752,-100.9031161203876,-99.64255661826357,-98.9690868078809,-98.61857818335315,-96.50278943308354,-99.95725046792586,-99.27453696710502,-98.02508041182243,-96.58006465704172,-98.10759832689675,-97.99808835692136,-98.40925193340965,-101.53340611749809,-98.79358319150833,-97.12289616563767,-99.13100758726051,-96.2484753551407,-98.70244496436584,-97.33978250564296,-97.63548859766792,-97.72898366177627,-97.01913818695911,-99.36864484734208,-99.14632540065408,54,-98.77567648818462,-98.61857818335315,-105.68287385303175,3.3124987590067745,-1.8772130020298485,5.986728820172692
HDOK,PLOK,17472,37,36,-98,8,10,2,29,-104.33898855608241,-97.68616129190194,-98.54350699048379,-98.15163654662345,-99.31168561623677,-100.93544924527154,-100.8999716092416,-99.56137354627326,-95.76403885043608,-98.52527457262845,-98.35415649951588,-98.81003815037904,-99.40134283795261,-98.89362880790853,-97.7585633010242,-98.8966615141789,-98.6368126097931,-99.13452469438721,-99.18987170191562,-98.39942211962688,-97.60424716327212,-98.2449366444328,-98.42087920656296,-99.97008333766068,-101.28892648856691,-97.7815861644364,-96.9639118126247,-99.09410313447682,-98.3320875709083,54,-98.92737484775184,-98.6368126097931,-104.33898855608241,2.3211819636862567,-1.4494313571095132,4.664676241258439
HDOK,PLOK,17472,37,36,-98,8,10,2,29,-105.95831591986781,-98.55538397359263,-96.8925610003436,-100.30927918092047,-99.47297717352222,-100.82132111885763,-98.79705302320114,-99.20950890205903,-99.78953649049174,-98.95813241692217,-99.35350086315995,-99.7711126062988,-97.3421214186255,-97.96328560951203,-98.15153079350148,-100.33217019732135,-99.47328750094877,-99.87825689354986,-98.27237836850534,-99.02028304174524,-96.77547534417921,-98.88393298902717,-99.01902551622152,-98.2139130960764,-99.14829086799205,-98.64601632796723,-98.43912492275774,-99.27854265164738,-95.95811741939438,54,-99.05808398717964,-99.01902551622152,-105.95831591986781,2.8572447448764624,-2.102676942162158,8.96272201311963
HDOK,PLOK,17472,37,36,-98,8,10,2,29,-103.63640432839878,-97.90300250131864,-96.89327831287125,-102.02702500176854,-100.02390567793951,-99.27527971757738,-100.06321946111302,-101.46720680270839,-97.98744754197907,-98.4572337303916,-100.55899951927434,-97.54394001245574,-99.56205290461682,-98.09888772908626,-99.05872559732762,-98.19781575742,-101.01800716843509,-98.39294057323653,-99.16951977185124,-97.99336167707625,-98.09438104687301,-99.12274017486915,-97.67727031429898,-100.1937397216695,-99.83504641019927,-97.24826427088232,-98.17029251373359,-96.98177442423629,-97.78564795527578,54,-99.04956588340977,-98.4572337303916,-103.63640432839878,2.472811028134144,-1.0487895081784633,1.027017549253284
HDOK,PLOK,17472,37,36,-98,8,10,2,29,-106.70663530447135,-97.77944569769586,-97.74295851559089,-99.83627761482745,-100.03747591158739,-98.35098285024065,-98.97851720846013,-98.5882400390242,-97.68973856364296,-99.23430582871096,-100.05569252948038,-99.41820616164921,-99.57612472199229,-99.32700132867932,-97.05624689018548,-98.60768000593157,-97.74034455000141,-98.4508777141808,-99.8653988329929,-98.2404349577089,-99.65101641708776,-98.20616200728476,-97.7522546363804,-97.62283470842019,-98.51064007819012,-100.2512046083722,-98.58355565081125,-97.18521813151533,-99.35792613724013,54,-98.97942750352952,-98.5882400390242,-106.70663530447135,2.9438050818144186,-3.1809803730660122,13.848663568823552
HDOK,PLOK,17472,37,36,-98,8,10,2,29,-104.00648802319817,-99.61423745083927,-99.20975478901124,-99.35006209032673,-101.80119541701387,-101.0792526509913,-99.84327368637274,-97.89506660811759,-100.2013217253588,-99.34842133742693,-99.23886280947593,-100.31146617304388,-98.63418905212025,-97.26218939732414,-98.5075107278318,-100.03430302724027,-97.17987819701987,-98.33886763084116,-98.88785376086722,-96.82549037220764,-99.65837440206596,-99.92144828491577,-99.8133801926287,-97.89597244504336,-96.67210313494259,-99.14479705543165,-99.31901771731896,-99.47899794811329,-98.37277731168108,54,-99.23608804892314,-99.31901771731896,-104.00648802319817,2.1972663687559644,-0.9067917909992623,2.5804634829777826
HDOK,PLOK,17472,37,36,-98,8,10,2,29,-104.6455427186407,-97.2807679134282,-100.03872529653243,-98.61483681648228,-100.35538144901777,-99.41174035799996,-99.77936087511773,-97.22529410124463,-99.98075880854384,-98.09580846669762,-100.56984349869022,-99.46295789261545,-98.28773192506253,-98.0807317683546,-97.97453485971673,-97.91540095585334,-99.73131421209679,-99.74712233508646,-98.56154739662226,-99.70025171681023,-98.25717020483475,-98.13292938577828,-98.24302655966441,-97.30460402294882,-96.8489899204552,-99.79052377882788,-98.16648794403922,-98.80651129005378,-99.49747709797005,54,-98.98301288169604,-98.61483681648228,-104.6455427186407,2.158860181526636,-1.8587331768777995,6.336642934890074
HDOK,PLOK,17472,37,36,-98,8,10,2,29,-105.90725367469742,-97.3742244863526,-99.23810385004819,-101.16034854498602,-99.33137960434155,-99.75794889844224,-100.02497137180747,-99.98319874137736,-95.91919431485968,-99.22328171635384,-102.09830565712244,-97.84685903966127,-99.46164440294399,-98.90339458270286,-99.19396774760374,-99.77551254464088,-97.64744725200171,-99.83244129720552,-98.19618318815627,-99.57162561576055,-98.01140872889528,-99.27026385427361,-98.48466798492981,-99.22855995300574,-99.3315202470673,-96.67756254459074,-99.4301735957676,-100.42420981025087,-99.16866304047136,54,-99.3267005617351,-99.27026385427361,-105.90725367469742,3.056007216607297,-1.61246422955756,6.210576890511685
HDOK,PLOK,17472,37,36,-98,8,10,2,29,-104.06102733197608,-96.41889488689525,-99.14411849859589,-101.14255723551531,-100.67951763646055,-100.76125036395815,-100.82796682847449,-99.03965481046912,-100.05620869773439,-98.43587520957298,-99.02198900038802,-99.05820080160166,-98.22254833357705,-97.96870110574858,-99.73354639464769,-98.05678548529204,-100.12273821564342,-98.63971154289489,-98.36655503487128,-99.34785018500416,-99.08275523848891,-98.99628747978824,-99.09253087582852,-99.61499348106783,-99.18938987416452,-99.29525342171789,-97.71459151524226,-96.73750629971622,-97.8279591349442,54,-99.19506775587172,-99.08275523848891,-104.06102733197608,2.0743897868917482,-1.0751020977788017,3.4030623899170993
HDOK,PLOK,17472,37,36,-98,8,10,2,29,-103.6389786040035,-98.72767120823713,-98.34490819763633,-99.625441921405,-101.0343624000178,-99.16813299090762,-99.68521553654315,-99.84103148996849,-98.26446657698722,-97.4122513769266,-99.00839997038844,-99.26243202425623,-98.82222390395444,-98.69976671349808,-99.52668183348413,-96.51699253973362,-97.53373455201718,-100.17377188239158,-100.61057883026422,-97.75197537248924,-99.2763861773649,-99.31157695462412,-100.13013034303837,-98.55093352499598,-97.48505832131171,-97.45879186236037,-98.65660695015093,-100.05247317157698,-98.46739322138295,54,-99.07028856730741,-99.00839997038844,-103.6389786040035,1.8214357485048425,-1.1004080054304823,3.280827978955846
HDOK,PLOK,17472,37,36,-98,8,10,2,29,-106.38283520993642,-98.5718951554225,-99.89734093679205,-98.60572065620393,-100.34147105392665,-98.84768844254933,-99.38877510969881,-99.49665951674054,-98.52033078047867,-98.01103034835342,-98.33986524437002,-100.25788402308504,-97.71459883748922,-99.81702125445378,-97.14400583393275,-98.90950011263902,-98.84508556407219,-100.70381561271074,-98.32159082741217,-100.24328165789585,-97.23565212737563,-99.32777318083832,-96.73463435023132,-98.23858580391509,-97.9520301690452,-98.84898886841346,-97.43020837312001,-98.13055859801251,-98.20129948623061,54,-98.98138369432228,-98.60572065620393,-106.38283520993642,2.9553000759778123,-2.7640560803603855,11.19071442905521
HDOK,PLOK,17472,37,36,-98,8,10,2,29,-104.1282960288511,-97.69618634849593,-100.26031049766398,-99.54134746198712,-100.25266857097716,-101.07911153479138,-99.3343615717102,-98.86008960982547,-98.60552187090573,-97.58991278173555,-97.8453053009937,-98.14480528514022,-97.6921824905635,-96.55004834533895,-99.37041416261205,-98.68366282708654,-100.33242114923125,-98.0916026769575,-98.3465203217101,-99.23075304433624,-98.1705810679183,-98.07021382380269,-99.51061534087458,-98.24407733909682,-98.16154196815361,-99.68130902832154,-99.21971505400062,-99.32226278109067,-98.59409269818876,54,-98.98654934421936,-98.68366282708654,-104.1282960288511,1.8967877146394323,-1.747661044326717,5.556742630812929
HDOK,PLOK,17472,37,36,-98,8,10,2,29,-106.45326968610952,-97.50338267072925,-96.86404598143878,-98.5913249342295,-102.20262035671891,-101.02413494511215,-98.1430973323037,-98.78127329213744,-97.60089743243886,-97.91907536121644,-101.06373610011372,-100.69419580452197,-99.7411186354962,-98.52471899416442,-98.82626107040417,-97.85141456507444,-97.83903808645505,-98.38836003578132,-99.16506248380453,-100.66626811083601,-99.59218813762575,-99.7558958318645,-99.80868825415496,-98.82278638644712,-98.80135224098268,-97.37122218467375,-99.22276660979423,-97.94976471174682,-98.09966111945555,54,-99.21612487433904,-98.80135224098268,-106.45326968610952,3.4300103871335135,-2.193101501852033,6.920499043542073
HDOK,PLOK,17472,37,36,-98,8,10,2,29,-105.14093963972839,-99.20215557502677,-97.38515965485253,-98.54724105169593,-101.66762720550227,-99.0686216119466,-100.24623181798978,-98.81214843997833,-99.25706761852844,-97.13853385329688,-100.14784519922729,-98.51529835059385,-97.40515202333086,-99.93165232950173,-98.79388370115342,-98.25667685705733,-97.72520803943189,-97.74499843051258,-98.18145517244545,-99.86831552463093,-99.74682580375173,-98.39999898208494,-97.53290606343937,-98.59004294761495,-97.89051336622975,-100.34159695231047,-97.95978247668134,-99.1960663178424,-97.96179090643669,54,-98.9881288245801,-98.59004294761495,-105.14093963972839,2.4638484515132015,-2.200889670569614,7.067549517942107
HDOK,PLOK,17472,37,36,-98,8,10,2,29,-105.76522961936251,-97.06746153769797,-98.18133419611247,-97.51676062095164,-99.10430933432316,-100.34421109564634,-101.84346025610286,-96.9631897267643,-99.15707485991427,-98.70797781532914,-101.37449770039734,-97.74714996336166,-96.74822741899018,-98.34020576354273,-99.45384424329457,-96.73204205802321,-98.15304624420284,-97.58954214760249,-99.23104669536431,-99.14613011722142,-98.71216429024659,-98.06511957225213,-100.1230725237552,-99.69338725135265,-96.62086541072816,-98.41388001202391,-98.45430472357363,-99.9249634894925,-100.24013131895713,54,-98.94533206919267,-98.70797781532914,-105.76522961936251,3.402997811057051,-1.7755114658267865,5.179841609339791
HDOK,PLOK,17472,37,36,-98,8,10,2,29,-104.11098037649144,-97.31470360301763,-98.34054213512847,-98.34542823301942,-101.01160749188294,-96.58852730077265,-99.69436325449009,-98.10861598508313,-96.69374214532536,-97.41657914879262,-100.6445613378875,-97.54523611649876,-96.37877842714313,-98.68141729847059,-97.64266898812792,-97.89333612853787,-99.06208410007517,-99.93985477818248,-98.11036560076761,-98.36724622310605,-98.96453067869872,-98.5979603875267,-99.59857259088393,-101.53800271940861,-98.44658468413914,-98.9780984999371,-98.28700527097341,-99.33328433291598,-98.49736315589446,54,-98.763173827351,-98.44658468413914,-104.11098037649144,2.491187913632311,-1.412371373943029,3.3256856704151363
HDOK,PLOK,17472,38,37,-95,9,10,2,29,-104.031934695916,-93.67596531574605,-92.76708351625228,-94.14355282143411,-95.35407852874519,-95.29506911104993,-95.1769589789382,-92.9503599924551,-96.03637340261936,-94.87660779057688,-96.33285854762461,-94.90909795982192,-95.54075427007115,-94.15994136808494,-95.02924576660523,-96.29727035017224,-95.95105066965226,-97.03407634710229,-95.96853503300399,-96.38382939768641,-96.79818059619119,-96.63796618842872,-94.84351747470974,-96.08259226721037,-96.27253297381236,-96.66416060100529,-97.85599212459434,-96.68155863946679,-97.02644835046986,54,-95.88888251998091,-95.96853503300399,-104.031934695916,3.814596050566523,-2.302610982883273,9.787310131556389
HDOK,PLOK,17472,38,37,-95,9,10,2,29,-103.37753455632823,-91.98764174657924,-93.15337294050995,-96.12555260418412,-96.5014015897421,-93.7352079057126,-96.04579972270241,-93.45047164100981,-95.39791306223839,-95.0289340058941,-94.75655351702108,-94.48263650446808,-96.3557819334904,-95.6417322873219,-95.48929596971253,-96.8937478902438,-94.25185137746041,-97.96787109340885,-94.74845799546983,-97.41516468377147,-95.10468539219804,-97.67866759403262,-95.52198953801619,-96.86662209311879,-95.0028020293672,-96.1285941735085,-96.5742326197043,-96.27815587810387,-94.69875949538937,54,-95.74694592554164,-95.52198953801619,-103.37753455632823,3.9085651261838983,-1.747736543928184,6.754351869311831
HDOK,PLOK,17472,38,37,-95,9,10,2,29,-102.68449345957276,-93.57835410449552,-93.28729398807106,-95.15987479871002,-95.98341250973063,-97.17662470717629,-96.98616236434,-95.22915671306171,-95.5155641617568,-97.29887666832637,-96.48002421274408,-94.94965237362003,-95.74147141627074,-95.99601445983598,-93.91308098019576,-95.64429892854484,-94.2908554557885,-95.48984064039884,-96.90746812553215,-98.27655480126185,-96.22129412097902,-96.20058549503571,-97.30754573711607,-95.3265483631508,-95.37585175493486,-94.68482017447515,-97.60540202904983,-95.1854253721543,-95.45756184686778,54,-95.9984175780413,-95.64429892854484,-102.68449345957276,2.9814203793322744,-1.8990520353229148,6.691078468131467
HDOK,PLOK,17472,38,37,-95,9,10,2,29,-102.36328717725405,-91.15806809263161,-93.29702687650584,-92.39967662222848,-95.79987014852544,-95.03095126390036,-95.90964122201937,-96.90514467646841,-95.67980119256745,-96.06749074313686,-96.14861461683074,-94.18576947483831,-95.84501564549055,-94.72841713952596,-93.25977614083752,-94.21805510143034,-95.92705750686024,-95.95847575367716,-97.68962544749624,-96.38712681180814,-94.66511707867616,-96.44075930140622,-97.7509886726794,-94.40684632565744,-95.49163147311711,-95.1265792052152,-94.6666022295296,-94.43410613678306,-97.8814499761459,54,-95.51113696735321,-95.67980119256745,-102.36328717725405,3.9382382781514766,-1.01375241776261,4.10373900664043
HDOK,PLOK,17472,38,37,-95,9,10,2,29,-102.01693885901466,-93.01870189452646,-91.47557071837409,-94.91445999374689,-95.75795582289496,-95.44443903783974,-94.41165430926158,-95.63556477881176,-93.37129431094861,-94.1672964445432,-93.41465825976243,-96.57995885557168,-94.59266317994638,-96.24066878930823,-96.70854047187179,-96.67992129254904,-94.83498599670122,-97.77415524868809,-95.95713696184723,-97.84800934342323,-94.3271607463205,-97.63377186132594,-97.02570836660607,-96.67458606623147,-96.53850758453386,-96.17079435767701,-93.88493407040747,-95.10111979838373,-94.82723768411024,54,-95.621668796732,-95.63556477881176,-102.01693885901466,3.7164567613712647,-0.8804170736333078,3.091156323188652
HDOK,PLOK,17472,38,37,-95,9,10,2,29,-104.26166805195051,-92.44155841435362,-94.01595601491198,-93.19622863724797,-96.20473536093712,-95.68560231727967,-96.14902528518111,-94.74437473936162,-95.36254207086344,-95.19820776420994,-94.58111242454922,-95.52805854361556,-96.04529899026808,-95.88748554663634,-94.69247868920641,-95.3685050058358,-95.97040101035255,-96.548257192766,-95.74594353308571,-98.18783929699003,-94.67902423927362,-95.60239339298164,-95.31678592226334,-96.47486316216164,-96.95013530387324,-95.31385807974999,-93.73896639904035,-96.79044248086728,-95.1207457838655,54,-95.71732736736823,-95.52805854361556,-104.26166805195051,3.9026754681171343,-2.7105602920522163,11.70112488480551
HDOK,PLOK,17472,38,37,-95,9,10,2,29,-101.84680532557974,-91.1240554306075,-95.47008928152496,-94.82244985148591,-94.22675178763173,-95.57203222168593,-95.79748869283141,-95.49311680487482,-94.18297176036177,-94.6153289805235,-96.294731960534,-94.33259254273007,-93.66094481424152,-94.02033410074493,-95.00786205790325,-95.23051274323124,-95.09736894529108,-96.92639341584734,-97.22571650813705,-95.6790574730944,-97.35652068874263,-94.12185277989298,-95.62113157411356,-96.43689014286022,-95.61530594541603,-97.51126176688464,-96.12046840813484,-96.81459105940941,-96.22611373855173,54,-95.60174968285752,-95.57203222168593,-101.84680532557974,3.0981919225505963,-1.0144816452842629,5.229373598663813
HDOK,PLOK,17472,38,37,-95,9,10,2,29,-103.01792140708996,-92.83411152945554,-95.27339594316891,-94.91594314787878,-95.36041766733626,-95.93662102530533,-97.36254049787593,-94.3837258550836,-96.03681388805826,-94.28817299383634,-93.07935371514644,-95.1883462639595,-93.887718531859,-94.64519959030929,-95.43780487075298,-94.40094158313289,-97.18499473699875,-95.79330404880258,-97.7144910179403,-94.95773036149856,-95.1469076224245,-94.23070672697911,-96.68699280006744,-95.37263753507999,-96.20924806333457,-98.11058034389013,-96.02594315635599,-96.00532148863122,-95.12672388383696,54,-95.67636587227891,-95.36041766733626,-103.01792140708996,3.433473789686899,-2.1138502977028866,7.529024727972283
HDOK,PLOK,17472,38,37,-95,9,10,2,29,-103.89957960753561,-93.12522978179737,-94.9220950326467,-95.60231778319283,-95.74423992099554,-95.78763299756082,-95.82870537148857,-94.8865728008744,-92.51271043411428,-95.11574757273372,-96.69125084931233,-94.31098818860279,-94.49005066406643,-93.63580395922452,-94.26305438786011,-95.90626144183292,-95.15454527951815,-98.02944620719707,-94.49347866693032,-97.83627766638453,-96.37250757022575,-93.14221569072781,-95.79161751221713,-95.2658337477073,-96.32847195276628,-95.8821445997233,-96.0587572231255,-94.65073109048234,-96.93345376016086,54,-95.60902488831051,-95.60231778319283,-103.89957960753561,4.078733848685172,-2.3092316632808045,9.00404934289383
HDOK,PLOK,17472,38,37,-95,9,10,2,29,-102.73947300765344,-94.4959207953989,-92.87625961998562,-94.51824322563094,-95.72537162750079,-95.1899522371511,-95.29057277172463,-96.87854496965888,-95.53427335473016,-96.65857415549156,-95.15441823154647,-94.83845551636465,-97.34090784279631,-95.10094940078723,-96.08556265802198,-95.7083607246817,-93.01140096664672,-95.56379107647398,-95.18817985933482,-96.87080900321405,-95.29311324138416,-97.11666317414497,-94.07238758553063,-96.67686300395366,-97.71994466499108,-96.0417454357499,-96.4738114807254,-95.07661914262732,-98.06947927800375,54,-95.90726372592775,-95.56379107647398,-102.73947300765344,3.1581585159052854,-1.7814065818103975,6.5682809321246225
HDOK,PLOK,17472,38,37,-95,9,10,2,29,-103.16567643378565,-93.35327712198789,-93.60816848327534,-94.17896824709314,-96.34745660890026,-95.64137380899172,-94.89033746456528,-95.69691188942745,-94.82326169071403,-95.35935704370168,-95.57044958701684,-95.59774918617038,-95.34526579340432,-97.07261727288288,-94.57971278800215,-94.12759330297621,-96.73412137677884,-96.49598631421571,-96.70823784489413,-96.5442039554384,-96.61040737924093,-94.68480894699044,-95.83815477591139,-93.84262416362259,-96.2059575390744,-96.67033341084759,-96.78951649996257,-96.03122718439307,-95.47303373367016,54,-95.79264792579089,-95.64137380899172,-103.16567643378565,2.9902687496474867,-2.5446713261610254,10.744456543519041
HDOK,PLOK,17472,38,37,-95,9,10,2,29,-104.02732035444929,-90.89508656503642,-93.88552942658801,-94.78475061364935,-97.09603262468237,-94.93046388997827,-97.42197030175302,-95.80237424120337,-96.03776458193812,-93.20311864071213,-96.84884865561231,-96.45524493453497,-94.61134460270694,-95.89926457708799,-94.01974407380318,-95.59620831642751,-96.91758808021348,-96.06963659333891,-95.95016315845467,-96.72048281124134,-98.45881873253155,-94.2112266929432,-94.88129668645972,-96.99790295505517,-96.29300278973213,-96.5843138836798,-96.40782189325432,-98.22126055800021,-97.07770475001192,54,-96.07952710293375,-96.06963659333891,-104.02732035444929,4.654953304992656,-1.2118229935660423,5.9914540423855716
HDOK,PLOK,17472,38,37,-95,9,10,2,29,-101.78675125870704,-94.00723432133694,-92.60916898850489,-94.30424653758655,-96.52538474540282,-95.5787271564051,-95.77234922697427,-96.65350993650576,-97.28646488861835,-96.0579308695109,-97.2355202186592,-97.02572911278118,-95.05328550085267,-95.77712909448245,-94.00392318199452,-95.62791928624664,-95.37119927071565,-97.10623247258663,-95.94649204914022,-95.53278477623232,-94.88406958914078,-95.67094865013256,-97.03659275144129,-96.67764499840862,-97.2855982343661,-94.78053683948157,-95.18731664271176,-97.23746854352767,-96.48462497175889,54,-96.01747531428322,-95.77712909448245,-101.78675125870704,2.494973874858437,-1.270327599919033,5.289170651325579
HDOK,PLOK,17472,38,37,-95,9,10,2,29,-103.01303519451989,-91.83599792651984,-94.46476618654394,-94.15018240448161,-96.31262071115519,-94.99438290000502,-96.78208030186457,-93.78371276904402,-96.24398692772552,-94.31111562311169,-94.89694734883332,-93.34528591581362,-95.0317637347272,-95.26553538444603,-94.67525080353798,-94.93808715711991,-94.29967025689426,-94.51183607458266,-94.86873092851707,-96.54024212108061,-96.67455288090054,-96.60190985235215,-96.04523734400368,-95.39054162697191,-95.02804403939652,-96.61916462215025,-95.80355723762388,-98.98908496914727,-94.8211727395352,54,-95.52546537871049,-95.02804403939652,-103.01303519451989,3.706804968463057,-2.0040891915574663,7.234023840497853
HDOK,PLOK,17472,38,37,-95,9,10,2,29,-102.577523637354,-93.13249906359859,-94.43615192264204,-94.06511451216186,-95.8357741997848,-95.48371017832687,-94.21690765675653,-94.39587517763162,-96.23611348600177,-94.89832202671056,-97.11924638427459,-92.20515813917137,-95.93460440862003,-94.74084583371962,-95.65918262108717,-97.12996193312223,-95.13798837068138,-95.84123351992503,-96.57415618219821,-94.65672982076082,-95.39988959211614,-95.30238622635939,-97.9914451558354,-97.63073438492766,-97.19247461869172,-95.89553447464955,-96.56504929005793,-96.01011717287162,-97.26705237433144,54,-95.84592352980587,-95.8357741997848,-102.577523637354,3.3334880044805817,-1.4489519301754687,5.405612606959053
HDOK,PLOK,17472,38,37,-95,9,10,2,29,-103.42864378757426,-92.59449816467492,-94.5570422139555,-94.41463923473579,-96.97965046794221,-95.28007220806407,-94.16864195936962,-96.24558094640432,-95.01730788621656,-96.44798769657147,-95.53188562120907,-95.92030754948418,-92.67200765964094,-95.56111582525573,-95.34361597323317,-96.0033506702894,-95.21132203640973,-96.71282992327897,-96.2536263305854,-95.65245002364072,-96.28066283863781,-96.53414126681977,-96.07778673352858,-96.85059250108682,-94.16877304193682,-95.1096377711991,-97.42636152462593,-95.70545710428289,-94.08258473771127,54,-95.73215771373674,-95.65245002364072,-103.42864378757426,3.435623183017539,-2.228501775277079,9.696947505165967
HDOK,PLOK,17472,38,37,-95,9,10,2,29,-103.28760543416267,-92.22800967504212,-94.34019657690284,-94.43882865579968,-94.47896520846176,-95.44643027422964,-96.68769036706071,-94.19421296049475,-96.12007038710355,-95.75120208116897,-96.39232994290342,-94.99586800870229,-95.53872338660227,-95.66234522979819,-94.26165827279277,-94.67219601633056,-96.39395493314402,-96.30659834284535,-94.1805286607385,-96.23764320491108,-96.34892965481782,-95.7817687434092,-96.03950546726479,-95.67955882577043,-96.88290187860892,-94.62484298187806,-94.63821028780205,-94.31271802036544,-97.0681929543097,54,-95.6204029804628,-95.66234522979819,-103.28760543416267,3.2226666409778972,-2.523273142520503,11.039201339667484
HDOK,PLOK,17472,38,37,-95,9,10,2,29,-102.92261700088896,-92.71875587757003,-93.4211279905705,-93.8170099841965,-93.62347575989246,-95.97981029980892,-94.17670037103282,-94.221412268195,-95.63974518590545,-94.221960843366,-94.69999654017913,-94.94419056132898,-95.71715993821431,-93.71293935058918,-96.16126035397019,-95.78001388809832,-95.45481075450701,-96.15415603117968,-97.848046804699,-94.70486736030523,-96.33389555037381,-96.03395793096696,-96.63923793078916,-95.96031631544702,-96.06903149475782,-96.3931996395006,-95.67609365563636,-96.53725101343086,-96.20335261689877,54,-95.57815149352754,-95.71715993821431,-102.92261700088896,3.2790451197606423,-2.1434309830595284,8.455262578212851
HDOK,PLOK,17472,38,37,-95,9,10,2,29,-102.96338831081336,-93.29070990495826,-93.71375517694536,-94.24159098342481,-96.45582606931455,-95.99289922559561,-95.8382536608786,-96.73759736452327,-94.96120868995176,-95.06137731904083,-94.95494623758138,-93.664995713628,-95.62425219081105,-93.46156722006627,-95.2543363515295,-95.74227318512749,-98.7084230847564,-96.71881333607938,-96.95616794956972,-94.35996841654341,-96.63456283797757,-96.5125936713981,-95.23872210172931,-96.93928179433884,-93.12148836556592,-94.31141337134724,-97.03038731606063,-95.69482233967302,-96.20707156300797,54,-95.73767909490472,-95.69482233967302,-102.96338831081336,3.6055333826723763,-1.8121267717894656,6.085152987266554
HDOK,PLOK,17472,38,37,-95,9,10,2,29,-101.27274416747919,-93.70450791253913,-94.0822081274308,-94.38535922741431,-95.8054085997898,-95.35873138836823,-95.9142762662366,-95.74341039571935,-94.07540120014971,-96.42855891521869,-94.13221552243037,-96.4579152416838,-95.61712204371243,-96.05495844407424,-95.42011971732566,-96.39868163180888,-96.5871674880898,-97.46073337708745,-98.18280663970431,-96.28313572062888,-96.8885634700672,-95.73531036542339,-95.61462285811129,-95.64993637830636,-94.95040528939646,-97.61597749766229,-95.63735661441959,-95.17952672999029,-96.14749370378787,54,-95.95809154945023,-95.74341039571935,-101.27274416747919,2.105233803520681,-1.5936101507764024,5.08116785627073
HDOK,PLOK,17472,39,38,-96,8,10,2,29,-99.29809788548903,-95.02861805960494,-95.00402788910328,-97.759177203372,-96.39177893644087,-96.33238692383685,-94.99755551628355,-94.7641200202831,-96.01812680578774,-94.8175926862585,-96.44765350195404,-96.10295038976739,-94.48890440807835,-96.75631642295104,-96.33209075832171,-95.98227289914068,-96.79955717634331,-95.48386379188454,-97.08861136815821,-97.96581363308789,-97.01034710444753,-97.91550923658998,-97.5524027184158,-95.9753963886794,-96.39845206617152,-94.57543552006143,-96.34723546694597,-96.6364873160687,-96.69486519557285,54,-96.3091602513483,-96.34723546694597,-99.29809788548903,1.267585159048489,-0.40776932016738743,0.27715204091195256
HDOK,PLOK,17472,39,38,-96,8,10,2,29,-101.42946252660484,-96.66122704663297,-96.00590424745504,-95.42927769523827,-98.72610062340806,-96.82998576829355,-96.12439801601327,-96.61367997658576,-96.35838216043683,-96.98996948390399,-96.68041479635072,-96.52501043310178,-97.02363762872811,-96.81133429209142,-97.83879935986135,-96.59807540298401,-95.24097255943745,-96.95793108707407,-96.03406781976186,-96.4034627598207,-96.0251956212161,-95.4622032845871,-98.54796012432327,-97.29426012238773,-96.84113658890527,-96.12866392406153,-98.23938928539883,-94.98377173610791,-96.78949643624301,54,-96.81359209679361,-96.66122704663297,-101.42946252660484,1.529667768380951,-1.8693197954507679,5.602724272969878
HDOK,PLOK,17472,39,38,-96,8,10,2,29,-100.41585689040559,-95.31098137398281,-94.77664091426811,-96.63017417448395,-95.66340167880239,-94.7466747181412,-96.98786167726136,-94.20415894906006,-97.46115660032966,-94.26910921562133,-96.31422239110093,-95.51242922162936,-95.87566579487988,-95.74607761694277,-96.21340112912765,-97.33810123386242,-96.96424390792232,-98.8384102264857,-96.59846801947269,-97.10303764368395,-96.54067246028278,-97.63434785162178,-96.50883399913833,-95.8925176295032,-98.07704321527417,-96.63594411189888,-96.99952518914387,-99.12057798237167,-97.87376012054015,54,-96.62942399783584,-96.59846801947269,-100.41585689040559,1.9451483340010238,-0.5501822836225609,0.7195698681340388
HDOK,PLOK,17472,39,38,-96,8,10,2,29,-100.50493609005578,-96.7139805545125,-96.69267956086328,-96.05016234586556,-97.22655796941623,-97.59860119347476,-98.03706150791689,-95.12850537505055,-97.6495467478239,-96.70004573153842,-95.90206973204899,-98.08575649877586,-96.71129537798203,-96.54912142042066,-96.62322690066983,-96.13908704233603,-96.2780529263184,-98.45476572011027,-98.58345983619162,-98.19669395821609,-97.86411331493049,-97.5831049272112,-97.01053141081483,-95.68001944881948,-96.21647260981347,-98.70519595369466,-95.4361529895686,-95.69827945030478,-97.66910218602628,54,-97.09270961313008,-96.7139805545125,-100.50493609005578,1.3683762995917632,-0.7035923963689981,0.8385950044015469
HDOK,PLOK,17472,39,38,-96,8,10,2,29,-100.07577438875694,-95.44912601893341,-95.68716806608023,-95.75366873946103,-96.46302628478614,-97.18253941967511,-97.23056235545276,-97.12496281860126,-95.24287635603561,-94.55101992143122,-95.58492015414404,-95.96379059973353,-95.6066225217949,-97.7623833362212,-96.90108213732152,-97.23218932458659,-97.54465865388724,-99.31107048144457,-99.09014674809517,-97.36355834487127,-98.09429037695811,-96.75557468498657,-98.23880865205957,-97.24361669327591,-96.88981732011736,-98.00463338542332,-96.67496140249342,-96.55921360114172,-96.20721399147114,54,-96.9582509234221,-96.90108213732152,-100.07577438875694,1.5575734666334649,-0.48066994816486824,0.2606974624439604
HDOK,PLOK,17472,39,38,-96,8,10,2,29,-98.72267893863824,-95.55768812929055,-97.8092446520631,-96.4485345402495,-95.47591052864948,-96.48736021629489,-96.44753949993226,-97.33803069264822,-95.84952310943413,-96.74155989849594,-96.36599720205244,-95.65352643581598,-97.34118750764975,-96.05399833891671,-95.19376538513944,-95.35306943461786,-96.94647020642886,-95.56241565662529,-98.37475159760675,-98.36594646188613,-97.83505533422156,-98.39427137134767,-94.08319177662396,-97.19926770691286,-96.37844377377489,-93.82331562715407,-96.69442746907123,-96.74095168289725,-95.59981774909399,54,-96.51165313529424,-96.4485345402495,-98.72267893863824,1.4586288636322058,0.1200659387110989,-0.17899592573249157
HDOK,PLOK,17472,39,38,-96,8,10,2,29,-102.14457102742054,-93.85195535673779,-96.45401373604743,-95.5455982402753,-97.15717194595125,-96.61490255355704,-97.08239799104695,-97.85349356023566,-96.49649839113046,-95.49967523544152,-95.69004733947958,-96.15974657755704,-95.55719561152428,-96.5462437591325,-95.55553507526918,-96.04321700915109,-96.80228617785464,-96.84646264279228,-97.66179565139997,-96.63398157401166,-95.60631579930029,-96.87913101216323,-96.19549950435591,-96.5906182518209,-96.72006094613317,-97.55324882415596,-96.67569780751003,-97.13515012306733,-96.02877937096851,54,-96.60625141708593,-96.5906182518209,-102.14457102742054,1.7336500274298727,-2.3316605368405727,10.518862731371708
HDOK,PLOK,17472,39,38,-96,8,10,2,29,-99.71947351044284,-95.2542034648679,-93.36551920521951,-95.9186209977503,-96.73836827024269,-98.7505153693094,-97.46356232228972,-96.48810200319511,-96.78205088981505,-96.7842178677201,-96.48153001292498,-96.82627013201422,-94.9000182397854,-96.24242199627453,-97.51171745732596,-97.0300758973418,-97.09367343554213,-97.40147943590767,-96.41400500204755,-96.93578556735505,-96.79087463079748,-96.05970156482188,-96.83105189542492,-96.70796237494952,-95.9300658740652,-95.48589318013445,-95.57813358513832,-97.87620522864371,-96.39243096506395,54,-96.61220449573833,-96.73836827024269,-99.71947351044284,1.3057035507292334,0.031289225092227514,2.573676440942719
HDOK,PLOK,17472,39,38,-96,8,10,2,29,-99.43999629267228,-95.43510582686366,-94.67727866565158,-95.07717491313245,-96.96213981280323,-95.63726816832418,-96.94858748436515,-95.0709886700483,-96.79621224146621,-95.26871769705801,-94.44206515187037,-97.20146840186136,-96.66507712405291,-96.0144698084744,-96.1835768251414,-96.34566165125287,-95.02816651360236,-97.59176345892585,-96.08991511186075,-95.553043610097,-96.19401813889287,-97.58336677866538,-96.15592653125671,-98.35404254692011,-95.84646546992985,-97.06108202296768,-95.87653997730393,-95.51379301579192,-96.38874261886626,54,-96.25526394931447,-96.15592653125671,-99.43999629267228,1.1954595231926992,-0.859908265743211,1.1451245800445977
HDOK,PLOK,17472,39,38,-96,8,10,2,29,-99.97353882058464,-94.37845752750256,-95.92562418557495,-95.8558478409096,-96.84936992552596,-97.80333662500263,-97.07706211590278,-95.58954380988155,-96.06852686080799,-95.15361314502871,-96.43318711008978,-96.08530788814119,-94.50582406911963,-97.56361757203207,-96.96721272307346,-96.02977467718102,-96.5087758856783,-96.37575179798532,-97.48254814673875,-97.8637172510007,-98.36866738909511,-96.24448561575757,-96.19397540997755,-93.9073916048376,-96.39903266626915,-95.81474195040396,-97.53944580594069,-96.65068645929344,-96.21237475185785,54,-96.47660136659293,-96.37575179798532,-99.97353882058464,1.4786070146571464,-0.4170290846421081,1.4681064226866725
HDOK,PLOK,17472,39,38,-96,8,10,2,29,-101.9378064468321,-95.67205963096788,-96.0167793450823,-94.7346069129828,-98.22779360169432,-98.44879534762437,-96.01812194370844,-97.01941696541608,-97.26579908201231,-94.72789315287669,-96.14085060674849,-96.71428132661244,-95.1900328656177,-96.77355549486984,-95.52966435550792,-97.19318571080233,-97.80151575048878,-96.70912808829537,-94.7167488961347,-97.11860082002778,-97.18718519758391,-97.13039635579999,-98.41353712681192,-95.2670314153075,-96.76039383397186,-98.11493896462201,-97.5373874195884,-96.7775040093976,-96.6700009183663,54,-96.82120729606041,-96.77355549486984,-101.9378064468321,2.0766443551846385,-1.3146801441494809,4.142022683274192
HDOK,PLOK,17472,39,38,-96,8,10,2,29,-100.91580381390818,-96.00369515395366,-95.68793985644862,-95.331589639791,-98.5571665205972,-97.50858516798306,-97.25892561033824,-98.31889946068586,-95.52144017724848,-96.15211854486397,-96.92626737308731,-97.60760288502034,-96.78455544272926,-97.31009794617569,-97.03521474575602,-97.13628409806957,-97.1342534824426,-98.41319482940654,-97.96924932219795,-97.95998161418089,-96.83571545092992,-95.86613569821152,-95.09843033645521,-97.31288252707694,-97.43675979365834,-96.59681385814694,-97.3615153415813,-96.31795525298612,-98.79415627676467,54,-97.14321483519639,-97.13628409806957,-100.91580381390818,1.4220446531487734,-0.8328227107888958,2.0573611713802946
HDOK,PLOK,17472,39,38,-96,8,10,2,29,-102.18556207802541,-94.67391435022738,-95.75409867802593,-96.9320317507864,-97.64349227715975,-95.71295024698306,-96.21961950764646,-97.11072616283852,-96.84271736336886,-96.95204948618415,-97.28365111952354,-96.46272254165768,-97.15385553838638,-94.79802652015542,-95.72083619193138,-96.09180648573262,-97.13294851327606,-99.89740346691192,-97.28001664576303,-96.44757438271847,-97.31979634870386,-95.62627361707379,-99.44395186139329,-96.46486206914187,-93.72935100074947,-97.16458733981099,-96.78845009966007,-96.18866322527806,-96.51169411739473,54,-96.81150458574166,-96.78845009966007,-102.18556207802541,2.48135285719613,-1.3988158133325113,4.072938313831431
HDOK,PLOK,17472,39,38,-96,8,10,2,29,-101.77710585734792,-96.29137608870883,-96.16657300176104,-94.72703464526022,-96.84661633253945,-96.28708177138927,-96.640617941642,-96.28347582757334,-96.38345285191431,-98.16416294576835,-96.2538051585557,-96.79229251493975,-96.60926915308384,-97.94777434998629,-96.64749708581229,-96.54329371521165,-96.11075341628236,-98.18327517781577,-96.55665981006713,-96.81364446136513,-97.5441586677665,-97.22704916085775,-97.96082455998047,-97.2558182475003,-95.47757579762012,-96.82237667235849,-96.58041606446979,-97.88360606996835,-95.58489286652991,54,-96.90905104186471,-96.640617941642,-101.77710585734792,1.4794686878220722,-2.1243528581699755,7.990530998156979
HDOK,PLOK,17472,39,38,-96,8,10,2,29,-101.68371100824069,-94.32268682700207,-95.09872950801943,-94.00967010888054,-96.17182904777447,-95.23828327337465,-96.26677538026613,-96.9065922891636,-95.32182973845285,-94.14672216833596,-96.45127297023441,-95.55150414746937,-96.10516075031018,-95.1093140534702,-97.35402930302946,-95.8838609911701,-98.10610119535157,-99.3000908503872,-98.19747439177372,-96.84187385802404,-97.54616718131419,-95.05511813337708,-98.7699543119006,-97.10754355138371,-96.72518755905097,-96.63726020229383,-97.78366828234371,-98.04354935144632,-97.4476050081986,54,-96.66150225662204,-96.63726020229383,-101.68371100824069,2.727133634978532,-0.8096614985330352,1.4652914983646483
HDOK,PLOK,17472,39,38,-96,8,10,2,29,-102.82354973575097,-93.61151219402242,-95.55764837193695,-96.20118626460837,-97.60472273744746,-97.81575650660221,-96.286973356395,-96.98976663108967,-96.46114777805295,-95.99323014928349,-96.96298139303627,-97.04468075052597,-95.4097962141474,-94.86221389296355,-97.46591853291531,-96.80189339839939,-96.90222180913847,-96.38537805025034,-96.7520488197899,-97.91635230299705,-96.45641208878254,-97.39030456673694,-95.96276459995721,-96.784715394817,-97.71347744637804,-97.52546117995014,-96.38730869495731,-94.8028612987338,-98.55757525746546,54,-96.80792618679763,-96.784715394817,-102.82354973575097,2.362720826392038,-1.7339876936899343,7.481581730901388
HDOK,PLOK,17472,39,38,-96,8,10,2,29,-99.8982067989605,-94.30585256880208,-96.1649018534796,-94.70093563056001,-96.13832071429307,-96.57477363238937,-97.90291151198556,-98.2347810937394,-95.62671565376723,-94.95953224131574,-97.74143664154717,-95.2703808773382,-95.98614865973123,-95.19518278501153,-95.01417052988367,-96.53106441574896,-95.49513338528385,-99.39456936387607,-99.1211008172072,-97.97161250943175,-96.3274791772437,-96.42452750851108,-95.75694634351552,-96.47442703617203,-97.74111008929006,-96.49080130451387,-96.92711413266387,-96.1861327089502,-96.83955954249664,54,-96.59985619061067,-96.42452750851108,-99.8982067989605,1.9258255492436949,-0.6822641364871656,0.000152915332332082
HDOK,PLOK,17472,39,38,-96,8,10,2,29,-101.88436761446337,-95.37538287190496,-95.17150521067087,-95.52431407484212,-94.49662931338531,-96.83045508297006,-95.07440757779659,-96.41210981677087,-96.93883151780773,-96.62572824381262,-94.36595802593912,-96.54893464823233,-96.91216581994296,-94.82344265266114,-96.02657706887715,-96.05690275694089,-96.29411417986705,-97.89433246493161,-96.76083242414023,-97.12566001769397,-96.64250827163158,-95.82653742431629,-96.46714300242226,-95.87445454270951,-95.24075707725275,-96.73660965060273,-95.5913752342569,-97.41702526886075,-95.45878662387514,54,-96.28958098205446,-96.29411417986705,-101.88436761446337,1.8524994414949516,-2.3028093712311155,8.967624354787764
HDOK,PLOK,17472,39,38,-96,8,10,2,29,-99.91100084852548,-95.20856766541128,-95.52543561183447,-95.46887179883744,-95.49107407555032,-97.98110008934414,-97.88444168076221,-96.1745886998377,-96.47536162469163,-95.95923442430853,-96.23099890974846,-94.7283797447994,-96.06372650181022,-96.4089115660778,-96.89690145292559,-96.13894180984566,-95.28315221678518,-98.50174616382655,-98.11155733953329,-97.24806965834813,-97.94534339760955,-95.46353202150016,-96.36391845169638,-95.823102484575,-97.46133027657274,-95.2266658538106,-97.97247637683311,-96.71054590016962,-95.95713803533019,54,-96.57296947175519,-96.23099890974846,-99.91100084852548,1.4387313161531017,-0.8368574984096487,0.3598071726066667
HDOK,PLOK,17472,39,38,-96,8,10,2,29,-100.6601415678443,-95.12894203587203,-96.07121004245626,-94.39958858571028,-97.01197725492966,-97.08013323997523,-95.77871168841503,-96.67588779266426,-96.10027848096452,-96.56873379191796,-96.19840989212817,-96.54052212762905,-96.27581203283947,-97.67829637452198,-95.61224749571527,-95.54420906946413,-94.7388112274472,-98.17821687937239,-96.18622367911084,-95.27179811145443,-96.24726330285834,-95.70803127834013,-97.99467491140818,-95.91186645885874,-95.32038888753968,-96.3204836955366,-97.70153436311682,-97.29972535500387,-95.81299818445014,54,-96.41438337267395,-96.19840989212817,-100.6601415678443,1.4790326267187992,-1.4427652948444776,3.797559219429569
HDOK,PLOK,17472,40,39,-96,9,10,2,29,-99.40416242306127,-95.99303164068341,-94.90012054421913,-94.41179429265632,-99.35627858122174,-95.42081268686862,-95.48973009234128,-97.63317164512361,-94.2727986758419,-95.94883011618265,-96.70591610937447,-95.16249380160494,-92.54384697244969,-95.85212033431014,-96.23969174517886,-96.00834047560731,-95.16963748212514,-96.1502336202149,-96.09348292000846,-96.08155453953891,-96.35980106529938,-95.01497353123995,-96.03433336991085,-96.3457029898463,-94.9540609174609,-95.87921261312995,-97.33232474867776,-97.84764613333944,-94.63166921782502,54,-95.97371632018422,-95.99303164068341,-99.40416242306127,1.9364067716488575,-0.5030073701137352,1.637322763097664
HDOK,PLOK,17472,40,39,-96,9,10,2,29,-101.72332352130022,-95.57456876550285,-94.5635764855648,-95.16702434722959,-96.98240787474566,-95.16387146069707,-96.7870328667004,-95.97645559154931,-96.34011076649469,-94.6720293785117,-97.4730174828454,-95.11278450238324,-95.99828934094425,-95.61671171475315,-95.18353540792135,-96.24602433419423,-96.39382975640109,-95.92464778439314,-96.47666538412545,-96.55979430949034,-96.74171413018827,-95.99463391749494,-97.28084794778121,-95.36349211727263,-94.71383436023253,-96.81450977282655,-95.43078894070014,-97.86693218080185,-96.42102526922781,54,-96.22632688663013,-95.99828934094425,-101.72332352130022,1.7863814413363557,-2.3810637314314325,8.931115779097096
HDOK,PLOK,17472,40,39,-96,9,10,2,29,-101.57178641975442,-95.06683343928667,-94.91294264981568,-94.94657854259404,-99.31379685265729,-96.68126465117759,-95.26822332064202,-96.25369681978167,-95.37340986701084,-94.47182727443689,-94.96097412982483,-95.52272653081343,-96.02431104777033,-95.03384668723561,-97.15998279780042,-95.63194651802664,-96.84682541450096,-94.96587118670982,-96.66899894423474,-97.36681668814505,-95.5573858401071,-97.00970833558505,-94.30854670694664,-98.32471552381264,-96.37719403401812,-97.14144342921273,-95.0152074909935,-96.53832173529338,-95.37593112871747,54,-96.19624531058297,-95.63194651802664,-101.57178641975442,2.3538959785689713,-1.7404643416599612,4.045009854204471
HDOK,PLOK,17472,40,39,-96,9,10,2,29,-100.66332899352233,-94.76917996579384,-94.98935848979391,-95.78328676899056,-96.93370679765042,-97.28791470801892,-96.2651545833744,-97.97743972699455,-96.45930595790261,-94.59569955870066,-95.00678482524823,-95.91444490641224,-96.32958574297541,-94.39728482928379,-95.88787680604533,-94.62078674038213,-95.9252508872914,-97.30943659216805,-94.83389832040764,-97.35042230574925,-97.69489702181336,-94.3661913297788,-94.28497017200677,-94.52436719149536,-97.84418410364009,-94.51783624644247,-96.888803009962,-96.24535900855697,-98.29553860701752,54,-96.13663083439378,-95.9252508872914,-100.66332899352233,2.253467531284096,-0.8949471910045769,1.029765441941914
HDOK,PLOK,17472,40,39,-96,9,10,2,29,-101.11770911554834,-95.13224291293285,-95.18718880178454,-96.13743376221726,-97.57814087183827,-97.45299203595327,-95.12746778041083,-96.6908894242003,-94.88755346504097,-96.06232612827154,-95.10172034102708,-95.54171769219957,-96.16000319637486,-93.55552953281324,-95.79893077101653,-94.80422968951908,-96.71991411078675,-96.55451077989876,-97.06842849456702,-95.80424177577132,-96.49973984747996,-94.99890167054143,-96.19994280690895,-95.97538025005673,-95.61191384988797,-95.78490307178448,-95.38695867483676,-95.14435983150659,-96.19610225144281,54,-96.0097025150558,-95.80424177577132,-101.11770911554834,1.6493869335630467,-2.054263489558301,7.83049134408056
HDOK,PLOK,17472,40,39,-96,9,10,2,29,-101.23154057021267,-95.42793709750381,-93.20992895456659,-96.72702589509382,-95.32769698175241,-95.76778133232007,-97.67043718432345,-95.42034232551563,-94.45385563977298,-95.68406046283872,-94.64414069359465,-95.45584760952948,-95.38093873246054,-94.19664434194858,-95.67480459551298,-94.44385357385758,-94.96542808053113,-95.47755895336807,-95.79631911897857,-97.83212618417349,-96.29315901201326,-97.57801815638936,-96.5714961850173,-95.30699502511783,-96.67893735692564,-97.996342864703,-96.61906080524521,-94.91659071104407,-95.53370937097269,54,-95.94077854535462,-95.53370937097269,-101.23154057021267,2.23008963608295,-1.4955045000146052,4.213605909857277
HDOK,PLOK,17472,40,39,-96,9,10,2,29,-102.31980984351267,-94.01697669122834,-94.270576627451,-93.89353254474912,-97.72047931320179,-95.10883101140999,-95.00119775560196,-96.95581065016448,-95.71987288986301,-95.99446794769031,-95.37500695797273,-94.6344986923853,-95.31153498259006,-96.4979473555165,-96.25938923806423,-94.97576725018126,-95.73120133399232,-94.60992892148354,-97.13582284988705,-94.11895177037245,-94.75673037096115,-95.72546858956224,-96.75801923319149,-96.11494463304841,-97.16468029977004,-95.46037690815008,-93.23313410235149,-96.61967865831362,-98.02225944175173,54,-95.84506540911788,-95.71987288986301,-102.31980984351267,2.8710475535578337,-1.8585676451513435,6.138158501693793
HDOK,PLOK,17472,40,39,-96,9,10,2,29,-100.72415690299891,-93.99069330157465,-95.05132560590147,-93.09896110754343,-95.84172691617884,-97.56349127262403,-97.08932046979004,-95.24970533557912,-93.18335027975033,-96.18307619602002,-95.8612520695728,-94.99165169230287,-94.16714203928193,-96.84640730432257,-93.14699428093094,-97.80410541633218,-95.58756719905627,-95.6984027277924,-96.40413610609967,-96.39557155176345,-94.77510732605538,-95.52092889677851,-95.64501115454306,-97.38592507686626,-94.38900587029212,-97.7976372536401,-97.7950193645976,-98.12557794546353,-97.01199072939023,54,-95.97673246182909,-95.84172691617884,-100.72415690299891,2.8722863410888175,-0.4114570894782944,0.682232562226337
HDOK,PLOK,17472,40,39,-96,9,10,2,29,-99.36362066680202,-95.17559459262539,-94.75097484286401,-96.1270904836955,-96.84675839828603,-97.63770776487159,-94.80717386604299,-95.79360941653938,-95.97641322585724,-96.28571086807587,-96.44309059086638,-95.02444171434753,-94.82211888614664,-96.95152391107668,-97.2689900130869,-94.38811371445439,-95.79225861448658,-96.13134572697072,-96.02241284710394,-95.95573944537408,-96.36354265609026,-95.17879170707502,-94.88943434193645,-97.20082676894131,-95.18447592153967,-96.14712073758136,-97.13642144623363,-97.43738801614336,-95.66445733205647,54,-96.09541891438522,-96.02241284710394,-99.36362066680202,1.1587391839902728,-0.8511644617770838,1.2951026074548726
HDOK,PLOK,17472,40,39,-96,9,10,2,29,-100.55244366677492,-93.64983053434699,-94.03117485232069,-95.93240727396183,-95.84937108590475,-97.54710122493705,-95.46000283864922,-94.93988920768349,-94.83278904428668,-96.27869160965783,-94.22216761784242,-94.13067710262207,-96.43183959217436,-94.99225763413598,-94.49656459355434,-94.97352772328809,-96.14744302447357,-95.74895470228678,-96.23435891094668,-96.06584556485947,-95.7193901187887,-96.76038713757531,-95.30370017821629,-96.68761134142156,-95.5729740946742,-96.01331398458305,-95.20213045792467,-96.9027934586375,-96.3653001347351,54,-95.76017030038838,-95.74895470228678,-100.55244366677492,1.669992915055766,-1.5648015811002753,5.343238780357286
HDOK,PLOK,17472,40,39,-96,9,10,2,29,-99.61359755871514,-94.9247750991424,-94.48270809370666,-94.81052182145692,-97.56097215450482,-97.16653823644822,-96.1603788434306,-95.86383203385209,-96.2666797852862,-96.91718462729814,-95.68639336203616,-94.6759748039524,-93.96983533503021,-94.60585022829042,-95.66759036698006,-95.11113080077456,-94.51551885099744,-95.09121326544863,-95.42282238274771,-96.18250232096827,-94.39097482517266,-94.02600794827985,-95.62504577127136,-97.14069331402068,-95.35984318126711,-96.72375328096949,-94.75205602650024,-97.18974281239956,-96.01909390907747,54,-95.72149072551811,-95.62504577127136,-99.61359755871514,1.5339055309304277,-1.0689220954603371,1.6921603428773495
HDOK,PLOK,17472,40,39,-96,9,10,2,29,-103.11187151143301,-94.08485192945139,-93.83314994018635,-96.90000413369044,-95.67744738155126,-94.8800659334951,-95.08470589947103,-95.61149916734036,-96.45461609213629,-95.0473783973407,-97.97147600681244,-95.02947228860408,-94.82299960983737,-94.15286790534319,-94.4759705783323,-94.56678319329127,-97.54760961067541,-97.30054506847857,-96.34576176111898,-95.21137217542609,-95.1317367133802,-93.97158578675788,-96.91794828866287,-96.85044538872893,-94.89718972794749,-96.35576330725856,-95.60333044621729,-97.37501579746058,-95.99392591969907,54,-95.90370310207341,-95.60333044621729,-103.11187151143301,3.15860939434629,-2.3216237397401556,8.23941576445455
HDOK,PLOK,17472,40,39,-96,9,10,2,29,-100.50117180907822,-94.90848659040579,-93.99972327434118,-94.6536142422343,-97.70425257376891,-95.11998346647783,-96.06195618915531,-96.63561655910888,-95.2744135364344,-94.93608085084335,-94.6825580124423,-94.77582454262512,-96.29724441798007,-94.88896195812906,-96.11326785559689,-96.10480927281937,-96.08200241866733,-97.03170327786653,-95.20243804160921,-97.41062990797818,-97.20793426223952,-96.65555302190506,-95.17651917343123,-95.71353886475531,-95.23282898665653,-95.8123760125881,-98.06840927411089,-95.93966785552266,-95.11374506720507,54,-95.97604521779229,-95.8123760125881,-100.50117180907822,1.710774752781671,-1.5133393774463195,3.4877218366564944
HDOK,PLOK,17472,40,39,-96,9,10,2,29,-99.93006289708578,-95.68226162122792,-94.10323978719337,-93.77697350020418,-96.3474713282645,-97.90877485236535,-95.05986912787124,-96.35182003189747,-94.35181731163388,-96.0795512668303,-94.67347820715773,-94.64148974203682,-95.26408635426465,-95.69656731633135,-94.63259402720045,-95.53482908464642,-95.2778771380851,-96.34326002859338,-95.72022270799211,-95.19934110343,-97.41333343743442,-95.07218494666763,-96.16681237645591,-95.95116035708233,-97.18944389242927,-97.60033354350104,-96.03566955871811,-95.293178935205,-95.7256911862466,54,-95.82839295407075,-95.69656731633135,-99.93006289708578,1.5810575071742192,-1.2261972022813759,2.5893700586676602
HDOK,PLOK,17472,40,39,-96,9,10,2,29,-99.82511337090907,-95.91172140423232,-94.80345240490819,-95.03242971491935,-97.25788084911059,-95.88760593577102,-96.58568971360516,-97.13470064756592,-94.94478369537875,-94.72006430758942,-95.21765136848687,-94.62295762582534,-94.4623762312864,-95.47823144194278,-95.05047143582924,-95.79895586041478,-94.72673477963184,-96.87616889925795,-95.11979574634952,-96.55855362880968,-95.89122781733062,-95.56923504973597,-96.49130767095494,-96.39253502425011,-96.08012539766625,-96.94513924985884,-93.61696277521051,-97.83144428106047,-96.59426352348166,54,-95.91129585694394,-95.88760593577102,-99.82511337090907,1.4895677693423612,-0.9883728536794882,2.220812657183996
HDOK,PLOK,17472,40,39,-96,9,10,2,29,-99.1720039881434,-95.68418513520855,-95.66068002123112,-95.8731031793166,-97.61832479904463,-96.34259337608083,-95.32764997666492,-96.13579496114858,-95.50174952089425,-94.8532619750457,-96.34840979917686,-93.42669469820981,-95.51857388748257,-95.99436414459353,-95.01816825773105,-94.72321383209598,-96.39823467890015,-96.63560953370715,-96.70811607349378,-95.9339892205448,-95.49540572324004,-96.2781813324039,-95.80376398915362,-96.42396989880544,-96.25173834650407,-95.63207826101738,-97.98986426697337,-97.92975299315343,-96.15952306481414,54,-96.09789651499239,-95.99436414459353,-99.1720039881434,1.1682882717758014,-0.5690584997073411,2.032492653882549
HDOK,PLOK,17472,40,39,-96,9,10,2,29,-101.69975504474883,-95.08519021304853,-94.60509670553103,-95.060908270468,-96.79629147604247,-94.57968747040233,-96.97111028596507,-95.76680506347849,-94.71084139826729,-96.33667051172212,-94.72483581824427,-94.63108389349802,-97.33024499600106,-93.92988050164996,-96.18284113979047,-94.70022740347376,-96.52672717454595,-94.9408956349858,-94.44319712473846,-96.97426442480611,-94.20649643963561,-95.47551413163654,-94.99496283956448,-96.57863522206836,-96.42415856454653,-96.18995495002073,-95.7462223612427,-97.48157432287816,-95.48778597465251,54,-95.81316756405703,-95.48778597465251,-101.69975504474883,2.213370361483079,-2.129467634440807,7.214927465100908
HDOK,PLOK,17472,40,39,-96,9,10,2,29,-99.56171933096621,-94.95133207036177,-93.40072565235072,-94.64679708511228,-97.05125118159162,-96.30436561377549,-97.94514869046874,-96.77307245223126,-96.32914119352849,-96.46830801925056,-95.59038594310508,-96.13876446193585,-95.92681198282402,-95.41933946738145,-94.11784518974109,-96.36221694610543,-95.59496588679502,-93.67078107002963,-95.47853206256423,-95.48469440243827,-95.5333496346338,-94.22332469379502,-95.85585136083648,-96.0564250736727,-96.31742142363119,-97.87988196216982,-95.98823335771445,-95.71710044953075,-94.76944490639531,54,-95.84680108844609,-95.85585136083648,-99.56171933096621,1.6053954112690738,-0.6057161624161089,1.5869370791565092
HDOK,PLOK,17472,40,39,-96,9,10,2,29,-100.89809603066476,-95.2807431332021,-94.24280799897475,-94.38017186294886,-95.43911431588164,-96.0907412642738,-95.23799676654606,-96.15532967558921,-96.28055421800207,-96.2532206427801,-97.16948974569846,-94.52622524437461,-94.04390125523008,-94.87791672645469,-95.59902816128175,-95.34702550054489,-96.33915999437473,-96.75621416323638,-96.32988672435452,-95.53840043169029,-95.12350555892326,-95.70281538342238,-97.31041951337275,-97.91563423882116,-96.70393085544826,-95.58201937030849,-95.00641617024894,-97.6038671322788,-95.06877548481765,54,-95.95873819185329,-95.59902816128175,-100.89809603066476,1.820785393111753,-1.691389868224753,4.864831784334481
HDOK,PLOK,17472,40,39,-96,9,10,2,29,-100.3395269430155,-97.27699350370112,-94.34743868444068,-94.93539696182195,-97.82907564849305,-95.55828286956938,-96.48465296781666,-94.12600422201413,-96.67518055047361,-95.1095325558209,-95.07108261030356,-95.6633351467202,-96.52984273381722,-94.50792141005543,-95.27589917176122,-94.37938564522261,-95.09766281061499,-98.28703839387583,-96.34382981449922,-97.36898868308626,-95.77895922252225,-96.54047680227563,-96.91729274449494,-96.32331791349428,-95.24352685266732,-94.94022450316527,-97.08473310782209,-96.8739649138785,-95.31434529824604,54,-96.07668664433412,-95.77895922252225,-100.3395269430155,1.819177823584739,-1.0565829888183027,1.834560019273145
HDOK,PLOK,17472,41,40,-96,8,10,2,29,-100.00948447498698,-96.47269966509147,-96.71898964488047,-94.69585086692955,-96.29914674879937,-96.07360707124444,-96.16678825802055,-95.52014831207723,-95.81978334650785,-95.1110474122796,-96.96877775091274,-94.83807225909428,-95.21519197644567,-96.33817797836994,-96.06541688308755,-96.27315603597091,-97.50341248640443,-98.12593513620189,-96.84224752230813,-98.27048102439213,-96.10434416742011,-94.83300228196472,-95.67640186894121,-96.5645337131175,-97.92041406158135,-94.95375137908742,-97.3423349826736,-95.10005536870811,-95.54497198994255,54,-96.32304222991178,-96.16678825802055,-100.00948447498698,1.4415950060629412,-1.067076590387572,1.547472908106014
HDOK,PLOK,17472,41,40,-96,8,10,2,29,-99.86315774386225,-95.05558515237522,-94.85193469981714,-95.6850987532394,-95.78058844790935,-94.88350508939871,-97.16458455917058,-97.06177350030043,-94.21103007724352,-95.6720033677423,-95.00727447946336,-94.1466007947996,-94.52795023438144,-96.60271547020318,-95.44669973184136,-95.99980116223874,-94.84790240671373,-97.77582603324065,-95.89673213530477,-95.6317001728557,-98.31079077467278,-95.74176799274561,-96.88243297116175,-94.6837457942294,-95.65911052163412,-95.76527755435859,-96.14721135611393,-96.4189763049222,-95.04316298458454,54,-95.88844621608705,-95.6850987532394,-99.86315774386225,1.5532546597976704,-1.3048277545052318,2.2971575021747914
HDOK,PLOK,17472,41,40,-96,8,10,2,29,-101.11779714853405,-94.54748508144414,-94.99109351531058,-94.23781900418234,-96.84081661173775,-96.8137763356406,-96.81287660004995,-95.6033667621822,-96.04618887731925,-95.2431995048043,-95.77547397490966,-94.42509410349462,-95.99346846802494,-95.66756668086876,-96.97724202238271,-93.52777570372145,-96.6759074856702,-95.08613952611574,-95.87256346732154,-96.20679746072555,-94.50029706539617,-95.29269800376285,-95.677272422166,-97.10485163747114,-96.05302661823912,-95.32151715382562,-95.3883674907392,-96.0887241985511,-95.37072760519789,54,-95.8365493286134,-95.677272422166,-101.11779714853405,1.7512671837909153,-2.0242316078017324,7.838265791850702
HDOK,PLOK,17472,41,40,-96,8,10,2,29,-101.26912106416297,-94.88596717326014,-94.26390812431828,-95.01443186103944,-97.10111043017696,-97.1375363346339,-96.89679617853668,-96.43653610262392,-97.07340880925825,-96.7321550053705,-96.10552710898274,-95.70471669608484,-97.36689214267469,-97.15861291294915,-96.33929053581691,-95.2071337078803,-95.5010750193928,-96.1537150704628,-95.52395532477507,-97.25358108010512,-94.55191192205636,-95.47288712558567,-95.94762946415486,-97.07400016386391,-94.27958590186472,-96.10567226179602,-94.85084171029358,-95.94888153518674,-95.95645385726792,54,-96.18321843533019,-96.10552710898274,-101.26912106416297,1.7640225371139544,-1.7470925601623852,6.192173276231747
HDOK,PLOK,17472,41,40,-96,8,10,2,29,-98.99458851556615,-95.72126967960192,-96.15124949871172,-93.95022926038394,-97.74745062393869,-96.1532332556852,-97.00010700917329,-96.26300162418138,-97.20747213197586,-95.20824293138989,-95.08793190672262,-95.72026828736672,-94.53829285582474,-96.50887758996305,-95.93087490189902,-95.81975016139594,-96.24888649870833,-95.92143376275324,-96.81878989067056,-96.53179576041215,-96.3239423191065,-95.47421549485384,-95.20485001367149,-96.70217675898384,-96.56648494585484,-95.4107926385369,-97.53920948882342,-96.50590825323033,-94.35557797520917,54,-96.12437600119291,-96.1532332556852,-98.99458851556615,1.0662299866716702,-0.33807954191098083,1.1054485225597692
HDOK,PLOK,17472,41,40,-96,8,10,2,29,-100.20391764922464,-94.64499482431354,-95.1243336494284,-95.53920018203459,-97.9238368141552,-96.14203584714035,-97.82749600084276,-97.11694808831032,-97.05938476093495,-95.24487016665792,-95.59298454496229,-95.2144333573894,-95.32431495166269,-96.75463750922493,-94.11633826869088,-95.23122456528966,-95.12366683705966,-96.80808681219723,-97.15517531837155,-93.74174539733218,-98.22877012022161,-96.26776429278324,-95.55476654119681,-96.02699880512448,-96.0656892758461,-96.07040048378232,-96.53489856903624,-95.37535828212458,-95.51123338188334,54,-96.12156914818007,-96.02699880512448,-100.20391764922464,1.7250446691388044,-0.9834487274136215,1.8881907013105423
HDOK,PLOK,17472,41,40,-96,8,10,2,29,-98.54698980550592,-95.21290558253648,-96.39399609406033,-95.08043727778448,-99.98038009142338,-95.44346722993954,-96.00620211565548,-97.03761810994607,-98.86702689262532,-96.45285950569975,-96.26286510090127,-96.60782723680381,-96.48383199838129,-95.14225577038557,-95.98519879870256,-94.14951453040959,-96.32831878506258,-95.35271599159125,-96.7678363414359,-96.61097614837637,-96.3775210971675,-94.65184948161823,-97.73687306434468,-95.40649197663696,-95.51545601786889,-96.95175155786623,-96.4560328204004,-96.00494621084458,-96.72491696929085,54,-96.36341595183673,-96.3775210971675,-99.98038009142338,1.4985465533988296,-1.0297328163151402,1.7863507341934706
HDOK,PLOK,17472,41,40,-96,8,10,2,29,-98.90242254654808,-93.61410739582644,-94.88135578259596,-93.02812355044584,-97.40878850355365,-95.35112287573759,-96.02770990432877,-95.30808963658508,-95.27199767403401,-96.12606769636125,-97.00536706572143,-95.35234544686715,-98.28587304351016,-96.5216703640714,-94.89096439472522,-95.65128860395971,-97.2136312374489,-97.31156229567685,-97.49167905431864,-95.98395972441492,-95.74740912279809,-96.08678344665756,-98.35651478652933,-95.28817779192316,-95.55071850977414,-96.6762625989794,-97.79830046143657,-95.66803630740297,-96.37114139625601,54,-96.17832659374096,-96.02770990432877,-98.90242254654808,1.7475398250092289,0.07407590691772291,0.20624369295470935
HDOK,PLOK,17472,41,40,-96,8,10,2,29,-100.41314639590618,-94.1481518448383,-94.83098171669116,-95.3739495152127,-96.29861373764516,-99.155898249732,-96.53498934149611,-95.12455562153913,-95.3562206417631,-96.88003607191004,-97.12945175388111,-96.31065840555245,-93.91771868673491,-94.95726270347133,-96.2685936279653,-94.73162939964222,-95.80050718334569,-96.91327495032041,-96.57259187926614,-94.55391928258373,-95.92873875094605,-95.51323373847956,-95.83507528390523,-96.26497200879771,-96.09998232603292,-95.10434411580988,-97.35072188742224,-96.07466664266101,-97.06888663551717,54,-96.08664732410584,-96.07466664266101,-100.41314639590618,1.8148185499326481,-1.2724779275995988,2.869218589790045
HDOK,PLOK,17472,41,40,-96,8,10,2,29,-98.91538362054783,-96.3738586886514,-97.29357120178365,-95.02861421991985,-96.912625396962,-97.16081056935758,-98.04343826821645,-96.34045290001457,-95.68978881139091,-95.99827125410434,-98.52185962181466,-94.89426507505864,-94.56288165553875,-95.68905629024603,-95.50156609976179,-97.73642521262983,-97.35835448394808,-96.3645084904668,-95.08975906338094,-95.18391445336727,-96.75533885038327,-96.65756601856638,-97.40101497059952,-96.3169228523829,-95.42918867038568,-95.7671595233698,-95.73777204788223,-96.14095042403675,-96.0050967553268,54,-96.37484191345156,-96.3169228523829,-98.91538362054783,1.1643129884805397,-0.5442831354609818,-0.2117439306727995
HDOK,PLOK,17472,41,40,-96,8,10,2,29,-98.4922523596093,-93.76751694597179,-96.26430999244593,-93.57489443639271,-97.26576394364915,-96.34208000323528,-95.45374567302798,-95.3203398048652,-96.21940927117434,-95.49590835304919,-94.71503169625909,-94.53128113487736,-94.21086414861638,-93.64915134495313,-95.79490562889391,-97.55559917016528,-96.08712039418766,-95.08562373027846,-96.50592254347606,-95.7851235724301,-95.1414315818606,-95.94568992010922,-96.20358713012436,-94.57706698850204,-96.44873605227073,-95.58641725195332,-95.54214275570395,-96.34824431881876,-96.47226840384629,54,-95.66835960519819,-95.7851235724301,-98.4922523596093,1.2625740563876198,-0.12153512595365927,0.33415409428513865
HDOK,PLOK,17472,41,40,-96,8,10,2,29,-100.01986802219106,-94.25516579694205,-95.35234566315789,-93.52547033098585,-97.86939493601908,-97.525415189023,-97.14029747193075,-95.58818584442562,-96.51044604170087,-96.11994182589355,-95.28906617846556,-96.75611574202819,-96.26000328626445,-94.86392729444428,-95.04945841880486,-97.80994029326602,-96.05913056952413,-96.59903152262564,-94.307501312974,-95.43857038992827,-95.18756957594583,-97.64748737294371,-98.81422699240454,-95.74245674725329,-95.76601433441252,-95.52615107211224,-97.1709316354917,-96.12730549536555,-94.37912358803946,54,-96.16208768774356,-96.05913056952413,-100.01986802219106,2.0124879960227,-0.6331618702978211,0.5989075425496
HDOK,PLOK,17472,41,40,-96,8,10,2,29,-99.74829972815888,-95.8816305815858,-95.1558181508307,-97.46685380958286,-96.63983955033586,-96.50179538295644,-95.63759583369091,-94.73653532604781,-96.63401511212803,-95.76757884148087,-95.10639009012604,-95.2478795658147,-95.88566119262151,-95.84549279065249,-95.73679437382688,-93.80072903339916,-95.93744313760497,-95.98084183601974,-96.18171728079227,-96.07499191791439,-96.81204285013759,-97.53054070321822,-95.98263893822633,-96.80190532244023,-97.79921894369876,-97.1648046063854,-95.98000059614169,-95.25620303916376,-95.49457849792331,54,-96.16516679423812,-95.98000059614169,-99.74829972815888,1.1855290126853177,-1.0240560319505791,3.0857621281134695
HDOK,PLOK,17472,41,40,-96,8,10,2,29,-97.90560905907364,-95.25819368335425,-93.36310635605106,-94.53347174234325,-98.35212061818456,-96.35717562705238,-96.64782509723842,-98.09281312320718,-96.7925684396691,-95.95860705802694,-95.76980725757164,-96.5865127699041,-96.77527978200192,-97.93306851676836,-95.16102872598643,-96.63205579234814,-96.17318893741391,-96.74654071365354,-96.63579395946151,-96.92452451824096,-95.82402735204425,-95.61256465103203,-94.50036405116627,-96.19317290384949,-95.40624149216183,-93.73016288054001,-96.10958346524363,-97.64757433958984,-96.57259738288926,54,-96.21364069986444,-96.35717562705238,-98.35212061818456,1.4400766217743073,0.4357912445073078,0.20229197944521804
HDOK,PLOK,17472,41,40,-96,8,10,2,29,-99.78397155099171,-95.68080757016057,-96.15923027165333,-95.11423892414801,-97.58163857097547,-97.16216573436157,-96.44658689674297,-96.68875936791751,-95.81469805059623,-96.06448643587785,-95.87902625486433,-94.31713467660877,-95.48604299262271,-96.08971287231486,-94.4601453206902,-96.40629212573796,-95.12032289972147,-94.4887817399159,-96.38065030147047,-94.85874227416386,-96.62301235052507,-97.16084334366708,-97.19666884196927,-96.44384743700924,-97.29887802187248,-96.96697491125893,-96.04840974861449,-94.2672475909421,-96.28692567699957,54,-96.14745664670326,-96.15923027165333,-99.78397155099171,1.3240773061940676,-0.7115120054098211,2.050182710709555
HDOK,PLOK,17472,41,40,-96,8,10,2,29,-101.24770239926019,-94.77400702692839,-92.56406355379708,-93.3507097669437,-97.00258744893131,-96.94802187867403,-95.84143864702271,-96.67333423939014,-96.13310533193778,-94.8560410955254,-99.03574633269258,-95.40848675795525,-96.01685898833004,-96.39492862736948,-96.59857317472999,-95.76281655702005,-97.00901202388373,-96.09236869711144,-97.21810000212716,-97.55602971527343,-95.9036991022532,-97.27126038771054,-95.64566015186547,-97.79566695869582,-96.33008010693783,-96.5838498397397,-95.59864995142412,-96.14851450280274,-96.94615953906661,54,-96.36922320018618,-96.33008010693783,-101.24770239926019,2.385959157349472,-0.48910510941301016,3.39743401943825
HDOK,PLOK,17472,41,40,-96,8,10,2,29,-100.88805780787509,-95.18721167579189,-94.47637600681585,-95.33016711017999,-95.6245015351773,-96.07619356936688,-97.40293211941632,-97.1123452413732,-94.96363872908161,-96.19575589760919,-95.20942630097974,-94.44055555221473,-95.95748302645876,-96.29219389777022,-96.54041102543121,-96.46957280785176,-96.52303207895432,-96.52288923351216,-97.22030347692025,-97.29199227804874,-96.82675650475598,-94.30951067694753,-96.98916616567323,-95.27124565015959,-96.76728117822533,-97.20616372094702,-96.4512941503683,-96.043634847419,-97.56634836556098,54,-96.31573933209951,-96.4512941503683,-100.88805780787509,1.5866495022639149,-1.3404810201998598,4.724997267546158
HDOK,PLOK,17472,41,40,-96,8,10,2,29,-99.73372350625611,-97.39680415888704,-96.45229745468515,-93.31923562219562,-97.04408503892323,-96.57153428575965,-97.02841484731576,-96.1740747829874,-96.21371677849248,-94.8735017278851,-94.69815018430802,-96.554470836794,-96.12577100995357,-96.32200070237582,-94.38234211209789,-95.92434699439137,-96.64211777713827,-97.86460986707117,-97.05924660544365,-97.87429121120323,-96.44884130995779,-97.53144066546207,-94.88183379267237,-96.40084675723477,-97.41337453886939,-97.01239147121683,-97.74449988939351,-95.48845636043391,-98.52328583407272,54,-96.54136917667164,-96.554470836794,-99.73372350625611,1.6732223909091248,0.18614932551339564,0.8902937980828098
HDOK,PLOK,17472,41,40,-96,8,10,2,29,-100.92701061250821,-94.55492226491909,-95.30250169262585,-93.57910508362329,-96.45903325694623,-95.51535443799118,-96.63808396357778,-96.34988305249621,-95.195058028206,-94.99255066665646,-97.19432556630673,-97.43612883716615,-95.69684616995728,-94.8042180568554,-97.2731942786418,-93.91233247753397,-94.73257137052065,-96.21125929860614,-95.90299171283469,-95.67209293719239,-95.99810592835235,-97.99993105989817,-96.42695611435897,-97.96264125101897,-93.60738715119615,-96.49011062652927,-96.16760880071921,-93.85879914309031,-94.23490636766367,54,-95.89985897268939,-95.90299171283469,-100.92701061250821,2.398045443082417,-1.0025487455896864,2.34479922161032
HDOK,PLOK,17472,41,40,-96,8,10,2,29,-101.78458595396411,-94.98193346829481,-94.46117587228119,-95.84803477869256,-94.84206919172594,-97.34600174304585,-96.11994785127749,-98.06153847480576,-95.29041586076627,-94.88891458014199,-93.77521791449047,-95.57479664541968,-95.02060064738916,-96.45336899895364,-97.3584242849597,-96.46677222692524,-96.15354188796304,-95.4278461011387,-96.16715701660202,-96.30446342015352,-96.36482439582831,-95.91320006360988,-96.09174830991479,-97.10310615538204,-95.96951450128265,-95.04517052986736,-95.48519359787299,-95.556007273436,-96.40941125622905,54,-96.07810286215222,-95.96951450128265,-101.78458595396411,1.986386881517596,-2.2638912413832712,8.427368916732803
HDOK,PLOK,17472,42,41,-95,8,10,2,29,-102.12991773157529,-94.98995866330236,-93.17539514348701,-94.38428624427583,-96.89536031092752,-96.75542798374738,-95.42315293808565,-96.42271572095969,-97.46055822858821,-96.12078313949748,-97.18918366732966,-96.14967446865533,-97.22786485749472,-97.17206260062565,-98.0784960572334,-95.54924945788548,-98.40604745894207,-98.74919794372025,-95.41674946759109,-95.90093294142282,-97.52800051640192,-97.3146688516362,-98.96111378831392,-97.83598642138776,-98.51465811977371,-98.58822563781472,-98.91792907765854,-98.15765837887473,-96.19294326458686,54,-97.08993789937225,-97.18918366732966,-102.12991773157529,2.887436728068502,-0.3710444477981991,1.72025555678078
HDOK,PLOK,17472,42,41,-95,8,10,2,29,-103.90619159239932,-94.64797306167077,-95.02974893444737,-95.07048529048186,-96.3809427726443,-96.0472476676078,-96.10197431415597,-97.23281552459102,-96.28185269960116,-96.30901272249066,-95.7807889817033,-98.13162027865206,-97.29429064361726,-98.01111160381556,-95.81672565872651,-96.00977375023457,-95.70732956825717,-96.75187178498236,-97.15759053955259,-95.54625112061423,-96.0687013684061,-99.00629163977388,-96.40212327896273,-98.51796883995515,-99.33718286982925,-97.41334538881361,-98.87401132405117,-97.52775752291593,-97.28423874471453,54,-97.02231791336786,-96.40212327896273,-103.90619159239932,3.1430688322188556,-2.063162657543079,6.622772646078166
HDOK,PLOK,17472,42,41,-95,8,10,2,29,-101.95601514464406,-95.46041279380199,-94.01435511244958,-95.21869279001476,-96.85607121234146,-97.64199293174384,-95.16992379714372,-95.47665821503097,-94.04741564006817,-96.4505343087229,-94.575938526736,-95.87038092908317,-96.47665094723361,-96.05019518615246,-98.00610567274795,-96.11381809205643,-97.38551812923315,-99.07445751460102,-96.54531881810158,-98.48256658381204,-97.33451867052001,-97.07897262821787,-98.51918210243727,-97.62003051172931,-97.42508133849672,-99.31703807204627,-97.47673830946557,-97.04679251007066,-96.36687833867808,54,-96.8640777526683,-96.85607121234146,-101.95601514464406,2.744091892489627,-0.7603150631742889,1.7497648302431306
HDOK,PLOK,17472,42,41,-95,8,10,2,29,-103.52860378866518,-94.56625666287214,-94.53971824964476,-95.73480816671977,-96.2471335561606,-96.35654883280182,-95.54711186832454,-95.32305898097096,-96.13727279321185,-96.7568999715251,-96.03445146996917,-96.7455692478615,-95.33172452070174,-96.8029374986466,-95.6563494466873,-98.5790165416144,-96.34244047756036,-96.95958651279993,-98.36873828834209,-97.01903335377922,-98.22331184218565,-98.5937478348403,-97.9103810129968,-96.79616766714835,-96.67333973208405,-96.90970057709862,-97.29759305098843,-98.48706775362893,-96.3990044945304,54,-96.89198531704692,-96.7455692478615,-103.52860378866518,2.78195638412131,-2.1324887378018413,7.591927771953092
HDOK,PLOK,17472,42,41,-95,8,10,2,29,-103.48805226556419,-95.19193834816285,-94.05756155718736,-96.95736320020927,-96.05567147684162,-97.07141934979421,-96.25145733242057,-94.69246738245388,-95.96464988303488,-96.57677398904664,-95.15816720818042,-97.55046563402479,-98.00656729089071,-96.35574199448403,-96.93874968304279,-95.11287800412563,-99.35346617457382,-97.46518121598555,-97.31593055849535,-97.56448072597557,-98.75788165894869,-97.50002774922123,-97.89163719643169,-96.61977867606538,-95.90139380340179,-97.0265538913663,-98.80671067540169,-99.11042945931237,-96.99245692241047,54,-97.09433976920873,-96.99245692241047,-103.48805226556419,3.0988389830234797,-1.4878262589293663,4.804218170649145
HDOK,PLOK,17472,42,41,-95,8,10,2,29,-103.41765763285636,-92.78303109858746,-96.18933212426506,-95.31341427646234,-96.43653073872582,-96.67248876074162,-97.03179719044904,-97.89353296080954,-96.84602300409679,-95.15146730067332,-96.25314171483707,-97.16097756596237,-95.68093067680178,-96.21945302138109,-94.52210189604021,-96.06463003863487,-96.27477790095811,-99.38615772603768,-97.76663489059555,-97.97912240353206,-98.15927746316349,-97.25208916112385,-97.11165650200302,-98.74999219890667,-96.63457765855954,-97.02289168844196,-99.74601260512436,-97.04667947016463,-98.9918763104255,54,-97.09511227518486,-97.02289168844196,-103.41765763285636,3.4729047431189928,-1.0137929010399742,3.9000497658102273
HDOK,PLOK,17472,42,41,-95,8,10,2,29,-103.59798066690819,-96.45614184767015,-94.78677023101811,-94.71949782222185,-96.74131639920498,-96.86665804836875,-95.03811894382424,-96.348239428171,-95.37133472055687,-96.8528750399651,-96.87495364242174,-95.61272118608217,-99.06844416619003,-95.73907906707576,-95.77215924512471,-98.15616876491816,-96.18111341118555,-96.6618783735834,-98.35008342165662,-96.44680529145836,-96.2126419506863,-95.99785529426597,-99.5451318944638,-94.9368543912551,-97.58047083503853,-96.39154060137881,-98.03135701146621,-96.68654156028447,-97.88082001613883,54,-96.85881218181324,-96.45614184767015,-103.59798066690819,3.0673370760133443,-2.055767305330135,6.407299065531053
HDOK,PLOK,17472,42,41,-95,8,10,2,29,-102.64383829448239,-94.25545199112574,-96.27424446791203,-94.57874043574185,-96.49848990515673,-95.03902285933061,-97.02071813963389,-95.28327118598318,-95.59114735154375,-95.94680648401108,-96.18173912750053,-96.4352350102079,-96.23900705987916,-95.0637018281129,-96.20583746175025,-96.96243353171177,-97.25535308267634,-96.59809209532433,-96.79570938268141,-97.81824987884667,-97.78443124544536,-98.34207648125276,-96.01947865371395,-97.3316508859846,-95.3190070234039,-98.5469412644652,-97.2352016282909,-97.85455485498281,-98.33633991351486,54,-96.73988867326439,-96.49848990515673,-102.64383829448239,2.486767434777592,-1.6718269636264051,5.527310241768623
HDOK,PLOK,17472,42,41,-95,8,10,2,29,-100.45830200330767,-94.0382868922453,-94.52039167922554,-94.37657330884397,-98.20879142544545,-95.81551328847193,-96.55596259294606,-95.96423240393962,-96.14398625822331,-95.8672098418474,-96.3885415102427,-96.55208916317697,-97.49316375668931,-98.15571429734754,-96.57336849991893,-95.09068321057147,-97.57049744887019,-97.7871438856387,-98.64418057207268,-96.14098521907117,-96.10486215385714,-97.35808076366303,-96.22604887115635,-98.24361620071183,-98.82840361281505,-97.45253061730766,-95.81233285605875,-97.56573704066604,-99.99470610731336,54,-96.89420467178087,-96.55596259294606,-100.45830200330767,2.319895468734908,-0.3238163328254196,0.04015797744399263
HDOK,PLOK,17472,42,41,-95,8,10,2,29,-102.81518025674126,-95.78718284210068,-95.99884197431166,-94.63411451344892,-95.9713167916558,-93.71760783227086,-95.58257196149663,-95.65075199159543,-94.72364470690844,-94.87656915036862,-96.1693540866375,-95.06857976396444,-97.14494630354574,-98.05988729369523,-96.71101421002378,-98.56337336975785,-98.14333458511982,-96.30522671210065,-97.77485572138353,-97.28152218416773,-97.56679820831687,-97.4226176303259,-97.89336489306163,-97.23789964183555,-97.47083444750054,-95.89409821775834,-96.70809546648879,-98.02609919329608,-95.79858189251345,54,-96.72407813249626,-96.70809546648879,-102.81518025674126,2.7922225278641095,-1.4277311872843352,4.821435405765326
HDOK,PLOK,17472,42,41,-95,8,10,2,29,-104.44987024297963,-96.9229974452518,-95.67709350795157,-95.3739330951444,-96.38720237169464,-94.51801680283435,-96.53572381507117,-96.68874003103514,-96.30796093402009,-95.58607266232741,-97.27621962992887,-95.85904481172825,-97.22118532588671,-98.05810991512989,-98.46466822963178,-99.40227003875431,-97.81007945101781,-97.58609572500907,-97.8631457667995,-100.01578128061459,-98.41272494697081,-98.90782630968532,-98.75729566767156,-98.33077218537107,-95.61847531394562,-95.94714578341126,-96.00444485579686,-96.18518126669119,-97.99488681620609,54,-97.38492980098486,-97.22118532588671,-104.44987024297963,3.5306576058353545,-1.7932681341196914,5.585369822161747
HDOK,PLOK,17472,42,41,-95,8,10,2,29,-103.63088130523036,-94.19595285390004,-95.23243265390447,-95.16008255872885,-96.17830285793961,-96.02418179276006,-95.91271164450946,-95.60606976619268,-96.45084920653392,-97.79920294081109,-95.07978013730582,-97.58746579558189,-97.05764776874864,-97.8483657874204,-95.74982568109091,-96.39691934265466,-97.13142960101807,-99.26733178526261,-97.92237316766024,-98.03102671937144,-97.51636167065374,-98.62935371567296,-96.66407170248841,-98.4900399094881,-99.96720876220867,-97.86639218164977,-97.73324119150845,-98.11848890504885,-97.00225198667678,54,-97.2500083928283,-97.13142960101807,-103.63088130523036,3.1921791967063062,-1.430189084427058,4.3488372542016425
HDOK,PLOK,17472,42,41,-95,8,10,2,29,-103.98217463450194,-95.37457904254848,-93.80431707514967,-97.22697324584074,-95.3302110007152,-93.95034871134047,-95.73894832251479,-96.54991144836839,-96.31542213743336,-95.83061479845215,-96.77229563912901,-96.76143750459359,-98.34714281907966,-97.59750211024416,-96.80055975344584,-97.10417657151974,-96.03466562420574,-96.64404806949088,-98.5877530494445,-96.35717311129147,-95.52412043000562,-97.23361494957908,-97.821840565183,-96.02176521322936,-97.42709353097489,-98.92433793187496,-97.04459694778511,-96.31691646606983,-98.89065024095173,54,-96.90742037741255,-96.76143750459359,-103.98217463450194,3.284253801476516,-1.8856365502925703,7.130425844384462
HDOK,PLOK,17472,42,41,-95,8,10,2,29,-101.85896513129046,-93.35584022128627,-92.96484924891011,-93.33488651724228,-98.2128563939457,-95.88897083590608,-94.74815440295993,-96.71097409302932,-97.71940753952371,-96.09585883218591,-96.26390858210107,-96.90349830146785,-99.43685707549201,-97.00803296660509,-98.55159260332293,-95.84695738983774,-98.59734984244675,-99.14440370383014,-95.91308272598187,-96.51241723992386,-97.83293176658376,-96.34174791540957,-97.70575428670611,-97.56768420505749,-96.63070479076075,-97.94805692897332,-96.67132862664045,-99.75391406547429,-97.26974801967665,54,-96.99278393974386,-96.90349830146785,-101.85896513129046,3.6324550112048524,0.03374573744711627,0.8432430043566739
HDOK,PLOK,17472,42,41,-95,8,10,2,29,-101.92671248212044,-95.68111760517648,-96.53546230192813,-95.38755377115965,-96.20955424798133,-97.44325702800082,-94.78397857901375,-96.75900766552076,-97.68703147392135,-96.60786431645467,-96.09079221189488,-95.40816194068643,-96.18269635512206,-95.6548261982431,-96.22894418083203,-96.01909084147339,-98.54498612020303,-97.44252745189533,-98.48725996391697,-95.7289005828475,-96.59434748156963,-98.4632418629275,-98.38253921364048,-97.32836471346921,-98.61185226764827,-98.31747272270117,-96.03344925667054,-98.89517115904404,-97.61347682948706,54,-97.07067726984653,-96.60786431645467,-101.92671248212044,2.153962625279047,-1.1846008015253486,2.4312953955642915
HDOK,PLOK,17472,42,41,-95,8,10,2,29,-104.06833231189678,-96.5260414930751,-95.19360164938357,-95.03746097707914,-97.24146982027146,-96.39550946427632,-95.93140017975662,-96.9962032223389,-95.63598386931295,-94.19498202199864,-94.85776837075626,-95.92791994326605,-97.68974262701288,-95.96651666704575,-97.44243329760582,-96.36619489065707,-96.31531474972456,-98.37411567506562,-95.20036855988856,-97.52240066055296,-96.84563162154377,-97.26139815677662,-97.70808539712733,-97.10251828476963,-97.12638124108975,-97.28201331950852,-96.6751546425343,-98.40822898490516,-97.77348789737553,54,-96.86436758608953,-96.84563162154377,-104.06833231189678,2.937801559740625,-2.4319042538528732,10.057174980912238
HDOK,PLOK,17472,42,41,-95,8,10,2,29,-104.10037599358897,-95.22910565543319,-95.11699716258423,-93.66909594305747,-93.80559997915259,-96.56633216212505,-94.4730606382619,-96.3680738841947,-97.55698413710368,-98.3364966916406,-94.9486174750451,-96.3819637662992,-97.1354812870784,-96.62139598533288,-99.45550463324253,-95.09960562312814,-96.86440336685065,-97.04329376620801,-97.07327860045817,-96.31286367450113,-94.84212463243898,-97.0630937315951,-98.63575210513385,-95.34626167277436,-98.12811657386948,-97.63644753235928,-98.32605536707904,-98.26714204481154,-97.80230125556402,54,-96.83468363244525,-96.86440336685065,-104.10037599358897,4.045516447691324,-1.4118480206287227,4.557768427676066
HDOK,PLOK,17472,42,41,-95,8,10,2,29,-104.22950743805434,-95.47652929930052,-93.33815689929122,-95.02724290375095,-97.75228937692003,-95.10908741613413,-95.74004427761467,-96.62928551051245,-94.70139020118899,-95.31930384969236,-96.34636369313272,-97.42825732940942,-97.23067754846741,-96.73951929880927,-96.76013408037572,-96.42841383017186,-96.40188513455374,-97.48868290823435,-97.65822453173226,-96.56274886753071,-96.82293561840626,-98.16868687344197,-98.4071910462753,-96.53628779564961,-97.44821376003654,-97.59886040509883,-98.78912773819826,-98.9493981475231,-98.78974941582518,54,-97.03028259294248,-96.76013408037572,-104.22950743805434,3.5354820712112276,-1.6757071005692672,6.511803027500946
HDOK,PLOK,17472,42,41,-95,8,10,2,29,-103.35620976199323,-93.6717491215441,-93.96691824611034,-96.45520303750884,-97.4885656730291,-95.18235546677604,-93.28412794557413,-98.12080038973698,-95.2027041132252,-97.11625864066941,-97.79510626096136,-94.55588595869011,-97.6419432160079,-96.90615515246819,-98.44937781668429,-96.00796115053508,-96.1392736209376,-97.74745511414102,-97.46755730527514,-96.44487629855833,-96.5698734785658,-98.48597753715116,-98.83088000096328,-97.139205564308,-98.51553298521388,-96.33398260327722,-97.99101542498714,-97.695107146177,-96.47483350235198,54,-96.93230663908349,-97.11625864066941,-103.35620976199323,3.616429218800324,-0.8107904607547058,3.45616584138877
HDOK,PLOK,17472,42,41,-95,8,10,2,29,-102.39826368218301,-94.7220126377002,-94.84820220506703,-95.52821999229594,-96.30401223718668,-96.51219464327089,-95.44803486533685,-96.7044280115437,-95.81164009025278,-97.027910419614,-95.70215272305089,-97.36571037717513,-97.78370132773819,-98.48964627951348,-97.9444176993375,-95.27986647271331,-96.80961688515242,-97.52827020025975,-96.52663620180068,-95.80453874352591,-97.97168936526455,-97.05357741625839,-97.59692394115135,-97.48214532798899,-97.19489933304044,-96.11040915264124,-96.81460363921369,-96.40738637510671,-96.31454122448989,54,-96.80985005068531,-96.7044280115437,-102.39826368218301,2.0138233414428237,-1.9827252778711526,7.210477170797171
HDOK,PLOK,17472,43,42,-95,9,10,2,29,-83.43113709034277,-95.29382629649886,-94.18507813563497,-93.64300435049438,-97.02348899822039,-96.09813476138463,-96.4813499206843,-94.48152545402304,-96.28641337088389,-96.3064849898358,-95.98974520459753,-96.44323899548567,-95.8572782381102,-98.28787599091753,-97.03975898518404,-95.99328584314677,-95.50008960760961,-95.71206582383219,-96.37853523798103,-97.06574816829686,-98.38974459458673,-97.84333488297558,-96.85992397789845,-96.5610027763651,-100.00483387398786,-99.55128363662708,-100.51241072852474,-100.54867224492256,-98.63768883371827,54,-96.42782624181969,-96.44323899548567,-100.54867224492256,8.99152584525526,2.6939451099897864,11.713017351501133
HDOK,PLOK,17472,43,42,-95,9,10,2,29,-85.59415556413991,-95.42488704980538,-93.43447472953838,-95.06980724946504,-97.2848582383445,-96.08446956260993,-96.12895429745939,-96.7362872080549,-94.61432004346875,-96.9387159283734,-96.76163687822958,-95.47977145270498,-97.98963601009052,-97.68158258870902,-96.59338833547974,-95.71308013444005,-97.26647059635134,-96.51925752879367,-96.98058228700559,-97.26505776736485,-98.01140764272958,-96.01263452717107,-96.43515839147923,-96.6695417803526,-99.37678122287765,-100.44047076742582,-100.41727794219094,-101.23128177153029,-101.59343173562687,54,-96.74997859420043,-96.7362872080549,-101.59343173562687,7.973867528061343,1.809050745361675,7.693909109300696
HDOK,PLOK,17472,43,42,-95,9,10,2,29,-85.88854085215718,-94.87875417677778,-94.3579996850869,-96.41365911073984,-96.63621565342382,-96.45500585864306,-96.36213663391429,-95.7739926615203,-96.63511140679257,-95.2855401750984,-94.1572279417448,-97.16611647046948,-96.41508639176432,-96.40433214986824,-95.87775361440313,-96.84352175296395,-98.70778081404936,-98.02565599990375,-97.24035865002124,-96.5348830915373,-96.60022175204779,-96.65825676280242,-97.51544382594595,-96.01223480312622,-99.70965653065292,-99.45633595690089,-102.20307305412805,-98.31732160882027,-101.00690974240582,54,-96.67376300440381,-96.60022175204779,-102.20307305412805,7.300081224100054,1.8023527255591647,8.321903533097029
HDOK,PLOK,17472,43,42,-95,9,10,2,29,-85.82156755185198,-94.45903810741963,-94.32857122126535,-96.31960570993323,-94.84714132665701,-97.24299408019888,-96.57970818655146,-94.64060097895917,-93.85349939361643,-96.35173690880207,-94.80545411262487,-96.36892882832706,-97.11854712501568,-96.0102184820063,-96.24798306961655,-96.71753479841665,-95.87172816749599,-95.13920077002983,-98.12651012183156,-96.30377013718407,-96.48488380711309,-95.59927672155193,-94.94114111163677,-97.48292394097656,-98.67901771797992,-101.77469898387969,-100.67914217305743,-100.37995582977676,-97.87346356379675,54,-96.24306354922665,-96.31960570993323,-101.77469898387969,7.397853745421868,1.4746294513399827,6.862577625403707
HDOK,PLOK,17472,43,42,-95,9,10,2,29,-83.33951065155644,-94.54435234117032,-96.18246564599932,-92.95209027452361,-97.03748851638443,-96.0959564675753,-93.45380923598027,-98.47128802471865,-95.62772992893963,-95.74856264969546,-97.26755556143384,-97.4556623073783,-95.31215676308574,-96.35293098291638,-96.20547403467997,-96.47985173049443,-97.10394281355372,-97.38661498746421,-97.48874906595594,-97.16872590944365,-97.43920326464033,-95.62738563676031,-96.53421342736958,-96.8932406725098,-100.73079184272034,-100.51221111533023,-99.37247965822081,-99.17935357234522,-100.18684267635341,54,-96.48795309514483,-96.8932406725098,-100.73079184272034,9.485095127109439,2.6259492186717424,10.895295571841508
HDOK,PLOK,17472,43,42,-95,9,10,2,29,-86.10566682021512,-95.68279367974567,-95.57795519805673,-95.34444444408001,-96.22634872417733,-95.57744564659934,-97.2413392427406,-96.9771753471973,-95.48898794785322,-97.9517297965638,-96.28515878155899,-96.91576982918829,-96.1033161964093,-97.4140166874883,-97.14572493735241,-97.73024651679638,-96.74895920074869,-96.37696408898148,-96.70448613124529,-98.13033192841051,-98.28627477523679,-96.68300904089764,-95.62943006452902,-97.36532997894365,-101.57632326485817,-100.56636683427759,-101.79863297817289,-99.95502597520465,-101.41155934273532,54,-97.06899356552636,-96.91576982918829,-101.79863297817289,7.7044902744808015,1.687153809252208,7.7531520137173136
HDOK,PLOK,17472,43,42,-95,9,10,2,29,-84.97181752161673,-94.03112873287112,-94.389062663353,-94.00839565896413,-95.3354476679898,-96.92578027141707,-95.56602257887538,-96.77069069981417,-95.28704105447441,-95.40544929563632,-95.28774428754954,-96.2039710071715,-97.4600558527579,-97.27037237819246,-96.90270697613158,-96.84481728890506,-96.57340664708227,-97.13424176659373,-97.85319469381685,-97.16598529974551,-96.26016902556863,-96.34522892545583,-97.2326320729232,-97.20513778698268,-100.77988029699512,-100.71111579088661,-100.86334803994785,-99.19105344736587,-100.34364479474564,54,-96.5627428456493,-96.84481728890506,-100.86334803994785,8.239756474655332,2.010375338362967,8.425709463802276
HDOK,PLOK,17472,43,42,-95,9,10,2,29,-85.50192994276529,-94.48593630827371,-94.64092222626515,-95.37386718746994,-97.63242196582726,-96.13808549816328,-97.08740228571648,-96.04834532540804,-95.57417071384062,-95.5602868831348,-96.55299009676149,-95.23391631172802,-97.89824333853764,-96.34844944530747,-95.69934210203232,-94.67975343340727,-96.58683991428718,-97.00619120021393,-97.60936624467388,-96.26118020323239,-96.41518702676717,-96.50598398860498,-95.88792227188173,-95.6216755160108,-98.34208490376226,-100.31838131120257,-99.03982120359233,-99.90013769880741,-98.55853985504886,54,-96.29342670354224,-96.34844944530747,-100.31838131120257,6.298930409872128,2.5596620542529,11.350146763745807
HDOK,PLOK,17472,43,42,-95,9,10,2,29,-85.33354736770414,-94.70453054602439,-92.86711084666797,-94.28363384247382,-97.68336713575867,-96.18689706750622,-95.89083961848523,-96.48429545474384,-96.17386059431077,-96.56670654088333,-94.73793770838252,-98.21278716982782,-98.8645750344425,-97.05048240513344,-96.59919853413396,-95.88609627131,-97.7211895884128,-97.29724306630402,-96.26095661984692,-95.65803576541134,-97.78648501586834,-97.53600554257488,-96.26482953756833,-96.47554072493122,-99.04612388889991,-98.87022721745754,-98.78396661972694,-99.79590830511523,-100.19733859840763,54,-96.5248178147694,-96.56670654088333,-100.19733859840763,7.166669877150413,2.5139968829252646,9.785761259679466
HDOK,PLOK,17472,43,42,-95,9,10,2,29,-84.31829424812393,-94.67864572242556,-94.95641911434798,-95.88689056674477,-94.3765006107462,-95.36312676759398,-95.00221103350788,-94.69719887376992,-95.57721505386509,-95.81974291910258,-94.5577094731022,-96.57138195247995,-95.83643986477223,-97.22076626108871,-95.73339536823545,-97.71736107408915,-96.29547848316497,-97.45117863863211,-96.6897803729777,-97.45980178301848,-98.66009383945949,-96.04302513120604,-95.36211483335671,-96.97116385956087,-101.04697339838502,-99.87856142936984,-98.99635526848513,-98.92199287221784,-100.70348695709627,54,-96.30321744037677,-96.04302513120604,-101.04697339838502,8.376399502196975,2.1831581022415487,9.505127412120572
HDOK,PLOK,17472,43,42,-95,9,10,2,29,-83.98712033847815,-94.95433189122865,-93.2462242846124,-96.56336169007419,-96.29658493698554,-94.88362556167796,-96.97709123715062,-96.77592845958019,-95.79110199859888,-94.18715726396363,-95.13832484747971,-97.4057466948431,-96.92508056087524,-95.97069794335938,-95.90668459433176,-97.61142092289583,-95.80830129875326,-96.92955696325492,-96.94197250818019,-96.55186479126453,-96.83351580612866,-94.99440176200537,-97.17289618362068,-95.74784120688933,-99.57671845785205,-99.67990025449465,-99.09584724235391,-99.0892362137416,-100.02044495008855,54,-96.24355106430218,-96.56336169007419,-100.02044495008855,7.960310209556509,2.755706876059385,11.80866226264906
HDOK,PLOK,17472,43,42,-95,9,10,2,29,-85.81856008163105,-93.60631973772436,-94.02612706464285,-95.41250026124317,-95.56223131802292,-96.04906237406847,-95.56289166512444,-94.36830554362552,-96.063579214592,-94.92155028377852,-93.74510358054911,-96.64102006683865,-97.04701555700763,-97.46340414914499,-96.36961390226173,-96.35316173087162,-95.9880860035406,-98.00857062523006,-98.33813260392436,-97.30832597768872,-97.7032422041122,-97.31138474456468,-96.3487858656141,-98.14012057775282,-99.8959613231872,-100.1041973007297,-101.43748205294295,-98.20690898080218,-99.48675911887632,54,-96.45822082448595,-96.36961390226173,-101.43748205294295,7.582954125024654,1.764408562536415,6.733477070569101
HDOK,PLOK,17472,43,42,-95,9,10,2,29,-87.02678126294775,-94.11478950408203,-94.25218795978434,-93.44035531542823,-95.2311336849943,-94.92918570344554,-95.98182822966082,-95.80035998726868,-94.95668837226218,-95.1705618953115,-97.50251906924795,-96.37391818123896,-98.02768084435483,-97.30942243106867,-95.61388654606765,-96.65475718413724,-98.27228531938178,-96.95098120529781,-95.8687196081374,-97.47471451927389,-97.07349289762982,-97.48167863944775,-97.04685266098822,-98.609899407844,-98.67087526525145,-101.2895377354721,-98.1773860027177,-98.75258659402458,-99.07820402046409,54,-96.45287138093903,-96.95098120529781,-101.2895377354721,6.086485529889762,1.7361930604500995,6.3900952764848835
HDOK,PLOK,17472,43,42,-95,9,10,2,29,-83.16864865205622,-93.88372260450822,-95.23299639475619,-96.86446610300824,-96.69998737686768,-96.44606715029398,-95.74658434772523,-96.6685680062216,-96.74772113633323,-95.28360140846107,-95.76350352767187,-96.63497367143354,-96.30320080410661,-97.85126236749093,-97.69213753931045,-96.47508011598521,-96.87906938827007,-97.34003393041111,-96.02899298927461,-97.75143899209806,-96.64501226073736,-97.89096995017299,-97.65924989803814,-97.54977480695544,-99.40104166070756,-101.51330931128892,-100.49995882231404,-101.10137187489593,-98.9177446590443,54,-96.78070654311858,-96.74772113633323,-101.51330931128892,9.436414872442471,2.8685698292804744,13.113397890813916
HDOK,PLOK,17472,43,42,-95,9,10,2,29,-85.04078863159201,-93.68802902793875,-96.12058979505865,-95.39580024956074,-97.56826740045655,-95.17159882732633,-96.10326437319694,-95.34972088458827,-96.7077255780206,-97.07033773416666,-95.49438387552878,-96.57151299995114,-97.07213790678992,-95.72215380173746,-97.9575151714449,-95.60528525910807,-97.41418948437662,-95.50910116889156,-94.97559130357399,-97.06174723709834,-97.20596002115037,-99.10996545976927,-95.92118750933565,-96.65921017434665,-99.75557554547196,-100.60212070217037,-100.71479434643197,-99.61989971266469,-99.26423832582151,54,-96.56733422439893,-96.65921017434665,-100.71479434643197,7.750827719535684,2.244721671171278,9.418197124605465
HDOK,PLOK,17472,43,42,-95,9,10,2,29,-85.3384142555453,-95.77216536406948,-97.79881347469781,-98.08540561544805,-97.15349331752893,-97.64243197325513,-93.73485185396423,-95.50104431141095,-96.5104957350862,-97.2922291349766,-94.16696746182052,-96.32537016311103,-96.59846122972719,-96.19207990263533,-96.74360260957678,-95.77152692519523,-96.34967045020278,-97.4163041111114,-97.64627704332,-95.58702686473751,-95.77528344935804,-97.8518111650628,-96.96756222940026,-95.80040811177848,-99.15094519007155,-98.55582406689008,-101.54291238204875,-100.7007149799647,-98.76385805558411,54,-96.64606729060617,-96.74360260957678,-101.54291238204875,7.289333593672126,2.340677235000037,10.155820595893312
HDOK,PLOK,17472,43,42,-95,9,10,2,29,-86.06740077647197,-94.82727909277656,-95.20468235458696,-95.86725720582287,-96.47945634260726,-95.70493413664613,-95.00487908464572,-95.03882703061825,-96.97259530948222,-97.14205218630595,-94.47539243728507,-97.70512395863148,-96.14985127480203,-96.99760755682875,-97.71330116108054,-94.55038647189643,-95.87524318137038,-97.74412036704068,-97.9910114341244,-95.62937166413619,-97.5948144364643,-96.0795233460204,-96.7041135840097,-96.07450623283216,-99.59108840986576,-100.7403162485023,-100.3471022932591,-99.23658117346694,-100.04092937585298,54,-96.53619821129084,-96.47945634260726,-100.7403162485023,6.875527603450728,1.9173201307676777,7.904763935746329
HDOK,PLOK,17472,43,42,-95,9,10,2,29,-86.53247329875785,-95.61100965255334,-96.354600454603,-96.06655846178094,-96.91612070259715,-96.96909366392521,-97.4230974867377,-96.02550470859991,-98.2903950647475,-95.87796999760428,-96.89008649224509,-96.19393493532614,-95.4906014984221,-97.81351485148393,-98.3409692281233,-96.80299897673504,-97.41239334811762,-97.83161275143468,-97.48341087316989,-97.27927290846009,-95.99614784810309,-96.53564888612456,-97.08857978555415,-97.56397856448511,-99.2912962648326,-99.50167868361386,-99.8382711143029,-98.62560941733791,-99.28472340112407,54,-96.9424673558932,-97.08857978555415,-99.8382711143029,5.253078575432652,3.2007272440102943,14.511189835496895
HDOK,PLOK,17472,43,42,-95,9,10,2,29,-85.03786532798479,-95.98855727886587,-96.1428724895595,-94.13230303629537,-97.31099998785096,-97.21366244506015,-94.0078675143348,-96.21531649700003,-94.66159524371157,-96.57630475147927,-96.63634875753957,-98.04936139200161,-96.9785937864241,-94.68752542313162,-96.7375002684314,-94.57350943465052,-99.2844463475518,-97.52232296168128,-97.71147988015178,-98.07354549217146,-96.24559129257999,-98.38060342687221,-99.03740637826279,-95.5018738757517,-98.79432151025998,-98.21329567611501,-97.67866600584122,-100.08740244385926,-99.87731802825516,54,-96.5985674811612,-96.9785937864241,-100.08740244385926,7.423504011232253,2.6258486551919433,10.422267861938172
HDOK,PLOK,17472,43,42,-95,9,10,2,29,-84.72092211884112,-93.45610556265608,-93.74283327435684,-94.98923555203037,-97.04987041357391,-96.92134857517323,-95.13853511924472,-94.58568809902668,-97.00664906748261,-95.51676864982541,-96.6813032630421,-95.95872424952557,-96.48841556536503,-94.90539323629936,-97.58107213202896,-96.48841561775866,-97.24506019192548,-97.8282563708188,-97.48752537099708,-96.69207711949332,-96.43924137405949,-97.11217058578569,-96.51091620755803,-96.7677904566281,-99.26440831303228,-100.23067976413941,-99.53684975042195,-99.41504207870037,-100.6224927890931,54,-96.42702727134082,-96.69207711949332,-100.6224927890931,7.898537474161094,2.3771274729993634,9.677137050582568
HDOK,PLOK,17472,44,43,-96,9,10,2,29,-101.99377536586559,-97.0251634588712,-93.0347748004992,-95.58914462957871,-96.93752680498217,-97.22012278460993,-94.8289767743891,-93.93625742371356,-95.54059900175692,-95.57404153298678,-95.90208544726683,-95.65141248889329,-94.91386157116277,-95.25416053694387,-97.21198255705488,-96.08492267338109,-96.9716024402647,-94.50272173865875,-95.1713925853249,-96.28550113418345,-96.89238914879242,-97.29992770068371,-97.00264896370946,-96.45514455677075,-96.71430375366822,-98.40626479091647,-97.103423862286,-96.09360174080692,-96.47180088467334,54,-96.27825969492051,-96.28550113418345,-101.99377536586559,2.4423355501946986,-1.3291144788740106,5.3241877738195935
HDOK,PLOK,17472,44,43,-96,9,10,2,29,-101.68818290066777,-97.11332479677657,-95.33926443258115,-94.80622476777233,-97.50489898611472,-94.94789078396181,-94.97971178499874,-96.19886599211603,-95.36977532249435,-96.59201285600687,-95.77707844801093,-96.90119961450195,-95.73491018743853,-96.78902608506888,-97.75402080386485,-95.36223855663577,-98.16553755899572,-96.32093886456647,-96.30472870627614,-97.72705036574148,-97.45802949505502,-96.36710915338003,-95.6141880644404,-98.08851285504825,-97.60095665080472,-96.23666146095978,-97.53384895332466,-98.2379454229844,-98.24957990207619,54,-96.78495564733325,-96.59201285600687,-101.68818290066777,1.9829723800766201,-1.294856390251261,3.478329508430192
HDOK,PLOK,17472,44,43,-96,9,10,2,29,-100.8026731165032,-96.44323959274838,-93.96762413534873,-95.63099809226067,-97.15317860549813,-95.29167739897294,-95.78350317427686,-95.93994721034194,-95.87999902338453,-95.84210869624074,-97.87493835662492,-95.43609075775102,-96.59483509362818,-97.67720009269638,-95.57845623655052,-95.6113389728377,-96.59292389827155,-97.68398138412613,-94.87539694170951,-96.60077778278576,-99.02104327705389,-96.8321939404972,-96.98692413977574,-95.41427727290154,-96.33859704372644,-97.1754152747009,-97.40905052522835,-97.10573090987198,-95.89330332681897,54,-96.53232497493562,-96.44323959274838,-100.8026731165032,1.6974653419621277,-1.156797297938209,2.9232329426008525
HDOK,PLOK,17472,44,43,-96,9,10,2,29,-101.74661743576752,-96.6935233994365,-95.67577619383758,-95.64775471669836,-96.68109447486967,-95.49306814613134,-96.04781964357713,-97.15435777674051,-95.49174227816451,-95.40758961499,-94.68512530960365,-96.46422357312099,-98.12886532231781,-99.49078664450766,-96.60860897672468,-95.72820976105719,-99.52309049370315,-97.309351674073,-96.31994951939238,-97.6334222579799,-96.23091392953233,-96.96721936686718,-98.27262875999364,-98.60221434765815,-95.07724059280328,-96.92870185969655,-97.54024157650201,-95.78609938428325,-97.34921832129642,54,-96.92018811556296,-96.68109447486967,-101.74661743576752,2.3008314548382796,-1.2679728175881437,2.151309782645202
HDOK,PLOK,17472,44,43,-96,9,10,2,29,-101.82803971339582,-96.07388584046942,-96.57175633492918,-94.29411048527663,-96.7378857629587,-95.4527192396178,-95.2620558757201,-96.55889835498687,-95.48159838758214,-96.27333534814994,-94.06941203128119,-97.2375021624735,-96.47325464602366,-96.1747482260915,-93.17246848683743,-96.57001631194264,-97.75900930760808,-98.70817997401706,-96.28752392463389,-97.75419808258569,-96.70341415890806,-97.81424971375553,-96.57787546598794,-96.11596810263332,-95.43421210469438,-96.7189519842316,-96.70017653919498,-97.73117571670348,-95.62675323346845,54,-96.4883922591779,-96.55889835498687,-101.82803971339582,2.3570329318496412,-1.0543983799017314,4.320082492041685
HDOK,PLOK,17472,44,43,-96,9,10,2,29,-100.35254767806207,-98.6694071121169,-95.38056461593274,-96.5834891677928,-97.42120406390056,-96.36037835653553,-95.5508838076977,-96.04196748537876,-94.78885410388989,-93.74974035509597,-95.6846344534226,-96.52249477273216,-98.56565030458685,-97.26192265818372,-96.35269087372129,-95.61622897940286,-96.44479037393816,-94.61096815476532,-98.20261125161456,-96.27860497451195,-97.48649984143739,-94.26377052706287,-97.42589443282594,-94.98829306403756,-96.85647334595082,-95.90844328425793,-97.35912251183836,-95.74479091350968,-97.62989153611495,54,-96.48630389656267,-96.36037835653553,-100.35254767806207,2.0099048215545006,-0.4751458846004498,0.6190082435980213
HDOK,PLOK,17472,44,43,-96,9,10,2,29,-101.99077650148408,-97.34756935611313,-94.72954114551952,-96.15979386892022,-97.1927325841651,-96.17771717357063,-95.39816202254404,-97.20316187085542,-96.37461756341709,-95.95079572014576,-95.61723919679126,-95.07658644865687,-97.34117809783353,-95.10311929969032,-96.37229329667882,-95.59819178180986,-97.1227650841074,-96.20272263483854,-96.47738282134692,-97.61597241073206,-96.61972418914192,-95.80281814121047,-96.72311488104076,-96.34504702712998,-96.33544500787853,-96.74408962371079,-97.75994189793248,-95.63726376079734,-98.74116455127512,54,-96.6124457917013,-96.37229329667882,-101.99077650148408,1.8066036289707106,-2.239817713279411,7.902087883272447
HDOK,PLOK,17472,44,43,-96,9,10,2,29,-100.86539077290374,-96.57680079400784,-96.33711532505026,-94.69024674192043,-96.24045565754867,-96.01190104524926,-95.98715298484835,-96.01380514675188,-95.93588899183852,-94.3771361472219,-95.89088290320682,-96.71082027697918,-96.43604053042414,-98.12701188682323,-96.57423057532698,-97.22413799000047,-95.08719882951551,-96.34654552238534,-95.72179862114125,-97.99889410087256,-96.56539154476705,-95.7333258607367,-98.11823148343191,-98.18384235419148,-97.2815910638833,-97.02857940481755,-96.92364908573266,-96.21607306251967,-95.89399916240774,54,-96.58959096091395,-96.34654552238534,-100.86539077290374,1.510117279066713,-1.3511485586510958,3.8936060504054786
HDOK,PLOK,17472,44,43,-96,9,10,2,29,-102.15638285729821,-97.14579922768351,-96.4620949046385,-94.35392513241344,-94.96194230165474,-95.97333571220831,-97.53019191724631,-93.67139497566427,-96.7024973628125,-95.22311947977254,-94.08568329518016,-95.8270725324746,-97.7203330825447,-98.47414173231944,-95.61666600987282,-94.93219083034154,-97.80697310632222,-97.46051242798309,-95.95595251066177,-97.03679162265652,-96.78540533597477,-95.56030175560353,-97.68522673829209,-94.90540213593712,-98.60958675754081,-97.67565737389421,-97.677523984233,-99.30968985374365,-95.43261890995691,54,-96.64615220230779,-96.7024973628125,-102.15638285729821,3.07111101994945,-0.8718859881105345,1.8571596378025101
HDOK,PLOK,17472,44,43,-96,9,10,2,29,-99.73170042042885,-96.75140315966404,-96.09306093076748,-95.8603359648656,-94.94038099831357,-92.66873192975355,-95.96557950768435,-95.62838888145892,-97.74355610757556,-95.87038678637707,-95.08933596522469,-95.12285606928663,-97.1437476653695,-96.87704477588886,-96.28359117795698,-97.25049537325522,-96.49794165345752,-95.79115074595123,-95.8916222498911,-97.4645702353971,-98.02664415388688,-97.80520528263673,-95.30279168336017,-96.62803826012932,-96.40469588421834,-96.26991814182873,-97.72350988026575,-97.34873434985086,-97.12495453662454,54,-96.4586335438403,-96.40469588421834,-99.73170042042885,1.5910819829496954,0.3197712903078407,2.404639546390069
HDOK,PLOK,17472,44,43,-96,9,10,2,29,-100.5013897014942,-96.43200102139949,-95.67250432190504,-95.24453240025642,-95.68611157887729,-94.94195748642449,-94.72907343443543,-94.23640005877503,-96.20223665361442,-95.91476062710656,-95.8320337813929,-95.62557583336766,-96.57509350135356,-96.65488174494939,-98.60471793117657,-97.36659063047969,-95.64278671133137,-97.94482341421141,-95.9851765797588,-97.1066648440749,-95.74987151561876,-97.26033566466779,-95.78605948336377,-97.82993286376015,-97.25230127115293,-97.80934754963859,-98.23781299900614,-96.26499560118422,-95.334113428619,54,-96.49738215977227,-96.20223665361442,-100.5013897014942,1.7264961738737925,-0.962946453283243,1.450506972316703
HDOK,PLOK,17472,44,43,-96,9,10,2,29,-103.29950772897513,-97.62753370721117,-95.56856004152189,-95.80365497100726,-96.34699424735089,-95.24015861694862,-96.82947971623744,-96.57015032217785,-95.8996947040376,-95.08411462535872,-95.00152809011229,-97.24951978850663,-96.52666035440343,-97.69607805996006,-97.52313047269564,-94.28791833452422,-98.34287202288786,-96.40355694526743,-97.43750538337113,-95.45683380547602,-96.8082954488906,-96.55594009712999,-96.28181489910705,-97.51447477770091,-96.45299946940153,-98.98754931387431,-98.26211979280656,-96.87240436257896,-97.74160127161973,54,-96.88526384038416,-96.57015032217785,-103.29950772897513,2.6325331299899317,-2.032842103205606,7.413091573029634
HDOK,PLOK,17472,44,43,-96,9,10,2,29,-102.43746859992022,-98.26424998729934,-95.06398287688991,-97.18943429154865,-95.25808354922854,-97.22529404378692,-95.34209671903533,-95.76347976660111,-95.11942432294312,-95.09717643049353,-94.87728311142548,-96.72977993249704,-95.27877431507206,-97.42211824255655,-96.89500160881927,-94.93136990862558,-97.29756304077631,-96.45370893992673,-95.5334922502813,-95.02756695737679,-97.00773903241608,-95.47062089160929,-97.75028597243971,-96.1609109325286,-98.49340509842384,-97.46393670531123,-96.33951980164733,-97.41385333365679,-97.68513819193346,54,-96.58595720189898,-96.45370893992673,-102.43746859992022,2.415982186612311,-1.7901770204461631,5.468274859406797
HDOK,PLOK,17472,44,43,-96,9,10,2,29,-101.67247099254449,-98.01545589305093,-94.26194292979774,-97.00913539700001,-96.91874938754354,-96.19674390871063,-96.60431854500533,-97.43059985219597,-95.70932944516682,-95.70451634281066,-94.52260980506239,-96.27403226800779,-97.32941792036343,-98.64582569177453,-95.36968281555903,-96.88077873286709,-96.8556071843529,-96.18915977018588,-96.14726882764707,-97.72472949400621,-97.31994893473112,-95.87203085173304,-96.53839331031679,-97.5464927145497,-95.99745248820571,-96.55879257240643,-98.11702673736053,-96.41353812947241,-96.36402474399442,54,-96.76517502366974,-96.55879257240643,-101.67247099254449,1.8022714128426223,-1.4620061216552656,5.187677212590769
HDOK,PLOK,17472,44,43,-96,9,10,2,29,-100.89769805642047,-95.2888735587532,-95.6794624608986,-94.24678243102153,-98.09844699841571,-94.76935074678339,-96.73175024874823,-95.96845097347828,-94.53763258950072,-94.90240798260031,-93.7912583213571,-96.95569708966526,-96.9534827799799,-98.36819957015068,-95.9315922736521,-95.90145089997303,-98.04665516856876,-97.05164096055836,-96.94377251634579,-96.20544129038903,-95.31832912577715,-95.91917838943434,-97.77568013342179,-95.65620840094033,-96.62881159886666,-98.4490774471624,-97.07335877158128,-97.13336271843593,-98.11017169488476,54,-96.52876638612982,-96.62881159886666,-100.89769805642047,2.2391656156031794,-0.5954609528907855,1.0238573621731057
HDOK,PLOK,17472,44,43,-96,9,10,2,29,-101.25266718128991,-96.89221713783228,-96.49893016535384,-94.38063514081942,-94.95917185858367,-95.12450743798327,-94.71753525235931,-95.3523788101466,-97.0358212045997,-95.86328990174256,-95.09397738744627,-97.59731998267306,-96.59609056832906,-96.55161654195463,-97.57250740135093,-96.6476019891683,-95.95412106453962,-96.17900619662616,-97.09699176262774,-98.89898586128294,-96.033356985489,-96.643956323841,-97.84832101174132,-96.10376605876513,-97.96555980673217,-97.41126876782769,-96.93035859696394,-96.99562842953142,-97.58146889193368,54,-96.68203647308738,-96.643956323841,-101.25266718128991,1.8412046462080023,-1.111207508354612,3.169550959012786
HDOK,PLOK,17472,44,43,-96,9,10,2,29,-100.42036361501223,-97.67046975851542,-95.59510919637746,-94.42064325270931,-96.07234326762143,-95.34199828444382,-96.65708740501027,-96.15767423278496,-95.64128768553228,-96.44777180796187,-95.76746579256236,-94.71066610560219,-97.47045178298055,-96.17374214731197,-96.08828886899875,-97.87447411072601,-97.91390200454845,-96.82218896166691,-97.46156760973327,-96.91215264082675,-96.12586649755836,-96.22851582724302,-97.33560045262001,-96.81679531157573,-95.76604205225743,-97.52326470680121,-96.43288277712583,-96.49771629934182,-96.66737609297286,54,-96.58667960511802,-96.44777180796187,-100.42036361501223,1.2669980181615244,-1.086503984769816,3.4677125147833983
HDOK,PLOK,17472,44,43,-96,9,10,2,29,-101.00542517384311,-98.19575641597828,-93.28059560768557,-96.107014334171,-97.6803059495506,-95.78966602445357,-96.94004330076403,-97.4813847791982,-94.67364829310283,-95.7910808225839,-95.35229496179132,-97.72388355155343,-98.97514315144767,-97.46741775443223,-97.47556620131466,-96.42304181516263,-96.03908787762879,-95.90227580536829,-98.70786399902079,-94.9581859019341,-95.05898127907138,-97.2101138916994,-96.56076091727823,-94.2561415647575,-98.25997967066722,-97.43353947137119,-98.89698032352584,-96.55987130860977,-96.10702627267683,54,-96.76941642829802,-96.56076091727823,-101.00542517384311,2.5734332686242074,-0.24713267622352242,0.5474434401620267
HDOK,PLOK,17472,44,43,-96,9,10,2,29,-99.83955591885973,-98.10544547987915,-96.0026161907189,-96.28766822787154,-95.66527056845946,-95.38902755223249,-94.14035343997783,-96.18280983668288,-94.88940524180532,-95.24702937415293,-93.92810347071747,-96.73436335171013,-98.20235153461569,-98.07393226975128,-97.12937974339545,-97.1414082590094,-96.46278807325987,-95.65771394798973,-96.5398401758192,-97.03433683790738,-97.3865037326703,-97.91618269034167,-95.697522094501,-97.18547922978473,-97.19708531427499,-98.24762844256792,-97.20023142608012,-96.79619939568244,-100.29316691850269,54,-96.77839305997315,-96.79619939568244,-100.29316691850269,2.0620838413765012,-0.310671483709485,0.5162458977034912
HDOK,PLOK,17472,44,43,-96,9,10,2,29,-100.56530307390369,-97.81801172991804,-96.29663599575355,-95.65625593865296,-95.02677726096718,-96.17964290737508,-98.78479701892252,-95.83016833088261,-94.53558607583045,-94.82172453062913,-96.47920267090964,-96.06265718682806,-97.4951334062473,-98.31174551173692,-96.70428553701203,-99.02484342164108,-97.41678558818428,-96.94089867085653,-98.31168231384557,-97.19660439165055,-97.53005694122221,-96.25947984091918,-97.03228576771065,-97.09774955234563,-95.1244453431156,-96.92942817022866,-97.70550170092118,-98.5605218866256,-97.96502630564879,54,-97.02287024380982,-97.03228576771065,-100.56530307390369,1.8300303531143642,-0.2972441208559603,0.27208495691804213
HDOK,PLOK,17472,45,44,-96,9,10,2,29,-99.75643954055832,-94.66773036922577,-95.960118012267,-94.29032901422121,-97.02560907968919,-96.47466541497229,-96.80195406430144,-96.9229955052644,-97.33147638471748,-95.52402553218641,-94.94461425776964,-94.99553036568584,-98.3017639764878,-96.50532830690622,-95.04205660841909,-95.96319052260266,-95.30442287824562,-97.05895591966787,-96.52431524858847,-95.35934020442664,-96.5112970589021,-95.12560436148294,-95.83782053124935,-97.52821802846974,-96.26827877216782,-96.65135597449664,-96.79733000836346,-95.28399752436593,-96.4992622017936,54,-96.25027674715498,-96.47466541497229,-99.75643954055832,1.30803221047351,-0.8521027998919309,1.6381997488371591
HDOK,PLOK,17472,45,44,-96,9,10,2,29,-100.78983272179057,-95.5715384575786,-93.61677072652415,-95.86686722644394,-97.87688324309465,-96.68247218503055,-96.76645333791716,-96.04116032681752,-97.57236929172252,-96.51488200440372,-95.79909007120608,-95.18399979292573,-95.92020630142994,-95.14878422976989,-95.16599224826014,-95.97064014547607,-98.26608182712037,-97.45005525668384,-95.14306941231588,-95.7011815625624,-96.66146547604279,-94.75419181213651,-95.22663153150295,-96.57883526159932,-95.75764556318921,-97.51357520712176,-95.00385135223891,-95.40880662513149,-94.81205804724104,54,-96.16432383604406,-95.86686722644394,-100.78983272179057,1.8474469697369689,-1.3346157825233744,3.3323885295347258
HDOK,PLOK,17472,45,44,-96,9,10,2,29,-99.13806033629862,-95.27260900861287,-95.27702700752776,-95.12027821184542,-96.85546436371754,-96.58369925558884,-96.2927884132621,-95.75419118141711,-96.63900346982147,-97.17674277489695,-97.29710104765518,-96.74791934139053,-95.64500303342966,-95.00111545152986,-94.31892880484426,-96.5032471934852,-96.83150556080905,-96.00209807114197,-96.8226732960756,-96.0544226821684,-94.66873526875638,-96.58515227516776,-96.0502333528099,-95.50034994563929,-97.29781750021334,-95.66855767018271,-94.88304661829741,-96.04199851773372,-96.4254796036603,54,-96.1536292847579,-96.0544226821684,-99.13806033629862,0.945098529197083,-0.6362934381970803,1.6386622719731734
HDOK,PLOK,17472,45,44,-96,9,10,2,29,-101.2975999183037,-96.67267316993394,-95.59282506319738,-94.51655995980576,-99.09560632010138,-96.53990606039265,-96.10856747010666,-94.16126089795262,-96.60298082260469,-96.72649826441904,-97.47358197667305,-96.89485576158383,-96.57731028284786,-97.40675314481605,-93.46742849388374,-95.00903769207996,-95.85020443839362,-96.59752186441575,-95.48103303859176,-96.3970235303314,-95.9315331942652,-96.46430432179433,-96.57206674556623,-94.50454630179217,-94.43378147266372,-97.27062092466896,-96.62369352007816,-97.51057293951145,-96.01846699266186,54,-96.33789015804955,-96.53990606039265,-101.2975999183037,2.2324248940617446,-1.0011883814974145,3.260968462528226
HDOK,PLOK,17472,45,44,-96,9,10,2,29,-99.84326611951826,-96.78539728427434,-94.723222957774,-95.63016431261919,-96.71459010380175,-96.37013338076258,-97.68417622659771,-96.77119885081314,-96.1098175775476,-96.1079883869828,-97.11586246048553,-95.24166771502011,-95.45330639122923,-97.56907909411463,-98.04980570649435,-96.61887534543628,-96.5868640799189,-95.86751405576759,-96.9808713452795,-95.4572269783852,-95.195328498199,-95.11901526195653,-95.67549579488468,-97.6596000258955,-97.9670043005061,-95.7005185706036,-94.94046326304054,-96.01226424086744,-96.18197886612455,54,-96.41836886878967,-96.18197886612455,-99.84326611951826,1.253912538941549,-0.9649363726201338,1.3825130943514519
HDOK,PLOK,17472,45,44,-96,9,10,2,29,-99.23964860895174,-96.35618330374771,-96.85044263198431,-93.52605073683245,-95.36842345671418,-98.5004414637141,-96.76109491922102,-97.36730805439657,-96.43329446514578,-95.2877618601699,-94.16580763117764,-95.79645272829613,-94.66620290468747,-96.5099127896022,-95.96389899392963,-96.08494740925732,-95.4468179494516,-95.77738837841274,-96.72201372456475,-96.3722759280122,-96.21945705162115,-94.98735740367098,-97.88455064660866,-95.35067829676474,-96.47112975347193,-96.0883073628054,-96.04189501573008,-94.86087775080514,-96.87573715512532,54,-96.13711580603011,-96.0883073628054,-99.23964860895174,1.3974845466417096,-0.38312806028781327,1.0548502984591432
HDOK,PLOK,17472,45,44,-96,9,10,2,29,-100.69844167527064,-92.77310068662239,-95.40690359020175,-96.47832104313179,-95.21071690384414,-96.73290471464232,-98.18897401034424,-94.9400887996206,-96.31766786525763,-93.15320227486185,-96.47579308539399,-95.72851929940306,-95.28751456108685,-96.02054884173592,-95.6117656662971,-96.2910703362279,-96.80489123923373,-97.54855612443178,-94.8582397290948,-95.15171694723229,-97.28518821356857,-94.79116316244651,-96.61054635016858,-96.0579482682203,-95.8712684681666,-96.5573988500687,-97.09954038073015,-95.41958023726671,-96.3792836063986,54,-96.06037430796447,-96.0579482682203,-100.69844167527064,2.064212688494178,-0.602550166289692,3.3193387513272774
HDOK,PLOK,17472,45,44,-96,9,10,2,29,-99.00248523330332,-94.68523413089055,-95.26714440287182,-95.56168664916989,-96.15297719995299,-98.1395979523256,-97.5688182171707,-96.14461959803961,-96.48271320074194,-95.78383093150886,-97.80195292234079,-96.00741527574189,-98.00795978313813,-96.9792601918714,-95.81728978889834,-97.70584513091175,-97.03803503308073,-96.880663350676,-97.20337262327187,-95.12831786278919,-96.14184347407637,-95.1885923419084,-97.81680093019123,-96.38532151915317,-96.04558198360164,-95.64235056859741,-95.37590915798899,-96.4282686732908,-96.16388840311024,54,-96.50164746657289,-96.16388840311024,-99.00248523330332,1.0909566370905313,-0.47427888127787654,-0.42348375526997595
HDOK,PLOK,17472,45,44,-96,9,10,2,29,-98.64769863820115,-94.61980537467879,-95.00542034479038,-92.77138329562779,-95.41226767895739,-96.8705161974799,-96.7918834160434,-95.87168303339868,-95.47968900333873,-95.29332515842016,-97.4881051037042,-96.36904847105977,-94.94809210858283,-96.32520411337438,-97.59945451289173,-94.41008822528634,-95.24719215211937,-97.23108913252847,-96.09790426854705,-95.5428244193063,-95.65580065724595,-96.77525991071057,-98.01418740630399,-95.09596536011179,-95.77363567301585,-96.3480823528479,-95.67995829624213,-95.69999997297022,-95.85411376715355,54,-95.96274751879098,-95.77363567301585,-98.64769863820115,1.3701645915047653,0.053288263531649574,1.0987416180241651
HDOK,PLOK,17472,45,44,-96,9,10,2,29,-100.9524641539304,-95.05085770897445,-95.34977186961854,-95.529738237453,-96.47868655453185,-94.45934059681925,-95.0675804481318,-95.08441550932011,-95.30561070284533,-96.49685650213438,-95.46475340732317,-96.28918745027254,-95.29003943461652,-95.88487720834914,-94.65622093121817,-96.46233403290434,-93.89515098041863,-97.8893614675478,-98.05438634353885,-95.37126672081695,-95.87865282758965,-95.80978238044486,-97.14468893478205,-97.35588748305179,-95.25260406841781,-97.15315923345271,-96.58983709939005,-96.55245601222192,-94.25957392206497,54,-96.03550145593731,-95.80978238044486,-100.9524641539304,1.9092311474433488,-1.5481754243780423,4.168539260942389
HDOK,PLOK,17472,45,44,-96,9,10,2,29,-99.76414405638376,-95.74025678867953,-95.90360719824388,-95.49105017823067,-97.75988173254996,-97.60966278136246,-97.54407022625374,-97.18106324533377,-97.4748499411789,-97.76015693174932,-95.454614325595,-97.0685351249864,-94.28128669578028,-95.1668031814874,-95.88117395393687,-95.06457313671787,-96.70258164910307,-98.24713118809251,-96.16157464805228,-97.94103979370433,-96.26339635037318,-95.82031122361079,-95.69559716554511,-96.48798783953252,-96.03227125618254,-95.67498917478345,-95.4330149624637,-96.94310414331645,-94.68261523189683,54,-96.45625324569403,-96.16157464805228,-99.76414405638376,1.4485304458918251,-0.5964377257551892,0.3567002198339515
HDOK,PLOK,17472,45,44,-96,9,10,2,29,-100.69175347658248,-94.37929209769001,-95.22269130901442,-95.439964032166,-96.26946716711154,-96.74551949561128,-97.14096408437837,-94.73203375643115,-94.75574631443222,-96.23847285997896,-95.41189500084086,-95.73508443094443,-95.66574703073019,-93.32393027634424,-95.81005272034824,-96.7328019996953,-96.39277641528695,-96.68435568167452,-96.09706387540412,-95.9546402100698,-96.77142768700635,-94.79087223661013,-95.85003070721277,-95.28040861892175,-95.68242709915774,-97.01199113557536,-98.0649766021033,-96.49469122677448,-95.50651153397966,54,-96.03026169248542,-95.85003070721277,-100.69175347658248,1.656709256241252,-1.3900971330555345,5.111188020702528
HDOK,PLOK,17472,45,44,-96,9,10,2,29,-100.61627706846144,-95.51698340928577,-95.47870044793231,-93.83961007605848,-98.84638593235067,-96.3981235452229,-96.18947382874063,-95.67271376757364,-96.0359582367945,-95.17783285369737,-95.85385092581382,-94.51612324795383,-95.14867052739046,-95.62206249011153,-94.91020555826978,-96.9264418171418,-95.69627147313078,-95.9852548289241,-99.33461612681822,-96.66087649343902,-95.31681802398771,-96.22396834693609,-95.36981439852423,-95.88401032352937,-96.91660043198841,-96.50236335328326,-95.67689905828743,-97.12552567818244,-95.65743840703045,54,-96.17585760954691,-95.85385092581382,-100.61627706846144,1.895187518163375,-1.6182258565690322,3.364208116567243
HDOK,PLOK,17472,45,44,-96,9,10,2,29,-101.30244515286168,-94.91787004983786,-95.58560657382415,-95.08512525434178,-95.94240450699382,-96.79432966663867,-96.89001291397419,-95.3545434443398,-95.85865892302799,-95.4238270719359,-96.80751543847586,-95.33341779478387,-96.50667455837723,-97.84472407174027,-93.68872349502949,-96.07706261766685,-96.06467721471944,-96.96640781057297,-95.90527097223841,-96.39735589158487,-97.13852571770937,-94.47591142509052,-95.0065932618588,-93.98392753616179,-94.8626574644739,-96.660791306597,-96.25882314517077,-96.73415235242585,-95.46146982725516,54,-96.04584501585201,-95.94240450699382,-101.30244515286168,1.8943241760472087,-1.7204408434910035,6.298269588533726
HDOK,PLOK,17472,45,44,-96,9,10,2,29,-101.34281613584555,-93.79638558004865,-94.49169551856674,-97.46563807611223,-97.3910967949133,-95.11039737647906,-97.8814764838734,-96.07069657654588,-96.55810158240354,-97.11355407723961,-94.68666331520464,-96.93995680467137,-94.77371165500179,-94.8548662116576,-95.12724122028543,-94.75801315563069,-96.4865405601099,-98.4156279175625,-95.87004949412676,-94.8566343149367,-95.75367966806573,-95.32040956590421,-94.69685055088914,-96.49040227055555,-95.59045214979622,-95.8130991069779,-96.1967788592787,-94.60084724319157,-97.23448808039741,54,-96.0582127705611,-95.8130991069779,-101.34281613584555,2.3054289741569054,-1.4768921478826074,3.544701130428875
HDOK,PLOK,17472,45,44,-96,9,10,2,29,-98.91763132063855,-94.399292927388,-94.86755809356279,-96.71623611079002,-98.96977504729624,-96.44986346934125,-97.7017643208716,-97.37980970731249,-96.32583143525362,-94.41392786995,-95.46217257967301,-95.30549022591055,-97.03686877850846,-95.05348503082986,-95.96836397640946,-97.21430914372598,-96.14083431847195,-97.46395611760582,-95.28472560929848,-97.1028145797588,-94.80607963306885,-96.51077505614765,-96.51026840596349,-95.90095119016375,-95.6228953432117,-95.62292503278853,-96.42420938939581,-97.77009547926964,-96.12412597031444,54,-96.3264495228593,-96.32583143525362,-98.96977504729624,1.3759249598957175,-0.43314958800846953,-0.10236678351856021
HDOK,PLOK,17472,45,44,-96,9,10,2,29,-99.53817897992697,-96.90322835836366,-94.36103794584668,-95.21536812664847,-96.82441414074775,-96.7816211865932,-94.24328333552086,-95.77374586436652,-94.86342889985585,-95.88652546955754,-97.77506711890697,-95.20496944777534,-94.38955255461113,-96.13735641963015,-95.43981386890064,-95.24480958347196,-97.57044849363355,-96.02603505826181,-95.68380409388608,-97.55419738913471,-94.82626539899076,-95.08524750433702,-97.22709845639989,-97.73686862703586,-97.10488443666884,-95.65798053685171,-96.24440492035446,-96.27995474981435,-95.3194115323589,54,-96.0999656033949,-95.88652546955754,-99.53817897992697,1.4833450326647697,-0.7048698131427196,0.5038687881886035
HDOK,PLOK,17472,45,44,-96,9,10,2,29,-99.90384721337443,-95.32648783656506,-93.3148700493992,-94.5207401050605,-98.32235334692922,-96.82243875497556,-96.29084121670722,-98.02280829137433,-98.54355801269124,-95.47314258435674,-95.51039195881746,-94.76980815104588,-96.61767562821522,-94.71469283715727,-95.96154292399085,-95.95752677788795,-97.07463591958536,-96.02568987078786,-97.53916399313478,-96.20820533338518,-97.34035543883938,-94.66782893959017,-97.60322954786422,-96.05926162498496,-97.29241470378484,-96.0886646147891,-98.19863078093006,-96.08703934150894,-96.86232230522987,54,-96.45241958975737,-96.20820533338518,-99.90384721337443,1.962604057156275,-0.17173726443670057,0.2353305049080494
HDOK,PLOK,17472,45,44,-96,9,10,2,29,-99.82613641584918,-93.08335425664588,-96.04673093244799,-95.95187750317449,-97.41580517090244,-94.64397464805167,-98.04993244642998,-95.43928937328842,-95.02432900605659,-95.95633440544677,-95.95962771002235,-95.70924253635263,-96.2889869411182,-95.50915709357139,-93.697215982198,-96.39621038832996,-94.11060533485258,-94.94585714124278,-97.72262838195415,-96.17338332910185,-97.88777687365194,-94.51603616111433,-95.86527732367452,-96.70726620852271,-97.02465572519968,-94.04090130802713,-95.54016569995034,-97.35129072770069,-97.82538352185752,54,-96.02446319126679,-95.95633440544677,-99.82613641584918,2.1564715400230203,-0.2898005571448155,0.2799572882895589
HDOK,PLOK,17472,45,44,-96,9,10,2,29,-98.70080944010226,-96.64388407884024,-94.26998788045178,-94.80289062353556,-96.21405158366427,-98.52894446243907,-95.77529221749343,-95.56413796079562,-96.26141669514692,-93.9932912819221,-96.37402294556625,-95.38531411290728,-95.15153155525115,-96.21952208943986,-96.59807171065358,-96.37868003315634,-95.75608961442893,-97.20834872885585,-95.20819047579927,-95.7981921306214,-98.55336434530075,-95.71545993342473,-95.04599798887136,-95.84941940516391,-95.04424098155806,-97.69950097330175,-96.57342461002217,-94.69628166055108,-96.25889188899271,54,-96.07825004856063,-95.84941940516391,-98.70080944010226,1.3841169912725544,-0.6743937204976156,0.3005535736281906
HDOK,PLOK,17472,46,45,-95,9,10,2,29,-101.63343335937806,-94.63738617790135,-93.74323197894142,-95.73478174052698,-96.22380827682846,-97.72414721005262,-97.32338729725367,-95.72915713051076,-96.53647141487437,-94.9854727768624,-95.80229002362228,-96.16590674475437,-97.41927990830999,-98.06989858573246,-99.57751124399745,-97.97782777778839,-96.39294044635108,-97.7305331582207,-96.31293197316846,-96.97931632835984,-97.00885068281478,-97.63972438418465,-99.10701820377108,-97.18526542881023,-97.3950338845011,-97.47421300656195,-97.3723542486873,-96.85676975254785,-98.02093459735713,54,-97.06068543940243,-97.18526542881023,-101.63343335937806,2.246948373491215,-0.5971972819246513,2.228797597790082
HDOK,PLOK,17472,46,45,-95,9,10,2,29,-103.86724428642991,-95.10857527287942,-95.31301151229428,-95.12718236037402,-95.35040295159253,-95.85509327691692,-97.38779560563412,-97.13060666904919,-96.47794180491243,-96.97611847798571,-95.89992687025273,-96.40171107370124,-98.35109523434129,-97.34915213859492,-95.91054334194646,-96.63853131873586,-95.89916874020678,-98.08800019948684,-96.4858392806646,-97.67501458854369,-97.32774445851082,-98.74297610126193,-97.71295872141245,-96.44388109734902,-96.60942342505986,-96.89048306103082,-96.87142998028416,-98.47970922546095,-96.19507733574261,54,-96.98505649691914,-96.63853131873586,-103.86724428642991,2.6374509705348874,-2.6423982579228897,10.347100417107251
HDOK,PLOK,17472,46,45,-95,9,10,2,29,-101.85473780519995,-96.15393551547751,-94.8002661612122,-94.51193629020726,-98.37553910217073,-96.35337986955726,-96.11406388654713,-95.82200595955743,-97.00280228853988,-94.07309415558655,-96.3665422433364,-96.56558733988471,-95.30267462317006,-97.47119868779838,-96.68136958922122,-96.30246350596754,-98.5378449637325,-96.20518232931138,-96.21212370676011,-97.05498118560907,-98.43196136013889,-97.01053075727246,-97.42616137937866,-97.23029836498816,-98.2567025213311,-97.30986783095737,-96.38362778256918,-98.71691242984876,-97.0263057818002,54,-96.88117577300457,-96.68136958922122,-101.85473780519995,2.1773852500200737,-1.045170060354742,3.3218649102091002
HDOK,PLOK,17472,46,45,-95,9,10,2,29,-103.4577798420338,-93.5567103275239,-92.85343648526461,-95.61430902281504,-96.08182862079178,-96.10249402757984,-96.56310649533268,-96.62372167802734,-97.09715383067156,-95.14418902999117,-96.3289480177105,-95.9415889905317,-95.62360088082603,-98.4358338306247,-95.63410381124268,-94.72033237895309,-97.48880179847771,-95.93298179533848,-97.84613210456251,-98.07226897892654,-96.28142120406436,-96.72930660647475,-97.65434670249977,-97.11878568184439,-96.86963811105156,-95.55169447552635,-98.03006499888582,-97.4505098935549,-97.96364443815592,54,-96.64719772618218,-96.56310649533268,-103.4577798420338,3.29895227622077,-1.4162227766484947,6.125329979497991
HDOK,PLOK,17472,46,45,-95,9,10,2,29,-103.09307646062163,-95.00551784113831,-94.84938196640182,-96.86217225591743,-96.794528326045,-95.60250471486869,-94.5097675598803,-95.81734655726989,-96.00281318595249,-94.28401055496185,-95.65342480129318,-97.79451287182766,-97.37021059704004,-98.73452926062832,-96.88342190239193,-96.79004754439161,-98.01299342035851,-98.23326732427526,-97.71326283278795,-96.87568417770709,-96.12049532121736,-96.76924296222461,-96.34154888839795,-95.70711409180652,-96.72285237792393,-97.69909218202804,-95.30895490202708,-96.6555172463713,-96.99310907501635,54,-96.73104831733696,-96.76924296222461,-103.09307646062163,2.648655611390988,-1.9325435227362768,6.979529971437824
HDOK,PLOK,17472,46,45,-95,9,10,2,29,-102.45291525426349,-93.90649259071758,-95.32481683289299,-94.42996472167978,-97.53549913459413,-95.59929785013617,-94.63672513708086,-95.12626697593628,-96.78399204874273,-95.55355403006094,-93.82028146280749,-97.47134674617513,-97.3038799768933,-98.36607745865966,-97.60079595025246,-97.49456074711982,-97.15467224985146,-97.38131020787385,-95.08961300085105,-95.94171333051311,-96.22577944855006,-96.00321897334682,-98.03436537437824,-96.96916720508968,-98.25061224343382,-98.18344646764021,-95.74238879650649,-96.5089829103875,-96.05333471783503,54,-96.58431282221625,-96.5089829103875,-102.45291525426349,2.87485658007306,-1.1541345795909252,3.537049303957438
HDOK,PLOK,17472,46,45,-95,9,10,2,29,-103.59157529175452,-92.66720604315474,-92.75035486992711,-92.89350580918857,-94.47184606675586,-96.30931623549637,-96.51006464689607,-96.03333194152393,-97.23175649878537,-94.32108731609084,-95.66613021186465,-97.06024127851784,-96.70847657108673,-97.4679506122393,-97.88357443411388,-96.85080332820162,-97.81794681492018,-97.90625947006394,-97.52870246738884,-96.66407650977801,-95.77282601819347,-96.08817194552347,-94.24951944422622,-95.93525256338955,-97.17869350295487,-97.06685297341991,-97.69178586601862,-97.28347766816654,-98.41911640056396,54,-96.48344492414498,-96.70847657108673,-103.59157529175452,4.24475829876613,-0.813490415657216,4.023082776633691
HDOK,PLOK,17472,46,45,-95,9,10,2,29,-102.18442402408901,-94.8978589296446,-94.52902739691682,-96.68004493959738,-96.64998296514968,-95.60874140209599,-96.03636732948416,-97.38568410695939,-96.21482794592151,-95.67528823004436,-96.1768324887102,-96.32789293266259,-96.37106068358517,-96.02564428030074,-96.18115260190005,-96.39487666490709,-97.2916809104724,-96.80206314239463,-96.52654838263406,-96.64123130880182,-95.67088951284195,-95.57053656808137,-98.7573163853337,-98.110562050284,-96.78073488098454,-95.91440587384689,-96.77748001472452,-97.47628849094785,-95.73287490784274,54,-96.59973515003998,-96.37106068358517,-102.18442402408901,1.8480704033891757,-2.464468485056522,9.120292271568513
HDOK,PLOK,17472,46,45,-95,9,10,2,29,-101.98411448294239,-95.68815044422985,-94.05204089847388,-96.0063578501958,-94.5291179016873,-96.60601832008967,-96.7399234153607,-96.18531153149334,-96.2574342304936,-96.46473874530324,-98.17965945897772,-94.95752611526915,-96.75649923194047,-98.06263707518256,-97.74807271273205,-96.18129169671695,-97.2558596919733,-97.661408384424,-93.59720667304461,-98.18396387327925,-96.06107594532259,-95.43232782823732,-98.09122813572021,-98.01669286991509,-96.40737082041223,-95.95227283187066,-95.87021454522875,-98.9668682005991,-95.93967094468746,54,-96.68396740882079,-96.40737082041223,-101.98411448294239,2.617954524668061,-0.9417237698976872,2.7515730058046013
HDOK,PLOK,17472,46,45,-95,9,10,2,29,-102.6731551999115,-95.28951965994108,-94.86257119860454,-95.89030622067868,-97.43041344120877,-96.0569354729928,-94.88181960281513,-97.81307376774113,-96.67760533690253,-95.87697495013137,-95.56935008466242,-95.19130566078833,-97.05620199978502,-96.41245261426215,-95.32488400881904,-96.41768080812442,-97.16373959003636,-96.83300364821933,-97.56003375980322,-97.22264352777168,-95.78287789134335,-95.09809740175227,-98.09492854637351,-97.22463097041427,-96.20047803550929,-96.56582683603109,-96.71244075991156,-99.4880547675979,-97.47456704421023,54,-96.71881285539115,-96.56582683603109,-102.6731551999115,2.3830549134353123,-2.0576268648179314,6.59929906231446
HDOK,PLOK,17472,46,45,-95,9,10,2,29,-103.91399986393276,-97.59053841216097,-95.61054630635923,-95.83277570375128,-96.73789217714062,-94.84025241567764,-96.59281404626948,-97.2643025757945,-96.60549946678374,-96.75814066274684,-94.66052493405368,-95.86480945069448,-97.94975616270804,-96.52914119158793,-96.97444752020819,-94.96754896457936,-98.7447763365745,-97.84632713589862,-96.30800638431924,-96.78530796271646,-95.7591155472023,-96.88211932245595,-94.98776351794535,-95.50500557419913,-96.11039305853184,-97.7948590627791,-99.34832000356633,-96.9390628356977,-95.71363639522062,54,-96.80750631005365,-96.60549946678374,-103.91399986393276,3.044486934089828,-2.38619360332262,8.574070376134621
HDOK,PLOK,17472,46,45,-95,9,10,2,29,-103.42832361124627,-94.26430595631199,-93.49278907268007,-95.12548834938566,-96.24375512825358,-96.52847673784386,-96.64368456216135,-95.02870609179271,-96.26457872705377,-95.96667971097672,-94.14218039947234,-95.51816943922661,-96.59682925005391,-96.0429701214569,-95.95109444729596,-96.04229763447425,-97.814429041834,-95.81664749153965,-96.41550679992079,-95.30926791426295,-96.3059239341736,-95.17835939604392,-95.88066938868661,-97.69619378877168,-97.03062032895816,-98.20786409387465,-99.15881520521856,-97.39511997538621,-97.55322141009214,54,-96.44975751753272,-96.24375512825358,-103.42832361124627,3.21034863038078,-1.9809429127705196,6.993378954689419
HDOK,PLOK,17472,46,45,-95,9,10,2,29,-103.26648131850227,-95.03966615313394,-95.31899348635206,-94.08595331123846,-96.27687990670191,-97.14716815096313,-97.00420382088276,-97.23755578027763,-95.820324503887,-95.61206555717334,-95.70677171687038,-96.16178661079329,-97.59388897451305,-95.17772181149486,-96.88397101571506,-96.94515135237435,-96.70427398963548,-97.64238255369067,-97.513092477941,-96.37680307994914,-96.18495057457429,-95.3711074177145,-96.35280702506898,-96.77390586617805,-98.11637949244688,-96.72709093369933,-95.83142717616082,-97.11410074894407,-96.9718706063577,54,-96.65375087631844,-96.70427398963548,-103.26648131850227,2.364682112938165,-2.631923715091746,11.283810530130072
HDOK,PLOK,17472,46,45,-95,9,10,2,29,-102.05742301740771,-95.37492057906933,-94.21967318386643,-94.3084957153048,-96.70313338220957,-94.84383756356205,-96.0176234084935,-95.91724690325596,-95.62079328146226,-95.88190300128383,-95.88375994548056,-95.03985402318793,-98.64820536691724,-97.61156949617727,-97.66014291109451,-98.69350265544139,-96.14646795620438,-96.5332649518796,-97.26064859852931,-97.07959676150205,-97.38833194369552,-97.66459234881708,-97.74898378209458,-95.61446526645074,-97.85981054901985,-97.26014914497246,-97.02903051925355,-97.53125654877813,-99.42380278285756,54,-96.86284433062993,-97.02903051925355,-102.05742301740771,2.5936334785236066,-0.9774566392821927,2.3402956310591345
HDOK,PLOK,17472,46,45,-95,9,10,2,29,-103.06559374379141,-95.73484532547664,-93.34504367963658,-94.04643140434224,-94.59510595099135,-95.53681539360647,-96.10221176921262,-96.88284652080331,-96.48602582313964,-95.50858290613678,-94.36075918113393,-98.02905488758891,-96.73902320348728,-97.38777330539406,-96.07364057417925,-96.8222747301382,-98.11502225903908,-96.29651174117099,-97.44623719338283,-97.64951221489085,-97.267526103725,-98.33402306733471,-96.88875416279308,-97.23951644732362,-96.48599940461075,-96.48629240683728,-99.48557496014705,-95.83375176205723,-97.25222912095894,54,-96.74127514632173,-96.73902320348728,-103.06559374379141,3.148570444921173,-1.2765208591822936,4.625000089870271
HDOK,PLOK,17472,46,45,-95,9,10,2,29,-103.62739989544617,-93.53314421888416,-96.31367408134356,-95.0017597663138,-97.1790563823728,-96.72503737002303,-96.33997396239126,-94.97699729633842,-95.99058613762298,-95.0986747203534,-94.27035886648986,-95.26871625209661,-97.52909535617945,-95.9279402449281,-96.43988011791987,-96.01505689786894,-97.08755762984993,-96.25664901190504,-95.29715553985075,-95.37585036146645,-96.58141762346716,-96.9630225192673,-99.24850695777327,-96.86476291977952,-94.87653152523636,-97.84447284593709,-97.21711436749196,-97.19714992135619,-96.67272598810341,54,-96.47311271648474,-96.33997396239126,-103.62739989544617,3.156889872694773,-2.196370966696626,8.27795860421259
HDOK,PLOK,17472,46,45,-95,9,10,2,29,-102.78339540850065,-96.06391197974439,-94.80117282354097,-93.79349273978414,-97.31704425901283,-96.98092248003672,-97.81037505866625,-96.94430945133168,-97.06810958884583,-97.01751286268788,-97.09773428373052,-96.27645013535131,-97.64701071779528,-96.21832766588373,-96.65573336273481,-95.28872778873665,-96.85991965140036,-96.30484620948359,-98.69663253430383,-95.52233552549691,-96.61645609434748,-95.41120962807959,-96.47420705731672,-99.3521169992698,-96.45723694746904,-96.0925956962102,-96.68193088727332,-98.16745057900256,-98.36681194615458,54,-96.92303380559278,-96.68193088727332,-102.78339540850065,2.5220492647581523,-1.5825994474853629,5.5104592722336125
HDOK,PLOK,17472,46,45,-95,9,10,2,29,-101.92019276720602,-95.87399933401093,-93.51356211159532,-96.61868670893621,-97.03934550820793,-95.77384152657491,-96.59754137275515,-95.32768295646032,-97.01123628507175,-96.47080455360447,-95.91320854273454,-95.91435232761307,-96.94336225968665,-96.87530094560712,-98.15304896540361,-96.00156479586039,-97.6224096138426,-96.5616731977601,-95.533366664291,-99.12767786700464,-97.9953632470866,-97.35014066967872,-97.10053710139641,-96.9734864267963,-97.5984265204189,-98.25376006007531,-97.13739926646264,-97.83788639597725,-97.34299701359326,54,-96.97871913812797,-96.9734864267963,-101.92019276720602,2.012507185649475,-1.0286041528170202,4.6699519613583735
HDOK,PLOK,17472,46,45,-95,9,10,2,29,-102.57898346413216,-93.98050898197322,-95.62951710333805,-97.40490851407307,-97.70661510704704,-93.81541570205889,-96.7812509683736,-95.60496998169587,-97.51626281039535,-94.7435036291688,-94.49401640221983,-97.27024064454938,-95.43863753638728,-96.66884644519044,-97.74570025110742,-96.81638235229121,-96.20781950932218,-95.66610127891433,-97.08318827085498,-97.19949323787375,-96.77673163945313,-97.56794457941707,-96.62917559070986,-96.46851065441271,-96.64172057722779,-98.18457269312499,-98.09272326927068,-96.81162786522385,-98.12829591528211,54,-96.74667810258927,-96.7812509683736,-102.57898346413216,2.59265894522618,-1.1987283594952733,4.955469035077309
HDOK,PLOK,17472,46,45,-95,9,10,2,29,-102.38096392809409,-95.57783653604086,-94.46093343574367,-93.66355296219122,-95.55366442539864,-95.07017175560348,-94.7346918182251,-95.95099012993207,-97.52880247853231,-96.1465237347387,-96.49263120283135,-96.25523287065342,-95.21372102976245,-96.86218293920018,-96.6403072648235,-94.68437091654634,-96.2257956193206,-99.78231951618781,-96.76054148080605,-97.00115980961584,-97.04240019040324,-96.82430532884153,-97.96499533259754,-96.45068109375335,-95.4265812826833,-96.10338589492163,-95.54255362259593,-96.90377311642672,-96.97451598504203,54,-96.4213650241901,-96.25523287065342,-102.38096392809409,2.6376979806290093,-1.7816558012610844,5.5139648023077275
HDOK,PLOK,17472,47,46,-96,9,10,2,29,-101.54262835553939,-93.90318660255403,-93.64579094079251,-95.16264319735758,-99.11998132987262,-97.35306591442078,-95.48590341550903,-94.99730117281226,-96.34104639840918,-93.14398037380042,-96.1841686106989,-95.35406825068725,-95.2204943773174,-96.85774550382209,-95.76739902816277,-94.57263900812244,-96.7715366380533,-94.91855200344853,-96.04899235239175,-94.1895601280981,-94.5780341638937,-95.63874572605567,-95.4533684160813,-94.81952284828812,-96.0499375068029,-96.02235010809677,-94.8832483867649,-96.27663920186971,-96.10981135569465,54,-95.7383565970834,-95.48590341550903,-101.54262835553939,2.5723409849694754,-1.7560558978948198,5.148936519612352
HDOK,PLOK,17472,47,46,-96,9,10,2,29,-101.40675259510797,-95.14317237543787,-94.63898186454173,-94.67443653387527,-96.0470413485629,-95.95586772037983,-96.30588969542048,-96.4556667950127,-95.49247019594901,-95.1804870057752,-95.3070750084284,-96.01047513181733,-96.56975272132937,-95.53061027504482,-95.25580093926925,-92.82637582097266,-94.65054614990757,-95.74895239010243,-96.40094838855767,-95.73947915420935,-95.96188524157947,-95.99005390432247,-94.98330872957865,-94.77905207490875,-96.20682083116326,-95.84646791007299,-96.15171358004328,-96.68626564076175,-95.81023957463876,54,-95.78470998609556,-95.81023957463876,-101.40675259510797,1.7363063889558357,-2.3419082629612213,11.484576603260535
HDOK,PLOK,17472,47,46,-96,9,10,2,29,-99.8442990004291,-95.56384415701568,-95.89885733496602,-95.35801214700713,-94.90603905854802,-95.6518549793506,-96.79914435621922,-96.17969666134893,-97.30041863231997,-95.85430179605501,-95.3704326454408,-95.5754953020748,-94.8225662423107,-98.33403155316671,-93.91649613188285,-94.48716730423213,-95.53227893277395,-95.56538786495763,-97.48430565048812,-95.33598750810651,-95.78797012067083,-97.53849096652604,-95.80299421291559,-98.76543850564738,-95.65098849481093,-96.83458517221715,-95.11846538206576,-95.05625207579398,-98.86679958195226,54,-96.17940006107908,-95.6518549793506,-99.8442990004291,1.9329000116535324,-1.0276180622922466,0.5432490512547932
HDOK,PLOK,17472,47,46,-96,9,10,2,29,-102.01256696090941,-96.7877071133398,-94.37391274208463,-94.44758066453821,-96.46540126125751,-96.37127389047866,-96.88245710460274,-94.56027544610593,-96.08514922541573,-95.22762459740558,-97.37761284219654,-94.61026356831053,-95.38626257652422,-96.74597084508162,-96.14244190458137,-96.06952415859007,-95.28131344866291,-97.1104712546897,-96.56468382372572,-93.73692975825975,-96.43507029958624,-94.99879637041634,-93.31928068124535,-97.59106929609919,-94.95771416312785,-95.61400168842812,-98.2144264475329,-95.03776760669821,-96.87883161716175,54,-96.04435797782955,-96.08514922541573,-102.01256696090941,2.6311219097821668,-1.5353228727559962,5.078813774968525
HDOK,PLOK,17472,47,46,-96,9,10,2,29,-102.06659990627874,-96.06094472209986,-95.10873844221214,-95.17705580572343,-96.6547224759068,-96.42112717301414,-95.09806263422668,-93.46406808155902,-95.75453416131208,-97.39025593556714,-95.45996466367502,-96.00432984319407,-95.92943565251252,-93.45146366068853,-96.42199694453747,-95.68507600552579,-96.59157410259681,-94.94358007712623,-94.59180117193398,-95.49820042713694,-94.00758771736909,-96.07888541534378,-96.45268638708676,-96.49571711546893,-95.49446946425384,-96.14967600475717,-96.06168299533395,-97.86041743946043,-95.84361726787336,54,-95.93856109288878,-95.92943565251252,-102.06659990627874,2.309541081532063,-2.0571967614103652,8.441648612790662
HDOK,PLOK,17472,47,46,-96,9,10,2,29,-100.47374120541957,-96.12965819556219,-95.89834212431312,-96.42216651681193,-97.32465789620059,-96.61302655918638,-94.81108417679975,-95.3321174422521,-95.28477123528242,-94.48087748322344,-96.05296791211376,-95.49032876492359,-95.3446246437902,-95.94432750039199,-95.5837310571023,-97.23532662068453,-94.7885411145798,-96.7398332744635,-95.79275913627153,-97.1386276531471,-95.11503205803798,-96.53707653801877,-96.02887629068306,-95.46084353892545,-96.23457883386547,-96.91296791864944,-94.68320502755748,-96.53021977580205,-95.14330585310933,54,-96.05267642576443,-95.94432750039199,-100.47374120541957,1.2999395887894636,-1.9439303831292116,6.566724096430722
HDOK,PLOK,17472,47,46,-96,9,10,2,29,-100.18936550898576,-95.6288247285821,-94.91935689189751,-97.81705539524602,-98.40521236251432,-97.17990652437746,-98.29059661127187,-96.46926758325895,-95.25281097250183,-95.8844178801777,-96.8714464456843,-97.38769272003992,-97.09944097340131,-96.82390049976084,-96.96520752317628,-95.65212950371827,-94.95773227957294,-96.10679290874104,-96.96557609190005,-94.71538520429509,-95.32617215184611,-95.8859678132738,-96.00540022992277,-96.4175670982824,-96.02097504120846,-96.33287400034263,-96.35208442902554,-94.89814470744815,-95.87787921506578,54,-96.43790287225926,-96.33287400034263,-100.18936550898576,1.4215249574851858,-1.0975953900962943,1.9417093704788928
HDOK,PLOK,17472,47,46,-96,9,10,2,29,-101.82650299807484,-96.13397882930403,-93.52714905253264,-97.05967176200318,-97.29422972773699,-96.53367109252565,-96.90222015225463,-96.03754107911311,-95.38698790211791,-97.77331745753484,-95.82415106079648,-95.78925295673352,-95.78299892275234,-95.51492211091123,-94.56497966667237,-95.15364286333491,-96.10306138892398,-96.8820597800198,-95.9670533329821,-97.37201372401829,-94.15738772511446,-95.95775650621111,-94.26518459574176,-95.27879307686204,-95.03285383557045,-94.67677538693631,-97.07308162513236,-96.66101235844339,-97.19435205965381,54,-96.12850355275887,-95.9670533329821,-101.82650299807484,2.2570419822928667,-1.6603319149037665,6.012824029599601
HDOK,PLOK,17472,47,46,-96,9,10,2,29,-98.91941329389671,-95.80961367733154,-94.60449233279395,-96.4474773894339,-97.92844455369527,-95.37811423912719,-97.0840161666334,-96.33036274917578,-97.04529766843625,-95.40332905724586,-94.8766891792106,-95.08593722611079,-95.21652122830558,-93.45716599892882,-95.73967792521965,-93.80512710972577,-96.44123417107691,-95.82632299678312,-95.11805207075174,-96.99103206136756,-95.04915916398686,-96.28991500550212,-96.64281345169321,-96.3858674451568,-97.26089280187708,-96.15209025414575,-95.41178171573557,-96.08323399730641,-93.78108167801645,54,-95.88155712443692,-95.82632299678312,-98.91941329389671,1.4353657089941434,-0.1544320369950826,0.461148131966191
HDOK,PLOK,17472,47,46,-96,9,10,2,29,-98.95164617210557,-93.48574712764791,-95.75283412581759,-95.28072669762048,-96.7839488922942,-96.56019912676955,-94.84735463863133,-96.98651679525545,-98.110865785496,-96.22175192528665,-96.696376953231,-94.63595837124805,-95.31980153206489,-95.87506255750404,-95.69249436538888,-95.69482509005793,-95.86213643666801,-97.00803330301349,-96.51831807912879,-95.76414236919041,-95.64684103624349,-94.97457576409938,-98.81537947650493,-96.56746226237945,-94.71396467498816,-95.5369528276867,-97.73511480673238,-97.62404394587634,-95.76431821478785,54,-96.18715149495583,-95.86213643666801,-98.95164617210557,1.5068633337996824,-0.42161511513644934,0.3168534881298286
HDOK,PLOK,17472,47,46,-96,9,10,2,29,-101.88167309622256,-96.00773256626668,-95.84782841372052,-94.99320158871606,-96.74321744394912,-96.57842688858317,-95.67580626672078,-96.70287093720607,-95.61959648628056,-95.44909838846468,-95.94949139500858,-96.49664465513729,-97.33002467327225,-95.39891599081099,-96.04188215635364,-97.07570836163812,-95.2197598331489,-97.37456667728436,-95.6959186376171,-95.59434826509894,-94.77048264019172,-98.1527047071833,-94.95154391432455,-96.10254593908955,-98.27923719193478,-97.26663408747285,-95.2225777376092,-95.30891997458951,-97.35603226404044,54,-96.38232383372195,-96.00773256626668,-101.88167309622256,1.9515709355189894,-2.1981331701372224,7.089107088521729
HDOK,PLOK,17472,47,46,-96,9,10,2,29,-101.17217841161244,-93.9899558897895,-93.7577618087077,-95.9907694097507,-96.36060966550068,-94.86111517876591,-94.94457780074752,-97.86930106849883,-95.9779340595069,-95.16279848944302,-97.05391832989677,-96.19367932410682,-93.92948136300316,-97.31269083628301,-94.9647060226847,-95.04962791359571,-94.464852639095,-95.8955913138836,-95.26245083922463,-94.68257578334386,-96.02522677307881,-95.19774056107885,-94.87389185165132,-95.33554596169776,-96.12996974408958,-96.44131862943041,-95.66886051727316,-96.08663579255808,-94.8626346841984,54,-95.70753105732747,-95.33554596169776,-101.17217841161244,1.9942229971486347,-2.021227921629978,6.644186639073617
HDOK,PLOK,17472,47,46,-96,9,10,2,29,-100.47662827943046,-94.04400520178623,-95.15246115261375,-93.18204895779662,-96.65371150529835,-95.4717553894489,-96.26402415667377,-96.7139843751314,-96.3451498898618,-97.77299553707076,-96.1999453776374,-94.6931611615152,-96.54738954188161,-96.7176685178669,-95.04656976050052,-96.13972488876617,-96.6963560684255,-96.25021064219176,-95.74358567262594,-97.1345489624246,-94.217513563495,-94.74433330441477,-95.90584515188698,-95.83713377028023,-96.37162499330661,-95.54817629375789,-96.81292229718315,-95.29485295837615,-95.25864667066058,54,-95.97368876007961,-96.13972488876617,-100.47662827943046,1.699465545460669,-0.9953778391140496,4.0219103953532525
HDOK,PLOK,17472,47,46,-96,9,10,2,29,-101.86989291305429,-94.63292773881095,-95.04854263480415,-95.09639957222133,-96.51867919701255,-97.83401619542371,-95.77060756237529,-96.57081417965578,-94.81196781478683,-96.95570635965835,-95.41133026560928,-96.25926419298312,-95.80275098484279,-93.71975078792731,-94.74597889013893,-95.85376839034468,-96.48322995997259,-96.10712164399739,-96.47923380255783,-93.51963397365472,-95.3603735827875,-95.87704371680081,-97.38115473755663,-97.2190225731161,-96.55472423914613,-98.00056934717145,-95.88819739634687,-95.29681033421919,-97.08780078710699,54,-96.14335564738222,-95.88819739634687,-101.86989291305429,2.3268051290971568,-1.6293702151139098,5.7828562630908635
HDOK,PLOK,17472,47,46,-96,9,10,2,29,-99.69961990765646,-96.25859923524482,-96.07569889025163,-94.12601231383934,-97.69228564579022,-96.32489136772514,-96.92562614326509,-95.968555324718,-94.75288154505874,-96.43556153012815,-94.93924373544453,-95.02258496610595,-97.09587106873475,-95.56817841909313,-95.66411063428404,-93.60723104614135,-95.98339341336406,-95.82680589831651,-95.64359810144894,-95.8785224072109,-97.1631720113266,-96.56516461819488,-96.08467299174333,-96.14058337002002,-95.77185173481166,-95.23075283159353,-95.98503961510438,-95.28649515796893,-95.6118452570071,54,-95.97685686833078,-95.968555324718,-99.69961990765646,1.2175693508935586,-0.9895239170134044,3.7018314553280613
HDOK,PLOK,17472,47,46,-96,9,10,2,29,-102.05476481836212,-94.25521162630882,-95.77787237250375,-95.29837764655875,-97.72083252489556,-97.28173317030584,-96.6680180732074,-96.13118504892901,-98.44776244198937,-94.54236890251285,-96.65300627618971,-97.7616656574536,-95.63678136663215,-96.26665738668062,-95.8975176254839,-95.86394002529444,-97.93050877735591,-96.69390198409631,-96.05167602830122,-95.08574528650868,-97.44240102582498,-96.16296237146776,-95.96171076762808,-97.58958915087344,-96.41677557780774,-95.90013031179218,-94.32928733158727,-96.80744836589142,-96.52175944339513,54,-96.52246866847719,-96.26665738668062,-102.05476481836212,2.16748157435659,-1.6911925209190388,5.733063651425615
HDOK,PLOK,17472,47,46,-96,9,10,2,29,-100.35393736825817,-96.39288358707134,-95.43741483216807,-94.23076263019718,-95.49482249839727,-95.90216805399336,-96.1402381335407,-96.0483194498051,-95.02831125391157,-97.04898437191461,-93.55880399599283,-96.10336376838455,-95.43010407623773,-95.62073939759298,-95.98617026097303,-93.75296831283595,-96.47290185179597,-96.85082088928229,-95.41425356906561,-95.3327846595077,-95.49965434495746,-97.46263657055323,-97.29531227104464,-96.14321918075254,-94.9822799967161,-97.76150459215405,-95.72472383823606,-94.55410068919248,-97.33034418907019,54,-95.97774236667595,-95.90216805399336,-100.35393736825817,1.733156817325449,-1.0102891698088214,3.0318294673868436
HDOK,PLOK,17472,47,46,-96,9,10,2,29,-100.33035407575707,-96.37386040079906,-96.69829337055612,-95.4465141619515,-97.06319166259803,-96.8356388856988,-96.52845337564146,-97.81196655879738,-95.34004998955642,-96.9616183050404,-96.7689109139897,-95.73884774216828,-95.65368665040607,-96.01123750505691,-94.35961321329708,-96.3309487150715,-97.2264603476418,-96.05441399671577,-95.81781052578732,-96.10082897820733,-96.50146596298279,-96.3662602080554,-96.13877249924175,-96.61241579486669,-95.75002813931953,-96.99599917587494,-95.91921429424346,-96.88715231206955,-95.2047776894882,54,-96.40788915347865,-96.3662602080554,-100.33035407575707,1.0345875249174914,-1.7519910417454037,6.840383711158578
HDOK,PLOK,17472,47,46,-96,9,10,2,29,-102.12258883188825,-93.17842506166731,-94.21751483609953,-92.84172692819486,-97.75868199553322,-97.7309705386929,-97.75651008946781,-98.1757729472141,-94.60199896756889,-93.92921133085545,-95.03948442410011,-95.40295657663599,-95.91914572654377,-96.26076344713779,-95.53769004437284,-94.70158452877145,-96.28666573675874,-95.32057137526714,-96.016642545064,-95.8204085446801,-96.96031700468905,-93.705776914637,-95.82925828993302,-96.42757750816406,-97.40171127960497,-96.39146119501063,-96.959120543386,-94.49109193813717,-94.64828843802876,54,-95.91151439958985,-95.82925828993302,-102.12258883188825,3.3066351444127977,-1.1687434686856886,3.2937385788980236
HDOK,PLOK,17472,47,46,-96,9,10,2,29,-101.17725958407678,-96.0227730673293,-94.8373808009288,-94.11173819160874,-95.29399198752384,-96.05809397097325,-95.41561643295012,-95.2511018247662,-96.58971361662819,-96.35977003349333,-96.13466423240962,-97.46258609224604,-95.81900422890395,-96.507229497769,-96.66227043854707,-94.82455493780806,-98.12582509063185,-97.01494947946713,-96.23157188467685,-96.57097506637449,-96.76440892886033,-96.6689991142054,-96.95717565940159,-94.8795837037496,-95.91577225639497,-97.27732102141145,-95.62902191428196,-96.09947051360642,-95.08443514991846,54,-96.2671468524463,-96.13466423240962,-101.17725958407678,1.6399236950752454,-1.825387685689637,6.398506286732758
HDOK,PLOK,17472,48,47,-96,8,10,2,29,-103.88262181283469,-95.36470832955938,-95.6384053603287,-95.74655494441227,-95.98797683568117,-96.10349484184022,-96.48317766552123,-95.45403343926557,-97.3414455459103,-96.51282278667408,-97.38358028643007,-97.54967974086308,-97.62592479374392,-96.1879418746857,-95.04884887609231,-96.31026448703972,-96.05160375334987,-98.24620170532263,-98.2777470444773,-96.95540045479058,-97.59137422009529,-98.50562865894398,-94.70266809916674,-98.61310093659606,-96.03125337377045,-96.65497939900838,-98.96583748110646,-98.76587118210651,-98.95010863380136,54,-97.13562953666957,-96.65497939900838,-103.88262181283469,3.102940227952505,-1.9003861520032654,6.081822312607473
HDOK,PLOK,17472,48,47,-96,8,10,2,29,-104.63668759203641,-95.46883093539772,-95.09285066691032,-95.06457702773234,-97.32586126985662,-96.27978083034279,-97.44428351940255,-95.9229784689974,-97.23815561384076,-96.56252705217362,-95.30791820111244,-97.15619217756793,-96.29596932023905,-97.1696558466307,-96.92458898271495,-97.26142461139425,-96.64817183683134,-95.58960222071333,-97.88176047998665,-98.37524430296413,-96.04939886078249,-98.40758177190158,-96.44432199962749,-96.2891464111134,-97.67041309378719,-96.88052347813351,-97.13663737304391,-96.02910226084465,-100.18770438630536,54,-97.06006519284088,-96.88052347813351,-104.63668759203641,3.2319181606395526,-2.740769277242791,10.295478541976435
HDOK,PLOK,17472,48,47,-96,8,10,2,29,-101.72223918046181,-94.82876295783501,-95.75222353990178,-94.67018050586354,-96.84794648083016,-96.95050631015508,-96.92727764591956,-96.78488536634475,-97.50007431974848,-95.80808070376669,-95.96885556947139,-96.85294814970668,-95.79312231719834,-96.49886566415064,-93.75077989761138,-97.44098948205743,-96.46248313647577,-94.68596731540984,-96.72691954080635,-96.13072253452638,-97.86877852368445,-95.89205149791503,-96.91914067166047,-97.42627027857826,-97.03084754532767,-97.59453600803123,-97.63186260861345,-96.06002244509607,-95.48721640090821,54,-96.55222608958812,-96.72691954080635,-101.72223918046181,1.9326494823061267,-1.380355953150909,5.7075181617983315
HDOK,PLOK,17472,48,47,-96,8,10,2,29,-104.02922414265367,-94.1652907971828,-95.78764535993379,-95.63050757300374,-99.19183023294394,-96.5622026091348,-97.31938275920903,-96.11215536053584,-96.76496833720414,-96.01256630295626,-93.70973013608126,-96.87028326210533,-95.17990322671638,-95.38191931911591,-96.85465283377387,-96.30723317056174,-97.92402119601546,-97.25492253132394,-98.24865793089015,-95.27184295933142,-97.69610577090786,-98.44356905268128,-95.69106384340263,-96.12260212741117,-97.0656133112916,-96.71239781024592,-96.87747713750812,-97.82165304996772,-97.69718085425355,54,-96.85195182752908,-96.76496833720414,-104.02922414265367,3.314673961123529,-1.95653532282614,7.43493962437193
HDOK,PLOK,17472,48,47,-96,8,10,2,29,-104.21998079525824,-92.66818784630135,-97.13566170390206,-93.20384874437516,-97.27543350860756,-96.78854495472972,-98.53106875268925,-96.78771591980815,-96.64610401195158,-96.70022563744384,-96.34944354335212,-96.46785508193004,-98.12063462832208,-97.92874695961098,-95.74581762955762,-97.41319341810699,-96.62043333746465,-98.54397054625119,-97.29504703350085,-95.78493799192195,-96.58676365696522,-94.86043903498046,-96.69964309628942,-97.2291811904659,-97.56817082094736,-99.30398631258196,-98.18747713581979,-97.77747276897766,-97.85656420138855,54,-97.11367414701729,-97.13566170390206,-104.21998079525824,3.779399283434655,-1.0576037118276085,6.015249925015642
HDOK,PLOK,17472,48,47,-96,8,10,2,29,-102.42952590213298,-96.69066849313228,-95.32103708665254,-94.73619570524913,-97.00586194473475,-96.27038338619765,-95.64428320886834,-97.41319552467068,-96.5310952174502,-96.17792638244696,-95.22286021283841,-95.89522534864052,-96.44623381042713,-96.43742617160011,-95.07499283756468,-95.16011668035343,-94.86629198504173,-98.00307229596922,-97.62870156899193,-98.10342244150006,-96.74902534769517,-95.64884059682151,-96.28005397134915,-96.82115837081545,-97.61470534643541,-97.95202021103542,-96.09138424488259,-96.34831114058332,-99.52930824730066,54,-96.69287323039245,-96.43742617160011,-102.42952590213298,2.374332453479312,-1.8911294198831778,5.4939569824394905
HDOK,PLOK,17472,48,47,-96,8,10,2,29,-101.67494841266759,-95.93374916763906,-95.21106494970545,-95.749730680225,-96.58995166550736,-97.05454429235085,-97.94977859023568,-95.92165290762335,-96.81325197695351,-97.40133437102945,-95.44116272032633,-95.07485778036045,-96.31869364049926,-96.5421432357095,-94.52459997430931,-96.02988191570758,-95.79208888894651,-97.53292801117495,-98.44746512900282,-96.5581622849205,-97.29353513026322,-98.97435548696846,-98.69347600542595,-96.71140449626516,-98.22681400331999,-98.11004637630816,-97.5840654435885,-95.69457837603922,-97.95203298273489,54,-96.95869996192441,-96.71140449626516,-101.67494841266759,2.0922214281620004,-1.0692711952524694,2.342372018745318
HDOK,PLOK,17472,48,47,-96,8,10,2,29,-102.98389397157999,-94.82760206072187,-95.7089752732427,-94.55840458101432,-94.04824749864696,-97.34119998322103,-97.55603709889182,-96.44504976119332,-95.67332517059387,-94.91895818207732,-97.53314736763909,-96.58384245872014,-96.46464441829929,-96.66119801830321,-95.49775751819807,-95.67276134392908,-96.42842873256207,-96.0709246122213,-97.42457872169436,-96.38087263873398,-97.57953761638719,-97.49712822568262,-96.25962724027954,-96.60119940569516,-97.83176495136762,-95.19256082033571,-97.34069510712585,-96.97903487756477,-98.10349084605224,54,-96.62637546558531,-96.46464441829929,-102.98389397157999,2.5123112779254497,-2.032263556961313,7.9853578692947735
HDOK,PLOK,17472,48,47,-96,8,10,2,29,-103.09561762759539,-95.80929760344284,-95.75545403989985,-95.89051072445129,-96.45272486829076,-97.64529002479593,-98.23540215992514,-95.66424164915254,-96.51448666481241,-95.51479230813027,-96.80139252349522,-96.43700702131547,-97.72093448976563,-95.55360826337271,-96.15366631075368,-96.674510354014,-98.3177879949925,-98.88203892952446,-96.17693298383222,-96.06786243756777,-95.8210117233967,-95.90534584968256,-97.6645888057673,-96.6098937882932,-97.3915164385365,-97.90109654722009,-95.78605241716727,-98.28922470442603,-97.25623329505322,54,-96.96512146719563,-96.51448666481241,-103.09561762759539,2.2672779364474147,-2.4215700852875908,8.36608464184477
HDOK,PLOK,17472,48,47,-96,8,10,2,29,-102.6709866114377,-94.93567260483022,-95.1343925418756,-94.83014206006858,-97.43663780442762,-98.4579179915614,-97.31919561092482,-96.74066224654374,-96.81512873821652,-96.13030987086279,-96.74665734757473,-95.93712207038307,-97.57913535510309,-94.59429312703334,-97.43478698395822,-95.13132418843233,-95.65078477975872,-96.30423032500742,-98.79197231437469,-95.40088693759952,-95.75391154618292,-96.78850691393822,-96.5999339694404,-96.50873929668381,-97.8342897956286,-96.9515360365443,-95.93128964174768,-96.21786696248327,-97.71437261199816,54,-96.70147194084902,-96.5999339694404,-102.6709866114377,2.3908163058770486,-1.9381431846721546,6.481835390768438
HDOK,PLOK,17472,48,47,-96,8,10,2,29,-101.74076098726269,-95.5132046266801,-96.07354997127497,-95.79374626759174,-97.19475397146883,-98.84837893504165,-97.6876346488081,-96.35501440187731,-97.38618413551781,-96.20189145422934,-97.56179067571824,-96.7277929001065,-95.62345363601041,-97.06001708454687,-94.54965975976549,-94.62421010592269,-95.8067927578475,-97.0481221957488,-97.37174365068533,-96.05334822461515,-99.2295009171547,-98.36831853003685,-96.83328215525194,-97.19922670870564,-96.60572357052938,-96.40002869820309,-97.64254295821699,-96.80307179103679,-97.67171379666445,54,-96.96467101781101,-96.83328215525194,-101.74076098726269,1.9592339889490964,-1.2411129653736288,3.543455220613214
HDOK,PLOK,17472,48,47,-96,8,10,2,29,-103.57291585088954,-95.84599294875628,-94.65792788158421,-95.08175140703887,-96.83169185163577,-95.95931757639981,-97.28290056601064,-95.6284199528355,-97.09749815470767,-96.90460797387759,-95.43579721608852,-95.62219622054339,-97.69081547650985,-95.8582042414946,-96.85427653581776,-94.90366567649488,-96.17078052164533,-96.24464744294293,-96.31331692936477,-97.36893192943764,-95.73550866628827,-96.97141341960526,-97.44877254694583,-96.68068677804972,-94.76219563271555,-98.91610617394866,-99.52126020831282,-95.97466473304652,-96.88904852391249,54,-96.69742458747936,-96.31331692936477,-103.57291585088954,2.9153974055047835,-2.3914470963375667,8.205346178868998
HDOK,PLOK,17472,48,47,-96,8,10,2,29,-103.26934679766768,-96.15110224107066,-94.13819491161904,-94.7539226220582,-97.72177356019608,-96.8022661374742,-97.55767277798294,-95.41359594421185,-96.34447469652638,-97.29205776502953,-96.12072759034643,-95.09521136580058,-97.52161416566516,-96.60747832179432,-96.52884654562828,-98.28642862518333,-97.99735219521779,-96.18100536763473,-95.63862436933763,-98.99614754410723,-97.37886793180124,-95.23204106694745,-100.3581739766569,-97.35662005149452,-99.15911714745064,-96.76181075691429,-97.8403484868709,-96.66933086277484,-97.61424636751397,54,-97.13063448941303,-96.8022661374742,-103.26934679766768,3.1538222260333444,-1.3976074310276845,3.7838340203679564
HDOK,PLOK,17472,48,47,-96,8,10,2,29,-102.44862486212118,-96.04775002746268,-93.04441679517882,-95.81437692990455,-97.44317842211841,-96.80147929112378,-97.19067045129451,-94.5283070513162,-97.99026580533909,-95.55224275869108,-95.97871345048483,-96.40126161649576,-96.60785177208233,-96.79995852867539,-96.31217483210617,-97.46136951916188,-97.61626099766555,-95.10878910430085,-95.77933116053093,-97.99424899143752,-96.77055809670276,-97.42486749573371,-97.36307900789399,-98.20709726152185,-97.397595689461,-98.54341974958862,-97.89840146669026,-98.88696010643685,-96.70958979960646,54,-96.96975313934921,-96.80147929112378,-102.44862486212118,2.57271858032946,-0.8035711643494338,4.262125794491052
HDOK,PLOK,17472,48,47,-96,8,10,2,29,-102.38170685555556,-95.23612217649429,-96.39376723391156,-96.41306349034848,-96.9899483218344,-95.87767206086176,-97.84413422894038,-97.49439174094638,-97.67636000751178,-96.12319743724727,-96.74103495706883,-96.96512910348166,-95.48700807041496,-95.70676325361015,-95.2097614033532,-96.06398136048487,-94.27986556963135,-95.14375017762585,-96.53009942031382,-96.1866045954553,-96.3138039585789,-96.6734180419289,-98.10325829577349,-96.37362647437773,-96.67092238271958,-96.92293953180827,-96.22045434403125,-98.0050809754527,-98.49761813198467,54,-96.707775296612,-96.41306349034848,-102.38170685555556,2.0604390343427967,-2.0579281009373074,7.446326227280538
HDOK,PLOK,17472,48,47,-96,8,10,2,29,-101.99250823149237,-94.04444722758734,-95.45736230864517,-94.89099634579335,-98.6454699477183,-96.77828729534073,-97.05896237149847,-96.72040102863721,-95.49508121460339,-96.23271480929253,-95.13106603289239,-96.45643354856479,-97.02433876986069,-97.50119808017367,-95.32109426585055,-96.44948033692982,-96.59687581752019,-95.8693274827788,-97.8367231176236,-96.42119912311804,-98.04450099488298,-96.77964624554528,-96.10163672435726,-96.94579710965176,-96.31391742416912,-97.1822514470536,-97.44809358110888,-97.32292498305493,-96.89784329157659,54,-96.72277859163178,-96.72040102863721,-101.99250823149237,1.9433868955217795,-1.6287614905378038,6.142312643474909
HDOK,PLOK,17472,48,47,-96,8,10,2,29,-102.64027780174773,-94.1518925110889,-97.29550034258418,-95.57588775783807,-97.64455768615997,-96.3014053897744,-97.11077700233012,-94.80444462640102,-94.85899530849149,-95.88659714170136,-96.4143219397501,-95.45041252585203,-97.02193095863362,-98.68197882458375,-95.65329388027828,-93.55576846707943,-96.22021281539767,-95.97940691726114,-96.32522013010907,-99.39731781219078,-97.33423796596864,-95.56512647848493,-96.20838663853414,-96.30780207651951,-96.39306041313587,-97.17233830394909,-96.99768228598735,-97.74516644987905,-96.1130362300679,54,-96.57955298902687,-96.30780207651951,-102.64027780174773,2.7790292777616954,-1.5762081894410378,5.079015270208551
HDOK,PLOK,17472,48,47,-96,8,10,2,29,-101.66417961877535,-94.32910906625072,-96.14717029570792,-95.0943914894606,-99.09259448971252,-97.08909770957388,-98.15385349734288,-94.64795647226731,-97.20528270801145,-97.04129534108252,-95.85909552575318,-97.61772541359407,-94.98847279660997,-98.66623326042566,-94.92826559269717,-97.45709479261346,-96.49441753914313,-98.7976565668958,-97.51697733868401,-96.59269085068695,-95.14508909572808,-96.06497942613393,-95.28790176369343,-95.89201657990493,-98.02458830373617,-97.84131712500933,-95.83741754903542,-97.31493022266807,-97.76299490751417,54,-96.84671708064522,-97.04129534108252,-101.66417961877535,2.519011504601748,-0.7778850827331127,1.285732846064024
HDOK,PLOK,17472,48,47,-96,8,10,2,29,-101.97650132119587,-95.12711826655493,-96.28039210382322,-93.7415858583081,-99.55592032360177,-97.60943982001466,-97.25744479264792,-95.72995747099364,-96.04554754753926,-96.4949892944256,-96.56085373351718,-95.52902842748436,-97.75656479531884,-94.78023639761932,-95.47203667079795,-96.40275325471193,-95.06675205049258,-95.75983122875098,-96.61591437219056,-96.00915726864083,-97.60792727903382,-97.89694258621161,-98.82041083802612,-97.11094790582955,-95.58571464734496,-96.73355021692775,-97.81440588057136,-96.72936378460992,-97.58187456702298,54,-96.74666078290372,-96.56085373351718,-101.97650132119587,2.4791585833524583,-1.1919633187310483,3.06247756652822
HDOK,PLOK,17472,48,47,-96,8,10,2,29,-104.37077815019103,-94.09767502396042,-95.61970412151514,-96.080621730849,-95.94316093629881,-96.26904849247762,-98.20573817567987,-96.36773547296902,-95.21875417818949,-95.16172865472872,-93.01892337392376,-96.08914247981618,-97.1632324190033,-94.73645556296373,-97.09315603695228,-98.25986372223545,-96.95521046862073,-94.40540046611814,-97.81629789072471,-95.49764474289988,-97.50168129479945,-96.02719528731268,-96.70548591144201,-97.51282663409663,-96.32199418963309,-98.97318259664243,-97.31269926371718,-97.95829744896943,-99.36771194364242,54,-96.7603912644956,-96.36773547296902,-104.37077815019103,4.120672647046418,-1.627456817915298,5.7611685689700085
HDOK,PLOK,17472,49,48,-98,8,10,2,29,-102.93421438039321,-95.33720929076458,-95.4390483791285,-94.7631293696802,-99.87278894899723,-98.2638842903349,-96.98366461545372,-95.73693299095538,-96.3635035034286,-96.36399387657534,-95.78499505361123,-96.87213544955715,-96.48651312299613,-96.0412529127413,-96.31791334713436,-95.64635226957392,-98.60506766142312,-96.34050482603001,-97.91452270183527,-98.04837852992094,-96.37867132434043,-96.74065611876672,-98.12899650565708,-96.50786341263917,-96.42289649339226,-96.97755028863067,-98.30555074112326,-97.73185492723509,-98.65032705865472,54,-97.10208180658532,-96.50786341263917,-102.93421438039321,2.5710454145721546,-1.746579449862853,4.731409987817111
HDOK,PLOK,17472,49,48,-98,8,10,2,29,-99.92030511737165,-95.49105147577447,-95.55621217800815,-94.86655101670415,-95.66460296674283,-96.18779417004205,-95.45427097741212,-97.05639288359868,-96.22104523397977,-97.14251951971788,-95.54269035627972,-97.16517828335733,-95.30733830741197,-97.47131379845878,-95.65397283973645,-98.33399624673343,-96.31283589959077,-96.5398069989616,-97.67063843113405,-98.02394817266449,-97.20884325001279,-94.62334334036143,-97.78800440851876,-96.11636154678575,-96.70156221340868,-98.25920871966657,-100.5662346142788,-95.25085587490248,-97.47544599951249,54,-96.74387327038373,-96.5398069989616,-100.5662346142788,1.9581123261315525,-0.8939685027906649,0.8091016504189281
HDOK,PLOK,17472,49,48,-98,8,10,2,29,-100.5127686135896,-96.56887569416266,-96.26278119889365,-95.28971729645438,-96.92534675470864,-96.25679614134512,-98.11689037512237,-96.41293236654653,-96.04505093098182,-98.24450910529666,-96.89581846144176,-98.71279754812818,-94.39965581739295,-95.32087311324602,-96.61243154816944,-97.6319189340766,-98.69192893520483,-96.83484409833277,-95.37559701362899,-97.42242907767725,-97.57669564352433,-95.87252300362856,-96.2294242288389,-97.52853131011129,-97.24286567373099,-98.79515725496614,-99.03886031129221,-97.34965447904166,-97.31989870473524,54,-97.08577840118173,-96.92534675470864,-100.5127686135896,1.7004730786522477,-0.38269674165241396,0.4121524217104038
HDOK,PLOK,17472,49,48,-98,8,10,2,29,-101.23226938555435,-95.90026717605363,-96.35103430614161,-95.612255947787,-97.83135716468122,-94.97490118124585,-94.8868369438593,-95.91967486581171,-95.93987481216061,-95.9412261371708,-97.26428393426681,-95.77360943444944,-96.62065569210617,-97.2416024671894,-97.46363631454678,-96.2660819607065,-97.9431581592532,-99.71918965903687,-98.3418393815508,-98.49625821043726,-96.28051725779305,-98.19058674826769,-97.23812914222836,-97.8153818138205,-97.23779780335627,-97.09543519077877,-96.50370944725768,-96.02943965858992,-96.89989782289084,54,-97.00037613858595,-96.89989782289084,-101.23226938555435,1.8245307796340817,-1.1232200547195799,2.0687808379459045
HDOK,PLOK,17472,49,48,-98,8,10,2,29,-101.6203347868898,-94.78056110319709,-96.05019735353594,-96.94559998112864,-95.64067358794405,-97.79194653116694,-96.04180395899999,-96.53451788639671,-94.4336663722124,-94.63404274720939,-95.66791734014488,-96.7008484458615,-97.4871729985649,-96.4469395753726,-95.3724947265375,-95.07799469929071,-95.70001050693118,-99.05354903965505,-96.2137948424141,-96.4053186743086,-97.03362351860706,-99.62262946605263,-96.80877863887453,-97.10842737125859,-98.03357429421735,-97.62422478786429,-98.28040182450468,-98.85981419402921,-97.3215372623845,54,-96.87215160398466,-96.7008484458615,-101.6203347868898,2.4729027838824744,-0.9463766597506134,1.4621426390348833
HDOK,PLOK,17472,49,48,-98,8,10,2,29,-101.61280636920995,-94.0775247836891,-96.07188680127369,-95.3030261608309,-96.770702050664,-96.70809084438994,-97.61170853511095,-99.20998426942471,-95.81273720519286,-95.73731212082939,-96.46221498289691,-97.1217706860113,-95.84640288276098,-97.5285624050553,-93.86488761524278,-95.35647049541893,-97.613212005174,-97.3766306457597,-99.31163651069278,-96.84769483881091,-98.69446895263955,-97.90012268421007,-96.73944536049538,-98.50011081607413,-97.38670259796729,-99.34263595888748,-97.84272820056212,-97.2515750636543,-97.99098325445952,54,-97.16875983094442,-97.2515750636543,-101.61280636920995,2.5812332281715116,-0.31642771393555774,1.0232446148286605
HDOK,PLOK,17472,49,48,-98,8,10,2,29,-100.71445674215613,-99.07414242161845,-96.02810717924805,-95.08212506947388,-96.95092577163318,-97.17430511453387,-97.65280068330749,-97.996791050795,-97.93048726025688,-98.19062722031555,-96.77917296451523,-97.18720981476694,-97.31446225029146,-96.93695755751438,-97.40283188753786,-96.2124668546163,-97.21976760999769,-97.61607513305255,-97.9084824790142,-95.88351824401508,-96.73701796879453,-97.2193622620004,-97.85406622684947,-98.45619209972654,-95.89217231476933,-97.64239903689068,-96.48817440035258,-96.80950614703721,-97.42070684820204,54,-97.3025969176994,-97.21976760999769,-100.71445674215613,1.1156520165929038,-0.8505588785096252,2.798500524140549
HDOK,PLOK,17472,49,48,-98,8,10,2,29,-102.17925787687622,-94.39728032026908,-95.23140546628807,-95.07120626527494,-98.5796816704202,-96.67845196421685,-96.19224033109052,-96.10215889342281,-96.92261010857831,-95.95978537264757,-96.50161742814491,-96.5573948985428,-95.5083678099075,-96.04506029570213,-95.70719829991039,-96.50044414244431,-96.43205943887389,-98.92347042090695,-96.69866362886796,-96.9986572400756,-96.36071534382215,-98.36807403695084,-96.0112651096238,-97.21210551273796,-96.18996612040529,-99.19816459135708,-97.56729647304383,-99.24415699228516,-94.85647810288799,54,-96.83431841915778,-96.50044414244431,-102.17925787687622,2.522595682325141,-1.4524840215283272,3.06226109052353
HDOK,PLOK,17472,49,48,-98,8,10,2,29,-99.72739342878711,-94.85793201287758,-95.63199769119393,-95.82231929954375,-96.27458011171859,-99.11778066884781,-95.2718285785771,-97.8646687738504,-96.04257659150635,-96.02642450238221,-97.30720931959387,-95.88479185908756,-96.7203647812011,-95.50562521980893,-93.7841470043487,-96.17003414793771,-96.32339300219562,-98.63124887454785,-99.41180670290204,-96.35785085205517,-94.78134462238204,-97.9321290607442,-98.06450246550384,-96.81261946683888,-96.0811800202757,-97.72690664643481,-96.22852940000496,-97.21040331574905,-98.60114216253496,54,-96.76457691667002,-96.32339300219562,-99.72739342878711,2.0638400215394967,-0.3107582474545235,-0.37908595709536375
HDOK,PLOK,17472,49,48,-98,8,10,2,29,-101.92038335533744,-94.76679354495336,-95.36186862428312,-95.85459603837336,-96.07448009430232,-96.72212860991591,-97.86712094646968,-95.86455964319642,-98.3240813445906,-97.35302187327306,-95.45346283781315,-96.8691022522961,-95.4745932437458,-96.17991075935261,-95.87948358903995,-96.39083690493933,-98.16537976934443,-97.38454309725716,-98.13502176374676,-97.38438257784959,-96.24186391754426,-96.90124097161049,-97.89910476968045,-97.42257042296755,-98.81251571754123,-98.40983209667887,-97.32467902252736,-96.11323864087872,-98.04643814322094,54,-97.05507705423209,-96.90124097161049,-101.92038335533744,1.9574364711008623,-1.2859649530791657,3.520818909655937
HDOK,PLOK,17472,49,48,-98,8,10,2,29,-101.8521833784151,-94.49222889377613,-96.4849985647052,-94.71301701003816,-96.59428365366675,-95.21093981215034,-96.43057838907754,-97.0068900202977,-95.85899223626087,-97.28039031646743,-97.44795450836537,-96.76839238313465,-95.64961724084459,-95.62403629760135,-96.95097666395344,-95.10203575472943,-96.17412594469546,-97.26110988799705,-97.97186341411418,-96.22710825354967,-97.90437176386769,-97.6282901655491,-97.86567877029889,-95.3484043341059,-97.41442091394902,-97.25599121534742,-97.93663588083948,-95.467896514044,-96.78086932043456,54,-96.7139407414578,-96.76839238313465,-101.8521833784151,1.9342358013483316,-1.4916856278837978,5.1260506250524145
HDOK,PLOK,17472,49,48,-98,8,10,2,29,-100.8113375906661,-95.26076657095298,-93.57403144833967,-96.17853641031044,-97.99315661881344,-95.56835577012235,-96.82918839772715,-95.83436467669841,-96.04988805267618,-95.4476073220261,-96.88493815611477,-97.1252569727481,-96.78543704063547,-95.5452469571396,-97.55763964036763,-94.3752303410044,-97.97505143691359,-96.45808629200242,-98.00150342073596,-97.74435151815084,-95.9455400472912,-98.4422358699992,-98.01218442128545,-97.34336600130433,-97.08628595550398,-96.6393094004953,-97.90867817623248,-96.13759639462216,-96.26785665819335,54,-96.75113888134737,-96.78543704063547,-100.8113375906661,1.8853180706792052,-0.3686611391348694,1.7597647089259838
HDOK,PLOK,17472,49,48,-98,8,10,2,29,-102.03073320867372,-96.95545447778814,-95.86730838065027,-94.87512795755732,-96.75434015226212,-96.7765451180099,-96.42520892746897,-96.37293169675172,-96.60103387553227,-96.94586582742856,-96.90685496348802,-96.27402913434938,-97.40653585154757,-97.90275461178365,-96.12465193632434,-96.61776343154979,-97.46276328993201,-97.85134417521174,-96.56698653802536,-96.93948637041501,-96.5853755588407,-96.5981084932533,-97.46833964182117,-96.79167964864347,-99.03250721168483,-97.5083799142818,-98.61687945185209,-96.4696008196584,-97.96087019020018,54,-97.12722278810297,-96.79167964864347,-102.03073320867372,1.5171695963130503,-2.1942123627530625,7.914199672713448
HDOK,PLOK,17472,49,48,-98,8,10,2,29,-100.96841401438661,-94.74169882014405,-96.2171428618076,-94.57374706633777,-98.1501604027766,-96.71295493770623,-94.94373722557292,-96.74567337317683,-96.61654390206719,-96.35541024884567,-95.6691208288238,-97.16323992083645,-97.69527933103458,-96.69673310401113,-94.39754371876256,-97.76202483780457,-96.94603398801698,-96.84371706338725,-99.20197968454954,-98.09589317075164,-97.5002715535863,-93.52234799456016,-97.61959991918089,-96.70391242156667,-97.92264419609234,-96.6096271927802,-98.40700612208974,-97.632196095922,-97.65069931297336,54,-96.89880528653627,-96.84371706338725,-100.96841401438661,2.2668141806592272,-0.03992967948545464,1.0851908902219871
HDOK,PLOK,17472,49,48,-98,8,10,2,29,-99.86567828619694,-95.97871282052066,-95.11862957615568,-95.74970606535408,-97.72787699245076,-96.34767593948764,-96.67764460548185,-95.92659375203675,-95.70880452034208,-94.8017820567099,-96.25286607065448,-96.28535098357929,-97.29616347741569,-96.53563856408961,-97.14878179285952,-98.7867382526814,-97.69827133181309,-97.8598592338729,-96.84510205055263,-97.19564930132306,-97.72637423758255,-95.74574949381808,-95.6732592741783,-97.1261789884106,-99.4154566331101,-97.6298829584955,-99.2294194999595,-99.99134330930028,-98.67057143966463,54,-97.13847453476197,-97.1261789884106,-99.99134330930028,1.9036574217634625,-0.49419761123160677,-0.5093439212165216
HDOK,PLOK,17472,49,48,-98,8,10,2,29,-100.1792647539643,-95.92514042594513,-93.12610808811904,-95.46817038896462,-96.6898416337319,-97.2992836257127,-97.14048220996972,-94.5347078913081,-95.91747013311844,-96.35316239605002,-95.18644662364504,-97.13870982054908,-96.43924332432803,-96.28691313506418,-95.53340657185974,-95.43559810985302,-96.60342655438048,-96.94792181442983,-96.38767433784557,-96.69058031050547,-97.06274669270451,-97.0618147801938,-98.450408380308,-97.80637175006271,-97.98141009461641,-97.64717739433864,-97.42806083578677,-98.77321981928847,-97.06191065766191,54,-96.70885077773468,-96.69058031050547,-100.1792647539643,1.7540307417454049,0.0873142634156516,1.7188828539293044
HDOK,PLOK,17472,49,48,-98,8,10,2,29,-101.13541311643783,-95.30129572228061,-96.88360979339356,-94.68077351898116,-97.10379353593166,-97.41697736109634,-95.74339341120026,-96.28941953875606,-96.70024021745584,-94.5755011142428,-97.54101010456174,-95.70713546866068,-95.94717816100778,-96.7813850832139,-95.93213974422028,-95.34872222489305,-98.00855380346596,-94.49923457597048,-97.50087702739883,-97.15467047594835,-99.02290660207345,-99.29259795837378,-98.60576975111069,-98.22857836292748,-98.84136563860386,-96.99707535917538,-97.9555781003663,-99.2800650746805,-97.81346445377989,54,-97.11340432069683,-97.10379353593166,-101.13541311643783,2.4612701203790373,-0.3290860140639451,-0.0002523528525917307
HDOK,PLOK,17472,49,48,-98,8,10,2,29,-100.06318011223917,-93.20083046389351,-96.28029539721427,-94.7762903219674,-96.43748807473678,-97.34673904083266,-99.03321571283328,-96.6569945691901,-97.01620623643542,-96.28605598193512,-96.4686909199973,-97.0176563217792,-95.74864351922612,-95.68176990175358,-95.43821591693673,-98.12001887026017,-97.2381997611312,-97.60959215687117,-98.5488038877464,-97.8408917408301,-97.98357662037036,-94.6222111138548,-97.58729815587864,-97.06292549507609,-97.54745437858828,-97.13151629917908,-95.60108529619987,-97.11747398640728,-99.1473896641166,54,-96.91761068680965,-97.06292549507609,-100.06318011223917,2.033252215764488,0.2789078099514564,0.7069472465552757
HDOK,PLOK,17472,49,48,-98,8,10,2,29,-100.9187867782381,-96.54096169783313,-96.53249337450283,-96.69034179872605,-96.81973379359052,-97.04623273767,-95.68867096855816,-95.6360594948984,-95.49625999191029,-97.67785867285772,-95.94023489008981,-97.00422537998794,-96.77324161070726,-96.81280357739178,-94.05951740890885,-96.96651448421093,-97.94543052160475,-98.15096303257248,-98.39567185095416,-98.2507090033089,-96.04222309412974,-97.46735041481887,-97.17158351667707,-95.56878675624355,-95.13887536281507,-98.39829998816374,-97.8352004633345,-96.8360701619984,-98.33738339982955,54,-96.97043049057008,-96.8360701619984,-100.9187867782381,1.6870850501210712,-0.5376253219311287,1.878039040646032
HDOK,PLOK,17472,49,48,-98,8,10,2,29,-101.09044050959966,-93.35206540767327,-94.71772750302242,-96.71860358164463,-97.42452226318112,-95.33717243227372,-95.33712296737959,-95.8596210118676,-95.41701833231589,-96.84891143235399,-95.76537270937052,-94.3401192195992,-96.43994323594966,-96.02647389663136,-98.9242103752324,-95.2111326965347,-96.78454774526303,-96.7830535954506,-97.59979183329052,-97.02465612404619,-97.48573737124524,-98.17100970039667,-96.79961445807578,-99.01399927826164,-95.98991954239543,-96.67614455907409,-97.3901164908847,-97.30825354347098,-96.94851574084903,54,-96.64778681232185,-96.7830535954506,-101.09044050959966,2.260852789206374,-0.5637587359345763,1.729868993387782
HDOK,PLOK,17472,50,49,-98,8,10,2,29,-104.69185522057627,-95.7843088630956,-96.04612835994745,-94.72790142789009,-97.67941642652148,-99.41987959198228,-98.57237251941243,-95.6848953317896,-97.58033892776054,-98.29154663069033,-96.91808187214765,-97.27155758784825,-99.48140047655906,-95.37380728402043,-96.89037360868925,-96.48341354001313,-97.63987536455406,-97.79836618443211,-97.75736543578066,-99.3329795268941,-96.37247291205975,-98.90701632137176,-98.70480058494847,-98.1837324098325,-99.5537289175616,-97.51779531068598,-98.9561831545993,-96.33754402974097,-99.05700240661056,54,-97.8281427664833,-97.67941642652148,-104.69185522057627,3.4206585756272236,-1.5357266211008593,5.271730389146773
HDOK,PLOK,17472,50,49,-98,8,10,2,29,-101.49591951624413,-96.8090079890348,-94.35464493513766,-95.57938082619046,-96.21965089551526,-94.6623572579931,-96.95172973651246,-95.16029584770675,-98.41479386314623,-96.18863462629434,-96.12720109563011,-97.50620703160166,-98.29116411430111,-96.55873713989237,-97.48375298309004,-97.71276084211334,-98.15469398788572,-97.72884932317969,-99.13066701991046,-97.73911691299513,-96.89881271710546,-97.3964730024527,-96.29739211373978,-95.1787082600291,-98.12522156455128,-98.0013546808748,-99.18002074055367,-99.37954151827783,-96.92108577461114,54,-97.2292474591921,-97.3964730024527,-101.49591951624413,2.3138790756569234,-0.4111013562518486,0.8521478256447987
HDOK,PLOK,17472,50,49,-98,8,10,2,29,-102.28873365873844,-94.49737228224274,-97.473490298902,-97.22913163821923,-97.9289444272731,-97.62816400154925,-95.91284511781008,-97.5596325228422,-98.60860868311083,-97.33136994262163,-97.21415735518278,-96.70387329136281,-96.71732347483912,-96.93018969975358,-97.43481136942064,-98.01325845481682,-98.39000345679224,-98.60327491575364,-96.49413283860498,-97.60349414388531,-95.62307604688742,-97.21409720764052,-98.77567334925736,-98.40111593421749,-96.27988755284156,-98.8078795603406,-98.06253535567551,-99.85592509396247,-98.99944062943011,54,-97.67525663117155,-97.5596325228422,-102.28873365873844,1.9800743307224309,-0.823012512066473,3.1870263941477455
HDOK,PLOK,17472,50,49,-98,8,10,2,29,-101.147371419659,-96.2741084093267,-97.03249780302298,-94.40472449379,-99.15292799735737,-98.69250886880953,-96.87458252513332,-96.8909005453911,-97.29602661031655,-97.14754542041615,-98.01298055887453,-97.31421225915896,-97.45623489437536,-96.05510211736171,-98.60100953235693,-95.82293368001906,-97.72259441858414,-97.24614915160744,-97.10057968419171,-96.08796946739439,-96.73709573023297,-98.12750552150493,-97.22223908680282,-97.35219535390706,-98.42372761888528,-97.23673528514499,-98.80657247733073,-98.39413743245632,-98.11841091461291,54,-97.4741923888974,-97.29602661031655,-101.147371419659,1.4908337683756436,-0.4105528978004032,2.3222857681194307
HDOK,PLOK,17472,50,49,-98,8,10,2,29,-103.89863356693706,-96.51999957563872,-97.49754635122422,-94.80988285681048,-97.78671582568869,-97.69721031079746,-97.44113375509907,-97.81025250109357,-97.72166433262684,-96.9490919069294,-96.2683395369543,-97.53927110306284,-99.04337921403953,-98.3966135966877,-96.54566811044329,-96.88062110249285,-97.49162161839403,-100.575243776857,-98.8978837949744,-97.4024334203175,-97.45970483339913,-97.76373238160217,-95.88520975804529,-98.57078210537728,-95.30181810799115,-97.3174062949787,-98.89614368639741,-98.277473914823,-98.82784192010305,54,-97.7749420434409,-97.53927110306284,-103.89863356693706,2.687863150335125,-1.66618081830369,5.866874633062995
HDOK,PLOK,17472,50,49,-98,8,10,2,29,-102.63311958171528,-95.18403274778808,-96.59404520935756,-95.39606769598201,-96.94006727516637,-97.18826161885445,-97.78838280052433,-98.8640373620467,-95.88405689946819,-98.903639491396,-97.81634410358015,-95.6707564308457,-97.06129092007176,-96.22637017447524,-96.48096683204375,-98.09461775802116,-97.72172608657914,-97.21936787811273,-97.0625302106451,-96.77417371899749,-98.08929602152404,-96.92399078250912,-99.05107512424499,-99.1808824404194,-96.94883721316516,-96.85977695649571,-97.15525303124065,-99.06913532899655,-99.130520364497,54,-97.51422834685391,-97.15525303124065,-102.63311958171528,2.1811192334516507,-1.3289932206576252,3.532851347413095
HDOK,PLOK,17472,50,49,-98,8,10,2,29,-103.68986082750291,-98.09756052830042,-96.16619463160445,-96.68477600652307,-98.12710626145949,-98.51167942758381,-97.53949501911673,-95.79522281141341,-97.81973460827577,-97.42058269751448,-98.61626963106839,-96.73381407353206,-95.88954527172896,-97.72784812746592,-96.7087527645688,-97.47396502802218,-97.2836072096826,-95.72595684763107,-96.94714472271698,-96.24844068004484,-98.00025812500775,-98.15719756260226,-97.4668191903782,-96.1519214588664,-99.2607009497319,-98.85632796040692,-97.91464276791325,-98.08606707204517,-96.85265375529902,54,-97.58462572475888,-97.47396502802218,-103.68986082750291,2.202989261406138,-2.3267839182046157,8.945245715781521
HDOK,PLOK,17472,50,49,-98,8,10,2,29,-100.59658967874925,-94.76868259002046,-95.04758348046683,-95.33837602480371,-96.05708181383972,-97.34434694207286,-98.45775595193503,-98.24806902329648,-95.83717001373884,-97.28184322562436,-97.45353494854312,-96.6521363090084,-97.00754615880099,-95.82943479346693,-96.62941478784066,-97.0494313405273,-99.05548321288987,-95.72960710139897,-97.23771978686197,-95.71614594519441,-97.80785233252561,-99.36475624284556,-97.74441713042613,-97.40274198666894,-96.47040358191921,-98.68498470370035,-98.89796284947091,-98.88625732115497,-99.62518660694376,54,-97.31801778912879,-97.28184322562436,-100.59658967874925,2.109973766653356,-0.23985980106154522,-0.5778328167236859
HDOK,PLOK,17472,50,49,-98,8,10,2,29,-102.54345652997856,-97.21556875178635,-98.0023321790694,-96.86316257027535,-98.27222113428712,-96.74081880747849,-97.10315643587056,-98.10440537416177,-98.68104109242996,-97.65430076059336,-97.22934191346316,-95.8386559732939,-99.3118890059455,-98.03017651472415,-97.15983649700975,-96.88966392276119,-96.97537473094503,-98.70793286468017,-97.68269955394044,-97.0113764834231,-97.03506896760145,-98.0248694138623,-97.67826210721812,-97.96987351549349,-97.2729016681685,-96.9617239603906,-99.43511339958339,-98.81599848781181,-98.31921498387402,54,-97.84587715862486,-97.67826210721812,-102.54345652997856,1.4463889949859712,-2.0510344151522966,6.955066729111705
HDOK,PLOK,17472,50,49,-98,8,10,2,29,-100.07080943202871,-94.5994258284013,-96.37715461328352,-95.42609416741786,-96.8424231189615,-97.83948554175332,-97.94833161720881,-96.54898462794866,-97.09217152948021,-98.73645623982856,-97.74706829574534,-97.31459667288948,-97.8808874808106,-97.20232041351782,-98.15836917307645,-96.74206292615747,-99.83326890424703,-98.59287577715897,-98.91431027301816,-98.6026624887457,-97.85974679934871,-96.88947060614613,-99.41094276880511,-96.29983128973461,-96.48231346527577,-99.05162125838307,-96.90374477534098,-98.43481881991104,-99.03679298517993,54,-97.68410489275186,-97.83948554175332,-100.07080943202871,1.6127538150938576,0.22929682669603782,-0.11526980135739562
HDOK,PLOK,17472,50,49,-98,8,10,2,29,-104.35541869268417,-97.32430037574322,-97.0768558203891,-96.09836199434497,-98.60243622561397,-98.19627847901218,-97.10073166216446,-95.46594969846392,-98.41048049790666,-96.16800198054166,-97.44348311103595,-97.96765340731085,-98.30173857300197,-98.44583290681149,-99.03115284584075,-96.23079718376859,-98.80073503518517,-96.98545622313438,-97.70574598226575,-97.68521041356847,-96.82096863258217,-99.21629952821915,-97.75518179017463,-96.70692526897298,-98.50217454756505,-97.01338913327574,-97.95630227796615,-97.30052421540347,-99.70481606261752,54,-97.87493801950224,-97.70574598226575,-104.35541869268417,2.4790943174417763,-2.3270109638132097,9.043395659093788
HDOK,PLOK,17472,50,49,-98,8,10,2,29,-102.76647462875937,-97.00776214964931,-95.86084476272597,-95.38508307684623,-96.69005724611807,-96.52840677826217,-96.28652719751628,-96.036577749398,-96.64837580809862,-96.92936443733801,-96.32804306350735,-97.19982568065876,-98.32522871429754,-98.62708281901537,-97.58998192147527,-96.09739116310487,-97.45068069394583,-98.90474987597582,-98.97005620738088,-98.676573860602,-96.62583091437705,-95.74076021776575,-97.68441129773065,-96.09577026983894,-97.14237578687491,-97.79981287399447,-98.70428378676051,-97.88600696164046,-98.45018640384622,54,-97.39443194301738,-97.14237578687491,-102.76647462875937,2.0888253717554393,-1.7247655459361115,5.131932692985181
HDOK,PLOK,17472,50,49,-98,8,10,2,29,-102.34667233801237,-94.3561454478652,-96.82813783025316,-95.91781519109598,-97.72775850488738,-97.15438762653739,-96.10545219631322,-95.90636559377785,-97.05889759786695,-95.99715054650959,-95.8874244954937,-96.59809245396245,-97.68789313526274,-96.17280489766456,-98.01812101135815,-99.23627831649902,-97.68194023407673,-96.56140024181788,-98.69301981195545,-97.56304518938536,-98.62786248894132,-99.13573450042806,-97.56203189722683,-96.25385770815669,-98.58779720118935,-97.56635574198368,-97.97415903414355,-97.5883419577378,-97.56446637610536,54,-97.39170377815546,-97.56304518938536,-102.34667233801237,2.0986719387401043,-1.1050536753294986,3.602384029260468
HDOK,PLOK,17472,50,49,-98,8,10,2,29,-102.64403797240371,-96.90112345771038,-95.96754701370993,-94.84803699076454,-97.91299861377907,-96.73098373615744,-97.87897904674826,-97.21859076082966,-97.64374126933357,-96.28933752415801,-96.15502589604904,-97.1177168935982,-98.99460709286414,-97.58198316121677,-97.38017007412344,-98.34419806340473,-99.00878818795859,-97.18644893709788,-97.21781272865027,-98.10736387492051,-98.43018997164293,-97.46724647701977,-97.97753851734645,-98.56773702960156,-98.96682885012451,-96.54640844409762,-97.89340292833836,-97.73083374307424,-96.57482473587285,54,-97.63050006871022,-97.58198316121677,-102.64403797240371,1.8028857049406566,-1.4996364320212763,5.8259052410258985
HDOK,PLOK,17472,50,49,-98,8,10,2,29,-103.93402675880955,-95.01061790764854,-96.04442256453711,-96.53172047214929,-99.09834751989261,-97.34052424336019,-99.7517051067921,-97.12104187395295,-96.68060221604624,-96.00087804175436,-96.31309068809442,-95.73330536514383,-99.5930865542447,-96.65704366543704,-96.84691126598173,-96.78144202737387,-96.16116653718589,-97.08455445576497,-97.60647789299983,-97.80761216281547,-98.05756662990424,-96.8511322567809,-98.11523042189127,-98.34371854758227,-99.01861146912064,-99.2195297696213,-97.55067440373995,-97.87225228970209,-98.44782730727249,54,-97.64052139364136,-97.34052424336019,-103.93402675880955,2.8120778400506965,-1.7943829639874733,5.550070274003682
HDOK,PLOK,17472,50,49,-98,8,10,2,29,-103.69408952882566,-94.56367063695684,-96.93105408381687,-97.2311151042667,-98.32536074449311,-97.94706978307097,-96.99702088153927,-97.85276211006826,-97.9023708274251,-95.74588165165851,-95.76361062557675,-96.57591533426198,-97.9404587043713,-98.81643228554742,-98.49162369167395,-98.78697033099849,-99.27219657325433,-98.44041967139806,-96.08398641864419,-98.24291597918081,-98.44496139183602,-97.55249111141221,-97.45934138073015,-97.1560634025964,-96.67019243291826,-97.1589713383313,-96.47171664520363,-99.3743605770742,-98.47310495310221,54,-97.73676304138736,-97.85276211006826,-103.69408952882566,2.503869695477495,-1.5195496824565973,6.011976417813601
HDOK,PLOK,17472,50,49,-98,8,10,2,29,-101.11719563264447,-97.20452715459686,-96.0288104039706,-94.5642234986102,-99.11539926566597,-96.08571119762917,-95.97601520220535,-96.83584035891427,-98.68824891418964,-96.02802164897159,-96.01994910569297,-96.39114340329063,-95.70065644149489,-95.67932166823056,-96.79289260998819,-96.79510675253417,-98.26815530666224,-99.27878283217736,-98.97905741790645,-97.87029038996012,-98.14372736122355,-97.93382315314,-96.07581723917312,-96.4647169641027,-97.29157067420688,-96.99551093727494,-98.24559496520726,-100.31810384095323,-99.1101696773978,54,-97.37925462131085,-96.99551093727494,-101.11719563264447,2.297347414517663,-0.5687834910757013,-0.12329233853746224
HDOK,PLOK,17472,50,49,-98,8,10,2,29,-102.90134371549546,-95.16976758351268,-95.2217251076874,-96.14414895763345,-97.32379007105835,-96.89642182862057,-98.3372049978559,-98.50793600736917,-97.5575653801429,-97.01048341316148,-95.75354855159017,-98.68971836769073,-95.82433859253466,-97.03091622824945,-98.05490767981938,-97.09923919153867,-98.78914178428867,-96.66520271117518,-97.06208671999963,-99.07828972102799,-96.26640998619392,-98.44607195438176,-98.89649287884974,-99.92945236543137,-97.7877704492616,-98.06944491678982,-97.79117699809264,-98.78061701105827,-98.58269740235471,54,-97.71268657147813,-97.7877704492616,-102.90134371549546,2.388050239193355,-1.0267030078889514,3.016891208502518
HDOK,PLOK,17472,50,49,-98,8,10,2,29,-102.46201360889117,-96.53539466973803,-96.66011921909526,-95.49773007557738,-98.82015626789347,-98.40636023493268,-96.41408478947011,-98.10133044501809,-96.33810861499511,-96.11427023620183,-96.57412372745827,-97.43983134558152,-96.75087899237276,-97.50702495163866,-96.90699856847274,-97.91162353878585,-98.36498147874268,-97.79579847743794,-97.81170672999849,-98.34836133403174,-95.50831856485775,-98.61103020770263,-98.47652603813164,-97.37058436223279,-100.13061053917063,-97.82013641605204,-95.82347611075623,-98.03759725091874,-98.70800001369282,54,-97.62921299344306,-97.79579847743794,-102.46201360889117,2.0174684601862807,-1.2378719407909775,3.3061836413880497
HDOK,PLOK,17472,50,49,-98,8,10,2,29,-102.49705062926242,-94.09844031872011,-95.57374289233793,-94.79646485766088,-99.52096400110334,-99.06883957876093,-98.3074535120391,-95.95293963952032,-96.69884434464863,-96.38346439332972,-96.74256288205024,-96.95455516393433,-97.90065969107074,-96.83747378583989,-98.77582242757128,-96.49698939367401,-96.12042858966802,-98.20634015643378,-97.3400021049005,-97.11734751464247,-97.68702378093434,-97.15897395411238,-96.77428205103094,-98.32387875252289,-96.27054175807666,-98.80358024764232,-98.5365170493785,-99.64290163248042,-97.82355182866607,54,-97.46247023903494,-97.15897395411238,-102.49705062926242,2.621260920316693,-0.7160894636364215,2.076523545804474
